Voltage_measured,Current_measured,Temperature_measured,Time
3.86571283001676,0.00101358439495919,23.7357212203965,0
3.44765114738652,-4.03444494455654,23.7439558137236,2.484
4.00555867593311,1.51743492342043,23.7737226737734,5.109
4.01598905457302,1.51455751174629,23.7770774175509,7.562
4.02323015391635,1.51728398232191,23.7927103805171,10.062
4.02858417598972,1.51373011238404,23.8017125284957,12.578
4.03312246874477,1.51466475931934,23.8179456529288,15.062
4.03727921394824,1.51469371210521,23.8231496479726,17.515
4.04115742723615,1.51486105269366,23.8373317176776,19.969
4.0448306369327,1.51429544388375,23.853688192031,22.484
4.04803612341185,1.51364258587631,23.857476129456,25
4.05103237584095,1.51528032443921,23.8713355820156,27.453
4.05367767192192,1.51471057284649,23.8840727364027,29.906
4.05666242476719,1.51839371514102,23.8959896523539,32.359
4.05917679943824,1.51646591362582,23.8975910788969,34.875
4.06182441275984,1.51591496073476,23.9114877453031,37.328
4.06402122359643,1.51727515301026,23.9253292109501,39.781
4.06645251022302,1.5142231050565,23.937739442698,42.234
4.06880261925324,1.51688443332057,23.942234518262,44.75
4.0712243305811,1.51530000959925,23.9503856081069,47.187
4.07326693432024,1.51559171966573,23.9626508759369,49.656
4.07540928109842,1.51424016091173,23.9805802170674,52.156
4.07729704337711,1.51773778586796,23.9923598538817,54.609
4.07920913675733,1.51673866137919,24.0047682160415,57.078
4.08116165720774,1.51310582125305,24.0071429423164,59.531
4.08299970661497,1.51350924432815,24.0178904451276,62.031
4.0848758987666,1.51358987247543,24.02830047205,64.547
4.08668855042497,1.51726818724582,24.037117153704,66.984
4.08813593888829,1.51404753209997,24.0449862124828,69.437
4.08979754022165,1.51335883641634,24.0553703837172,71.953
4.09136262909959,1.51619356045286,24.065613539872,74.406
4.0929585469048,1.51478745427639,24.0830221861841,76.859
4.09433233100157,1.51487103523262,24.0827689782907,79.328
4.09555759274255,1.51044875646428,24.0994452912222,81.797
4.09692581817867,1.51789867019468,24.1069025637465,84.25
4.0982800601619,1.51766087359893,24.1105402687076,86.703
4.09953413791299,1.51579856164509,24.1267006085561,89.156
4.10056625829931,1.51645187659632,24.1334969852642,91.625
4.10175593734902,1.51507277718644,24.1395934087323,94.14
4.10303480668487,1.51162334781456,24.1545739508596,96.594
4.1040683635652,1.51551494885056,24.1567703687283,99.047
4.10532934171291,1.5155710767527,24.1661380172486,101.5
4.10617502443584,1.5157658449406,24.1772066837876,103.969
4.1072197330701,1.51582565077471,24.1916128590665,106.422
4.1081819708849,1.51551155744816,24.207388411581,108.875
4.10894322119935,1.51736782783331,24.216741648189,111.328
4.10976167120682,1.51468374649841,24.2212561522264,113.844
4.11085380233769,1.5135248643414,24.2335635972541,116.281
4.11176491888902,1.51660156392327,24.2374837872894,118.75
4.11245181007678,1.51704539101115,24.2496133830997,121.203
4.1134076259523,1.51514755586942,24.2612282231592,123.672
4.11404297916849,1.51763890136784,24.2709229522667,126.172
4.11487761585129,1.51513253660775,24.284559568005,128.625
4.11578375694588,1.51755538211778,24.2949097264867,131.125
4.11655800299908,1.51607725947651,24.2941306078731,133.594
4.11693478638658,1.51707162603374,24.3016780561599,136.094
4.11806035679865,1.51670990155605,24.3110669633868,138.547
4.11869617088936,1.51745811167784,24.3239638780264,141.015
4.11925163877012,1.5148287429999,24.3295799845502,143.469
4.1200071420565,1.51351572289179,24.3406760471657,145.937
4.12055108594713,1.51343664895783,24.3436908456076,148.437
4.12126876747103,1.51456229955087,24.3556108560516,150.89
4.12207580246623,1.51805381222693,24.3662463381586,153.359
4.12260728968325,1.51633407746337,24.3683247837526,155.812
4.12330535342448,1.51609599432005,24.3787122942347,158.281
4.12393798925339,1.5153086188032,24.3876357267546,160.797
4.12434743295569,1.51509051305665,24.3985748484227,163.265
4.12507866447552,1.51671916394972,24.4192863920748,165.719
4.12550391038759,1.51590448520658,24.4251243513461,168.172
4.12589033502209,1.51318797691618,24.4345602116331,170.64
4.12656492197792,1.51525722375292,24.4471272837711,173.109
4.12746608927686,1.51711184326614,24.4556109686251,175.594
4.12771728184342,1.51551083058308,24.4661212425845,178.094
4.12850616695234,1.51637694731133,24.4666920081211,180.547
4.12886528602203,1.51453279291315,24.4787508554905,183.015
4.12924177803273,1.51627044911667,24.486095861552,185.453
4.13000252703766,1.51584258581313,24.5053674420077,187.922
4.1300261676988,1.51899011502132,24.5103402097684,190.437
4.13080390765005,1.51390113173927,24.5205495289774,192.89
4.13098666242266,1.51702088220976,24.5298860108953,195.344
4.13178750275934,1.51311424700002,24.5400211421527,197.797
4.13225755609164,1.51557607799158,24.5364003419906,200.265
4.13266827407517,1.51279502949646,24.5468826643782,202.781
4.13321342679292,1.51659455333049,24.5606424089789,205.234
4.13361208312622,1.51735169999791,24.5695703784158,207.687
4.13393919301567,1.51797977231281,24.5765718122585,210.14
4.13460079589555,1.51824668623825,24.588729553407,212.609
4.13526748589765,1.51534622867348,24.5956122358994,215.125
4.13543588068085,1.51621698954769,24.6061473011083,217.578
4.13598271691621,1.51704068523502,24.6088747149647,220.062
4.13642983406554,1.51246521038565,24.621862495049,222.531
4.13683519253793,1.51450707925838,24.632837903686,224.984
4.13736770478197,1.51552119321256,24.6469701283961,227.453
4.13758587768784,1.5143809122174,24.6482101756354,229.937
4.13837032055741,1.51595958387705,24.656465410144,232.437
4.13852315362482,1.51571650467164,24.669363262849,234.89
4.13901320626232,1.51933509289799,24.6705871155261,237.359
4.13941088178328,1.51648151371028,24.6783545319179,239.812
4.14037100119809,1.51687327294147,24.6883049674309,242.281
4.14049603270845,1.51787036669145,24.7014505567505,244.797
4.14092222022287,1.51296504134994,24.7132338165161,247.25
4.14101033868422,1.51413120179276,24.7182928873965,249.703
4.14163529808663,1.51163712593607,24.7284966746501,252.156
4.14206963304218,1.51532249439812,24.7270569507965,254.656
4.14269083812688,1.51796921809052,24.7467789924907,257.172
4.14283667795861,1.51746300366921,24.7536923086347,259.609
4.14330467805434,1.51333414797872,24.7636111092847,262.078
4.1434714028604,1.51342040212182,24.7714687499797,264.531
4.14402884663222,1.51565315350425,24.7792689848693,267
4.14425726155581,1.51663936736806,24.7795036204891,269.515
4.14520520724574,1.51524117270141,24.7887622804713,271.969
4.14550372360332,1.51505507838295,24.7957447910422,274.422
4.14583514732698,1.51456000312076,24.8065112608268,276.875
4.14601588573152,1.51921337529824,24.8074568654944,279.344
4.14647540189503,1.51434446095393,24.8265926849051,281.859
4.14711875817198,1.51502066907789,24.8322072937333,284.312
4.14745296571152,1.51492814351686,24.8310719595508,286.765
4.14795378427872,1.51643803957501,24.8492754959359,289.265
4.14804457425241,1.51511034055286,24.8543448035594,291.844
4.14836447710747,1.51687232767612,24.8643102564832,294.297
4.14921584705231,1.51284522487194,24.8743925640563,296.75
4.14937491350476,1.51610575036919,24.879820645386,299.219
4.14986700920701,1.51590348802627,24.8887213878705,301.687
4.15018119971384,1.51731953524155,24.895726357243,304.187
4.15047647758127,1.5156068514875,24.9004721833776,306.64
4.15108044186086,1.51649340678645,24.9112780027213,309.109
4.15136576147333,1.51600894028616,24.9191836919262,311.562
4.15183239689251,1.51585578994145,24.9231778896271,314.031
4.15242100609115,1.51587855228669,24.9277638084404,316.484
4.15266454884506,1.51777581043901,24.9344551284188,319
4.15312064612272,1.51644260634797,24.9434347012378,321.515
4.15342311969537,1.51736202159527,24.9631917479881,323.969
4.15395686980891,1.51322925094547,24.9669822469617,326.422
4.15415733280194,1.51581705062449,24.9817865573341,328.89
4.15483944300793,1.51330184110525,24.9895213247769,331.375
4.15500773668772,1.51399344644536,24.9936137366087,333.875
4.15527830985837,1.51417350077714,25.0004659162536,336.328
4.15578039764816,1.51420297836455,24.9975932423717,338.797
4.15617827048128,1.51478528080891,25.0052969841616,341.25
4.15671836658986,1.51658528706733,25.0120835550848,343.719
4.15698866625867,1.51543540089556,25.0178716366232,346.234
4.15736127695712,1.51630544979463,25.0333056227775,348.672
4.15789300147722,1.51556960334974,25.0454724039307,351.14
4.15793096360402,1.51687194233542,25.0364462424554,353.594
4.15839399085647,1.52064143126809,25.0482728808627,356.094
4.15878284020758,1.51844878114297,25.0691941144017,358.609
4.15937452761648,1.51711494453385,25.0698349316136,361.062
4.15978486738419,1.51705617283238,25.0852640799478,363.515
4.16034383476764,1.51687446246136,25.0982908073336,365.969
4.16056642625743,1.51658857378028,25.1081156611497,368.437
4.1608967318771,1.51536346790018,25.1137821148081,370.953
4.16154541978094,1.51313863065838,25.1213119662885,373.406
4.16183920312906,1.51412183430854,25.1258317630867,375.875
4.16223035120244,1.51453585975285,25.1279272550725,378.328
4.16258230896774,1.51767420427546,25.137593219332,380.875
4.1629976552358,1.5157300851316,25.1424816398617,383.359
4.16326212718795,1.51423632962924,25.1406097692344,385.828
4.16370167846514,1.5165082590601,25.1558007204864,388.297
4.16422021863143,1.51590643971943,25.170636352582,390.75
4.16466866779941,1.51710138473087,25.1769004536962,393.219
4.16489155163673,1.51923837123146,25.1730922539977,395.734
4.16591949350199,1.51973621446409,25.1802245044314,398.187
4.16549229903687,1.51349490072251,25.1940191484064,400.656
4.16622280858069,1.5136207822507,25.2190339941336,403.109
4.16616574275957,1.51413313766282,25.2145753258838,405.578
4.16661032407576,1.51425888259757,25.2230480246874,408.078
4.16731005757103,1.51382192801853,25.234720091266,410.531
4.1678543369242,1.51363868000312,25.2443970739793,413
4.16795430135775,1.51149027891468,25.2494831020089,415.453
4.16838830186791,1.51227045325293,25.2578469749085,417.922
4.16885453803533,1.51590032009505,25.2676915176002,420.469
4.16914262666521,1.51425798964658,25.2650857311399,422.984
4.1697980709613,1.51818799104482,25.2709087113118,425.437
4.17005580283144,1.51372307800927,25.2781177462065,427.906
4.17023953621623,1.51683634329505,25.2812537982733,430.359
4.17047871116795,1.51689030357904,25.2880155732191,432.828
4.17132027134673,1.51541393352216,25.3031719275423,435.328
4.17145900237139,1.51748338958343,25.3186999323824,437.781
4.17215113709196,1.51524118611388,25.3262916907378,440.25
4.17259058626879,1.51526473988417,25.3352418503675,442.703
4.17289583248052,1.51502273379055,25.3453741053775,445.172
4.17309823533845,1.5133971279264,25.354091961337,447.687
4.17327367080814,1.51422788516583,25.3587382641687,450.125
4.17401678384453,1.51799787945073,25.3617144312853,452.594
4.17405187843035,1.51144418916581,25.3804622263546,455.172
4.17481376855566,1.51847270130738,25.3846213053632,457.625
4.17523295578398,1.51691991882076,25.395085473546,460.078
4.17535803498552,1.51877504517762,25.401579662972,462.547
4.17587817632247,1.5153189737921,25.4048775633998,465.031
4.1763308719977,1.51422590756614,25.4138622245211,467.531
4.17649995634551,1.51538586249129,25.4192891723776,469.984
4.17723790527663,1.51174245532613,25.4313680444177,472.453
4.17734565328131,1.51615426583452,25.4211412880912,474.906
4.1780451511194,1.51783777789235,25.4313011372611,477.375
4.17809291010028,1.51302900627961,25.4497227788043,479.89
4.17866747950748,1.51586724769364,25.4532893314526,482.344
4.17911733013733,1.51594315922047,25.4611859738672,484.797
4.17924034439588,1.5162263423446,25.461183627659,487.25
4.17976293389741,1.51355938473543,25.4793951129244,489.75
4.18004488733234,1.51343990983145,25.4918883163535,492.625
4.18051937367582,1.51619986563395,25.495453324736,495.234
4.18078321836991,1.51326384415705,25.5015320241128,497.797
4.18135473824807,1.51288623733253,25.5093627717011,500.375
4.18185567901319,1.51687449276214,25.5232838202448,502.922
4.18211324410248,1.51351915334707,25.5274949880826,505.469
4.18259108202816,1.51505545934471,25.5398203915606,508.031
4.1831379618457,1.51529496049383,25.5487816690753,510.578
4.18319131554835,1.51600089993367,25.5596895547381,513.14
4.183826247213,1.51604158711804,25.5678358880863,515.687
4.18427836402455,1.51494237123679,25.5820745405171,518.25
4.18458216263368,1.51160796373913,25.5941073029424,521.156
4.18497601608963,1.51478547574307,25.595924512937,523.922
4.18551341639844,1.51423421989206,25.6117048299026,526.594
4.18583626491582,1.51675922757305,25.6214777995311,529.312
4.18604691780779,1.51368663343281,25.6351910638023,532.015
4.18678128356777,1.5154255904449,25.6427731512397,534.687
4.18739001825424,1.51719851915201,25.654482267635,537.406
4.18764473787566,1.5174823521591,25.6624534168745,540.109
4.18806059634256,1.51681963731243,25.6724676214762,542.828
4.18837138548054,1.51485473011251,25.67833957863,545.5
4.18894610021365,1.51672676625983,25.6768527054968,548.25
4.18914079572729,1.51525365912546,25.6915292503615,550.922
4.18966626080619,1.51394533764565,25.6997291911084,553.656
4.18989084652909,1.51478547326709,25.7157589122896,556.328
4.19055461647624,1.51790951074618,25.7319293513147,559.047
4.19086210997563,1.51797329571645,25.7372166719548,561.719
4.19141273350777,1.51690927812466,25.7548284755474,564.469
4.19214004972959,1.5167896502632,25.7667863271831,567.172
4.1921413260133,1.51564143116142,25.7799539512827,569.89
4.19247792675669,1.51663557549278,25.7831128091273,572.562
4.19296112858526,1.51595679329877,25.7920882015158,575.297
4.19334742877637,1.516951451935,25.7964528291862,577.969
4.19352159752602,1.51663716624452,25.8079777688009,580.687
4.19416523234607,1.51551418493446,25.8207122428054,583.39
4.19469637009981,1.51537833704613,25.8298785135016,586.14
4.19519193633527,1.51282887127482,25.8374292434015,588.812
4.19554918880337,1.51482409525258,25.8472942464551,591.531
4.19612133246708,1.51630161743133,25.8649869470355,594.203
4.19618766714922,1.51582612713702,25.8742820022172,596.922
4.1969741985131,1.51531686764062,25.8891846266614,599.594
4.19704892778055,1.51633700225912,25.8969003120544,602.328
4.19753642155962,1.51463658156155,25.9165332105122,605.015
4.1978020040281,1.51667591925426,25.9274509401889,607.703
4.19868765144641,1.51638857940775,25.9369742341591,610.437
4.19907544245819,1.51444024324225,25.938556847034,613.109
4.19925948259083,1.51585914366625,25.9559140200084,615.828
4.19971216675653,1.51662095907469,25.9666236532064,618.5
4.20010455447194,1.51786713096547,25.9818845191364,621.219
4.19736718444349,1.48067210405746,25.9905169537964,624.25
4.19740135151375,1.47880927318938,26.0103539653874,627.094
4.19780535247148,1.47771707327183,26.0163776047355,629.906
4.19814358927173,1.47645295376787,26.0359352646254,632.734
4.1983358759621,1.48039381943015,26.0462716392735,635.609
4.19863071872794,1.47714582855974,26.0600012616233,638.437
4.19907210710794,1.47700258942649,26.0682865380134,641.281
4.1992123701183,1.47430219155941,26.0781751845087,644.125
4.19959614158394,1.47737539946296,26.0939045504528,646.984
4.19870209222552,1.46050341980485,26.0980214955137,649.828
4.19890896475236,1.46467340265321,26.1075959065482,652.672
4.19961233111802,1.46193398231969,26.1190636374874,655.515
4.1992428255949,1.45367959017446,26.1339394487785,658.39
4.19931162467496,1.45279472339333,26.1424265523161,661.265
4.19954741266746,1.45289384379698,26.1563775776066,664.109
4.19980518799514,1.448506576417,26.1661192072159,666.953
4.19912907939076,1.44143399487377,26.1887090102832,669.797
4.19932472517535,1.44108387920888,26.1876985558036,672.64
4.19973859370864,1.44011088417783,26.1995991238271,675.5
4.19923217595239,1.42978082898064,26.2042121862699,678.359
4.19925859477523,1.42986625505189,26.2115501481228,681.547
4.19970447168815,1.4300478441341,26.2217957514058,684.531
4.19889144552766,1.42014222165343,26.2402436971303,687.437
4.19932318922662,1.41676942580627,26.2498891391113,690.375
4.19963563619945,1.41736114953437,26.2592948395239,693.359
4.19969759788485,1.41827470229933,26.2744155481713,696.281
4.20022816121692,1.41482837572647,26.2828089086996,699.265
4.20054255379973,1.41522785982929,26.3030480319473,702.234
4.20082870442191,1.41546588263469,26.3141183070562,705.172
4.20030242647267,1.40517280265084,26.3237220830549,708.078
4.1995990019932,1.39409385889806,26.3283889619591,711.094
4.19959965442846,1.39216990603766,26.3433496869457,714.062
4.20023897211252,1.39124792150873,26.3485894810821,716.969
4.20008408213534,1.39267689762092,26.3557076420612,719.875
4.20035885308918,1.39472447290044,26.3615392673842,722.89
4.2009654903402,1.39036183421641,26.3643795608456,725.859
4.20037875715663,1.37966618069709,26.3771555791915,728.765
4.19948552652518,1.37244273541234,26.3933138674892,731.672
4.19997978595414,1.3692363180018,26.4033300713337,734.687
4.20020205342902,1.36582903004371,26.410297280363,737.656
4.20040723332096,1.37092691505458,26.4229837242779,740.562
4.20052705512574,1.36848721810548,26.4299091157716,743.469
4.20122471419641,1.3677447329957,26.4344058957788,746.453
4.20061686397858,1.3561748977464,26.4501128084484,749.437
4.1995753931358,1.34998258783155,26.4524854737778,752.344
4.19997271012271,1.3447875527918,26.4650447224503,755.281
4.2001416982801,1.34709165117038,26.4750512958619,758.281
4.2007085905531,1.34597866382529,26.483288620905,761.265
4.19988455650783,1.33550894968417,26.4904594453991,764.172
4.20029127139156,1.3354002370967,26.499458209352,767.109
4.20042753697834,1.33515680952278,26.5013910211783,770.094
4.20077964646093,1.33381542372837,26.5070982654577,773.078
4.20012825902736,1.32103474459978,26.5170275614141,776.015
4.19956515951686,1.31185080636063,26.5167647378448,778.937
4.19979064370534,1.31302086679284,26.5315843747931,781.844
4.20016610229095,1.31514167630394,26.5390986410899,784.828
4.20042885002425,1.31194639021433,26.5537001319285,787.828
4.2007371136511,1.31438951500674,26.5621949078815,790.765
4.19996777555959,1.3029182723873,26.5698451482416,793.672
4.20032510972089,1.29868116206944,26.5752081086859,796.578
4.20072547488629,1.30023107493084,26.5790583215496,799.562
4.19991332483229,1.28887031189706,26.5820528866341,802.531
4.200448683251,1.28912792371344,26.5877466735484,805.437
4.20063676280804,1.28604180172725,26.5980463270811,808.344
4.20007113518071,1.27577979864439,26.6017685611805,811.359
4.20022179947127,1.27772410430532,26.6080322339568,814.359
4.20058219329809,1.27410564276118,26.6057271361044,817.265
4.2000773968889,1.26761061919626,26.6156558086698,820.172
4.20014806318023,1.26846866743398,26.6175935885662,823.14
4.20055253353042,1.26478949770645,26.6189727480112,826.125
4.19939333392073,1.25667586027194,26.6224943467064,829.031
4.20015507312768,1.25196981752959,26.6269089577995,831.969
4.20030473577802,1.25504354639661,26.6356010762258,834.969
4.20061825179324,1.25007066867771,26.6402516590245,837.953
4.19990091147859,1.24340727367369,26.6418517308385,840.859
4.200274025576,1.24131933180214,26.6433017614801,843.765
4.20042296509776,1.24102526617376,26.645842197215,846.734
4.2010139859144,1.24406476221899,26.6567350026388,849.734
4.20111699057213,1.24438278717797,26.6575692533022,852.656
4.2015454301784,1.24033366804081,26.6624106214435,855.562
4.20174943466913,1.24133963055499,26.6517089908116,858.547
4.20019203509967,1.22093155748513,26.665994057827,861.515
4.20049220314193,1.21961818929639,26.6733533540973,864.515
4.20061169908873,1.21966711655883,26.6658440327458,867.422
4.20130322790903,1.21693731332935,26.6606077805493,870.328
4.20135489589051,1.21574449570831,26.6695578750681,873.312
4.20166543368131,1.2194447269106,26.6793271981902,876.312
4.20123573957172,1.20753844700904,26.6782957894494,879.234
4.20063264121955,1.19684034102886,26.6793634454793,882.14
4.19988570238134,1.18383265871155,26.6874360795997,885.109
4.20030914585853,1.18305103154237,26.6845757617026,888.125
4.1995105385253,1.17365773506446,26.6837040858012,891.062
4.19880044738233,1.16539721259519,26.6872157376555,893.969
4.19911202039798,1.16525507121516,26.6851573412074,896.937
4.19922491495212,1.16372638507082,26.6896494847345,899.922
4.1996570446654,1.16174432339735,26.6971399361416,902.828
4.19944372464884,1.16258756179312,26.705049537867,905.765
4.20012069563058,1.16156409669284,26.6972987614412,908.75
4.20046148279577,1.16090581781762,26.6982995902807,911.719
4.2006564400098,1.16242120843866,26.7016495113129,914.64
4.20094932345511,1.16014636824051,26.7130231464496,917.562
4.19923313258086,1.13940487009903,26.7074203620464,920.547
4.1996694891078,1.13965105143105,26.7050856508165,923.531
4.19961498166929,1.14092900774128,26.6946362965574,926.469
4.19917909031152,1.12764722699896,26.6983250810425,929.375
4.19866785246556,1.11986535138865,26.7003845244495,932.359
4.19891403595656,1.11565395467942,26.7042211039575,935.359
4.1982538848492,1.10799346303259,26.6960358741143,938.281
4.19854814985038,1.10931456122769,26.6955327644498,941.187
4.19872538112375,1.10866467404348,26.6977105544533,944.172
4.19896617127325,1.10783469344197,26.6914571854664,947.14
4.19930239275463,1.10842039122161,26.6883879718083,950.094
4.19917017972086,1.10414921573259,26.688352804706,953
4.19899235360721,1.09200292401446,26.6907666625864,955.984
4.19904397728497,1.09496533564463,26.6869582816612,958.969
4.19928362086278,1.09365434753042,26.6824918400168,961.969
4.19883184916059,1.08528458527653,26.6899548765484,964.969
4.19885100249551,1.08450217818787,26.6836657859875,967.953
4.19948809369024,1.0822460108914,26.6810414898758,970.937
4.19968741470871,1.08143766152598,26.685492675783,973.844
4.20004922101809,1.08056749436485,26.6701483332314,976.75
4.20006607441379,1.08210172360721,26.6713862274668,979.734
4.20052192728699,1.08234401346597,26.6628240805171,982.734
4.20071665200655,1.08444734459641,26.6672894986266,985.672
4.20119986419731,1.07898381045619,26.6605779655117,988.578
4.20128846701856,1.08130213972167,26.6579768866745,991.562
4.20163459885744,1.07938242520393,26.656033724275,994.547
4.20125521909416,1.06764412604015,26.6495495746227,997.453
4.20131750775949,1.06739110246963,26.6488510260682,1000.359
4.20173726980389,1.0660317188174,26.6336784765799,1003.375
4.20099406577441,1.056865325641,26.641400116402,1006.375
4.20134657779684,1.05358479810631,26.6383629033921,1009.312
4.20165707318932,1.05241899158049,26.6396257190843,1012.219
4.20006263726696,1.03520849523322,26.6316792590626,1015.14
4.20051375646517,1.0363893174722,26.6286694139511,1018.047
4.2006597524553,1.03526177873187,26.6270819091944,1020.953
4.20057272862904,1.03602579424586,26.6252444513605,1023.859
4.20120103099319,1.03572997127722,26.6246103605373,1026.765
4.20113448491408,1.03391682560025,26.6199493215399,1029.672
4.20158097589251,1.03466298143661,26.6108968228465,1032.594
4.20084388758533,1.02152491471572,26.6066883996322,1035.5
4.20128361286627,1.01920492657034,26.6011064480273,1038.406
4.20077511466271,1.00821346875467,26.6023698066886,1041.328
4.19986392065641,0.998570876868636,26.5939431359947,1044.265
4.20006286570839,1.00306813018434,26.5999611382905,1047.172
4.19951370403095,0.990016522025851,26.5910508125947,1050.078
4.19960941837941,0.989469325602317,26.5818208068227,1052.984
4.1998753728197,0.989194525912029,26.5797181792612,1055.89
4.20006031512913,0.991072501719448,26.5801527114131,1058.797
4.20028411857168,0.988984158279204,26.5664912532292,1061.719
4.20052100177722,0.990108282024063,26.5646712671139,1064.656
4.2006779404952,0.988110220842417,26.5644899720639,1067.562
4.20097987065403,0.988391489761897,26.5506661208836,1070.469
4.20110832788852,0.986751524109206,26.5457590244662,1073.359
4.20140612535344,0.985067018471746,26.5315723339844,1076.265
4.2015331279345,0.985525186444614,26.5256625003746,1079.172
4.2019695047032,0.983455119021459,26.523730292773,1082.078
4.20221825461908,0.983528145702056,26.5123743955862,1084.984
4.20249444421426,0.984453312257785,26.5104934536323,1087.906
4.202872264992,0.982656656817008,26.5093695329191,1090.812
4.20202735407717,0.969647358023195,26.5003669322555,1093.719
4.2017265313652,0.963357053096822,26.5007326119248,1096.625
4.20101970123168,0.954058819238867,26.488244560223,1099.531
4.20006213142885,0.940732961191905,26.485689899304,1102.469
4.19914926667687,0.931873699577321,26.4845601730048,1105.375
4.19869375803315,0.92463962043123,26.4854751200177,1108.281
4.19783020198537,0.913680239318313,26.4838377474224,1111.203
4.19718276999631,0.902837779688387,26.4648893212513,1114.109
4.19808902585269,0.913951260251189,26.4637082877615,1117.015
4.19754832524901,0.900745758054363,26.4661368818069,1119.922
4.19636568743703,0.892192586769923,26.4576588534176,1122.937
4.19675002413585,0.891661516444374,26.4473439779466,1125.89
4.19665445373882,0.891225246886757,26.4465369134252,1128.797
4.19697154976506,0.891595071748139,26.4389793662832,1131.703
4.19700789754319,0.89143922668427,26.4310969912567,1134.609
4.19729484078568,0.890890252753635,26.431154025355,1137.515
4.19747654083673,0.891179583474642,26.4249840021495,1140.422
4.19736277303998,0.889108295984064,26.4156586726908,1143.344
4.19753734005547,0.888860760943655,26.4092481698876,1146.25
4.19796718813453,0.890280420342404,26.3977194983113,1149.156
4.19718585925457,0.878606104148372,26.3921208565552,1152.094
4.1970618011935,0.877749903986487,26.3739857645767,1155
4.19744442261009,0.878755496333547,26.3661241398456,1157.89
4.19764724111472,0.87816825447581,26.366899630844,1160.797
4.19698768334529,0.870065963022663,26.3620971426798,1163.703
4.19690148293229,0.869638034452871,26.3568695272644,1166.609
4.1971850120648,0.865898415234919,26.347944796954,1169.531
4.19839836945905,0.876450311454123,26.3402874643048,1172.437
4.19746825565102,0.867238455585805,26.3333209304528,1175.344
4.198764445942,0.87998260099672,26.3338968851102,1178.25
4.19831114647979,0.865681110606645,26.3286556514226,1181.203
4.1969759737061,0.856997603231655,26.3233617208925,1184.125
4.19840622534903,0.86622277475674,26.3164348559257,1187.015
4.19850568980615,0.866212585246832,26.3079239792508,1189.922
4.19892243480352,0.868095081030179,26.2998315497904,1192.828
4.1977285755458,0.852084929909812,26.2894040724396,1195.765
4.19807228153358,0.854099558006851,26.290019824042,1198.656
4.1983749305479,0.852764338914153,26.2723199774497,1201.562
4.19866932750673,0.855074495650403,26.2677664279472,1204.469
4.19774042714235,0.84181168257944,26.2660057190198,1207.375
4.19762985944444,0.837942251205654,26.2580262513552,1210.281
4.19698182638081,0.831912666041838,26.2549786377957,1213.203
4.19723501451024,0.830867358133305,26.2473409960591,1216.14
4.19745728012297,0.832065457822129,26.2366011626254,1219.094
4.19778111070609,0.829052628240139,26.2354214582875,1221.984
4.19672388114659,0.821336515727267,26.227601064039,1224.89
4.19699901595761,0.822907715320986,26.2179916288692,1227.828
4.19696756814433,0.822726089037566,26.2162743679539,1230.734
4.1971956593714,0.818794965403021,26.2026295516574,1233.75
4.1973676919042,0.819854241002685,26.1947633289752,1236.672
4.19765328859469,0.818608231583196,26.1957404839143,1239.578
4.19709705454575,0.808738954978912,26.1854249117131,1242.484
4.19684591941552,0.810647864238651,26.1797512368117,1245.39
4.19703391645312,0.8089714571147,26.1786999129136,1248.297
4.19711213055277,0.810865008181456,26.1545233254241,1251.203
4.19738015866435,0.807853672586411,26.1656786172162,1254.125
4.19853035636535,0.81667429091349,26.1555043926202,1257.125
4.19760737397372,0.810289515272878,26.1517058683324,1260.094
4.19685663720018,0.796481061458326,26.1470700300066,1263.031
4.1969558598171,0.798215073154678,26.143380165751,1265.969
4.19732196052031,0.797384423561144,26.1354660874301,1268.875
4.19749307508597,0.796987403571957,26.1301942438706,1271.812
4.1973585752227,0.794606268538397,26.1140401130894,1274.75
4.19759959394935,0.796277808376266,26.1034840606896,1277.75
4.1968694863301,0.787011550460989,26.1097622549432,1280.64
4.19704442228942,0.786366986954739,26.0971678042183,1283.578
4.19731368916936,0.782947848649484,26.0869035627824,1286.484
4.19713432150536,0.784402917455959,26.0793728880952,1289.484
4.19724379485441,0.787854324549812,26.0732184854156,1292.375
4.19766863397011,0.784384084135342,26.0712350850776,1295.328
4.19698165665567,0.77794407303766,26.0581574657027,1298.265
4.19699115520461,0.775208789101944,26.0488018901805,1301.172
4.19795244623015,0.786590406101224,26.0465350490083,1304.078
4.19721825678037,0.773657726891302,26.0429207089986,1307.047
4.19738683156962,0.775899265328373,26.032149192666,1309.953
4.19748880446702,0.774942044530713,26.0154227057593,1312.859
4.19737837801271,0.776658916852368,26.0068253009836,1315.765
4.19800137305475,0.775498026460955,26.010959344508,1318.672
4.19718191124657,0.764743636085712,26.0020051345761,1321.562
4.19712114610122,0.76701992097445,25.9973108188525,1324.469
4.19734147633749,0.763324775178252,25.9914663409321,1327.39
4.19768351666441,0.763041638721841,25.9945586077998,1330.328
4.19795707151855,0.763075395761272,25.9847093748689,1333.25
4.19765313819987,0.762315819663329,25.9712352753575,1336.156
4.19783723087975,0.759211796037967,25.9731007948895,1339.062
4.1981786717896,0.762103952245844,25.9529077061914,1341.969
4.19830510607679,0.763361564943918,25.9471953036872,1344.922
4.19834658977549,0.758885989702075,25.9446287433399,1347.844
4.1985707385529,0.760530581071658,25.9356340283846,1350.781
4.19757074704206,0.749939164874711,25.930998757876,1353.687
4.19692813173755,0.742708958585771,25.9261482293656,1356.594
4.19701310156402,0.740200132824136,25.9180041785126,1359.515
4.19727250705788,0.738619797759777,25.9086879917307,1362.437
4.19732513919114,0.741240500162813,25.8981729894195,1365.39
4.19744780555977,0.73944571893405,25.8980847313784,1368.328
4.19744660129243,0.738914510780118,25.8901645153564,1371.281
4.19772949096695,0.739765367598084,25.8845291296165,1374.187
4.19803652566322,0.737098710109338,25.8784947878211,1377.125
4.19803264809806,0.738693256426398,25.8694001348659,1380.109
4.19808553766706,0.737506841998502,25.859680836664,1383.094
4.19841846367222,0.73879093724325,25.8547217038018,1386.094
4.19860519548086,0.738024048576561,25.8544218248586,1389
4.19759976968254,0.728120562291603,25.852087143563,1391.937
4.1969795439557,0.718962720463388,25.8431277549328,1394.844
4.19684904804168,0.716049131168962,25.8469839502205,1397.75
4.19703869329867,0.719666783879289,25.8364404840924,1400.734
4.19713949756928,0.716639062594441,25.8353796390064,1403.781
4.19715974004884,0.719959918779032,25.8283925198159,1406.781
4.19762679204152,0.717014488702238,25.8238118191859,1409.765
4.19780163321724,0.717629303824236,25.8124396952297,1412.75
4.19786197707404,0.71721950937325,25.8162385620729,1415.687
4.19779965401899,0.715240386557128,25.8058604049629,1418.578
4.19789969573876,0.715556066967014,25.7882814579056,1421.484
4.19804760264969,0.716004582721945,25.7809132638608,1424.39
4.19835425980395,0.716104799041561,25.7805996948804,1427.359
4.19854319065496,0.714601556049923,25.7842787897357,1430.328
4.19867080387783,0.715700143032217,25.7691801479145,1433.312
4.19771060272701,0.707138044561524,25.7647660610954,1436.25
4.19785184450324,0.701904530852684,25.7658101979555,1439.172
4.19813064599925,0.706153295726443,25.756995320743,1442.14
4.19805602539376,0.703562112417719,25.7522047512131,1445.094
4.19828532021026,0.702417861642318,25.7452183493427,1448.125
4.19846474986861,0.701546284895255,25.7471276867925,1451.062
4.19874737139636,0.701972054430486,25.738868561234,1454.015
4.19796594274914,0.692099693098258,25.7301264616602,1456.953
4.19705051511558,0.682805738458173,25.7199017729759,1459.922
4.19694630763976,0.685407512980192,25.7303466259245,1462.828
4.1973171749947,0.683602738880591,25.711568849797,1465.781
4.19728073657956,0.683130217286809,25.7101006982078,1468.734
4.19751321459717,0.6786686570348,25.7052106532226,1471.625
4.19740203558293,0.681090666057434,25.7056071283747,1474.531
4.19742621263828,0.680760256622012,25.6926088010428,1477.437
4.19766199349022,0.681217260022759,25.6836508527912,1480.344
4.19810576698747,0.678835114340703,25.681110343993,1483.25
4.19819828413415,0.679533392511669,25.6757845565951,1486.156
4.19807451581573,0.681795677014272,25.6681346750941,1489.047
4.19837664197126,0.68055530247757,25.6709650035288,1491.953
4.19827784330692,0.678540761909363,25.6612730905145,1494.875
4.19866352301931,0.679336170687233,25.6692028009291,1497.781
4.1980232105258,0.670476030812273,25.6598974815222,1500.719
4.19678531695332,0.663646043357975,25.6538500388628,1503.625
4.19687526489432,0.661709558776143,25.6456619826412,1506.531
4.19698550614191,0.657046029463925,25.6425064153584,1509.453
4.19747680954788,0.658536260295162,25.6342274862024,1512.359
4.19698347168095,0.658676148923925,25.6312273761535,1515.265
4.19731290453116,0.658660813264585,25.624500079761,1518.172
4.19767198504076,0.656323027033971,25.6191126269573,1521.14
4.19775117856325,0.656438360665449,25.6062092701971,1524.094
4.19789622394545,0.660569646282525,25.5993354819259,1527.031
4.19787171806513,0.656724351070592,25.5985941928362,1530
4.19811776855024,0.657406288196444,25.6035929213542,1532.969
4.19812261393737,0.65627469510543,25.5959994364471,1535.953
4.19840176551108,0.654626526601488,25.5859537036285,1538.922
4.19837272550558,0.655705566667181,25.5873455940437,1541.937
4.19848986519167,0.655034796017496,25.5702635666449,1544.969
4.19868626826094,0.654172416825235,25.5756413613777,1547.953
4.19787557650685,0.64464255877821,25.562097914648,1550.984
4.19797601817094,0.643930099331765,25.5579283424076,1553.969
4.19849836630292,0.644902206451744,25.5598010681309,1556.89
4.19832411728725,0.642204265230432,25.551034400239,1559.89
4.19830521116463,0.644500058109773,25.5415594160182,1562.859
4.19840970350607,0.647933168475769,25.5440020443791,1565.844
4.19869273058233,0.645689813278794,25.5406227404914,1568.812
4.19777816810545,0.635391702617164,25.530439574097,1571.781
4.19817048028723,0.631160541317557,25.5324780636356,1574.781
4.19807289885268,0.636602567640365,25.5205008525878,1577.812
4.19822260590968,0.634738192381516,25.5172570765274,1580.812
4.1982935986965,0.636582949060469,25.5119553862612,1583.75
4.19830966331176,0.632284098706911,25.5065115651002,1586.812
4.19851928206307,0.633208859912464,25.5093348065435,1589.828
4.19865868598632,0.633163851275248,25.498500535672,1592.89
4.19797949143837,0.621207028206593,25.4965014099443,1595.922
4.19802935236213,0.622754167010823,25.4819027559978,1598.937
4.19812113033885,0.622122425037884,25.4793633080005,1601.875
4.19820813009085,0.622126910752655,25.4836691995747,1604.89
4.19837683343858,0.620377447673186,25.4820289585741,1607.906
4.19848361119803,0.622157036993628,25.4673353937459,1610.906
4.19882350486784,0.620659747817424,25.4646107007507,1613.875
4.1978208216925,0.61035794056281,25.460371004605,1616.859
4.1978551340172,0.61056990607411,25.4589098012047,1619.765
4.1979029472298,0.610009969684323,25.458745989384,1622.703
4.19819630991695,0.609169655977572,25.4507953978206,1625.719
4.19818787433819,0.610862534724997,25.4502614205853,1628.734
4.19821653657359,0.60864472995938,25.4455071182587,1631.672
4.19856730779084,0.61112438511569,25.4437380800707,1634.594
4.19755457939388,0.60025348340073,25.4391553911724,1637.515
4.19775322891954,0.600648132343496,25.4315971134937,1640.422
4.19794072889693,0.601045935290264,25.4366430097554,1643.328
4.19790087987963,0.599965977731377,25.4279090971289,1646.234
4.19805566333071,0.600382146787349,25.4227016439334,1649.14
4.19805613567114,0.600565491152184,25.4195994781628,1652.047
4.19826526989132,0.596518030501556,25.4127132149868,1654.969
4.19851575265453,0.598136094079398,25.4066729409254,1657.875
4.19851338104239,0.598092792302304,25.4063810204611,1660.812
4.19837771259661,0.598272728731717,25.4034366915121,1663.719
4.19878076555326,0.598443933249094,25.3983253895803,1666.625
4.19783420383572,0.585531457823699,25.3939512461753,1669.547
4.19824003795346,0.586757326029419,25.3894729090927,1672.453
4.19791394509337,0.587344797129746,25.381377174433,1675.359
4.1979668099692,0.586581064304077,25.3876325752902,1678.265
4.19846703775459,0.589641370598996,25.3836765038707,1681.172
4.1983961421661,0.585700935553122,25.3750800352425,1684.094
4.19856600523281,0.587540692017242,25.3718398150976,1687
4.1985593159122,0.588369231784336,25.3726464082158,1689.906
4.19880971428996,0.588191087144745,25.3653394616613,1692.844
4.19888179586917,0.587822386340834,25.3678441819494,1695.812
4.19873936139768,0.585041827562731,25.3518576459208,1698.797
4.19893159067047,0.58661411152701,25.3474142433946,1701.781
4.19938242780878,0.582449513905561,25.3513841173853,1704.734
4.19920067971771,0.584915914444865,25.3528177527306,1707.687
4.19943303042805,0.583080433624075,25.351894638331,1710.609
4.19966160279102,0.584026359138783,25.3472657017836,1713.562
4.19885577888631,0.575983186621794,25.3375485649786,1716.562
4.19807900934416,0.565556104532591,25.3326475213323,1719.5
4.19844229539527,0.563261115865461,25.3242333737552,1722.469
4.198006767263,0.563758646477513,25.3167878144645,1725.5
4.19808803292222,0.565187896077336,25.3223793099941,1728.453
4.1982738914547,0.565222460619895,25.3166375651817,1731.5
4.19822846768348,0.565003214282201,25.3061863383241,1734.422
4.19874042152318,0.562638284075209,25.3123420777294,1737.344
4.19774130890974,0.5542462008248,25.3074935902954,1740.25
4.19786898042292,0.554274390007537,25.3032293668615,1743.156
4.1977182040928,0.555113941264401,25.3030086292588,1746.094
4.1979744814108,0.554059770343128,25.2964581216133,1749.109
4.19793405657155,0.555740478802201,25.2845523815511,1752.156
4.19792989710443,0.552020150077748,25.2875978670077,1755.109
4.1980835728446,0.5516591204861,25.2834222063997,1758.031
4.19855772598261,0.552864637818509,25.2761929340258,1760.953
4.19762280789718,0.543450640149367,25.2773899742374,1763.859
4.19772235927014,0.544499606946787,25.2677070016818,1766.781
4.19737740028866,0.542861072414069,25.2633220434088,1769.687
4.1979296613495,0.54240128554402,25.2603455882926,1772.594
4.19800785930837,0.541141226484357,25.2603671621388,1775.5
4.19794704974435,0.541830935796359,25.2626948631929,1778.422
4.19807282962134,0.542557840709635,25.2662315334422,1781.328
4.1983031893018,0.542082886983194,25.2592742734396,1784.234
4.19835733135541,0.54366033025386,25.2615605102311,1787.172
4.19866100173419,0.543075408565571,25.2583925577593,1790.078
4.1974068375385,0.531403666172132,25.2505691068561,1793
4.19746601196087,0.530689989913324,25.2436354093841,1795.906
4.19762649241611,0.528790565759964,25.2335214962345,1798.812
4.19787956105086,0.528845453670877,25.2316750228348,1801.734
4.19766431417087,0.529504676421656,25.2305544119854,1804.64
4.19790991959933,0.532985354767008,25.2290551991897,1807.547
4.1979371435786,0.53211168164854,25.2290511226753,1810.453
4.19821705398656,0.531608255654519,25.2136778864249,1813.375
4.19864587933963,0.531574715999585,25.214938529391,1816.281
4.19833035840099,0.530126665883889,25.2152364738591,1819.219
4.19861254139797,0.531406997773184,25.2173372529474,1822.125
4.19849888759733,0.53174521067395,25.2134469943827,1825.031
4.19894002262923,0.529457790939299,25.2116083059908,1827.953
4.19881246299968,0.528773245139274,25.2017109557582,1830.859
4.19869351903507,0.530583719573982,25.2034962083085,1833.765
4.19902343980691,0.527624678117031,25.2023440970707,1836.687
4.19908980786546,0.528488208282107,25.1940979230574,1839.594
4.19917486128209,0.528645568079148,25.1839258695003,1842.5
4.19914066565476,0.528005343278306,25.1842612964711,1845.469
4.19941114859958,0.527848903485844,25.1724595414138,1848.406
4.19950042776972,0.525225822771134,25.1773463087587,1851.422
4.19961832414408,0.526570381353617,25.1782735038141,1854.328
4.19885953694103,0.516286383852808,25.1741106848948,1857.25
4.19797110396586,0.50477529736132,25.1658402798019,1860.156
4.19804962679744,0.506463529841684,25.16095549473,1863.062
4.19806111479536,0.506735822793012,25.1607658205191,1865.984
4.19841695934181,0.505824051783194,25.1505065957552,1868.89
4.19825397018142,0.506939643121299,25.1509444676256,1871.797
4.19819485446747,0.504982336105595,25.1506584105558,1874.703
4.19820216511249,0.507585931219714,25.1402646473371,1877.609
4.19877844000872,0.504180565960466,25.1362456662486,1880.531
4.19841456000052,0.504308638963406,25.1421429642787,1883.453
4.19873200493979,0.509249348544646,25.1358274669581,1886.359
4.19903600407849,0.50548645548332,25.1409434218114,1889.265
4.19887289954482,0.504289856478944,25.1287342483435,1892.187
4.19887468110178,0.505459569221263,25.1306559152493,1895.094
4.19926673145228,0.503809071087419,25.1198553349173,1898
4.19916324650635,0.505632864816707,25.1171739718439,1900.922
4.19945378421234,0.505629427628815,25.1211989127331,1903.828
4.1995008553709,0.504366903466205,25.1190975376054,1906.734
4.19961541327276,0.503238023065009,25.121451646062,1909.656
4.19865156135105,0.494528493208398,25.1147113656998,1912.562
4.19803979286031,0.483513919264304,25.1101613136689,1915.5
4.19812096986411,0.484604198697193,25.1069945868048,1918.437
4.19791728372034,0.485108796274472,25.1022254518942,1921.344
4.19780457670872,0.483754138224856,25.0946998918111,1924.25
4.19807809496584,0.485424984977582,25.1014537907207,1927.172
4.19805110304759,0.481716932065122,25.0978331179413,1930.078
4.19826608164212,0.483035410101892,25.097915957787,1932.984
4.19842767578959,0.48701850949593,25.0897745963582,1935.89
4.1984799238831,0.481501921716776,25.0831505569706,1938.797
4.19849441645059,0.484776451978421,25.0815404211195,1941.719
4.19849845300349,0.484080588230824,25.0762994449647,1944.625
4.19878365887347,0.483176918382384,25.0769880462952,1947.531
4.19881617567003,0.483368801102472,25.0662712198161,1950.469
4.19910161882295,0.487364293894385,25.0712951921244,1953.375
4.19895217348551,0.478711533291921,25.0714193841408,1956.312
4.1991982416978,0.481748556869143,25.0724949113964,1959.234
4.19931785199569,0.480636516009829,25.0638322231252,1962.156
4.1990243322481,0.480438744628234,25.0558678722979,1965.062
4.19941905288121,0.481716338466431,25.0554515600836,1967.969
4.19954176667899,0.480352298815598,25.0477850359418,1970.89
4.19954830101047,0.481535849142378,25.0448152701918,1973.797
4.19947488299863,0.481355941743054,25.043751677903,1976.703
4.19986822856164,0.483595580725567,25.0486513886977,1979.625
4.19912276803298,0.470730878631793,25.0424748032872,1982.531
4.19899429918684,0.466286714502571,25.0414684299532,1985.437
4.19867180193259,0.472094704863217,25.0295015834743,1988.375
4.1992528300566,0.471037366033636,25.028578103711,1991.281
4.19925993942626,0.467533134099808,25.0173274958828,1994.203
4.19911531206882,0.468087207168676,25.0135935600733,1997.109
4.19954073197399,0.468241350490917,25.0073060281021,2000.015
4.19946240543988,0.472667590189418,25.0083874196295,2002.922
4.19947097699,0.467865718571253,25.0021215108178,2005.844
4.19981006773142,0.469047334728787,24.9991435495665,2008.75
4.19877784468371,0.458811806450551,24.9988987297688,2011.656
4.19878315727835,0.45975508334988,24.9984706740519,2014.562
4.19906352017141,0.458489699392163,25.003935268596,2017.484
4.19901812051128,0.45843089790946,25.000619773201,2020.39
4.19904659985998,0.458822012275936,24.9909868714363,2023.312
4.19928772908885,0.45836303676758,24.9871285582257,2026.219
4.19939313558684,0.457985196608075,25.0009712166267,2029.156
4.19933427200368,0.458398106877009,24.9929942178213,2032.094
4.19953576193947,0.458908495764754,24.9933415553871,2035
4.19967035848968,0.455889009586489,24.9759461577156,2037.922
4.19866924499736,0.447861237641803,24.9728456368491,2040.828
4.19883233718755,0.447916105185166,24.9748507346658,2043.734
4.19898669752654,0.446322015072759,24.9718391076723,2046.656
4.19903960373536,0.448040884322446,24.9638655428605,2049.562
4.19936612656725,0.448302997555788,24.9621997791728,2052.469
4.19922787300324,0.446420749788747,24.9573860679053,2055.375
4.1990475105932,0.447612085490685,24.9582998771297,2058.281
4.19917774095964,0.446612968986082,24.9636999226118,2061.187
4.19909091282902,0.447629987309072,24.9538944627306,2064.125
4.1993957599946,0.44740917300246,24.9513524693141,2067.047
4.19952766053676,0.447701478481707,24.9434456603931,2069.953
4.19945409891219,0.443719606197179,24.9454450281877,2072.859
4.19957342732265,0.448178868971098,24.9437537232213,2075.765
4.1990320414714,0.436637011182021,24.9399206638489,2078.687
4.19774336892183,0.425355596256752,24.9437319889477,2081.594
4.19810994859082,0.425077879160157,24.9413084465405,2084.5
4.19800020343386,0.424262318061706,24.9423565337056,2087.422
4.19774856617378,0.427083536696214,24.932791664822,2090.328
4.19806246994667,0.427583438902894,24.9264337472935,2093.234
4.19812800202605,0.425645955068864,24.9198492879704,2096.14
4.19818022519755,0.425507693056381,24.9201748782088,2099.062
4.19789876498514,0.426360901277108,24.9205875330335,2102
4.19830040534672,0.424754954985968,24.9114014506687,2104.937
4.19833175528162,0.424676672951967,24.911118926678,2107.844
4.19837854912593,0.423393463837946,24.906150980748,2110.765
4.19864309974763,0.426735623615974,24.9103907599523,2113.672
4.19847967197981,0.42718697478529,24.9076394452155,2116.594
4.19889559568055,0.425375826664025,24.9132473633155,2119.5
4.19894717329982,0.422515597739514,24.9016468020647,2122.422
4.19862388303563,0.423177363223312,24.9012441110047,2125.39
4.19908698480289,0.425122034575916,24.9021325536522,2128.39
4.19897660445302,0.423940953450485,24.8922707686202,2131.344
4.19885465728094,0.42615103871032,24.8848350276068,2134.265
4.19923609724701,0.423362112464239,24.8863490272473,2137.172
4.19922580016025,0.425080796660155,24.8879895420125,2140.094
4.19933969783621,0.423456506131111,24.8857174899406,2143
4.19903958373683,0.423592512023693,24.8790120585814,2145.906
4.19958261829869,0.421143548212789,24.8816177673121,2148.812
4.19867995530464,0.411056470129169,24.8702020861034,2151.719
4.19850355479135,0.409924303433904,24.8708594727665,2154.64
4.19884081529229,0.415971664016364,24.8623435251333,2157.547
4.19883994134398,0.412533745910341,24.8662382329312,2160.453
4.19873879953778,0.41290248992078,24.860853287031,2163.375
4.19869606934705,0.408782535693343,24.8610688292525,2166.281
4.19897967039918,0.415659861370157,24.8543685701185,2169.203
4.19918293290148,0.413312193067337,24.863341043534,2172.109
4.19900453483599,0.411204647988916,24.8547933531225,2175.015
4.19923816366101,0.412214046422556,24.848754866746,2177.922
4.19932208526449,0.412063108781476,24.853682169048,2180.828
4.19928017729334,0.41193331469049,24.8484765666525,2183.765
4.19925910020216,0.411687779906536,24.8457840870919,2186.672
4.19950493220714,0.413531643058899,24.8427934049354,2189.594
4.19948744240422,0.411012499672508,24.834977460306,2192.5
4.19970218775548,0.410205147526305,24.8319355653088,2195.406
4.19907419890281,0.400031304110321,24.8253812273078,2198.312
4.19903252548902,0.400932211956028,24.8219760029937,2201.219
4.19902513466319,0.400430850746868,24.8242462570843,2204.125
4.19911440769511,0.397985734627078,24.8243647733598,2207.031
4.19909478157013,0.400659536870541,24.8206475664699,2209.953
4.19910474535964,0.397778043674232,24.8169123327353,2212.859
4.19882602770796,0.39892567797769,24.81529566094,2215.797
4.19921025451133,0.400492086445183,24.8105790178164,2218.703
4.19934723834824,0.400753134600582,24.8126559093769,2221.625
4.19923681267719,0.399489245815927,24.8010452182538,2224.531
4.19955783491953,0.401131130727314,24.7914441858875,2227.437
4.19863257504191,0.389247535423716,24.8035290704156,2230.344
4.19876269156394,0.38880025799953,24.7955373752267,2233.281
4.19859316391839,0.388783251397396,24.7982502053342,2236.187
4.19876271730058,0.390358787480932,24.7960054897116,2239.094
4.19890421647489,0.390957808890732,24.8000986329586,2242.015
4.19903216224666,0.391568880080095,24.7891252382279,2244.922
4.19920915111066,0.389008266340441,24.7874946826007,2247.828
4.19912303811665,0.391328445950249,24.7860617425297,2250.734
4.19925701203028,0.387307398604096,24.7844879718746,2253.656
4.19901033473658,0.38933069465549,24.7822611429162,2256.562
4.19902992313677,0.391092835921233,24.7816807135445,2259.469
4.19919373768365,0.390003330740982,24.7800008527772,2262.39
4.19960249519428,0.388339009574218,24.7760757238169,2265.328
4.19843368422834,0.381078884067465,24.7706148558856,2268.234
4.19862490535788,0.3766118244863,24.7695668977444,2271.14
4.19857227772987,0.377576090752948,24.7687536658417,2274.047
4.19883585713321,0.377632340980534,24.7659517840899,2276.984
4.19866427428978,0.375626940847627,24.7603349030635,2279.89
4.19902170408096,0.381277171742806,24.760417236304,2282.797
4.19875115207429,0.378584424808339,24.7576076258958,2285.703
4.19889736697322,0.38037367663023,24.7582769511676,2288.609
4.19885531445064,0.377724120691598,24.7603502522761,2291.515
4.19922793494641,0.377498754155974,24.7489205883771,2294.422
4.19920547678071,0.378669089063219,24.7510016807428,2297.328
4.19920721341051,0.378477348363851,24.7514223935355,2300.25
4.19915812885682,0.375719376840628,24.7555594146359,2303.156
4.19946797271615,0.378473048037469,24.7448753469395,2306.062
4.19947791170882,0.37685244081056,24.7404250787985,2309
4.19956096315929,0.374188246864416,24.7371770575952,2311.906
4.19867643576869,0.366421504548272,24.7420287246803,2314.812
4.19878002492947,0.363710673700341,24.7434978342059,2317.719
4.198732482341,0.365604155054285,24.7360524804305,2320.625
4.19881787050175,0.365004694266396,24.7304071355143,2323.531
4.19907726167495,0.36596558236151,24.7302257773747,2326.437
4.19899957985517,0.366430533970093,24.7327749458943,2329.359
4.19903932112143,0.368409142967162,24.7255872109426,2332.265
4.19897906560968,0.364832598043856,24.7208310317018,2335.187
4.19905600524089,0.366712546491074,24.7172055343181,2338.094
4.19907223497422,0.365315744650221,24.7152645932169,2341
4.19938136777937,0.367026060116131,24.7109940206371,2343.922
4.19910365751591,0.368792678289439,24.7100129375371,2346.828
4.19939140079009,0.3683481771094,24.7131372737271,2349.75
4.19954541114667,0.365602002925441,24.7145041999509,2352.656
4.19966516011053,0.365901850280274,24.7127821502356,2355.562
4.19862640260462,0.355412541018222,24.7159358189816,2358.484
4.19856398598449,0.358346801761397,24.7009484939687,2361.406
4.19876176177677,0.355550371657798,24.6972555175356,2364.312
4.19877281794503,0.354711390969496,24.6926248983224,2367.234
4.19859979412075,0.354901861759411,24.7015628011998,2370.14
4.19892232129614,0.357242622709288,24.6935775437164,2373.047
4.1988033546467,0.356003647371815,24.6875287625832,2375.953
4.19895499592618,0.355578453250448,24.6850134377936,2378.89
4.1989058294783,0.357737726598476,24.6804657052969,2381.781
4.19918540891385,0.354791651091287,24.6777663859772,2384.687
4.19912954929893,0.355442230871589,24.6774818133942,2387.609
4.19923642466425,0.354985215828112,24.671710074651,2390.515
4.19933057652747,0.354122603035428,24.6758172126806,2393.422
4.19928447754158,0.355305159439075,24.6720655716852,2396.328
4.19943595937527,0.355928072647069,24.6775254727946,2399.234
4.19964529381483,0.354206391062564,24.6669153974767,2402.14
4.19981010734938,0.354438935452065,24.6629615338783,2405.047
4.1995307599157,0.354839436587849,24.6658886959843,2407.969
4.1995068694387,0.355397752654519,24.6600846253175,2410.906
4.19991924209164,0.354602816969067,24.656125124435,2413.812
4.20001316505898,0.350687121837102,24.659680723499,2416.75
4.19992153075923,0.353828743369276,24.6499448363008,2419.719
4.2000919982172,0.352457624031271,24.6551960963122,2422.703
4.20001956550309,0.350566996819157,24.6515188044909,2425.625
4.20031070703455,0.354937099541412,24.6563119668147,2428.531
4.20025793731979,0.351809709268406,24.6600800669847,2431.437
4.20034216385886,0.352600530420459,24.6470648284119,2434.344
4.2003250698105,0.35209986776064,24.6488775514124,2437.265
4.20052059725405,0.35589053433457,24.6384644933398,2440.172
4.20052592821576,0.351818284554006,24.6372207274697,2443.078
4.2006290269379,0.349505366109707,24.6405766601107,2445.984
4.19968414719544,0.342552053740136,24.6404443709517,2448.89
4.19886128854271,0.330486936321436,24.6306549465393,2451.812
4.19890909083003,0.332919351508328,24.6311035401804,2454.719
4.19866050167834,0.332297224225979,24.6253886065133,2457.64
4.19873588133805,0.327893187367651,24.62078837402,2460.547
4.198978423048,0.332281285332696,24.6264547524178,2463.469
4.19885095062559,0.329051339853806,24.6212511649111,2466.437
4.19901325688189,0.331026080884183,24.6142460730494,2469.344
4.19900725167059,0.330803434394041,24.6189089223267,2472.25
4.19891251073336,0.333434460583926,24.6137531399565,2475.156
4.19908832252594,0.330636168930629,24.6156476504003,2478.078
4.19907980255585,0.332231660303428,24.6121618802753,2480.984
4.1990487881704,0.332453148651962,24.611707318927,2483.906
4.19919583762898,0.333359434723622,24.6130501506455,2486.828
4.19922994508077,0.328879325390754,24.6115556224068,2489.734
4.19932868360597,0.330203755592744,24.6118041716035,2492.64
4.1995136784023,0.332084373432631,24.6091934833438,2495.547
4.19956449249616,0.330150058395615,24.6028528692843,2498.453
4.19950157117885,0.331277402398228,24.5974502648375,2501.359
4.19972834818426,0.33022177561488,24.5977051711119,2504.265
4.19982116491747,0.331797404878187,24.5945886058697,2507.187
4.19978959285901,0.330519628543211,24.587478492218,2510.125
4.19968272584246,0.329984462599098,24.5890997549374,2513.031
4.19986150024983,0.330442503968579,24.5879236711847,2515.937
4.199867248165,0.331268108452212,24.5936801373887,2518.844
4.20018064022192,0.329502913293292,24.5805948343264,2521.75
4.20007263771923,0.330878967556883,24.5840475869081,2524.656
4.20024505707375,0.328417269419248,24.5862955960086,2527.562
4.20044797737977,0.328041672531743,24.5872577139209,2530.469
4.20043131060075,0.327605297699113,24.5742813192002,2533.375
4.20027626108075,0.327199754870066,24.5776707504247,2536.281
4.2003069321079,0.330113493482255,24.5814531658845,2539.187
4.20043740650431,0.329690638555949,24.581889901347,2542.125
4.20073809466902,0.331050755319504,24.571684164943,2545.031
4.19967757301288,0.318274328624484,24.566664153746,2547.937
4.19895564376919,0.310835689302419,24.5694608026745,2550.844
4.19874398465226,0.309897997558288,24.5675732965905,2553.75
4.19896735885162,0.309624884911225,24.5697851736327,2556.656
4.19929396565464,0.308853778239264,24.5640562359764,2559.562
4.19889604971548,0.309129835843838,24.5583713076519,2562.469
4.19889815447937,0.309957651771297,24.5554110393081,2565.375
4.19927585365088,0.309480930164227,24.5620518990517,2568.281
4.19914621401028,0.30710586621467,24.5539059383519,2571.203
4.19907883521733,0.308157986163059,24.5541575910714,2574.125
4.19957700286227,0.309046058040577,24.5569551874067,2577.031
4.19819485631447,0.299867260998346,24.5509545349729,2579.937
4.19819263325715,0.297534190298608,24.5427237427454,2582.844
4.19813141251713,0.296289031093846,24.5481838429925,2585.75
4.19814973375734,0.301217365970178,24.5504948214915,2588.672
4.1983899791546,0.299591360494312,24.5374011837754,2591.562
4.19836831416142,0.295253854618191,24.5368563103614,2594.484
4.19828336162264,0.294542782020757,24.5365540080728,2597.39
4.19829701013223,0.29768901919877,24.5343992100982,2600.312
4.19846644452405,0.298896557056636,24.5362718697948,2603.219
4.19861494593026,0.29880448543432,24.5290348013513,2606.14
4.19853261406191,0.300486381922383,24.5324181292045,2609.047
4.19842339787168,0.300202791260709,24.5310176475802,2611.953
4.19865180713449,0.29588092191488,24.5264824096088,2614.859
4.19866128626924,0.298167515593988,24.5243693132528,2617.765
4.19855515768752,0.301303018500508,24.5220007203286,2620.687
4.19874017827558,0.297860821012286,24.524699449344,2623.594
4.19883895792793,0.297410949728681,24.5171519440348,2626.5
4.19857734217306,0.296921404034356,24.5188907541304,2629.406
4.19887503165057,0.298522854906087,24.516978689228,2632.328
4.19884853167335,0.296311020731581,24.509620268861,2635.25
4.19880868281363,0.299951465193877,24.5117660260363,2638.156
4.1988090348544,0.298271974079651,24.5080186481867,2641.062
4.19890175529482,0.299270281430737,24.5076764451526,2643.969
4.1989439044572,0.293069801104728,24.5039602861008,2646.875
4.19899076953654,0.296470405817831,24.5041715883653,2649.781
4.19937507732858,0.296731757939069,24.4935558902599,2652.687
4.19936587571806,0.29639919031121,24.4997304411542,2655.594
4.19952861445567,0.296844740719951,24.5010307405374,2658.515
4.19939266580584,0.296990942652429,24.4966519857393,2661.422
4.19937372463991,0.297646864219346,24.4976286583074,2664.328
4.19956602660835,0.295111458473103,24.4957525915414,2667.265
4.19942207903667,0.294058486105292,24.502344908161,2670.172
4.19971289020346,0.293302643669198,24.489009126375,2673.078
4.19962799193473,0.295165860833102,24.4967396581445,2675.984
4.19963832424062,0.292894646064245,24.4851104926545,2678.89
4.19982266138268,0.29662627960356,24.4814019919815,2681.797
4.19981344811665,0.296734404648064,24.4824005163024,2684.703
4.199815130678,0.295927031446961,24.4852417266604,2687.609
4.1999898465769,0.294695615294799,24.4841689935654,2690.515
4.19996585436542,0.294693806439355,24.4815713218518,2693.422
4.20016386985696,0.297661179315679,24.4803780802879,2696.344
4.20024200817349,0.295802600211528,24.4828300223066,2699.281
4.20013311522582,0.293215536861313,24.4758944505367,2702.187
4.20021692312962,0.292634912764904,24.4771382178043,2705.094
4.20024091846719,0.294184246869723,24.4662268108039,2708
4.20035298145417,0.296841549413287,24.4760216946365,2710.906
4.20034116414666,0.294046089015348,24.4690880373493,2713.812
4.20063519900966,0.294452662950536,24.4660480622165,2716.734
4.19950752483795,0.285141605668708,24.4616040144288,2719.64
4.1997665196317,0.283692233512028,24.4592827674855,2722.547
4.19891798271078,0.275364100323297,24.4516473986186,2725.453
4.19852800148197,0.272760921071951,24.4534914109624,2728.359
4.19902984186734,0.275360745623149,24.459791674246,2731.297
4.19872908245164,0.27256324846986,24.4545492620638,2734.203
4.19882598177245,0.275707089585881,24.4436671333663,2737.109
4.1985075687732,0.274638367339849,24.4382760179591,2740.015
4.19889282582231,0.27188040021041,24.4492251164456,2742.922
4.19864132118692,0.274115308520264,24.4352312173464,2745.828
4.19892561531889,0.273483827314082,24.4300372780587,2748.734
4.19896796939041,0.273688578924394,24.439666898755,2751.656
4.19897563946833,0.272593362798546,24.441935707587,2754.562
4.19920001964078,0.275368205721492,24.4395922926835,2757.469
4.19898323070085,0.274060492990992,24.4374354738462,2760.375
4.19911244888421,0.275391881907797,24.4286322868555,2763.312
4.19910535309255,0.273794245516081,24.4262045305848,2766.219
4.19930005983661,0.272156596139518,24.4360517059882,2769.125
4.19933141100872,0.275076714149551,24.4426880078938,2772.031
4.19906592043633,0.270642938728722,24.4395594188742,2774.953
4.19914210751566,0.273115498796698,24.430339388831,2777.859
4.19937639150938,0.271695618856967,24.434093614375,2780.765
4.19931734216324,0.273318265608354,24.4261222698181,2783.672
4.19963373497568,0.270568181456898,24.4253975926995,2786.578
4.19933636015791,0.273083655643945,24.4267083759509,2789.5
4.19932547612495,0.271837180390875,24.4175943859836,2792.406
4.19962155146653,0.275079686211911,24.4253852288522,2795.312
4.19978866577124,0.270379948768914,24.4236455779827,2798.219
4.19982331975819,0.270530603749187,24.4260939380306,2801.125
4.19961033734451,0.274151975212556,24.4199949973006,2804.031
4.19955818945451,0.274568165772296,24.4196398581778,2806.937
4.19973895323971,0.274295861408223,24.4147858852479,2809.844
4.20006154259273,0.270005739810559,24.4231942712527,2812.765
4.19997365803869,0.272927133303791,24.4198286983879,2815.672
4.19984387923179,0.273125190183174,24.406078763455,2818.578
4.1999517731933,0.271254362481773,24.4120615427597,2821.484
4.20006220627005,0.271537450004098,24.4088030968363,2824.39
4.20023837180406,0.268559496008631,24.3941629554226,2827.297
4.20024147779708,0.271138154480875,24.3916086253457,2830.203
4.20042883594605,0.270234485264036,24.4000445289675,2833.125
4.20003744196908,0.272229510337803,24.401522418623,2836.031
4.20052779696797,0.26892402105563,24.4023360558703,2838.937
4.20041799165105,0.269814360313723,24.3924712249144,2841.844
4.20054479293233,0.271030852751569,24.3886508981017,2844.75
4.20059382405566,0.271826722590636,24.3874738695757,2847.672
4.19964239817221,0.260206197942163,24.3946859531401,2850.578
4.1988537347553,0.254016957800045,24.3947198808737,2853.515
4.19873968682938,0.25287772822442,24.3901187959986,2856.578
4.19883711563511,0.250838538329423,24.3820901299845,2859.562
4.19884052377359,0.250893868553715,24.389459095048,2862.531
4.19876428061922,0.251480025196632,24.3870277715423,2865.469
4.19907252534477,0.250387539047861,24.3827733865484,2868.39
4.19885783621539,0.254197491989292,24.3826981677032,2871.297
4.19860087921145,0.250693077481591,24.386664582065,2874.203
4.19872912007359,0.251819124787419,24.3705881292655,2877.125
4.19882858575669,0.2545214684932,24.3739711799081,2880.031
4.19905462832697,0.250475238798076,24.3717985213683,2882.953
4.19912048896253,0.253544432864396,24.3649278410613,2885.859
4.19900747692267,0.249679131103718,24.3707715316132,2888.765
4.19905298094929,0.249150724607884,24.3630316206967,2891.672
4.19861775530717,0.248870765627112,24.3635358492641,2894.578
4.19900942271884,0.252322597114103,24.3706152264598,2897.5
4.19911019154547,0.25101269678005,24.3624528606933,2900.422
4.19930764536863,0.250377335613131,24.3675671473465,2903.328
4.19933869761776,0.251161331551109,24.3588419648599,2906.25
4.19941728776995,0.251881752521443,24.3582966837019,2909.156
4.19936526805631,0.247221908802233,24.362913362928,2912.078
4.19926212921997,0.248016067807273,24.3558117653743,2915
4.19954450520486,0.248756916100034,24.349395771695,2917.906
4.19950855830964,0.249831105848798,24.3485247192473,2920.828
4.1992535715472,0.2520960293493,24.3506432365141,2923.734
4.19941923137299,0.249681570044355,24.3496034009414,2926.672
4.1997041376407,0.251662648333365,24.3506861909044,2929.687
4.19958817332967,0.250080709136438,24.3429773502026,2932.656
4.19967580292375,0.247671990108682,24.3446694879144,2935.64
4.19954274837712,0.248847515715339,24.3484406962864,2938.562
4.1996622481339,0.250621380888661,24.3545881145918,2941.484
4.19964686283713,0.249014445557463,24.3480809737137,2944.39
4.1997640580083,0.25151209858638,24.348374164915,2947.312
4.20010513626519,0.246192759840336,24.3438848323153,2950.219
4.19983623639332,0.250361512098745,24.339402040876,2953.14
4.19992233903166,0.249839012343888,24.3432522479361,2956.047
4.19999538094996,0.24970651386402,24.3410331875242,2958.969
4.1999967523267,0.249888490378543,24.3316233201367,2961.875
4.20012387194169,0.250986114114915,24.3339717891025,2964.781
4.20000059320202,0.248885659099996,24.3316808100894,2967.703
4.20023116685027,0.246802033881818,24.3315372301413,2970.609
4.20017404348505,0.247564328163805,24.3210778107462,2973.531
4.20011095542358,0.249634847541826,24.3199442066551,2976.453
4.20033507360283,0.248156209925607,24.3208778911336,2979.359
4.2003231962882,0.246282805116646,24.3246427390122,2982.281
4.20043656777636,0.24693185989396,24.3271131403024,2985.187
4.20045891234586,0.247264281607837,24.3260663638171,2988.109
4.20066164082319,0.248820675733687,24.3213573845654,2991.015
4.19966965520103,0.236742336205446,24.3238587912273,2993.937
4.19955030593262,0.237877362557443,24.3260453186906,2996.844
4.19958702340102,0.237012675923095,24.3182426816563,2999.797
4.19982117511652,0.235685491223132,24.3170517543609,3002.703
4.20006688539276,0.236497554447225,24.3154197255319,3005.64
4.19968466618871,0.23681795225001,24.3175063116037,3008.562
4.19979942941569,0.238995094175646,24.3126390863235,3011.5
4.19969151096124,0.237050610258169,24.3087963993257,3014.406
4.19991419565029,0.235836845836624,24.3058385801922,3017.328
4.19977276122773,0.237448456430401,24.3073047546538,3020.234
4.2001022280658,0.237545323886233,24.3037284998339,3023.14
4.20016695513426,0.235141930893909,24.307736870144,3026.047
4.19995539845478,0.233875408763095,24.2967680493614,3028.969
4.2001889278138,0.23695439884865,24.3035343618677,3031.875
4.20026673563482,0.235314567761905,24.3020160575248,3034.781
4.20012129933552,0.238534370705926,24.3055250648783,3037.703
4.20021413629752,0.234958782581308,24.3106664521671,3040.609
4.20014714657438,0.238044826708571,24.3057506133761,3043.547
4.20029605092325,0.236392725856757,24.2957025120378,3046.453
4.20005518560912,0.236730100156963,24.2976055861759,3049.375
4.20024566793501,0.236006171224246,24.2892372187511,3052.281
4.20046252574774,0.237952289282329,24.2893368435553,3055.187
4.20085677107541,0.236468783389418,24.2884359133881,3058.109
4.19951040974966,0.228061347956788,24.291283456812,3061.015
4.19957123680687,0.227759180103002,24.3007517823834,3063.922
4.1995380569331,0.226235227710376,24.2941059973372,3066.828
4.19968589388713,0.227129554382028,24.2933170313038,3069.75
4.19971585613545,0.221961584452864,24.29219682267,3072.656
4.19977565500905,0.226474304855795,24.2850853795376,3075.562
4.19929721376848,0.22990747519565,24.2850747598043,3078.484
4.19984915896203,0.226081515716014,24.2873169282356,3081.39
4.19951876727654,0.226171817500595,24.2838840247965,3084.297
4.1996821422944,0.224653391844241,24.2889827907411,3087.219
4.19973528078625,0.225754619978086,24.284916175318,3090.125
4.19986567835907,0.22595537004412,24.2795626287857,3093.031
4.19986840964013,0.227007748929566,24.2808178503854,3095.937
4.19971697525178,0.223797032654705,24.2846219583044,3098.859
4.20001956750957,0.223839487954758,24.2793430659681,3101.765
4.19979874664014,0.22968463873853,24.2885023081715,3104.672
4.19996781367253,0.224398495908107,24.2826049903163,3107.578
4.19999688660031,0.22330993593323,24.2755687274131,3110.5
4.2002457018116,0.224073788026771,24.2860769917207,3113.406
4.19989284144215,0.222702608392683,24.2752730236787,3116.312
4.20002735602341,0.222892426713702,24.2735812665589,3119.234
4.19990409828735,0.222336950844687,24.2730620850936,3122.14
4.1999536629574,0.223146791210732,24.2789165317619,3125.047
4.20007411645376,0.222918890140133,24.2700393632936,3127.953
4.2002934429783,0.223373425825346,24.2728439957871,3130.875
4.20018711255258,0.227055629601335,24.2736875782682,3133.781
4.20070122851323,0.222537158042333,24.2623099738374,3136.687
4.19926174428839,0.216102107358205,24.2607718304887,3139.594
4.19939325713171,0.21424614381101,24.2667107846126,3142.515
4.19967015208398,0.217262707640156,24.2591262206464,3145.422
4.19968527081233,0.216619219879399,24.2576098239378,3148.328
4.19968570629942,0.214857356547261,24.253780660006,3151.25
4.19988544813832,0.213687451326676,24.2546516923437,3154.156
4.19978599722874,0.214684222253145,24.2516508827046,3157.062
4.19975873040601,0.21916847497681,24.255096892277,3159.984
4.19960646157257,0.21468682509589,24.2513498909106,3162.89
4.19989962530192,0.215842989262458,24.2543838245073,3165.797
4.1996367940622,0.216840334390888,24.2497500691437,3168.703
4.19978397306699,0.214302792959564,24.255885570547,3171.609
4.19982289443838,0.213824403034581,24.2519394527862,3174.531
4.19998032546713,0.211821098756543,24.2438141416937,3177.469
4.19970591610107,0.214605221315963,24.2484160384423,3180.375
4.19979215689781,0.214830213144116,24.2450077663534,3183.297
4.19981357143214,0.211060175469479,24.2473500047444,3186.203
4.19979619258419,0.210749025126706,24.2467893097681,3189.109
4.20003916166559,0.216342582196519,24.2381634876882,3192.015
4.19994919538759,0.215259414838549,24.2389905197535,3194.922
4.20012539891004,0.213894797323649,24.2380305104327,3197.844
4.20079820012162,0.21259849174392,24.2332892254161,3200.75
4.19944718129202,0.202876774865024,24.2349096849272,3203.656
4.19930673010649,0.204336964968347,24.2280612829354,3206.562
4.19972483383964,0.201997484835558,24.2260567285169,3209.5
4.19939738617911,0.204683567784407,24.2252375718004,3212.406
4.19945216818692,0.200458836395029,24.228252840978,3215.312
4.19940172557769,0.207681284250688,24.2184758658575,3218.234
4.19926930490873,0.204141733002869,24.2235219125098,3221.14
4.19951061840676,0.202747292126778,24.2242929157381,3224.047
4.19961445782021,0.204529198899831,24.2192760793468,3226.953
4.19933815183246,0.203384333600629,24.2124305873333,3229.875
4.19947241051127,0.202244533025403,24.212748829133,3232.781
4.1993784740321,0.200426311199263,24.2195158526553,3235.687
4.1992999927952,0.204894629849127,24.2230507334939,3238.594
4.19950917141477,0.19920080115457,24.2194883539681,3241.5
4.19955775344441,0.202994283749102,24.2174841122539,3244.422
4.1999155257293,0.200809417182214,24.2159930826668,3247.344
4.1996178981966,0.199297441562441,24.2142028016145,3250.25
4.19961922347916,0.206562756257516,24.2078532901695,3253.156
4.19939734851409,0.204959502002002,24.1994042908894,3256.062
4.19939664932417,0.204528789956963,24.2070202335944,3258.969
4.19971130461087,0.20094926190323,24.2061311319318,3261.89
4.19974062735047,0.199998876510916,24.2058735006447,3264.797
4.19983538688992,0.200094428631563,24.2120623099169,3267.703
4.19982264802559,0.204792460685287,24.211109708166,3270.609
4.19965355597968,0.205867098515077,24.1981531270048,3273.515
4.1998006811177,0.19901552173731,24.1998106290884,3276.437
4.19965247480761,0.200630725068525,24.207876916464,3279.375
4.20009603046428,0.199665952486859,24.2014697957505,3282.312
4.19992614995022,0.203529521086204,24.2030720734315,3285.219
4.19990350887215,0.203146262355239,24.2075837267459,3288.125
4.20036913124841,0.201320696400704,24.2021630462107,3291.047
4.20001272387166,0.200893340320067,24.2073639603123,3293.953
4.2000944498274,0.202748255974377,24.2000040907065,3296.859
4.20029679133586,0.202275863260087,24.1981050754055,3299.765
4.20036785578358,0.200946999827481,24.1931660980584,3302.672
4.20028767001486,0.201396163535414,24.194092454287,3305.578
4.20053067111019,0.199997014094389,24.1968038353734,3308.5
4.20048650943949,0.201865539512617,24.190500325219,3311.406
4.20024162990028,0.199964901679677,24.1975385637873,3314.344
4.20044600179323,0.204056952721209,24.1953962172632,3317.25
4.20036479049062,0.202306451969199,24.1945463780278,3320.156
4.20037118904362,0.202882243475749,24.1889745668195,3323.062
4.20026529938836,0.200001299721861,24.1921825389798,3325.984
4.20064026494129,0.200685266160099,24.1912019066205,3328.89
4.1997196057611,0.188415049667964,24.1862935417107,3331.797
4.19999138732493,0.191766833382838,24.1900607629439,3334.703
4.19952913331657,0.193340595751448,24.1893766289199,3337.609
4.19991360657393,0.187625435954655,24.1959715234964,3340.515
4.19960935964331,0.192863716653397,24.1879104332124,3343.437
4.1995425653912,0.191210075634274,24.1812637635843,3346.344
4.19958682148253,0.192408898710169,24.1749431054047,3349.265
4.19990325563771,0.192084684881538,24.1853559135585,3352.172
4.19980452458964,0.192404934658065,24.1732031379066,3355.078
4.19994565502983,0.188473697547701,24.1740735896967,3357.984
4.19966499006493,0.190484619785706,24.1776728043273,3360.89
4.19982854986958,0.190153046895323,24.1764935882856,3363.812
4.19988539032759,0.192154354127959,24.178001020546,3366.719
4.19970412607855,0.188117794977262,24.1711038488846,3369.625
4.19987165816383,0.190881103644877,24.1738237731509,3372.531
4.20014609136903,0.185436559586901,24.1675429583992,3375.437
4.20006411104269,0.189538858229458,24.1646300140291,3378.359
4.20001338202332,0.190956296648907,24.1669016220847,3381.265
4.20006312508746,0.191913565312096,24.1620779201665,3384.172
4.20026284951823,0.189168406768479,24.1657408976628,3387.094
4.20011894261035,0.189978434096223,24.1662040909685,3390
4.20000948241386,0.189404711749536,24.1689895695762,3392.906
4.20038765459176,0.189837991230898,24.1611831664854,3395.812
4.20023445640416,0.191988103856599,24.167993221882,3398.719
4.20000939459759,0.189460637183234,24.1594047455724,3401.625
4.20044075621116,0.189487953972416,24.159885992628,3404.531
4.20039584552015,0.189086828354493,24.15909964223,3407.453
4.19999696108403,0.191960421790477,24.1580981515497,3410.359
4.20036266585809,0.189978497000413,24.1577520390154,3413.265
4.20044543170189,0.188938133402895,24.1577887701255,3416.172
4.20015559647454,0.189876014479011,24.1526586098054,3419.094
4.20042946507267,0.189797229576661,24.1584655555845,3422
4.20047898230403,0.190758906744927,24.1551714268971,3424.906
4.20025496661961,0.192291079535639,24.1579424771798,3427.812
4.20057145392055,0.188891392760246,24.15391627481,3430.719
4.19975120038738,0.177015453273555,24.1514762000737,3433.625
4.19974524409169,0.18248021851299,24.1557740095774,3436.547
4.19972004001042,0.177566528496667,24.1575840013845,3439.453
4.20003339156604,0.180263566322884,24.1556788444927,3442.359
4.1997784773561,0.176800147581154,24.1488385722227,3445.281
4.19972457797656,0.18274197170316,24.1547850607028,3448.187
4.19997961539045,0.180635114635444,24.1447029970865,3451.094
4.20000098245547,0.182522068123661,24.1406409002118,3454.015
4.19995886651975,0.178908844685464,24.1456282492286,3456.922
4.19975594215065,0.179010376522295,24.1433750480873,3459.828
4.19977060686923,0.181243069355919,24.1450043196443,3462.75
4.20009264405812,0.17757281382662,24.135173385014,3465.656
4.20001433621149,0.176096593736845,24.1439647743796,3468.562
4.19993069676833,0.180132271697491,24.1406889067641,3471.469
4.1998460950484,0.1801964190753,24.138621597257,3474.375
4.20014242933502,0.178018549918334,24.1459698729926,3477.297
4.19994951311298,0.178475777444904,24.1432619648316,3480.203
4.20011470654882,0.179611656966227,24.1419825850615,3483.125
4.20008819248971,0.180255729684007,24.145546762462,3486.031
4.19995069425685,0.179448946541005,24.1374595870827,3488.937
4.20016276399369,0.179382223778481,24.1399012207804,3491.875
4.2004889526606,0.179481602533534,24.1349140027214,3494.844
4.20012566210031,0.17590189645295,24.132960372551,3497.812
4.20011630255251,0.18193255220991,24.1384551135268,3500.734
4.2001921501357,0.177125379010467,24.1427514851479,3503.64
4.20033694133639,0.17739712477234,24.1334493552356,3506.547
4.20033179088387,0.176936094981473,24.1396312760087,3509.469
4.2002360486809,0.178262201844619,24.1355067317908,3512.375
4.20066590405107,0.175697089632714,24.1348546503661,3515.281
4.20045835297129,0.177432290389383,24.1313312159878,3518.187
4.2003593817132,0.179437886917225,24.1279829147494,3521.109
4.20054157282896,0.177626171374891,24.1262828831577,3524.015
4.2003683424451,0.176943916013205,24.1279141465896,3526.922
4.20052144427754,0.176263939388662,24.1303648587082,3529.859
4.20068930350128,0.173661183922967,24.119396195099,3532.781
4.20066295547728,0.177290279142448,24.1238593946434,3535.687
4.20048163699812,0.177815703555139,24.1239098911432,3538.594
4.2008130153641,0.177200920783349,24.127341250799,3541.515
4.20069568873598,0.17769030591929,24.1195659099462,3544.422
4.20051477734944,0.179647695820858,24.1223303730176,3547.328
4.20067148379977,0.181916853532378,24.1149879270881,3550.25
4.20070890775347,0.176735080539379,24.1161496677251,3553.156
4.20084919469503,0.177712400761858,24.1169140996009,3556.062
4.20068597156913,0.177694254192526,24.1188709875702,3558.984
4.20080992844575,0.178499174059747,24.1102221896693,3561.89
4.20086949243462,0.177242479789273,24.1251361108053,3564.812
4.20085656018722,0.174039507093039,24.1146611032528,3567.719
4.20091264045742,0.175489003303527,24.1076798334577,3570.625
4.20075379499002,0.178590715859327,24.1106076732211,3573.547
4.20102119773493,0.176795754697108,24.1114885984018,3576.469
4.20111316872215,0.176154337188224,24.1060533878635,3579.375
4.20135917991543,0.17749936494921,24.1110177517616,3582.281
4.20092600264341,0.178494080680198,24.1196659992241,3585.187
4.20105901141767,0.175126366777107,24.1131711921087,3588.109
4.20119804677904,0.175063283299226,24.1030479289716,3591.015
4.20148776179055,0.174140725100943,24.1029766900277,3593.922
4.20139845964945,0.17915765014273,24.0969498047905,3596.844
4.20140028556997,0.1807997936818,24.1026647025688,3599.765
4.20096662150458,0.178396557915364,24.1098686748936,3602.672
4.20146291890865,0.176303444790871,24.1002497547665,3605.578
4.20137948700743,0.173933953846529,24.1016842206863,3608.5
4.20142532050001,0.175847619601264,24.1063628737104,3611.406
4.20162383504161,0.177153798231225,24.1030515021314,3614.328
4.20057206859648,0.162800809223668,24.1040932001267,3617.234
4.199890861082,0.156480122501917,24.1001687130065,3620.156
4.19950493584188,0.155419690275929,24.1019394820307,3623.062
4.19935445831315,0.156786738465154,24.0951909703604,3625.969
4.19972706378607,0.154019561664285,24.0930728394134,3628.89
4.19975319657749,0.154063273702102,24.0896824322721,3631.797
4.19973289741848,0.153766267332476,24.0956679458676,3634.719
4.19954959475782,0.15644566728194,24.0926057740628,3637.672
4.19969634617118,0.159910137840857,24.0992912782759,3640.656
4.19942998335978,0.156889489173419,24.0852807035911,3643.703
4.19961660527923,0.15937509648871,24.0902336401254,3646.687
4.19957968594307,0.158698515018702,24.0976976292678,3649.594
4.19976960718859,0.158171295928957,24.0902030398466,3652.531
4.19981635694273,0.154755410208627,24.0951612127525,3655.453
4.19965909033475,0.159931783252084,24.0855895440128,3658.375
4.19994846561584,0.156627451502571,24.0806375370994,3661.281
4.1997566337926,0.155010081045362,24.0821276745133,3664.187
4.19973181235145,0.154544768537755,24.0915340245005,3667.109
4.19984535349774,0.155274581079219,24.0829155563456,3670.015
4.19983364161896,0.156590659585128,24.0825006450904,3672.937
4.19965615304692,0.159092355965596,24.0852020819596,3675.844
4.19998157190301,0.156070324478779,24.0805472465632,3678.765
4.19998760479936,0.155708883253387,24.079179042258,3681.687
4.19979473496209,0.155197706943117,24.0802538783971,3684.609
4.19980655071133,0.155222853615941,24.079187983547,3687.515
4.2000992599661,0.157259687970382,24.0780983855194,3690.437
4.20015164927768,0.153729934956288,24.0782739109396,3693.344
4.20026238941516,0.153239975415636,24.0804711159962,3696.265
4.2000235383734,0.156426693793346,24.0736026406958,3699.172
4.20014953512885,0.151328342271746,24.0710008231055,3702.094
4.19990532995355,0.154771638231508,24.0749000347721,3705
4.20003127347444,0.15494059098325,24.0811566970737,3707.922
4.20006238811565,0.156352756603558,24.0830671008789,3710.828
4.20026509783105,0.155039904644884,24.0793810048063,3713.75
4.20021516709775,0.158206661930693,24.0707894174388,3716.672
4.20032699379994,0.1574119935573,24.0825284573794,3719.594
4.20041916189132,0.15566628356361,24.0785351606228,3722.5
4.20023285234627,0.157395689718903,24.0757467312615,3725.422
4.20004362702983,0.157784629950107,24.0710774691187,3728.328
4.20045350123351,0.157118713579284,24.0751781373438,3731.265
4.2003108059783,0.156960039158272,24.0735134545682,3734.187
4.2000632342187,0.154368326341884,24.0626804825528,3737.094
4.20037852369935,0.155419684191799,24.067504070312,3740.015
4.20032257943004,0.153712316206397,24.0688194441841,3742.922
4.20007709661951,0.155731472157712,24.06503705889,3745.844
4.20042754995692,0.153545177013728,24.0711230632788,3748.75
4.20087746556873,0.155349205933468,24.0624375171073,3751.672
4.1997501500718,0.143568467537084,24.0651614729226,3754.578
4.19965221593472,0.143380208873316,24.0699243769569,3757.5
4.19953733894395,0.143651761226769,24.0622818498998,3760.406
4.19950433699625,0.145517086644808,24.070673856882,3763.359
4.19942677282691,0.147269386411969,24.0720741960149,3766.265
4.19953741704396,0.148611854949703,24.0671106642592,3769.187
4.19962569492315,0.147425412965024,24.0669180583526,3772.094
4.19957089586555,0.139904578930293,24.0720567737878,3775.015
4.1995818121978,0.141863604002484,24.0688047272657,3777.937
4.19941454575035,0.143892536174833,24.0610896475741,3780.844
4.19962012994056,0.144417880905665,24.0620912914476,3783.765
4.19947089132442,0.146190634370318,24.0538687633819,3786.687
4.19941031654848,0.143895707253038,24.0458764236447,3789.594
4.1993390333426,0.143635968468402,24.0527606369002,3792.515
4.19969961343897,0.144687802539761,24.0542996026906,3795.422
4.1996218934214,0.144564689322055,24.0549819292601,3798.359
4.19961134005706,0.143854044897739,24.0548475999703,3801.265
4.19984454651846,0.147739466001974,24.0573769347174,3804.187
4.19981033757111,0.143574286292938,24.0514459221169,3807.094
4.19961357222401,0.142366301419596,24.0511714629159,3810.015
4.19949173777861,0.141733022942951,24.0488598088377,3812.922
4.19961693692412,0.144052867495143,24.0516399205742,3815.844
4.19986266387662,0.140482108619601,24.0499843633635,3818.75
4.19965076777176,0.142326697593322,24.0470452267468,3821.672
4.19979507566177,0.143539889243818,24.0463772197401,3824.578
4.19992568073688,0.144258168410853,24.0427460266718,3827.484
4.19992891307436,0.147378918808996,24.04929664057,3830.406
4.20001072974411,0.144630097876896,24.0462262901601,3833.328
4.1999512930026,0.142073828722348,24.0505516787751,3836.234
4.20003375145406,0.145978713415545,24.0428126359176,3839.156
4.19976909347545,0.144610161719862,24.0508792841784,3842.062
4.20012362347242,0.145917080986341,24.0482682043606,3844.984
4.20007214473084,0.14320088952342,24.0480945014619,3847.89
4.20007919557857,0.144838595523502,24.0481092167613,3850.797
4.20010693983718,0.144340260363502,24.044612561913,3853.719
4.20022175370784,0.145847535689018,24.0459112958377,3856.625
4.2000951197968,0.144294787087202,24.0538468752832,3859.547
4.19979096581274,0.139287531144236,24.0424489892474,3862.469
4.20042650336904,0.1419839842343,24.0457781716977,3865.406
4.20001767895743,0.143420158679043,24.0430340349252,3868.328
4.20026735162583,0.143980106197898,24.0399667528017,3871.234
4.20032309726208,0.143237719040881,24.0393799023854,3874.156
4.20047901944931,0.142959735563013,24.0374991740881,3877.062
4.20029339296572,0.144405597865129,24.0332782825166,3879.969
4.20039758581076,0.147217430968037,24.0344633855266,3882.89
4.20027217077123,0.145907088381239,24.0393709537705,3885.797
4.20033391175288,0.144285291058805,24.0382213461397,3888.719
4.20013189536981,0.14461066819795,24.0361131266721,3891.625
4.20037838911419,0.142457709245788,24.0401701111732,3894.531
4.20051565903569,0.142918322928895,24.029540745635,3897.484
4.20054607033797,0.142064548808084,24.0349426912657,3900.39
4.20035537500259,0.1391179905979,24.0295235586973,3903.297
4.20066867259322,0.143886415859277,24.0374765881111,3906.219
4.19953408290066,0.134743109146121,24.0318248491351,3909.125
4.19978131491216,0.130763159925731,24.0322545302769,3912.047
4.19962898371351,0.132434987604954,24.0335615407966,3914.969
4.19942511395287,0.135113991713037,24.0275838548426,3917.875
4.19950637146629,0.133291803440262,24.0324185602085,3920.781
4.19969186262364,0.136238802976863,24.0352673930459,3923.703
4.19946838112376,0.134666609864657,24.0288065130863,3926.609
4.19951165285039,0.130612132283831,24.0295745610363,3929.515
4.19979602453377,0.135124974448633,24.0288581656263,3932.437
4.19939271996488,0.134633650743361,24.0288754074945,3935.359
4.19974838200791,0.131913409964847,24.0197331819379,3938.265
4.19977086067761,0.132207937212575,24.0250179007356,3941.172
4.19961434668298,0.133284380498601,24.0268238321463,3944.094
4.19963464050069,0.134590505488094,24.0242621632792,3947.078
4.19971775136715,0.133948590265388,24.0275595332178,3950.062
4.19986532350456,0.131808383634599,24.0362645929498,3953.047
4.19964927625346,0.133386003920706,24.0218145096616,3955.969
4.19971708203819,0.134988334641706,24.0221038829219,3958.89
4.19951379884878,0.134306012955293,24.031253535661,3961.906
4.19976661812349,0.133140917405143,24.0220886231253,3964.89
4.19975729763307,0.135897739709282,24.0306167938909,3967.875
4.19981306626547,0.133722647255272,24.026063059878,3970.797
4.19963659088174,0.134705303304405,24.0307397430144,3973.719
4.19976818900784,0.133196927913135,24.0315107497307,3976.672
4.2000161071526,0.129115211142478,24.0267820941074,3979.578
4.19983490385959,0.134236760594641,24.028283446522,3982.5
4.19991609845904,0.132263580056415,24.0180218274244,3985.406
4.20011459929092,0.13400746586794,24.0137503242297,3988.328
4.1998309625411,0.131053614457958,24.0172172769875,3991.25
4.20003132777415,0.130204332583558,24.0119942370419,3994.156
4.199941538008,0.132570394335381,24.0075638094851,3997.078
4.20006442206091,0.135448143986867,24.0012121926844,3999.984
4.19982982171469,0.131877006449858,24.0106784510286,4002.906
4.20021861336115,0.130983376240414,24.0123683549539,4005.812
4.19997418799583,0.132681244669375,24.0156551366088,4008.765
4.199984918447,0.133598515410945,24.0092811579239,4011.672
4.20020382523898,0.130511433668073,24.0114952984842,4014.594
4.20016724321273,0.137613494243139,24.0112842480985,4017.5
4.20038166845101,0.132918283448355,24.00580488754,4020.422
4.20036119145936,0.133661849407927,24.0095952077368,4023.328
4.20029021056303,0.132762900351812,24.0169955530616,4026.25
4.20013377328787,0.133060422717976,24.0086968670777,4029.156
4.20031331663844,0.132533886666835,24.0020177331536,4032.078
4.20035596789982,0.12905687253264,24.0125119138015,4034.984
4.2002988825102,0.134013371212497,24.0191824575067,4037.906
4.20055270262248,0.131124774615249,24.0008494520934,4040.812
4.19927170127183,0.123480088486464,24.0073277786456,4043.734
4.19930888532724,0.126693410475785,24.0089952227274,4046.656
4.19940837332942,0.12047929569745,23.999788455322,4049.562
4.19944220026289,0.121863353889479,24.0034640074012,4052.484
4.19942160922167,0.123831400380789,24.0104145006696,4055.39
4.1995585166007,0.119996779267958,24.0075757702077,4058.312
4.19925136811576,0.124251754405602,24.0078857128047,4061.219
4.19952445057602,0.124894161578923,24.0116176579544,4064.14
4.19927876819368,0.124082722504084,24.0086202181991,4067.047
4.19943776859692,0.123714216256882,24.0078342707209,4069.969
4.19957732181776,0.11796579772702,24.0049677544674,4072.875
4.19918802474257,0.121740042526607,24.0118862713426,4075.797
4.19963647946948,0.122319904142712,24.0134261924504,4078.703
4.19964181382888,0.118398958072314,23.9982356145855,4081.625
4.19937282527116,0.121697512835091,24.0056831362406,4084.547
4.19953147167085,0.119121183515557,23.9979349933883,4087.453
4.1992520614123,0.123858537868106,23.9977609356491,4090.359
4.19956680793294,0.120759116084512,23.9952546455524,4093.281
4.19979693939513,0.122099199822957,24.0076116447487,4096.187
4.19973095307082,0.123691194745435,24.0006555786366,4099.109
4.19957519594399,0.124329981553641,23.9954625218406,4102.031
4.19930675594969,0.124698956960927,23.991634445408,4104.937
4.19943910254855,0.117579183783261,23.9930372947527,4107.859
4.19989943701543,0.123012681122953,23.9998656655289,4110.781
4.19966264018144,0.119279792684032,23.9976038007404,4113.687
4.20003699425819,0.122300271177445,23.9914029787307,4116.609
4.19977793180448,0.122978425543405,23.9864505164878,4119.531
4.19996315292251,0.127275216027876,23.9918274278582,4122.437
4.19970067718199,0.122013681203836,23.9938276685134,4125.359
4.19962010331512,0.120955950739563,23.9916535940454,4128.281
4.19980344061255,0.11977378329329,23.9933193473735,4131.187
4.19977520813948,0.123079562805466,23.9868179984312,4134.109
4.19973177684336,0.125534326060831,23.9874900427088,4137.031
4.20012913441115,0.120299864830318,23.9920126996724,4139.953
4.19969088191492,0.120319557774511,23.9817380567167,4142.859
4.19991676899876,0.120235911553119,23.978123915001,4145.812
4.20020058363503,0.118951035829331,23.9805267176575,4148.719
4.19975188310286,0.118475931144929,23.9921936221347,4151.625
4.19979127502689,0.122991459999526,23.9892081086208,4154.547
4.19988091021704,0.12071088646256,23.9871592603949,4157.453
4.19986564451161,0.123510761766022,23.9819253945594,4160.375
4.20016134096092,0.121307589668637,23.9845554537608,4163.359
4.2000197416387,0.121679441013858,23.9767969594758,4166.344
4.20016680441353,0.118108182007041,23.9892447743376,4169.328
4.19999908282983,0.122030737119058,23.9901959932433,4172.25
4.20004755329322,0.118847247319049,23.9830525743506,4175.172
4.20013854430403,0.120451823225106,23.9842706460954,4178.125
4.20032597204067,0.120538193283413,23.9830773932249,4181.031
4.20021648850031,0.122049005158757,23.9822940577202,4184.031
4.20023384506224,0.11954825644532,23.975553587839,4187
4.20022709413554,0.118554085451913,23.9724082177664,4190
4.20031150582208,0.119153685651432,23.9846733234371,4192.922
4.20040605792205,0.119664107954531,23.9816725221935,4195.844
4.20006737851022,0.121342564809245,23.9821263087662,4198.765
4.20023370354677,0.119544364984168,23.9895595808653,4201.672
4.20015900167307,0.119701622260154,23.9804748019199,4204.656
4.20040935756283,0.118150601526929,23.983178532694,4207.64
4.20021645188027,0.122367551216969,23.9798010337604,4210.656
4.20016176783507,0.122110211242563,23.98263723239,4213.578
4.20047997535701,0.120217651350193,23.9735803660481,4216.5
4.20049711517806,0.117891935858449,23.9692771526836,4219.5
4.20034873350266,0.120879368703625,23.9776501762709,4222.469
4.20043660730564,0.122794086321695,23.992026230245,4225.469
4.2003221051135,0.118940209112944,23.9723141273817,4228.39
4.20044002461908,0.122083329126789,23.9743071319432,4231.312
4.2005808103335,0.120170320255697,23.9774693858688,4234.219
4.20062498473597,0.117466064936354,23.9838756283835,4237.14
4.20054309920565,0.115841702660478,23.9862317678394,4240.047
4.20051904901337,0.120162316049237,23.9766655951311,4242.969
4.20072357743305,0.119387914336995,23.9789419522305,4245.89
4.20021592618026,0.121289264881474,23.9849088154055,4248.797
4.20052060094586,0.120120892501523,23.9697212462314,4251.719
4.20047193811928,0.118515131750223,23.9711048213649,4254.64
4.20040281649062,0.119269858473462,23.9687740985313,4257.547
4.20056637594412,0.11995464986465,23.9725120460999,4260.469
4.20059133978664,0.120173518118037,23.96032575559,4263.39
4.20041280979925,0.118129817428221,23.9811276251269,4266.297
4.2007802745559,0.119206311492673,23.9800845462499,4269.219
4.20078047681288,0.118029840664899,23.9742932408998,4272.125
4.2009874647841,0.119619414452662,23.9755995567977,4275.078
4.20087243287056,0.11912779006986,23.9729185061252,4277.984
4.20084081013505,0.12102918335283,23.9722236779715,4280.906
4.20089997338907,0.120494632175322,23.9743706220183,4283.828
4.20097051332516,0.115916676684533,23.9665143998834,4286.734
4.20097084756835,0.116813997800206,23.9644327969068,4289.656
4.20083640527501,0.119424096980117,23.97153311055,4292.562
4.20094703227836,0.119373144957187,23.9678273887978,4295.484
4.20100676974544,0.115255766038259,23.9751190215199,4298.406
4.20089799142079,0.121780008687759,23.964293389451,4301.312
4.20097257335226,0.119768560309767,23.9606492157965,4304.234
4.20087381634577,0.117562503585227,23.9647022028059,4307.172
4.20107566138392,0.120139919427578,23.9574643058544,4310.094
4.2011525785393,0.120310319880979,23.9518403357794,4313.031
4.2011846722619,0.118308855626597,23.9604460055104,4316.015
4.2010603588711,0.122943235840576,23.9641421535414,4319
4.20079165855642,0.112647460388941,23.959605308944,4321.984
4.20134122679761,0.125402796406144,23.9525942461124,4324.922
4.20111400431483,0.115621418261007,23.9574563581167,4327.844
4.20134647202283,0.118876159497473,23.9575777659201,4330.828
4.20115487818406,0.120590552482236,23.9664430746413,4333.812
4.20141795464874,0.117709667078206,23.9671635498379,4336.797
4.20156350303577,0.118927816236552,23.9656737821764,4339.734
4.20034509489046,0.108359726005296,23.9669194077495,4342.64
4.20051341896647,0.107661802797342,23.9564203605111,4345.578
4.20021873561989,0.107186757572987,23.9532652403348,4348.562
4.20039912130962,0.108051115799489,23.9590060908196,4351.547
4.20046630287197,0.111213020018583,23.9560407962719,4354.531
4.20045879485148,0.112366209452465,23.9597601284694,4357.453
4.20038520522306,0.109666605177728,23.9621874731569,4360.375
4.20046614092686,0.112026843725603,23.9576529043181,4363.375
4.20030966497284,0.113161268597445,23.9637969889116,4366.344
4.20033320431666,0.112741166151475,23.9668869441678,4369.328
4.20080618199866,0.106942619793062,23.9572646638626,4372.265
4.19921168651198,0.0973825360000221,23.9573850849169,4375.187
4.19916846257858,0.0943285658052116,23.9579892955898,4378.094
4.199407340833,0.0991591485085098,23.9551677785445,4381.094
4.19930516599599,0.0954685746160577,23.9590072114519,4384.062
4.19954320382229,0.0998316250674824,23.9504835138675,4387.047
4.19930686047216,0.096488522238521,23.9457024808124,4389.984
4.19939623396593,0.0986755721005517,23.9537068133156,4392.906
4.19946557048035,0.102238431554024,23.9549254167,4395.89
4.19922116975098,0.0998978495496953,23.9538869878408,4398.875
4.19945780581057,0.0994852903761568,23.9473589225238,4401.859
4.19938168979955,0.100609391927746,23.94576859648,4404.781
4.1994658068636,0.0951898752082345,23.9512132250673,4407.719
4.19935853455551,0.100550326563375,23.9482884008646,4410.625
4.19839248478919,0.0908844810637123,23.952264431795,4413.625
4.19840240498493,0.0882197159236147,23.9478598639636,4416.594
4.19846565165486,0.089689452143593,23.9442723578725,4419.578
4.19828511430857,0.0844519874804935,23.9443495001603,4422.515
4.19821356451795,0.0891109608669042,23.9470582387648,4425.437
4.19838338382251,0.0867823395200403,23.9419681283196,4428.359
4.19835893425249,0.0905637823048627,23.9465286173637,4431.344
4.19814637879619,0.0868194489569922,23.9453405421702,4434.328
4.19831291403292,0.0910612695085388,23.9440809231832,4437.312
4.19761091591322,0.0771977386615496,23.9482973052761,4440.25
4.19750735316548,0.0808576293843827,23.9438285566695,4443.172
4.19743537981385,0.0811703888416434,23.9460418396787,4446.094
4.1974545702807,0.0802635742592126,23.9477961547523,4449.078
4.19729336651323,0.076926000144506,23.9443647478605,4452.047
4.19736527717357,0.0810141566152229,23.9459692989292,4455.031
4.19726945168544,0.0777349859871318,23.9429275451043,4457.969
4.19722802801662,0.0790481222220488,23.9461754776784,4460.89
4.19709728954572,0.0848935826890104,23.9365369168992,4463.797
4.19746436665416,0.0798444772240892,23.9427940559805,4466.719
4.19703390983693,0.0792259871763723,23.9321746980508,4469.625
4.19694505375727,0.079852892828506,23.9381601712746,4472.547
4.1970730364759,0.0792971948009013,23.9445763621601,4475.469
4.19717756643137,0.0811563434611503,23.9422037784134,4478.375
4.19697836081864,0.0826591754574329,23.9403101867261,4481.297
4.19715563743122,0.0798300012166186,23.9446228850098,4484.234
4.19720613025633,0.0810366902956052,23.9460317930878,4487.156
4.19739572666499,0.0795850067139909,23.9374664741514,4490.062
4.19713097946932,0.0796224256451007,23.9409091623552,4492.984
4.19716903631747,0.0794268330642461,23.934088960967,4495.906
4.19740043540657,0.0803391822275095,23.9377924061056,4498.812
4.19722307957961,0.0811735471475933,23.9398284974293,4501.734
4.19729973363274,0.0797694220522287,23.9300185295235,4504.64
4.19719114688032,0.0819301315701013,23.9316844654981,4507.562
4.19738067664236,0.0819514450917464,23.9287141546769,4510.484
4.19713366480005,0.0785085450631559,23.9310486018303,4513.39
4.19713924953873,0.0781549286340855,23.9266774840877,4516.344
4.19721241737553,0.0780433656301888,23.9394231966594,4519.25
4.19725045063758,0.0815909194640966,23.9395329689637,4522.172
4.19723136738168,0.0793265509291141,23.9366160156552,4525.078
4.1967041547544,0.0784882351143085,23.9414900171069,4528
4.19719829857857,0.0803756446360981,23.9307251912876,4530.922
4.19716716820537,0.0801358304753961,23.933768280157,4533.828
4.19728583227526,0.0783330578041141,23.929327947719,4536.75
4.19731265170554,0.073064602416024,23.931966039345,4539.672
4.19733879555286,0.0778663125629804,23.9306441853229,4542.578
4.19757400405304,0.0806616349989699,23.9286472030239,4545.5
4.19721461418354,0.0819089645738394,23.9331024558164,4548.406
4.19724515874303,0.0810758281921334,23.9266780879385,4551.344
4.19697697949504,0.079674360986238,23.9281104036079,4554.25
4.19730851351424,0.0810325892200943,23.932677670541,4557.172
4.19717795436824,0.0806343351960855,23.9197835200407,4560.078
4.19693685228297,0.084143110335847,23.9217665441965,4563
4.19728150983225,0.080907239365742,23.919677196395,4565.922
4.19703978946068,0.0818224049350433,23.9207125790027,4568.828
4.19717009682831,0.0808693553347516,23.9246629450495,4571.75
4.1969599258324,0.0801131823448218,23.9295495042014,4574.656
4.196370542869,0.0697180796578326,23.9279529757013,4577.578
4.19734235055057,0.0759901261714969,23.9305779963098,4580.484
4.19722093733178,0.0780464932025251,23.9241173767131,4583.406
4.19637812580166,0.0719227161891334,23.9281784326448,4586.328
4.19705499055429,0.0793552783330861,23.9288828705083,4589.25
4.19725562914458,0.0809373585007529,23.9227662258859,4592.156
4.19726083737204,0.080225205255377,23.927699223801,4595.078
4.19713905242725,0.0812900485938376,23.9283012431201,4598
4.19714066779401,0.081697803536319,23.9224427073514,4600.906
4.1974881482264,0.0809580104740622,23.9258183080484,4603.828
4.1973446737357,0.079193955198293,23.9294713131475,4606.75
4.19730053853673,0.0797221111956073,23.9289415701451,4609.656
4.19734563022723,0.080384590506963,23.9259805524289,4612.578
4.19724917460216,0.0808441096192528,23.928466842915,4615.5
4.19734758542955,0.0823260140207333,23.9248883715542,4618.422
4.1970037903923,0.0812182393697286,23.9243258824623,4621.328
4.19721742911882,0.0808369003064065,23.9186572678388,4624.312
4.19721932368798,0.0808017452368209,23.9197479264584,4627.297
4.19740455764644,0.079504020353338,23.9124816592075,4630.281
4.19726284257815,0.0782279130257225,23.9149942231443,4633.265
4.19734604224521,0.0767349156618533,23.9171576368033,4636.234
4.19725735479751,0.0801032662015489,23.9163282984915,4639.203
4.1970074591732,0.0802925382983076,23.917433947773,4642.25
4.19716918917051,0.0796872166481802,23.9190873940771,4645.203
4.19749796649673,0.0830143251211216,23.9283853842101,4648.156
4.19762479029406,0.0797780170132781,23.9166472107128,4651.078
4.19742468903574,0.0830336596059077,23.9188257471111,4653.984
4.19726551575564,0.0785764586281143,23.9199370709016,4656.906
4.19742815309185,0.0785948897040904,23.9203136128329,4659.828
4.19732838971508,0.0796922599012612,23.916896608842,4662.734
4.19719609560729,0.0778635572897547,23.9127302565204,4665.656
4.19736750472679,0.0795012259727708,23.9214096777549,4668.562
4.19619432613111,0.0715331826539834,23.9201189968136,4671.484
4.19717572887622,0.0817379841686302,23.9077169062366,4674.406
4.19760509967247,0.0771020003021016,23.9156431811723,4677.328
4.19733970602376,0.0810688123906913,23.9143223404676,4680.234
4.19763821854321,0.0804446398881217,23.9082911327599,4683.156
4.19744659790926,0.080155299629665,23.9107872683789,4686.078
4.19740228494924,0.0790405523491697,23.907216099857,4688.984
4.19765126292574,0.0804223027167318,23.9103067986359,4691.906
4.19774560142139,0.0778082278656697,23.9195103033829,4694.812
4.19748203841144,0.0808733331576079,23.9126467045186,4697.734
4.19775113413431,0.0777403084466064,23.9126436442735,4700.64
4.19750411086734,0.0782522716023082,23.9131636754956,4703.562
4.19785791854368,0.0809960101382416,23.9196611295241,4706.484
4.1977544690371,0.0776243230538409,23.9131943805517,4709.406
4.19761321194744,0.0777181911242865,23.916546671867,4712.312
4.19731771854766,0.078089792874738,23.9137712943758,4715.234
4.19743660283769,0.0774999618955127,23.9192817700599,4718.156
4.19737209646966,0.0789971414930438,23.904770275464,4721.062
4.19730657744045,0.0803163209606597,23.9123003863013,4723.984
4.1975904591748,0.0808760814320268,23.9155894431796,4726.89
4.19674676220524,0.0693298548999095,23.9184027176086,4729.812
4.19646324180655,0.0674358621519943,23.9065865868369,4732.734
4.19748572490201,0.0788572070347206,23.9074708626206,4735.64
4.19771258652399,0.0801091074369052,23.9008355969492,4738.562
4.19757675680526,0.082976010054788,23.9006998838623,4741.484
4.19773472602695,0.0807869762288041,23.9052247784026,4744.406
4.19752579742197,0.076845264413279,23.9057110220965,4747.312
4.19764483325943,0.0777185754019169,23.9092352077284,4750.234
4.19782758462199,0.0793497520069109,23.9094593748007,4753.156
4.19762000319667,0.0788751184344941,23.9109830609776,4756.062
4.19740227027328,0.0781231882642553,23.9042821445035,4758.984
4.19770072742149,0.0761257063715301,23.9077387253255,4761.89
4.19746622612154,0.0779253081498941,23.9049131835225,4764.812
4.19748512201226,0.0783746757638635,23.9119918233914,4767.734
4.1975187219266,0.0780870196987846,23.9120201196866,4770.64
4.19753839719892,0.083103801915596,23.9111307798821,4773.594
4.19759041508646,0.0748059626592169,23.9034368423119,4776.5
4.19797526469513,0.0794749571768038,23.905354287475,4779.422
4.19790696902186,0.0773624240898311,23.8969821947782,4782.328
4.19817477427386,0.0779475461809924,23.9061240060078,4785.25
4.19770751820067,0.0780462018723105,23.9064458195052,4788.156
4.1980842692871,0.0796716854766446,23.908217507254,4791.078
4.1981205698186,0.0772650305346917,23.9058675515795,4794.062
4.19780903277194,0.0805561751516422,23.9046361121166,4797.047
4.1972690904291,0.0695230992389501,23.9048955845486,4800.031
4.19676026164002,0.0702046696034585,23.9101348282648,4802.969
4.19678376948959,0.0666212972243877,23.8998464622404,4805.922
4.19676193007887,0.0683472681355018,23.8995189821943,4808.828
4.19712491467336,0.0698000283436527,23.9068159454792,4811.75
4.1965487190533,0.0700364188882159,23.9016760740343,4814.656
4.19781217820812,0.0778013708177984,23.9022885822463,4817.578
4.19793469970197,0.0760685648838078,23.8940820347926,4820.5
4.19784782544579,0.0790944988424879,23.8953348914137,4823.406
4.19684427275376,0.0688005926911574,23.8977992676541,4826.328
4.19681993931212,0.0694112740562372,23.8995657672639,4829.234
4.19679189415128,0.0693528700250186,23.9039147277318,4832.156
4.19678831747176,0.0709881847676166,23.8996612696495,4835.062
4.19702871323498,0.0679627321835868,23.9039253737571,4838.015
4.19695294026685,0.0702536660335441,23.897052912615,4840.922
4.19688413347003,0.0684572948055063,23.9025667892315,4843.844
4.19698309092074,0.0695911805092008,23.9125222185477,4846.75
4.19728241241302,0.0699691055318649,23.9067411641351,4849.672
4.19704202061869,0.0690565202547562,23.9022979108908,4852.578
4.19702659772198,0.0709033915985443,23.9023086683736,4855.5
4.19695835068877,0.0719426291088497,23.8997375379994,4858.406
4.19687101694304,0.0724614447355551,23.8928354147855,4861.328
4.19692068637637,0.0679141569962306,23.8977248348248,4864.234
4.19711558810068,0.0691393350606295,23.8933144393874,4867.156
4.19689340395481,0.0684878028026332,23.8920661521019,4870.062
4.19711333315093,0.0701171027972244,23.8984754907738,4872.984
4.19692394961289,0.0680780242833624,23.8927252690577,4875.906
4.19699936990487,0.0689909581608635,23.8952859862936,4878.812
4.19692860181156,0.0670594229272681,23.8925256882704,4881.734
4.19591368648036,0.0595868995628148,23.8984324241125,4884.672
4.19612855505684,0.0579192673493988,23.8993141720509,4887.609
4.19595356891898,0.0586075968556407,23.8993478740256,4890.625
4.19594800615131,0.0604127202885618,23.8925186953168,4893.594
4.19583990614436,0.0608999895431117,23.8910026038678,4896.578
4.19600522143444,0.059708710635904,23.8926335421811,4899.5
4.19592916412893,0.0610028205292066,23.8949372907946,4902.437
4.19573389036387,0.0602896485559113,23.8902287476271,4905.344
4.19610435611721,0.0594415161627134,23.8958844310987,4908.265
4.1958303632491,0.0573440504721751,23.9016979655576,4911.187
4.19603892161432,0.0598651437287529,23.8953814456185,4914.109
4.19577189700226,0.0588727016560183,23.8954148211323,4917.031
4.19584561542601,0.0598835295662988,23.8880459430355,4919.953
4.19562592414932,0.0582852921761645,23.8876742295966,4922.89
4.19602877978357,0.0623211867412779,23.8965930600153,4925.812
4.19586677641806,0.060574260566965,23.8951728413175,4928.734
4.19582725844341,0.0603525846589672,23.8969434746687,4931.656
4.19561525917368,0.059595648298911,23.8938325039762,4934.562
4.19602152699097,0.0613968016123513,23.8970193360836,4937.484
4.19591870790459,0.0609567759276581,23.89703341345,4940.406
4.19586548930317,0.0603202245756746,23.8877243132195,4943.328
4.19574994027402,0.0619938488811515,23.8939511644927,4946.234
4.19613468523425,0.0564586549468942,23.8997792319744,4949.156
4.19586483430911,0.0575483969446117,23.8951879150093,4952.078
4.19564957737772,0.0615026877761045,23.8951795655635,4955.031
4.19603309872638,0.0593383471024465,23.8926268371756,4957.953
4.19576116286494,0.0595399743435966,23.8910845107961,4960.859
4.19581051900537,0.0628926376693613,23.8883131943676,4963.781
4.19565999360256,0.0597002496441107,23.8866747668878,4966.703
4.19557831347461,0.0592886726022505,23.8883345054649,4969.609
4.19586924262043,0.0616312402532735,23.8926029429202,4972.531
4.19577506285933,0.0606431556345982,23.8890588029329,4975.453
4.19573240074454,0.0590227508210504,23.8875981815208,4978.375
4.19563884920336,0.0594692615490926,23.8829028139998,4981.297
4.19586146159634,0.0604840795496809,23.8790589595625,4984.219
4.19591688148077,0.0616480160325605,23.8813613257282,4987.14
4.19565923920863,0.0619862445552062,23.8926454454233,4990.062
4.19578408161168,0.0569110982743604,23.8893873335309,4992.969
4.19548207958083,0.0612634907985736,23.8888717766207,4995.89
4.19667565888222,0.0687433549883421,23.8873402680173,4998.812
4.19706212658409,0.0713487282940588,23.8849436059354,5001.734
4.19688787554446,0.0693405339481266,23.8802005775436,5004.64
4.19691105755135,0.0655946710096246,23.8893423302613,5007.562
4.19720531815709,0.0695077288768548,23.8898380214601,5010.484
4.1967621444984,0.0712722517004785,23.8848050585164,5013.406
4.19702769635946,0.069877685789103,23.8882087481459,5016.312
4.19706945003585,0.0699409990294558,23.8893318088261,5019.234
4.19687131710591,0.0714579438185548,23.8865822389299,5022.156
4.19695726282661,0.0706054614698704,23.8889316194251,5025.078
4.19720356966918,0.0676511811723395,23.8848702518364,5027.984
4.19717708209675,0.0687988883811477,23.8800022760439,5030.906
4.19576979472778,0.0596856786453036,23.882124832971,5033.828
4.1962516867411,0.0580160727911126,23.8746606387389,5036.734
4.19613048383541,0.0586595402891955,23.8781002469687,5039.656
4.19602115976656,0.0586331090082658,23.8816477457971,5042.562
4.19587571568503,0.0621337271645146,23.8752634916153,5045.484
4.19624019331958,0.0595614907564618,23.8795988645243,5048.406
4.19606377463705,0.061790399432524,23.87701810761,5051.328
4.19579774470523,0.0597751370069859,23.8741742169429,5054.25
4.19595994936011,0.0595181043052687,23.8886118430684,5057.156
4.19593383931646,0.0621020643475311,23.8883902987822,5060.078
4.19618749884403,0.0593574112977348,23.8756978917046,5063
4.19636633789827,0.0577054745463254,23.8786002748359,5065.906
4.19588402012526,0.0597692218280658,23.8823233385711,5068.828
4.19605620209158,0.0590041053308802,23.8868616641111,5071.75
4.19603292441293,0.0602256462175438,23.8774471307435,5074.672
4.19597882560956,0.0599595589799608,23.8830612957366,5077.594
4.19604720861548,0.0570207450384961,23.8823636915804,5080.594
4.19617994429948,0.0591421500068663,23.8720184150209,5083.562
4.19583453974789,0.0583597406326455,23.8739246820473,5086.531
4.19604827667691,0.0567734515340432,23.8737284051412,5089.515
4.19594235916679,0.0602289315598516,23.8800843674731,5092.453
4.19613252473799,0.057555949906195,23.8761334516152,5095.39
4.19605360947612,0.0581900825863461,23.8782203205676,5098.312
4.19598422109594,0.0588406049542802,23.8699114887972,5101.234
4.1963176105137,0.0576039326376521,23.8679002554498,5104.14
4.1962735938308,0.0586771581448672,23.870445442865,5107.14
4.19584923170959,0.0576253809663965,23.872378206759,5110.109
4.19595613196218,0.0625245912865208,23.8715941703786,5113.094
4.19626747139364,0.0574588617082972,23.8653441101968,5116.031
4.19608843553538,0.055677356532255,23.8656675862467,5118.969
4.1959674229817,0.0604332761256567,23.8802192750559,5121.89
4.19623500617831,0.0574621973253003,23.8748118517377,5124.89
4.19613057974411,0.0577539951405746,23.8729384367512,5127.859
4.19626509328539,0.0593300217503746,23.8702376911173,5130.859
4.19607070778926,0.0599822870581868,23.8694337927771,5133.797
4.1963077080406,0.0552221686903345,23.8706610069702,5136.719
4.19603361753794,0.0593640976005434,23.8792169537367,5139.64
4.19602013649597,0.0589147529743909,23.8769827940347,5142.578
4.19624597696736,0.0568043754047968,23.8707917474898,5145.484
4.19641500886743,0.0606312506092447,23.8798257946442,5148.406
4.19594734933566,0.0561314075340265,23.8795834657023,5151.328
4.19624381530635,0.0569315599863051,23.8726899612296,5154.234
4.19628811844633,0.0570091745550087,23.8824319434383,5157.156
4.1961815707223,0.0610195603771992,23.8827085518591,5160.078
4.19620122066123,0.0595446283163135,23.8729086852268,5162.984
4.19613577363824,0.058957507034494,23.8742638809599,5165.906
4.19633413311891,0.0560903213221405,23.8780267443179,5168.812
4.19628987159126,0.0604233624539646,23.8768850202476,5171.734
4.19608716455364,0.0559354685713661,23.8729696326451,5174.64
4.19645501236205,0.0559707832146269,23.8771661474533,5177.562
4.19634184547291,0.0611395489143027,23.8775619386939,5180.469
4.1961656016906,0.0600572575646013,23.8755573564123,5183.406
4.19626156026672,0.0598692527239506,23.876708796842,5186.328
4.19644172117913,0.0593979831511709,23.8757678807792,5189.234
4.19622167538495,0.0583665468739426,23.8766237007425,5192.156
4.19640999794637,0.0580849017693586,23.8694011195283,5195.062
4.19625186537757,0.0572036544938943,23.8777697595973,5197.984
4.196525936776,0.058792796344792,23.8720976314364,5200.89
4.19655404619799,0.05946962401078,23.8726195906866,5203.812
4.19652193438039,0.0566231232768843,23.8767841167553,5206.734
4.19632151492067,0.057915779004392,23.8696617316815,5209.64
4.19641047555714,0.0577483144794894,23.8743759877628,5212.562
4.19669400101239,0.0560470840259724,23.8653334678032,5215.484
4.19623310327439,0.0576475148496052,23.8688527226162,5218.406
4.19646714329187,0.060083371240221,23.8712134414779,5221.312
4.19626712997668,0.0594090322648702,23.8789030075902,5224.25
4.19636652546001,0.0598979353760494,23.8703865330002,5227.172
4.19653935868912,0.05742066260846,23.8684186681878,5230.094
4.19640163325457,0.0587969819468437,23.8724423036001,5233
4.1962311401871,0.0593489021229954,23.8730290793922,5235.922
4.19630046189689,0.0600873065154298,23.8666397620341,5238.922
4.19638605437217,0.0580966978738552,23.864394919442,5241.906
4.19636435894333,0.0591843745782292,23.8575374523165,5244.828
4.19627490307638,0.0575055446424722,23.8592961280566,5247.734
4.19636533376152,0.0568112503537162,23.8519711031863,5250.672
4.196167360565,0.0602096405035429,23.8642326521486,5253.594
4.19635556022796,0.0588056171248357,23.8581394995029,5256.531
4.19658607478164,0.0580046858582364,23.8657025080435,5259.453
4.19638487038762,0.0590426583720877,23.8668750064277,5262.375
4.1962269307886,0.0601581403807608,23.8649426191808,5265.281
4.19649212813858,0.0567639487046053,23.864700133942,5268.203
4.19669348887404,0.0570880223226343,23.8612584068723,5271.125
4.19636287436787,0.0591610976967324,23.8674157535897,5274.031
4.19622176690496,0.0595055254153845,23.8594499586383,5276.953
4.19663957401478,0.0581743991277191,23.8650751507213,5279.875
4.19652827528193,0.0589263497887492,23.857080935582,5282.797
4.19650466838114,0.0604158385741272,23.8613437642125,5285.703
4.19660516681952,0.0582156233668486,23.866001054681,5288.656
4.19687636708029,0.0561223307796717,23.8698154126623,5291.562
4.1966294618892,0.0590844856130366,23.8748259780608,5294.484
4.19662461425801,0.0611719137349821,23.8603110270105,5297.406
4.19661745202271,0.058200081389577,23.8631142877256,5300.328
4.19656058226283,0.0594169656721313,23.8583963821602,5303.234
4.1957588853766,0.0465138963420202,23.8607427346635,5306.156
4.1965203012305,0.0565821283495929,23.8663332584859,5309.078
4.19684717973733,0.061041760861981,23.8668996100582,5311.984
4.19636568753881,0.0587465229984726,23.86247553868,5314.906
4.19665711450053,0.0597903605213012,23.8684010537189,5317.828
4.19667939588298,0.0562587173033257,23.8677692519621,5320.75
4.19675306015067,0.0575031748094284,23.8573416542166,5323.687
4.19655591344998,0.05912498033492,23.8626343013812,5326.594
4.19581714791086,0.0465985271659886,23.8632585972303,5329.515
4.19629845948396,0.0601508692657447,23.8614786322858,5332.437
4.19678875978799,0.055256786892945,23.8677593172411,5335.344
4.19554983155739,0.0487815430024855,23.8632463257718,5338.265
4.19671585964122,0.0572261391874626,23.8551178557793,5341.187
4.19677946688645,0.0590042218979234,23.8604374206454,5344.109
4.19648951339165,0.0580867248447539,23.86274138385,5347.015
4.19676129093463,0.0600601425800267,23.8648360165434,5349.937
4.1969761867044,0.0605558048352416,23.8599035544468,5352.859
4.19666350356597,0.0586422624996382,23.8586411330195,5355.797
4.19683899740367,0.0587371812636853,23.8554820486374,5358.703
4.19686316487797,0.0569627006609176,23.8562419792782,5361.625
4.19688980942388,0.0544877214696661,23.8612122456191,5364.547
4.19694406214479,0.0588418734382285,23.8605806816227,5367.469
4.1968583104517,0.0564342576426985,23.8619286397231,5370.375
4.19592145661559,0.0511422738492503,23.8659348825017,5373.297
4.19677114613827,0.0558111722464887,23.8567243516771,5376.219
4.19691884792972,0.0584460719265881,23.8543435634546,5379.125
4.19683735454687,0.0567197724867377,23.8591921404909,5382.047
4.19725563282067,0.0564127372982459,23.8676269223948,5384.969
4.19705506519353,0.0589566858390052,23.8672928822688,5387.906
4.19701218110378,0.0630231721114845,23.8594468476995,5390.828
4.19694220840039,0.0536707203783406,23.8677562634193,5393.765
4.19687895961338,0.0577410172082833,23.8541220089239,5396.687
4.19687999069447,0.0602651076159671,23.8636855558789,5399.594
4.19667690436915,0.0579942514571991,23.8580086994871,5402.515
4.19676343322217,0.0581946233510242,23.856073623716,5405.437
4.19676424993352,0.0570815810939288,23.8593071572951,5408.359
4.19698136642447,0.0578035862886486,23.8585602295548,5411.265
4.19615843406443,0.0456341575717703,23.8643023602934,5414.203
4.19656791656963,0.0599571744474808,23.8608576620685,5417.109
4.19697753527435,0.0578429731350065,23.8563102015166,5420.047
4.19695571146201,0.0555898934696676,23.8613568607411,5422.953
4.19599591164464,0.0471600762480318,23.8667197161213,5425.89
4.19668899209471,0.0600888053154802,23.8580072270808,5428.797
4.19705627629182,0.0606022008173861,23.8677804407209,5431.734
4.19674484513193,0.056293311985575,23.8584848629714,5434.64
4.19695609257446,0.0553320100886871,23.8510549675054,5437.64
4.19680165682701,0.0594431578739127,23.8498534371676,5440.609
4.19696971755994,0.0597724198304893,23.8520756111946,5443.594
4.19704435276262,0.0540552348487421,23.8590333546418,5446.531
4.19697067642273,0.0535020324445566,23.8481783611703,5449.453
4.19716806104677,0.0586096290836578,23.8399466655381,5452.375
4.19715685820689,0.0578817766674616,23.8477131593444,5455.297
4.19679608598083,0.0587240099478508,23.8501541110651,5458.203
4.1971750289521,0.0551230571817283,23.8506950511688,5461.125
4.19691229376725,0.0561506036492325,23.8531542881243,5464.047
4.19704158369731,0.0547227579151333,23.8448745269372,5467.031
4.19720971878222,0.0551098392132367,23.8490907664602,5470
4.19653229065982,0.055198216292424,23.8434515156617,5473
4.19700998619088,0.0566129990491115,23.851679660891,5475.906
4.1967856980414,0.0565400177757511,23.8554088157463,5478.844
4.19695519717874,0.0586161210630808,23.8565895027811,5481.781
4.19622343464792,0.0513347182511185,23.8668080077627,5484.703
4.19700944086196,0.0593222393651347,23.8598612074795,5487.625
4.19728905006774,0.0583104705328955,23.859764172744,5490.625
4.19713534558334,0.056868734036009,23.8611907214587,5493.609
4.1970077254766,0.056136025276462,23.8613886467355,5496.547
4.19717055009841,0.0573728484617294,23.8612483815612,5499.5
4.19715671244886,0.0533899507406051,23.849684447821,5502.406
4.19705969817282,0.0584606148037819,23.8549605406285,5505.328
4.19670171554844,0.0598363726162385,23.8590748942187,5508.25
4.19715263183975,0.0568468512246791,23.8595014633179,5511.172
4.19691887978316,0.05198842068414,23.8552190485345,5514.156
4.19730170026736,0.0582505271164942,23.8659049218442,5517.125
4.1972740331281,0.0575645287223562,23.8586673016083,5520.109
4.19711098338532,0.0576689434401694,23.8540521110017,5523.031
4.19616967972528,0.0486313813398557,23.8608486673215,5525.953
4.1956127670128,0.038441949540093,23.8511674228771,5528.859
4.19517097253793,0.0369167704586623,23.8553852221192,5531.812
4.1965682750839,0.0444873141692571,23.8625589890137,5534.734
4.19507117267619,0.0414774810647539,23.8585087159877,5537.64
4.19610593071144,0.0446589890779143,23.857818149859,5540.562
4.19709437193962,0.0538974600545785,23.8532098178378,5543.484
4.19703445776844,0.0568586404356348,23.8443282631728,5546.406
4.19696173771527,0.0613886006689882,23.8507587793384,5549.328
4.19741318407818,0.0554503660539326,23.8511514797701,5552.25
4.19717088532789,0.0586329140351224,23.8447502069738,5555.172
4.19717613501823,0.0559636443705446,23.8377070221041,5558.156
4.19705186547765,0.0595432686911077,23.848195519325,5561.14
4.19724951741609,0.0570676647063192,23.8534950173216,5564.156
4.19724430432768,0.0555381872450116,23.8408520995759,5567.094
4.19652573458429,0.0464276204919273,23.8413225170067,5570.015
4.19718838035131,0.0537889965498674,23.8403812419546,5573
4.19725880909974,0.0558554568471323,23.8502694335602,5575.984
4.19707278905917,0.056580816012815,23.8512689371452,5578.969
4.19709683869489,0.0587169410674334,23.8479280495538,5581.89
4.19742848784005,0.056557387368659,23.833228256047,5584.812
4.19734360453428,0.0615717685707382,23.8351958175757,5587.734
4.19721921946965,0.0554799893836798,23.8451529271046,5590.656
4.19764524737243,0.0578946129520615,23.8361478326131,5593.594
4.19753636305888,0.0580567040364478,23.8374831442415,5596.547
4.19739461042475,0.0546306273728972,23.8409093943991,5599.469
4.19733314334759,0.0561800777415243,23.8474364307762,5602.39
4.19729510274442,0.0564292440826886,23.8455157482947,5605.297
4.19655716724259,0.0457727438830799,23.8449187701563,5608.219
4.1964703269455,0.047133568430654,23.8341108679,5611.14
4.19742917248798,0.0551341188991749,23.8345602776304,5614.062
4.1975534671555,0.0564632380474092,23.8364595244211,5617.047
4.19746895099684,0.0539243846641461,23.8398582500441,5620.015
4.19651689580212,0.0462596196818855,23.8379374132882,5623.015
4.19774155593876,0.0568986208124055,23.8391327464755,5625.953
4.19755987437709,0.0578823819854738,23.8375364838509,5628.906
4.19760423814247,0.055207861632914,23.8402699316287,5631.89
4.19749415141973,0.0545540532093228,23.8317368195643,5634.875
4.19740399069161,0.0557226562839051,23.8325454741519,5637.859
4.19759560765256,0.0576702950744773,23.8422226584935,5640.781
4.19757092482605,0.0573122161245036,23.8439312004042,5643.719
4.19750259149079,0.0562639916109592,23.84281676039,5646.703
4.19755300266254,0.0546363836421531,23.8419833291996,5649.703
4.19763526596264,0.0573434064935184,23.8437123718412,5652.64
4.19770465346667,0.0543452272495954,23.8431303954014,5655.578
4.19760788905148,0.0556205676583653,23.8402057824361,5658.5
4.19756270314781,0.0536995677414188,23.8458105192145,5661.422
4.19767274759683,0.0564770854941368,23.84703478444,5664.406
4.19763637192045,0.0572793920715196,23.8460384060727,5667.39
4.1978516349598,0.0538344385556465,23.8473474486302,5670.375
4.19769191672661,0.0588499003711058,23.8406981550701,5673.312
4.19781773354627,0.0551845580571919,23.8386362098604,5676.234
4.19690717440123,0.0462248438241464,23.8315376918446,5679.234
4.19686625404019,0.0471197892934913,23.8431323929353,5682.203
4.19675208801773,0.0461643858223256,23.8393027599995,5685.187
4.19702401290381,0.0474842604316021,23.8352325614305,5688.125
4.19661512387761,0.0457071230992415,23.8389766534966,5691.062
4.19669956892183,0.048965697745747,23.8269497211156,5693.984
4.19673966224006,0.0461773839038706,23.8297454478095,5696.969
4.19653909306714,0.0477867255975731,23.8310732797371,5699.953
4.19558272142301,0.038146166559855,23.8348119204435,5702.937
4.19548623233256,0.0393818222031555,23.8360639585084,5705.89
4.19659340440018,0.0446099933375592,23.8487584291463,5708.812
4.19666976393822,0.0445330864150165,23.8410585660679,5711.812
4.19646057696381,0.0452406620195156,23.8444280729276,5714.781
4.1975307961474,0.0568438672812651,23.8510651673406,5717.765
4.19690806740941,0.0487980558670827,23.8480610828926,5720.687
4.19665253855148,0.0442654361771289,23.8303260635073,5723.64
4.19678389057616,0.0478208176914839,23.8390557995969,5726.562
4.19675104238422,0.0435108937764896,23.8381775846527,5729.484
4.19582468514647,0.0352879322607623,23.8345694704504,5732.406
4.19587290249407,0.0357538364426756,23.8345003796173,5735.406
4.19589623958924,0.0392863045036237,23.8400628652237,5738.375
4.19585174003148,0.0365704713249384,23.8428265493142,5741.375
4.19545280707599,0.0383570837792003,23.8423900962152,5744.281
4.19656761642527,0.0470894608370113,23.8475696723751,5747.203
4.19671860089654,0.0449436173930003,23.8431715632072,5750.125
4.19570360913898,0.0357998708076418,23.8503675000443,5753.047
4.19582672756624,0.036071977887968,23.8441635397261,5755.984
4.19569662986119,0.0355226455071232,23.8417044820899,5758.922
4.19550864155744,0.0354326666814767,23.8427082256459,5761.844
4.19666851122251,0.045605591458218,23.8376867638751,5764.765
4.19677646929066,0.0479035199454859,23.8357493184193,5767.687
4.19638388213782,0.0441250220056637,23.8420599400986,5770.672
4.19759514184497,0.0551840270928088,23.8313356988596,5773.656
4.19757829347122,0.0548341196409397,23.8355725614269,5776.64
4.19765158997009,0.0541073112361828,23.8395452129602,5779.594
4.19773931966877,0.0529298338548104,23.8315321849006,5782.515
4.1977159850154,0.0540719300873642,23.8365140022225,5785.437
4.19671156047586,0.0455903258356207,23.8390109474808,5788.437
4.19592025111486,0.0367460106897587,23.8369231159272,5791.406
4.19609265077387,0.0356928641599542,23.8288630879503,5794.406
4.19590278675307,0.034435382293159,23.8405989369844,5797.328
4.19470528879826,0.027630912455438,23.8292601140118,5800.25
4.19482360684692,0.0265447291907347,23.8384214459376,5803.172
4.19551242862738,0.0373573999946841,23.8465820567982,5806.094
4.19663542554675,0.0439427747641537,23.8425543397215,5809.015
4.19578969048044,0.0369354279345085,23.8451487617169,5811.937
4.19553039465749,0.0372577682720442,23.846340779245,5814.859
4.19647983847027,0.0456144139786342,23.8450292110937,5817.781
4.19736397157989,0.0579735478044696,23.8454619535413,5820.703
4.19662516178898,0.0455619317235774,23.841292550863,5823.64
4.19666355411097,0.0447096036358632,23.8402729077522,5826.562
4.19679497840619,0.0469902637441095,23.8356290673777,5829.5
4.19688139180803,0.047132824720573,23.8355347791099,5832.437
4.19669747466746,0.0493998818445439,23.8336863914178,5835.359
4.19573845696529,0.0358954566653683,23.8319769900734,5838.265
4.19565624958622,0.0370631733224101,23.8385085258398,5841.187
4.19570789950845,0.0337806474565472,23.8315732619909,5844.187
4.19598365956174,0.0381394138489355,23.8419994308473,5847.156
4.19599964526537,0.0372617772459837,23.8331278993457,5850.156
4.19569212212666,0.0356346917212128,23.8373120975962,5853.078
4.19568238124188,0.0384373259304955,23.82863598893,5856.015
4.19572801290447,0.0373021473621669,23.8326312817228,5858.937
4.19553976530014,0.0387718017571107,23.8294077952836,5861.937
4.19656708609875,0.0471828551701347,23.8246250893597,5864.906
4.19672911529139,0.0475100409857767,23.8344167773041,5867.906
4.19661529080814,0.0458882508095138,23.8296296580483,5870.844
4.19672771625978,0.0460131484319346,23.8256896234831,5873.765
4.1967969332929,0.044954166064094,23.827925670161,5876.687
4.19685189302561,0.0465680014090836,23.8283132105479,5879.609
4.19675591919719,0.0441683461189072,23.8343854364981,5882.547
4.19666683301885,0.0446513466919785,23.8369979800238,5885.469
4.19570731450973,0.0355585488791317,23.8318104700795,5888.406
4.19566667042492,0.0357031488391135,23.8329268862997,5891.328
4.19598509613979,0.0388956989718994,23.8405587918567,5894.25
4.19584974975026,0.0366887956110536,23.8342552460746,5897.25
4.19566789469901,0.0379892888565425,23.831747441967,5900.234
4.19561958060073,0.0362139315319259,23.8339986228439,5903.156
4.19587423151931,0.0353970140677429,23.8417845200142,5906.078
4.19571485330543,0.0376333706210651,23.8355772055488,5909
4.19565443298061,0.0372959178407517,23.8366608679046,5911.922
4.19584516452518,0.0376548266783012,23.844486932178,5914.844
4.19543955852542,0.041145010963479,23.8377297542473,5917.765
4.19667138435102,0.0443849651494695,23.83714532284,5920.734
4.19675105273091,0.04410840046976,23.841936590529,5923.672
4.19653007388746,0.0433988392103013,23.8368183442138,5926.609
4.19800028445109,0.0533262702423931,23.8447337853897,5929.609
4.19781406504357,0.0570676056381551,23.8376013251709,5932.594
4.19770590453792,0.0519733619030618,23.8391668016637,5935.531
4.19764811539778,0.0570636849889068,23.8373554837332,5938.469
4.1979765839765,0.0561013451089145,23.8386051764229,5941.453
4.19763139308384,0.0574432847975552,23.8451564327034,5944.437
4.19785613422751,0.055202069776748,23.8285594649599,5947.422
4.19773469626465,0.052233947550987,23.8353740568388,5950.359
4.19793898149618,0.0582013231265792,23.8327505022235,5953.281
4.19846022980749,0.0517668278365051,23.8291235858283,5956.219
4.19759157536766,0.058565690827802,23.8377859574252,5959.203
4.19784075920836,0.0545439566501805,23.836838115802,5962.187
4.19845509727187,0.0543145205926869,23.829131597862,5965.172
4.19806291457505,0.0526588372732629,23.8279112276604,5968.094
4.19751806038851,0.0471579763920969,23.8357347851664,5971.031
4.19701302211247,0.0463999726758164,23.823350413541,5973.953
4.19721161477057,0.0492911650588159,23.8346558305693,5976.89
4.19715852099783,0.0481824215508003,23.8345544485216,5979.875
4.19701480602761,0.0455929494229632,23.8336155471435,5982.859
4.19717821643113,0.0483343446951114,23.8264362849413,5985.828
4.19656658561323,0.0391100856441055,23.8363027951398,5988.812
4.196034828766,0.0383194987214247,23.8302013572171,5991.75
4.19616929295495,0.034652011736473,23.8295489493702,5994.687
4.19608897852467,0.0356368677429118,23.8284101103496,5997.672
4.19613642421396,0.0372593564327696,23.8321142882809,6000.656
4.19602079885316,0.0337935897804805,23.8284159644657,6003.64
4.19591567997872,0.0372462546696238,23.8285411415354,6006.578
4.19625536377919,0.0359087055909673,23.8285469313238,6009.5
4.19595751802922,0.0370559664544799,23.8388832530594,6012.484
4.19622121422038,0.0346086868255608,23.8367120111057,6015.484
4.19583309180482,0.0412848807440744,23.8350226914744,6018.422
4.19622111504147,0.0348266855345973,23.840181064151,6021.344
4.19523166493499,0.0278649397315419,23.8329741490601,6024.281
4.19592364262763,0.0315321439594594,23.838963161392,6027.203
4.19602034665857,0.037149625353668,23.8428737043657,6030.203
4.19586763488169,0.0358653505495289,23.8335460945116,6033.172
4.19599442865116,0.0362962488647854,23.8322788886795,6036.172
4.19593548254597,0.0352183344296286,23.8333020240225,6039.109
4.19607780514619,0.0422258025437712,23.8363477243787,6042.031
4.19628139706964,0.0363132916463406,23.8417815636278,6045.031
4.19597567969961,0.0351281059313582,23.8434798732459,6048
4.19601112980643,0.0352487871887962,23.8319687898549,6050.984
4.19631172406977,0.0328620214368591,23.839094810828,6053.937
4.19578965523722,0.039606759629887,23.8342790010129,6056.859
4.19618150031128,0.0382796966066311,23.8351812425116,6059.844
4.19599686219915,0.0375551642285574,23.8225444324445,6062.828
4.19581548598295,0.0419846035940835,23.8334885638898,6065.812
4.19585177418148,0.0333101665258311,23.8402438243614,6068.734
4.19603936608382,0.0367205837365316,23.8391508644093,6071.672
4.19595037854313,0.0346425401805874,23.8307453241918,6074.594
4.19578019829449,0.0396233103575921,23.8279068416063,6077.594
4.19584862808297,0.0358220272709542,23.8266346124486,6080.578
4.19577241406056,0.0386459929441003,23.8332576532176,6083.515
4.19587622440652,0.0376409596889509,23.8302364393328,6086.437
4.19579815694582,0.033525682806963,23.8397223662704,6089.375
4.19615595153015,0.0357080422872747,23.8328079416649,6092.312
4.19611574192389,0.0403153712024261,23.8268859896847,6095.297
4.19607800137355,0.0351629792307078,23.8346371543458,6098.281
4.19617244174531,0.0347208711341561,23.8369943183815,6101.265
4.19601367119511,0.0355855593646131,23.8361901377234,6104.203
4.19504872338552,0.0266358638928144,23.8320606011957,6107.125
4.19609524878588,0.0432620987026563,23.8360808872111,6110.062
4.19610845261145,0.0359137102738582,23.8274495324467,6112.984
4.19615483392837,0.0375920133555322,23.8320485336626,6115.922
4.19610939265257,0.0371395548444983,23.8291252411789,6118.844
4.19581893234531,0.0346330326335815,23.829233230182,6121.844
4.19614132929489,0.0344153326971771,23.8335736130619,6124.812
4.19607422746282,0.0368478315134238,23.8356245620232,6127.812
4.19608394576853,0.0364289048306037,23.8344303529833,6130.75
4.19534132242363,0.027416300870979,23.8356247693291,6133.672
4.19608638869245,0.0349598748666088,23.8344022729953,6136.672
4.19603374471885,0.0382107611920588,23.8329864891409,6139.64
4.19596050148365,0.037282978811529,23.8398349145769,6142.625
4.19594323184309,0.0333451064885403,23.8291972815053,6145.562
4.19593443148198,0.0358479967278424,23.8287389739518,6148.484
4.19604881559091,0.0366878043903018,23.8331772169059,6151.422
4.19575004050734,0.0369444627840978,23.8411619681433,6154.344
4.19609543048156,0.0355977290983262,23.8322187024887,6157.344
4.19594500161587,0.0382657448577039,23.8309740011172,6160.312
4.19603740475425,0.0377981081475766,23.8341688282258,6163.297
4.19594400080923,0.0367775362473906,23.8306046697074,6166.234
4.19614630946912,0.0337673140354961,23.8235820374403,6169.172
4.19594010481568,0.0372530302553774,23.8353176677952,6172.156
4.19603859253837,0.0373888828175832,23.8287172551097,6175.14
4.19496567965504,0.0283422001059767,23.8294825056501,6178.125
4.19605145604115,0.0378737542556305,23.8303291414081,6181.062
4.19587090930728,0.0328587989459537,23.8320859892262,6184
4.19623476322821,0.037873545260355,23.8273862595642,6186.922
4.19600799548367,0.0384796916022536,23.8345562035423,6189.922
4.1964290141862,0.0338293406139342,23.8232129346623,6192.89
4.19622029709877,0.0339026242655147,23.8263847130311,6195.875
4.19657138520854,0.0370789892194168,23.8271406037208,6198.812
4.1959400271347,0.0355101105827868,23.8319807423743,6201.75
4.19594999698151,0.0373560353262292,23.8372407666365,6204.734
4.19577397257724,0.0382490081520571,23.8323640048133,6207.719
4.19632415913901,0.0355178170594188,23.8313665054269,6210.734
4.19596721923317,0.0375511527636593,23.8284679257856,6213.672
4.19611260411329,0.0339444582764191,23.8297997762497,6216.609
4.19608591020695,0.0343962434943049,23.8306083660792,6219.594
4.19607192899721,0.0343970503487712,23.8266037515296,6222.562
4.19631669298417,0.0345097735190337,23.8289344608191,6225.562
4.19595048699632,0.0357417339218373,23.8319718662956,6228.5
4.19654701956535,0.0346937797789509,23.8238059409874,6231.437
4.19537004193645,0.025238958295454,23.824134208729,6234.422
4.19576597630204,0.0394274237797774,23.8343860440198,6237.39
4.1960997061745,0.0381047964323021,23.8267054252454,6240.375
4.19617859982667,0.0339809575766569,23.8349181726236,6243.344
4.19621881151974,0.0343524732442162,23.8264327925259,6246.281
4.196227637856,0.0369756144795652,23.8308918662473,6249.265
4.19594017054378,0.0395642427329456,23.8252825497492,6252.25
4.19621054735169,0.0350085555005515,23.8214607076829,6255.234
4.19601004624433,0.0392604587900419,23.8278054743816,6258.172
4.19617973113911,0.0366587789206047,23.8178352766014,6261.109
4.19616957167202,0.0353993624898903,23.8155556076499,6264.094
4.19629136663631,0.0368956954160283,23.8180761580395,6267.078
4.19642540521656,0.0362104227783447,23.8168717951134,6270.062
4.1963140961025,0.0340472745920492,23.8132852559212,6273.015
4.196178167737,0.0359607483544892,23.8208037150881,6275.937
4.19637178359926,0.0342322214074144,23.8207141507206,6278.859
4.19618117239075,0.0353407293075821,23.8296760476402,6281.859
4.19600309633822,0.0397867002733846,23.819121245575,6284.844
4.19565964117412,0.0366034670880226,23.8280259133381,6287.781
4.19599097501541,0.0364656776211257,23.8236182380491,6290.719
4.19616435489002,0.0367559165601901,23.8320058803385,6293.719
4.19601190121626,0.0336852168775991,23.8224614907088,6296.703
4.19604099910211,0.0366846865440936,23.8310240521203,6299.64
4.19624857646958,0.0334088134682789,23.8194611742244,6302.562
4.19632985105287,0.0407167938468516,23.8229941580599,6305.562
4.19634338721223,0.0356189807869718,23.8233162318869,6308.547
4.19626498686618,0.0378717712053591,23.8237054722779,6311.531
4.19626612780029,0.0363406210742698,23.8262740340985,6314.469
4.19621048748435,0.0378004610619144,23.8203251083986,6317.406
4.19584335339366,0.0355589337537961,23.8291067623036,6320.39
4.19642847108598,0.0362582233165784,23.8266041527092,6323.39
4.19639384488228,0.0378192850969574,23.8182110156274,6326.328
4.19631952186986,0.036398292296531,23.8225475747733,6329.25
4.19630953873961,0.0334656405527982,23.8275098998625,6332.172
4.19659596174499,0.0334391075182632,23.8246416941411,6335.156
4.19639238109906,0.0363563641423009,23.8305402707273,6338.14
4.19654939036727,0.0361821603678962,23.834856832121,6341.14
4.19631835878957,0.0376329357542564,23.824218166288,6344.062
4.19636605270756,0.037531658483692,23.8230264496914,6347
4.19637452149978,0.0360962317188651,23.8304319075493,6350
4.19627410014154,0.0384491689595939,23.8294750690675,6352.969
4.19518221892688,0.0262025061775615,23.8216133186587,6355.969
4.19626374331685,0.0359472584505996,23.8249829764377,6358.906
4.19614469712506,0.0340448448709057,23.824454183657,6361.844
4.19619652811823,0.0348354694538536,23.8219452208081,6364.828
4.1963816838096,0.0363747215407783,23.8228835351214,6367.812
4.19634963723349,0.036097891924069,23.823886735903,6370.797
4.19639046096742,0.0334426324845181,23.8276041283218,6373.734
4.1965349343191,0.0372833339402627,23.8235050664208,6376.672
4.19561331920409,0.0237553516043756,23.8188174959817,6379.594
4.19557661690524,0.0262856768574286,23.8270913885065,6382.594
4.19528793074475,0.0265096229643749,23.8270389998666,6385.562
4.19620612294283,0.0343885311960821,23.8204085601614,6388.562
4.19630625649917,0.0378454788357816,23.8183768854793,6391.5
4.19648864146118,0.0351124194489917,23.8286600155996,6394.422
4.19626551152759,0.0368521646859152,23.832875243968,6397.422
4.19644382691367,0.0351749768203946,23.8242663705441,6400.39
4.19614993511608,0.0353832163599408,23.8210144517915,6403.39
4.196512650599,0.0362162614404157,23.8176290378291,6406.328
4.1966114827057,0.0336912767110304,23.8148873529841,6409.265
4.19635904027026,0.0344489926989072,23.8247378250566,6412.203
4.19645351513163,0.0356181516654596,23.8232562869908,6415.187
4.19656049636662,0.0316996618592746,23.8201346160289,6418.187
4.1964698645789,0.035758127844332,23.8155662323416,6421.125
4.19666019878929,0.0353412503387875,23.825866451545,6424.062
4.19633235806363,0.0360568997164339,23.8200423247,6427.047
4.19652921463661,0.0349634396681028,23.8148858419418,6430.062
4.19652754112824,0.0341888970400235,23.8256848313958,6433
4.19652378719409,0.0370531108988431,23.8250016216555,6435.937
4.19554907348462,0.0233399153663282,23.8312297392459,6438.859
4.19646619422847,0.0347442703579632,23.8277361978373,6441.844
4.19651730608823,0.0385962385593689,23.8289278274799,6444.859
4.19633798092436,0.0375560870818831,23.8124820013705,6447.844
4.19667660699754,0.0353533979158827,23.8109939645593,6450.781
4.19649510023597,0.0309258236741509,23.8118272669656,6453.719
4.19673498337357,0.0325940428527903,23.8237291821214,6456.703
4.19635012075949,0.0332488517410592,23.8138420617815,6459.703
4.19629900133662,0.0323889667692595,23.8301737240767,6462.64
4.19655249500422,0.0359498411623448,23.8217788282875,6465.578
4.19646065560949,0.036299770172243,23.8258290826999,6468.562
4.19660601483124,0.0359260267466955,23.8117057454988,6471.562
4.19648521408506,0.0347073458905462,23.8203614460938,6474.5
4.19550678390201,0.0283039106395739,23.8275248697775,6477.422
4.19639876558424,0.0350270642557252,23.8148008766046,6480.359
4.19631958710512,0.0342894769783352,23.8180357525959,6483.344
4.19674859652498,0.0326400817810561,23.8275718450248,6486.312
4.19658232675778,0.0343018907360517,23.8186589597588,6489.312
4.19660704152674,0.0346742916816575,23.8248922622343,6492.25
4.19673403827634,0.0371266588079611,23.8301025983403,6495.187
4.19654617889004,0.0333273370966789,23.824612552567,6498.172
4.19661071387515,0.0356146819326665,23.8293814886331,6501.172
4.19623748248547,0.0356289169203107,23.8326087876699,6504.109
4.19660763529176,0.0367135497228053,23.8221949446573,6507.047
4.19655934453663,0.0356075181570839,23.8214926714919,6509.969
4.19660799427218,0.0339844076532757,23.8206102664356,6512.969
4.19668053781925,0.0358423253513825,23.8214401665396,6515.953
4.19659164934769,0.0372793992167791,23.8217533598541,6518.89
4.19660482457764,0.0361521444790739,23.8128441141642,6521.828
4.19671315287583,0.0332049977057687,23.8229002513709,6524.812
4.19655858399452,0.0361728728681151,23.8181132109238,6527.812
4.19675099876005,0.0369241387512413,23.8225326881742,6530.75
4.19674024404195,0.035585612590548,23.810859409239,6533.672
4.19661547175518,0.0365501210154502,23.8224841162903,6536.672
4.19672533568302,0.0338865719571779,23.8233814486568,6539.672
4.19664721628816,0.0331468986595418,23.8133545723983,6542.609
4.19657992282857,0.0355704564821042,23.8136956854219,6545.547
4.19640049639108,0.0357786500717556,23.8155701567301,6548.484
4.19592630175637,0.0240562522022285,23.8098219844492,6551.469
4.19554326527619,0.024562444348579,23.8141358008539,6554.453
4.19658614039886,0.0348057100505583,23.8110185640029,6557.437
4.19638215554569,0.0357653853985594,23.8055734499508,6560.375
4.19622014016142,0.0335991693171575,23.8135002470354,6563.297
4.19664832746833,0.0372434302114691,23.8112593711801,6566.297
4.19666216994706,0.0381013085788346,23.8196865610971,6569.281
4.19668623924333,0.0340497731187748,23.8237582446448,6572.219
4.19682674288762,0.0328321635496687,23.8183579536835,6575.14
4.19690080007263,0.0354653234657793,23.8190644109844,6578.078
4.19661692048978,0.0370224105353699,23.8141344597001,6581.062
4.19678739071349,0.0361503784241157,23.816339415311,6584.062
4.19667767879602,0.033820495525847,23.8188606089134,6587
4.19662540531786,0.0362034057817991,23.8114875216246,6589.922
4.19690174669755,0.0385792681989231,23.8226686624501,6592.922
4.19683898127296,0.0380567459271208,23.8141323664428,6595.906
4.19696284728294,0.036210740476862,23.8116288719688,6598.859
4.19654106057966,0.0353395912769516,23.8075184966579,6601.781
4.19679494748886,0.0375321150989396,23.8143032126795,6604.812
4.19661198642906,0.0340981939807523,23.8145970449133,6607.797
4.19660352255223,0.0323620427170937,23.8148815005028,6610.734
4.19690068196271,0.0383453171288712,23.8082168404433,6613.672
4.19670692954854,0.0330931470550883,23.8051535903853,6616.594
4.19587867677378,0.0255309802301631,23.8158599170597,6619.578
4.19578860078433,0.0243024693569244,23.8111783918929,6622.578
4.19577746742686,0.0249141450875528,23.808510985205,6625.515
4.1957961058236,0.0243509859048676,23.8107674735847,6628.453
4.19573876918277,0.0229790588589711,23.8118929852191,6631.453
4.19582102942975,0.0264943926264725,23.806594549271,6634.437
4.19552299124665,0.0250452913709724,23.8049720045834,6637.406
4.19663771109566,0.0351790871963067,23.8122489499934,6640.344
4.1966043392319,0.0358218379540568,23.8122499594695,6643.265
4.19650695614773,0.0328699907710055,23.8136586144629,6646.203
4.19681116890071,0.0349869673922781,23.8100029608848,6649.187
4.19682919471352,0.0360681529388593,23.812119073183,6652.187
4.19690776773363,0.034544400134679,23.8178571921476,6655.125
4.19677231750918,0.0371836228209075,23.8193887478413,6658.047
4.19645554824456,0.0360747080993004,23.8237763722877,6661.047
4.19683552080524,0.0362473970809858,23.8052928365453,6664.047
4.19666779885762,0.0371905914874832,23.8046482322003,6666.984
4.19696409640602,0.0349157369556539,23.8019098549646,6669.906
4.19667776742456,0.0347179059770015,23.7994041248398,6672.844
4.19649528039006,0.035456815587386,23.8136036328048,6675.828
4.19682440219345,0.0339728234421617,23.8101172910066,6678.828
4.19677558999429,0.0331447595242425,23.8094686421448,6681.765
4.19672447358594,0.0319411823536614,23.812768605065,6684.703
4.19666282298127,0.0333919636051856,23.8098048251988,6687.703
4.19678388291225,0.0326934439655874,23.8095091361029,6690.687
4.19694421460115,0.0333201352661374,23.8181935194795,6693.64
4.19677280766502,0.0325094813583652,23.8156755727143,6696.562
4.19686737907559,0.0361622157341254,23.8105890624707,6699.547
4.19701619530553,0.0343588994010751,23.8139416606903,6702.531
4.19672147518068,0.0316381845917775,23.815605396812,6705.531
4.19674570502101,0.0330207565603539,23.8148998132798,6708.469
4.19668872888287,0.0350445131556783,23.8124877337776,6711.406
4.19706760615095,0.0332521529155572,23.8200849022774,6714.39
4.19693770182937,0.0332566376738405,23.8104529349095,6717.39
4.19677378856821,0.0363110927805447,23.8057326211285,6720.328
4.19688478178234,0.0341841954784404,23.8139894359478,6723.265
4.19698972822804,0.0296630538024707,23.8122889823577,6726.25
4.19722748085303,0.0354597502453556,23.8087155398245,6729.25
4.19678465740827,0.0321524830431424,23.8054759303914,6732.187
4.1968610904983,0.0323510668719165,23.8099939460949,6735.109
4.19688980790435,0.0362617720518122,23.806161868919,6738.047
4.19713596185951,0.0320442007967582,23.8042555494039,6741.031
4.19705108772277,0.033335694832843,23.8115794486597,6744.031
4.19700444324556,0.0344945282045529,23.8100841060619,6746.969
4.19730561937002,0.0261586594351458,23.8146155924466,6749.906
4.19720917396013,0.0349760711142878,23.8158682183246,6752.89
4.19685094869583,0.0302580744148519,23.8111531046697,6755.89
4.19713508610149,0.0359696103675673,23.8153761540968,6758.828
4.19693104041402,0.0330027444911644,23.8201118048993,6761.765
4.19731092650094,0.0336164471977341,23.8079167922554,6764.765
4.19709641683798,0.0312303032048138,23.8124573896649,6767.75
4.19686144832183,0.0352134473611385,23.8088105686616,6770.734
4.19711731574835,0.0357491029329132,23.8062461011346,6773.687
4.19756009081628,0.0345815001152996,23.8044209845903,6776.609
4.19721601953046,0.032896967037285,23.809042289026,6779.609
4.19696998011641,0.0363932715167406,23.8022888630553,6782.609
4.19702935068035,0.0353394386373115,23.805558357616,6785.547
4.19693991185233,0.0301098330613424,23.8070037873791,6788.484
4.1971052003648,0.03189835822258,23.8084253691421,6791.469
4.19684368086743,0.0331845923689506,23.8082777442674,6794.469
4.19706189555955,0.0335240318316209,23.8125532486994,6797.406
4.19717869225312,0.0341097402276466,23.8089255701395,6800.344
4.19711255698459,0.0358261591545241,23.8093985806506,6803.265
4.19705947653524,0.0369261213862114,23.8148561787885,6806.265
4.19693931464715,0.0335546032353706,23.8151305691069,6809.265
4.19694924847565,0.0330340309725196,23.8165701883889,6812.203
4.19704743540798,0.0351185299923357,23.8109732148662,6815.14
4.19722645056886,0.0312069415647215,23.8098046242899,6818.14
4.19717795030879,0.0337238190947282,23.8089500263066,6821.14
4.19739370672394,0.0348505268677989,23.8016956670427,6824.078
4.19699190542226,0.0353182151972494,23.7990320178039,6827.015
4.19725242668051,0.0358431167845809,23.80363867131,6830.047
4.19687103457399,0.0351797726959214,23.8010482681309,6833.047
4.197144406278,0.037745171960928,23.8078968474117,6835.984
4.19704805878676,0.0362068538954939,23.8124432070808,6838.922
4.1971569395373,0.0333111290188115,23.8096858955872,6841.922
4.19737879757679,0.0331362709468532,23.810315926414,6844.906
4.19712011471314,0.0350492882580828,23.8143345057814,6847.844
4.19722681894922,0.0352450769986728,23.8111965797595,6850.781
4.19732579631092,0.035240335792,23.8168271587324,6853.765
4.19712883372519,0.0351613876188147,23.8072137484836,6856.781
4.19724309688653,0.0316341171047093,23.8042016842133,6859.719
4.19702554765421,0.0352194959168707,23.8021520104387,6862.656
4.19688831535017,0.0343110232472948,23.8006894610546,6865.578
4.19707616704508,0.0345456771355667,23.8044221510583,6868.578
4.19745985779981,0.0362314356399437,23.806181769373,6871.578
4.19722119216074,0.0346872085557353,23.8057106850976,6874.515
4.19738784862736,0.035137658925459,23.8044221244851,6877.453
4.19729472954644,0.0322214384733722,23.7924531653808,6880.437
4.19745685727382,0.0306431994008323,23.8038284328166,6883.437
4.19735725261922,0.0355068470735424,23.7991803959655,6886.375
4.19728065227169,0.0350985930076117,23.8037114910619,6889.312
4.19725703055154,0.032323855104239,23.8025922548938,6892.25
4.19719928841437,0.0331079341747971,23.8094877509958,6895.172
4.19736391210076,0.0354287903772961,23.813223748962,6898.172
4.19716859724305,0.0332523464240159,23.8021276460011,6901.172
4.19728566308336,0.0334984485582735,23.8084753403953,6904.109
4.19745748676342,0.0375521994558042,23.7990415834314,6907.047
4.19629462468256,0.0246989166907382,23.7954851304596,6909.969
4.19633774863589,0.0238778997025147,23.7992194180527,6912.969
4.19643252094517,0.0227534805150577,23.7985732307828,6915.969
4.19639479398297,0.0250050826199872,23.7948794813183,6918.906
4.19632435895472,0.0231200646571936,23.809954929041,6921.844
4.1963154955953,0.026485128045928,23.8014292829804,6924.828
4.19642653126509,0.0236346295565001,23.804315041856,6927.812
4.19635181813129,0.0249484551787793,23.8046354128141,6930.812
4.19617062385678,0.0247542582238877,23.8106501138113,6933.75
4.19613582570367,0.0240483266189397,23.7997388834381,6936.687
4.19613446143954,0.0247600911451409,23.8029628995884,6939.687
4.19608070090512,0.0234475569268308,23.8061841557746,6942.687
4.19632142074036,0.0245030753824797,23.8076448155639,6945.625
4.19619345343676,0.0268189307907356,23.8026011962347,6948.562
4.1961836502213,0.0240052771048831,23.8031335508804,6951.547
4.19625415950854,0.0258271404537242,23.802281532588,6954.547
4.19640774095566,0.0225400330929002,23.8012065304302,6957.484
4.19617700220982,0.0265100710204519,23.8035808172113,6960.422
4.19621033810935,0.0225779498548974,23.8078523061521,6963.344
4.19614821478254,0.0253943626400767,23.8030102143286,6966.344
4.19613634806617,0.0252306927959677,23.8055900147986,6969.344
4.19624844253082,0.0256550679969906,23.8044775513043,6972.281
4.19595826716656,0.0247876414425917,23.8043134794349,6975.219
4.19616281980853,0.0246922752516934,23.8100015689867,6978.219
4.19624198924036,0.0234010917260626,23.7978041006757,6981.203
4.19620793200945,0.0229213739852312,23.7974442108374,6984.14
4.19611054586058,0.0247915825511234,23.7931134829754,6987.078
4.19616129851941,0.0241507050681889,23.7965025695865,6990.078
4.19615739306632,0.0248516850391878,23.8002533197932,6993.062
4.19631918739351,0.0226080579679294,23.8138704157662,6996.047
4.19629353425164,0.0218172725323281,23.8088864630793,6999
4.19635581930144,0.0241109474542589,23.8062356203317,7001.937
4.19610677646493,0.0208312115500549,23.7989981421962,7004.922
4.19636587515636,0.0258187948606532,23.805462020499,7007.906
4.19618936364611,0.0259195950547082,23.7982752190517,7010.89
4.19612405952081,0.0237044070897555,23.8062177695767,7013.844
4.19618352862913,0.0240644277280187,23.7993125441669,7016.781
4.19634086625174,0.0256076310702098,23.8053729935501,7019.765
4.19638615220712,0.0231313532637963,23.8031856563494,7022.797
4.19617274359017,0.0273666750727026,23.8060508483012,7025.734
4.1961699660988,0.0251383514907541,23.7996529509846,7028.672
4.19637201468976,0.023964756104581,23.8061268035276,7031.656
4.19614632756696,0.0215304366295381,23.7994533834878,7034.656
4.19602991536796,0.0247297617489316,23.7993276634644,7037.594
4.19614781032118,0.0250546234806518,23.7986487109655,7040.531
4.1964963239608,0.024187088700231,23.7952637121541,7043.531
4.19623005376334,0.0262732696975228,23.8059838671321,7046.515
4.19599905384511,0.0251646312931546,23.8057941571436,7049.469
4.1961615042664,0.0249255938669215,23.8021245237565,7052.39
4.19606598051537,0.0243733681704218,23.8041894579875,7055.422
4.19633192805087,0.0232392955488904,23.8050705591931,7058.422
4.19614053859811,0.0234599538326754,23.7986113219342,7061.359
4.19617835669068,0.0252391539179529,23.80629754982,7064.297
4.19658449100447,0.0238448467596092,23.8009531558998,7067.297
4.19609302427823,0.0262386240761884,23.8008359985561,7070.281
4.19628760512579,0.0256600320154999,23.7992622867776,7073.234
4.19605872115096,0.0241270470581044,23.801043515073,7076.172
4.19628754805291,0.0226181946859405,23.7952333412746,7079.156
4.19625708230432,0.0258984382534983,23.8016640543582,7082.187
4.19649370631989,0.0240970236195328,23.79350016084,7085.125
4.19603519781338,0.0266078240660809,23.7929101050439,7088.062
4.19628086437377,0.0232234081212578,23.7944162009769,7091.047
4.19624853571228,0.0240808649238311,23.7950041131602,7094.047
4.19630783506224,0.0230222798386968,23.7956327449828,7096.984
4.19678829556652,0.022571173856741,23.8036295391541,7099.906
4.19612636366561,0.0272068310766531,23.8035982627973,7102.89
4.19628523351988,0.0232302083177554,23.8072992467554,7105.89
4.19615629938999,0.0253949360225412,23.7961447580131,7108.828
4.19612400920109,0.0243514776717266,23.80167374274,7111.765
4.1962196888704,0.0227908680523155,23.8048995603759,7114.687
4.19602614157774,0.0243849558692108,23.8001280818726,7117.687
4.19596793051517,0.0263704448558196,23.797247334177,7120.687
4.19617477400239,0.0241816992560662,23.8037815974424,7123.625
4.19621424653259,0.0217634978737214,23.7973165450812,7126.547
4.19617465800595,0.0235117449304179,23.8000844008425,7129.547
4.1962403814427,0.026677572963448,23.7981571547787,7132.547
4.19634809230736,0.0237282273117995,23.8012261695377,7135.484
4.19622466396044,0.0243226914570832,23.7973610605089,7138.406
4.19625899387021,0.0219393254151305,23.8036725674028,7141.406
4.19626755605862,0.0234099250666306,23.8009175053733,7144.406
4.19613584784393,0.0268309287344071,23.7979371887837,7147.344
4.19641482800216,0.0218613035869517,23.8035776612291,7150.281
4.19617278272491,0.0244710732930757,23.7990169253891,7153.219
4.19624535523913,0.024529984300712,23.7922744904574,7156.203
4.19629450884883,0.0226353089647562,23.8007695842666,7159.203
4.19625957776653,0.0229256917303862,23.8003805300548,7162.14
4.19648534693314,0.026727109063935,23.793878829654,7165.078
4.19641657808203,0.0219918511738064,23.7955605005443,7168.062
4.19611031875778,0.0280380466814373,23.7997350589519,7171.062
4.19624207815768,0.0243797655725652,23.7902378601832,7174
4.19654031329168,0.0215770812852994,23.7872167700953,7176.937
4.19676361180874,0.0266144983159353,23.8052119340063,7179.875
4.19620333534312,0.0248757836536677,23.8016632527805,7182.875
4.19615664387937,0.0229573030738687,23.8021121546073,7185.859
4.19624377451268,0.0260175243034473,23.7987127542058,7188.797
4.19616202272831,0.0243825924413663,23.8038748060638,7191.734
4.19625935689579,0.0256735490167254,23.8031712626569,7194.719
4.19625436263878,0.025035044643547,23.7996628619208,7197.719
4.19610662483405,0.025029221582352,23.7945578182724,7200.672
4.19617142268981,0.0278902879443074,23.7991578757195,7203.609
4.19637150369498,0.0249205455660203,23.7952799229395,7206.594
4.19666227172363,0.0226692018088834,23.7953325002428,7209.594
4.19615608826315,0.0245669895663943,23.8035175292254,7212.531
4.1962995040281,0.0242195100835815,23.8086183742701,7215.484
4.19632112117063,0.0260628030031798,23.7992933791303,7218.422
4.19614435008758,0.0269578161777926,23.7959810897012,7221.359
4.19657944190941,0.0233152496068002,23.7972204247579,7224.281
4.19620591632467,0.0259552273456604,23.7979372156797,7227.281
4.19612332513992,0.0256864571583002,23.7959074862256,7230.281
4.19628611574765,0.022462336976203,23.803351942747,7233.234
4.19621647053946,0.0258409414839676,23.7968308675237,7236.156
4.19626783846366,0.025312618573677,23.7953325256371,7239.156
4.19631324131546,0.0256533934770284,23.8015915610832,7242.14
4.19633976064192,0.0235269114234368,23.7994630422753,7245.094
4.19643838056367,0.0275318875167036,23.8017965657591,7248.031
4.19625869932171,0.0233230139985343,23.7987105879004,7250.969
4.19643111227984,0.0248284377955888,23.8009626990546,7253.906
4.19641727391402,0.0226662223290767,23.7980929907336,7256.906
4.19633684150411,0.0245779268913242,23.8068970224478,7259.906
4.19620765811795,0.0249651367389813,23.7998853029988,7262.844
4.19605970307537,0.0243349985857866,23.7998139450965,7265.781
4.19631936438837,0.0206247952311799,23.794739696578,7268.781
4.19657866324804,0.0218319785028259,23.7996815980831,7271.781
4.1962965502843,0.0241422238870523,23.7993289845192,7274.734
4.19632120642722,0.0222701350092521,23.8058478771895,7277.672
4.19637747557798,0.02369188226673,23.8014206979922,7280.609
4.19636628805654,0.0233893068175418,23.8045298371932,7283.609
4.19644124855554,0.0245514284400326,23.7906814252714,7286.609
4.19623775347725,0.0258329085866966,23.7988643003083,7289.547
4.19641894433925,0.0246543274522996,23.7920808022038,7292.484
4.1965336738651,0.0248948057768962,23.7879326019591,7295.422
4.19635641481678,0.0242200689543782,23.8011033314077,7298.422
4.19636388928944,0.0230739942986764,23.7960689778957,7301.422
4.19640524975705,0.0239734906944457,23.7983902302818,7304.359
4.19626802750676,0.0232833670680284,23.79419587682,7307.312
4.19628736328795,0.0251317034436512,23.8011627881086,7310.312
4.19647249722566,0.0264913140080133,23.7980172299254,7313.297
4.19683363105797,0.0257832130222085,23.7960201705404,7316.25
4.19613722529269,0.024343363116462,23.7994376896631,7319.187
4.19610095440533,0.030533112286465,23.7995002745591,7322.187
4.19652303913301,0.0231615379006815,23.8020426237829,7325.187
4.19627597897985,0.0243467692278951,23.7961978555054,7328.125
4.19622370577349,0.025476712573787,23.7994400930008,7331.062
4.19639462424248,0.0213653342768184,23.7963061455865,7334
4.19643722088792,0.022188600741447,23.800645906776,7337
4.19657811886343,0.0230003193147442,23.7933791489961,7339.984
4.19656219416596,0.0222969437848099,23.7945397617775,7342.984
4.19623456921162,0.0236772872619737,23.794454159717,7345.922
4.19655185007085,0.0239126938762477,23.7985373295792,7348.859
4.19636680934345,0.0239962156129042,23.7996738078468,7351.844
4.19666041422801,0.0245555519600095,23.7968488597652,7354.859
4.19530786456274,0.0130222605441858,23.7906614604987,7357.797
4.19020862648797,-0.000441535243454106,23.801593685029,7360.672
4.19160001005303,-0.000946223957713198,23.7990012104986,7363.547
4.19220490355643,-0.00332851082677441,23.8209750378717,7366.437
4.19173993180107,0.00845225379832824,23.8090816650833,7369.344
4.19179671029689,-0.00177931457733431,23.814113777392,7372.265
4.19234904565938,-0.00114453297662018,23.8062128461517,7375.172
4.19219324978172,-0.00164862326667323,23.8099058319527,7378
4.19241271084375,0.00217162891858901,23.8145159230468,7380.812
4.19221632141349,-6.27936143407649e-05,23.8169239405027,7383.625
4.19218139147185,-0.00130887309412797,23.8120977786642,7386.453
4.1924119925961,0.0019857087847672,23.8156257523596,7389.265
4.19262360751391,-0.00400822286841093,23.8159172876649,7392.062
4.19241902407242,-0.00029988557324291,23.8160576266438,7394.89
4.19209628822478,0.000265860634663065,23.8259115392858,7397.703
4.19198454492715,0.0022019932880145,23.8306087555902,7400.5
4.19229582606611,-0.00102798427469955,23.8241404630667,7403.328
4.19239479856362,-3.72445971507342e-05,23.8220292133349,7406.14
4.19237701973295,0.00125823814403149,23.8188746915021,7408.937
4.1923736639745,0.000687917311731002,23.814863566981,7411.765
4.19233525779712,0.00227749178153201,23.8163014789114,7414.578
4.19223826853625,0.00527735520700907,23.8121914673557,7417.39
4.19205173850701,0.00292968144701089,23.8184387607414,7420.203
4.19233781081386,0.000691656069008377,23.8151080514448,7423.015
4.19203356813367,0.000968398774827662,23.8200648235942,7425.828
4.1924917269104,-0.00400150152446765,23.81133721979,7428.64
4.19253526545933,-0.00453797484932703,23.8145915596873,7431.453
4.1922214709537,-0.000426378132451635,23.8170823933461,7434.265
4.19223431018167,-0.000475383176517537,23.8138633578185,7437.109
4.19207708974135,-8.35037408510818e-05,23.8185435516773,7439.922
4.19229632389703,0.00243676197038018,23.8106491667349,7442.719
4.19233833705705,-0.000642611434031088,23.8082453065102,7445.547
4.19192095966044,-0.00131631067687429,23.8081289037339,7448.359
4.19210393947959,0.00378728099073356,23.8104886567524,7451.156
4.19201499927852,-0.000935221842381511,23.8182909613991,7453.984
4.19232410028307,0.00139614022072232,23.8084164219973,7456.797
4.19248772227335,-0.00156401488775445,23.808052279603,7459.594
4.19237539493674,0.00118868588300611,23.8062545140075,7462.422
4.19232964792842,-0.000308337401281109,23.8096092699478,7465.234
4.19209184143665,-0.000628445204230732,23.8190864472546,7468.031
4.19225199208877,0.000545718231295975,23.8178422588646,7470.875
4.19204675675995,-0.00119860064051077,23.8118756211087,7473.687
4.19188066410997,-0.00224454077873847,23.8228916010947,7476.5
4.19199679458376,0.000802944750248499,23.817066796202,7479.312
4.19222003411971,-0.000160633771589339,23.816939123666,7482.125
4.19218533173335,-0.000483813223494423,23.8206979356306,7484.937
4.19223732702746,-0.00058341597565488,23.8232378212009,7487.75
4.19214533848686,-0.0029722527345583,23.8172316621087,7490.562
4.19211535231026,-0.000671286390168268,23.8207032222151,7493.375
4.19203644472659,-0.00167140032035367,23.814366146249,7496.187
4.19206647687608,-0.00139129199769627,23.8178334837439,7499.015
4.19223493683635,0.00235043368685764,23.8205382549791,7501.828
4.19222580438207,-0.000736313896599584,23.8126006192505,7504.656
4.19211821513557,-0.00142468680767047,23.8243502381491,7507.469
4.19227966731017,-0.000303520936313492,23.8265857333783,7510.265
4.19189439234539,0.000298634223761014,23.8282696414985,7513.094
4.19251278117594,0.00321376341340317,23.819173756019,7515.906
4.1918465323249,0.00106426153104769,23.8167403917157,7518.703
4.19209268707271,-0.000288047957300279,23.8175598570076,7521.515
4.19189401550749,0.000204159830302859,23.8153322429425,7524.328
4.19170387588504,0.00357564006314497,23.8169172669751,7527.125
4.19180176557502,0.00182267509480067,23.8086342117881,7529.937
4.19202043307986,-0.000960705902214054,23.8114489677533,7532.75
4.19180730583813,-0.00192309230242729,23.8129307296109,7535.578
4.19217299784927,0.000153129286610761,23.8177650982855,7538.39
4.19195630213885,0.000694974884528706,23.8146454642162,7541.203
4.19198985553572,-0.00073633000827487,23.8158218965559,7544
4.19171990273659,-0.000618870058026843,23.8218811517237,7546.828
4.19186292452246,-0.000577830896567105,23.8110554456777,7549.64
4.19183858737676,-0.00138095508575909,23.8087915572458,7552.437
4.19192104145501,-0.00048748344507205,23.8022474902482,7555.265
4.19175542366758,-0.00115947717715443,23.8117205267241,7558.078
4.19190256058152,-0.00339860464306084,23.8123115441194,7560.875
4.1919806210265,-0.00102167266443338,23.8082342437735,7563.687
4.19191465049393,-0.00119755750775374,23.8139726353297,7566.531
4.19182839912373,0.000323210167340123,23.8121024599529,7569.328
4.19172707106438,-0.00295206709928772,23.8129679644341,7572.156
4.19187804990788,-0.00100532271449263,23.8129141909678,7574.969
4.19167400770216,0.00237978012982353,23.8101790946185,7577.765
4.19153620110245,-0.000196907721571955,23.8067527589304,7580.594
4.19190721313558,-0.0016502588034885,23.8160108155841,7583.406
4.19190826012942,-0.00423676480912542,23.8185511012509,7586.203
4.19168118147676,-0.0016700853541152,23.8137654931112,7589.031
4.19175486550287,0.000964600288267085,23.8190847477354,7591.844
4.19179655800847,-0.00337352301694865,23.8144320315597,7594.64
4.19172564823639,-0.000129401452231081,23.8237973121333,7597.453
4.19166290001783,0.00338693576127486,23.8164632461846,7600.265
4.19182343956444,-0.000593504722684268,23.8095028466678,7603.078
4.19145359863766,-0.001213414081177,23.8178115599379,7605.89
4.1914475481069,-0.000333680785100233,23.8130428964037,7608.703
4.19180730276933,0.00308630897132639,23.811907815039,7611.515
4.19208384721402,0.00217441242471108,23.8111914735736,7614.328
4.19136828218857,-0.00105416335083536,23.8080472445927,7617.14
4.19150398011768,0.00198708357655764,23.8058470495858,7619.953
4.19162690215761,0.00269223223414136,23.8158904454907,7622.765
4.1913896471708,0.000114314697072265,23.8144321385986,7625.578
4.1917878705745,-0.000667744521118999,23.8253379518196,7628.39
4.19163685960615,0.00124146043513882,23.8116921942036,7631.25
4.19135653556891,-0.00303720368253789,23.8134117643456,7634.078
4.19147541407394,0.00129728316147638,23.8071409912683,7636.906
4.19193405896673,-0.00135839991012328,23.8168042536153,7639.781
4.19150026555884,0.00115820939006067,23.8209836768989,7642.594
4.19162647918407,0.00156202900472872,23.8191767536268,7645.39
4.19172932905192,0.0022433122822774,23.8163075252878,7648.297
4.19149439881705,-0.00353415844366575,23.8070262885844,7651.109
4.19167197615719,0.00117431397313414,23.8202354932096,7653.937
4.19136734424723,-0.00201747888072499,23.8197511413898,7656.797
4.19144334745975,-0.00172652924175959,23.8245480856912,7659.672
4.19150843177103,-0.00373236104130469,23.8276712248927,7662.484
4.19184675929353,0.00128154314711403,23.8189412817122,7665.39
4.19153476872654,-0.00238019406080878,23.8284820075514,7668.265
4.19165615872382,-0.00255488506531062,23.8302572064326,7671.156
4.19141446892914,-0.00166849553958313,23.821078378274,7674.015
4.19185120856784,-2.78770366587345e-06,23.8236487493783,7676.922
4.19141173652978,0.0016872460880834,23.8177052879546,7679.765
4.19154078407612,-0.000354855250372564,23.8267910391286,7682.625
4.19162082526515,-0.00149415027968724,23.8228441007965,7685.484
4.1914627572605,0.000567859140025353,23.8135573295065,7688.437
4.19150410883884,0.000253361914671287,23.8074030860402,7691.297
4.19162732275987,0.00117077471544183,23.810269964586,7694.187
4.1913880428032,-0.00123949012320028,23.8090005622499,7697.062
4.19140542946948,0.0031989675120498,23.8127206268866,7699.906
4.19119385536976,0.0015902889150002,23.811980094207,7702.75
4.19159685893256,-0.00288622480959936,23.8075026025173,7705.594
4.19185702525785,0.0011811972518644,23.809942168461,7708.437
4.19130357457481,-0.00112882312125665,23.8088178859014,7711.328
4.19150177408041,0.00251137445350186,23.8112609043771,7714.172
4.19131152981371,-0.0043315636039225,23.8171380102287,7717.078
4.19145649740482,0.00288623066027689,23.8117699938668,7719.89
4.19124736223566,-0.00261257524476203,23.8108503027603,7722.687
4.19128278846949,3.19828966674726e-05,23.806401597064,7725.515
4.19154377055044,-0.00255948342325452,23.8105408745554,7728.328
4.19152269174549,0.000976349173300544,23.8108416823016,7731.156
4.19121151922508,-0.00334208702040533,23.815451091908,7733.969
4.1912856579662,-0.000132796866597121,23.8226323498387,7736.781
4.19118756345311,0.00094696388246998,23.8162623762124,7739.609
4.19160151396849,0.00109427572305332,23.8145787157097,7742.453
4.19151864101819,0.000358892461324638,23.8132033199952,7745.281
4.19126549009359,-0.00191481849475694,23.8126171773187,7748.078
4.1911049291534,-0.00264800579934209,23.8172068211088,7750.906
4.19158350155949,-3.35259856082844e-05,23.8134929334105,7753.719
4.19129626583016,-0.000634128021731326,23.813686240467,7756.515
4.19136608472592,-0.000623532300211306,23.8208821585866,7759.344
4.19136554911635,-0.00151456546367502,23.8241490899956,7762.156
4.19120841176962,-0.00161936837947826,23.8196515818891,7764.953
4.19141207681346,-0.00103053001395356,23.8161036256003,7767.781
4.1913350282728,-0.00303630214950754,23.8205181207007,7770.625
4.19163481611052,-0.00353779228228745,23.8105694153953,7773.422
4.191094114117,-0.00343650644142478,23.8146800090764,7776.25
4.19129749191936,0.00059552174018368,23.8198301403192,7779.062
4.19113945292743,6.10786907212847e-05,23.8229242913415,7781.875
4.19121906977299,-0.000575599250103481,23.8275148571905,7784.687
4.19130944393405,-0.000428241888052337,23.8217162703033,7787.515
4.19107274164723,0.00174683484337297,23.8228052539513,7790.312
4.19140804409074,0.00124036589270241,23.8208214067908,7793.125
4.1915045281602,0.0024007199569496,23.8200801838327,7795.953
4.19121445530153,0.000803503949112233,23.8093659330836,7798.75
4.19128548179461,0.00286560640985215,23.8097373118446,7801.578
4.19116111730143,-0.00197080435886173,23.8171204946502,7804.39
4.19095462422612,-0.000232585237049029,23.8202114655422,7807.187
4.19121166175344,0.000263478397206217,23.809668929006,7810.015
4.19113500858486,0.00232085858085296,23.8098877352844,7812.828
4.1913621993685,0.000703465414913722,23.8130947364253,7815.625
4.191320226083,0.000212356722282305,23.816669570733,7818.453
4.19133281619325,0.000387687153349796,23.8161694404761,7821.265
4.19120161661902,0.000530075264921279,23.8237533068872,7824.062
4.1912156978051,-0.0027865630441691,23.8154817673908,7826.875
4.19100262046831,-0.00197159480698827,23.8205066619612,7829.703
4.19128152132806,-0.00129755972646877,23.8145516647896,7832.5
4.19123821035426,-0.00185227978640038,23.815803262414,7835.344
4.19109790790509,-0.000248791440594594,23.8117527198356,7838.172
4.19116500773407,-0.00125493191054193,23.8123412120205,7840.969
4.19123589235032,0.00132796554564708,23.8122434445672,7843.781
4.19123204041677,0.000778571351235623,23.8179553981506,7846.609
4.19095279885197,0.00156414975180328,23.8166577365018,7849.406
4.19107280049201,-0.00178733683140685,23.8156528534397,7852.234
4.19116278584435,-0.00351969118914646,23.8155444649781,7855.047
4.19105665030091,0.000665977834617705,23.8096096135632,7857.844
4.19123595227795,0.000622107611741461,23.8184100510823,7860.656
4.19116914199671,7.77747143303396e-05,23.815237791466,7863.484
4.19102532256081,-0.000254061536415332,23.8189834471097,7866.281
4.1909369663261,-0.000200953945308863,23.817233807275,7869.125
4.19092769126472,0.000993178666122161,23.8152790184636,7871.937
4.19121597973125,0.00106222189255352,23.8183451558511,7874.734
4.19087374183251,-0.000495551341395221,23.816088247657,7877.562
4.19083887573573,-0.00140826751138313,23.8130899425658,7880.375
4.19118301095471,0.0027632437870726,23.8136348542967,7883.172
4.1913746060782,-0.00126098304362938,23.8140378209863,7886
4.19115944270164,-0.00164589140802255,23.8114548494431,7888.812
4.19083048187881,-0.00182047708759689,23.8230546815771,7891.625
4.19100632320959,-0.0019040733615251,23.8077767043237,7894.437
4.19085247556779,-0.000892123654571642,23.8101610443517,7897.25
4.19088996568346,-0.00136210444457641,23.8160070315291,7900.078
4.19114000374312,-0.000757821305805839,23.813894733202,7902.906
4.19094529584722,0.00157986210623795,23.8118836716632,7905.719
4.19092718956162,-0.0035152071072115,23.8091261474967,7908.515
4.19081790333513,0.000964791325414907,23.8142920031564,7911.344
4.1911678482688,0.000122931119297972,23.8019832045704,7914.156
4.19116474997044,-0.00214051435308382,23.8101154252476,7916.953
4.19107946909705,0.00249886981418311,23.812057206155,7919.781
4.19087254228783,0.000840392759740943,23.8126219803229,7922.594
4.19087477699627,0.00175278036203602,23.8010157824445,7925.406
4.1909632745256,-0.000977007279219821,23.8021907835108,7928.219
4.1910146801197,0.00227372435322577,23.8039579147988,7931.031
4.19122252064566,-0.000775548995459799,23.8015822889966,7933.859
4.19098529158799,0.00084091496867807,23.8123730728442,7936.687
4.19104542469224,0.00140953763447129,23.8060728380086,7939.5
4.19085818045556,-0.00146638264969463,23.8088112848498,7942.297
4.1906280724879,0.000935556519749863,23.8073893805398,7945.125
4.19105480048364,-0.000985876567583028,23.8096745446031,7947.937
4.19089439391083,0.00219981048513633,23.8116993246628,7950.734
4.19072956114014,0.00310513294806662,23.8181830855193,7953.547
4.19105181144862,-0.00166038637463699,23.8187977827611,7956.375
4.1906760902521,-0.000366236976301195,23.8130029585277,7959.172
4.19069319522943,-0.00158854604259012,23.8106001163591,7961.984
4.19059044433874,-0.00278637164592373,23.8161250292189,7964.812
4.19109337588311,0.00290100759633648,23.813902902934,7967.64
4.19081890370557,0.00181807535610196,23.8085029513935,7970.453
4.1909715533467,-0.00138347157468177,23.8133777125815,7973.265
4.19065930103209,0.000413720454673818,23.8123875886062,7976.078
4.19089775684267,-0.000360475471926076,23.8153111190377,7978.89
4.19101401062185,0.00196289352982615,23.8161877939456,7981.703
4.19082009430637,-0.00249445386545675,23.8154599842787,7984.515
4.19107134948425,0.00215432105059737,23.8084976172371,7987.328
4.19084099869841,-0.00263569318126947,23.8170932497472,7990.14
4.19102276246242,0.000436478835231469,23.8139833755183,7992.953
4.19092147030943,0.0021037004362846,23.8135276068913,7995.765
4.19076246812314,0.000714343408194256,23.8193881255349,7998.578
4.19060371049314,0.00115219601507312,23.8157656718966,8001.39
4.19067762011776,-0.00514463483313663,23.8225976644988,8004.219
4.19050670717587,-0.00112752781781712,23.808801499834,8007.031
4.19089743674309,0.00178977022675879,23.8194871629374,8009.781
4.19053423603845,-0.00168023892392498,23.8141988615615,8012.547
4.19108832247028,0.00165308885658943,23.8150155967909,8015.297
4.19084299962435,-0.00367070733161807,23.8205701859619,8018.047
4.19068056126135,0.00433294598975726,23.8224328252021,8020.812
4.19081377395066,-0.0028905573763835,23.8211904206616,8023.562
4.19081751530763,-0.00137629458567907,23.822476243134,8026.328
4.1908985777288,-0.00268350304134396,23.8136462057139,8029.078
4.19065268422724,0.00101845865435921,23.8212481393244,8031.828
4.19071600892841,-0.000410429952776414,23.8123354593757,8034.578
4.19107999701705,-0.00175768140232518,23.8122320429159,8037.344
4.1907320234453,0.00245718858211139,23.8150431496794,8040.094
4.19076246930593,0.00154939660583196,23.8222627875038,8042.859
4.19083294274759,0.000130813915074436,23.8130107896899,8045.609
4.19079048536173,-0.000571417414620135,23.81530434251,8048.359
4.19075648723709,-0.000450525864567319,23.8248845050007,8051.125
4.19073481714739,0.00150891980777757,23.8211828336266,8053.875
4.19069783932919,-0.00249186976037048,23.8090406934801,8056.625
4.19102918108987,-0.00482288908934405,23.819233200851,8059.39
4.19051865095931,0.00126323461945418,23.8132609745862,8062.14
4.1907026710423,0.00144395838646971,23.8139788169349,8064.906
4.19106745669253,-0.000873414241298399,23.8168089576602,8067.656
4.19063930740308,-0.000476203345856653,23.815245885978,8070.406
4.19045258095733,0.00102436045780846,23.8117207655297,8073.172
4.19087819818043,-0.00135229925335895,23.8103464136359,8075.922
4.19069149311899,-0.000577849845626709,23.8176314398435,8078.672
4.19069778576938,-0.00138370613616248,23.8183137700914,8081.437
4.19102938571083,-0.000461463117805996,23.8250163226813,8084.187
4.19072911469949,-9.45223951445425e-05,23.8227687229648,8086.953
4.19080256047407,0.000925972523254574,23.8117010631874,8089.703
4.19081935043499,-5.49806685911076e-05,23.8104988024548,8092.469
4.19018781832282,-0.00027723441376536,23.8125787506727,8095.25
4.19073815977769,0.00358433887646816,23.805711163998,8098.015
4.19073512714853,0.000848910163825057,23.8112388300431,8100.765
4.19068622712389,-0.00115579772242375,23.8150905150996,8103.531
4.19062267979524,-0.00104960964303927,23.8233673924597,8106.281
4.19071344579432,0.000897165594156366,23.8233799205692,8109.031
4.19062650393766,-0.00117376233307161,23.8247515825644,8111.812
4.19053185543358,-0.0015312758827493,23.8226507656184,8114.578
4.19085017516666,0.00082997315477201,23.822131833945,8117.328
4.19043376185238,-0.00460589368010088,23.8280842165965,8120.078
4.19048663755211,0.00413500341784714,23.8280555457214,8122.844
4.18810865112454,0.000130667341566367,23.8195202516044,8123.844
4.18819594264703,0.0014590806056812,23.8288071595811,8133.266
3.9774320556542,-2.0056719553334,23.8449444892801,8143.422
3.9619742177665,-2.01220579499469,23.9255773300323,8152.86
3.9498352354576,-2.01200464067214,24.0106279345052,8162.329
3.93955006487928,-2.00728509833341,24.1031919642026,8171.75
3.93045366689732,-2.00934045783807,24.1916207301233,8181.172
3.92218035297715,-2.01026725903675,24.2943435269004,8190.594
3.91464889974803,-2.01002405497167,24.3826155804364,8200
3.90758470915328,-2.00867077329473,24.4763146429804,8209.438
3.90126780288413,-2.01062371858544,24.5745782369831,8218.875
3.89521464847867,-2.00961729700827,24.6673722299614,8228.235
3.88969014327033,-2.00781432176131,24.7605826503341,8237.61
3.88424177795872,-2.01154042436189,24.8594978571274,8246.969
3.87912714266222,-2.00809614481215,24.9621994795686,8256.375
3.87453279986455,-2.01137628874223,25.0478665044854,8265.782
3.86996557609363,-2.00975665328459,25.1506311622402,8275.172
3.86558618135837,-2.01229481353525,25.2459602506021,8284.579
3.8613232967475,-2.00754914838471,25.334606396234,8293.969
3.85754191223168,-2.00805946949012,25.4161689755033,8303.375
3.8533730285948,-2.00981116866387,25.5181196398574,8312.782
3.84975086758365,-2.01016407860063,25.604064545727,8322.188
3.84596764611404,-2.00869484092469,25.7059174278579,8331.563
3.84236148769426,-2.00764692060655,25.7867413204668,8341.016
3.83913536000282,-2.01169148146884,25.87705688267,8350.422
3.83581302574678,-2.00739067660369,25.9664718127758,8359.782
3.83224161105692,-2.01168545015925,26.0506836390801,8369.204
3.82929162494562,-2.00850126912973,26.1342963220969,8378.672
3.82621205145339,-2.00778268651143,26.2209175041154,8388.032
3.82318353833552,-2.00695939455263,26.2974116586818,8397.438
3.82027722107167,-2.00797032382892,26.3896602247387,8406.844
3.81724004518189,-2.00899399210289,26.4668687607772,8416.25
3.81463364783557,-2.00658313922095,26.5570476633124,8425.704
3.81172965711753,-2.00997028095785,26.6354986762924,8435.063
3.809130725033,-2.01155731394918,26.7121105337421,8444.407
3.80644297813321,-2.00878991573332,26.79618176271,8453.797
3.80372699039086,-2.00835781132273,26.8764436108718,8463.172
3.80088419231712,-2.0105523088994,26.9589834143695,8472.532
3.79866883881653,-2.00684669268663,27.0344110452088,8481.907
3.79611590255805,-2.00706394026431,27.1090584890206,8491.266
3.7935449339558,-2.00757954309097,27.1865752199461,8500.672
3.79121485548967,-2.01095727789555,27.2724086518846,8510.079
3.78868616086145,-2.01126993711223,27.3386860935608,8519.469
3.7864695945096,-2.00930962214958,27.4304802101322,8528.891
3.7841275012717,-2.00583023835688,27.5062933992134,8538.313
3.78150945222052,-2.01089345982332,27.576816093004,8547.704
3.77914909159343,-2.00870506947288,27.6515305777985,8557.11
3.77694590310034,-2.00678269555004,27.7227291133262,8566.469
3.77441434119916,-2.01123856848567,27.7989878104454,8575.969
3.7720246590786,-2.01028574535993,27.8620610057732,8585.344
3.76960452447815,-2.01280082700084,27.9388905821088,8594.704
3.76735788740426,-2.01104237074742,28.0143257266649,8604.063
3.76511344024858,-2.00853854788381,28.0744613521994,8613.485
3.76268646372142,-2.00887535733567,28.1329798518662,8622.844
3.76032237865557,-2.00829543868746,28.2073045119653,8632.235
3.75800131984011,-2.00884376557554,28.269847586064,8641.579
3.75580073525919,-2.00877000893439,28.3278910933725,8650.922
3.75327293430689,-2.00761664555579,28.3884991755207,8660.266
3.75106759498978,-2.00829686769663,28.4567372337306,8669.657
3.74884747206876,-2.00953616067752,28.5153611103344,8679.032
3.74639874927505,-2.00832289913677,28.5730245356909,8688.391
3.74425119913783,-2.00819279479453,28.6370210339915,8697.782
3.74188429081379,-2.00925790336227,28.689762125868,8707.157
3.73974034300382,-2.01007864200962,28.7456471700585,8716.532
3.73761989698936,-2.01030478035501,28.7891190506243,8725.891
3.73531268757395,-2.00886767168433,28.8283431011417,8735.313
3.73307675243733,-2.00968435750641,28.8796111978787,8744.75
3.73096341451996,-2.00946224619719,28.9307826044495,8754.125
3.728851850946,-2.00905051981669,28.9841502755756,8763.485
3.72662533635605,-2.00927256768804,29.0273792027401,8772.86
3.72444617570193,-2.00664137424928,29.0570460569676,8782.25
3.72234861949082,-2.01089856022223,29.0986886863953,8791.625
3.72016454236584,-2.00818420833638,29.1465773362743,8801.016
3.7179918281043,-2.0075810835306,29.1686319748749,8810.36
3.71594299502669,-2.00965461463668,29.2057685875042,8819.766
3.71409409225149,-2.00742784049469,29.2470035982396,8829.157
3.71173278064775,-2.00758538911509,29.2795142984438,8838.579
3.70980558240052,-2.01071778705153,29.3044684582867,8847.985
3.70741417967362,-2.00984504343456,29.3374154251564,8857.344
3.70549909855257,-2.00748942119664,29.3708301358514,8866.735
3.70348787383637,-2.00914035771498,29.3943570798105,8876.125
3.70137026691848,-2.00576170143769,29.4170877252223,8885.5
3.69935948892413,-2.01055003378682,29.4508028467852,8894.875
3.69734112805233,-2.00915899503867,29.4816806939579,8904.266
3.69521669496981,-2.00988388727124,29.4961562077849,8913.688
3.69320751647194,-2.01120640375037,29.5224239166298,8923.094
3.69139262005418,-2.01011034197611,29.5483401594151,8932.5
3.68932110267559,-2.00741280395702,29.5622977077133,8941.875
3.68698537943806,-2.00838122280603,29.5817489351445,8951.282
3.68511785487017,-2.01075585432893,29.6064039492852,8960.625
3.68327627039334,-2.00870621738004,29.6246633606821,8970.032
3.68118359330667,-2.00825794317531,29.6575982420172,8979.485
3.67916749138214,-2.0107561172054,29.6754645558164,8988.875
3.67715312572625,-2.00860057968595,29.6943317955612,8998.297
3.6751919995393,-2.00789788455845,29.7091909212183,9007.672
3.6731165332397,-2.00840372053577,29.73286708998,9017.063
3.67104168595108,-2.00856583810256,29.7547383114952,9026.422
3.66929577587176,-2.00916687198195,29.7881391867516,9035.797
3.66736837180765,-2.00932445568742,29.804917212341,9045.172
3.66534934092613,-2.00930603473172,29.8343895313562,9054.657
3.66344992742009,-2.00876985982623,29.8632515937072,9064.032
3.66148063595138,-2.00875048063551,29.8805570440009,9073.422
3.65957259939196,-2.00714511699559,29.8959771018552,9082.797
3.65762586033072,-2.00999843929181,29.9246332731054,9092.157
3.65575781682548,-2.01046799497728,29.9412100570324,9101.547
3.65399955903709,-2.00858362897376,29.9685721004088,9110.907
3.65197902209958,-2.01097839438149,30.0051000857397,9120.235
3.65007823955072,-2.00853462233262,30.0240619455508,9129.641
3.64821543145967,-2.01003693864358,30.0346624012011,9139
3.6465094024621,-2.00996242419967,30.0645847440337,9148.36
3.6446136240682,-2.01112190160261,30.0970673570649,9157.735
3.64260812388616,-2.00836535030059,30.1331707144381,9167.11
3.640871999371,-2.00941053724189,30.1525718677781,9176.485
3.63899383964271,-2.00977067215407,30.1802677189541,9185.875
3.63706795535757,-2.00914227506632,30.2143482253769,9195.219
3.63544286495306,-2.01029415571111,30.2464027216207,9204.625
3.6335267662682,-2.0079700417516,30.2659628590741,9214.11
3.63170033265947,-2.0102047894623,30.2931748317862,9223.516
3.6299289896435,-2.01121250863949,30.315944927586,9233
3.62813190204273,-2.00868531448404,30.3523824002605,9242.36
3.62615217647662,-2.00872367893032,30.3693972268785,9251.75
3.62436577716451,-2.00912888970021,30.4018575767246,9261.172
3.6227629403541,-2.01065251468003,30.4232290806035,9270.579
3.62091062172031,-2.00835050238985,30.4529348032855,9279.954
3.61917456396847,-2.00695659802011,30.4826828952271,9289.422
3.6174321638977,-2.00632133229022,30.5125591929014,9298.829
3.61542630955208,-2.0081773998166,30.5347482092343,9308.329
3.61398438232392,-2.00792121511523,30.5575630882534,9317.719
3.61206055276533,-2.00972162851763,30.5867792356143,9327.125
3.61032344191144,-2.00956673943027,30.6230287046274,9336.516
3.60860368793965,-2.00948727676815,30.6433845579652,9345.922
3.60693048317568,-2.01043999475915,30.6867265882138,9355.36
3.60510415603275,-2.0076744244551,30.7059704432798,9364.75
3.60344062633289,-2.0070612197804,30.733603501986,9374.141
3.60190107973855,-2.00972495795453,30.758457130165,9383.516
3.59994447465969,-2.00622318519059,30.7759894116074,9392.907
3.59798072502461,-2.00954351246122,30.8120589767702,9402.25
3.59658667345947,-2.01062803997902,30.8424119844027,9411.625
3.59479278219206,-2.00825324941789,30.8661678781407,9421.032
3.59329506108492,-2.00706578316493,30.9039570655721,9430.485
3.59138759790026,-2.01026449115581,30.9375749797463,9439.891
3.58963254634082,-2.01024134751332,30.9636223109938,9449.282
3.58807234897281,-2.00997453554303,30.9857143297826,9458.641
3.58634577600034,-2.00890489481331,31.0125183557534,9468.079
3.58481734491276,-2.00884227772306,31.0375801570598,9477.485
3.58319578663363,-2.00723017114648,31.0677740503237,9486.86
3.5814825535597,-2.00870709485728,31.08681637171,9496.282
3.57986543424481,-2.00960182654801,31.1228217991934,9505.704
3.57812390645005,-2.00920071589773,31.1380271878066,9515.094
3.57659138452716,-2.00894884114407,31.1853215333344,9524.547
3.57498797754271,-2.00665713673662,31.2082670671977,9533.938
3.57322033030125,-2.00783953326579,31.2323386996344,9543.313
3.57181489535263,-2.00723636516634,31.2695701175267,9552.672
3.57019734125478,-2.01008036037127,31.2849680233611,9562.063
3.56849983669606,-2.01036931716413,31.3145992651597,9571.422
3.56704321990352,-2.00873044589444,31.3269461242527,9580.782
3.56527224103978,-2.00722822254203,31.3570379692364,9590.125
3.56377073756865,-2.00619732348695,31.3797199578041,9599.485
3.56215689003945,-2.00896900244848,31.4102628154454,9608.907
3.56072983939643,-2.00748979711738,31.4323016328393,9618.266
3.55896977253979,-2.00816003547382,31.4605033035689,9627.641
3.55746834854672,-2.01056416166617,31.4877099563753,9637.032
3.55597031824105,-2.00641937509898,31.5061755495539,9646.485
3.55451833918577,-2.00906748200545,31.5350373263139,9655.875
3.55312284335875,-2.00894257623187,31.5613209123194,9665.188
3.5514186998831,-2.00774262295135,31.5841138369433,9674.625
3.55016030645992,-2.00824723485982,31.6087686793039,9684.032
3.54844035561791,-2.00826607079759,31.6219089189574,9693.407
3.54704411496915,-2.01124558498217,31.6530276534468,9702.86
3.54572429452477,-2.00904707737701,31.6716095556383,9712.266
3.54420451581066,-2.01106458932125,31.7001713662198,9721.672
3.5427036010345,-2.01095252476293,31.7249146474014,9731.079
3.54126630632183,-2.01059182775798,31.7486907079938,9740.454
3.5398476083299,-2.00894255889614,31.7793302407553,9749.86
3.53838665138724,-2.00797059552275,31.8001352301754,9759.282
3.53713278319442,-2.00822404204198,31.8208249369005,9768.688
3.53552529475721,-2.00827098706918,31.8509412414864,9778.079
3.53434133060283,-2.01077117257312,31.8722336243783,9787.485
3.53290601179786,-2.00952067062709,31.8930854353808,9796.922
3.53171661114778,-2.00890976976405,31.912168705333,9806.329
3.53026758960239,-2.00953313153901,31.9461159967321,9815.688
3.52911572093074,-2.00978563606052,31.969740329439,9825.094
3.5276136183911,-2.00805651097148,31.9966118670246,9834.5
3.5262519187159,-2.01103341427443,32.0223976155031,9843.86
3.5247965499275,-2.01002342737279,32.0334384723789,9853.266
3.52363409256628,-2.01087941970445,32.0513692202008,9862.719
3.52223290588173,-2.00959202676488,32.0749286514276,9872.141
3.52088398455584,-2.00879664071972,32.0959096413921,9881.5
3.51965225626038,-2.00838173669247,32.1234160361876,9890.86
3.51844283152178,-2.01027804250332,32.1461975816281,9900.204
3.51714567442677,-2.01014150865374,32.1530822316446,9909.625
3.51597687583159,-2.0085939349488,32.1796989758954,9919.047
3.51460191269958,-2.00746918001976,32.2023952798152,9928.469
3.51355105737157,-2.00799280191578,32.233570829768,9937.86
3.51232578653588,-2.00731029103079,32.2555650627942,9947.219
3.5111281363773,-2.00990697678059,32.2630970364683,9956.594
3.50982703761577,-2.00688804186593,32.3030574737275,9966
3.50879744335539,-2.0085320000555,32.3230204113026,9975.375
3.50748601499746,-2.00899463072888,32.3380582404043,9984.766
3.50643252177556,-2.01299508192832,32.3697388114669,9994.219
3.50522874330724,-2.00635709265363,32.3906301165479,10003.61
3.50407102796562,-2.00736302992071,32.4180641121669,10013.016
3.50301678360527,-2.00774414389391,32.4323104815917,10022.438
3.5018899918735,-2.00792693612291,32.4408628496349,10031.891
3.50084741558506,-2.01110146916892,32.4543003640644,10041.282
3.49978987604381,-2.00937638539475,32.4789385354158,10050.641
3.49876647561618,-2.00951475585994,32.4984967301698,10059.985
3.49760398526821,-2.00840319397141,32.5136385408926,10069.391
3.49641005153137,-2.00888975069765,32.5404447871085,10078.766
3.49531484109247,-2.01020479277941,32.5711307980889,10088.172
3.49420484939672,-2.00925746161104,32.593160617236,10097.719
3.4930269985348,-2.00925534074908,32.6148946829432,10107.079
3.49203425437922,-2.00999930624122,32.6386580448603,10116.579
3.49087215396633,-2.0081540374401,32.6505628447565,10125.969
3.49000454464598,-2.00763041020543,32.6746273950407,10135.375
3.48911002700341,-2.00740559393839,32.7018668930261,10144.766
3.48788653819848,-2.00860772053419,32.7215261019661,10154.25
3.48699457809997,-2.00851343833629,32.7366969170461,10163.657
3.48570121797603,-2.00830567687462,32.7478376681967,10173.032
3.48472434810109,-2.00804427555033,32.7768355838759,10182.422
3.48389186150229,-2.00811641724374,32.8145346732598,10191.875
3.482701357955,-2.0085871057898,32.830236405641,10201.235
3.48163935700014,-2.01014049332418,32.8551673269851,10210.594
3.48068370275465,-2.00784937510522,32.8672446322192,10219.985
3.47972194948085,-2.01004186337286,32.8876834498971,10229.375
3.47881851957709,-2.01008309061293,32.9194447374141,10238.797
3.47772821688303,-2.00738646078968,32.9358146974117,10248.235
3.47687123961471,-2.00665317128315,32.9580431156955,10257.657
3.47568342999229,-2.00774344724766,32.9680295924286,10267.063
3.47471545634932,-2.01086510677691,32.9964681317201,10276.454
3.47361470354877,-2.0070009576463,33.024640472701,10285.907
3.47268594618758,-2.00853037078969,33.0584481626117,10295.297
3.47160321604267,-2.00920334121225,33.0697072041924,10304.704
3.4705086387004,-2.00790421607671,33.0858437728754,10314.125
3.46946640692459,-2.00847306927724,33.1147633312304,10323.579
3.46845462128079,-2.00923946731311,33.1407715450325,10332.954
3.46763087136547,-2.01161875277539,33.1490847722061,10342.344
3.46643047628897,-2.00908399332454,33.1793308081293,10351.735
3.46549231704851,-2.00826331337352,33.2192350675965,10361.11
3.46453271383105,-2.0072399290872,33.2350121802089,10370.516
3.46351282528171,-2.00874723704421,33.2412863206648,10379.938
3.46236689421196,-2.00930312521667,33.2882540871764,10389.313
3.46134038059404,-2.01071389754734,33.3019056997003,10398.688
3.46020601774682,-2.00969280144754,33.3270094626085,10408.11
3.45948769011447,-2.00813420964824,33.3498617046241,10417.485
3.45837098501633,-2.00971586643894,33.3752430086555,10426.875
3.45734929414578,-2.00818058944187,33.3962654164887,10436.235
3.45633918571704,-2.01049149681085,33.4161666291033,10445.625
3.4551670379069,-2.00916406958524,33.4431414979691,10454.969
3.45409327576325,-2.01050290805142,33.4813371194918,10464.344
3.45306283065052,-2.00853059346146,33.5011393633749,10473.735
3.45204304824698,-2.00810424774919,33.5321265741492,10483.141
3.45094745446482,-2.00631514820151,33.5485659450704,10492.547
3.44985263265036,-2.00881449616628,33.5722653530888,10501.954
3.44872328489826,-2.01109028261976,33.5964683483973,10511.344
3.44796792845758,-2.00983364916946,33.6218904827785,10520.704
3.44683298529431,-2.00873414495843,33.6639807336973,10530.094
3.44555954547664,-2.00868258150992,33.6772593995303,10539.5
3.44456321578316,-2.00721779989841,33.7072950434788,10548.907
3.44348277179165,-2.00940253952512,33.7463555983308,10558.329
3.44245951230267,-2.00834761757193,33.7795236429412,10567.704
3.44114656677708,-2.00760082371381,33.80336216168,10577.047
3.44012762091246,-2.0109514231188,33.8183228310137,10586.407
3.43891388547959,-2.00946935675176,33.8321774573092,10595.86
3.43784935811625,-2.01044185889739,33.871367608494,10605.297
3.43665414550707,-2.0072715541904,33.9021569301508,10614.735
3.43555841536937,-2.01033335263995,33.9430750503718,10624.125
3.43431501283147,-2.00772609657367,33.9665851407625,10633.469
3.43314362466091,-2.00830026890025,34.0019800138531,10642.875
3.43191625341674,-2.00845311865167,34.0299965808561,10652.297
3.43082346878189,-2.00993437032959,34.0657451044838,10661.625
3.42964855929622,-2.01055948384104,34.1010490311235,10671.016
3.42846571128035,-2.01082620207164,34.1207563952634,10680.391
3.42701259002508,-2.00794208016257,34.1538469753591,10689.829
3.42613952967718,-2.00320852350291,34.1929954881374,10699.25
3.42472668178859,-2.00880245408643,34.2159991233865,10708.625
3.42345169575448,-2.0107742797823,34.2458905190141,10717.985
3.42220727747023,-2.01163149092532,34.2895926393671,10727.375
3.42083332671566,-2.00852812989604,34.3202160390422,10736.75
3.41971245342531,-2.01014777191143,34.3532304388003,10746.11
3.41831823839594,-2.00953974618025,34.3882542873403,10755.516
3.41694415352412,-2.00942389652785,34.4090800404461,10764.969
3.41538128344062,-2.00863376298951,34.4478901977563,10774.391
3.41401085043155,-2.00873889893937,34.4951370472741,10783.735
3.41284590047226,-2.00706118255867,34.5296841552768,10793.125
3.41157222850749,-2.01032401593535,34.5528140176256,10802.516
3.41004528215837,-2.01206394211839,34.5948791846034,10811.86
3.40843540374673,-2.00910227683038,34.6271689683979,10821.204
3.40719284109127,-2.00925522635184,34.6683195467954,10830.579
3.40568950746821,-2.01095392512076,34.6947235843732,10839.954
3.40403144635166,-2.00987746347074,34.7335165293325,10849.297
3.40241463261385,-2.01034836086333,34.7583732072362,10858.672
3.40103174490997,-2.01064367570836,34.7935030443854,10868.032
3.39958505387911,-2.00970099651582,34.827784692935,10877.438
3.39786871725221,-2.01011575404781,34.866823145388,10886.813
3.39610470382346,-2.0085794801866,34.9157959255283,10896.219
3.39441695225215,-2.0066760648301,34.9387944329914,10905.532
3.39272224227342,-2.01043553392123,34.9680618173338,10914.891
3.39079939194894,-2.00773960561107,34.9994005796226,10924.25
3.38921649743783,-2.00727682707893,35.047154145407,10933.594
3.38727807303743,-2.00858898062348,35.1021746149288,10943
3.38540709759915,-2.01029934125243,35.1175625081903,10952.375
3.38344149675782,-2.01051559401632,35.1594036914545,10961.735
3.38147528567249,-2.01213779895147,35.2030701258996,10971.141
3.3793932518591,-2.00784013067395,35.2262157706689,10980.532
3.37721778523989,-2.00960740115294,35.2637051901896,10989.922
3.37493203362568,-2.00697996359912,35.3166958785725,10999.422
3.37275703847896,-2.00954218471189,35.354301055612,11008.829
3.3702432707041,-2.00702594223896,35.3876100426356,11018.204
3.36776638000814,-2.0088810828377,35.4205020236544,11027.672
3.3652958618902,-2.00979802491629,35.4500818332553,11037.063
3.36260791684297,-2.01029000197763,35.4870963450138,11046.469
3.35969845545329,-2.00901810238012,35.5197077407793,11055.829
3.35683756915104,-2.01003835506786,35.5692142456416,11065.188
3.35382773734386,-2.00959470786513,35.6049190930023,11074.579
3.35059006664243,-2.00855675733053,35.6470785939479,11084.063
3.34753395946157,-2.00868585022249,35.6893835999332,11093.485
3.34395178179813,-2.01021665721555,35.7289619246381,11102.86
3.34028831932801,-2.00810765818431,35.771494346979,11112.313
3.336417827752,-2.01141023843592,35.8150877670751,11121.735
3.33228773840171,-2.0091083943741,35.8550318310521,11131.125
3.32803160807453,-2.00979065072479,35.8792570355871,11140.5
3.32352439247809,-2.00942120482486,35.9349282057344,11149.891
3.31854868110452,-2.00888251961256,35.9787531930658,11159.25
3.3136257778206,-2.00865109151097,36.0272008161575,11168.61
3.30855458881058,-2.01001923850237,36.0667030858054,11177.969
3.30267362353287,-2.00644312837207,36.1165384462126,11187.297
3.2965243999278,-2.00916957977607,36.1579003471372,11196.688
3.29008056122319,-2.00860904313012,36.2002244115506,11206.094
3.2829744139482,-2.0086751157139,36.2649819636849,11215.469
3.2756463708025,-2.00930602598043,36.296949329623,11224.938
3.26784222093156,-2.007876890784,36.3439996841166,11234.344
3.25929393952948,-2.01100637195427,36.3937653548702,11243.719
3.25042999583726,-2.00854133456078,36.4487311241595,11253.079
3.2409834149309,-2.01281905094994,36.4866659307224,11262.485
3.23075723390989,-2.00811572470435,36.5364384920874,11271.844
3.21982384007077,-2.01029735608889,36.6154079958541,11281.219
3.20822583036704,-2.00792610659184,36.6656762236102,11290.594
3.19591355282365,-2.00886356350574,36.7271339104782,11299.938
3.18253003513655,-2.00825963715721,36.7875690065359,11309.454
3.16823823921814,-2.00946482659628,36.8469985393085,11318.985
3.15268147092966,-2.00933136442238,36.8925580223176,11328.563
3.13585241482122,-2.00942462124383,36.9404224926573,11338.094
3.11792063262022,-2.00907283329357,37.0107849365802,11347.641
3.09849594311751,-2.00912198679808,37.0642084772683,11357.188
3.07746043304696,-2.01078428792965,37.1291884316133,11366.782
3.05464590272196,-2.00964445056674,37.1919201044425,11376.313
3.02973853742516,-2.01045983119542,37.2591015906143,11385.891
3.00230900689855,-2.00962023240815,37.3050674614262,11395.422
2.97228653621105,-2.00838894136113,37.358192879675,11404.954
2.93789002437765,-2.00704802648022,37.4416445026943,11414.563
2.89860098301679,-2.00746628378837,37.5296211072867,11424.094
2.85284714063526,-2.00937713620214,37.5886420150367,11433.657
2.79918821694123,-2.01162788971057,37.6680641871715,11443.204
2.73540907155884,-2.00944121842035,37.7593522421913,11452.75
2.65965764195094,-2.00950310268665,37.8382215042044,11462.282
2.57086490502008,-2.010806669692,37.9477743452621,11471.797
2.47216084346004,-2.00928376289778,38.0711698137954,11481.375
2.86109733712111,0.00132404364835682,38.1018030967661,11490.985
2.91988678699597,0.00062185683161938,38.035718573671,11500.672
2.95599048069622,0.000945763872372876,37.9206582649387,11510.407
2.98285835567035,0.00081150248029333,37.7859620847217,11520.047
3.00468716178496,0.00106156977250059,37.6554788137321,11529.719
3.02314578200908,-0.000573616306782975,37.4856027433925,11539.422
3.03929257987459,-0.00146579498125141,37.3511301904319,11549.094
3.05323033944433,-0.00243341458390145,37.2056712984427,11558.735
3.34264958682179,-0.000337215204122284,24.2573409231708,11559.735
2.96858549549753,-3.32624939455819,24.2549691894157,11562.22
3.47952500318884,1.51563848954108,24.2868745015547,11564.954
3.49794279523915,1.51368916751595,24.3002657520317,11567.501
3.51050227877766,1.5161360304434,24.2986277618649,11570.048
3.52175741795948,1.51621623544334,24.2988495432552,11572.61
3.53128782952934,1.51348780616955,24.3074033598546,11575.126
3.54023300022957,1.51529567595057,24.3021412458036,11577.673
3.54895376500872,1.51502835079176,24.3018416335849,11580.204
3.55709008233452,1.51396971234585,24.2926610119736,11582.751
3.56456354532201,1.5174604331646,24.2908722483329,11585.267
3.57214110838569,1.51694777541578,24.2806039585881,11587.798
3.57928910458588,1.5177330835775,24.2829796070356,11590.298
3.58628373011403,1.51727570442748,24.2730662842017,11592.813
3.59270215778859,1.51452906577816,24.2727627056413,11595.329
3.59913663452643,1.51563877650523,24.2616229251125,11597.845
3.60556453051721,1.51389195783684,24.2543599939019,11600.36
3.6117985565361,1.51413193274999,24.2531446998009,11602.86
3.6176115986585,1.51720806959959,24.2336685437317,11605.376
3.62332032222732,1.51639314302699,24.2289191122958,11607.923
3.62898578806811,1.51631790436236,24.2354711491399,11610.438
3.63452191935479,1.51441659751626,24.2286966321269,11612.954
3.63990139261189,1.51329830758783,24.2185566631381,11615.47
3.64529460808789,1.51550242914979,24.2101793922611,11617.985
3.65043245206913,1.51290788364652,24.1986960776276,11620.501
3.65543184430587,1.51653612500104,24.1943798669116,11623.017
3.66021587964562,1.51491336979455,24.1834617930682,11625.517
3.66559712087275,1.51943111428724,24.1794747963986,11628.032
3.66928136272724,1.51517695535572,24.1717168448633,11630.548
3.6742989444727,1.51589086052558,24.1711061824902,11633.048
3.67883261542678,1.51368391186782,24.1660410998021,11635.563
3.68345016132517,1.51459363867353,24.1564552911825,11638.079
3.68754447525366,1.51430241440505,24.1522096920751,11640.579
3.69176170712454,1.51341710525895,24.1420100301992,11643.095
3.6959064028084,1.51388457310363,24.1498426587705,11645.595
3.70013077684897,1.51154791873582,24.1383526893507,11648.11
3.70433841568509,1.51719948562594,24.1377956424423,11650.626
3.70846577526127,1.51667552197568,24.1292541763144,11653.157
3.71329836562847,1.51463323985905,24.1176298806128,11655.72
3.716102434226,1.52172882684469,24.1146027743847,11658.267
3.72013131461678,1.51417323668047,24.1148251358632,11660.798
3.72297500489357,1.51571275758812,24.1129136708553,11663.313
3.7274828629771,1.51218492126544,24.0959688156129,11665.845
3.73063178967409,1.51711965893703,24.0860314956384,11668.36
3.73393255978019,1.51371251600701,24.0806905587826,11670.876
3.73767297203544,1.51321574605628,24.0883657385437,11673.407
3.7415822775379,1.5099998968241,24.0843756906382,11675.923
3.74452438649819,1.51373611453937,24.0899290482903,11678.454
3.74777831374308,1.51940567589234,24.0760453662483,11680.97
3.75139780166311,1.51682794419155,24.0650540691142,11683.501
3.75415340364716,1.51560635057706,24.072878887631,11686.017
3.75818013044559,1.51817305662222,24.0619415313521,11688.532
3.76056764178984,1.51465799603359,24.060276457618,11691.063
3.76351800839494,1.51888104305926,24.054423042624,11693.579
3.76638352199614,1.51962067319631,24.0522369450946,11696.079
3.76953095673548,1.51215861615115,24.0388987020024,11698.595
3.77240748779133,1.51495768073043,24.0353553074155,11701.11
3.77554766545953,1.51565324474641,24.0378170383488,11703.61
3.77817480109048,1.51597820583793,24.024361716837,11706.126
3.78106236741918,1.51373129791751,24.0176959538052,11708.626
3.78366883683907,1.50464852269334,24.0188773272059,11711.142
3.7867390706838,1.51106362800543,24.0124410954172,11713.642
3.78901444505195,1.51704084774542,24.0115594352771,11716.157
3.79166563999598,1.51364484605566,24.0105776452672,11718.673
3.79451156204649,1.5151583694125,24.0046460871997,11721.173
3.79688963797593,1.51585023088137,24.0018925115484,11723.688
3.79980446738145,1.51169585205459,23.9970220309607,11726.204
3.80206425560346,1.51521286458428,23.9976281794487,11728.751
3.80476173866052,1.5169225342739,23.9956548939878,11731.313
3.80684625344941,1.51684876885432,23.9880181760992,11733.876
3.80956453542407,1.51731550268268,23.9922289681434,11736.392
3.81188594821992,1.51732336365036,23.9886678165072,11738.907
3.81403716021121,1.51628808129747,23.9797739461264,11741.438
3.81660825306879,1.51410205178846,23.971059649902,11743.954
3.81863179048893,1.51533979990959,23.9708408633065,11746.485
3.82115969360467,1.51523664029194,23.9645063882884,11749.001
3.82331886238711,1.51594274233853,23.968766255094,11751.532
3.82537811030163,1.515332419471,23.953935575671,11754.048
3.82779412146857,1.5142522039008,23.948936117382,11756.563
3.8296181087264,1.51497203528657,23.9440824500791,11759.095
3.83154677268101,1.51546696606243,23.9471594838322,11761.61
3.83353194896504,1.51540946753836,23.9427555533979,11764.157
3.83584725357166,1.51610024378382,23.9341897770989,11766.704
3.83762532533937,1.51425515767812,23.9433291589341,11769.282
3.83946936492061,1.51311029018744,23.938788138995,11771.829
3.84124887774996,1.51911368784086,23.9386106450091,11774.345
3.84308844511829,1.5135667198231,23.9393359933872,11776.876
3.84481050720357,1.51457879958915,23.9385207958888,11779.392
3.8464629717755,1.51298442194691,23.9341973347827,11781.907
3.84787257295406,1.51541396363287,23.9328733500399,11784.438
3.84929568332063,1.51518682828446,23.9318327801615,11786.954
3.8507883621621,1.51433824230781,23.924445329525,11789.485
3.85228880819655,1.51606109781419,23.9222221290862,11791.985
3.85345533120552,1.51288605505543,23.9253934386215,11794.501
3.85492918839654,1.51629983136194,23.9274134084269,11797.017
3.85603144579226,1.51336250656553,23.9237642151226,11799.517
3.85721151568144,1.51698964328206,23.9131772442101,11802.032
3.85807347066674,1.51855216026644,23.92285050465,11804.548
3.85904690356335,1.51192929893906,23.9112645763862,11807.048
3.860369332269,1.51618087357108,23.9108057209059,11809.563
3.86130546727998,1.51392653526202,23.9156725309811,11812.079
3.86205728457337,1.51347824663682,23.9149322495816,11814.579
3.86314004396515,1.51494467195017,23.913059452906,11817.095
3.86401881600298,1.51549795682496,23.9094336765064,11819.595
3.86476955796201,1.5122921171589,23.9096825749908,11822.11
3.8654672229737,1.51820445738892,23.9084043447465,11824.626
3.86607580675965,1.51368363604749,23.9040903278983,11827.142
3.86693890865365,1.51256583589369,23.8993255218631,11829.657
3.86759265748449,1.51601986155838,23.9052924482201,11832.188
3.86833134656133,1.51664131075439,23.9064114181878,11834.688
3.86905112572435,1.51715416595693,23.9007012566204,11837.22
3.86996197734026,1.51235735472612,23.9049773421269,11839.751
3.87028449209562,1.51366809209022,23.9022558952682,11842.282
3.87071274583799,1.51622648311883,23.9068840878169,11844.813
3.87152752833844,1.51767914921463,23.9039072363394,11847.345
3.87194178613712,1.51271006326853,23.9042451582792,11849.86
3.87264963802019,1.51638251867364,23.9046028402785,11852.392
3.8729816954113,1.51661972859269,23.902448169043,11854.923
3.87360298374549,1.5166754723005,23.9054575416932,11857.454
3.87394106342775,1.51665520983394,23.9106335346192,11859.985
3.87476160311644,1.51474640570596,23.9125597893239,11862.517
3.87516207693632,1.51532406711233,23.9127421120129,11865.063
3.87553023682458,1.51395186208351,23.9090672223756,11867.595
3.87615503292432,1.51583722716904,23.9100264642251,11870.126
3.87657416382388,1.51602291452426,23.9088078171375,11872.657
3.8772170356628,1.51267536237311,23.9060581720163,11875.188
3.87759995593515,1.51612630750582,23.9058286031137,11877.704
3.87798532145478,1.51339956892425,23.9078247288686,11880.235
3.87851009302823,1.51522756065913,23.9068480172507,11882.829
3.87887431346204,1.51381986422443,23.9016921009878,11885.329
3.87961612400926,1.51238875927673,23.9123762954751,11887.845
3.88004228261143,1.51667134153334,23.9074673220949,11890.36
3.88055417452145,1.5153010916173,23.9156006279063,11892.86
3.88093076699618,1.51560395726389,23.9140004328546,11895.376
3.88142794930357,1.52024983870272,23.9088518160762,11897.876
3.88207036211316,1.51551988812019,23.9161311872819,11900.392
3.88220103289248,1.51136970923579,23.9136751848322,11902.907
3.8826647198117,1.51555659313726,23.9146346807886,11905.407
3.88335140864934,1.51383253869258,23.9120328645239,11907.923
3.88368427464466,1.51551757842311,23.9167011126905,11910.423
3.88417971684235,1.5140849709153,23.9211198013823,11912.938
3.88497073055944,1.51922701642608,23.9304985643825,11915.438
3.88497868490663,1.51350873666177,23.9350768135152,11917.954
3.88562489873314,1.51224183082256,23.9302782235523,11920.47
3.88609862040541,1.51435056597234,23.9314532987896,11922.985
3.88628941544421,1.51580659417871,23.9269867354784,11925.517
3.88706101049879,1.51455647424538,23.9310848850164,11928.048
3.887460702531,1.51297740658848,23.9346336271611,11930.579
3.88806376743248,1.51550066864628,23.9337674010865,11933.11
3.88872803928925,1.51552769176787,23.9379692334318,11935.642
3.88917659244903,1.51638054084252,23.947697341592,11938.188
3.88951230074392,1.51479631958745,23.9446250944127,11940.735
3.89000947317604,1.5145799457198,23.9457128382125,11943.267
3.89033180276442,1.51469942603858,23.9481260770028,11945.813
3.89119277923437,1.51731006830605,23.9420552983664,11948.345
3.89139216916065,1.51698514530559,23.9449441104426,11950.876
3.89202200038054,1.51513326694446,23.9519723131829,11953.392
3.8925314457425,1.51092085491197,23.9533924075012,11955.923
3.89273615135455,1.51286183646159,23.9570520290424,11958.454
3.89378285911807,1.51639744710673,23.9599812447269,11960.985
3.89418112216614,1.51496021538972,23.961636900082,11963.501
3.89474447766129,1.51114653858199,23.9670830291091,11966.017
3.89505990204615,1.51568410572741,23.9665296341499,11968.548
3.89563366849125,1.51423684642564,23.9646731263696,11971.063
3.89593815311759,1.51403041148155,23.9746132558883,11973.595
3.89652629726373,1.51607610404236,23.9719004598223,11976.142
3.8970893909264,1.5171722877112,23.973078110762,11978.657
3.89772017676943,1.51548699113772,23.9751212079997,11981.188
3.89819330992069,1.51312926630489,23.9726673315237,11983.704
3.89865975737532,1.51790519125246,23.9748824111635,11986.235
3.89904849334076,1.5116146474728,23.9816349210304,11988.751
3.89932264112686,1.51675287732078,23.9839997128017,11991.282
3.8999796177446,1.51437741459204,23.9948759587074,11993.813
3.90064883012223,1.51239366322078,23.9924124103149,11996.329
3.900998177207,1.51383017118938,23.9909391385511,11998.86
3.90167035763941,1.51251900503366,23.9907573036102,12001.376
3.90186210104867,1.51386318739968,23.9981673430298,12003.938
3.90253322540318,1.51541859377197,24.0073302988533,12006.454
3.90264986507885,1.51428976762291,24.0005849763691,12008.985
3.90321007352835,1.51555313287855,23.9956566046333,12011.501
3.90388302546405,1.51362177374833,24.0012846626009,12014.017
3.90454153127147,1.51685932673807,24.0076235215216,12016.532
3.90494934095669,1.51274995019383,24.0144148237295,12019.032
3.90538737156798,1.51319379460562,24.0119857582578,12021.548
3.90612063537198,1.51545398478286,24.0195186811224,12024.048
3.9062553392316,1.51398497120048,24.0136179661034,12026.563
3.90658183528497,1.51152129406844,24.021633500885,12029.079
3.90728408326067,1.51400529123115,24.0167100287472,12031.579
3.90760413109865,1.5135481671032,24.0160771728522,12034.095
3.90811441853297,1.51553255952659,24.0239911705867,12036.61
3.90846370293372,1.51319609644439,24.0294317779109,12039.11
3.90914482852546,1.51533696042608,24.0364875672671,12041.642
3.90951162436479,1.51804923236346,24.0418741979881,12044.157
3.91015032970779,1.51530417155512,24.0450882579207,12046.673
3.91046887390823,1.51629501415888,24.0394437401753,12049.188
3.91121543730092,1.51472558742476,24.037147234487,12051.704
3.91155059871094,1.51696427643222,24.0509013014549,12054.22
3.91211070364953,1.51509052478335,24.0380534283153,12056.735
3.91225428551795,1.51393897925936,24.0528020849211,12059.251
3.91299664480663,1.5170928010714,24.0550513932813,12061.767
3.91340593179335,1.51647178624369,24.0515038390799,12064.282
3.91375659352079,1.5149343646643,24.0462038596548,12066.798
3.91418901243573,1.51516566745634,24.0531296374584,12069.313
3.9146920935472,1.516147764249,24.061653296958,12071.845
3.91514187613387,1.5153183330809,24.0568307406365,12074.36
3.91555241235744,1.51740275372573,24.0641611851435,12076.876
3.91593782916363,1.51458156510486,24.0727608241442,12079.392
3.91657046709136,1.51489048952465,24.0649567648888,12081.923
3.91696444369894,1.5158853141323,24.070094865256,12084.438
3.91721402198807,1.51847465202206,24.0791351661668,12086.954
3.91782180942548,1.51655266769825,24.0847509801228,12089.47
3.9183251707727,1.51550266099114,24.0910018850488,12092.063
3.91873829980805,1.51565237992794,24.0872062781814,12094.626
3.91940667218708,1.51462525564272,24.0920154347493,12097.142
3.919700356181,1.5166774014683,24.0911445272433,12099.673
3.92002599063773,1.51543912744033,24.0970103198889,12102.188
3.9206490424439,1.51576179261871,24.0944537906299,12104.704
3.92097359047901,1.51668888393246,24.0940098637289,12107.204
3.92147164806843,1.51509308176396,24.0972560165004,12109.735
3.92180468767122,1.51537680627948,24.1060345123023,12112.267
3.92228811731694,1.51670906141286,24.105298094834,12114.782
3.92300441436176,1.51619514924962,24.1088531218743,12117.313
3.9230137365853,1.51299649859504,24.1165841676835,12119.829
3.92348761733649,1.51310794300117,24.1129361137824,12122.36
3.92404919472982,1.51365048469698,24.1186054743179,12124.876
3.92446219137946,1.51154301781938,24.1197998368431,12127.407
3.92482693384476,1.51493238454044,24.1274278126585,12129.923
3.92529193739953,1.51381817773651,24.1285774092628,12132.454
3.9260064406041,1.51888330139933,24.1288007612251,12134.97
3.92637904820483,1.5143212429217,24.1329926332279,12137.501
3.92680354098815,1.51445741983212,24.1457140183774,12140.017
3.92718206629548,1.5154403966292,24.1488736231289,12142.579
3.92740725750263,1.51640851852648,24.1490852581021,12145.095
3.92806957639204,1.51559249258199,24.1497764307991,12147.626
3.92858952633016,1.51357626508782,24.1523887484062,12150.142
3.92892626326225,1.51399705545731,24.1599189712678,12152.657
3.92947877061097,1.51649624605808,24.1638237828592,12155.188
3.92965872621526,1.5171785871791,24.1715676970187,12157.704
3.93021155845179,1.51451152688036,24.1722808125253,12160.235
3.93046113198145,1.5137402624315,24.1734898858487,12162.767
3.93097963439277,1.51440122151984,24.1752764101487,12165.298
3.93139566719124,1.5147927254403,24.180129913097,12167.813
3.93169808789542,1.51398822537489,24.1834590833804,12170.345
3.93248499049313,1.51718868173296,24.1887034424562,12172.892
3.93246259663614,1.51732665585464,24.1883266269845,12175.423
3.93335764758052,1.51852591349626,24.1934879183853,12177.954
3.93333497026262,1.51582142051289,24.1930849007497,12180.485
3.93367852569523,1.51456059540891,24.2018202352662,12183.017
3.9341053624329,1.5151029853885,24.203366807775,12185.548
3.93441542057223,1.51747869557799,24.2073242036707,12188.063
3.93508826342114,1.5140051904375,24.2117105281055,12190.595
3.93525272574629,1.51275941821922,24.2132899740573,12193.126
3.93572732481003,1.5143764044605,24.214383260237,12195.657
3.93616609009365,1.51490920461965,24.2284273782357,12198.188
3.93666965165853,1.51586929237259,24.2263346118165,12200.704
3.93704212220866,1.5163907374855,24.225616360307,12203.235
3.9372980269432,1.51410585149236,24.2321002192183,12205.751
3.93765935276208,1.51334985956193,24.2422454410198,12208.267
3.93821420066852,1.51574425739408,24.2438771277354,12210.782
3.93844989411184,1.51633182659754,24.2432046524205,12213.282
3.93880217849227,1.51438216544702,24.2440723006583,12215.798
3.93952491144533,1.51570913642537,24.2439072721419,12218.329
3.93952902993136,1.51720313296201,24.2437913840475,12220.845
3.93997583634919,1.51603412652242,24.2422422178728,12223.376
3.9401433467046,1.51572777463514,24.2559679807432,12225.892
3.94073252810043,1.51469388136291,24.2550378343406,12228.423
3.94103781656306,1.51736296405248,24.2565711963151,12230.938
3.94146304774219,1.51482744390057,24.2519041513392,12233.454
3.94170997095893,1.51533655560038,24.2700866040714,12235.985
3.94219379393589,1.5168773226901,24.2674719277306,12238.501
3.94255265787189,1.51568627107652,24.2708525994587,12241.032
3.94294420308173,1.51601071695152,24.271325384513,12243.548
3.94298894647923,1.51650636567602,24.2712343904584,12246.079
3.94372251267717,1.51441382808417,24.2763787330229,12248.626
3.94420347342276,1.51682680879311,24.2857195788101,12251.142
3.94428774285489,1.51697771074667,24.2840077583443,12253.673
3.94442475952769,1.51462472047628,24.2916537572217,12256.188
3.9450856767405,1.51277496929358,24.2888186713464,12258.72
3.94536675583667,1.51381277199814,24.2919740716261,12261.282
3.94538245939757,1.51645186441747,24.2965097620857,12263.845
3.94580333332085,1.51300870537278,24.3001649623851,12266.345
3.94613411006061,1.51765457512383,24.2980823309956,12268.892
3.94634510127316,1.51699712445642,24.3000079427767,12271.407
3.94667021772247,1.51417019376517,24.3131857474329,12273.923
3.94681967353041,1.5142671000969,24.3219800755562,12276.438
3.94728237986085,1.51107959766637,24.3193033504325,12278.954
3.94817595857164,1.5155062304181,24.3181534165915,12281.47
3.94803985967542,1.51429195348105,24.3211569388629,12283.985
3.94861354941595,1.51784934593432,24.3246879044905,12286.501
3.94909280514311,1.51460172852295,24.3279111160867,12289.017
3.94909049332495,1.51471653524237,24.3371725386789,12291.532
3.94937323744401,1.51665127927071,24.3430764199105,12294.048
3.94938272432766,1.5143582175505,24.3431710654145,12296.563
3.94963671854917,1.51501281974316,24.3401835210008,12299.079
3.95009819941379,1.51773578470635,24.3543046287901,12301.595
3.95048756154205,1.51487531175479,24.3593746199057,12304.11
3.95059875831039,1.51763543274334,24.3629391513254,12306.626
3.95125780065692,1.5145734124536,24.3655208765428,12309.142
3.95112172481918,1.51740692082428,24.3622688098278,12311.657
3.9517253933425,1.51578166868624,24.3755797230052,12314.173
3.95187973841233,1.51603545958621,24.369337515304,12316.688
3.95228932211129,1.51322808484456,24.3845463042718,12319.204
3.95250582072297,1.51701916060116,24.3813081978811,12321.72
3.9527021620591,1.51798921347856,24.3859054407095,12324.251
3.95312884052709,1.51670704251136,24.3916713468161,12326.767
3.95309078937436,1.51707524547836,24.3914368329533,12329.267
3.95361366999003,1.51365799295554,24.3926725509034,12331.813
3.95370958004548,1.517302390052,24.4003832850366,12334.329
3.95393439695855,1.51556466289449,24.3945549379768,12336.845
3.95422079019378,1.51409585052481,24.4038708828395,12339.36
3.95441477658055,1.51705544888422,24.4003811620509,12341.876
3.95466423976295,1.5124326697787,24.4085094720806,12344.392
3.95483318541132,1.51715569029944,24.4118324230302,12346.907
3.95540202281753,1.51711637237211,24.4116805833743,12349.423
3.95543754415065,1.51343260880171,24.41151517258,12351.938
3.95568833463689,1.51333300292197,24.4203308392324,12354.454
3.9559971201139,1.51210109595079,24.4184788088662,12356.97
3.95650057614186,1.51415299684961,24.4235485183139,12359.485
3.9565373944963,1.51484702077967,24.4255253991567,12362.001
3.95658183718441,1.5181133063754,24.4326587814476,12364.517
3.95730154435565,1.51753890727951,24.4438344384422,12367.032
3.95722611951694,1.51351541543895,24.4417677457014,12369.579
3.95753101088539,1.51654261161123,24.4490081556828,12372.126
3.95764654821515,1.51703900424143,24.4487318977149,12374.673
3.95813904326986,1.51699772814008,24.449403282907,12377.235
3.95811145266446,1.51577458859971,24.4599133571384,12379.813
3.95859273568441,1.51468321182924,24.4581294249859,12382.392
3.95859227105141,1.51268701383319,24.4649325495699,12384.938
3.95886439947493,1.51334609915055,24.4642949254813,12387.454
3.95919772027689,1.51517272900705,24.466055060127,12389.985
3.95926800594652,1.51694244927643,24.4700125709046,12392.501
3.9595089384122,1.51460710728664,24.472028342064,12395.032
3.96013553744615,1.51967932846394,24.4743521861989,12397.548
3.96006323230003,1.51716884798738,24.4847573633033,12400.063
3.96045824603502,1.51705669688155,24.4877545805019,12402.595
3.96037961084361,1.51330449241875,24.4895256093093,12405.11
3.96061486399058,1.51390011183375,24.4863745526942,12407.642
3.96101542692431,1.51306009570206,24.4933702158967,12410.173
3.96100082372394,1.51554110629886,24.5031322738302,12412.72
3.96157016775773,1.51521260833784,24.5047094446829,12415.251
3.96156481708737,1.51549608563366,24.4976345027706,12417.767
3.96180686104201,1.51777351816828,24.5077484061306,12420.282
3.96240774639148,1.51906103521378,24.5078743793827,12422.813
3.96236323608539,1.51464435803904,24.5084223379113,12425.329
3.96211040172606,1.5116189445157,24.5173249092576,12427.86
3.96263842027297,1.51721616278737,24.5188432735846,12430.376
3.96313745136447,1.51651959202167,24.5227754336118,12432.907
3.96320411948041,1.51394336345159,24.5334242367186,12435.423
3.96331858698739,1.51843556355271,24.5334845098571,12437.954
3.96376326017689,1.51559532283901,24.5331183958212,12440.47
3.96387624809689,1.51720345760184,24.537157755644,12443.001
3.96408908798104,1.5153803948717,24.5518947125394,12445.548
3.96423250143972,1.51457605555,24.5412151139439,12448.063
3.96433217691236,1.51669267727293,24.5498955810053,12450.595
3.9647030233667,1.51646434812118,24.5604323903368,12453.11
3.96493411554695,1.5123876875774,24.5575535145671,12455.642
3.96487587116925,1.51496407895456,24.5686475536984,12458.157
3.96519786589767,1.51536178800595,24.5696604999008,12460.688
3.96559332074525,1.51340668495493,24.5748299311983,12463.204
3.96575741438113,1.51484839582396,24.5817653404907,12465.735
3.96594560979404,1.51241047511677,24.5759397521843,12468.267
3.9659744658833,1.51756279320151,24.5829140666374,12470.782
3.96637394989859,1.5137116005608,24.5875548937191,12473.313
3.96678811783435,1.51383386210447,24.5912148391835,12475.86
3.96653162400251,1.51762494109376,24.596224645354,12478.376
3.96713148510671,1.51662517951931,24.6034655108734,12480.907
3.96711796520112,1.51490242266658,24.6016837756535,12483.423
3.96738944593735,1.51549462053447,24.6102894821397,12485.954
3.96756638658325,1.5156678126746,24.6081673455551,12488.47
3.96780919410339,1.51753831864387,24.6080350111975,12491.001
3.96804329405491,1.51547646766353,24.6190264543833,12493.517
3.96807741751599,1.51672061779229,24.6197024815861,12496.048
3.96835804633478,1.51384890616271,24.6234329427802,12498.61
3.9686121986949,1.51367413854813,24.6187493633899,12501.142
3.96904341626583,1.5137037826712,24.6247094207262,12503.657
3.96888665263646,1.51439622937531,24.623802967873,12506.173
3.9693749116673,1.51640698676339,24.6327745956356,12508.688
3.96922918970545,1.51739686099192,24.6365189475134,12511.204
3.9695892682438,1.51629912014526,24.6379272283377,12513.735
3.96992778285061,1.51747601734404,24.6365381020284,12516.251
3.96984803946649,1.51663441960639,24.6451575970012,12518.782
3.97021181287124,1.51823641604895,24.6440499304732,12521.298
3.97040806843511,1.51467689380612,24.6525013874552,12523.829
3.97048588551049,1.51628019071402,24.6597532175702,12526.36
3.97100415129276,1.51598991569998,24.6630369816875,12528.876
3.97104553846382,1.51376045835637,24.6675404359016,12531.407
3.97112358440044,1.51613181421971,24.6787424845185,12533.923
3.97146697732174,1.5169471184381,24.6753725324984,12536.454
3.97188275145406,1.51709208971872,24.6829381962116,12539.001
3.97212549315281,1.51123660580255,24.6845125603317,12541.532
3.97225023605746,1.51735351415306,24.6908949020204,12544.048
3.97217561739357,1.51596950919911,24.7028219088295,12546.563
3.97258677802497,1.51388973587687,24.6993985720788,12549.095
3.97272625824624,1.51395242098102,24.7037462379153,12551.61
3.97298890553355,1.51699818820665,24.7107852274337,12554.142
3.97318139480524,1.51317599907807,24.7188413840867,12556.657
3.9731769583896,1.51336286558739,24.7234014650493,12559.188
3.97364003612032,1.515011163459,24.7330132220098,12561.704
3.9736721648181,1.51496524037851,24.7267994168715,12564.235
3.97397556867692,1.51512757811419,24.7266571968334,12566.751
3.97414308991387,1.51419009174581,24.7313129545582,12569.313
3.97444519763789,1.5148047882211,24.7267236887894,12571.845
3.97466835838832,1.51606625171993,24.7375848647681,12574.36
3.9748881711138,1.51472183622904,24.7404293213117,12576.892
3.97481591768605,1.51498490437291,24.7513593103912,12579.407
3.97531732434862,1.51767837715722,24.7504859753653,12581.938
3.97518568738979,1.51607736540069,24.7549843854356,12584.454
3.97564036172119,1.5163542765745,24.7596350287321,12586.985
3.97583220560451,1.51352207979289,24.7606264198183,12589.517
3.97597878266337,1.51403834511719,24.766282376824,12592.048
3.97622895924949,1.51631390339597,24.7698041320777,12594.563
3.97649939838052,1.51515544230405,24.7730383685896,12597.095
3.97667388032396,1.51625929860021,24.7687409450257,12599.61
3.97658282381188,1.51573374663022,24.7814957754484,12602.157
3.97701437934027,1.51492416500075,24.776627669461,12604.688
3.97730740353851,1.51486707552689,24.7842041529477,12607.22
3.97761929819185,1.51509014443168,24.7857951720041,12609.751
3.97752562337895,1.51609573732174,24.7886867970609,12612.282
3.9778675275819,1.51526553248021,24.7915369933647,12614.813
3.97798515879999,1.51818065873424,24.7916587894052,12617.407
3.97839127420555,1.51330336485089,24.7960685168574,12619.954
3.97841986892666,1.51552381128483,24.8102908644843,12622.47
3.97873531611969,1.51336601844076,24.8184106574683,12624.985
3.97881886873242,1.51458741028797,24.8157455120562,12627.485
3.97912739066526,1.51164068919194,24.8260800011604,12630.017
3.9794331167003,1.5149831360228,24.8255643010203,12632.532
3.97956017797718,1.51768786492707,24.8327885314121,12635.032
3.97978171507242,1.51687697744145,24.8386831340389,12637.563
3.97985002381009,1.5114045744153,24.8390854608016,12640.079
3.98009083057382,1.51693431699229,24.8366318372943,12642.61
3.98045572565602,1.51579858320949,24.8364769168691,12645.142
3.9805745091034,1.51568121296267,24.8488700622967,12647.657
3.98067705628433,1.51374991757152,24.8504820862302,12650.188
3.98075005312791,1.51556063874516,24.847743465287,12652.72
3.9813542873173,1.5165191881834,24.8507602036515,12655.251
3.9814227640299,1.51451764438893,24.8578013875533,12657.782
3.98184768269137,1.51655976591891,24.8612548760603,12660.313
3.98176739697864,1.51616646416026,24.8595731037875,12662.829
3.98217658073079,1.5155175961653,24.8733494589261,12665.36
3.98237179982175,1.51534851658592,24.8763473078731,12667.907
3.98235334537276,1.51439810163845,24.8695948602466,12670.438
3.98234738844946,1.51340479817309,24.8767760624315,12672.97
3.98291956252633,1.51485013148083,24.8811348221914,12675.485
3.98298932030938,1.51628310011554,24.8863411626127,12678.017
3.98301964492884,1.5180568077143,24.8880789276642,12680.548
3.9833952830085,1.51420200901825,24.8899269879276,12683.079
3.983096254779,1.51493649323038,24.9011962347501,12685.61
3.98393310128532,1.515182606965,24.9104566457427,12688.142
3.9840357348664,1.5147327435224,24.9101061988541,12690.673
3.98397448815418,1.51664266892887,24.9124840940952,12693.188
3.98430440269902,1.51414190990223,24.9199791898873,12695.72
3.98455451561175,1.51475557229861,24.9202894125614,12698.282
3.98493175911007,1.51452429822072,24.9209084351044,12700.798
3.98478756681753,1.51763354391384,24.9185007068877,12703.329
3.98491694193227,1.51741167982849,24.9228823106254,12705.86
3.98549130876154,1.5160056521834,24.9365424387576,12708.392
3.98560238325795,1.51367883250242,24.9377321419915,12710.923
3.98586529745575,1.51201468381941,24.9331391841884,12713.454
3.98594173729402,1.51329148882083,24.9364986498167,12715.97
3.98625820993671,1.51632359786625,24.9453830297086,12718.501
3.98631419876965,1.51672369533558,24.9597973738717,12721.032
3.98656276992942,1.51594399398274,24.9620858209103,12723.563
3.98684682106487,1.51377314294828,24.9662933289937,12726.095
3.98683168787456,1.51397396090545,24.9611578057005,12728.626
3.9871901844176,1.51727187589655,24.971780904856,12731.173
3.98746540023213,1.51474265948635,24.9747708800043,12733.704
3.98772181811996,1.51336851205284,24.9781156355515,12736.235
3.9877476781092,1.51595086691646,24.9765043446417,12738.751
3.98817618556958,1.51429314769668,24.9809460407371,12741.282
3.98833135633051,1.51451158529767,24.9824503858743,12743.813
3.98818592807997,1.51552502539126,24.9993177172309,12746.345
3.98877159738422,1.5146648027645,24.9971270040614,12748.876
3.98875938754044,1.51642724651814,25.0009526868297,12751.392
3.98907460319011,1.51615675729522,25.0114436180013,12753.97
3.98935434604057,1.51587605383069,25.0154368200414,12756.532
3.98966259406368,1.51606742592776,25.0052097422146,12759.095
3.98957880473252,1.51621410303251,25.0088457737284,12761.61
3.98982743789428,1.5116588355206,25.016039662597,12764.142
3.99027157714761,1.51391253322667,25.0190408177665,12766.673
3.99039976358924,1.51612368273047,25.0217699563073,12769.204
3.99037556991024,1.51369507898264,25.0180954001277,12771.735
3.99077120635329,1.51206220764129,25.0286352984193,12774.267
3.99118696302566,1.51092689138491,25.0283655657852,12776.798
3.99117728362886,1.51422236023556,25.0371208246929,12779.313
3.99133691945961,1.51670841417839,25.0477493764254,12781.845
3.99162111644096,1.51533732294482,25.0503898509081,12784.376
3.99181277932409,1.51454812477792,25.0461313352474,12786.907
3.99185401732416,1.51124429769366,25.0568329270654,12789.454
3.99223839577578,1.51274202272631,25.0625568950131,12791.985
3.99225092519025,1.5132613372088,25.0587629841981,12794.517
3.99273386734625,1.51628122935977,25.0641475404458,12797.048
3.99269561777841,1.51564159915343,25.0732065797115,12799.579
3.99306317495196,1.51848476024782,25.0733044330353,12802.095
3.99320998079004,1.51896807818,25.0763881651794,12804.626
3.99322053408576,1.51710523535621,25.0739466622106,12807.157
3.99356952300992,1.51475026795888,25.0779280452824,12809.688
3.99374083725096,1.51643696286808,25.0950394479218,12812.22
3.99393633193969,1.51546907342932,25.0885832003502,12814.751
3.99407731593939,1.51395140005892,25.0909028684348,12817.282
3.99421894325951,1.51479729478154,25.103649421479,12819.829
3.99447557918946,1.51614974671481,25.1091627274196,12822.36
3.99464868518943,1.51518837413738,25.1090507399358,12824.892
3.99511600486364,1.51468055498889,25.1085474202193,12827.407
3.99490350178849,1.51309274130698,25.1159728426583,12829.938
3.99513235647409,1.51611779206488,25.1185737010036,12832.47
3.99552879896882,1.51568156765529,25.1189381166762,12835.001
3.99558681163206,1.51517194639948,25.1312606204985,12837.532
3.99591942314121,1.51579543922885,25.1315236534587,12840.063
3.99601913404475,1.51379615456704,25.13626054761,12842.595
3.99609949674613,1.51427850138446,25.1421346064823,12845.11
3.99621540865449,1.51693848711242,25.1431932758262,12847.642
3.99669266199176,1.51817963325329,25.1462111850377,12850.173
3.99704820608159,1.51614449259778,25.1535899709252,12852.735
3.99706918838003,1.5132154228499,25.1510875674726,12855.251
3.99749901934872,1.51711241990811,25.160362805004,12857.845
3.99755475514269,1.51508306647818,25.1686367606015,12860.392
3.99767302888311,1.51562871590814,25.1683824691473,12862.954
3.99799044879233,1.51521660034977,25.1723590316567,12865.47
3.99800849069345,1.51544442729188,25.1808693251658,12867.985
3.99833520847184,1.51556952930149,25.1790168962386,12870.485
3.99853001997359,1.51443546593913,25.1769422485105,12873.017
3.99857231473668,1.51693603720639,25.1794451136636,12875.548
3.99887776084721,1.51708395980528,25.1866010484893,12878.079
3.99893272018884,1.51590096127293,25.1869874227811,12880.61
3.99899182200458,1.51733048838283,25.1972793752454,12883.142
3.99930587699717,1.51330222560969,25.1940420304742,12885.673
3.99940451801965,1.5144990175123,25.2023968694631,12888.188
3.99991330422626,1.51526153778614,25.215897449825,12890.72
3.99995800615212,1.51508083977559,25.2166831609619,12893.251
4.00013761160977,1.51214017373387,25.2168503235573,12895.782
4.00046695564337,1.51713181506729,25.2288760781797,12898.313
4.00042401041009,1.5167435974344,25.2281034735956,12900.86
4.00063428785326,1.51593626932601,25.2353636714797,12903.392
4.00084570059687,1.51251675918237,25.2370903591766,12905.923
4.00131808692656,1.51469065148012,25.2450261977889,12908.454
4.00116123489126,1.51637608095598,25.2477757532943,12910.985
4.00161257583011,1.51591969773095,25.2439062859814,12913.548
4.00155247078864,1.51623544954088,25.2481711731988,12916.063
4.0018289370522,1.51294661701945,25.2600562433016,12918.579
4.0021071164081,1.51471691885823,25.2545226866474,12921.095
4.00225825844821,1.51567766674807,25.2684971793115,12923.61
4.00256331842983,1.51501476560709,25.266981515943,12926.11
4.00274014484412,1.51748575666288,25.2649185617705,12928.642
4.00260154287861,1.51705385958386,25.2699716313584,12931.157
4.0029971976288,1.51369148198133,25.2735335942703,12933.673
4.00309689225865,1.51300867726994,25.2829891653089,12936.188
4.00340660638358,1.51360639681704,25.28213221089,12938.704
4.00352253419971,1.51583185446961,25.2858918118564,12941.22
4.00382995616412,1.51311837127497,25.2975201131827,12943.735
4.00398887979465,1.51583028815813,25.2963237499656,12946.251
4.00411333440432,1.51655975929713,25.3022533049658,12948.767
4.00425912113628,1.51480349486736,25.3005345924739,12951.282
4.00458878250608,1.51663247061002,25.3090573691729,12953.798
4.00493084234164,1.51743911816103,25.3072781526511,12956.313
4.00491063189167,1.51670255238413,25.3132406835795,12958.829
4.00513421070922,1.51516744683122,25.3244170641735,12961.345
4.00515621490134,1.51912644161215,25.3270604895295,12963.845
4.00550237789621,1.5170108073428,25.3234079540991,12966.376
4.00557321312524,1.51307368010059,25.3299058133537,12968.892
4.00577967064115,1.51513268522989,25.3332789904163,12971.407
4.00602463734791,1.51298991897069,25.3375734345411,12973.907
4.00623180401527,1.51481308170542,25.3401968383737,12976.423
4.00639272438897,1.51714105514325,25.3392755384605,12978.938
4.00659474589717,1.5178286244166,25.3471204103472,12981.454
4.00677944946924,1.51503510863257,25.3587667607805,12983.954
4.0070804511579,1.51787619360018,25.3547490538774,12986.47
4.00732430277504,1.51397045399815,25.3609814905436,12989.001
4.00745268409731,1.51593552526896,25.3619855497902,12991.532
4.00757467230218,1.51084662525043,25.3649733078016,12994.032
4.00769925188778,1.51695601889607,25.380420180709,12996.548
4.00826451980085,1.5154160290407,25.3844676645392,12999.063
4.00807146818482,1.51575865155733,25.3884443560891,13001.563
4.00812324737547,1.51563760912045,25.3946686939809,13004.079
4.00840384319028,1.51542035457089,25.4008977289036,13006.595
4.00860559232137,1.51482968852977,25.4006548204604,13009.11
4.00891584382224,1.51525889260152,25.4005542233302,13011.626
4.00917679661966,1.5153999844504,25.3978615960917,13014.126
4.00915311239445,1.5171188892459,25.404848727146,13016.642
4.00918761875479,1.51674848634416,25.4041091337662,13019.157
4.00951487248433,1.51760044336329,25.4131588922365,13021.704
4.00978965046044,1.51528250042908,25.4160549113498,13024.282
4.01013337967307,1.51719227789749,25.4247673416633,13026.86
4.01030196202055,1.51511811800746,25.416202671328,13029.392
4.00999656584003,1.51450896160092,25.4304236168857,13031.907
4.01041992271429,1.51224822115206,25.4309364582135,13034.438
4.0106844225614,1.51438914480817,25.4392444369599,13037.017
4.01113137136405,1.5137667029889,25.4462818126801,13039.563
4.01126168943788,1.51671561679668,25.4476007843758,13042.095
4.01150305894575,1.51257420798371,25.4586533262175,13044.626
4.01168743892656,1.51570052690959,25.4645743205253,13047.157
4.0117745622705,1.51463243386437,25.4692859629154,13049.688
4.01201643588551,1.51629579022571,25.4697821710986,13052.22
4.01185323424313,1.51904744306088,25.4688263022564,13054.751
4.01211545806872,1.51339186954024,25.4725179083268,13057.282
4.0123047335722,1.51573594185514,25.4741750127343,13059.798
4.01272136692929,1.51475334766892,25.4713526975736,13062.329
4.01308511348636,1.51346755585145,25.4796524129724,13064.86
4.01298289669888,1.51392637900267,25.4816939025096,13067.423
4.01331496212165,1.51162725191264,25.484019224684,13069.954
4.0133875927499,1.51363307841521,25.4871138851599,13072.47
4.01373608958339,1.51526106813434,25.4983327788899,13075.001
4.01391711088893,1.51496342027625,25.5065608467991,13077.532
4.01413922606359,1.51288699281452,25.5105361219564,13080.063
4.01406978345924,1.5156689471741,25.5074194138216,13082.595
4.01421591611274,1.51458962732714,25.5173161185069,13085.126
4.01457805233283,1.51533338235633,25.5257809564842,13087.657
4.01462986202138,1.51805658923495,25.521454149751,13090.188
4.01485027974736,1.51465301931176,25.5224654082169,13092.704
4.01507605663769,1.51510290766403,25.5281643366614,13095.235
4.01518094997252,1.51434401287895,25.5347976765858,13097.767
4.01551483269576,1.51656013117571,25.5491573771605,13100.329
4.01555714320907,1.51671714350307,25.5435759383195,13102.86
4.01591552927283,1.51663980398054,25.5484446297113,13105.392
4.01614775374489,1.51596885509493,25.5489141637925,13107.923
4.01618195384125,1.51825100684141,25.5548333991642,13110.438
4.01641119065599,1.51806131860338,25.5586139886326,13112.97
4.01673925423143,1.51343830166418,25.562717268121,13115.501
4.01667281252121,1.51653563428143,25.5710346683676,13118.032
4.01695309924041,1.5145357967268,25.5665399668756,13120.563
4.01699938932306,1.51874443812514,25.5748700580696,13123.095
4.01768262733417,1.51804187573779,25.5754194988372,13125.626
4.01747533238893,1.51571597393435,25.5787046470155,13128.188
4.01783727164131,1.51357847084846,25.586892331569,13130.72
4.01816894469072,1.5141696380427,25.5879727744291,13133.329
4.0179507932051,1.51939156950597,25.5951504244079,13135.86
4.01809117887592,1.51473690026051,25.6086146528365,13138.376
4.0186013805364,1.51611478611876,25.6051166589941,13140.907
4.01887067379631,1.51369994361581,25.6000569766187,13143.438
4.01899269081044,1.5199959771333,25.6096314803541,13145.97
4.0193516174478,1.51450429622999,25.6158368563675,13148.501
4.01923798581503,1.51738270636105,25.6178606877926,13151.032
4.0195356874101,1.51736288421671,25.6083930369072,13153.548
4.019631072336,1.51967963566936,25.6189437746465,13156.079
4.02018621850278,1.51798652607885,25.6273708569228,13158.61
4.02028838612881,1.51496162454188,25.630640512706,13161.142
4.02041420447828,1.51618099665356,25.6245322841163,13163.673
4.02045969766033,1.51787694781704,25.6403723115799,13166.235
4.02084425137288,1.51459553316082,25.6412072318401,13168.767
4.02118977603257,1.51518017327038,25.6440656900079,13171.282
4.02117529002699,1.51399878728868,25.6504153392678,13173.813
4.02141149971806,1.51521542142568,25.6520072742963,13176.345
4.02165314772986,1.5178079465094,25.6593430479996,13178.876
4.0217925577815,1.5156531730539,25.667447765005,13181.407
4.02212611621951,1.51344890206199,25.67175645002,13183.938
4.0220063114595,1.51436736266302,25.6854071418813,13186.454
4.02247560834898,1.51679562096068,25.6810534412249,13188.985
4.02221156413421,1.51819773207619,25.6883087145475,13191.517
4.02281994956962,1.51663997448354,25.688999587096,13194.048
4.02292706943065,1.5168428311114,25.6870166203647,13196.61
4.02329135838188,1.51524007291796,25.70495636957,13199.126
4.02311551314346,1.51860340863494,25.703895033719,13201.657
4.0233071421771,1.51534079094962,25.7091796071905,13204.188
4.02339420551705,1.51663279228201,25.7095369386777,13206.72
4.02384551014323,1.51809479801303,25.7214148042806,13209.251
4.02400756032158,1.51194086271446,25.7110749446125,13211.782
4.02411783198333,1.51857038238994,25.7177417204117,13214.298
4.02440634498047,1.51325080782274,25.71765801258,13216.829
4.02495577717105,1.51423733749536,25.7220085817088,13219.36
4.02496061863809,1.51534501211682,25.7246560325201,13221.892
4.02514114701718,1.51286120279763,25.7355267510767,13224.438
4.02557332291333,1.51422352746679,25.7334601743357,13226.938
4.02556234781045,1.51431532684525,25.7378310928178,13229.47
4.02564920206358,1.5159487105991,25.7482976224614,13232.048
4.02603291352379,1.51712107993106,25.7467914345303,13234.61
4.0263523277306,1.51243218179552,25.7449589308085,13237.126
4.02604703015817,1.51410617836498,25.7556897004281,13239.657
4.02633805644611,1.51396667660029,25.7576117053459,13242.188
4.02670260327655,1.51483977655812,25.7598559231765,13244.72
4.02655436042408,1.51317684530861,25.768260914041,13247.251
4.02711969007436,1.51660437036027,25.7729264477188,13249.782
4.02732283782896,1.51536356038433,25.7713951417375,13252.298
4.0275892319817,1.51152715730344,25.7774414149029,13254.829
4.0274811650161,1.51561871097895,25.7846222861833,13257.36
4.02810011318797,1.51600726734422,25.7829458763659,13259.892
4.02828518109079,1.51312929892704,25.7992757008773,13262.423
4.02851460087785,1.51535401883215,25.7998701788538,13264.97
4.02843219732329,1.51608005067046,25.7998636761463,13267.501
4.02871140628451,1.51402088729634,25.8083564710825,13270.032
4.02915169171833,1.51874683211044,25.8117170207846,13272.563
4.02902228836758,1.51458538423534,25.8086196763028,13275.095
4.02921072455252,1.51577800335077,25.8104546177427,13277.626
4.0296550602773,1.51867423781539,25.8190164924105,13280.157
4.02954087145407,1.51546250162813,25.8257069238604,13282.673
4.03009850496282,1.51675228247333,25.831096674601,13285.204
4.03000926288922,1.51780682240323,25.8349199313966,13287.735
4.03029475589357,1.51584133473313,25.8426024090454,13290.267
4.03049442716732,1.51552853887967,25.8453013910444,13292.798
4.03080197905961,1.515098733611,25.8549685299542,13295.345
4.03089149617467,1.51599183762421,25.8542919756836,13297.876
4.03128702112145,1.51561868760381,25.8558508434143,13300.407
4.03150332502527,1.52107147717864,25.855511378424,13302.938
4.03156131588845,1.5133811161956,25.8611675539124,13305.47
4.03183449156286,1.51328219337017,25.86441564871,13308.001
4.03184977252342,1.51645741786745,25.869667462485,13310.517
4.03220280932296,1.51449557894395,25.8716905832322,13313.048
4.03227496613368,1.51469088073071,25.8699095475851,13315.579
4.03245215017497,1.51722420886744,25.8802516881544,13318.095
4.03267323541495,1.51888263529651,25.8837856305542,13320.626
4.03309703709604,1.5162531081453,25.8865813940431,13323.22
4.03309058300364,1.51580396788084,25.8834467781647,13325.735
4.03374061397926,1.51637036534406,25.8914832578189,13328.267
4.03379847302882,1.51557139616324,25.8935740236697,13330.798
4.03401502144922,1.51919764898618,25.8905714375248,13333.329
4.03399316457382,1.51748788056262,25.9009962688279,13335.86
4.03442390386622,1.51459943650868,25.9090220328217,13338.392
4.03443362467329,1.51425847592855,25.9115484200263,13340.923
4.03457342022403,1.51473066338774,25.9172978335615,13343.454
4.03508681158138,1.51852586731067,25.9129042370854,13345.97
4.03499380713332,1.51456389094529,25.9301838492034,13348.501
4.03509429932682,1.51508924979388,25.9323386261477,13351.032
4.03565846418723,1.51748978428249,25.9423517847374,13353.563
4.0359327403659,1.51558327740825,25.9442757684072,13356.126
4.03605771442825,1.5174626837446,25.9452681420643,13358.657
4.03622989658593,1.51452681338593,25.9546444175908,13361.173
4.03656163951899,1.51222280854188,25.9548274907185,13363.704
4.03639686384849,1.51393609833642,25.9594011909718,13366.235
4.03678029094041,1.51903069816388,25.9568762911551,13368.767
4.03697507376199,1.51541283627666,25.9752169669791,13371.298
4.03731966693178,1.51793803732704,25.9715264557602,13373.829
4.03741204801257,1.51672888476026,25.9848930130462,13376.36
4.03748793053391,1.51790585090321,25.9954295450501,13378.876
4.03789372297387,1.51349772260146,25.9927095306797,13381.407
4.03832702171689,1.51353363407273,25.9865702730914,13383.938
4.03850175539544,1.51516126850764,25.9925791878881,13386.501
4.03864109907432,1.51721256693021,25.9940453094438,13389.017
4.03910372895211,1.51524935277316,26.0005968314128,13391.548
4.03910723523121,1.51201629991741,26.0132210172802,13394.079
4.03909180958756,1.51273115315753,26.0117309941854,13396.61
4.03970851527422,1.51305411634165,26.0202851391886,13399.142
4.04003352687434,1.51718988135671,26.0287242042527,13401.657
4.0402734219114,1.51640167925376,26.0275392200709,13404.188
4.04009735877549,1.51685776747762,26.0377083838265,13406.782
4.04050256672409,1.51664104277042,26.0427333267298,13409.298
4.04087476394157,1.51626098363431,26.0383181940791,13411.813
4.04093731031411,1.51474680414196,26.0507607322658,13414.423
4.04124581239228,1.51628845317773,26.055360212533,13416.938
4.04127693978113,1.51423236473804,26.0575257154758,13419.47
4.04153530955881,1.51498785594761,26.058067631687,13421.985
4.04189678694443,1.51545656699657,26.0590953684227,13424.517
4.04197909912811,1.51848485468611,26.0640620189601,13427.032
4.04172581842293,1.51626453617279,26.068056890002,13429.548
4.04232060408679,1.5146113213925,26.0675510610235,13432.063
4.04287487499591,1.51456532216106,26.0708559395818,13434.579
4.04288001276054,1.51360116884928,26.0858409073772,13437.095
4.04330904731827,1.51579694891446,26.0879593974145,13439.61
4.04335251281099,1.51382919943837,26.0976870375312,13442.126
4.04353804850307,1.51768583898103,26.0932508351382,13444.642
4.04381949003943,1.5120993086312,26.0949406939214,13447.157
4.04388596250106,1.51920572825552,26.1008321001649,13449.673
4.04394689505294,1.5147552680194,26.1056080153364,13452.204
4.04439705146118,1.5186525059014,26.1171821055074,13454.735
4.04494241910856,1.51005701034379,26.112569397438,13457.251
4.0449137174912,1.51870405585007,26.1205364233157,13459.767
4.0453846554057,1.51508804794601,26.1209451418941,13462.282
4.04527379718363,1.51845712379379,26.1320668253902,13464.798
4.04580702590548,1.51316187810025,26.1351080094533,13467.313
4.04574783989099,1.52054608458654,26.135265750333,13469.829
4.04622485178263,1.51770059526417,26.1373766046855,13472.345
4.04639688689528,1.51562623341398,26.1459751298232,13474.86
4.04642898777747,1.51485113359876,26.1476430343245,13477.376
4.04682808671542,1.515242769363,26.1575269016502,13479.892
4.04727470472117,1.51386014996672,26.162775206164,13482.407
4.04715892200068,1.51624649724565,26.1537444098195,13484.938
4.04739639207545,1.51590899898185,26.1632604127759,13487.454
4.04755047437209,1.51538777925764,26.1596103045058,13489.97
4.04810842252629,1.51574755360955,26.1685452025879,13492.485
4.04808556015663,1.51592875709401,26.1706239821087,13495.001
4.04837659022955,1.51517865736853,26.1727324893968,13497.517
4.04862337171373,1.51715585733688,26.1872204746063,13500.032
4.0489641245227,1.51369603871196,26.1935339354557,13502.548
4.04915605177825,1.51586825815004,26.2003804716011,13505.063
4.04931341249173,1.51708362995792,26.2086003981113,13507.579
4.04967028307584,1.5155599462134,26.2040437541362,13510.126
4.04974162146033,1.51557941718791,26.2065009763115,13512.642
4.04993646277858,1.51712556118517,26.2138864714682,13515.251
4.0503374109309,1.51723775329541,26.2194777066026,13517.86
4.05036576449072,1.51355177533816,26.2312956033916,13520.392
4.05095360871697,1.51643965630401,26.23288093924,13522.97
4.05079755775293,1.51503265830492,26.2293257551926,13525.532
4.05110212480247,1.51635125313977,26.2358369418931,13528.048
4.05176112698206,1.5133332237451,26.2395502751022,13530.579
4.05189198645174,1.51817064366197,26.2483554262437,13533.11
4.05166214875513,1.51592000237622,26.2576312320103,13535.642
4.0521424975676,1.51347603223377,26.2602624331796,13538.173
4.05228626339041,1.51401405260777,26.2598093551759,13540.704
4.05268077619378,1.51598492641144,26.2683123797165,13543.235
4.05294558621337,1.52118054001822,26.2653535765709,13545.767
4.05339820490604,1.51655522771912,26.2764024874063,13548.282
4.05334989019767,1.51519804625605,26.279194634762,13550.813
4.0538453858679,1.51733502780811,26.2904709512325,13553.376
4.05394153193525,1.51528628943672,26.298066324727,13555.892
4.0542968109749,1.51794344679445,26.2996979135169,13558.423
4.05443631106628,1.51588413114857,26.3048043818319,13560.954
4.0548539912685,1.516956285512,26.3071768688053,13563.485
4.05517398229985,1.51668640920275,26.3130732892747,13566.001
4.05520433588892,1.51354040435667,26.3120473324566,13568.517
4.05551341142662,1.51307091255291,26.314793656983,13571.032
4.05570448423852,1.51758160742955,26.3197421822354,13573.548
4.05585536854188,1.51303040589494,26.3275097868403,13576.063
4.05632812977039,1.51666998878439,26.3289865511816,13578.595
4.05637713736339,1.51818345521725,26.334408651253,13581.11
4.05666126776393,1.5156575331896,26.336751360816,13583.626
4.05700147552902,1.51348104169896,26.3379102155611,13586.142
4.05716996858537,1.51448760956525,26.3378545517889,13588.657
4.05763890314141,1.51556466367022,26.3455375814318,13591.173
4.05763648130666,1.51509607863393,26.3568329150928,13593.688
4.05781747824926,1.51579524494185,26.3592813257553,13596.204
4.05819228460776,1.51302244188234,26.3673854721665,13598.72
4.05857441729978,1.51549165406101,26.3730115532181,13601.235
4.05884886818379,1.51737827679027,26.382411265269,13603.751
4.05901023704695,1.51445187448648,26.3845075635855,13606.267
4.05909874265444,1.51674457905465,26.3827785888455,13608.782
4.05973591343992,1.51384088297547,26.3919209049597,13611.298
4.05966904796398,1.51436181887898,26.3954717183784,13613.813
4.06007887391303,1.51600159056719,26.4009408830117,13616.329
4.06015990853746,1.51449650956189,26.4024390921433,13618.845
4.06035477398116,1.51569607528428,26.4135593390818,13621.36
4.06076429709479,1.51588585000515,26.4275818289278,13623.876
4.06103989791697,1.51805879327974,26.4224711835629,13626.392
4.06111747463419,1.51327973560065,26.4260818268727,13628.907
4.06162763437672,1.51428111052428,26.4312064182416,13631.423
4.06187763134689,1.51738566067599,26.4271092313397,13633.954
4.06211855215006,1.51687071723092,26.4322069930166,13636.485
4.06237884646384,1.51704336818044,26.4385785874748,13639.001
4.06232478955255,1.51840918939103,26.4438535566361,13641.517
4.06286735857657,1.51580973191064,26.4483603235982,13644.032
4.06323494512252,1.51378848682516,26.4540131577817,13646.548
4.06338847628418,1.51563823738698,26.4597843915586,13649.063
4.06363594053207,1.5142145983643,26.4632384094317,13651.579
4.06384605967331,1.51730743158585,26.4648305894132,13654.095
4.06418569488703,1.51513983577824,26.4623247323077,13656.61
4.0643779426679,1.51406284127098,26.4695671335798,13659.126
4.06461738118878,1.51728345933869,26.4776275141034,13661.642
4.06480175104633,1.51411664944615,26.4746548467942,13664.157
4.06523201866954,1.51622463187154,26.4834462558361,13666.735
4.06565301433971,1.51369502437346,26.4813419707631,13669.251
4.06570432299868,1.51386615689469,26.4903743106096,13671.767
4.06618140226293,1.51493670053319,26.4932572051864,13674.298
4.06620107062431,1.51358021022741,26.4986419385968,13676.829
4.06665609517564,1.51376765648367,26.5037622245136,13679.36
4.06685137713446,1.51509946690559,26.5090562944017,13681.892
4.06700435324515,1.519011642029,26.5170787494303,13684.423
4.06723856439602,1.51359117866669,26.5187920096727,13686.954
4.06765387756255,1.51442946567584,26.5177371722731,13689.47
4.06799891589193,1.51477055833472,26.5244147669,13691.985
4.06824857735673,1.51691401241327,26.5280195201526,13694.501
4.06822060257386,1.5167949230164,26.5327222919823,13697.017
4.0684701255095,1.51714669030624,26.5426761185012,13699.532
4.06891818856113,1.51476583930444,26.5376550495136,13702.048
4.06895950401843,1.51749372442597,26.5432795213877,13704.563
4.0696850789549,1.51460254761184,26.5445799771277,13707.079
4.07012720138473,1.51762897690913,26.5468052003644,13709.595
4.07002098015671,1.51452959352127,26.5543810492104,13712.11
4.07026644667881,1.51387189618491,26.5602477625537,13714.626
4.07050477964476,1.51602590955369,26.5626953450821,13717.142
4.07103984395689,1.51392069151517,26.5668356979535,13719.673
4.07118474969463,1.51796569811025,26.5741877547397,13722.188
4.07152449860373,1.51543507695485,26.5745478643112,13724.704
4.07187845734173,1.51360345258956,26.5841405222973,13727.22
4.07200732140029,1.51921871093007,26.5850264613474,13729.735
4.07209329459759,1.51676337680646,26.5970463226309,13732.251
4.0723570165886,1.51440282457191,26.6009401997783,13734.767
4.07280580234601,1.51468736645461,26.5890234898953,13737.282
4.07325580286339,1.51378273447533,26.606359988968,13739.798
4.07342139341355,1.51599506930774,26.6107525795044,13742.313
4.0734809186587,1.51365182603055,26.6174098818527,13744.829
4.07392347139191,1.51460050981755,26.6135366864474,13747.376
4.07415403717742,1.51853743750729,26.6231197056757,13749.892
4.07460998923255,1.51105339210259,26.6190318967767,13752.407
4.07501978494583,1.51776860260674,26.6203008375429,13754.923
4.07491400393832,1.51581159767967,26.633867870918,13757.438
4.07571787870639,1.51731563238019,26.6380204858694,13759.954
4.07577926724261,1.51365492886573,26.6417906546447,13762.47
4.07602714213541,1.51304008050201,26.6479350101689,13764.985
4.07615780073711,1.51843388198347,26.6617859299329,13767.501
4.07648409300366,1.51463856745629,26.6526573708088,13770.017
4.07669539670164,1.51690926278484,26.6605305473766,13772.548
4.07723295623743,1.51701927965187,26.6660163530044,13775.079
4.07757979565276,1.51494121929069,26.6696221711643,13777.595
4.07739356054274,1.51648674107232,26.6810409157488,13780.11
4.07806443886,1.5153625752653,26.6836350915216,13782.657
4.07828998323646,1.5121372505765,26.6909657395533,13785.267
4.07873367194819,1.51557979864383,26.6917473066895,13787.782
4.07871003639165,1.51477955228047,26.6911033101794,13790.298
4.0792205372033,1.51409462832598,26.6957592712977,13792.813
4.0794134897607,1.51781555893327,26.6986020518314,13795.329
4.07954714770926,1.51704104165275,26.7105501226825,13797.86
4.08026860258668,1.51552682637392,26.7099165216669,13800.376
4.08043282533842,1.5119795504033,26.7220190087399,13802.892
4.08042550175084,1.51783396859864,26.7285723344619,13805.407
4.08086627810114,1.5140462336746,26.7319452589718,13807.923
4.08117032789662,1.51664597913389,26.7273339148625,13810.438
4.08150415458997,1.51759180807302,26.7246520007233,13812.954
4.0816579664383,1.51460200528979,26.7429803718735,13815.47
4.08186696824198,1.51571064431907,26.7512728177952,13817.985
4.08216743624608,1.5174946437396,26.7383004971712,13820.501
4.08251917989443,1.51855445669386,26.7435619002536,13823.017
4.08303815264381,1.51731114751594,26.7453502502414,13825.532
4.0831014152756,1.51641277579162,26.7440299369634,13828.048
4.08364861569629,1.51158626927138,26.7503834721502,13830.563
4.08399993864818,1.51534066389363,26.758398315907,13833.079
4.08386041783103,1.51863740904082,26.7519621646494,13835.595
4.08431442571601,1.51325534475744,26.7766014135994,13838.11
4.08460083750455,1.51572263958828,26.783008158699,13840.626
4.08487677582481,1.51703713385944,26.7939898237566,13843.142
4.08537128016204,1.51000875606645,26.7915613140863,13845.657
4.08538103031815,1.5162488979877,26.7881252629568,13848.173
4.08587145840352,1.51625530021042,26.8015400373303,13850.704
4.08611913799065,1.51578771410819,26.8030454340678,13853.22
4.086135068472,1.51673869865595,26.8077933026195,13855.751
4.08690495025853,1.51397296932019,26.8090196574048,13858.267
4.08679320264775,1.51932074353451,26.816641744606,13860.782
4.08737834674241,1.51603165864083,26.8164500526435,13863.298
4.087685296598,1.51265079772811,26.8220756174941,13865.813
4.08796293936228,1.51366320347121,26.826757902349,13868.345
4.08802841591512,1.51527841723563,26.8338274827369,13870.86
4.08862831084517,1.51386384812709,26.8401499271864,13873.376
4.08862311761803,1.51513871770113,26.8447667956839,13875.892
4.08902700942676,1.51482900559547,26.8432128189087,13878.423
4.08986759669897,1.51174837169031,26.8544213666684,13880.938
4.08947176092747,1.51348387548521,26.8630734878748,13883.532
4.08989461148204,1.51349679017947,26.8677138964615,13886.048
4.09019748884977,1.51498394634009,26.8606116839183,13888.563
4.09070855713882,1.5143854796861,26.8643593647714,13891.11
4.09087596799851,1.51558568318707,26.870946096816,13893.626
4.09128648524859,1.51576404349575,26.8705105854901,13896.157
4.09161703500018,1.51434771468012,26.8701590627871,13898.688
4.09139454108979,1.52019469779703,26.8756219604808,13901.22
4.09225235266101,1.5139666013095,26.887525575994,13903.751
4.09261755485113,1.51659944167352,26.8815695725009,13906.282
4.09253466728148,1.51637849939734,26.8946043627928,13908.813
4.09285666950058,1.51964841806075,26.9023096648237,13911.345
4.09328750214926,1.51749425577782,26.9011515185519,13913.86
4.09346537355011,1.51781951754143,26.9015968517216,13916.392
4.09386865784567,1.51748275496836,26.9091803289401,13918.923
4.09429391774805,1.51358948653217,26.916419789767,13921.454
4.09464135660551,1.51519953164005,26.9212750757041,13923.985
4.0950125010356,1.51327856406738,26.9167360757884,13926.517
4.09499446259105,1.51790218488804,26.9168345425049,13929.063
4.0954496247729,1.51429234402321,26.9270659006552,13931.595
4.09536441178431,1.51909402164588,26.9297026170775,13934.126
4.09579773968493,1.51786051301348,26.9455426769393,13936.657
4.09626462547258,1.5158738795134,26.942934651047,13939.188
4.09684048475483,1.51455981658648,26.9555594936333,13941.72
4.09720112988201,1.51373555213154,26.9594684111962,13944.251
4.09747917944021,1.51471675047562,26.9630522043597,13946.767
4.09791140442173,1.51185874845943,26.9582218940672,13949.298
4.09812325234118,1.51435101446388,26.9580353953424,13951.829
4.09844018252658,1.51369106637493,26.973089696876,13954.36
4.09820000840016,1.51761674780777,26.9805193108499,13956.892
4.09882707488088,1.51500279125453,26.9816403432033,13959.438
4.09887615709793,1.51548776571552,26.9749691650203,13961.97
4.0995046394408,1.51565201930278,26.9825899847757,13964.501
4.09981454904472,1.51460507118352,26.9872713790452,13967.032
4.10039961195338,1.51443944719397,26.9961252977321,13969.563
4.10027814159033,1.51481618540829,26.9960137839019,13972.095
4.10049947792226,1.51329921928326,26.9981840217433,13974.61
4.10123016921339,1.51446476883363,27.0051437853371,13977.142
4.10117008656559,1.51643365793145,27.0144138538646,13979.673
4.10148392800503,1.5171096808976,27.0089165314695,13982.204
4.1020871228019,1.51480852232916,27.0206859054008,13984.735
4.10187975790321,1.51907448690386,27.033674005629,13987.313
4.10249067896851,1.51686350198891,27.0361496310249,13989.829
4.10294095462667,1.5174444323141,27.0425450982949,13992.376
4.10330729389624,1.51666492104451,27.0416169777132,13994.938
4.10374295660716,1.5144699341825,27.0380121928963,13997.454
4.10373801354254,1.51577185492717,27.0487613012493,13999.985
4.10425042325173,1.51540991708037,27.0460198577906,14002.517
4.10430420397418,1.51801389034872,27.0491575808562,14005.048
4.10484344786734,1.51755732075608,27.0637534449265,14007.579
4.10518240817161,1.51589747388249,27.0673198551317,14010.11
4.10526098869275,1.51696560196289,27.0773798731648,14012.642
4.10562141949569,1.51561296736854,27.0751913932889,14015.157
4.10582404983106,1.5170640116231,27.0813001611009,14017.688
4.10635252861225,1.51536481946683,27.0747797347905,14020.22
4.10642875684868,1.51625507894982,27.0776921538659,14022.751
4.10700028714215,1.51259486025909,27.0805852947985,14025.282
4.1073190063386,1.51254075145833,27.0872159729939,14027.829
4.10769559375678,1.51765084124152,27.0939794364606,14030.36
4.10769864229915,1.51716420205438,27.0994505423283,14032.892
4.10812107291897,1.51589929442922,27.0988070415908,14035.423
4.10850789201644,1.51690113925097,27.1121441804534,14037.954
4.10883869944506,1.51590595887602,27.1171237416662,14040.485
4.10911702847408,1.5166558123486,27.1182758267552,14043.017
4.10948946153631,1.51557914759974,27.118168451374,14045.532
4.10983727964183,1.51687299038963,27.1322796843227,14048.063
4.11025424447449,1.51849111670603,27.1256998363873,14050.595
4.11055837105904,1.51564343555654,27.1370135364848,14053.126
4.1108703874627,1.51486737548861,27.1338000334357,14055.657
4.11083316172173,1.51645033179224,27.1362814574757,14058.204
4.11137513518397,1.51468600042934,27.1393984916799,14060.735
4.1114930865102,1.51932317660365,27.1434575694045,14063.267
4.11229736428902,1.51428492118233,27.1452558697714,14065.798
4.11222267937163,1.51761195119769,27.1571320077825,14068.329
4.11293069473508,1.51522320743019,27.1539313457512,14070.86
4.11269947847936,1.51749862676079,27.1637899130436,14073.376
4.11320220587874,1.51686664866665,27.1674857741039,14075.907
4.11356874357681,1.51519243611841,27.1718058059445,14078.423
4.11423821984551,1.51479088074356,27.1698829783943,14080.985
4.11427057230799,1.51659450974409,27.1832889858538,14083.579
4.11464199271218,1.51660006793591,27.1816993840839,14086.095
4.11468501480718,1.5170180621161,27.1888258043499,14088.626
4.11535454065369,1.51592665983373,27.1965597209677,14091.204
4.11552235538127,1.51526251768313,27.1946099246951,14093.751
4.11600615024151,1.51699246841083,27.1960257892525,14096.282
4.11616360439555,1.5164472850864,27.2027403022172,14098.813
4.11643586012568,1.51795004840086,27.2045058974463,14101.345
4.1168078007867,1.51672189153024,27.203604335371,14103.876
4.11692007275669,1.5154254399186,27.2081471226616,14106.407
4.11751047024336,1.51607232750746,27.2116081177555,14108.938
4.11760082671471,1.51384737450928,27.2166206873066,14111.47
4.11818107006226,1.51530959019453,27.2259117490752,14113.985
4.11840711692604,1.51470349430244,27.2355965400656,14116.517
4.11855002852634,1.51240604137396,27.2346152990922,14119.048
4.11892183178512,1.51439194664923,27.2403434386892,14121.61
4.11930545900991,1.51620457874376,27.2431582556755,14124.142
4.11965432387047,1.51361494822435,27.2482160813077,14126.673
4.11995332478806,1.5149906850153,27.252238332773,14129.188
4.12029904063995,1.51580634473251,27.2589258317979,14131.72
4.12067427171393,1.51598035899206,27.2660754032471,14134.251
4.12112927870091,1.51398766377068,27.2636009582194,14136.782
4.12132577965621,1.51399119659401,27.2702881532111,14139.313
4.12152400821745,1.51303783720584,27.2791386497969,14141.845
4.12177671564826,1.51524436715444,27.2775113895595,14144.376
4.12221626938195,1.51765670051036,27.2799362958171,14146.892
4.12258425538811,1.5146286908754,27.2975011918847,14149.423
4.12255290298802,1.5179002525984,27.2916037091606,14151.954
4.12323855138608,1.51512844708529,27.2921990366221,14154.517
4.12359324602636,1.51561909554005,27.2979201152521,14157.032
4.12368534550472,1.5140557212681,27.3070914617606,14159.563
4.12433146632563,1.51762513780734,27.3054456801393,14162.095
4.1244319714876,1.51530080571906,27.3163761633872,14164.626
4.12459663823266,1.51565748659208,27.3164747114892,14167.157
4.12511202627575,1.51693394364236,27.3197441286484,14169.688
4.12524958738986,1.51573520573064,27.3250135747119,14172.22
4.12540801900942,1.51304983990874,27.3249718397659,14174.735
4.12612265175524,1.5140720516403,27.3236037980038,14177.282
4.12610563393535,1.51454246590995,27.3278575973697,14179.813
4.12651390974024,1.5167596897535,27.3298705865199,14182.329
4.1270240504361,1.51648785815319,27.332274411653,14184.845
4.12741437353888,1.51652567258708,27.3436963651374,14187.36
4.12757152109519,1.51548083454396,27.3525017988493,14189.876
4.12763137092841,1.51675030352667,27.3529684820914,14192.392
4.12846249126165,1.51506129508767,27.358365012924,14194.907
4.12862423968086,1.51541751267547,27.3593932661615,14197.438
4.129067999651,1.51337991831316,27.3636901142572,14199.954
4.12921554458373,1.51345519322284,27.3719734276421,14202.47
4.12938739720224,1.51655134361993,27.3789193660203,14204.985
4.12990293030466,1.51366000152371,27.3694991126352,14207.501
4.13027541121947,1.51666010489536,27.3841093994991,14210.017
4.13057295861051,1.5148703318347,27.3869613125285,14212.532
4.13074700770937,1.51582389559017,27.381398545412,14215.11
4.13129890049842,1.51853531292894,27.3835732064028,14217.72
4.13142322799684,1.51426418001275,27.3910094965756,14220.267
4.13173512085165,1.51599648063925,27.3913202207033,14222.798
4.13225379566268,1.51589362467,27.393083149861,14225.313
4.13238941371761,1.5132639326313,27.4008247386033,14227.829
4.13272402526031,1.51785159721308,27.3931252031483,14230.345
4.13326296013978,1.51725349411289,27.4014766068305,14232.86
4.13353621335477,1.51489051322983,27.4040295645054,14235.376
4.13357682433282,1.51553985391194,27.4063089606234,14237.892
4.13395538132353,1.51479376531376,27.4055012680416,14240.407
4.13442547279505,1.51649798972653,27.4225824452156,14242.923
4.13471610149001,1.51732162181564,27.4172742441285,14245.438
4.13508968394006,1.51357742756326,27.4218913333785,14247.954
4.13538515518334,1.51688307742782,27.4341073329302,14250.47
4.1353674929477,1.51534188832603,27.4286670748081,14252.985
4.13612246168603,1.51792008795947,27.4341261249877,14255.517
4.13631994814154,1.51559535088324,27.4411327625576,14258.032
4.13642653029879,1.51658268405896,27.4448160813005,14260.548
4.13700878381758,1.5133661247492,27.4438065159831,14263.063
4.13720765498564,1.51648294459803,27.4507191998364,14265.595
4.13768055728952,1.51437051946005,27.4533417601079,14268.11
4.13800932988684,1.51709501457757,27.4596726828076,14270.626
4.13855820296594,1.5119168269146,27.4691750705442,14273.142
4.13867524062234,1.51709603327723,27.4743107317982,14275.657
4.13885340550551,1.51636494269446,27.4747684463421,14278.173
4.13918539933083,1.51495021368382,27.4789185802716,14280.688
4.13941725282869,1.5176605339693,27.4881904168977,14283.204
4.13982400688911,1.51667957870577,27.4854280971193,14285.72
4.14030120791863,1.5131556249062,27.4873940915998,14288.251
4.14053265670468,1.51630288496936,27.483270939084,14290.767
4.14086942507159,1.51563173496445,27.4993475380612,14293.282
4.14125618327286,1.51430843648468,27.510088073221,14295.798
4.14140637121825,1.51625680365222,27.5102577182554,14298.313
4.14182312930735,1.51758253087908,27.5018095709842,14300.829
4.14238456685105,1.51422790346779,27.5087670239515,14303.345
4.14254667323666,1.51531501458777,27.5176636903755,14305.876
4.14275829323402,1.51466368590565,27.5247725809379,14308.392
4.14342014810682,1.51547722373847,27.5217786512093,14310.923
4.14351832869905,1.51407990302379,27.5223148888868,14313.454
4.14376506612985,1.51495191618413,27.5245467152576,14315.985
4.14437298771369,1.51673281246164,27.5261744103246,14318.517
4.14465153883294,1.51635046579475,27.5315055595472,14321.048
4.14491270571362,1.51765695417072,27.5374279846186,14323.579
4.1452499189785,1.51690352376036,27.541582540532,14326.095
4.14552512732208,1.51805618972433,27.5535563903952,14328.626
4.14593099096034,1.51554240049747,27.5518188602159,14331.157
4.14614299056274,1.51319911583395,27.5565622238536,14333.688
4.1464698539379,1.51727016665539,27.5571636010512,14336.22
4.14727437489152,1.51831646398318,27.5635965223539,14338.751
4.14707559808398,1.51623213432083,27.5651658670481,14341.282
4.14745648487677,1.51698244530228,27.5672847992376,14343.813
4.14788991949511,1.51808857141472,27.5710320635799,14346.36
4.14821101565841,1.51803747402216,27.5846786349173,14348.892
4.1486444278905,1.5140021501952,27.5881833730981,14351.423
4.14871164888214,1.51644372174296,27.5877636199958,14353.954
4.14905606058518,1.5164038992881,27.5947141828674,14356.485
4.14951744229075,1.5148815963545,27.5871006364127,14359.017
4.14986402350247,1.51766262054373,27.5869618791701,14361.548
4.15029172190495,1.51496212600918,27.5982856817005,14364.079
4.15069260779218,1.51400405484593,27.5985471081031,14366.595
4.15064890364026,1.51492741291804,27.6001412391402,14369.126
4.15116714108653,1.51417450830911,27.6111561165974,14371.657
4.15161960838089,1.51453411481184,27.6107205508372,14374.188
4.1517537656889,1.51549119747234,27.619159023351,14376.751
4.15227503454474,1.51328778834594,27.6278534592349,14379.282
4.15257151673846,1.51567574667274,27.6329236982161,14382.22
4.15290093504063,1.51335335354908,27.6378723616542,14384.829
4.15324748600818,1.5171938788893,27.6310344467952,14387.501
4.1537478348872,1.51481295155154,27.6423664991787,14390.188
4.15382332634712,1.51473836808545,27.6403805514358,14392.813
4.15449793916729,1.51684677227569,27.6461193442377,14395.485
4.15463221303402,1.51665431697458,27.6458237308764,14398.142
4.15474637639411,1.51457318724164,27.6492252786801,14400.751
4.15554735517829,1.51600295636091,27.653146748073,14403.423
4.15577863602396,1.51584688084564,27.6618015902053,14406.095
4.1558383686384,1.51550505649075,27.6623486792936,14408.751
4.15631831826588,1.5172522506519,27.6725511338804,14411.36
4.15696889572862,1.51492216712926,27.6724889573707,14414.032
4.15694283689617,1.51501648257252,27.6737064513782,14416.688
4.15749399224538,1.51700574861776,27.6749327460886,14419.298
4.15765378718879,1.51626790135522,27.6853094453546,14421.97
4.15810933402561,1.51500390166815,27.6863465816574,14424.626
4.1586008205976,1.51642997499348,27.6881205447071,14427.251
4.15879558628726,1.51668234216517,27.6834013801954,14429.954
4.15929031625248,1.51361208947323,27.6959313880577,14432.595
4.15936633429998,1.51665975804825,27.6855519540298,14435.22
4.15988394676162,1.51603619524385,27.6970184908471,14437.923
4.16006148806603,1.51423612564917,27.7003895586024,14440.579
4.16043684312832,1.51500646968532,27.7029888545008,14443.188
4.1610025439499,1.51645866799869,27.7103596207086,14445.86
4.16149409223779,1.51908000848636,27.7201662254457,14448.517
4.16169191467548,1.51624893451743,27.7204676584175,14451.126
4.16212935018103,1.51550885690204,27.7287471269652,14453.798
4.16228005584171,1.51796605362232,27.7322627009004,14456.501
4.16266682242536,1.51508735647676,27.7382088765233,14459.157
4.16309035841372,1.51773861556532,27.7364161483032,14461.829
4.16374187996819,1.51435515170938,27.7519472027976,14464.517
4.16378174300476,1.5147098877238,27.7499306718009,14467.173
4.1641934179638,1.51358179893463,27.7470315024089,14469.782
4.16471284025406,1.51513804898628,27.7528305560178,14472.454
4.16492674206243,1.51593636271517,27.7551423831632,14475.142
4.1653081521603,1.51444857905538,27.7510725064092,14477.782
4.16561560910071,1.51623754208424,27.7540524116618,14480.454
4.16587833510086,1.51443215268482,27.7582284148578,14483.095
4.16629284750036,1.51888158134979,27.7653361685334,14485.704
4.16668538998879,1.51685925047344,27.7731192932141,14488.376
4.16682628011704,1.51262738118568,27.7781662130284,14491.032
4.16741166022118,1.51605878397607,27.7811274863447,14493.673
4.16769830865593,1.51564868286422,27.7906984800146,14496.392
4.16807022231018,1.51453791669144,27.7910598507195,14499.032
4.16825730368618,1.51423430558084,27.8017976004365,14501.657
4.16893033987803,1.5164861869267,27.7944473419359,14504.329
4.16914031761186,1.51939714088538,27.8023022195461,14506.985
4.16938005960194,1.51753707917696,27.8126102765062,14509.626
4.16970344659025,1.51490734601182,27.8133002098964,14512.298
4.17016472225209,1.51476179029047,27.8107820351296,14514.954
4.17028881516605,1.52047318629125,27.8142866937308,14517.563
4.17055429202931,1.51423677374611,27.8160540932583,14520.22
4.17098655972224,1.51490570591995,27.8255348608074,14522.923
4.17158894766784,1.5143724086796,27.8376407914508,14525.61
4.17195088674039,1.5140521004482,27.8356243401432,14528.251
4.17216868058626,1.51508686282286,27.8364700255779,14530.923
4.17282618090548,1.51493102810557,27.8395801222149,14533.579
4.17303710413035,1.51314733651787,27.8560224209873,14536.204
4.17345160398913,1.51687525137407,27.8527564639851,14538.876
4.17367336646442,1.51578477713413,27.8578756066019,14541.548
4.17383201359613,1.51390559005228,27.8649904751826,14544.251
4.17437610935176,1.51334991670968,27.8663238473045,14546.907
4.17456933691123,1.51466451626907,27.8694725489535,14549.532
4.17522657679923,1.51823661630388,27.8732393669668,14552.204
4.17510068578978,1.51419616681486,27.8810032746246,14554.845
4.17572971482595,1.51476452370369,27.882048173556,14557.563
4.17626140332241,1.51239451715366,27.8860591193115,14560.204
4.17624685727519,1.51750856136784,27.8945370176061,14562.829
4.1768808898297,1.51734045266427,27.8960011276487,14565.517
4.17730357467567,1.51816039565597,27.8963451421352,14568.157
4.17749941664112,1.51582672663912,27.9098641835081,14570.782
4.17797393049305,1.51340427682985,27.9079129463022,14573.47
4.17827856606683,1.51649293283714,27.908280211321,14576.095
4.17853435822848,1.51794879089212,27.9108875049212,14578.782
4.17892868719319,1.51371006414677,27.9197265366717,14581.47
4.17917034777048,1.51383944607425,27.9209028988332,14584.079
4.17974653970011,1.51599052258216,27.920499101957,14586.767
4.17992024211896,1.51236237572005,27.9280512129795,14589.47
4.18013780871929,1.51527457032037,27.9433922178172,14592.095
4.18044569406312,1.51916850702276,27.9512210775961,14594.735
4.18086438434813,1.51521017092852,27.9458991126083,14597.376
4.18127484381435,1.51576813829891,27.9515351366155,14600.048
4.18197247468067,1.51576378634478,27.9575554855644,14602.688
4.1820068164933,1.51723118704189,27.9591931547819,14605.376
4.18246419258373,1.5159491201015,27.9767273026535,14608.048
4.18282211403541,1.5126692437579,27.9665879280831,14610.673
4.18309585440617,1.51685324261447,27.9696610653163,14613.36
4.18354239849107,1.51516322542557,27.9793809384761,14616.001
4.18409339564268,1.51287315523343,27.9847434790511,14618.673
4.18425621646509,1.51250697664648,27.9948115974024,14621.329
4.18450188678063,1.51409092254214,28.0015331472948,14623.954
4.184981863003,1.5153455612476,27.9973957291195,14626.673
4.18545217898665,1.5161692107295,28.005846263325,14629.329
4.18571814133437,1.51352405077566,28.0138043582627,14632.017
4.18595062220486,1.51490858756812,28.0193393968075,14634.704
4.18608464752846,1.51573553304427,28.0256288873617,14637.313
4.18679402985231,1.51619451621791,28.0285377230134,14640.001
4.18687679131017,1.51543362363851,28.035826252639,14642.642
4.18709795302394,1.51537301642384,28.0372370182605,14645.345
4.18787761401535,1.51402952832281,28.0414841627561,14648.407
4.18840909611284,1.51447928163311,28.0548118548964,14651.204
4.18864863099635,1.51568610996271,28.0589372245333,14654.001
4.18888168939456,1.51571719869803,28.0591759768523,14656.782
4.18925932587857,1.51703547813804,28.0723359346661,14659.563
4.19011192702435,1.51083488132497,28.0736005993557,14662.282
4.18993859462619,1.51754163854487,28.0841795033955,14665.063
4.19032030672852,1.51263253053074,28.0842959021689,14667.845
4.19035268536837,1.5161420487946,28.0918293754812,14670.579
4.19116516420723,1.51559827636787,28.0945791658197,14673.376
4.19149486909136,1.51468284477128,28.09460658625,14676.188
4.19181855276485,1.5145514283631,28.103598040419,14678.923
4.192521052009,1.51266845595313,28.1145835442333,14681.704
4.19273814397681,1.51842302526635,28.1235479147959,14684.485
4.19288882276715,1.51626837451249,28.1273710311069,14687.22
4.19346728905481,1.51384378337752,28.1327644214888,14690.001
4.19352632502749,1.51729109110549,28.1394392567717,14692.782
4.19400090017007,1.51784702494691,28.1527971859097,14695.532
4.19416292903457,1.51681394517963,28.1515539710801,14698.345
4.19475057510048,1.51705730525659,28.1594371428803,14701.126
4.19537136966224,1.51689831705827,28.1588610573752,14703.86
4.19571836005797,1.51809899796103,28.1744299918075,14706.642
4.1957918318372,1.51603277025317,28.181928264626,14709.423
4.19628799599008,1.51685710029218,28.1877627342623,14712.173
4.19646454684071,1.51497212238624,28.1933099435185,14714.954
4.19708445407034,1.51457121798975,28.1971820279907,14717.735
4.19727102842809,1.51681827982711,28.2075062667692,14720.501
4.19770657168634,1.51636521798066,28.21466063362,14723.282
4.19796488946517,1.51435310509378,28.2136226422285,14726.063
4.19839777250656,1.51637682723725,28.2285675565514,14728.845
4.19914643725676,1.51967489463332,28.2320161551158,14731.626
4.19922426840804,1.51708518029699,28.2352150208794,14734.407
4.19965574504615,1.51343864163034,28.2448652617929,14737.142
4.20026224877878,1.51344533172262,28.2527790976756,14739.923
4.19846208956459,1.48987288890302,28.2584427624677,14743.095
4.19852797608323,1.49005942192351,28.2637646758359,14746.017
4.19883177841184,1.48718027828266,28.2665438194136,14748.892
4.19901455145799,1.48945413998804,28.2763848334778,14751.782
4.19924210223357,1.48785605114147,28.2810679884827,14754.673
4.19947578409054,1.48806272163805,28.2959989744987,14757.548
4.20015954017402,1.48743259623026,28.3012832758936,14760.454
4.19903541553733,1.47764486957478,28.3101302600065,14763.329
4.19940822428716,1.47489296313349,28.3086503173938,14766.204
4.19987770818215,1.47632784239864,28.3200737019292,14769.095
4.19943251211657,1.46720909405221,28.3250403432406,14771.97
4.1995338657778,1.46546796178357,28.3317302750905,14774.876
4.19978655911205,1.46497795989544,28.3355438599597,14777.751
4.19931220486685,1.45297688496141,28.3488336406344,14780.626
4.19945150228188,1.45086064875438,28.3496303692998,14783.501
4.19970824232238,1.45426794355695,28.3687659696399,14786.392
4.19919857327057,1.44217096110337,28.3711297917797,14789.267
4.19913420273021,1.44040003783151,28.3716723053301,14792.142
4.19955696664421,1.44305103664802,28.3818840609969,14795.017
4.19908163273924,1.43156075281872,28.386673679415,14797.938
4.19941820882113,1.43078860662288,28.388796236641,14800.86
4.19911652432593,1.42959439766199,28.3937897999415,14803.782
4.19970888997261,1.43172762897309,28.3982721599024,14806.642
4.1992214502927,1.42035441319365,28.4032793125976,14809.517
4.1995081206553,1.420266247781,28.4122183830834,14812.392
4.19972664066503,1.41836388525427,28.4146123344509,14815.267
4.19898851387131,1.40943194268662,28.4192008957883,14818.126
4.19905254026731,1.41034885031988,28.4233282503398,14821.017
4.19920157163897,1.40864140942291,28.4313562847967,14823.876
4.19978766702763,1.40468069563899,28.4325632538508,14826.782
4.19969393729546,1.40961819678196,28.4348688970902,14829.673
4.20027144796005,1.40707673849504,28.4472634992515,14832.548
4.20048793511558,1.40820895119496,28.4516076021552,14835.423
4.20078109231064,1.40695500936058,28.4567349651799,14838.298
4.20013242040867,1.39188387580004,28.4559062791139,14841.173
4.19959720305996,1.38721987734971,28.4636504700761,14844.048
4.19974111354115,1.38283135531474,28.4731795694822,14846.954
4.19981738083026,1.38578138339882,28.4767175179553,14849.845
4.20020254130463,1.38206945237339,28.4786619218182,14852.72
4.20030850082316,1.3842789300031,28.4895078092852,14855.626
4.20060491611248,1.38188514543421,28.4917995218281,14858.501
4.20038314572157,1.37235209040452,28.4962798479089,14861.392
4.19962518776597,1.36012094992863,28.5119134515761,14864.298
4.19988643045953,1.36249170323249,28.5094632169496,14867.188
4.20005655119951,1.36011971664419,28.5158770334225,14870.079
4.20054069638772,1.36195879583705,28.5238383333828,14872.954
4.20049567833142,1.35983914479798,28.5262214063629,14875.845
4.20077492866461,1.35911177794179,28.5175521795243,14878.751
4.20004715218874,1.34969474837047,28.5223577281323,14881.673
4.2003118894673,1.34720500870819,28.5309654961818,14884.563
4.20084577655339,1.34658837951168,28.5399831093807,14887.454
4.20028364850682,1.33770673949173,28.5415001613246,14890.329
4.20003728336993,1.34080500386022,28.5534212419394,14893.22
4.20049032977248,1.33665540245476,28.5532784060787,14896.11
4.20068380712609,1.33451329386641,28.5578673774598,14899.001
4.20047456576061,1.32389358546385,28.5610022641597,14901.923
4.20053226585357,1.32372684638762,28.564188874326,14904.829
4.20058010502872,1.32396688877184,28.569121363136,14908.126
4.20033849842233,1.31285187930625,28.5724094499651,14911.11
4.19946971666691,1.30274678475935,28.5717468042939,14914.142
4.19982287940094,1.30216949412332,28.5756992632846,14917.22
4.20006462865073,1.30511217334756,28.5867217447868,14920.267
4.20060664509517,1.30278659919327,28.592520374933,14923.313
4.20002038256493,1.29243199816341,28.5810792063445,14926.36
4.19997752757952,1.29116605303309,28.5938634928705,14929.407
4.19994597103944,1.29325479557561,28.588885981657,14932.423
4.20026395792091,1.29299065803579,28.5997249385149,14935.47
4.20058636074306,1.29079957514555,28.5975802459879,14938.548
4.20062868799308,1.28341170897317,28.5975481169278,14941.61
4.19985818169521,1.27108673003383,28.601837236588,14944.673
4.1997589306227,1.26836241696322,28.6080128277765,14947.72
4.2002050879,1.26999912167573,28.6056540211695,14950.735
4.20057428248847,1.2691855680871,28.6062983021053,14953.813
4.19993443580167,1.25820948007343,28.6163359787933,14956.876
4.2000014103724,1.257688233015,28.6130743940125,14959.923
4.20047363062423,1.2578591517716,28.6129126735299,14962.938
4.20051174098071,1.25988690985514,28.6215640037782,14965.907
4.20086257347914,1.25904506502191,28.6116261558974,14968.97
4.20019481425167,1.24646588005315,28.6130901791331,14972.048
4.20048067305948,1.24373679319531,28.61449921448,14975.095
4.20058675739682,1.24659863562377,28.6049398800859,14978.142
4.20021917044724,1.23441707741167,28.6130387181173,14981.188
4.2003621850034,1.23337838550607,28.6201950984073,14984.251
4.20093136798209,1.23299956504343,28.6186897360785,14987.313
4.20074221621732,1.23355623023053,28.622558103671,14990.36
4.19958547418265,1.21538755562381,28.6173156475309,14993.329
4.2000265783156,1.21243689063478,28.6234127305249,14996.36
4.1999119649886,1.21101647937673,28.6126750284415,14999.423
4.20056940594989,1.21037419115508,28.6235748204042,15002.47
4.20054820179737,1.2094263899044,28.6252875970947,15005.532
4.20065044953941,1.2093664493065,28.6272934933003,15008.517
4.20097809075581,1.20724987720047,28.6306576518769,15011.548
4.20127284052834,1.20894603190926,28.6194966547717,15014.642
4.20155374750392,1.20887568527435,28.6241136530945,15017.642
4.20112823854882,1.19866423756621,28.629825107918,15020.688
4.19998437467497,1.17585697681417,28.6188915813168,15023.751
4.20004632974,1.17620784824707,28.6207598875353,15026.782
4.20018044859157,1.17585224052039,28.6120504166806,15029.845
4.19978100275882,1.16633924701816,28.6156826876613,15032.907
4.20011350527449,1.16658907314867,28.6150277142135,15036.017
4.19906433575105,1.15581352207664,28.6242360848143,15039.063
4.19952771531258,1.15404280302495,28.609998723697,15042.142
4.19972692698221,1.15081908770651,28.6156449210302,15045.11
4.19972710737307,1.15455405959876,28.6146975479366,15048.157
4.20013698136514,1.15711546926637,28.6173837147113,15051.188
4.2004671693262,1.154181124299,28.617266459841,15054.173
4.20062320737764,1.15595045137006,28.614695237421,15057.204
4.20094642159681,1.15148474392027,28.6126085785914,15060.267
4.20125111514554,1.15367032609197,28.6130613952415,15063.329
4.1999663929187,1.13227835956777,28.6115830405998,15066.392
4.19962524855249,1.12016960114489,28.6153098548182,15069.438
4.19945223165086,1.12111851377629,28.6085881147551,15072.501
4.19969021660331,1.12153234872558,28.6014394022562,15075.548
4.20019342326195,1.12107810864498,28.6015529841097,15078.61
4.2003195998465,1.11835188971083,28.5948688316814,15081.657
4.19966390161756,1.11014491397614,28.5923600362641,15084.673
4.20008727542698,1.10916941377093,28.587227808401,15087.735
4.2004383359191,1.10699250708434,28.5878839951493,15090.798
4.20056691588415,1.11019609076818,28.5839811917751,15093.829
4.20065180804885,1.11054539044328,28.5736504024493,15096.876
4.20062760945591,1.1058610706997,28.5745964616411,15099.86
4.20144542233301,1.10736301757306,28.5738585476712,15102.923
4.20163458266012,1.10283195016376,28.5702561979469,15105.985
4.20123888633353,1.09438928877161,28.5714863564687,15108.954
4.20117554478134,1.09597611974181,28.5630774285656,15112.001
4.20189545655434,1.09211822243932,28.5562896688715,15115.063
4.20090704223228,1.08501236770673,28.5498350915038,15118.142
4.20159093959978,1.08447519324977,28.5610252797591,15121.188
4.2010661509794,1.07381306666745,28.552246359817,15124.251
4.20137355795476,1.07326021542997,28.5499158901305,15127.282
4.20162203878111,1.07369016133344,28.5471013569291,15130.36
4.20094824519888,1.05867409655403,28.5362515782662,15133.392
4.20125328877772,1.0620785766952,28.5383475618302,15136.454
4.20116754813816,1.05937107104628,28.5372064761563,15139.501
4.20066481854448,1.0503995911551,28.5330234479703,15142.548
4.20089185415094,1.04975966241886,28.5237301049503,15145.595
4.20046088841691,1.03899737269605,28.5140919049542,15148.657
4.20067251334113,1.03987230967554,28.513659151756,15151.735
4.2009317562846,1.03921493796309,28.5044387140482,15154.829
4.20121337881322,1.03884442468763,28.4921909404696,15157.923
4.2007327009671,1.0281251076582,28.4879019936202,15161.032
4.20085644252407,1.02664866790759,28.4901947647056,15164.095
4.20017505502352,1.01709630242316,28.4983430309395,15167.126
4.20036028207448,1.01563122560091,28.4765154410003,15170.188
4.19968764178146,1.00910731601895,28.4766287532103,15173.204
4.19933212752326,0.996125646575242,28.4642255019669,15176.267
4.19952280107809,0.997124082063916,28.4695531070381,15179.329
4.1988030727209,0.985523755159196,28.4597956714409,15182.329
4.19904761887834,0.986296191020069,28.4561382605749,15185.313
4.19931323036632,0.98734909148896,28.4457432535857,15188.345
4.19958453555643,0.981952406136091,28.4386410479369,15191.438
4.19948763082287,0.98452460439037,28.4329265346914,15194.423
4.20000658470801,0.982315929143478,28.4207615778454,15197.454
4.20001794044841,0.980292424254522,28.4187646874988,15200.501
4.20023909112381,0.98555665040191,28.415389260272,15203.563
4.20049818932261,0.983237214139276,28.4075511086886,15206.626
4.20075811295401,0.981476305354541,28.3986856157037,15209.657
4.20041690334623,0.969287119665549,28.3976966179475,15212.72
4.20033849326959,0.969006461337477,28.3861685285079,15215.782
4.19979703611877,0.961060246557198,28.3815194443941,15218.798
4.19909549682574,0.949469095713843,28.3765809102353,15221.876
4.1989827958818,0.941964086875796,28.3748080311873,15224.954
4.19875343587533,0.941375306955825,28.3681831869726,15228.017
4.19893408832798,0.938928631847392,28.3579604566747,15231.095
4.19806438733374,0.928514588626082,28.3508519055123,15234.079
4.19781525135332,0.917850657376541,28.3455993632608,15237.048
4.19718479762349,0.908288651016922,28.342580695728,15240.032
4.19703418664075,0.908688018299238,28.3332152983976,15243.048
4.19751467867349,0.908139904052759,28.3234804816296,15246.048
4.19755598556254,0.908646902598794,28.3199220276862,15249.079
4.19693913169183,0.897557050858572,28.3074974444529,15252.142
4.19768063911857,0.908726484555294,28.2984902943956,15255.157
4.19728373029462,0.896856101914287,28.2865923395513,15258.204
4.19811789585557,0.907450108216368,28.2763880172325,15261.313
4.19755759686464,0.898154327517408,28.279915326712,15264.392
4.19670447464155,0.887031115313771,28.2616571523072,15267.454
4.19698007333705,0.886819557674252,28.2522169776373,15270.485
4.19701319890012,0.886651004276175,28.2487676130386,15273.517
4.19729816480308,0.882925340234737,28.2486678135723,15276.548
4.19770345775139,0.884593391747551,28.2483643225644,15279.548
4.19675018923149,0.87448076031293,28.2310123086265,15282.642
4.19714679403606,0.874689720814913,28.2228232417103,15285.735
4.19723841669819,0.87322108329598,28.2256648170054,15288.829
4.19748371609846,0.873545719624822,28.2141778183569,15291.892
4.19785663864243,0.8733924720937,28.2076017198255,15295.017
4.19696317492901,0.861634220829608,28.1989714808189,15298.126
4.19797086337612,0.872447829477716,28.1951022050177,15301.22
4.19742491740843,0.863779198718139,28.1847814196298,15304.282
4.19855303318466,0.872072011098769,28.1822990782215,15307.407
4.19753812369699,0.861651067361871,28.1666961882578,15310.47
4.19887044568396,0.871083143248732,28.1568520753802,15313.47
4.19827740327746,0.860684383641643,28.1498912579881,15316.47
4.19748785937322,0.849820383878913,28.1426185769296,15319.595
4.19839332010447,0.856515012643738,28.1321797849868,15322.657
4.19884965868768,0.855380548866911,28.1265485612132,15325.673
4.19810379421619,0.846048224844059,28.1207722588512,15328.72
4.19736896264992,0.837379251442782,28.1128466675144,15331.767
4.19842908081536,0.851532105130517,28.0925769934694,15334.813
4.1979237281565,0.84114951963755,28.0908894903818,15337.876
4.19799605645397,0.839304719870219,28.0822998086884,15340.923
4.19754214233225,0.828205163896492,28.0734770627397,15343.97
4.19745614482375,0.83057672081275,28.065379494413,15347.017
4.19792039290803,0.829263069210204,28.0607209482634,15350.063
4.19700851801525,0.816253918101284,28.0434658538162,15353.11
4.19710716643438,0.815603193528725,28.0459493717204,15356.157
4.19739536270564,0.815036789147607,28.0380467821653,15359.142
4.19809158380219,0.824860874112679,28.0254381503515,15362.204
4.19753967713333,0.814133056892718,28.0125597371918,15365.251
4.19788603485535,0.814191922003468,28.0010829935894,15368.298
4.1975001206939,0.804511624210856,27.9996765937502,15371.36
4.19741001525925,0.806033704707707,27.9893170757697,15374.392
4.19763886045822,0.804377949831945,27.9846436348391,15377.47
4.19710185581219,0.790406750071866,27.9819456712393,15380.501
4.19687547345388,0.797633825239026,27.96490644187,15383.548
4.19706794055778,0.792698425669672,27.949176610258,15386.626
4.19721189253753,0.795974034826686,27.9426200852102,15389.688
4.19750433225866,0.793362087353621,27.9324865467748,15392.72
4.19779679606394,0.793445807537537,27.9256249259868,15395.782
4.19658929840158,0.782198755283491,27.9246205727777,15398.829
4.19710804832008,0.784607258449218,27.9088172648671,15401.892
4.19724493973628,0.786097441239698,27.8950022599547,15404.954
4.1969791269119,0.78247445744999,27.8830133316261,15407.97
4.19759474401126,0.779371064588185,27.8833874884967,15411.095
4.19669474322846,0.771323820385749,27.8778926030144,15414.188
4.19687378100782,0.770642259324245,27.8678921227635,15417.22
4.19703468569395,0.77206811507623,27.8596117671076,15420.282
4.19690944614156,0.77091611510855,27.8484962089369,15423.329
4.19737806341596,0.766842174713499,27.8403523284869,15426.36
4.19762230045626,0.769590066313483,27.8355677465058,15429.485
4.1971831399113,0.760069254924807,27.8293057699689,15432.579
4.19680211190163,0.759471254001083,27.8219063260879,15435.657
4.19777756119496,0.768435386650996,27.8087829782832,15438.735
4.1974779351096,0.756546960084814,27.8062133662362,15441.751
4.19745809648703,0.759716972218862,27.8053643259212,15444.798
4.19753598934514,0.760040181782717,27.7907226919293,15447.907
4.19856205228637,0.768417515503939,27.7771103468304,15450.907
4.19877962002785,0.766321321727743,27.770209286387,15453.985
4.19818235874634,0.758929803480887,27.7645657566037,15457.048
4.19820326845923,0.759182324503088,27.7605763189684,15460.079
4.19848327061077,0.759351988523254,27.7582392132729,15463.142
4.19834133070278,0.760704615456605,27.7493275771003,15466.22
4.19879111765067,0.754627826584565,27.7369211995506,15469.267
4.19819886666767,0.745259013310574,27.7191686906392,15472.267
4.197374837619,0.738291614207304,27.7209796122948,15475.251
4.19747154970809,0.738402762610822,27.7155631354147,15478.313
4.19770488545142,0.736073764566871,27.7094355798513,15481.329
4.19743734297281,0.735673335072531,27.6995246065899,15484.376
4.19794936039078,0.735731372116377,27.6824564632164,15487.454
4.19803895195699,0.736192561494288,27.6757543732758,15490.501
4.19809025549818,0.73395632258281,27.6710663527333,15493.548
4.19837057774629,0.732859359748661,27.6644642827607,15496.595
4.19855835429689,0.735284365785608,27.6669832623879,15499.673
4.19782492859883,0.72382112813938,27.6521087351769,15502.72
4.19690554324428,0.711889558663607,27.6456505838089,15505.735
4.19726730845856,0.713746012476907,27.6377460686575,15508.782
4.1972828122287,0.712970205792853,27.6321415471207,15511.845
4.19746311063514,0.712726441509524,27.6280670232882,15514.892
4.19747283723902,0.7132217987838,27.6210927452593,15517.954
4.19754521165708,0.71136763971575,27.6113745341532,15521.001
4.19777423512669,0.714762306104854,27.603691762723,15524.048
4.1979421107086,0.712461704567139,27.5875381404088,15527.095
4.19792496845542,0.713719330127249,27.5806597376837,15530.157
4.19811097744201,0.711431586219283,27.5760920515781,15533.204
4.19830401690442,0.714474804886649,27.5710743455562,15536.22
4.19830564090957,0.713351682869288,27.5617587949856,15539.282
4.19893904205046,0.71258494075173,27.5418907504918,15542.36
4.19774700522982,0.69956706786351,27.5479860718798,15545.36
4.1982102378268,0.700799604837085,27.5353348008425,15548.407
4.19860078297723,0.698623406481676,27.5314886786814,15551.454
4.19752568885357,0.689435627759763,27.5212275569484,15554.501
4.19737769718042,0.691101464136438,27.5158471804404,15557.563
4.19786956290128,0.689319702611156,27.5157913756108,15560.595
4.19706493394203,0.679205193207825,27.5093850024256,15563.657
4.19741822381249,0.67753198356068,27.5015895305477,15566.704
4.19744598716288,0.679828039569398,27.4941098422388,15569.751
4.19744361877811,0.67973577081336,27.4871367102277,15572.798
4.19721615017054,0.680920766384265,27.4796401161421,15575.86
4.1977633559031,0.677456997134137,27.4704420163215,15578.907
4.19765841565924,0.67574461384139,27.4543729508275,15581.985
4.19764920014763,0.679991882023687,27.4450113444656,15585.032
4.19791101278037,0.678757198574413,27.4314193590172,15588.048
4.19843711541701,0.675987189422699,27.433360719829,15591.095
4.19814968367716,0.676231235016773,27.4248662371319,15594.173
4.19839809123831,0.677844296154756,27.4162289482405,15597.204
4.19859158620006,0.677991335166634,27.407574553575,15600.282
4.19785280734861,0.666667619561727,27.4092591880612,15603.36
4.19685786506044,0.655722758440439,27.4106584265808,15606.423
4.19704750071004,0.656700771246253,27.4057434926749,15609.47
4.19694611542249,0.654210533630499,27.3812407487739,15612.485
4.19724911008185,0.658766551450549,27.3803798195392,15615.485
4.19722002914202,0.655529742086618,27.3852429356955,15618.548
4.1976871915134,0.660352010216541,27.3704443442383,15621.563
4.19751349692627,0.652519760528794,27.3619640254871,15624.61
4.19770562875111,0.65455184049482,27.3590952995356,15627.688
4.19789527881749,0.655483588651072,27.3426466682662,15630.735
4.19784480993078,0.653925023366451,27.3430464122174,15633.782
4.19798386290172,0.656101380566445,27.3304912659294,15636.845
4.19814455625865,0.6549059901972,27.3275780344408,15639.892
4.19822305862285,0.653009355305217,27.3085617059085,15642.907
4.19868148361406,0.65051942219782,27.3030375711769,15645.892
4.1978707027907,0.645831129811559,27.3033848290093,15648.938
4.19795796882408,0.640680437934187,27.3035763791542,15651.954
4.19815265484666,0.641580398009844,27.2985049239332,15655.001
4.19816235623506,0.643197644874064,27.282694812852,15658.079
4.19832050760367,0.641985582244472,27.2864547098782,15661.126
4.19828614773875,0.641641196010191,27.2842239643178,15664.173
4.19855568906819,0.641341931700016,27.2767949362275,15667.235
4.19749779587683,0.630880550199798,27.2726776508113,15670.298
4.19784845426562,0.629676387272586,27.2615951266564,15673.345
4.19796947990933,0.628668347576349,27.2518968765589,15676.36
4.1979569392592,0.631416683114899,27.2512517277626,15679.329
4.19824996593782,0.632284345234952,27.243228676253,15682.376
4.19859164988625,0.630458692609029,27.238316391123,15685.454
4.19781930238895,0.620145483987081,27.2336809506826,15688.501
4.19797376343678,0.61836586537029,27.2227417615642,15691.517
4.19759430204939,0.622179707508055,27.2148093261419,15694.595
4.19781858697867,0.620042720386735,27.207312346702,15697.673
4.1978073027112,0.621690429206633,27.2045430480597,15700.751
4.19781720568461,0.618641692679161,27.2033903376148,15703.813
4.19806632556814,0.615665896635848,27.1979450667663,15706.876
4.19821038325343,0.619155898605745,27.1747194106181,15709.892
4.19851715513918,0.61804312460571,27.1796169312564,15712.954
4.19841338060498,0.616745785926932,27.1697027150639,15716.017
4.19883003986664,0.618104036886911,27.1700658281903,15719.063
4.1977496286733,0.610909750687707,27.1650559242544,15722.079
4.1982752451244,0.607870565943212,27.168557591076,15725.142
4.19807631898091,0.609153857061312,27.1530509106663,15728.204
4.19823812958686,0.610006603080766,27.1506139801775,15731.251
4.19817453911241,0.607623999810604,27.1399254482029,15734.313
4.19847104018315,0.604843308934986,27.1296086146506,15737.36
4.19864220543709,0.609027807288847,27.1222898334626,15740.407
4.1978194821506,0.598942596576018,27.1287850134588,15743.47
4.19807898218865,0.595135518145855,27.1224295121228,15746.517
4.19800576396857,0.594940908933307,27.1113760794076,15749.579
4.19794795826529,0.596198126432232,27.112106401024,15752.626
4.19810885984938,0.595185711358909,27.099073608572,15755.704
4.19825152762476,0.597385892389985,27.0906956028551,15758.782
4.19845048337789,0.596568639529654,27.0890228325858,15761.829
4.198610509513,0.598157870602131,27.0894713759462,15764.907
4.19780321432456,0.583686256300794,27.0754630989263,15767.954
4.19776342912761,0.582269922849625,27.0693442766245,15770.985
4.19819641042139,0.582778192837569,27.0689221601646,15774.032
4.19818555257178,0.585272488351919,27.0672400849526,15777.095
4.19798117719722,0.583908961543481,27.0554955811753,15780.157
4.19830460123344,0.58381756291003,27.0442701056785,15783.157
4.19844163245888,0.585805834785732,27.0446307465281,15786.142
4.19861018408711,0.582181140976333,27.0411525737834,15789.204
4.19873135867679,0.584494587233981,27.0268329576879,15792.267
4.19891688658899,0.584279112854351,27.0169060015203,15795.313
4.19897374959613,0.584927842371623,27.0165082429787,15798.345
4.19926583779166,0.58297177725729,27.0075676120249,15801.392
4.19901087348024,0.584392205424566,27.0086923163773,15804.454
4.19913148396876,0.581352649932932,26.9983261702167,15807.517
4.19920361067429,0.583302841779637,26.9971803273933,15810.532
4.19946926281795,0.581773402675508,26.9888135579578,15813.579
4.19972207763175,0.580818429098999,26.9908532330521,15816.642
4.19888154786173,0.57150774616526,26.9842260990521,15819.704
4.19809227001831,0.559609300875786,26.9765512796499,15822.735
4.19825081610018,0.559851997815246,26.9757701871143,15825.813
4.19840134139114,0.563559545061843,26.9668335676145,15828.892
4.1983713052425,0.562388291235014,26.9668423081773,15831.923
4.1985020096603,0.562637846448944,26.9602858820214,15834.985
4.1985753863522,0.561404243465253,26.9518349452578,15838.048
4.19782919894869,0.55142941025212,26.9445426101992,15841.063
4.19816308770357,0.551544261010718,26.9321407006955,15844.048
4.19788278563482,0.552542756687715,26.9323150001029,15847.063
4.19810887539287,0.553167915479422,26.9303341769656,15850.079
4.19809586612171,0.551286862600336,26.9228330613141,15853.126
4.19841591135562,0.551900225676701,26.920441079048,15856.188
4.19805273146179,0.550488178509298,26.9107888200868,15859.235
4.19846707517355,0.549617145585583,26.9005461128221,15862.267
4.19814842114882,0.546299877830025,26.8965600601494,15865.313
4.19844605291351,0.549364832935258,26.896395138362,15868.376
4.19878361816358,0.549706750689217,26.8878478623443,15871.423
4.19789439323871,0.538524961385386,26.8760309298405,15874.438
4.19797393456723,0.542130324428554,26.8787175258088,15877.485
4.1982414602492,0.538381436522231,26.8899372996343,15880.548
4.19812166583499,0.539906792150265,26.8838554514496,15883.517
4.19797617763338,0.536498300031555,26.8697459981599,15886.579
4.19840189417628,0.539054992347961,26.8686738191617,15889.579
4.19828789397372,0.539785830036936,26.8600444353992,15892.563
4.19842162457742,0.53733295320956,26.8536727926268,15895.61
4.19852386116387,0.538609892780121,26.8521595320829,15898.626
4.19861563624578,0.538855524136284,26.8435998508634,15901.673
4.19792851414349,0.528953576070904,26.8474696400869,15904.751
4.19820825918913,0.525279322279704,26.8294363528778,15907.798
4.19817588390009,0.527677605570941,26.829959273106,15910.86
4.19824832789863,0.527205160822834,26.8199555074529,15913.907
4.19799324411247,0.527186936789985,26.8305661762774,15916.97
4.19848471122442,0.526786050203077,26.8145613283693,15920.032
4.19833911549436,0.527953104870468,26.8152163244409,15923.032
4.19860597683245,0.529561621795802,26.8130013180216,15926.017
4.1985360696659,0.527532324922237,26.8082664886412,15929.063
4.19851258362694,0.527650883283411,26.8000458576704,15932.079
4.19894642469101,0.526589326365218,26.7910715464813,15935.126
4.19893654257397,0.523576198367986,26.7832751239434,15938.204
4.19905263011859,0.52574355611801,26.7821386924092,15941.188
4.19919692927103,0.525661942118156,26.7692132783425,15944.235
4.19931473342992,0.527426493711193,26.7679311237893,15947.267
4.19901596023522,0.525472923220056,26.7710608475868,15950.313
4.19956966657856,0.52385038139054,26.7700368728226,15953.345
4.19881696358954,0.517208977831669,26.7582042247914,15956.313
4.19789801175631,0.502875038172326,26.7609475847999,15959.36
4.19823296016383,0.504154758221446,26.7513840602369,15962.423
4.19817375344443,0.502301263819229,26.7552538449724,15965.47
4.19821256700313,0.506480258355996,26.7443747027985,15968.532
4.1978304662769,0.504940087066902,26.7391922438625,15971.579
4.19843064972066,0.505159164898879,26.7351144533597,15974.642
4.19826415603139,0.504761155064291,26.7347802526137,15977.704
4.1984010983474,0.50599644864308,26.7299263268934,15980.72
4.19850384492586,0.502472845195969,26.7252138000763,15983.782
4.19854156347555,0.503755652337869,26.7123889927174,15986.86
4.19892572805175,0.502022200798266,26.7103526299902,15989.907
4.19867074514629,0.50405544553259,26.7079715074682,15992.938
4.19913604343408,0.499655674904716,26.7011213511635,15995.985
4.19890112522938,0.50307508814522,26.7042836053131,15999.048
4.19906932726971,0.504618877490615,26.6982487846644,16002.095
4.19910153166181,0.502588874605069,26.6971356544989,16005.11
4.19931742230873,0.502355477185133,26.6882014318738,16008.157
4.1993621273664,0.50261004640525,26.6890149545507,16011.235
4.19937969749215,0.500496176108101,26.6792452549148,16014.282
4.19967156268973,0.498157904465628,26.6714857126741,16017.345
4.19878200526644,0.489205490039373,26.6699259033095,16020.407
4.19812259955098,0.481791350689008,26.6613371561037,16023.423
4.19800761186093,0.484150739226678,26.659313176813,16026.47
4.19798461024519,0.484878522460897,26.6546819881342,16029.517
4.19834645577051,0.479567624944574,26.6488967140552,16032.563
4.19838504617671,0.482475039894446,26.6511080007404,16035.657
4.19840439430496,0.480815342436275,26.6512694865148,16038.704
4.19833403152308,0.483209857633219,26.642459983759,16041.767
4.19829972331302,0.478421998135699,26.6351887153563,16044.813
4.19876499683363,0.478325049935222,26.6309016453531,16047.829
4.19835824598393,0.482126323063081,26.6314089033011,16050.798
4.19872205623457,0.480462718615411,26.6263442901885,16053.845
4.19878027727998,0.480107430544907,26.6237886707977,16056.907
4.19887462319174,0.480689364969292,26.6162568330087,16059.954
4.19893496255506,0.481126542334677,26.6121278975993,16063.017
4.19906852989302,0.482046363421247,26.6075669325151,16066.063
4.19943904461606,0.480481372550282,26.6096010930936,16069.142
4.19931832468719,0.477909455978572,26.6011202820823,16072.188
4.19930400090056,0.479542921580763,26.6037902139617,16075.204
4.19923085778364,0.479828011494624,26.5918484175978,16078.282
4.19959577188965,0.479045872090284,26.5943468504756,16081.345
4.19887602695353,0.46909106835512,26.584951632601,16084.407
4.19861826446366,0.469570745274132,26.5841037287759,16087.423
4.19872888082759,0.466579920968724,26.5785147968572,16090.47
4.19905734250157,0.46619575333308,26.5792687848763,16093.532
4.19909346077794,0.463153365809543,26.5718319505448,16096.595
4.19903084248926,0.469459804001142,26.5701463585683,16099.61
4.19942901232758,0.468842330644039,26.5586183186755,16102.657
4.19946694416245,0.467307208904971,26.5544245776941,16105.72
4.19936008634966,0.465830630276383,26.5488785479505,16108.767
4.19939790566059,0.466075100914676,26.5529849800627,16111.813
4.19961083331502,0.468093383291632,26.5448549567738,16114.876
4.19901695100913,0.455692446936984,26.5390388928226,16117.938
4.19868780918281,0.457104860474251,26.5336934358101,16120.985
4.19886881012854,0.457822282383212,26.533193573811,16124.032
4.19918298306977,0.459695516000179,26.5208409262274,16127.11
4.19903979636295,0.455396289876889,26.5227650857972,16130.173
4.19919826498885,0.455248775637939,26.5128167743417,16133.157
4.19923587419132,0.455744597613429,26.5131905129071,16136.235
4.19947758675494,0.455953190432548,26.5104694936528,16139.329
4.19943912998107,0.456012875290177,26.5068155366077,16142.376
4.19930978275549,0.454014638299055,26.4918097220232,16145.423
4.19975424785173,0.455005935650488,26.4989479221331,16148.47
4.1987759288838,0.448234410743142,26.4936188439834,16151.532
4.19872525362761,0.445937665091885,26.4846884372069,16154.579
4.19883445889457,0.444137601146956,26.4859911127397,16157.642
4.19906655062757,0.442781001710918,26.4764849313909,16160.688
4.19876050625397,0.442626999309241,26.4758300819324,16163.704
4.19929918902577,0.44878240922507,26.4690365871922,16166.751
4.19927028871723,0.444676981683151,26.4683844847923,16169.813
4.19911575034474,0.443269655027883,26.4675070929773,16172.86
4.19928547908813,0.443294490324934,26.4649482375109,16175.923
4.19970888771407,0.444831629199718,26.4610461814071,16178.97
4.19871095391934,0.438263102625542,26.4620329511275,16182.048
4.1976391396714,0.423115361378412,26.4490859574974,16185.126
4.19751343052401,0.425973652477944,26.4389131289998,16188.142
4.19781414301849,0.424363785435594,26.4407604272888,16191.188
4.19783278473231,0.421725151393261,26.4315235670145,16194.251
4.1978939991862,0.424616172727697,26.4389604975317,16197.313
4.1978818113063,0.420968575272853,26.4307440974345,16200.329
4.19805964598821,0.422526524925955,26.4245272114442,16203.376
4.19814990230096,0.423948665151724,26.4219243938678,16206.423
4.19811325503965,0.421456586893645,26.4136589586939,16209.47
4.19826498248632,0.423551877612896,26.4174134369598,16212.517
4.19830378150595,0.424349274614083,26.4114136564645,16215.563
4.19845016346983,0.423426983664807,26.4078574612907,16218.61
4.19837561093883,0.423422451156549,26.4107456690151,16221.595
4.19875349858778,0.423691681876599,26.4023452021868,16224.657
4.19855978679057,0.423799332136993,26.3987982545948,16227.673
4.19862067653953,0.421744685713976,26.3998588480544,16230.72
4.19864732764593,0.423479169659018,26.3912654730863,16233.782
4.1988794042176,0.421573638970695,26.3904996321704,16236.845
4.19883123430322,0.42047385869463,26.3788377867879,16239.86
4.19893747379396,0.419416986810995,26.3790527408704,16242.907
4.19898280827431,0.422834288266027,26.3778670117292,16245.985
4.19911661925633,0.424913933654803,26.3706029276039,16249.032
4.19935015791493,0.420547366942003,26.3679933625482,16252.095
4.19902781448129,0.418622055861577,26.3694817367222,16255.157
4.19928099741694,0.420413576761966,26.358856706453,16258.157
4.19954508895853,0.422090193625063,26.3565930233989,16261.142
4.19974313776058,0.41943812134461,26.3542331746911,16264.188
4.19866130774898,0.41051570879275,26.3462980114516,16267.204
4.19891374000542,0.410793773982219,26.3409504567513,16270.251
4.19895962028041,0.409677710714509,26.3420231179889,16273.313
4.19884445144572,0.409098363300237,26.3285076650705,16276.36
4.19882856578107,0.411679743190494,26.3321321393091,16279.407
4.19924108265829,0.410705280566787,26.3329489591663,16282.392
4.19916263735434,0.410528746353675,26.3282957734097,16285.454
4.19947528027568,0.410395703106916,26.3205760581985,16288.47
4.19927895019533,0.407000342579079,26.3137388296808,16291.517
4.19926338875615,0.410011996197077,26.3097781438495,16294.579
4.19950453372806,0.408780614499476,26.3067208101044,16297.626
4.19951988240151,0.411629322526836,26.3050648393555,16300.673
4.19973791795129,0.409304517118429,26.2990990388665,16303.72
4.19867456827881,0.402226658663419,26.2958174564177,16306.782
4.19903143486432,0.401142787046372,26.2976678438673,16309.829
4.19888410685172,0.397412072922816,26.2882422218131,16312.845
4.1988392342584,0.396496256710907,26.2815352934334,16315.813
4.19920898884816,0.401147504955083,26.2915431280441,16318.876
4.19902874832901,0.39629368263555,26.2910493138734,16321.892
4.1992431271645,0.399493098890932,26.282827919613,16324.876
4.19939958006422,0.399498622598307,26.2769174249144,16327.923
4.19933336611338,0.393523859189217,26.2721880772277,16330.923
4.19942998910985,0.399506860235334,26.2717034760493,16333.892
4.19944276036498,0.3994599804018,26.2632539899529,16336.938
4.19945627428666,0.396964571756191,26.2577210085698,16340.017
4.19970789202978,0.399693837342862,26.2572485021718,16343.063
4.19875183421784,0.388825370620376,26.2624481355956,16346.079
4.19907162457199,0.390775300179891,26.2597192217606,16349.126
4.19888958509432,0.384474212413633,26.249686771173,16352.188
4.19883154606505,0.38754802547686,26.259078317686,16355.235
4.19919509702485,0.387803766352358,26.2441775621535,16358.298
4.19921247813541,0.389408848547732,26.2395594925327,16361.345
4.19897159422127,0.387966500365156,26.2410901779738,16364.36
4.19918063468469,0.387429410865595,26.2391564606408,16367.345
4.1993264887777,0.390451120942,26.2359915960863,16370.392
4.19927906069962,0.388630491143409,26.2296021817452,16373.407
4.19938131483656,0.387003224335253,26.2302853876019,16376.454
4.19948908773916,0.384924241868796,26.2196324399267,16379.517
4.19934579989827,0.387983564295315,26.2152823892817,16382.579
4.19952029200048,0.386967155080503,26.210243678224,16385.595
4.19954204339971,0.384677648974223,26.216281697222,16388.642
4.19980786817577,0.384887250639322,26.2136706906517,16391.704
4.19884431432452,0.377414643472363,26.2064089124169,16394.767
4.19894746096154,0.374127935705843,26.1981860263821,16397.813
4.19909351449019,0.376389626945517,26.1904877418569,16400.86
4.19908456207718,0.376427986900905,26.1887731895801,16403.923
4.19926901862931,0.37978413582285,26.1771410303501,16406.97
4.19923155276536,0.377618273181649,26.1775254811044,16409.97
4.19922563924904,0.374843623598338,26.1718681746707,16412.97
4.19931706143045,0.375768532605847,26.1659029532604,16416.017
4.19940770216766,0.373897040221561,26.1689083727098,16419.032
4.19962248573434,0.376019420553651,26.1603202614203,16422.079
4.19874000713916,0.369026694993106,26.1607369740261,16425.142
4.19865237133305,0.368128979221908,26.1564064495922,16428.204
4.19892152241629,0.363193237096574,26.1580689707185,16431.251
4.19896020249817,0.361497937758294,26.1539332244426,16434.298
4.1989789031299,0.363997931360004,26.1547891761593,16437.345
4.19883447635623,0.366310248371003,26.1448912915161,16440.407
4.1990844719905,0.367348086215554,26.1470394280694,16443.485
4.19888878872375,0.365181722372158,26.1381579548249,16446.532
4.19932591539825,0.362966966973522,26.1334828191686,16449.595
4.19913622944974,0.363573906913164,26.1335513547124,16452.657
4.19916892870868,0.364890852278743,26.1220178080153,16455.673
4.19927498294544,0.364667682929567,26.1211233147869,16458.72
4.19943010173734,0.363189398867973,26.1186235015238,16461.767
4.1994399472325,0.365333886935935,26.1160923830572,16464.813
4.19928345031077,0.365446881738791,26.1141779533484,16467.876
4.19961548771732,0.366523223336017,26.1101668215632,16470.938
4.19887275773423,0.354728144805171,26.1110853936833,16473.938
4.19873698792184,0.354941578926126,26.1003574009266,16476.907
4.19879299726523,0.356134729992873,26.091538512816,16479.954
4.19875573433223,0.352597474445593,26.0937304157485,16483.017
4.19901617939063,0.354099834429709,26.0902079361283,16486.063
4.19895546130934,0.354916781840206,26.0906053234407,16489.11
4.19914223040925,0.354352262438054,26.092181387095,16492.157
4.19908993779592,0.353672356367626,26.0873772460474,16495.204
4.19924094734709,0.353987470603908,26.0936751010714,16498.251
4.19927317893983,0.353841174100373,26.0842539348912,16501.313
4.19952993243126,0.354475440300582,26.0806955299446,16504.376
4.1992832260496,0.353206382534916,26.0830446581516,16507.407
4.19947888327505,0.3533393169838,26.0762159350135,16510.454
4.19939220253439,0.353237890465192,26.071707450282,16513.517
4.19948187512995,0.354589837454665,26.0592800495937,16516.563
4.19958678800701,0.351125560629179,26.0643183001211,16519.626
4.19963308256607,0.350185885801574,26.0584030450409,16522.673
4.19969743882039,0.352813290365378,26.0525548322805,16525.688
4.19971404395686,0.34941242944067,26.0457522778696,16528.735
4.19970554458595,0.351514769296361,26.0501375167524,16531.798
4.19992826178511,0.349505408448203,26.0496312949313,16534.86
4.19993856888298,0.352582332615968,26.0545708286838,16537.876
4.20006416621006,0.35326025825673,26.0452832142393,16540.845
4.2004859080653,0.351175835270934,26.0357180555717,16543.907
4.20014980745083,0.352538719785659,26.0383304997663,16546.923
4.20030113928601,0.35399054927125,26.0362936062838,16549.97
4.20042721603011,0.348860934633586,26.0334942498876,16553.032
4.20026850799727,0.348730903588741,26.0250434066285,16556.079
4.2004273043586,0.351361421510797,26.0285547704154,16559.095
4.20047618891515,0.350484660190121,26.0136886736452,16562.142
4.20049575293797,0.350202816581712,26.0117528021854,16565.188
4.20041332851667,0.352159837324751,26.0116242085296,16568.235
4.20076530415076,0.349945723487776,26.0045582664239,16571.298
4.20003619587225,0.341701861502183,26.0002490409218,16574.345
4.19893784020474,0.330758684245954,26.002405783541,16577.407
4.19899305569841,0.331933961835324,26.002177995274,16580.454
4.19911284861513,0.33278065493718,25.9992719267569,16583.501
4.19888584249783,0.329435903739396,25.9914086651712,16586.548
4.19916238200544,0.330782366378688,25.9908717788179,16589.642
4.19915380284227,0.331286394556065,25.9958884123794,16592.642
4.19935480087986,0.331152714696656,25.9854880152629,16595.72
4.19911677419863,0.329608872870341,25.9732300137885,16598.813
4.19935563875812,0.330453399205795,25.9784941855581,16601.892
4.19957583902664,0.329419550044636,25.9694724177171,16604.876
4.1994123312626,0.329619747501323,25.9707930257036,16607.923
4.19955582079235,0.328156683136042,25.9681747663094,16610.97
4.19942066347168,0.332926652041636,25.962635526896,16614.032
4.19955905918196,0.331954044211206,25.9613727579099,16617.095
4.19972343565715,0.328389958368207,25.9568782294646,16620.126
4.19974422063171,0.3306207413272,25.9567751553886,16623.173
4.19977983662259,0.32918731816061,25.9604538345812,16626.22
4.19990429125399,0.327662020546163,25.9546072008329,16629.282
4.19988935976039,0.33063955565635,25.948242401962,16632.329
4.1997883851001,0.328650456220596,25.9417259302926,16635.345
4.19977717533038,0.327724850092117,25.9501233440357,16638.392
4.20005754200028,0.328564536672977,25.935130857175,16641.454
4.20006100944383,0.329268827018321,25.9361998274213,16644.501
4.20035345322681,0.328694422657504,25.9367694812898,16647.548
4.20043446990319,0.328784482988069,25.9336917766301,16650.595
4.20048165822165,0.329217900497085,25.9339853989212,16653.657
4.20048376343288,0.327523655951004,25.9218637593611,16656.704
4.20041381654896,0.326558344344991,25.9288752355997,16659.72
4.20035385144389,0.325693660841747,25.9335300299625,16662.767
4.20054101112233,0.324271128466537,25.9229987553686,16665.798
4.2006418106517,0.32787640333304,25.9130070644333,16668.845
4.19979064337529,0.319637630768534,25.9098383831664,16671.892
4.1990497403087,0.306341101489111,25.9111544059755,16674.938
4.19898577809407,0.308033288608281,25.9077169862943,16678.032
4.19891910635755,0.30713058159205,25.9031823820506,16681.063
4.19890038202497,0.306139033127664,25.9042745639056,16684.126
4.19912685640313,0.309435307700925,25.904445351681,16687.188
4.19919733694971,0.305666929263223,25.9009003844506,16690.188
4.19918670399654,0.307737846996515,25.8942570378012,16693.235
4.19929607847931,0.308116419090241,25.8968242741977,16696.313
4.19907192319649,0.310331243077032,25.8918521691354,16699.36
4.19932739711851,0.304841670832516,25.8868002432753,16702.376
4.19923433457362,0.306133219954476,25.8896405942905,16705.407
4.19948537835902,0.305997581343371,25.8773315523137,16708.485
4.19907155930738,0.306138247558945,25.8800811637954,16711.517
4.19951112039706,0.30280963174297,25.8732051620172,16714.579
4.19922128488944,0.310326690851419,25.8697874516805,16717.642
4.19953519656399,0.306730347654773,25.8711404135985,16720.642
4.19984935905378,0.305569859335434,25.8632265600604,16723.688
4.19874651274324,0.297384758936873,25.8569434862029,16726.751
4.19875946841251,0.298752265351472,25.8642843800512,16729.798
4.19864060090294,0.297706177439288,25.8653125969486,16732.813
4.19879843008202,0.29871662569669,25.8717682948575,16735.86
4.19881199577601,0.298118847706594,25.8626979786429,16738.923
4.19894195954232,0.2964307598173,25.8492075414671,16742.001
4.1987633410956,0.300121274940535,25.8513122194198,16745.017
4.198834572064,0.297004667687861,25.861342179039,16748.063
4.1991371979802,0.295547928603771,25.8447095730654,16751.095
4.19885356285403,0.294312726415149,25.8482488583273,16754.142
4.19895784088239,0.295913466432236,25.8468513127124,16757.188
4.19921893876703,0.295993371178959,25.8384321766763,16760.235
4.19911308615483,0.294237233796242,25.836323626082,16763.298
4.19902420862519,0.29430032633304,25.8359939757277,16766.345
4.19927463689335,0.295081011240552,25.8297792774541,16769.345
4.19928492125694,0.292559542793824,25.8317405725802,16772.329
4.1992569861495,0.294280704971187,25.8220346202504,16775.36
4.19940382205642,0.295326473988126,25.8235968700295,16778.438
4.19932415984097,0.298290965002801,25.8209560060507,16781.485
4.19952951233961,0.297179228066675,25.8123393005608,16784.485
4.19950411016882,0.296077010955014,25.8114997836665,16787.532
4.19941819727164,0.296690084882266,25.817101004371,16790.595
4.1996099336977,0.296320424018675,25.8149242193053,16793.673
4.19955672516079,0.2969267594475,25.8178712438862,16796.688
4.19953392601081,0.29529021984983,25.8022642773623,16799.735
4.19981374796028,0.29336250768825,25.8067824915721,16802.798
4.19984338977481,0.293512551888989,25.80525140542,16805.845
4.20000979524591,0.295708228244544,25.8039166494055,16808.86
4.19982822998004,0.291830181949363,25.7927081528504,16811.907
4.20004826602976,0.294203014525131,25.7929712764124,16814.97
4.20002768956523,0.292909390180788,25.7901917461542,16818.017
4.19997757300355,0.291323433289086,25.7844160257457,16821.017
4.20037532261541,0.292869730781164,25.7761358054331,16823.985
4.200275024423,0.294340750811868,25.77065934829,16827.032
4.199952928399,0.296314963181814,25.769647064909,16830.095
4.20051087151969,0.293064251572548,25.7577223034791,16833.142
4.20035613385956,0.295890209974087,25.7627936016731,16836.157
4.20059194675568,0.295391157913322,25.7602530608854,16839.188
4.19928739813079,0.283225454595046,25.7588894247208,16842.235
4.19938763412533,0.281934510165083,25.7661346002521,16845.282
4.19949198653406,0.28381977979647,25.7649203192251,16848.329
4.19986140331998,0.283452220187746,25.7553663080716,16851.376
4.1988196281214,0.272694080773178,25.7582547497495,16854.438
4.19883146016142,0.273552313010821,25.7529560176508,16857.517
4.19904962076171,0.275274322151088,25.7427129401749,16860.517
4.19862050530224,0.274446403068498,25.75376833593,16863.563
4.19871703371326,0.274858867914257,25.7420870754115,16866.61
4.19868410301675,0.272883623248882,25.739529810757,16869.657
4.19892977365076,0.269743031634499,25.7402113830545,16872.72
4.1989788657892,0.271868766644048,25.7461471832739,16875.767
4.19856120909,0.275319144666683,25.7368149474764,16878.767
4.19923313260107,0.274320531813684,25.7320325019603,16881.751
4.19909400786879,0.272717158592358,25.7249132909029,16884.798
4.19902600811856,0.273769733917311,25.7316647618939,16887.798
4.19898022177994,0.274073968807408,25.7183192818302,16890.767
4.19909049084033,0.272550952353276,25.7207944297115,16893.813
4.19953826150481,0.272576783020443,25.7189530978797,16896.829
4.19928583866453,0.273498560695649,25.7131990618852,16899.876
4.19907965240574,0.270550312283294,25.7210342776015,16902.938
4.19921783519931,0.270792537615969,25.7014350962914,16906.001
4.19946984501289,0.273308433855404,25.7055716563249,16909.032
4.19938122663543,0.2723493861142,25.7033565961458,16912.095
4.19943812908925,0.269935054167517,25.7115682383159,16915.142
4.19930632639049,0.272241590083722,25.7054774222167,16918.188
4.19958557574355,0.27138664949419,25.7076377097972,16921.251
4.19978130244113,0.272126256242479,25.6984213429684,16924.298
4.19951166817632,0.272031337694572,25.6991794427025,16927.313
4.19967752926615,0.269610766564015,25.6955220179486,16930.36
4.19988989631097,0.272552138697685,25.706240611135,16933.423
4.19980597662061,0.272700204176981,25.6938124773852,16936.47
4.19970166837822,0.27043642320934,25.6857857253745,16939.485
4.20005661963248,0.27040655294396,25.6775873252935,16942.532
4.20003422929796,0.268236674925705,25.6773858204986,16945.579
4.19983804811451,0.265053193916693,25.6772821627033,16948.548
4.20000084688277,0.271154078967229,25.6665636816962,16951.595
4.20018557411013,0.269874909308078,25.6732764805379,16954.595
4.20030469680466,0.269599578741717,25.6759685482599,16957.579
4.20003488253008,0.27160609741144,25.671575685372,16960.626
4.20027944896123,0.268318133085062,25.6699155829888,16963.626
4.20021897859693,0.271107752248081,25.6655126806185,16966.61
4.20021898799085,0.26901672611646,25.6619436716342,16969.657
4.20009984515481,0.270084180036569,25.6682751540309,16972.673
4.20032425351073,0.272619964601688,25.6617323651,16975.735
4.20045535468991,0.270709880721929,25.6648046192385,16978.813
4.20039348705922,0.266922910885883,25.6561739553801,16981.86
4.20059168110393,0.270961009144143,25.6515554498507,16984.86
4.19946395412253,0.257692969840539,25.652418718028,16987.923
4.19961396252429,0.258176730958098,25.6548054721336,16990.985
4.19898552387378,0.251453771342923,25.6549835123902,16994.032
4.19899743476226,0.250037474205695,25.6377295467514,16997.017
4.19870153214532,0.246948620820307,25.6358502222097,17000.001
4.199183982342,0.249468188036595,25.6479231218019,17003.048
4.19898514690777,0.252348262966175,25.641036925617,17006.063
4.198985434898,0.249401463751196,25.6412988558836,17009.032
4.19902824908505,0.24722894332198,25.6420611682306,17012.079
4.19889093357684,0.250013522843122,25.6358226946009,17015.095
4.19923901338337,0.249631830441821,25.6328636406398,17018.142
4.1991439460968,0.252081233631767,25.6317209844928,17021.204
4.19909550692386,0.249829938185552,25.6267792254196,17024.251
4.19910071740308,0.248304424498828,25.6263792135101,17027.298
4.19908081926093,0.24824507731469,25.6243500594971,17030.345
4.19915338196265,0.25041708596945,25.6189910394958,17033.392
4.19945253882631,0.249961443888161,25.6181810109223,17036.438
4.19921886401478,0.250801049174658,25.6234797363432,17039.501
4.19927444230091,0.250682582998747,25.6150238181791,17042.548
4.19927668481752,0.249137529678783,25.615776875451,17045.61
4.19964683716807,0.248925555959176,25.6117782843627,17048.657
4.19936865188787,0.249773755651373,25.6054702753568,17051.673
4.19944133993105,0.245964522855604,25.6063019603149,17054.72
4.19948768347968,0.248976429834254,25.6129740654765,17057.782
4.19939361864483,0.248680675769917,25.6055087432901,17060.829
4.19950850271963,0.246672314508142,25.5981636921494,17063.845
4.19944789594714,0.249406762231321,25.6031394144857,17066.892
4.19951088912182,0.249694951504175,25.5999379480906,17069.954
4.19940245157281,0.247532142705455,25.5926183595662,17073.001
4.19964367115074,0.25057063837428,25.5876325849296,17076.063
4.19968407817168,0.248763076105915,25.589117465812,17079.126
4.19982143235029,0.247469779415415,25.5834306573473,17082.126
4.19947378794865,0.251341619037318,25.5828384829079,17085.173
4.19953503472955,0.248190442703466,25.5840335508392,17088.22
4.19982952987367,0.245778945219983,25.5836839501395,17091.267
4.20015114504112,0.247115544673235,25.5773971772234,17094.329
4.19990414310136,0.249415008390549,25.5657798111538,17097.376
4.19986210165459,0.246455700627039,25.5735925142303,17100.392
4.20017278743175,0.246574449913304,25.5748441091138,17103.438
4.20013686267478,0.248493309279126,25.5712744068718,17106.485
4.20007483761368,0.244369009893166,25.5711672360985,17109.47
4.20042053322175,0.248462309120456,25.569186262696,17112.517
4.2002084768122,0.243444048190187,25.5567229465006,17115.517
4.20022574073727,0.2470621433325,25.5605786144574,17118.563
4.20059049072099,0.24365858473497,25.5534634634782,17121.626
4.19958281312752,0.235190181071756,25.5468466638002,17124.657
4.19952660337588,0.236756381853002,25.5491398360022,17127.735
4.19938270593604,0.238199297396833,25.5450470833646,17130.782
4.19950332560533,0.235873807207988,25.5504666971357,17133.782
4.19922578020878,0.23756707516255,25.5492322076134,17136.86
4.19963109061528,0.234887143166623,25.5405710042763,17139.907
4.1995077193502,0.240494273859227,25.5381539195837,17142.954
4.19967470566186,0.234958416428204,25.5298030237388,17146.017
4.19951362118432,0.235266017840043,25.5393209632852,17149.063
4.19986194072869,0.236749598680352,25.5421198867382,17152.095
4.199697164195,0.236038260427945,25.5343577233446,17155.142
4.19977233384968,0.234515983967863,25.5398047738708,17158.22
4.20015996664699,0.235126893134066,25.5346985919844,17161.267
4.19990169791076,0.23663463642071,25.5260752699459,17164.345
4.19990716897373,0.237000764397004,25.5319189859819,17167.392
4.19997878273797,0.235285538007538,25.530911946462,17170.392
4.1998593769122,0.236359946543524,25.5248924616623,17173.454
4.19975114847162,0.236731368708354,25.518002614161,17176.517
4.20021067749465,0.235970212751775,25.5185450239036,17179.563
4.19994652314387,0.234119626907707,25.5181548691337,17182.563
4.20000469329886,0.232330593562847,25.5178623914017,17185.626
4.20011253837733,0.237652324410262,25.518982713555,17188.673
4.20018554135884,0.235499471947938,25.5216829573125,17191.642
4.20031333515665,0.234451460191768,25.5101200706314,17194.688
4.20030874225764,0.23401570997233,25.5066521751174,17197.704
4.20006866566107,0.235417496776236,25.5061291095615,17200.751
4.20028320541514,0.235680352133925,25.5008895650154,17203.798
4.20048589480361,0.233779251656722,25.5006828126044,17206.86
4.2005868026285,0.236209454931347,25.5036997193915,17209.923
4.19954464168313,0.226626770156345,25.5001329935382,17212.97
4.19952134869441,0.225741071084358,25.4981455266999,17215.985
4.19951009013502,0.2257629761862,25.4958207819765,17219.032
4.19986224070007,0.22446654637363,25.4922408639271,17222.126
4.19971006819614,0.221721512541396,25.4933545783258,17225.173
4.19975642447762,0.22682267909679,25.4887640089105,17228.173
4.1996557332208,0.225684239900705,25.4938980577661,17231.22
4.19977759388504,0.225037479239773,25.4922669673434,17234.298
4.19978991865912,0.222219031270085,25.4917933584161,17237.345
4.19974974952994,0.226423301553028,25.4787056290437,17240.345
4.19999649370307,0.225609328221526,25.475527420282,17243.407
4.19975402649406,0.226737607047781,25.4831375561617,17246.438
4.19984240712581,0.224198316321929,25.4772986976512,17249.485
4.19994909086521,0.225432505999466,25.4743372767594,17252.563
4.19994224387434,0.223787373445087,25.4812442807363,17255.61
4.20003363339845,0.222825486776925,25.4786548403268,17258.673
4.19998256855911,0.225409769739895,25.4696625806974,17261.72
4.20044908550349,0.225560609756499,25.4687904403356,17264.72
4.20006053849648,0.226571727049496,25.4602432420021,17267.688
4.20001730471355,0.223557886913921,25.4702420408365,17270.751
4.20029108367391,0.225310894546673,25.4683036011586,17273.735
4.20023064290586,0.22692780839777,25.4674476003513,17276.72
4.20023874027162,0.224535551531851,25.467378628079,17279.767
4.20024107004994,0.225646698049981,25.4601007019963,17282.782
4.200294576808,0.22340293408842,25.4603985299825,17285.829
4.20042218292992,0.224868151757178,25.4521148318943,17288.876
4.20054866755382,0.225303404318398,25.4513982722285,17291.86
4.20073078793667,0.221111782234196,25.4478960844719,17294.907
4.19963290730192,0.214394464566405,25.4466123287822,17297.923
4.19949152444351,0.214081373344006,25.4448548597906,17300.97
4.19981794692459,0.213139222328422,25.447978061316,17304.017
4.1998002799012,0.213985459585075,25.4357511664516,17307.063
4.19986048661728,0.215007144741816,25.4394660162834,17310.126
4.19976608318922,0.214173220771974,25.4393257914949,17313.173
4.19965530243235,0.215522140120436,25.4404879788077,17316.188
4.19977556215559,0.211805854777974,25.4347572982489,17319.157
4.19979645047308,0.211998339388952,25.4373476278911,17322.204
4.19986321855939,0.211900847623835,25.4370638837432,17325.22
4.19972446145672,0.216825930891076,25.4365147360085,17328.267
4.20005476191286,0.214399877663928,25.4294534094571,17331.329
4.19976285459395,0.21406494467678,25.4165453375349,17334.376
4.20000544521528,0.212868431469818,25.4155496383877,17337.392
4.20002076456667,0.212158062071142,25.4199546271688,17340.438
4.20011793905703,0.212059603073714,25.418296569368,17343.485
4.20016727839215,0.21353586951006,25.4139538056984,17346.532
4.19995165654814,0.213746240313395,25.4202006350622,17349.595
4.20022884510692,0.211116103493251,25.4100333519872,17352.642
4.20020001078756,0.214116485995261,25.4104688315112,17355.704
4.20008866273654,0.213032493783794,25.409427403595,17358.767
4.20020657996742,0.21132190911826,25.4080152916319,17361.782
4.2003067966571,0.213442027088682,25.4014664800524,17364.829
4.19998572911618,0.211705606843318,25.3988417388589,17367.892
4.19995985155381,0.211114846558488,25.4064892930542,17370.938
4.20068558770159,0.210296928650203,25.4039828281544,17373.954
4.1994946115311,0.203275514388359,25.406746993262,17377.001
4.19952854475727,0.202155516054808,25.4053549241793,17380.063
4.19935554903732,0.203745813019213,25.3981886699488,17383.126
4.19966366118235,0.205911982524515,25.3924525967526,17386.188
4.19951645318132,0.20384837112888,25.3996437378399,17389.235
4.19938643206551,0.201455662791933,25.3964035033333,17392.282
4.19969671701751,0.202055245124771,25.38769753643,17395.329
4.1994185566642,0.202951051469223,25.3898369731705,17398.376
4.19965675028319,0.201977799910818,25.3801344196618,17401.423
4.19956937954229,0.202360757703725,25.383013320216,17404.485
4.19961116090595,0.202564284389733,25.3800411963252,17407.532
4.19983032871383,0.203277571777707,25.383440772743,17410.595
4.19977335646605,0.203183319498644,25.3755285616972,17413.642
4.19971123785739,0.200555701772955,25.3738562556809,17416.688
4.19984083827971,0.203696165438318,25.3766471549965,17419.673
4.20002668821594,0.199792225893041,25.3754038268761,17422.72
4.19978813102173,0.200772935355489,25.3639007152249,17425.735
4.19989947151935,0.203591983760772,25.36876408425,17428.782
4.19992548505442,0.199837852605694,25.3658430532325,17431.829
4.19975208890532,0.201158260331496,25.3635318642297,17434.876
4.19988203882891,0.19958512511542,25.3643952474185,17437.923
4.19995098675001,0.201319215526426,25.3648586842941,17440.985
4.20011227162775,0.203383303856473,25.3626142615801,17444.032
4.20000965265523,0.201548194788756,25.3607557312232,17447.11
4.20023894800353,0.200213040115458,25.3570200194996,17450.157
4.19996059136166,0.202445437720351,25.3483392757153,17453.204
4.20005405215807,0.198804408827334,25.3531056108376,17456.251
4.2002369455182,0.200434661877997,25.3543382735288,17459.298
4.20005822893717,0.20220554960859,25.345869287017,17462.36
4.20014006365649,0.202450648313422,25.3456897771125,17465.407
4.20010247961023,0.20130997276862,25.341345240387,17468.47
4.20057721955234,0.198550578655767,25.3424353149423,17471.517
4.19951056119351,0.192656845209496,25.3397431386567,17474.548
4.19932956060397,0.195218661933763,25.3410290191305,17477.563
4.19962323182325,0.191602687752299,25.3422869310236,17480.548
4.19952613686902,0.19119401919363,25.3385102523934,17483.517
4.19946341835888,0.191595961050347,25.330987688561,17486.563
4.19946544458079,0.193082883467466,25.3299539012573,17489.626
4.19955064876944,0.191911119536343,25.3283578847613,17492.673
4.19951392136228,0.191967171876006,25.3188333941165,17495.72
4.19952644121425,0.190673894445702,25.3217915878154,17498.767
4.19970414387566,0.190685615153374,25.3303378110795,17501.829
4.19951980964719,0.1893005056581,25.3328543958094,17504.876
4.1996159022153,0.188828454051642,25.3322760978984,17507.892
4.19965001480795,0.190605046997423,25.3336131287536,17510.938
4.19968509251093,0.191297656499047,25.3172009089921,17514.001
4.19973610433212,0.191583634239223,25.3233018577652,17517.048
4.19980067860623,0.189854249526032,25.3277176467634,17520.063
4.19956641344031,0.1889113866281,25.3211910032871,17523.11
4.19960808125315,0.189787305142417,25.3204767977345,17526.173
4.1999550509315,0.190727869753072,25.3122976959696,17529.22
4.19961976993333,0.189248923609517,25.3119008473181,17532.251
4.19984216671017,0.188642988884473,25.3043472229495,17535.298
4.1998140500237,0.189775703833928,25.2993683817822,17538.376
4.19968835224448,0.1897155742179,25.2986379585319,17541.423
4.19973322445773,0.192173875430247,25.2992617971968,17544.423
4.19994521870473,0.191427654494835,25.2866202872619,17547.47
4.19967002103904,0.190578599192773,25.2938080793084,17550.548
4.19983740266012,0.191071713998916,25.2848549669298,17553.595
4.20002303698115,0.188180081174075,25.299279477645,17556.595
4.20016093072046,0.190234144474909,25.3008649599515,17559.673
4.19992428923372,0.191065957919753,25.3019793599913,17562.735
4.2001446353263,0.190612943612611,25.2900223323887,17565.782
4.20006764641195,0.190614235666187,25.2843022880889,17568.798
4.20011915137724,0.189368423138998,25.283140280917,17571.845
4.20001956536721,0.191219449568498,25.2831303966074,17574.907
4.20023761548252,0.192660544797878,25.2912900845923,17577.954
4.20025984273258,0.18584832051912,25.2803429249956,17580.954
4.20028369164458,0.189121304716159,25.2782714539418,17584.001
4.2002378680602,0.188003913402477,25.2805424577403,17587.063
4.20054054382979,0.190122455143085,25.2806193899519,17590.11
4.20041827274874,0.190433561526835,25.2774825564334,17593.173
4.2002956515932,0.189998747262154,25.2784512693743,17596.22
4.20055958153559,0.188500085081464,25.2807761530107,17599.235
4.19946938923585,0.179330064190148,25.2768138642148,17602.282
4.19994189838026,0.178207937743975,25.2740776751708,17605.345
4.19974275518314,0.178671628829603,25.2732173173509,17608.392
4.19932888892698,0.1811247698987,25.2695209597907,17611.407
4.19963498448121,0.181142457958901,25.2715224443662,17614.454
4.19976246776019,0.178734534252857,25.2711630272863,17617.517
4.19979987515445,0.179286050676383,25.2674055462259,17620.563
4.19988036151941,0.18069104612139,25.2655254848524,17623.595
4.19965368472002,0.180346433444802,25.2658702931241,17626.642
4.19968777713931,0.176410436587903,25.2658425804403,17629.704
4.19974826810778,0.181074366309651,25.2548259312734,17632.751
4.19988867338783,0.18193476178803,25.2605068776574,17635.767
4.2000754572835,0.179897427122212,25.2582086765707,17638.813
4.19970991895052,0.1791669034695,25.2525920511895,17641.876
4.19989875136659,0.178250609236936,25.2409422362175,17644.923
4.19975324621418,0.179341007841957,25.2435358994601,17647.938
4.1999990081617,0.179011415804458,25.2425391453475,17650.985
4.19982429696802,0.182525100061601,25.2428807785412,17654.032
4.19988067795123,0.181600134215849,25.2403380822545,17657.017
4.20001707962195,0.179476945783521,25.2427668280434,17660.095
4.1999368968124,0.180454259744505,25.2442223773148,17663.095
4.19990011222218,0.18032120227159,25.2476410448779,17666.157
4.20007000432966,0.182241847829137,25.249980347762,17669.22
4.20016020232005,0.178706179348289,25.2427739107738,17672.267
4.19998548177311,0.180125842028824,25.2408685958829,17675.267
4.1999887673331,0.178700099749687,25.2339901814589,17678.313
4.20009797709922,0.1767018209186,25.2345226952849,17681.36
4.20041312867823,0.179270751012125,25.2253518553294,17684.407
4.20023539087217,0.18224242997078,25.2236158733703,17687.47
4.2003643131868,0.178410346689883,25.2280935771554,17690.517
4.20018658130624,0.177030344017377,25.2307895853165,17693.579
4.20028673557976,0.178635938248786,25.2325550632445,17696.626
4.20031493129438,0.181623577643924,25.227201745486,17699.626
4.20036430042775,0.178902401373989,25.2248559366754,17702.688
4.20038931089821,0.176857430136383,25.2198098138148,17705.751
4.20040464279047,0.176964204853756,25.2251198719122,17708.798
4.20028076422436,0.177280102773117,25.2201875148557,17711.798
4.20053663597023,0.178467556426737,25.213466849392,17714.845
4.20055773841521,0.174432290958881,25.210881947713,17717.892
4.2005950938458,0.176447957015387,25.2088401929185,17720.938
4.2005454500496,0.178712867519153,25.2127539937919,17724.017
4.20073272641307,0.179392685835972,25.2191022448379,17727.063
4.20061973150164,0.179062003366372,25.2114525195937,17730.126
4.20083669583852,0.179548936525075,25.2106239198035,17733.173
4.20033105133106,0.178298659358466,25.2068199288351,17736.188
4.20088855361264,0.173474598997097,25.2110986086085,17739.235
4.20064183805654,0.17991856258228,25.2130335113107,17742.282
4.20072896661357,0.178313383967276,25.2073463951846,17745.313
4.20080836573946,0.178136819231064,25.2048641816425,17748.36
4.20093910305835,0.176712994195111,25.19388528213,17751.407
4.20080022371249,0.175659027167169,25.2035598526202,17754.47
4.2009671729516,0.176192743903678,25.1931156822832,17757.517
4.20117481813463,0.176836906683515,25.1946798034168,17760.563
4.20095536109125,0.176113891888492,25.2019789078433,17763.595
4.20091524364383,0.179362648348076,25.1976230494259,17766.642
4.20128303997812,0.175738821405291,25.1929375395354,17769.688
4.20126032441545,0.176326017233327,25.1957192243406,17772.72
4.2010806715584,0.175431599504944,25.1978340631373,17775.767
4.20112825210777,0.177869185667935,25.188070251682,17778.829
4.20117812173842,0.17622228920387,25.1892716121339,17781.892
4.20132696461121,0.175543784309162,25.1814038117841,17784.892
4.20120230353251,0.174865173246572,25.1822716583676,17787.97
4.20117937217402,0.177495332364431,25.1808949145041,17791.032
4.20150811676726,0.174645222019754,25.1782430310272,17794.079
4.2013559985274,0.17414314574623,25.173634429972,17797.079
4.20140309829147,0.176437097450877,25.1690175765505,17800.126
4.20147778629365,0.173496558563491,25.1685797055089,17803.188
4.20141706908712,0.17637105166108,25.1671999877023,17806.235
4.20162885542599,0.177517076382187,25.1723891773433,17809.251
4.20068574847684,0.165034663740974,25.163664426831,17812.298
4.19974230725612,0.157091063945135,25.1710475091719,17815.36
4.19965938288017,0.155689822959737,25.1641755487812,17818.407
4.19969403730373,0.156197134704885,25.1689775386839,17821.454
4.19990165158828,0.154558702356006,25.1697668955258,17824.517
4.19969829751924,0.156497883787843,25.1718954397802,17827.517
4.1997429183792,0.156145152681235,25.164236109896,17830.563
4.19959833295529,0.157731944020858,25.1598836678078,17833.626
4.19980100911981,0.155613723189327,25.1588853371707,17836.673
4.19961332546904,0.157141510823698,25.1554446959169,17839.673
4.19975733777605,0.161029319136115,25.1414699967241,17842.72
4.19985612590406,0.15661205251384,25.1634642072573,17845.782
4.19963810762659,0.158080072893626,25.1458537648197,17848.829
4.19988044366962,0.155934806117039,25.1504150311016,17851.876
4.19976172079122,0.156276550530285,25.1395381485486,17854.907
4.19999034905339,0.155416704123096,25.1451039290605,17857.97
4.19975296242364,0.156042981466871,25.1506616151402,17861.032
4.20003109195311,0.155432727058129,25.1426687381715,17864.032
4.19934167350481,0.155717575048317,25.1466066952254,17867.095
4.20004680106023,0.157410898950393,25.1441402299481,17870.173
4.19998371507424,0.156007442977566,25.1321520870078,17873.22
4.19969496664357,0.157283713588795,25.1412867717028,17876.22
4.19993019150534,0.158769110134251,25.134600501407,17879.267
4.19991045849798,0.153198190601304,25.1378974312961,17882.313
4.19987767128442,0.157395145578899,25.1433882061851,17885.36
4.20010337055949,0.160181715474833,25.1460616389429,17888.423
4.19966479723423,0.154296581769211,25.1375973940998,17891.47
4.19986558026109,0.154770253892857,25.1352689887984,17894.485
4.19994759843316,0.156316413615293,25.1417777421455,17897.532
4.19975485927034,0.15441352035198,25.1361722854954,17900.579
4.20022885132423,0.157763972217727,25.1455304834261,17903.563
4.19989868099542,0.157345751301406,25.140692150302,17906.61
4.20009973215156,0.154146282735607,25.1342740278349,17909.61
4.20016968408907,0.154186910309018,25.1313854559779,17912.657
4.20012085944271,0.1552758761076,25.1242216076425,17915.72
4.20024861780223,0.156360540746066,25.1228736732127,17918.767
4.20013382305564,0.157074499730511,25.1207941469591,17921.782
4.20016018297052,0.156016214387013,25.1238696891401,17924.829
4.2003079938325,0.156656290556095,25.1203691424698,17927.892
4.20004577918825,0.154055129391547,25.1198326974574,17930.97
4.2002480635943,0.154722253583019,25.1199565284278,17933.985
4.20033057086414,0.154516277422055,25.1151778289719,17937.032
4.20009868707425,0.156094307110271,25.1190763817817,17940.063
4.20038818470336,0.153379061858274,25.1113596799366,17943.126
4.20024729145065,0.154579089527423,25.0956356949234,17946.188
4.20017125499646,0.155607003602411,25.1072790534813,17949.235
4.20046052832513,0.155678431399928,25.1109804637545,17952.251
4.20038898116353,0.154668070501364,25.1116988455395,17955.298
4.20036165044077,0.156883214260828,25.110127859756,17958.36
4.20048532026131,0.154155349482873,25.1044197447777,17961.407
4.20037742200894,0.153476583878949,25.1062606538304,17964.454
4.20047057118104,0.155132544845581,25.0973182096109,17967.501
4.20038639132124,0.152052251390506,25.1005125901693,17970.563
4.20080364944975,0.153075237391301,25.1028765319941,17973.61
4.19978303321766,0.145073902332068,25.0939458202345,17976.626
4.19966392939273,0.143473959309028,25.0920101262852,17979.673
4.19952927360122,0.14438444339563,25.0936259760813,17982.704
4.19959520407711,0.146895991494439,25.0959108260082,17985.751
4.19949304899242,0.145324814164303,25.0906358633878,17988.813
4.19973378890568,0.143178987996367,25.1000008301567,17991.876
4.19961879694763,0.143845878305264,25.0942488026808,17994.907
4.19964095309967,0.147185825611683,25.0955571845231,17997.954
4.19951958623574,0.147275373136713,25.0919680565443,18001.017
4.19981541856137,0.148143993525877,25.0926880132766,18004.063
4.19964206654856,0.141217821693653,25.0901644676297,18007.079
4.19952960876989,0.142876575665532,25.0850378186623,18010.126
4.19974034456064,0.144907320544326,25.0835459407871,18013.188
4.20005877564277,0.142229598154344,25.0851976800091,18016.235
4.19993317312939,0.146156496119314,25.0908549637394,18019.251
4.1999163997134,0.143244284116948,25.0873974131677,18022.282
4.19990870079326,0.143711423474785,25.085090749127,18025.36
4.19986334337764,0.146241667095812,25.0817246413329,18028.407
4.20004389471906,0.145843150257329,25.0840252053633,18031.454
4.19953765821584,0.146259908206071,25.0787584210529,18034.517
4.19998186506937,0.144567736675987,25.0690499044738,18037.548
4.19985367818272,0.145274347075619,25.0824265162869,18040.595
4.19981636455318,0.143011957108391,25.0702537057201,18043.657
4.19974573930371,0.145766376960207,25.0672400047206,18046.704
4.20002009730002,0.144575114148397,25.0667917321623,18049.704
4.19967005358423,0.146434130267601,25.0681082728886,18052.751
4.2000109064677,0.141328863148654,25.0679382903556,18055.813
4.19980334688571,0.140286421633235,25.0689563719181,18058.86
4.20005243467205,0.144287102991438,25.0588884815581,18061.876
4.20018763179042,0.143412617641614,25.0580814946515,18064.907
4.20013175044466,0.146741089487506,25.0642715073757,18067.97
4.20007285534069,0.14305499956379,25.0597567462491,18071.017
4.20006724674505,0.144260479291365,25.0594683346179,18074.079
4.20023067167446,0.142583512944104,25.0545706436423,18077.126
4.20026530978235,0.144820529977376,25.0639378468938,18080.142
4.20024375452114,0.143352414252875,25.0657119213465,18083.188
4.2001991331342,0.142605561613644,25.0585839846342,18086.251
4.20062923967169,0.142579331034745,25.0614356465118,18089.298
4.19939010499101,0.133931299112333,25.0613525253372,18092.313
4.19937803940019,0.131801944793558,25.0622169535694,18095.36
4.19964182649956,0.134015902499984,25.0595074880669,18098.392
4.1995377263006,0.134069124258504,25.0545285076804,18101.47
4.19920245961927,0.132120677318952,25.0512743082707,18104.517
4.19954235933528,0.133796695995504,25.0520932236501,18107.563
4.19924059844164,0.133312261379274,25.0537407863091,18110.626
4.19939847653796,0.132594875943727,25.0454368942109,18113.673
4.19954614074271,0.134798704938156,25.046879389162,18116.673
4.19941506539437,0.134233833648529,25.0497704829989,18119.72
4.19925002260495,0.132430875951192,25.0494980650736,18122.782
4.19946146938324,0.133526203183259,25.0542299596481,18125.829
4.19944996665968,0.13390309773771,25.0544686376403,18128.845
4.19968787781617,0.134020239288874,25.0573439005698,18131.892
4.1994750287383,0.135396249537455,25.0536911690555,18134.938
4.19940075368095,0.13076789832431,25.054511908376,18137.923
4.19928663230559,0.131626718970272,25.0421570505154,18140.97
4.19955778829253,0.135580715017239,25.0456968896861,18143.985
4.19937047848178,0.13240462847666,25.035549569575,18147.032
4.19933445089353,0.136036299888149,25.0331875196346,18150.095
4.19978341722085,0.135864199726024,25.0429754673691,18153.142
4.1992285709068,0.133677520153712,25.0334041969129,18156.157
4.19958382604487,0.134131939511406,25.0367846524646,18159.204
4.19964135564091,0.131142092958314,25.0305209628308,18162.267
4.1996012413815,0.134810530941921,25.0303157186909,18165.345
4.19949020758011,0.135387990547908,25.0372363359784,18168.36
4.19977060842974,0.135708710156498,25.0263172826232,18171.392
4.19945943161964,0.131844594603987,25.0358234081519,18174.454
4.19975277783033,0.132824587122417,25.0319021672099,18177.501
4.19953929326335,0.132027710484536,25.0217508877639,18180.517
4.19960648673626,0.132897670164292,25.0289243335783,18183.563
4.19978995429712,0.132866543959843,25.0251468832303,18186.626
4.19955453201279,0.132282249717525,25.0207836413046,18189.673
4.19970094982617,0.135807670201506,25.0271735193892,18192.688
4.19960454947055,0.131899735559306,25.0273609700042,18195.735
4.19987873789413,0.134812545593339,25.0256912900374,18198.782
4.19995359771915,0.134866192825736,25.0277652916898,18201.767
4.19981249271251,0.134142062133958,25.0173214346488,18204.813
4.19988518688712,0.136406835620529,25.0226003384864,18207.86
4.20005675921196,0.135081814067766,25.0136565657792,18210.907
4.1997156773425,0.131430983218349,25.0204216098146,18213.954
4.19997418466831,0.130546971704889,25.0131117747003,18217.001
4.2002442576851,0.133054286287482,25.0125573159043,18220.032
4.1997223994959,0.136915584964479,25.0124072853973,18223.017
4.19970954767619,0.130168482073856,25.0108680541547,18226.063
4.20001546463388,0.136002645322835,25.0119809836727,18229.079
4.20000971788552,0.131543168235293,25.0037316813117,18232.126
4.19986278324423,0.133482047291026,25.0083040726497,18235.188
4.19977275774121,0.131409314787001,25.0018230110922,18238.235
4.19989059526104,0.133465956954507,24.9969639113755,18241.282
4.20000454750453,0.131061980763775,25.0022530210462,18244.267
4.20034141131554,0.132856054712197,25.0032161295143,18247.313
4.19979658874153,0.133433211729246,25.0038040554524,18250.329
4.2003620669143,0.131168101479728,25.0013155975365,18253.392
4.20014549915008,0.133371743226042,25.0020813202609,18256.438
4.20043934479688,0.126514576650148,25.0019075962286,18259.485
4.20013117604126,0.127874857255049,24.9993633793265,18262.548
4.20013010533696,0.13625508150785,25.0037032626096,18265.61
4.2004242536354,0.132078197155766,24.998029169328,18268.626
4.20018254710113,0.132545949188967,25.0022445641513,18271.704
4.20031693048767,0.133235522642178,24.9983901640803,18274.751
4.20042807584834,0.131336124984331,24.9851059630809,18277.798
4.20007017021316,0.135556721636119,24.9917017835961,18280.876
4.20021008959416,0.130462073254824,24.9917668392085,18283.923
4.20027103440856,0.131842521929786,24.9883760714801,18286.938
4.20011979221534,0.130088553958649,24.98712080654,18290.001
4.20010536601568,0.134086197640403,24.9895168327884,18293.063
4.2002822442424,0.126950083296538,24.9918003266423,18296.11
4.20028192843684,0.131491368557057,24.9970597190057,18299.126
4.20052655273084,0.130982141484105,24.9941588846249,18302.188
4.20051963191395,0.129204122859761,24.9823188813904,18305.251
4.2002305877141,0.13223184621085,24.9827886104544,18308.235
4.20059871349304,0.133825448985304,24.982873546756,18311.282
4.19982594043154,0.124856580248877,24.9772408098988,18314.298
4.19952292912898,0.122220845223491,24.9832167618982,18317.36
4.19983226021342,0.118773414037955,24.9877995846505,18320.423
4.1994444230631,0.123295272052501,24.9846162456398,18323.47
4.1995640167024,0.121132080576039,24.9819220810062,18326.485
4.20005195634081,0.123023631499866,24.9820780653346,18329.548
4.19987490895628,0.122806049065042,24.9774912656728,18332.61
4.19965872449697,0.120814394490791,24.9795594983173,18335.657
4.19978365175205,0.122369262312014,24.9787760175605,18338.704
4.19956281289991,0.122050855430552,24.9750577722667,18341.751
4.19989291886159,0.123871330651819,24.9783754542731,18344.813
4.19949892164074,0.122071133937887,24.983145625597,18347.876
4.19961732663377,0.123026740108015,24.9789061300902,18350.892
4.1997448155242,0.120189521166399,24.9815053963097,18353.938
4.19968279569865,0.121713638527731,24.9736721739162,18357.001
4.20001214904229,0.120303731912539,24.9605924353489,18360.063
4.19978649400145,0.121951417229988,24.9694898730082,18363.079
4.19971257428918,0.124752572772534,24.9676444821729,18366.142
4.19988115404023,0.124676295605387,24.9688186924152,18369.188
4.19976580518633,0.119547708096511,24.9664226344873,18372.173
4.19977069421756,0.123269836909334,24.968733734202,18375.235
4.19987334829712,0.122670792475035,24.965629154666,18378.251
4.19975180459331,0.121455242960267,24.9624000526251,18381.298
4.19982799800637,0.12432825676461,24.9700323950287,18384.36
4.20011792255879,0.120736402200004,24.9547598684923,18387.423
4.19983899536365,0.119774383079202,24.9697205689806,18390.438
4.19994732737598,0.120965624641824,24.9707272558799,18393.485
4.19998851758134,0.120428011392209,24.9665546454465,18396.548
4.19991970355833,0.120839465765722,24.9666771586519,18399.61
4.19992253548526,0.120968651014299,24.9558967880448,18402.642
4.20002059321422,0.121804797089411,24.9568973004309,18405.688
4.19983815900481,0.126889557097864,24.9558236126735,18408.735
4.20010127575035,0.121401740191967,24.9606374934119,18411.798
4.19998673536272,0.121633797067855,24.9543156460151,18414.845
4.19995820910636,0.121360391860546,24.9593270146952,18417.907
4.19993647340272,0.127494656464324,24.9543215436571,18420.923
4.2000436279744,0.121080190078479,24.9519588830664,18423.97
4.19977756126942,0.120391919045302,24.9576374927756,18427.017
4.20021544446385,0.119511254200392,24.9568714727406,18430.063
4.20007868968309,0.12257072563944,24.9570552660191,18433.142
4.19999699665639,0.122016871457692,24.9539604284234,18436.188
4.20036617080052,0.118883518270208,24.9460139498899,18439.204
4.20012598380523,0.12146479818263,24.9436791524648,18442.204
4.19998908803813,0.121686573006533,24.949811604878,18445.251
4.2002898836883,0.120320820572789,24.9436160062344,18448.267
4.20025003272218,0.120093927615083,24.9469851206835,18451.313
4.20003481773268,0.122100044903662,24.9448890109917,18454.36
4.20014459070458,0.121717524632879,24.9394769974327,18457.407
4.20003643866584,0.119774769761661,24.9456015704281,18460.47
4.20017482959965,0.123185627415511,24.9332574917493,18463.532
4.20060452133494,0.120089549641253,24.9307092220295,18466.563
4.20050175507457,0.118509556624745,24.9232185114791,18469.61
4.20048251229661,0.121906010220128,24.9293156621483,18472.673
4.20058582699236,0.120193466799723,24.9348542694386,18475.72
4.20066930591119,0.117439507911698,24.9287531656117,18478.735
4.20035790091748,0.118383303293797,24.9281668829284,18481.782
4.20018308455726,0.120526119708512,24.9286328705344,18484.829
4.20040266979252,0.122723282361818,24.9330442008403,18487.876
4.20053324853198,0.121186205792445,24.9280426128278,18490.938
4.20058275793327,0.118713904869809,24.9286901222294,18493.985
4.20048057858411,0.120155716157158,24.9310684150031,18497.032
4.20022832379073,0.12144449326999,24.9330089391784,18500.079
4.20061780465727,0.119968899408496,24.9292131280308,18503.126
4.20087131221351,0.121081524454929,24.9272096845473,18506.173
4.20063406021208,0.118145242190445,24.9217580511618,18509.235
4.20074779125899,0.119737518894029,24.9228002843701,18512.298
4.20055568502333,0.115817008968573,24.9225535199011,18515.313
4.2004611108659,0.122374504377661,24.9122045226308,18518.36
4.20070846905771,0.121883562690715,24.914259323931,18521.423
4.2006052284402,0.117449228084958,24.9133039145196,18524.47
4.20050180411244,0.119344041465161,24.9152285267538,18527.485
4.20061856833794,0.118910138857339,24.9175596893556,18530.548
4.20072596552947,0.11796411850707,24.9129881521612,18533.61
4.20078660392185,0.117678855924345,24.9154455639636,18536.673
4.20072502717514,0.119482689600334,24.9144628204509,18539.673
4.20086829694598,0.117842216073075,24.9150314020323,18542.735
4.20084135456389,0.117558090647695,24.9115889836507,18545.798
4.20063721983964,0.118306711274043,24.9123212379236,18548.845
4.20091778636391,0.116846626492554,24.9183692181419,18551.86
4.20092414980865,0.120136252048211,24.9130633486731,18554.907
4.20119802108066,0.118997203997844,24.9092478008031,18557.97
4.20092895996062,0.117879595882739,24.9037703181483,18561.048
4.20095130273394,0.116777451004906,24.9098421798542,18564.063
4.20089425778395,0.116560467792998,24.9145418967099,18567.11
4.2007886327372,0.120087835766211,24.9105430038434,18570.157
4.20099306645263,0.117982897176463,24.9101126206708,18573.22
4.20108603553175,0.117779672034858,24.9119562840593,18576.235
4.20108281741278,0.118522599815075,24.9110563295097,18579.282
4.20116226904675,0.120935077995929,24.9057089777019,18582.345
4.20107633002949,0.120922301527927,24.9092480172185,18585.392
4.2012513444207,0.116299447822796,24.9031979746815,18588.407
4.20136455165089,0.118199316826727,24.9031486935721,18591.454
4.20111566603656,0.118187584669922,24.9000694968778,18594.501
4.20113700598291,0.118579256976498,24.8953160890753,18597.501
4.20105411223825,0.117455457439878,24.8949174530506,18600.548
4.20102037872063,0.119546990822411,24.896348442268,18603.563
4.20125624615165,0.119425045269992,24.8944693842721,18606.642
4.20136684686674,0.118784200514353,24.9022269576697,18609.688
4.20126090710013,0.120185325373446,24.896247975516,18612.751
4.20156012284962,0.115145413950319,24.8951997966287,18615.813
4.20064767458511,0.104980398670042,24.8915718411658,18618.86
4.19962026320785,0.0957385930357807,24.8825921284971,18621.876
4.1996706206844,0.0974699000811788,24.8840391804747,18624.938
4.19931151177091,0.0993087086966604,24.8883442833245,18627.97
4.1994143644393,0.0960920165641463,24.8981018998221,18630.954
4.19946593884272,0.0999874126118265,24.8897264621644,18633.985
4.19951813587556,0.0973716300104796,24.8933011322613,18637.017
4.19829699557127,0.090650950520819,24.8848347917896,18640.001
4.19865669826846,0.088395964416245,24.8900107212966,18643.048
4.19818584937916,0.0888423726879864,24.8820596278814,18646.079
4.19825272545098,0.0904585118728759,24.8841441944808,18649.126
4.19839860568408,0.0860297074428506,24.8771699210216,18652.157
4.19839932235456,0.0889198922225706,24.8753853575236,18655.142
4.19807251287537,0.0903769451188915,24.8859860358158,18658.188
4.197531401291,0.0763416003115114,24.8785340923479,18661.188
4.19730042104437,0.0825456311282537,24.8865505118968,18664.173
4.19729253829016,0.0790218894396621,24.8771442014243,18667.22
4.19706121914519,0.0800627626494011,24.884011950235,18670.22
4.19722030407661,0.0779312968688547,24.8804747014292,18673.204
4.19703508236345,0.0820542150445637,24.8832010110859,18676.267
4.19730799851809,0.079425320558496,24.8810236435466,18679.298
4.19701417569696,0.0805489001849948,24.8719746228967,18682.36
4.19746015926716,0.0809346716353905,24.8739053730126,18685.407
4.19692500220131,0.0793924192299963,24.87023740203,18688.47
4.19733784596526,0.0803243478365812,24.8720754436618,18691.501
4.19714391875489,0.0817513016760917,24.8751016830823,18694.485
4.19723735557695,0.0800007571254908,24.8650438047931,18697.532
4.19705235068495,0.0822236431741568,24.8651109699219,18700.532
4.19703419234244,0.0804328709893862,24.8614158450739,18703.517
4.19701643300762,0.0822460432570089,24.8575448171351,18706.563
4.19700120534917,0.0817071174366827,24.866556455528,18709.61
4.19707945900035,0.0822363055635699,24.8745790400668,18712.657
4.1969677860854,0.0821159887389397,24.8675453644455,18715.688
4.19716094836295,0.08118914038876,24.8701314771167,18718.673
4.19695264976857,0.081765955868022,24.8740163367253,18721.72
4.19702645809577,0.0808923724650952,24.8663311575324,18724.735
4.19678292847184,0.0790934297874942,24.8656168616581,18727.798
4.19708234804098,0.0794839045559651,24.8620814590493,18730.813
4.19685286866553,0.0819472163417237,24.8634257722418,18733.798
4.19687597738196,0.0819723795323821,24.8677924840139,18736.845
4.19685594766846,0.0799787782744701,24.8619829794777,18739.876
4.19637591709014,0.0733130122812275,24.8608318614517,18742.876
4.19682157055051,0.0792982883132373,24.8542762079365,18745.907
4.19682679668711,0.0820718244870538,24.8614680062593,18748.923
4.19710058393688,0.081147905685902,24.8634045301636,18751.907
4.19682930626485,0.0807767350052204,24.859639807472,18754.954
4.19603817812342,0.0754728969730153,24.8644449226294,18757.97
4.1949425647535,0.0631884344221396,24.8628639187328,18761.032
4.19597163586305,0.0728601635063939,24.8514198268682,18764.063
4.196504360887,0.0814933787529089,24.8527603274847,18767.048
4.19665745120313,0.080932115413325,24.8588170432245,18770.079
4.19699654775892,0.0814343513339487,24.8554710078522,18773.126
4.1970067239708,0.0774327134810164,24.8537535716789,18776.11
4.19639865291921,0.0795233554890254,24.8537693514572,18779.157
4.19687895850261,0.0808737665221485,24.8546913423729,18782.173
4.19703248580519,0.0813872306357505,24.8519828394368,18785.22
4.19702454989251,0.0786114588501708,24.8565078998229,18788.251
4.19676137795834,0.0837288070815247,24.8481021105209,18791.235
4.19676220960996,0.0800642012658075,24.855635275052,18794.282
4.19664261082829,0.0807336329725128,24.847438807265,18797.298
4.19670513432557,0.0820762164471686,24.8459249344474,18800.282
4.19695399649938,0.0824363902250332,24.8495868210166,18803.329
4.19685239681235,0.0820482062994724,24.8510141719872,18806.376
4.19688387891073,0.07844347989852,24.8484933617945,18809.423
4.19687042356068,0.0823313983209793,24.8401288407015,18812.47
4.19670443166327,0.0816359119264958,24.8458363958385,18815.532
4.1967094184266,0.0796033091328752,24.8408279499562,18818.579
4.1965837551649,0.0815599842231211,24.8456925471518,18821.642
4.19682477586845,0.0809993096623065,24.8454280303609,18824.673
4.19703029113002,0.0831910894368951,24.8404273768485,18827.657
4.1969012618831,0.0803820047880374,24.8442831153123,18830.704
4.19679340605563,0.0824166563404045,24.8376519799649,18833.751
4.1969888892868,0.0825266893187767,24.8451082221885,18836.798
4.19662941974457,0.079726379541345,24.8390341946386,18839.845
4.19681810016364,0.0830998342821133,24.83242445467,18842.829
4.19707992301377,0.0826634739440026,24.8377233035514,18845.907
4.19695651891505,0.0822994859923518,24.8419343164503,18848.954
4.19683000973215,0.0830694437693144,24.8416499604898,18852.063
4.19692640490384,0.0784660588780995,24.8347485053328,18855.11
4.19692445126442,0.0837214774665133,24.8357713702696,18858.095
4.19692223697775,0.0822004237545783,24.8370034157311,18861.188
4.19695385573232,0.0840804322619329,24.8367089429049,18864.235
4.19680671215305,0.0807120469609998,24.8363541423159,18867.267
4.19691148861274,0.0828077955102908,24.8326521252165,18870.376
4.19692672399518,0.0822332012849739,24.8289331173179,18873.47
4.19674756059386,0.0821003324510554,24.8263133630384,18876.454
4.19682621515916,0.0809157244125604,24.8216443635794,18879.501
4.19687471465734,0.0814690143823077,24.8224263957004,18882.501
4.19696013025195,0.0826349207256424,24.8291133952518,18885.485
4.19686971403592,0.0808582019486158,24.8236725834998,18888.548
4.19691315881316,0.0829686114489607,24.8166047084848,18891.563
4.19700271178798,0.0778206435324737,24.8241821058642,18894.61
4.19692983500558,0.0806636908064976,24.8270078015498,18897.657
4.1969846505849,0.0785368572723979,24.8215724545055,18900.704
4.19696943022828,0.0789809768758051,24.8152984545733,18903.751
4.19609483270073,0.0708340966161666,24.8196957077595,18906.735
4.19697060866221,0.0787679159888203,24.8242264561086,18909.782
4.19712660603276,0.0767021323723412,24.8229376214425,18912.798
4.19663920372651,0.0826879219782244,24.822187598609,18915.86
4.19688210161586,0.0840736320351941,24.8214012767965,18918.907
4.19697020572594,0.0807522605705986,24.8274998581721,18921.954
4.19703628231157,0.0804830856970893,24.823251623684,18925.001
4.19708667238097,0.0814492744358017,24.8207877641721,18928.048
4.19716915222734,0.0804278194150833,24.8256601522716,18931.079
4.19733597872846,0.0811762876246278,24.8215637907647,18934.063
4.19712707175404,0.080080129913055,24.823316712824,18937.11
4.19705533713311,0.0803944250422483,24.8170425667066,18940.142
4.19674696206493,0.0789795448447294,24.8224485776724,18943.126
4.19682320360867,0.0818068391744065,24.8203264359432,18946.173
4.19703531386876,0.0799282588962848,24.8138290809705,18949.173
4.19732644277151,0.0802677071373478,24.8102160641556,18952.157
4.19692821916319,0.0797116763669152,24.812354573197,18955.204
4.19699957981052,0.0780468060714592,24.8129135580957,18958.22
4.19682536638638,0.0821232687216495,24.8160429189396,18961.282
4.19727273500468,0.0794864493304163,24.8170002628598,18964.298
4.19717902732913,0.0806848427367124,24.8202500567448,18967.298
4.19739834793761,0.0765640230457178,24.8153047899485,18970.376
4.19706901715999,0.0830525378704024,24.8142284960833,18973.392
4.19715557810524,0.0814457390752073,24.8096642927476,18976.438
4.19681126202869,0.0822578578524104,24.8063733383125,18979.501
4.19701994976457,0.0830722915196537,24.8028354218098,18982.548
4.19729154897267,0.0802585451226508,24.8076488236617,18985.579
4.19721071819913,0.0788477225690763,24.802337656291,18988.563
4.19707312992274,0.0782015453414831,24.7992757990716,18991.61
4.19702900045742,0.0793209929241321,24.7998580954567,18994.61
4.19726049939786,0.0785763319825701,24.8001642733352,18997.595
4.19717896366248,0.0809064662167827,24.7981705337956,19000.642
4.19723284576427,0.0808830825280908,24.8016609797351,19003.673
4.19725022260586,0.0783459945674764,24.8063800289798,19006.657
4.19731024485094,0.0835438258060143,24.7952345247727,19009.704
4.19746038681842,0.0815514873962805,24.80069631939,19012.72
4.19706715052796,0.0810463158198451,24.7968265193091,19015.782
4.19651249293448,0.0728875210977744,24.8065465426961,19018.829
4.19719675806061,0.0830832897556956,24.7990028997805,19021.876
4.197151661585,0.0807861460313127,24.7983478033658,19024.938
4.1973013305136,0.078725916660373,24.7930075992156,19027.985
4.19728889321197,0.0809107803993879,24.7963715332384,19031.017
4.19704551028279,0.0808473174348623,24.7988140272105,19034.001
4.19723862275852,0.0821422185695293,24.7947983998225,19037.048
4.19741397749159,0.0778779202146577,24.7902925521196,19040.095
4.19724944644753,0.0782789568173703,24.7956828118068,19043.142
4.19726839554157,0.0797121806037736,24.7899984139702,19046.204
4.19736686444697,0.076539435497674,24.788012245862,19049.251
4.19743170789963,0.0814436785448148,24.7859436786535,19052.298
4.19706086023198,0.0795764812259343,24.7817717734566,19055.36
4.19731401103469,0.0807971980452169,24.7837941546216,19058.407
4.19639136451972,0.0699519223497946,24.7932893354455,19061.454
4.19720880486765,0.080497641262001,24.785101737197,19064.532
4.19742131247704,0.0815624502621751,24.7763948309265,19067.61
4.19614749852818,0.0711822203961555,24.7833898883881,19070.642
4.19712889105214,0.0786181508608279,24.7869947023114,19073.626
4.19701204698964,0.0830176229022392,24.7838793358593,19076.688
4.19737851539699,0.077573205684592,24.7849958948441,19079.704
4.19734456065112,0.077553659467151,24.7774162460535,19082.751
4.19735692411574,0.0788938515763342,24.7772370489093,19085.782
4.1972591974697,0.0815729409076904,24.7778530196645,19088.798
4.19655370433519,0.0725899662127636,24.7755845546771,19091.829
4.19644834774398,0.0707873566061323,24.7815926300242,19094.845
4.19731304156493,0.0821316710001886,24.7805538446505,19097.829
4.197246089147,0.081567739145332,24.7848897614222,19100.876
4.1973566901577,0.079199617139505,24.7823093164045,19103.907
4.19723671532612,0.0813014620298946,24.7784867891383,19106.892
4.19745652665617,0.0765964657822172,24.7860884979921,19109.954
4.1975785809362,0.0785386923542557,24.7722957971207,19112.97
4.19756776965701,0.0798154558993463,24.7796470627821,19116.017
4.19636608701446,0.0707497126809555,24.7755200000537,19119.048
4.19741140591109,0.0832244533775288,24.7770797693962,19122.032
4.19766833222928,0.080133676192018,24.7716047968722,19125.095
4.19747576159142,0.0802212719469827,24.7703123823557,19128.11
4.1975139828611,0.0808105280552332,24.7653464122342,19131.157
4.19760033104147,0.0805810965250916,24.7705617620696,19134.204
4.1974530502113,0.0792021082474473,24.7763352275038,19137.204
4.19736237837651,0.0768978030442003,24.7718773131671,19140.251
4.19671337862995,0.0710534768783202,24.7738554093283,19143.267
4.1957968319025,0.0595632949809053,24.7769632629769,19146.313
4.19558836672803,0.0607126190747346,24.7669883702952,19149.345
4.19556641109439,0.0585370131321405,24.7640485891041,19152.345
4.19544753271427,0.0558692884768293,24.7642267987568,19155.392
4.19644631699434,0.0718710940145121,24.7684239035517,19158.407
4.19762191491412,0.079405055817766,24.7650991648057,19161.454
4.19722593994939,0.0811812835466204,24.7630164592101,19164.532
4.19742973251789,0.0796349943972898,24.7653621658244,19167.517
4.19791676626547,0.079706286802128,24.7609693489261,19170.563
4.19743147015401,0.0782268213853082,24.7566946456898,19173.579
4.19732867489436,0.0763913799420991,24.7654698133486,19176.626
4.1966873554088,0.0686660260591371,24.7588945344707,19179.657
4.1966552715229,0.0714383252464339,24.7612882291967,19182.657
4.19651381894887,0.0711490898453847,24.7654641345178,19185.704
4.19767962757256,0.079485843091242,24.7538857968123,19188.735
4.19778182684186,0.077512202555778,24.7550665200241,19191.72
4.19748366641428,0.0834492633955115,24.7594281719366,19194.782
4.19749197166072,0.0752683436748228,24.7682777233087,19197.798
4.19768829685152,0.0766930720113924,24.7682310181578,19200.798
4.1974288051755,0.0799976753167651,24.7606112377889,19203.845
4.19760424890153,0.0788791434633331,24.7552565624526,19206.845
4.19737696137361,0.0781106273675951,24.757189973089,19209.845
4.19770222001457,0.0850745137284053,24.7638369693462,19212.892
4.19753466978046,0.0798711246459383,24.7631734348631,19215.923
4.19757035623317,0.0779846606575822,24.7594532124057,19218.954
4.19757681955669,0.0810053692635725,24.7572266718184,19221.985
4.19785279413037,0.0782931618863915,24.7495501908759,19224.985
4.19782914118558,0.0808961846694056,24.7431666558418,19228.032
4.19762907151528,0.0767312887825834,24.7501387684895,19231.063
4.19784398717408,0.0797179097465864,24.750383941964,19234.048
4.1975655568858,0.0818824836587119,24.753888936365,19237.11
4.19779662706498,0.0808256098354925,24.7468455726875,19240.126
4.19769765897455,0.0794771891130412,24.7395636566067,19243.173
4.19783124006817,0.0778629749320485,24.7427447864294,19246.204
4.19788544466705,0.0787218647463515,24.7385550939262,19249.188
4.19767968053149,0.0807307823208563,24.7404565810965,19252.251
4.19793282911546,0.0793359976878735,24.7463533374463,19255.267
4.19782660022158,0.0821825125816343,24.7428133285264,19258.313
4.19804286716139,0.0791540899511587,24.7398962110848,19261.376
4.19788909900001,0.078982169947189,24.7458795434634,19264.36
4.19792901009892,0.0777001572209388,24.742289942771,19267.423
4.19796884695263,0.0794113405010778,24.7417449277417,19270.438
4.19727079155325,0.0692799513002965,24.7495787405141,19273.47
4.19688856710062,0.0703499295441034,24.7446893867142,19276.517
4.19693548108392,0.0682483382010752,24.7491383997382,19279.501
4.19721704731582,0.0684053427958636,24.741779658803,19282.563
4.19697693778677,0.071976525331629,24.7457425643435,19285.563
4.19718171691069,0.0696139843264041,24.7479841262293,19288.548
4.19721583885663,0.0687134300832157,24.7446376054847,19291.61
4.19709324681971,0.0701746123681288,24.7386943997044,19294.626
4.19709375251022,0.0679609796766285,24.7308291442674,19297.61
4.196924755627,0.0692473916547017,24.7322116713664,19300.673
4.19694752156333,0.0707562616224357,24.7353154150322,19303.673
4.19693308498345,0.0699813883104803,24.7372553414347,19306.657
4.19691856707377,0.0695022798153415,24.7326406839952,19309.72
4.19692434403664,0.0695947517498765,24.7360855011119,19312.735
4.19721864770593,0.0695779488045386,24.735918970168,19315.782
4.19598856203582,0.060682279864043,24.7269075513128,19318.813
4.1963015186699,0.0599760183779768,24.7225854070716,19321.798
4.19605738275075,0.0586713458167776,24.7307184043172,19324.86
4.19591242634398,0.061736913180484,24.7312028526707,19327.876
4.19631589786698,0.0583996016856926,24.7422131578711,19330.876
4.19584127490421,0.0589631501291721,24.7358691058564,19333.923
4.19600836708898,0.058826797536086,24.7324664859954,19336.954
4.1959424048653,0.0569313900663825,24.7283810024567,19339.985
4.19600786190402,0.057471171997112,24.7257534832013,19343.017
4.19571047046265,0.0585069888085728,24.7318180076258,19346.017
4.19597293182619,0.0584213083681808,24.7314603747497,19349.063
4.19572720896669,0.0633279096737807,24.730876143964,19352.079
4.19603804258607,0.0598648341022757,24.7309792130572,19355.126
4.19592566826534,0.0594521402191339,24.7324492793725,19358.188
4.19610630811359,0.0603908638512798,24.7262567402618,19361.188
4.19588639162072,0.0591422006287812,24.7246967860872,19364.235
4.19595495226308,0.0614103366284971,24.7180598459044,19367.251
4.19599069080053,0.0600279681661323,24.7220171824525,19370.298
4.19574974950067,0.0610312957267027,24.7216842071076,19373.329
4.19576433102615,0.0580204886829555,24.7324443747964,19376.313
4.1958583739865,0.0585552416125764,24.7257901885409,19379.36
4.19578455398824,0.0614586592245136,24.7145053889726,19382.36
4.19591358757803,0.0600724918919937,24.7126155165722,19385.36
4.19570429125971,0.061076869002325,24.7208783258686,19388.407
4.19589870191565,0.0585813517209073,24.7128193543169,19391.423
4.19574916809815,0.0587428298990199,24.7223552833225,19394.423
4.19593992265277,0.0620435965078731,24.7150632228421,19397.47
4.19600925619084,0.0592429857023923,24.7089357262517,19400.47
4.19596249836049,0.0618727724344991,24.7130038346538,19403.454
4.19584601823682,0.0599507632710206,24.709113329211,19406.501
4.19587953729148,0.0605461043392838,24.7132961911953,19409.532
4.19575564075612,0.0585280756964566,24.7073641355671,19412.579
4.19577287175016,0.0605967063060106,24.7144008910353,19415.61
4.19580597378766,0.0608479480021059,24.7194804183441,19418.595
4.19597852164807,0.0578626017281037,24.7125178367795,19421.642
4.19590400954912,0.0593097597216517,24.7214395776319,19424.673
4.1956108645737,0.0599800177491476,24.7137897690203,19427.657
4.19577578129722,0.0632150125624011,24.7176165865175,19430.704
4.19613122246717,0.0613981688788496,24.7220325531094,19433.735
4.1957642259991,0.0633879776399352,24.7113553209709,19436.782
4.19591350528168,0.0617951938352109,24.7186110686375,19439.813
4.19591654360658,0.0601246022431252,24.7182561794774,19442.798
4.19564057226109,0.0571572622201025,24.707274882074,19445.845
4.19591454843552,0.061503896121832,24.7120594971326,19448.845
4.19580971956821,0.058523927748385,24.7147989450199,19451.829
4.19574110982205,0.061267215811311,24.7044793657872,19454.923
4.19596110817101,0.0633435383039313,24.7029668749137,19457.938
4.19571132084495,0.0603133253619725,24.7041146081007,19460.985
4.19614831726416,0.0581169269122049,24.711056243331,19464.017
4.19567981111128,0.0587919722832159,24.7081372792282,19467.017
4.19573590281155,0.0608965162434665,24.7029430128928,19470.063
4.19592535111578,0.0590705705729595,24.6962014314858,19473.063
4.19559575189999,0.0574285868220023,24.6953487085892,19476.048
4.19578484253325,0.0594690577474522,24.7047997488728,19479.095
4.19580803426615,0.0614285356563318,24.7141151622793,19482.095
4.195868421865,0.0611997699960035,24.69979157339,19485.095
4.19593750125407,0.0578069136929393,24.7053194325273,19488.126
4.1957792551012,0.0612788831216985,24.6985050542334,19491.157
4.19580021952214,0.0603796355135936,24.701797140709,19494.157
4.19590456599678,0.057825937870097,24.701720430533,19497.204
4.19584447165338,0.0593014066085228,24.6897680734276,19500.204
4.19598692318565,0.0610164397565955,24.7007239007687,19503.188
4.1959020087288,0.061530375499165,24.6997274257358,19506.235
4.19580426391704,0.0611941565978264,24.7044370909072,19509.235
4.19580487912634,0.0604918194758543,24.7019175425085,19512.235
4.19588433488064,0.0564234470478709,24.7002867648243,19515.298
4.19579881567821,0.0597886026964297,24.7075521616038,19518.298
4.19590977788939,0.0599728745392841,24.7026038925727,19521.313
4.19593516890244,0.0591353385980102,24.6965170139869,19524.36
4.19592057795643,0.0631674878199639,24.6953935899666,19527.392
4.19591826451656,0.0629199453767872,24.69596494965,19530.392
4.19601057852063,0.0627708980437773,24.6897232008276,19533.438
4.19596009106206,0.060408936883174,24.6857347414526,19536.454
4.19590027335793,0.0586835888767881,24.690099771463,19539.532
4.19571278087101,0.0590703861157731,24.6947376636289,19542.548
4.19589224158719,0.0597811158166953,24.6895415241815,19545.595
4.19581600948803,0.0591205061564908,24.687936639679,19548.626
4.19597871624353,0.0579772327566837,24.692223891101,19551.626
4.19590341520589,0.0600004932215512,24.6910728457609,19554.657
4.19578510078285,0.0587559392507364,24.685625213334,19557.688
4.19599065917117,0.0600973543241756,24.6876695889417,19560.688
4.1961429160097,0.0602870423172939,24.680593793955,19563.735
4.19636455805049,0.0611582864764168,24.6825843011534,19566.735
4.19571735317051,0.0605092150097389,24.6943580608009,19569.72
4.19592036916458,0.0606192783422165,24.6895829135093,19572.782
4.19613299836005,0.0573330004545051,24.6792888893084,19575.798
4.19576101692791,0.0619009502767596,24.6881808685545,19578.845
4.19592645660756,0.0584943085527702,24.6860403085242,19581.876
4.19593971896654,0.060288602095757,24.6933752876505,19584.86
4.19607097423702,0.0584251317857995,24.6825339375382,19587.907
4.19588163413028,0.0574503821521815,24.6792100719269,19590.938
4.19602477173289,0.0616425408881131,24.6835846381297,19593.938
4.19603548456302,0.0583549013804564,24.6773013453745,19596.985
4.19612197847079,0.0567241741409455,24.6795011128714,19600.001
4.19591233618106,0.0586043146432887,24.6814568339108,19603.048
4.19624188110269,0.0586502917967683,24.6851322214677,19606.079
4.19606025408461,0.0598896915762871,24.6769445127717,19609.063
4.1960714462712,0.0626641147367972,24.680343200776,19612.126
4.19610258311285,0.0600851081762865,24.6832346620493,19615.142
4.19609712737579,0.0583839569539154,24.680075691079,19618.22
4.19598557208024,0.0618364865657826,24.6751323469437,19621.251
4.19569722086993,0.0585287642542058,24.6799124141336,19624.235
4.19594163509908,0.0612148897535841,24.6733324587388,19627.298
4.1960742032565,0.0597932427325941,24.6763827071519,19630.313
4.19595819315398,0.0603769461985,24.6755562392951,19633.313
4.19608059579018,0.0571839487596015,24.6724177365204,19636.36
4.19625942939715,0.0602684817604931,24.6780046657951,19639.36
4.19587785092001,0.061101706332384,24.6772133359967,19642.345
4.19616239131865,0.0602532634419641,24.6755150499839,19645.407
4.19618055730084,0.0569727528354985,24.6743117053193,19648.423
4.19623177938304,0.0599586601047799,24.6749917046708,19651.407
4.19621808861861,0.0597086539678168,24.6772935187088,19654.454
4.19642146740451,0.0582493471806474,24.6785952545249,19657.485
4.19625139575048,0.0579412052813297,24.6775152451021,19660.485
4.19611752162403,0.059967207886863,24.678616460343,19663.532
4.19610981058616,0.0601517778539789,24.6728681888439,19666.563
4.19619969776341,0.058469614333819,24.6761604541397,19669.548
4.19617691644819,0.0622766181235084,24.6797998169192,19672.61
4.19603217784837,0.0595762246940915,24.6752534520212,19675.595
4.1959243593618,0.0597149873480549,24.6706576453016,19678.595
4.19623708661219,0.0600200995486164,24.6737481416215,19681.642
4.19607882217926,0.0604480177638544,24.6681568385719,19684.657
4.1961231140159,0.0603045961530924,24.6745646873303,19687.657
4.19615147880755,0.0574772177105232,24.6747388832269,19690.72
4.19606912220669,0.0588749842914773,24.6728648770313,19693.72
4.19594976676964,0.0567849681006687,24.6703508449176,19696.704
4.19628273420542,0.0618056129304953,24.6748997790477,19699.767
4.1963633184552,0.0599521357163031,24.6617900287239,19702.767
4.19614161200352,0.0588448979535595,24.6808892365895,19705.751
4.19630470742871,0.059166680386364,24.6688859691923,19708.813
4.19592286679472,0.0600860178618857,24.6731266204653,19711.829
4.19606463751179,0.0603916770619651,24.6664086156831,19714.845
4.19627073036962,0.0576493629937997,24.6701651024104,19717.907
4.19628315927703,0.0595561418435801,24.6675149932374,19720.892
4.19617512775464,0.0569945994586542,24.6631036630353,19723.892
4.1962218222295,0.0575920967836405,24.6613100154286,19726.938
4.1961284644286,0.0583548526520824,24.6645113527468,19729.97
4.19628628177002,0.0592496914325573,24.6606508515962,19732.954
4.19649414108185,0.0612287472893944,24.6615664298955,19736.017
4.1962361025457,0.0611000965071094,24.6635135870858,19739.032
4.19623517493055,0.059389390919217,24.6565371608041,19742.032
4.19629789859845,0.0623352917875832,24.65876877397,19745.079
4.19643910983683,0.0574188991012197,24.6672748360342,19748.095
4.19618933183666,0.0589983859052444,24.6605549671519,19751.095
4.19628407310561,0.0592643686773182,24.6574617364457,19754.142
4.19643594885284,0.0623360065179694,24.6590066859019,19757.142
4.19614400296373,0.0581979363949409,24.6596075822363,19760.142
4.1960268854878,0.0569406142297299,24.6579002659264,19763.188
4.19631155350411,0.0585045283036665,24.6690124871555,19766.22
4.19634351634118,0.0614657180387129,24.657680878302,19769.204
4.19634663256847,0.0572329079693674,24.6581847720402,19772.251
4.19631611414047,0.0620486423012839,24.667604821699,19775.251
4.19624246855068,0.0617672107856251,24.6664504147744,19778.251
4.19628577989521,0.0574989137529562,24.6573361675647,19781.282
4.19638839761527,0.0569417435313484,24.6652067882082,19784.329
4.19643547767615,0.057403300064957,24.6533670412752,19787.313
4.19638980646176,0.0609863288937934,24.653110148658,19790.376
4.19635315057389,0.0589252130874095,24.6517532173577,19793.376
4.19639925049204,0.0606761466909692,24.6565532559629,19796.36
4.19648267132898,0.0574219081370045,24.6625401941079,19799.407
4.19635670214023,0.059234177489406,24.6555210377722,19802.407
4.19629589288778,0.0604564725416592,24.6547276017843,19805.407
4.1963034220355,0.0604118969635356,24.6593393381927,19808.47
4.19634382461811,0.05821695743248,24.6492935633361,19811.485
4.19653053563657,0.0603760631569383,24.6441020354549,19814.47
4.19648012264501,0.058120498722231,24.6470091549454,19817.517
4.19650557417875,0.0589353209792173,24.6527684821015,19820.548
4.19635301077246,0.0581486226337803,24.6508154324308,19823.532
4.19641540830991,0.060302976800402,24.649393000837,19826.595
4.1964270580356,0.0591943443424177,24.6522728090057,19829.61
4.19684814699352,0.0557825742759868,24.6498103906429,19832.642
4.19654430579908,0.0590159755943643,24.6494026949308,19835.673
4.19667270844368,0.0588982307450138,24.6487383597048,19838.673
4.19570307662627,0.0469449290308858,24.6470131337705,19841.72
4.19468111527248,0.0400092941230339,24.6515943618842,19844.751
4.19544883784496,0.0489001469716011,24.6499729004855,19847.735
4.19641113019061,0.058902134448919,24.6528010114239,19850.782
4.19637368376127,0.0576167220679982,24.647301530918,19853.798
4.19661425288108,0.0579373741653458,24.6525118395747,19856.845
4.19651410743002,0.0582587128322671,24.6511941967945,19859.876
4.19661339854376,0.0600635730044133,24.6464889070073,19862.86
4.19667410540182,0.0580235949187613,24.6468472405905,19865.923
4.19661886574883,0.0566555918304607,24.6548909964246,19868.938
4.19632164580383,0.0595016543389241,24.6501579251118,19871.985
4.19656134839836,0.0568278288770964,24.6441468732245,19875.017
4.19648563996369,0.0562890187730061,24.6429457109933,19878.001
4.19669802263723,0.0590664045194032,24.6487847859256,19881.032
4.19669193171713,0.0575061745501096,24.6459100899173,19884.063
4.19651948154071,0.0573069267685734,24.6392749728159,19887.048
4.19664203706159,0.0556064038485133,24.6396230731984,19890.095
4.19668076250606,0.0549198585517575,24.6451572924034,19893.095
4.19664138735305,0.0586230909847931,24.6536531501567,19896.079
4.19671571233365,0.0590384680065391,24.6379791051044,19899.126
4.19568335905158,0.0493462858247917,24.6374130024424,19902.126
4.19463584258449,0.0401836850821036,24.6417711760991,19905.126
4.1957962801949,0.049953855131108,24.6467967370364,19908.173
4.1966320593694,0.0591878515907688,24.6465894431298,19911.204
4.19682318835116,0.0578779266395919,24.6441218745509,19914.188
4.19652149368043,0.060367451455693,24.6424966489039,19917.251
4.19672332759225,0.0598830721727167,24.6403492794602,19920.235
4.19696343339277,0.0550640632185487,24.6353003234292,19923.235
4.19658648709318,0.0578894817603711,24.6389334054372,19926.282
4.19662459664921,0.0573434115014966,24.6322378274006,19929.282
4.19556513895009,0.0490122805475685,24.6480308868555,19932.298
4.1965584644835,0.0609025673873623,24.6411089310099,19935.36
4.19689514864597,0.0590507449692219,24.6329027287282,19938.36
4.19688443093939,0.0587784747744033,24.6307228742167,19941.345
4.19655147390174,0.0550411809021814,24.6260917268721,19944.407
4.19683219734814,0.0596595342195382,24.6261502130652,19947.407
4.1966923470534,0.0597586766982802,24.634759626299,19950.392
4.19669603466567,0.0585168544471955,24.6253555934606,19953.438
4.19603831447637,0.0470947588646677,24.630465769606,19956.438
4.19672890874983,0.0578870467401771,24.6228894315907,19959.438
4.19676260632453,0.059776849873666,24.6306740248494,19962.485
4.19678230011884,0.0575648623719166,24.6325762947348,19965.517
4.19669678837902,0.058200906465592,24.6274228684132,19968.517
4.1965942510367,0.0577228947371839,24.6261519319895,19971.563
4.19657291610643,0.0554094953762842,24.6339776481674,19974.563
4.19677500074657,0.0580727480979273,24.6291444909652,19977.563
4.19689390720516,0.0569025351595007,24.6302875030527,19980.61
4.19676313395997,0.058546539099414,24.6238075523308,19983.61
4.19670625318726,0.0563290203325093,24.6211289315682,19986.61
4.19686727041098,0.0570444108932974,24.6237695320068,19989.673
4.19673050202022,0.0580989190654311,24.6281841393769,19992.673
4.19684440405217,0.0594678316325245,24.6262931186097,19995.657
4.19670995595383,0.0578887954480461,24.6246316961903,19998.704
4.19678669697087,0.0600572635950674,24.6235030721799,20001.735
4.19684909765157,0.0610129112514722,24.6176220908306,20004.735
4.19702297549528,0.0604906488069913,24.6260066908173,20007.782
4.19686990245422,0.0594296853663415,24.6222090618256,20010.798
4.19679985777402,0.0577256646277044,24.6265034831608,20013.782
4.19675673999411,0.0570333857685043,24.6205930919713,20016.845
4.19681246496431,0.0578885577237178,24.6221386525763,20019.845
4.19694396395581,0.0582900297187132,24.6174684844125,20022.845
4.19686913888915,0.0608148341772434,24.6252352944969,20025.892
4.19687123125045,0.0583960115291157,24.61654581257,20028.923
4.19631836171437,0.0467745133099239,24.61443534413,20031.923
4.19690669311075,0.0562161529633202,24.6224626313694,20034.985
4.19683572428691,0.0566236197375572,24.6252489366005,20037.97
4.19695919178112,0.0560261508071247,24.617103636577,20040.97
4.19709776503129,0.0554688197469265,24.6229335994897,20044.032
4.19708949379939,0.0587194660213015,24.6217268778723,20047.032
4.1969760481114,0.0581290594389428,24.6213210845148,20050.017
4.1970085777111,0.055546659387182,24.619003990488,20053.079
4.19681532861723,0.0558853856215674,24.6136425760085,20056.095
4.1960578188699,0.0499018609451414,24.612058744031,20059.142
4.19701023012867,0.0576644775246765,24.6194000484131,20062.188
4.19716021378299,0.0571099990192374,24.6218199500835,20065.188
4.19711736717613,0.0590024460738362,24.6186428835759,20068.235
4.19714465994867,0.0581180126436725,24.6094071202082,20071.235
4.19702429228049,0.0554699956134617,24.6078732561875,20074.235
4.19692101666707,0.0576286809855237,24.6072461310599,20077.282
4.19699994805035,0.0575787663773414,24.6123362621493,20080.282
4.19706558954714,0.0573790035973364,24.6011377458664,20083.282
4.19707173492699,0.0580609500016648,24.6056136574692,20086.329
4.1972077775614,0.0555076102291396,24.603905577138,20089.329
4.19707365149846,0.0552861807164304,24.6099829697609,20092.329
4.19717699204103,0.0587176512694689,24.6069128352547,20095.36
4.19699535371418,0.055674789735752,24.6014303783649,20098.392
4.19707740514717,0.0578589027848552,24.6142393701627,20101.392
4.19724470954136,0.0584729237861074,24.6073328657362,20104.438
4.19728994384324,0.0561383725135923,24.6212364621755,20107.438
4.19685122128011,0.0568423407624715,24.616508476101,20110.423
4.19728095829556,0.0567554225530291,24.6048092202424,20113.485
4.19709571144147,0.0589202569883035,24.6064274087283,20116.485
4.19730768933527,0.0561518665896864,24.6136518799877,20119.47
4.19643249001765,0.050382254331147,24.6173853133768,20122.532
4.19550319727583,0.0377210164872841,24.6109111725809,20125.532
4.19635147688912,0.0494621402800733,24.6121314512991,20128.517
4.19710349143108,0.0554550024045046,24.6063908413206,20131.548
4.19710686534235,0.05838196439334,24.6038544938039,20134.579
4.1972616584747,0.0567234494383042,24.6078711377393,20137.579
4.19609713058242,0.0466100146815302,24.6079303141356,20140.626
4.19698195015881,0.0561509320527548,24.6077423823194,20143.657
4.19746073478165,0.0574246146433674,24.605127433635,20146.642
4.1972370692989,0.0578661883769539,24.603494695062,20149.704
4.19738654696306,0.055396173169195,24.6095176230754,20152.704
4.19740650299189,0.0576457061528809,24.6018905334791,20155.688
4.19737000032659,0.0611702567674307,24.6062252746875,20158.767
4.19723439876634,0.0569287339793327,24.5988490392377,20161.767
4.19743774374617,0.0582025121508335,24.5949681088773,20164.767
4.1972947199059,0.0564872652494661,24.5990224595773,20167.813
4.19744539842813,0.0568607261271753,24.6014976878881,20170.813
4.19741237714805,0.058249324218204,24.5913147805913,20173.813
4.19741670225207,0.0568757156310047,24.6014178910299,20176.86
4.19629398363456,0.048094335075431,24.6031041262582,20179.86
4.1973352973295,0.0571558984332455,24.6056459056116,20182.86
4.1971436905673,0.0549367046087493,24.5997060437688,20185.907
4.19722725082534,0.0560332353636167,24.5939707815825,20188.907
4.19648452873683,0.0460361577135426,24.5961683939918,20191.892
4.19725517994383,0.0561805309054582,24.6010690686805,20194.938
4.19615831834433,0.0468376933227135,24.6003936421795,20197.97
4.19726292407633,0.0548648448180273,24.6065534991206,20200.954
4.19729111042911,0.0552110003363516,24.5960702495394,20204.017
4.19740080290534,0.056531864707585,24.5940058809795,20207.017
4.19652048075598,0.0485742563678373,24.5986657854444,20210.001
4.19728219866082,0.0569854678140593,24.5965016350366,20213.063
4.1973228216323,0.0567290451384021,24.5953336291716,20216.063
4.19734420295754,0.0582417936035458,24.5934914038265,20219.048
4.19760932269229,0.0584013858082738,24.5960584653749,20222.11
4.19741352955403,0.0552260854287398,24.5950536077183,20225.126
4.19755369999898,0.0562878476835749,24.5949743015506,20228.126
4.19746297387746,0.0573451087226785,24.5963125362138,20231.173
4.1975526888234,0.05623773818128,24.5916002345517,20234.173
4.19753768237429,0.0576952628762709,24.5911614305563,20237.173
4.19734339235217,0.0560871013232572,24.5939174055104,20240.22
4.19747344251763,0.0570336997930754,24.5897595964988,20243.22
4.19769634773089,0.05508435817687,24.5991068178696,20246.204
4.19755906440947,0.0561548505574883,24.5939126356491,20249.267
4.19750919943083,0.0560325230794411,24.5933665274183,20252.267
4.19682799349362,0.0469699594055444,24.5901852170794,20255.282
4.19665945955496,0.0464042660327898,24.583233334529,20258.329
4.19667554679253,0.04824140913487,24.5830638661386,20261.345
4.19666718699148,0.0486215174777151,24.5909855901959,20264.329
4.19644323974409,0.0471727872268534,24.5828426447966,20267.376
4.19746611075774,0.0559135829571078,24.5893337486247,20270.376
4.19655872661692,0.0489199689485013,24.5874707636274,20273.376
4.19665212400415,0.0497521860740359,24.5839269184217,20276.423
4.19658023650892,0.047092274368732,24.5896405777183,20279.423
4.19647632415784,0.0465063724646106,24.5883204082015,20282.423
4.19738683201484,0.0576075131130871,24.5867529288654,20285.47
4.197565414652,0.0524196791809464,24.585592707172,20288.501
4.19748552082491,0.0531208509391746,24.5872847439596,20291.485
4.19759976888402,0.0574577337678321,24.5859194105469,20294.532
4.19767817583506,0.057927922647368,24.5849124006154,20297.532
4.19746509270766,0.0573021938340713,24.5770943597497,20300.532
4.19763775801393,0.0564683544051568,24.5760870393387,20303.579
4.19687873911891,0.044027265529416,24.5879068114191,20306.579
4.19639569797765,0.0457860484160874,24.5727576907939,20309.579
4.19758730903384,0.0567520245695502,24.5843889675936,20312.626
4.19780339367259,0.0541086907954438,24.5733662260048,20315.626
4.19773050842813,0.0570362419893984,24.592332774228,20318.626
4.19763888575156,0.054601462937327,24.5834129651663,20321.673
4.19761535344191,0.0546750712966738,24.5842071995169,20324.704
4.19767950748585,0.0589921113369423,24.5846415295909,20327.688
4.19782647104556,0.054812721267026,24.5851494981529,20330.751
4.19763907947444,0.0546680131520047,24.5849714867703,20333.751
4.19765616408104,0.0543777669141937,24.5894442616697,20336.751
4.19765701499404,0.0548919834546853,24.5821290295996,20339.798
4.1979282313881,0.0566635866260875,24.5748948119873,20342.798
4.19766959365546,0.0601232758153947,24.5638749965775,20345.798
4.19759845025012,0.0570166727702327,24.5725485347121,20348.86
4.19763154976864,0.0574548913691121,24.581411072095,20351.845
4.19702316301886,0.0471939209761785,24.5820356733008,20354.86
4.19692125992104,0.0463513658556177,24.5826618453083,20357.907
4.19703841489699,0.0461016052445391,24.5770137514088,20360.907
4.19679506131269,0.0460126216671815,24.5736116299984,20363.907
4.19679032150303,0.0471121381555878,24.5767611482939,20366.954
4.19688926829533,0.0475354869575354,24.5809933140266,20369.985
4.19690504404581,0.0472269898968056,24.5834799049831,20373.017
4.19609450536203,0.0378217661999225,24.5720649448584,20376.048
4.19494100625559,0.0311341060884984,24.5755840200513,20379.048
4.19601337021396,0.0385178032624089,24.5715248125377,20382.11
4.19586705635175,0.0356407833233663,24.5706110964376,20385.157
4.19589908387946,0.0348350409552141,24.5711076421204,20388.188
4.1957494139792,0.0367913064992899,24.5778465184664,20391.235
4.19579333324462,0.0362332053824647,24.5657226446097,20394.22
4.19575596180794,0.0355362013550928,24.5700051968333,20397.267
4.19568722434189,0.0353601595794114,24.5704030548387,20400.267
4.19583694815252,0.033404595904631,24.570214081833,20403.267
4.19597522985884,0.0368879194425075,24.571820142374,20406.329
4.19596394873905,0.0368092782652303,24.5633737125105,20409.345
4.19575716005832,0.0331862677244882,24.5680690147325,20412.392
4.19567125760565,0.038311600516758,24.5636621196434,20415.423
4.19569055733019,0.0359957089499529,24.5694405159516,20418.407
4.19562830793674,0.0367519969249128,24.5712891891261,20421.454
4.19557179316057,0.0386693563489366,24.5740938384512,20424.485
4.19567822738554,0.0345339830025442,24.5666254563048,20427.47
4.19552044080769,0.0379739087964199,24.5717201303668,20430.532
4.19665414374054,0.0443951126377452,24.5721923354835,20433.532
4.19633170385995,0.0461049381423937,24.5653587698966,20436.517
4.19740211199216,0.0566522161537006,24.5649109572568,20439.579
4.19742586516895,0.0554730149873731,24.5587868526161,20442.579
4.19775130035361,0.0569471324071381,24.5622982363912,20445.579
4.19772310850411,0.0570186911074637,24.5628278917753,20448.626
4.19758215545493,0.0563654110374627,24.5614652302642,20451.657
4.19773272939272,0.0561951334437471,24.5604180456812,20454.642
4.19777222533645,0.0593244725762834,24.5606478050739,20457.704
4.19757081108185,0.0566489528261299,24.5663975558669,20460.704
4.19775546976021,0.0583835939494048,24.5628549953244,20463.704
4.19793181511194,0.0536654801699772,24.5646692866452,20466.751
4.19763425402213,0.0559166882919212,24.5735074515082,20469.767
4.1979510503218,0.0568698504084071,24.5754181766411,20472.813
4.19789080306075,0.0548271323057968,24.564184173009,20475.86
4.19790101928143,0.05712806384877,24.5657748116874,20478.845
4.19801018371571,0.0550285652942087,24.5647891598987,20481.938
4.19768136973606,0.0534474555658128,24.5676523178644,20484.954
4.19778137247394,0.0568685354827009,24.5586229375197,20488.001
4.19804066005037,0.0561550985232978,24.5596680441242,20491.032
4.19783191769671,0.0537440625701012,24.5663244484063,20494.017
4.19806716190545,0.0570460117911108,24.562287537754,20497.063
4.19791575410676,0.0556726671415178,24.5617398028289,20500.079
4.19822751731104,0.0553961844489846,24.5592528012866,20503.063
4.19819316710407,0.0566662161983511,24.5527707308079,20506.11
4.19786322429051,0.0544263692549265,24.553635364919,20509.11
4.19785830037178,0.054001511332232,24.5537902899226,20512.11
4.19802108923461,0.0511339885196744,24.5523787934117,20515.142
4.19824379484785,0.0553146619077655,24.5594989931693,20518.173
4.19800118864406,0.0548524844873705,24.5589531077793,20521.173
4.19720481683379,0.0455953365856112,24.55120021695,20524.22
4.19634271377354,0.0371023757385406,24.5551739537247,20527.22
4.1960045494465,0.0386393766601059,24.5509733176252,20530.22
4.19598425743144,0.0389396553239394,24.5520137632013,20533.267
4.19597367846642,0.0338310568997839,24.5578546062059,20536.282
4.19638241908821,0.0358600030695262,24.553860312545,20539.329
4.19621978263988,0.0361815422221998,24.5458238291327,20542.36
4.19609209943898,0.0370466160239876,24.549148563476,20545.36
4.19629574699174,0.0357840671072484,24.5548458913378,20548.423
4.19624852389933,0.0359574291962101,24.5458863116457,20551.423
4.19616015854007,0.0343775347276972,24.5554262750586,20554.423
4.19609586599937,0.0355482352741302,24.5492712758676,20557.47
4.19614732756708,0.0372310338115691,24.5489842727368,20560.47
4.19605514858844,0.0362315260828272,24.5616263259602,20563.454
4.19580457489649,0.0361149866013099,24.5567864748208,20566.517
4.19616349628378,0.0371427007522674,24.5484626138604,20569.517
4.19590255621662,0.0387976985383567,24.5504174163625,20572.501
4.19600328719022,0.0337796134695958,24.55200576766,20575.548
4.19628645318415,0.0375949148693112,24.5566485071014,20578.61
4.19586050441367,0.0380120263690836,24.5565496038146,20581.657
4.19601066197462,0.0401111507564942,24.5545005066253,20584.688
4.19517599537461,0.0272537632940385,24.5515362670587,20587.673
4.1958718368374,0.0377849209749307,24.5501822099102,20590.72
4.19593607193198,0.0373607444682783,24.550857937124,20593.72
4.19495635627327,0.0254695311541041,24.5449778911406,20596.72
4.19601328765578,0.0368951641903394,24.5521324465832,20599.767
4.19577454535055,0.0380528464172958,24.5564459400751,20602.782
4.19588060319137,0.0355693773857252,24.5516399884267,20605.845
4.19600914286124,0.0354638490147061,24.5482225839018,20608.876
4.19586921207061,0.0368518448416899,24.5505288008337,20611.86
4.19588209117461,0.0355383076085993,24.5536962515144,20614.907
4.19602232315578,0.0371917349656678,24.5426705992313,20617.938
4.19572663508493,0.0370777606736176,24.5413560743488,20620.923
4.19595119023006,0.0354061986978918,24.5440309818143,20623.97
4.19585038151031,0.0396653285847981,24.546812387919,20627.001
4.19594909148375,0.0362058945355411,24.5422110466016,20630.048
4.19599983878421,0.0360449188624391,24.543763327166,20633.079
4.19587495192526,0.0382680296016453,24.5421526570464,20636.063
4.19585439010309,0.0379003822655526,24.5423094972122,20639.11
4.19583399909663,0.039127719547449,24.5387576366524,20642.11
4.19613589895336,0.0378838182280705,24.5366028130421,20645.11
4.19580832925079,0.035008585748465,24.5389804165438,20648.157
4.19610867954477,0.0363089027161246,24.5498123539965,20651.188
4.19597257444418,0.0378234951075212,24.5460227855542,20654.173
4.19584940151821,0.0365642282979773,24.5481505822765,20657.235
4.19564507224731,0.0417878621664175,24.5510422941064,20660.22
4.19572237916016,0.0363943288621574,24.5408060386302,20663.22
4.19577146001405,0.0390354708056481,24.5378064763274,20666.282
4.19579456048128,0.036719043527427,24.5413887154891,20669.282
4.19570599998035,0.0376095029475064,24.5470797830006,20672.282
4.19597290877026,0.0362349898911919,24.546911198289,20675.36
4.19503614423329,0.0283329381561905,24.5465466952374,20678.376
4.19588649572607,0.03619671699015,24.5418761256875,20681.423
4.19575495750796,0.0368034364772196,24.5502755619039,20684.454
4.19569727809351,0.0351756087933323,24.5432061021041,20687.454
4.19587210431611,0.0356045728254965,24.5458991903759,20690.501
4.19581847463199,0.0352319498381348,24.5423731014814,20693.501
4.1949195317622,0.0275644810289985,24.5345186845791,20696.501
4.19583866816256,0.0383778267441816,24.5340096307335,20699.548
4.19558353605657,0.0374075950939034,24.5339269568454,20702.548
4.19569572885883,0.038867162520447,24.5374629842242,20705.532
4.19597505342331,0.0361383321071957,24.5422620584102,20708.61
4.19593196335397,0.0370420478682904,24.5405159609036,20711.626
4.19592223318346,0.0367966131014264,24.5364329021445,20714.673
4.19609327351902,0.0356835141716056,24.5332509071301,20717.704
4.1957411047283,0.0398982253889554,24.5448877882571,20720.704
4.19558032297356,0.0354296093504623,24.5508071669622,20723.751
4.19550726905426,0.0393093105208581,24.5473112596611,20726.751
4.19679374357128,0.0476519461309991,24.5376219115093,20729.751
4.1966665894649,0.0470604980572429,24.5414680059015,20732.798
4.19682636605341,0.0443947681460111,24.5325959551777,20735.798
4.19683223538995,0.0469175073797337,24.5359715202851,20738.782
4.19706904607359,0.0478601733157877,24.5382282703383,20741.86
4.19721622785284,0.0477172608791704,24.5333834374825,20744.86
4.19673679815155,0.0447817348982583,24.5447081754156,20747.845
4.19718380996314,0.0452439259916885,24.5380317370274,20750.892
4.19689881120032,0.0463092836674421,24.5382289785715,20753.907
4.19626047021672,0.0375367454324483,24.5475619119132,20756.892
4.19636926476236,0.0366103567323966,24.5426413174361,20759.938
4.19613587573187,0.0381962630028661,24.5443387009627,20762.938
4.19610091740459,0.0380491832018899,24.5467401703015,20765.938
4.19591567382032,0.0395522866289846,24.5307162229822,20768.985
4.19586262267539,0.037495126680211,24.5329430157077,20772.017
4.19614277936506,0.0358778473677914,24.528183877518,20775.001
4.19588915873825,0.0377352831833575,24.5234942909917,20778.048
4.1958696781571,0.0363592183266362,24.525446111903,20781.063
4.19616001313403,0.0354773223685904,24.5318666426731,20784.048
4.195994650331,0.0388423331774277,24.5370941334027,20787.095
4.19600615156061,0.037632762246273,24.5385252404509,20790.126
4.19601595559881,0.0368947697488546,24.5298195218035,20793.173
4.19603302030733,0.0368128429950384,24.5302165486399,20796.204
4.19597452400491,0.0363017736739984,24.5448225292556,20799.188
4.1960000256557,0.0375314999713203,24.5356773996362,20802.251
4.19595674516943,0.0373292703600629,24.5405479343286,20805.267
4.19609152935529,0.0377743763858531,24.5312529571968,20808.251
4.19604613520258,0.0369983859672709,24.526888881147,20811.298
4.1962900190792,0.0358312892071579,24.526813478735,20814.329
4.19612991465878,0.0365222517849968,24.5161541994096,20817.376
4.19606735247103,0.037830703520534,24.5291745386745,20820.407
4.19602341921723,0.0393695818288007,24.5272283578436,20823.392
4.1961967113254,0.0379516351897899,24.5124159723314,20826.454
4.19610471520001,0.0385043208178918,24.5234506900102,20829.454
4.19588721734838,0.0370205255511016,24.5242407629083,20832.438
4.19613864264282,0.038321302043634,24.5224127715312,20835.485
4.19594978602909,0.038183767777882,24.5216935540015,20838.517
4.19611683872263,0.0359556343463427,24.5283783458681,20841.501
4.19614681870575,0.0373179095594145,24.5295423661493,20844.548
4.19611924741839,0.0420551342605178,24.5270288500267,20847.563
4.19627023053004,0.0375872917448454,24.5227471675123,20850.548
4.19622322092059,0.0339645042200651,24.518001134873,20853.595
4.19603739319204,0.0356187194859024,24.5264636060292,20856.595
4.19511270682443,0.0281740596468556,24.5271282633815,20859.595
4.1961044365314,0.0334938616357969,24.5173356210697,20862.642
4.19628250725485,0.0397075060604481,24.523641594245,20865.642
4.19610932003692,0.0374341061443644,24.5251784581496,20868.626
4.19583644711715,0.0380222923517643,24.5296021368824,20871.704
4.19589909599259,0.0387423509039137,24.5262233922732,20874.72
4.19597494781504,0.0352359625027141,24.5200221225969,20877.72
4.19615093770352,0.0383273695739469,24.5201661811232,20880.767
4.19609025035144,0.0358584576620759,24.5236679696996,20883.767
4.19593823537062,0.0361147292417959,24.5282733439347,20886.767
4.19607925517964,0.035487825218314,24.5305014125083,20889.813
4.1959669764501,0.0371992702177717,24.5233935206794,20892.813
4.19514116079989,0.0268226157547519,24.5234889314474,20895.798
4.19579792636894,0.0373622892537816,24.522935177477,20898.845
4.19590349221538,0.0406404818581681,24.5135227720338,20901.876
4.19619874645162,0.0370621138672483,24.5144300131392,20904.876
4.19593735511618,0.037620866407053,24.5204467861252,20907.923
4.1958951551298,0.0334315317741787,24.5269760588017,20910.923
4.19597259433482,0.0359951608507042,24.5264689323594,20913.907
4.19628606316096,0.038533922264393,24.5225891058633,20916.97
4.19572843775387,0.0347965771452119,24.5162153807526,20919.97
4.19612798828,0.0379653636436935,24.5162923643868,20922.954
4.19617011690021,0.0372438991797044,24.5224842961595,20926.001
4.19609231959471,0.0376780159078162,24.5189776174423,20929.032
4.19641597538184,0.0369638640349327,24.5187158802357,20932.079
4.19587584559064,0.0377661031020084,24.5136990730842,20935.142
4.19598644903526,0.0393381148882891,24.5225556491726,20938.126
4.19617563394439,0.0357572774168017,24.5218137323685,20941.173
4.19573290731136,0.0357202721187178,24.5217070400435,20944.173
4.19608705144445,0.0361041656595865,24.5151243720603,20947.173
4.19613268177315,0.039304199786389,24.5115326964004,20950.22
4.19623662106378,0.033914820203292,24.5158420213715,20953.22
4.19599332449436,0.0356354857949577,24.5209681112792,20956.204
4.19624169786524,0.0366467800611865,24.5167130489917,20959.267
4.19518206332653,0.025527264875486,24.5197999230339,20962.267
4.19610609919021,0.0367797952018308,24.5104129957043,20965.251
4.19590568507407,0.0372332872746923,24.5173138702191,20968.313
4.19615023705215,0.0354992652437969,24.5079405333608,20971.313
4.19615414891082,0.036550451659486,24.5061578592201,20974.313
4.19632466025823,0.0335936459255673,24.5187756772415,20977.36
4.19620848992529,0.0403331651130133,24.5110790550491,20980.36
4.19613923665046,0.0371108481323782,24.5137263891203,20983.345
4.19637940666915,0.0354320540201998,24.5048085194162,20986.392
4.19522346368049,0.0280927000178565,24.5023419913164,20989.392
4.19603136609045,0.0340724466114542,24.5052620018954,20992.392
4.19575477128919,0.0349087142864628,24.5039497657881,20995.438
4.19594599483742,0.035838182224406,24.5033237361962,20998.47
4.19613260213023,0.0371744562211449,24.5079949373181,21001.454
4.19637391774644,0.0364586587205046,24.5107856538179,21004.501
4.19520763999423,0.0270777898677274,24.5117941148434,21007.501
4.19636248197689,0.036811923148161,24.5127426720272,21010.501
4.19588532613597,0.035503404098711,24.5142628721432,21013.548
4.19616808969893,0.0375016075840794,24.507517299882,21016.548
4.19606511920518,0.0369809437795601,24.512847397953,21019.548
4.19624191899804,0.0375038674500022,24.5047269054675,21022.595
4.19590697720413,0.0363737773758014,24.5086440432098,21025.595
4.19616703461043,0.0334020007134848,24.5145085563455,21028.579
4.19629734952514,0.0373666815139691,24.5127859376979,21031.657
4.1962038779533,0.0377961605076758,24.5115254211012,21034.657
4.19634052577652,0.0356213960285197,24.5183393985473,21037.642
4.19611706283981,0.0351790909400913,24.5107273137507,21040.688
4.19612837551599,0.0378736401665108,24.5029738766127,21043.688
4.19643707960981,0.0344959381154514,24.5094414406736,21046.688
4.19631072366624,0.0347925754515575,24.5171278480003,21049.735
4.19624277650919,0.0352730153137355,24.5122432012967,21052.735
4.19627436798512,0.034563072713434,24.5075731752378,21055.735
4.19610209625026,0.036307259729557,24.515716045498,21058.782
4.19610850334234,0.0371411243902171,24.507363284511,21061.782
4.19624074521812,0.0350883528647472,24.5033251256609,21064.798
4.19633069511361,0.0367234344416201,24.5077464344275,21067.845
4.19609863403414,0.0377461534307223,24.5022084984699,21070.845
4.19656090230663,0.0345507455435817,24.5091661757076,21073.845
4.19540398518001,0.0254116759624471,24.5071028578814,21076.892
4.196104231504,0.0358356313121574,24.5051850365155,21079.892
4.19611949917872,0.0384982091919919,24.5024767501403,21082.892
4.19642931731392,0.0364230680039103,24.5028779038788,21085.938
4.19656520182096,0.0337312079265692,24.5070160561899,21088.938
4.19642203068971,0.0353422366162949,24.509700021002,21091.938
4.19602605575565,0.0345609487629952,24.5018903360178,21095.017
4.19627045975107,0.0367901571917019,24.5023918040011,21098.032
4.19645725914716,0.0373628856021786,24.5018429129462,21101.079
4.19649868102209,0.0364564191049068,24.502621309376,21104.11
4.19621413806955,0.0332903135513641,24.4984324870804,21107.11
4.19612038189175,0.0349091886283501,24.5040593903689,21110.157
4.19609089656974,0.0371340270465989,24.4936449009168,21113.157
4.19621206067379,0.0355746796999274,24.5025683433679,21116.157
4.19642666789393,0.0368280981712184,24.504288767336,21119.204
4.19656204592797,0.0360797796262695,24.4996893392626,21122.22
4.19631324607193,0.0358555125166836,24.4919420367888,21125.204
4.19617982260981,0.0367516566251692,24.4940194295066,21128.282
4.19646177866392,0.0379251760656962,24.5044090490015,21131.282
4.19642593316354,0.0345240669253117,24.4982044754777,21134.267
4.19616837950323,0.03683078441171,24.5006672045245,21137.329
4.19627051022318,0.0337279749503586,24.4901457159604,21140.36
4.19608247615851,0.037531881549814,24.4959390275745,21143.345
4.19662821514382,0.0370616235672582,24.5028850030188,21146.392
4.19648313545264,0.0393306505428691,24.5029329253622,21149.407
4.19626056513771,0.0368353141341082,24.5001697624259,21152.392
4.19661944281153,0.0344384616869545,24.4971518710369,21155.438
4.19631396885499,0.0378228610236325,24.4947225734745,21158.438
4.19637520233713,0.0381888347969413,24.4957063950763,21161.438
4.19605780790227,0.0373034859461519,24.4951753294267,21164.485
4.19642962133434,0.0353493385329597,24.4911269699081,21167.485
4.19650024152374,0.0304915200539517,24.4891682487761,21170.485
4.19638962435169,0.0396974550590098,24.4880198223629,21173.548
4.19639682319904,0.0373987714219648,24.4906337150296,21176.548
4.19655793080823,0.0370712396394755,24.4864624003148,21179.548
4.19647559785136,0.0361311914919858,24.4938602968495,21182.595
4.19647763786135,0.0392901280543741,24.4826882946503,21185.595
4.19641305996523,0.037009242061236,24.488822727079,21188.595
4.19673003177249,0.0338835704492457,24.4936072589469,21191.642
4.19646279331596,0.0377691892255515,24.4894195488332,21194.642
4.19644609570451,0.0382766302519425,24.4932674456865,21197.642
4.1964849401044,0.0343118038149652,24.4899606488462,21200.688
4.19632258523481,0.0382495179435845,24.4860372348885,21203.688
4.19644806738573,0.0360492364512202,24.4865599471915,21206.704
4.19630906685614,0.0346718759555167,24.4878401917586,21209.751
4.19631105554885,0.0368613431628043,24.4857884403625,21212.751
4.19662880621065,0.0340743149095727,24.485236512975,21215.751
4.19610925134561,0.033448970410335,24.4861272337017,21218.798
4.19668418630367,0.0372581171944888,24.4850948735076,21221.813
4.19658921370968,0.0394449634867546,24.4903163747281,21224.798
4.1962904463127,0.0364412886637599,24.491050196281,21227.845
4.19667180717719,0.0362831372860788,24.4879848787446,21230.86
4.19634857421117,0.0369112000477928,24.4858778696247,21233.845
4.19641477403054,0.0354063099962076,24.4932500399865,21236.938
4.19642717115311,0.0362738239541232,24.4909195796727,21239.938
4.19649500846467,0.0336256511484676,24.4848928510244,21242.923
4.19669559859418,0.0348215550657572,24.4765440984326,21245.97
4.19678768114847,0.0360020245760399,24.4895385901404,21248.985
4.19660049811455,0.0375332820441362,24.4901888810291,21251.97
4.19652702194457,0.0391145638841564,24.4819245077051,21255.032
4.19642497886471,0.0325574957233612,24.4882110787595,21258.032
4.19535931563109,0.0256792837720843,24.4852481597065,21261.017
4.1963347307678,0.037223108800056,24.4962551264172,21264.079
4.19639519492358,0.0344427942229805,24.4912412250018,21267.079
4.19678899547274,0.0404578112474866,24.4887792624257,21270.079
4.19677486343585,0.032437378150961,24.4849413876301,21273.126
4.19647024481342,0.035748514203754,24.4850147849736,21276.157
4.19562134412403,0.0284165776905128,24.4886526258001,21279.204
4.1955429679737,0.0233664788365013,24.4857548839152,21282.235
4.19658220008096,0.0333315927648543,24.4910795326483,21285.235
4.19656719171622,0.0303323577066264,24.4837701223169,21288.282
4.19653579775738,0.0379664488829322,24.4884642614277,21291.282
4.19645187453197,0.0318239175018799,24.4857034750312,21294.282
4.19669457394407,0.035071318482948,24.4846824164796,21297.329
4.19668938327487,0.0367794103997124,24.4842212933218,21300.329
4.19641335121817,0.0359319598896332,24.475445189389,21303.329
4.19699267675102,0.0357442944874563,24.4767055291611,21306.392
4.19692903108436,0.0374366472592869,24.4779830225753,21309.407
4.1957978459993,0.0299566743993688,24.4837274912767,21312.454
4.19571639821532,0.0306314685882091,24.4763039849715,21315.485
4.19580068995169,0.0230183905820907,24.4770712779153,21318.485
4.19571594164501,0.0269227243825609,24.4831721974249,21321.532
4.19557132567782,0.027165964305096,24.4778367057931,21324.532
4.1955389652588,0.028338854534702,24.477369097629,21327.517
4.19667643328314,0.038520567395547,24.4741101919651,21330.579
4.19646427208019,0.0384399477454643,24.4802664847109,21333.579
4.19631655735083,0.0398987926298059,24.4755319334566,21336.579
4.19637591637817,0.0325088079814121,24.4864901035552,21339.626
4.19655929700408,0.0310610846288144,24.4802772042406,21342.657
4.19656674860895,0.0332978145018745,24.4800218198857,21345.642
4.19652822004906,0.0354539624196662,24.4789052225375,21348.704
4.19648308739466,0.0367496900323846,24.479902916295,21351.704
4.19677282761004,0.0395705250851023,24.4835445503029,21354.688
4.19671677914124,0.039431336297588,24.4799413609913,21357.735
4.19648646780085,0.035972541813931,24.4775294674629,21360.751
4.19687314409713,0.0363906530508668,24.4840967671159,21363.735
4.19653227742433,0.0363485235130518,24.4845810699956,21366.813
4.1968711100683,0.0368711477485198,24.4853729464353,21369.813
4.19658939316285,0.0357932696173655,24.4805371447104,21372.798
4.1964403798325,0.0377730000645482,24.479253233658,21375.86
4.19645362817535,0.0363170429671497,24.4847346914874,21378.86
4.19647976592089,0.0361615805363204,24.4892368800626,21381.845
4.19644418868572,0.0358103211368127,24.4870421940915,21384.892
4.19644315051272,0.0353420633307105,24.4805012188933,21387.892
4.19672794554342,0.0342018580738831,24.4746929348615,21390.892
4.19647672739665,0.032662056383532,24.4782295274111,21393.938
4.196584947201,0.0334552552152465,24.4815895165195,21396.938
4.19667033538181,0.0340466526445654,24.4811751409323,21399.938
4.19669833796865,0.0343569252216983,24.4816537949791,21402.985
4.19680884057537,0.0324577214070788,24.4750908097174,21406.001
4.19659644116148,0.0329041300319984,24.4785705555819,21408.985
4.19676258399727,0.0320331205018854,24.4734083500023,21412.032
4.19661489207906,0.0352136218884334,24.4731811494495,21415.032
4.19657173952593,0.0366093556235421,24.4794698426743,21418.032
4.19660922938303,0.0353980453645864,24.4699184315995,21421.079
4.19681827727553,0.031419731984184,24.4745235950274,21424.095
4.1970086061561,0.0362616343045153,24.4772637771874,21427.079
4.1967962676586,0.034366510147659,24.4790529291101,21430.142
4.19661955591072,0.0344678344864912,24.4808975195569,21433.157
4.196664128647,0.0347926585091173,24.4746006303209,21436.157
4.19693522970117,0.0342471527033197,24.4768945368386,21439.235
4.1954567280762,0.0241879671167222,24.4650999316246,21442.235
4.19662097912203,0.034073385656752,24.4780365164329,21445.235
4.19648159979323,0.0312654175438297,24.4669856368876,21448.282
4.19656844270204,0.0315768173934666,24.471983609837,21451.282
4.19711468749974,0.031820008815048,24.4628831855417,21454.267
4.19657368109003,0.0291311596574515,24.4714856213454,21457.313
4.19661416965149,0.0340571444274432,24.4781022258546,21460.329
4.19698100025762,0.0365554705923597,24.4722592719131,21463.345
4.19649321580095,0.0348751884424829,24.4685962043553,21466.392
4.19677090484878,0.0343164966422223,24.4689092250009,21469.392
4.1969311401411,0.0363654604008185,24.4725331576949,21472.392
4.19688609150357,0.0332425553094723,24.4692771361997,21475.438
4.19696688354176,0.0336682869262819,24.4677738489805,21478.438
4.1965329480643,0.0340383413684621,24.4637077895731,21481.438
4.1971453682918,0.0329127725439024,24.4645444597103,21484.485
4.19698133577413,0.0346393880574439,24.4680489275644,21487.485
4.19715997283017,0.0385411911984768,24.4616824617159,21490.47
4.1970639873857,0.0407600129992388,24.4600499094949,21493.532
4.19697364299456,0.0351796007075598,24.4638406961323,21496.548
4.19683232547628,0.0334896129766963,24.4647303372454,21499.548
4.19680176578075,0.0329408822557917,24.466893979489,21502.595
4.19579560831334,0.0237550845354088,24.4642311204139,21505.595
4.19569184701465,0.0221676481092158,24.4696193461006,21508.595
4.19541059883515,0.0229517364363033,24.4739476850626,21511.642
4.19693395207671,0.032679629527815,24.4765325021912,21514.642
4.19679828849973,0.0343305216734092,24.4727866720706,21517.642
4.19671368655831,0.0339790879913246,24.465870607549,21520.688
4.19683672609379,0.0408797514305435,24.456213964923,21523.688
4.1970735299575,0.0331024026851856,24.4666962958345,21526.688
4.19700932356489,0.0337822032789121,24.4711551133799,21529.751
4.19676691629511,0.0394524217047756,24.4663152507218,21532.767
4.19703771153147,0.037265852963926,24.4634130548477,21535.813
4.19709371876545,0.0334792383337586,24.4696928866852,21538.845
4.19710903669714,0.0313168887572204,24.4588794595227,21541.845
4.19693751788573,0.0379586681421917,24.4669660716816,21544.907
4.19703133579432,0.0338201640015841,24.4631027313982,21547.907
4.19733658216325,0.034768822903106,24.4587544252403,21550.892
4.19712475677945,0.0322228777607706,24.4639010652773,21553.954
4.19702984649347,0.0360216962644208,24.4609186728284,21556.954
4.19698943403704,0.0320905923998262,24.4643926596915,21559.954
4.19704323863865,0.0358249277765198,24.4626990760847,21563.017
4.19707389375023,0.0344036439379156,24.4655539854992,21566.032
4.19706539170598,0.0357100094909167,24.4592297951844,21569.095
4.19709618769947,0.03593955796879,24.4610984894777,21572.126
4.19711995938033,0.0385897983139118,24.448829478531,21575.11
4.19690695410534,0.0330206150818383,24.4592245659948,21578.173
4.19694533274267,0.0374846495699027,24.4550130809114,21581.188
4.19698951353034,0.0359919928282781,24.4575263885236,21584.173
4.19702162750027,0.0362040394499108,24.4573642122509,21587.235
4.19749667336667,0.0353565839951053,24.4592846891977,21590.251
4.19724956473698,0.0385411023409641,24.4568283871278,21593.298
4.19712633619144,0.0319970604186151,24.456689578145,21596.329
4.19723746769919,0.0341890724092888,24.4601051695652,21599.329
4.19688858279352,0.0340315433422776,24.4580922955162,21602.376
4.19703899242618,0.0347578450121437,24.4655467999496,21605.376
4.19728110337837,0.035272914510911,24.4557502732987,21608.376
4.19745526364908,0.0355456448316571,24.4549048498659,21611.423
4.19712293150341,0.037210789893469,24.4550953641906,21614.438
4.19606464070597,0.0254981438523458,24.458443689988,21617.438
4.19651615618855,0.0241012742269131,24.4556615168473,21620.485
4.19606352102447,0.024744117076732,24.4571610369544,21623.485
4.19600778922222,0.0235708845228465,24.4543951677864,21626.501
4.19648600342071,0.0252781547033282,24.4493432604057,21629.548
4.19628545809703,0.0228447549744909,24.4576356629656,21632.548
4.1963688909206,0.019301944085263,24.452858421181,21635.548
4.18890713996019,-0.000606835783768855,24.4599150035915,21638.47
4.19048717603107,0.000917191478033396,24.456405023877,21641.407
4.19106109848173,-0.00371438885554713,24.46548850766,21644.329
4.19157507952154,-0.00256075976537773,24.4576431274345,21647.267
4.19159422909131,-0.000388739919769071,24.4642775345897,21650.204
4.19155316415425,0.000112218491094666,24.4711516614117,21653.126
4.19181836125887,0.00265914556332739,24.4698982071542,21656.063
4.19173282373012,0.000930665271011662,24.4691009762923,21659.001
4.19181110647543,-0.00312612825261298,24.4796222783615,21661.923
4.19203131277045,-0.000640195641404567,24.4774232464919,21664.86
4.19219336127216,0.000890981165234604,24.4729634924224,21667.782
4.19193677753765,-0.00434698003943871,24.4734288991085,21670.72
4.19193330724527,0.000930055006772059,24.4734634833725,21673.642
4.1919331148661,-0.00158251464061642,24.4716116517452,21676.563
4.19193669690661,0.000544459326669031,24.4693050761271,21679.501
4.19157795435592,-0.00327358766179919,24.47876869132,21682.423
4.19215985742351,-8.16796877567642e-05,24.4822390453418,21685.36
4.19176487397383,0.00128262426205858,24.477007021277,21688.282
4.19175603174994,0.00301478240136555,24.4709696550457,21691.22
4.19206573048944,-0.00362491632684996,24.4745347978565,21694.142
4.19158877307449,-0.00200918295132337,24.4778085374793,21697.079
4.19188662190646,-0.00175870479343293,24.4657663569422,21700.001
4.19194581062116,-0.00297855706267978,24.4700995051832,21702.923
4.19174254654842,-4.83588068775775e-05,24.4704956514987,21705.86
4.19167093965874,-0.0011120543095784,24.4659211417248,21708.782
4.19183244435179,0.00147457998980997,24.4605965064654,21711.704
4.19173327236163,-0.000301837668341092,24.463139720166,21714.642
4.19169729324512,-0.00131667438575603,24.4665664409807,21717.563
4.19179422984976,0.000988205125539936,24.4630817776837,21720.501
4.19166555461108,-0.000589958980443036,24.4590537296544,21723.438
4.19152521466122,0.00252131410887669,24.4597280157338,21726.36
4.19177589079387,-0.000790719211136575,24.4621689868305,21729.282
4.19159404295855,-0.00186726153704085,24.4650786811695,21732.22
4.19183557511294,0.00146535316472324,24.4575962300265,21735.142
4.19165935092076,1.37544401703393e-07,24.4632103999147,21738.063
4.19184356278988,0.00163218596940554,24.4638359025397,21741.001
4.19143706254603,-0.00402277263706451,24.4623419555217,21743.923
4.19148377171759,-0.00290547543587792,24.4659563487238,21746.86
4.19136691639714,-0.00208883509936204,24.4649490529273,21749.782
4.19168251016123,0.000703208496328103,24.4653357437605,21752.704
4.19147556173301,0.000817641571442484,24.4690749184571,21755.642
4.19157160638489,0.00084734939423523,24.4640435196642,21758.579
4.19155110673678,0.00172202095004977,24.4647630103389,21761.501
4.19167525801741,-0.00230116177852091,24.4753381362142,21764.438
4.19165803088156,0.00481119545147246,24.4686268954046,21767.36
4.19143294712795,-0.000875179084015567,24.46678161346,21770.282
4.19136969852617,7.87420613244378e-05,24.4650184021619,21773.22
4.19160261162327,-0.000933216627387033,24.4694872831691,21776.142
4.19138452036932,-0.000482046536658453,24.4684037139949,21779.079
4.19157455458285,0.00114533237220388,24.4684410542646,21782.001
4.19120793750278,-2.63975267937631e-05,24.4748029083424,21784.923
4.19146768504488,-0.00137379914973159,24.4638166596796,21787.892
4.1911155108672,-0.00345754543916089,24.4655775144641,21790.813
4.19127327273982,0.000315440049344414,24.4639017565554,21793.735
4.19149696918919,-8.19004828598312e-05,24.4651789745567,21796.673
4.19138860197092,0.00128202529507062,24.4654717888119,21799.595
4.1910350046519,-0.00402424831830865,24.4667753679446,21802.532
4.19128365825395,0.000600738144743666,24.4720470514121,21805.454
4.19140164566759,-0.000860256456491013,24.4661370698225,21808.376
4.19137238275007,-0.00231804672351819,24.4676915323223,21811.313
4.1913022644834,0.0012574019826575,24.4682840090702,21814.235
4.19129514704412,-0.00242340608019154,24.4642488818878,21817.173
4.19153839263795,0.00139497842877539,24.4628730266057,21820.126
4.1911882200839,-0.000400720159302848,24.4658480682705,21823.048
4.19107092933589,0.00094399834443228,24.4645853455796,21825.97
4.19107350758544,-9.50445844645281e-05,24.4642322510827,21828.907
4.19123357062053,-0.00156949075788095,24.4624111035187,21831.829
4.19096746792532,-2.9141494842907e-05,24.4650540742741,21834.767
4.19105185583501,-0.00104722419435708,24.4691250035465,21837.688
4.1910977114835,-0.00479614645447004,24.4663073618731,21840.61
4.19104265426641,0.000892674493034819,24.4644314237737,21843.548
4.19118022645691,-0.00241004546174921,24.4655600511875,21846.501
4.19100821790652,0.00465588155996552,24.4628669384208,21849.423
4.19101911827223,0.000359524457991945,24.4685940524433,21852.36
4.19109777900165,0.00292413290918951,24.4619167668461,21855.298
4.19122755233202,-0.000794895761605445,24.4607945316725,21858.22
4.19090162825734,0.000534361043178269,24.4582062326856,21861.157
4.19106216187613,0.00179371601255556,24.4588174379612,21864.095
4.19110521254134,0.000385700717703378,24.4608852972154,21867.017
4.19123952302279,-0.00081779871808225,24.463182652711,21869.954
4.19114151160848,-0.00288523205527963,24.4645142178811,21872.892
4.19104468100882,0.000807997287117906,24.4649575688914,21875.813
4.19108428968221,6.8421609548194e-05,24.4615944530996,21878.782
4.19121412411449,0.000542830027866313,24.4604228928103,21881.704
4.19102524344161,-0.000816471711516639,24.4561944104966,21884.642
4.19115924072156,-0.00038230920909635,24.4597265964056,21887.579
4.19105994841126,0.0010925287201429,24.4536148280589,21890.501
4.19078009683773,-0.00558592630398375,24.4628297284195,21893.438
4.19101981612216,-0.00101142318112943,24.4662308204715,21896.36
4.19094695984438,-0.0032313715075863,24.4621556613282,21899.298
4.19084653097836,0.00182266837495718,24.463607762788,21902.22
4.19089610957571,-0.000466923345512621,24.457569046375,21905.157
4.19096766557506,-0.000884884968254742,24.4510585489506,21908.079
4.19082945051385,-0.00380840353101634,24.4544423248312,21911.017
4.190881892493,-0.00158054949019505,24.451207095754,21913.954
4.1909562546268,-0.000575777641871531,24.4541328051958,21916.892
4.19085746037995,-0.0010714828145419,24.4614032030244,21919.813
4.19086678938652,0.00105804588253918,24.459864444501,21922.751
4.19081691504094,-0.000774714906177319,24.4499602674897,21925.673
4.19087568717122,-0.00113166198736748,24.4598462753022,21928.61
4.1904758194166,0.000211243944168962,24.4598023834795,21931.532
4.19080579897652,-0.00283898018538694,24.4581273756319,21934.47
4.1906823726568,-0.00438673278872143,24.4568777862123,21937.407
4.19073425112183,-0.00153169943716448,24.4518509864222,21940.329
4.19061655100314,-0.000337473510152031,24.4499015704859,21943.267
4.19121637622018,0.00257980612869804,24.4524302010377,21946.188
4.19083116840159,-0.00181809418044849,24.4479373264027,21949.126
4.19066237076582,-0.000371696169144935,24.4453670563501,21952.048
4.19081210779417,-0.000751071328348487,24.4563464471324,21954.985
4.19070037403277,-0.00140431088373067,24.4563945960671,21957.86
4.19055281761688,0.000733136959631707,24.4531583064878,21960.751
4.19068840725203,0.00335546625968863,24.4603658439393,21963.626
4.19046293330089,0.00241430147443196,24.4577323929075,21966.501
4.19068993064835,-0.00195399522496256,24.4517453005083,21969.392
4.19036632753102,-0.0026634672120082,24.4584404891227,21972.267
4.19050363142095,0.00104504497536365,24.4539564064845,21975.142
4.1902992270508,0.00138700549459986,24.4566551232471,21978.032
4.19056744315612,-0.00235556850531146,24.4624525853403,21980.923
4.190607374386,-0.00012698389539712,24.4641506226863,21983.798
4.19038470174527,-0.00125609389085929,24.4531864291155,21986.673
4.19054248070046,0.00124090248622651,24.4516881507047,21989.563
4.19042050137249,-0.00585284107187581,24.4495444789634,21992.438
4.19060167596703,2.74158575395003e-05,24.4506644169061,21995.313
4.19044196724483,-0.00100139496906018,24.4569881814724,21998.204
4.19069734891018,-0.00451282890134898,24.454940885083,22001.079
4.1908279105614,0.00146795540464126,24.4480680424684,22003.97
4.19041615495597,-0.00457732276218457,24.4560411586684,22006.845
4.19041459646456,0.000369102513383023,24.4579732233116,22009.735
4.19043208698572,0.000832597574758914,24.4577305574915,22012.61
4.19037480907399,0.000779582367458994,24.4505720598213,22015.485
4.19031437158763,-0.000717846130674287,24.4619104100157,22018.36
4.19037019926165,0.00202545421319615,24.4573617956434,22021.251
4.19024332014652,-0.00396701927591317,24.4582021344543,22024.126
4.19039744123066,-0.00207281022485395,24.4539267978307,22027.001
4.1905281659114,0.000566168341247291,24.4577568300842,22029.892
4.19025850525545,-0.00290189526722437,24.4560721682671,22032.767
4.19007172149701,0.000554355053541004,24.446860379837,22035.642
4.19047250166984,0.00161114074885744,24.4574984305747,22038.532
4.19017556991911,0.000162267110880407,24.4474513517706,22041.407
4.19024985261172,-0.00270266963606678,24.4474093565569,22044.298
4.19031449150571,-0.000967956887702545,24.4593180267443,22047.173
4.19011867180057,-0.0016675583581784,24.4482396899738,22050.063
4.19028244728245,0.00416617854430192,24.4464718191252,22052.938
4.19040022065376,-0.00368872189695675,24.4503217036178,22055.813
4.19015730228083,0.000721978497295634,24.4486519167241,22058.704
4.1902414246458,0.000810096606819686,24.4465613683331,22061.579
4.19020437941327,0.000835358084654386,24.4553550353265,22064.454
4.19021423957444,0.00364828209586839,24.4518869287711,22067.329
4.19019957596173,0.000806731617052287,24.4412366397353,22070.22
4.19014937265966,0.00246978378336039,24.4490440702145,22073.11
4.19013910530621,0.000182708832954708,24.4511833171934,22075.985
4.1902742124037,-0.000397890299553475,24.4619331771622,22078.86
4.19006299313946,-0.00075644558981141,24.4564315023607,22081.751
4.19029002439655,0.00108972837109839,24.4496402825007,22084.642
4.19003475906157,-0.0014462907233577,24.4510585864498,22087.517
4.1900875841793,-0.000776098579594443,24.4498584211334,22090.392
4.19030129698553,0.000696800005354047,24.4532836997339,22093.282
4.19036012703645,-0.000937926877214813,24.4441114572376,22096.157
4.19003041495188,0.000105138327968725,24.442778125962,22099.048
4.19021581233639,0.0032931060824482,24.4378327265034,22101.923
4.1903282148667,2.62704521290955e-05,24.4416491704044,22104.813
4.19022362844972,-0.00067005118861729,24.4433669109772,22107.688
4.18991013975772,0.0013780176209327,24.4473889892302,22110.579
4.19007315704786,-0.000635274121780052,24.4542307882322,22113.47
4.18998352863002,0.000409573709736217,24.4370961693874,22116.345
4.18987177228566,-0.00267265218442721,24.4379648093019,22119.22
4.18998827085101,-0.00110656506157284,24.4439907666549,22122.11
4.19018181270718,-0.00166147712249504,24.4351359328521,22125.001
4.18989576109731,-0.00638496479197175,24.4404427399824,22127.876
4.19028769523118,-0.00120489850881287,24.4392420395934,22130.767
4.18990716175161,-0.00121527953709286,24.4417567551436,22133.657
4.18985785178862,-0.00331269990237296,24.4348354651139,22136.563
4.19010684333573,-0.00316435568763233,24.4433323780799,22139.454
4.18994758532516,-0.000129944019074649,24.4431808143141,22142.345
4.19017526014706,-0.00271350617820427,24.4375682864747,22145.22
4.18972443342085,0.000281802190155982,24.4338113374957,22148.11
4.19003905311895,0.000671077539235874,24.4375475423207,22150.985
4.19021998242664,0.000375769537980939,24.4303476868786,22153.876
4.18984941537622,0.000109459449173203,24.4444502715921,22156.767
4.19009998074654,0.0010321120057094,24.4416188861265,22159.642
4.18992242212337,-0.000668947819673243,24.440070502978,22162.532
4.18995188999296,0.00221250679088201,24.4360876304745,22165.423
4.18990246099805,-0.00278859241631394,24.4357849794226,22168.329
4.19009463687674,-5.89394958319441e-05,24.4350921949896,22171.204
4.18990779344418,-0.00179978057858695,24.455148291246,22174.079
4.18998575954321,0.00187827546600596,24.4439401004859,22176.97
4.19008008760435,-0.000835249245567204,24.4454310715939,22179.845
4.18994510845644,0.000822253989169279,24.440456124539,22182.735
4.19009817552775,0.00100166872694864,24.4454530587091,22185.626
4.18993104786729,-0.00150412462756561,24.44601264065,22188.517
4.18979074816427,0.00132557679453054,24.4440282931037,22191.392
4.18978170242135,0.00058335789256425,24.4437071982309,22194.282
4.18989090163153,-0.00219837624588103,24.4414611648614,22197.173
4.19002369956535,0.0044778861429831,24.4441454074607,22200.048
4.19004893183743,-0.00086265000316282,24.4410210439913,22202.938
4.18995513920217,-0.00308739363602576,24.4352948360028,22205.829
4.18994837968746,0.00183145101153212,24.4372898101235,22208.704
4.18974110424107,-0.000597411395569118,24.4399354055428,22211.595
4.18982242344756,0.00112486759245481,24.4366365621821,22214.485
4.18995044460571,-0.000703126251883464,24.439263346312,22217.36
4.18999437874832,0.00248738187638379,24.4288237055278,22220.251
4.18970165049878,-0.000931843890919632,24.4418596527243,22223.126
4.18975759151963,0.00347472436582231,24.4431043741923,22226.017
4.19013469311868,0.000360156743172811,24.4371790001333,22228.892
4.18926082701449,-0.00254760549077065,24.4319640192838,22231.782
4.18944144212474,-0.00271020495112851,24.4342014446912,22234.657
4.18969874443107,0.000372110518438503,24.4323714937953,22237.548
4.1898009752707,0.00583774817957079,24.4408189177398,22240.423
4.18978637601312,0.000402346029123238,24.4314796825956,22243.313
4.18985617825104,-0.00129082981452609,24.439155168373,22246.204
4.18944329252093,-0.00166127065096038,24.4267127675778,22249.079
4.18947139132849,-0.00139791316577296,24.4323527511519,22251.97
4.18963634788351,1.40374014085281e-05,24.4325388126499,22254.845
4.18977097867963,0.000405581502695488,24.4295211438781,22257.735
4.18985982820658,0.00325068937266556,24.4350246361985,22260.61
4.18981802594162,-0.00423871155043223,24.4351659341071,22263.501
4.18950530300559,0.00102812977740749,24.4308247251463,22266.376
4.18969847619474,0.00294905606642367,24.4294965451011,22269.267
4.18958928418254,-0.000323371674332787,24.4359811499801,22272.157
4.18976207757426,0.00174158729808704,24.4292908339271,22275.032
4.18966135899228,-0.000463740139621387,24.4304255766911,22277.923
4.18966360507672,0.00084896883586008,24.4303982455572,22280.798
4.1894919880476,-0.000963004367457443,24.4320474735748,22283.688
4.18951453882152,-0.00209547025653989,24.4292773024543,22286.563
4.18968236821417,-0.00183174115098659,24.4285130959334,22289.454
4.1895443836254,0.00119513328485687,24.4204343353843,22292.345
4.18957755006012,-0.00150443937042149,24.4234302336918,22295.22
4.18932906976894,0.00139140844387858,24.429465157282,22298.11
4.18952776777921,-0.00284674665334377,24.4269212896218,22301.001
4.18947319755635,0.00201299131110457,24.4326191860549,22303.876
4.18941711772526,-0.000873309563282596,24.4325523537373,22306.767
4.18909964287129,-0.00152694727367301,24.4323853306242,22309.642
4.18959611879098,0.00185286176008856,24.4333750015311,22312.532
4.18928212016916,-0.000640919327591398,24.4372033843343,22315.423
4.18960357925416,0.0019004999565347,24.4319989335061,22318.313
4.18974461259134,-0.00205140514805096,24.4257580299327,22321.188
4.18954386577375,-0.00111724105852499,24.4245039827113,22324.079
4.18953405477811,-0.00167017472831432,24.4203444897321,22326.97
4.18962776339308,-0.000345802822128363,24.4235544200805,22329.86
4.18968878754023,0.00207018499075529,24.4299377090038,22332.735
4.18952777148513,-0.00160707401747379,24.424738868107,22335.626
4.18916179479073,0.000304281091499554,24.426065760273,22338.517
4.18952245026255,-0.000785131176394248,24.4277890193292,22341.407
4.18961711850995,-0.000676126943889191,24.4303871182059,22344.298
4.18943307514558,-0.00349221236506449,24.4308948433078,22347.173
4.18932235515209,-0.000563714376296568,24.4254671224891,22350.063
4.18958045862125,-0.0033724147382302,24.4318817184564,22352.954
4.18903824751351,-0.00105636122213505,24.4315733093321,22355.829
4.18926064334791,-0.000847422359434839,24.427893256561,22358.72
4.18958002425719,0.00107425107575065,24.4300121569235,22361.61
4.18935735256489,-0.00157077469470829,24.4305657747761,22364.501
4.18651605270106,5.17030242881953e-05,24.3147870744301,22365.501
4.18670355836452,0.0023006657615027,24.3198798476555,22374.939
3.98306978327025,-2.00935227244185,24.3485353845268,22385.173
3.96777284681955,-2.00756880487956,24.4173576180145,22394.642
3.95592511096543,-2.007181613122,24.4903516241469,22404.079
3.94605023093174,-2.00849068554346,24.5775320977645,22413.564
3.93705000870843,-2.00955398361056,24.6795323971592,22423.017
3.92923613378365,-2.00894879970585,24.7489407247744,22432.47
3.92174240869695,-2.00662552219251,24.8576274722616,22442.001
3.91508171429116,-2.00862794367151,24.9484852334064,22451.423
3.90886868130472,-2.00983665918646,25.0386698270056,22460.923
3.90315204368023,-2.00838198497083,25.1293271819932,22470.392
3.89765229018477,-2.00482204329277,25.2126257226852,22479.845
3.89244261425069,-2.01139073119696,25.3133404875234,22489.283
3.8873327649618,-2.01060440746764,25.4007846220178,22498.783
3.88258284596707,-2.00513993897139,25.4991123898192,22508.22
3.87829583291375,-2.0091631333566,25.5748286562917,22517.704
3.87416001981808,-2.01092465616829,25.6628497335617,22527.142
3.86986633162074,-2.00984788988104,25.7669991111946,22536.626
3.8660286569559,-2.01019941451729,25.8550944435096,22546.064
3.86187239461251,-2.00814062770086,25.9470923649282,22555.564
3.85825128577559,-2.00587592701791,26.0353701791909,22565.095
3.85452846897128,-2.00646367488993,26.1234189348099,22574.579
3.85093563381491,-2.00825408563254,26.2119371909421,22584.048
3.84745313944381,-2.0038203928977,26.2925057849731,22593.47
3.84428731902344,-2.00942767803753,26.3800231299829,22602.923
3.84085205888061,-2.00890521945045,26.456138781583,22612.361
3.83784927758222,-2.01051795798722,26.5467883083854,22621.783
3.83480959338298,-2.00727462894183,26.6210606321725,22631.236
3.83171495428862,-2.00855842787603,26.7038191575386,22640.767
3.82860646333835,-2.00835183690204,26.7807326561388,22650.204
3.82572054321071,-2.00822542488946,26.8613401285372,22659.704
3.82298301949083,-2.00613232543312,26.9470685367884,22669.173
3.82013767633548,-2.0100423605144,27.0137597067879,22678.595
3.81738617741545,-2.01104392890718,27.1002121077313,22688.064
3.81467686475012,-2.00898503405944,27.1900221007995,22697.564
3.81190737774421,-2.01135238187981,27.2561234862462,22707.095
3.8093009585491,-2.01021347249148,27.340083735482,22716.517
3.80662636003359,-2.00858842112318,27.4037695273705,22726.033
3.80421257927358,-2.00706186334584,27.4871173500676,22735.439
3.80160591504515,-2.00781137823655,27.5493444596273,22744.923
3.79899931100423,-2.00766131051264,27.6349952810223,22754.454
3.79665935296192,-2.00798871021176,27.7026740049472,22763.892
3.7942578489414,-2.00876252615874,27.7692607029631,22773.408
3.79161649401006,-2.00891902712201,27.8536132757528,22782.954
3.7892065480203,-2.00859704139974,27.9286578145945,22792.408
3.78656411235961,-2.00855302254098,28.0029381220446,22801.861
3.78407012472926,-2.01064914439948,28.0763369481752,22811.329
3.78164287890985,-2.00867748395908,28.1446210128647,22820.751
3.77933516490457,-2.00903349117311,28.2105919768234,22830.204
3.77682298974557,-2.00945775206463,28.2637109139021,22839.72
3.77417693490734,-2.01025000772809,28.3352657488644,22849.126
3.77183492771206,-2.00722572707578,28.4124995577571,22858.611
3.76925730759092,-2.00641423537837,28.4722895279478,22868.048
3.76675297129958,-2.00908244744199,28.541220232601,22877.533
3.76457178966479,-2.00651499777246,28.5968272850132,22886.939
3.76195500779962,-2.0081406652723,28.6714937133812,22896.454
3.75966413090607,-2.00927860329788,28.7105146786224,22905.892
3.75730746787276,-2.01017826086393,28.78228694735,22915.408
3.75484725923871,-2.01015689845253,28.8308835187385,22924.814
3.75242261741608,-2.0089667599507,28.885309483082,22934.251
3.7500141291025,-2.00971998189346,28.9488728706001,22943.736
3.74772948537643,-2.00768622361092,28.9891845427919,22953.173
3.74547685789504,-2.00645657607442,29.0474683633221,22962.626
3.74331904105304,-2.01011724799147,29.0894771552683,22972.111
3.74080051125828,-2.00823135850215,29.1416140895224,22981.533
3.73856590216989,-2.0086118371769,29.1845810650489,22990.986
3.73641739367678,-2.00969858630165,29.2222045818922,23000.47
3.73437615829291,-2.00785514637031,29.2679397650975,23009.892
3.73194065203476,-2.00829344118424,29.3044386752489,23019.392
3.72974417616703,-2.00891125389799,29.3418977081026,23028.908
3.7277001456082,-2.01115227592427,29.3775132979875,23038.361
3.72565500151866,-2.0074822755416,29.409426515295,23047.845
3.72341892711836,-2.00876488896002,29.4409165957331,23057.283
3.7214641764219,-2.01144549566459,29.463650530268,23066.767
3.71912078713477,-2.00818563539093,29.4993745843454,23076.236
3.71703435282895,-2.00841025131501,29.5310629824025,23085.72
3.71493876804902,-2.0083342834017,29.5542690193416,23095.22
3.71282686722739,-2.00888157063123,29.5826290591632,23104.767
3.71052201299761,-2.00616491061163,29.6162398337415,23114.22
3.70871842594164,-2.00965403578959,29.6417017893372,23123.689
3.70642128531207,-2.00858515017913,29.6630506368505,23133.236
3.7045185041497,-2.00985602312748,29.6731636403833,23142.673
3.70236321334059,-2.0116239540226,29.7001191417967,23152.173
3.70021915262565,-2.00792711210115,29.7186257018148,23161.658
3.69836646855113,-2.00999563124112,29.7379538572944,23171.064
3.69639252530409,-2.00984496831104,29.7676474710501,23180.517
3.69413335250016,-2.0085445387079,29.786467410553,23189.97
3.69193772784843,-2.00972541516251,29.8044837440875,23199.423
3.69026633209464,-2.01050089915134,29.8315190158782,23208.908
3.68815148431358,-2.00950122851227,29.8541355933616,23218.376
3.68593454734947,-2.00618378115861,29.870912244452,23227.876
3.6841845964718,-2.00753621445921,29.8879706985716,23237.298
3.68198545281353,-2.00925858151381,29.9115053750651,23246.783
3.67996965583095,-2.00817533466825,29.9379919168821,23256.204
3.67817768815554,-2.00841287406746,29.9519133572059,23265.689
3.67600157713162,-2.00889961743255,29.9682956156454,23275.095
3.67411084463347,-2.01022255880041,30.001080311231,23284.579
3.67213132668823,-2.0077619743188,30.0091568927185,23294.017
3.67020142238768,-2.01087020496513,30.0344884802396,23303.517
3.66830777739131,-2.0085638732501,30.0547561328504,23312.939
3.6661703126425,-2.00883384427704,30.0800876618143,23322.454
3.66431117162284,-2.00694952559016,30.1135148867492,23331.923
3.66259278600819,-2.00837849806758,30.1359221479656,23341.345
3.66053337937726,-2.01019349326061,30.1534849855916,23350.767
3.65885869266736,-2.00830988258355,30.1841157451452,23360.314
3.65661025138176,-2.01121392183819,30.2072329675105,23369.829
3.65481437877855,-2.00916366211406,30.2354363800695,23379.345
3.65288972120002,-2.00739207043736,30.2551705366714,23388.814
3.65091411275515,-2.00942523509519,30.2850111019415,23398.329
3.64906852230552,-2.00802884904826,30.3130848410458,23407.892
3.64730168874978,-2.00798633402909,30.3416419144581,23417.423
3.64525818121744,-2.0053735031407,30.3684471738593,23426.97
3.64352226091127,-2.00734895986742,30.397934881468,23436.408
3.6417152087029,-2.0078403754059,30.4151756297933,23445.876
3.63974610580298,-2.01079996960037,30.4445990529305,23455.329
3.63795630026861,-2.01105527676464,30.4673267006398,23464.751
3.63622358492687,-2.00663730773405,30.4962436293516,23474.173
3.63433282684302,-2.01000953677206,30.5330622739007,23483.626
3.63244057013436,-2.00926908243906,30.5467513357341,23493.111
3.63069566958004,-2.00734377373737,30.5704453133849,23502.579
3.6285913658191,-2.01101664934988,30.5967865571201,23512.033
3.62710946828474,-2.00548250593011,30.6220920978187,23521.439
3.62537899202882,-2.00790630240594,30.655359092639,23530.892
3.62337033025675,-2.00928262035203,30.6737297248496,23540.283
3.62182991421538,-2.00818450892621,30.7046885484769,23549.704
3.61982267326766,-2.01070092960151,30.7298598991731,23559.204
3.61823900508308,-2.00844192899621,30.7572266534936,23568.595
3.61633877622712,-2.00824060357822,30.7850157654329,23578.048
3.61477950814633,-2.00943302564861,30.8123968315578,23587.533
3.61295788223222,-2.00929877486596,30.8450595694595,23596.986
3.61132825735927,-2.00664189992864,30.8757047970022,23606.47
3.60956053572957,-2.00685348385796,30.8952401157313,23615.954
3.6075443077006,-2.00701672782343,30.9134384194437,23625.454
3.60601074266076,-2.0091153108155,30.9423809106099,23634.908
3.60414061670417,-2.0098244029448,30.9718875101243,23644.329
3.60249300688637,-2.00927093787895,31.0054930390687,23653.814
3.60076060854277,-2.00600869492393,31.0219507245321,23663.251
3.59917738389357,-2.00784684362497,31.0461950837441,23672.72
3.59729093958547,-2.00861916628485,31.0766188481519,23682.158
3.59560605302519,-2.01055677517575,31.1062653218046,23691.689
3.59389769173636,-2.00748204646437,31.1262981477902,23701.126
3.59218417819317,-2.00824387434277,31.1521368134861,23710.579
3.5903766571443,-2.00845971019502,31.1789188994345,23720.048
3.58890970801076,-2.00790620016379,31.2102608690914,23729.517
3.58715961874396,-2.00980119415775,31.2339530529937,23739.048
3.58573263916806,-2.00939083327539,31.2583763434986,23748.501
3.58393625179618,-2.00918218090841,31.2899823252625,23757.939
3.58219984919164,-2.00968995216033,31.3143305797008,23767.423
3.5808300715673,-2.00772229641225,31.3429123486642,23776.908
3.57901457016651,-2.00992276786558,31.3625793492874,23786.439
3.57743824285103,-2.00883010320191,31.4018005973308,23795.954
3.57575886818399,-2.01008126720067,31.4300807797724,23805.423
3.57438502916322,-2.0068690675203,31.4459262288862,23814.923
3.57263360975668,-2.00791966387396,31.4771545252111,23824.329
3.57116972549477,-2.00762098371941,31.4960297531133,23833.767
3.56966874100687,-2.0070223850226,31.5188491205629,23843.22
3.56776302587474,-2.00875087441209,31.5540656180132,23852.767
3.56627632876082,-2.00675872346975,31.5691575266127,23862.329
3.5644372184036,-2.00560061796701,31.5904018675681,23871.845
3.56317588552989,-2.00543496423815,31.6221060000854,23881.267
3.56177268260314,-2.01023662642808,31.6562903802145,23890.798
3.56002090963312,-2.01206383281539,31.671978261014,23900.345
3.55844477527051,-2.00869129500013,31.6908930956318,23909.767
3.55720657552279,-2.00918428541822,31.7198686250208,23919.283
3.55558485400171,-2.00740044570942,31.7449816034777,23928.767
3.55400230027077,-2.00731621867542,31.7596709604906,23938.204
3.55245320758578,-2.00656724022193,31.7884757258261,23947.642
3.55099913342107,-2.00545717339234,31.799605045284,23957.111
3.5495708809125,-2.00860000902363,31.8357367195841,23966.548
3.5480747835018,-2.00723692901004,31.8587833903523,23975.986
3.54673834118339,-2.00977021669041,31.8856363030277,23985.486
3.54526545666496,-2.00556241726295,31.9079591254609,23994.939
3.54380318926563,-2.01059982607059,31.9282975671226,24004.392
3.5424574215724,-2.00757254708635,31.956265930564,24013.829
3.54106283382998,-2.00917262798587,31.9651141998283,24023.314
3.53962846208918,-2.00795317772112,31.9984657158697,24032.767
3.53820719710591,-2.00883980163169,32.0209670874126,24042.189
3.53679541374614,-2.00927851230832,32.0427969777625,24051.642
3.53567577342262,-2.00898056231345,32.0518676440998,24061.126
3.53415996595079,-2.00739821331167,32.0801579809538,24070.579
3.532859824273,-2.00634325486636,32.1077211360205,24079.986
3.53149899612656,-2.00966907435792,32.1271133928589,24089.423
3.53019553532096,-2.00637942570896,32.1552583055816,24098.876
3.52896312773796,-2.00556653109591,32.1864390783401,24108.345
3.5275010395181,-2.00794253032589,32.2072788740216,24117.845
3.52633139150447,-2.00897296254927,32.2087304493052,24127.314
3.52505469954862,-2.00802831136403,32.2404419852136,24136.72
3.52366645704131,-2.01059399735261,32.2551836208422,24146.173
3.52270336795184,-2.00935305113838,32.2858640380693,24155.689
3.52112596507679,-2.00979884920462,32.3127234846345,24165.236
3.52001472651402,-2.00937165627491,32.3314335985272,24174.673
3.51876385802389,-2.00924923268725,32.3517899040472,24184.142
3.51758632126814,-2.00630642769038,32.3790782491017,24193.611
3.51638174902382,-2.00925497370469,32.4012396207829,24203.079
3.51504990203664,-2.00812505194535,32.4218351610745,24212.595
3.51407692848625,-2.00632031277246,32.4477778816991,24222.017
3.51295283163123,-2.00921005676217,32.4673656929795,24231.517
3.5118273865017,-2.01264387395145,32.485064099361,24241.079
3.51033375832642,-2.00810754820674,32.5025994745155,24250.533
3.50936719371984,-2.00857823932935,32.5291605459409,24260.033
3.50822423819531,-2.0077583556412,32.5375448426937,24269.501
3.50723593778577,-2.0083034778506,32.5649570759199,24278.923
3.50608950134073,-2.00944725094389,32.5792202711005,24288.329
3.50506183794622,-2.00670588565992,32.6168325346205,24297.751
3.50390969867933,-2.00847208972821,32.6347472677764,24307.189
3.50292010369421,-2.00781775479541,32.6605635654336,24316.595
3.50183995264077,-2.007273560037,32.6847411018353,24326.048
3.50065907128215,-2.00949954062071,32.7131963650397,24335.564
3.49978306961815,-2.0075630964443,32.7234440023151,24345.033
3.49841559575887,-2.00674744793951,32.7417866601887,24354.486
3.49771658066086,-2.00972007834963,32.7583044355314,24363.954
3.4964877217273,-2.00646428754464,32.78457356722,24373.408
3.49575243389564,-2.00629248755993,32.8060183617378,24382.845
3.49449401043823,-2.00674150655819,32.8183795759092,24392.283
3.4936846885611,-2.010716737568,32.851486165602,24401.814
3.4925588035779,-2.00820857622828,32.8678795841988,24411.251
3.49156070120605,-2.01062664861534,32.8964712488654,24420.736
3.49065594287876,-2.00847973914205,32.9058591262315,24430.158
3.48957909745443,-2.00874614695052,32.925522524734,24439.642
3.48872343510068,-2.004349352732,32.9553609826102,24449.095
3.48761662291693,-2.00714483159246,32.9821219868474,24458.611
3.48674339137077,-2.00699846591382,32.9994967602306,24468.095
3.48573711999127,-2.0088118798404,33.0220997841604,24477.548
3.48481164727916,-2.00799115018397,33.0566654833837,24486.986
3.48378126681555,-2.0096012536009,33.0712206072738,24496.439
3.48296583899899,-2.00960535933609,33.0815407244697,24505.954
3.48187816219331,-2.00893817140703,33.1128689062539,24515.376
3.48071965283679,-2.0092042244714,33.145255476046,24524.908
3.47991329937086,-2.00950364956465,33.1559011875744,24534.361
3.47885311668969,-2.00933933814205,33.1737621366213,24543.845
3.47791371046974,-2.00935460223702,33.1940139045874,24553.361
3.47701582776912,-2.00877865001098,33.2264652463141,24562.876
3.47612349966978,-2.00988894525796,33.2503061123709,24572.345
3.47503030158806,-2.00955190216607,33.2746435450365,24581.814
3.47415196555484,-2.00918830095912,33.2840832572209,24591.267
3.47304088002524,-2.0077692609113,33.3155049911037,24600.767
3.47211098940835,-2.00930888408795,33.3438443460055,24610.236
3.47114775011732,-2.00982896024724,33.3682124968753,24619.673
3.47022033544885,-2.00974762451013,33.3972918067317,24629.095
3.4690357769321,-2.00736771124403,33.4226445045361,24638.595
3.46826037430314,-2.00705864000708,33.4442465288125,24648.064
3.46736619483659,-2.00887971503178,33.4703533549505,24657.564
3.4663054179927,-2.00670240059998,33.495569975367,24667.033
3.4652102843477,-2.0115691812281,33.5115636473536,24676.579
3.46421052267061,-2.00920319299621,33.5488621227268,24686.001
3.46322783412975,-2.00762363769886,33.5687410655028,24695.439
3.46227344766947,-2.00623607736266,33.595628750234,24704.923
3.46107090904145,-2.00491728452075,33.5948811899139,24714.361
3.45998570431451,-2.00667454979863,33.6425011791237,24723.783
3.45919891763807,-2.0086109209223,33.6731047020293,24733.22
3.45820199760921,-2.00829781646804,33.6967777032471,24742.673
3.45715998728764,-2.00907552328867,33.7186236555077,24752.189
3.45613927041974,-2.00834760386043,33.7479033666656,24761.642
3.45497813659519,-2.01071626967039,33.7709017413539,24771.095
3.4538206177025,-2.00868870076078,33.8067124636205,24780.564
3.45290257890413,-2.00954518704165,33.8414267444829,24789.954
3.45187641658478,-2.00633136422597,33.8639165272482,24799.439
3.45064502764046,-2.01038318339908,33.8814464949151,24808.908
3.44944862091685,-2.00487320962112,33.90912332712,24818.408
3.44838522076213,-2.00691127353577,33.9435843948538,24827.97
3.44748255350509,-2.00625820888667,33.9780859213351,24837.439
3.44626020496752,-2.00914359425713,34.0044510454957,24846.923
3.44518961769463,-2.00727473419949,34.0223733916221,24856.376
3.44401952217154,-2.01023305223081,34.059507257798,24865.814
3.44295827715942,-2.00953340686092,34.0889798313035,24875.283
3.44167979737761,-2.00675212991746,34.1202649583829,24884.704
3.44054198983437,-2.00731788175339,34.1526735763024,24894.283
3.43931316361662,-2.00819995258171,34.1760147767532,24903.814
3.43813404391184,-2.00783805366104,34.2214141747304,24913.251
3.43700788337117,-2.00950530898325,34.2399079000442,24922.767
3.4358884729911,-2.00797442113366,34.2562893232523,24932.267
3.43457926778093,-2.00953392843791,34.310544328174,24941.751
3.43323828960891,-2.00799219776957,34.3368938375116,24951.204
3.43192315582804,-2.01017119767143,34.3613054353662,24960.611
3.43057624325587,-2.00947552794438,34.397896913248,24970.142
3.42942011284173,-2.00843563868774,34.4308610193729,24979.579
3.42820760162064,-2.01092116271901,34.460569920873,24988.986
3.426831437687,-2.01052669468038,34.5035735825913,24998.454
3.42546176670409,-2.00802953926557,34.5279388490816,25007.861
3.42426656077864,-2.00813067172381,34.5682791323971,25017.376
3.42277499597455,-2.00817547884244,34.6006556332766,25026.798
3.42127799158252,-2.00562115006318,34.6358272929273,25036.283
3.41997167391937,-2.00837388364358,34.6688790182286,25045.783
3.4184210164354,-2.00905171913846,34.7097711943264,25055.204
3.4169730710905,-2.01193350208767,34.72464365867,25064.658
3.41566043971729,-2.00904179912339,34.7729973872889,25074.111
3.41394660845186,-2.0077204396457,34.7945790032863,25083.533
3.41255326106721,-2.00824374865311,34.8488311750669,25093.033
3.41113556568024,-2.00846674591757,34.8807952252909,25102.47
3.40919115702328,-2.00721549910767,34.8972803374787,25111.923
3.40781965768181,-2.00927267385586,34.9407550062141,25121.392
3.40595239522362,-2.01054359995479,34.9725267328422,25130.876
3.40440054500047,-2.00931978972155,35.016390381171,25140.329
3.40250175467484,-2.00729934907412,35.0472346896135,25149.798
3.40083558245451,-2.00839688479951,35.0780058377841,25159.251
3.39892859238743,-2.00713466022628,35.1186670682737,25168.704
3.39742692136897,-2.00700882690009,35.1661907590208,25178.142
3.39519627999686,-2.01136073996112,35.1963330253424,25187.642
3.39326416261129,-2.00871207801139,35.2245484510839,25197.126
3.39119090321531,-2.00964783057943,35.2668677099025,25206.564
3.38902625240533,-2.00714442339258,35.3138490126443,25216.064
3.38707905849163,-2.00940117332865,35.3385030795798,25225.517
3.38471593379179,-2.00355441960587,35.3712703432558,25235.048
3.38251990895923,-2.00687388251565,35.4141184298307,25244.47
3.38020582565319,-2.00981339229987,35.4448082961532,25253.954
3.3776575723745,-2.00892587103459,35.4791708489435,25263.423
3.37507234058,-2.00662404739734,35.5101837393941,25272.876
3.37233291269917,-2.00825363089469,35.5404173848514,25282.423
3.36971277867515,-2.00798643953538,35.5803822413602,25291.876
3.36700271955432,-2.00699219565945,35.6145615150329,25301.329
3.36385024510413,-2.00772407034165,35.658255958102,25310.751
3.36083104152826,-2.00596587492029,35.6924851235637,25320.236
3.3574733618484,-2.00772324136148,35.7432278653189,25329.704
3.35386454088182,-2.00751691080837,35.7666229310204,25339.173
3.3501901801203,-2.00743958952945,35.8076954804736,25348.611
3.34644785127157,-2.01027390613539,35.8387949821187,25358.033
3.34225635224343,-2.0085914851813,35.880815314741,25367.501
3.33772005574458,-2.01082302660746,35.9278677756068,25377.017
3.33336368400216,-2.00743474617191,35.9625794296915,25386.47
3.32826466201078,-2.01081668124995,36.0118501924326,25395.939
3.32277625092667,-2.01062075156192,36.0481974818914,25405.408
3.31725873426383,-2.00826075660239,36.0923132858189,25414.892
3.31104515698995,-2.00891943874768,36.1278372717415,25424.408
3.30460495342062,-2.00788388926664,36.182582034363,25433.876
3.29769906015388,-2.00675079164337,36.238428322998,25443.345
3.2895429004976,-2.00760202681371,36.2721236154842,25452.97
3.28144606010252,-2.00570451311365,36.3378705335446,25462.642
3.27266804171457,-2.00950563553828,36.4041955635983,25472.22
3.26315584408035,-2.00451120880183,36.4355562582648,25481.845
3.25286623786742,-2.00739891562248,36.4807310912519,25491.439
3.24171527789267,-2.00664494907859,36.5362451118921,25501.048
3.22964382655597,-2.0072617173356,36.5975983140945,25510.642
3.21706502186204,-2.00790323085683,36.6522556654267,25520.283
3.20318890287686,-2.00693276458761,36.7105395763519,25529.908
3.18863309927462,-2.00569500747507,36.7779105395182,25539.47
3.17257353780815,-2.0066570978416,36.8352772234972,25549.033
3.15563529086854,-2.00852135599066,36.8836909038155,25558.642
3.1370196669349,-2.01107042192759,36.9454214404264,25568.267
3.11715190358017,-2.00801783174302,37.006842418407,25577.845
3.09545510163184,-2.01059280874712,37.0771006476405,25587.439
3.07150301473142,-2.00946424680934,37.1337982586431,25597.126
3.04547709490108,-2.00951716943324,37.2027219476951,25606.845
3.01726161902389,-2.00884362274503,37.2629880976019,25616.423
2.98509633045033,-2.00844257053552,37.3283964113453,25626.126
2.94976998799637,-2.00910024257267,37.414396925686,25635.72
2.90803122441241,-2.00724387762261,37.4831927430061,25645.361
2.85847264196045,-2.0086558178928,37.5596514565493,25654.954
2.79826506432159,-2.00890707496475,37.6454411276655,25664.658
2.72508013615535,-2.0103920775433,37.7222618024394,25674.251
2.63371160521028,-2.00824107789347,37.8374428514955,25683.829
2.52298057678721,-2.00642823488802,37.9513224682141,25693.439
2.41143819941483,-2.0121697472375,38.0896018737312,25702.97
2.84287858433738,-0.00102278476128817,38.1498799599416,25712.689
2.91473403410145,-0.00364267605858523,38.0833764121394,25722.439
2.95721704744148,-0.00265440215355388,37.9720427142794,25732.204
2.98887914674088,-0.00187432996726118,37.851474159162,25741.954
3.01437818417023,0.00116617932664108,37.7321738814189,25751.736
3.03646382693461,0.000489632545563212,37.5874502554892,25761.486
3.0559133650489,0.00310777085662534,37.4334233376906,25771.267
3.0725758211227,0.00261476712326802,37.2883706502379,25781.017
3.08820017012583,-0.000910647531236055,37.1554752249802,25790.986
4.18622502400328,0.000427765341221111,23.0272074770571,25791.986
4.1864540639765,0.00101543590714047,23.0376107907989,25801.283
3.9821833465359,-2.00675315032139,23.061693622989,25813.752
3.96077107403094,-2.00787889991481,23.1431445829012,25825.502
3.94497389069439,-2.00793572101784,23.2565660491835,25837.189
3.9317257289063,-2.00865154937681,23.3804823342554,25848.845
3.92006460054506,-2.00737102404756,23.4928242179777,25860.548
3.90991659626847,-2.00707349262194,23.6039732007575,25872.236
3.90090570213917,-2.00829984375613,23.7293957338366,25883.908
3.89213061463304,-2.00444065208375,23.8388319708748,25895.673
3.88444934157093,-2.00596406679731,23.9708150389528,25907.377
3.8771076528609,-2.00710796073776,24.0908237923704,25919.048
3.87040671619739,-2.00969313781582,24.217989649299,25930.767
3.86388441340759,-2.00964867668078,24.3363386481415,25942.486
3.85778304945846,-2.00927229747146,24.4638027338976,25954.22
3.85215098527008,-2.01021541082484,24.5789809007099,25965.923
3.84655009648389,-2.00550416001274,24.7007170307519,25977.533
3.84142095645694,-2.00809816025148,24.8101334377649,25989.205
3.83663516018336,-2.01013290493669,24.9410353678726,26000.892
3.83185776376914,-2.0070393726096,25.0531261503861,26012.548
3.82769471349545,-2.00713270225858,25.1724163550717,26024.236
3.82313098665491,-2.00836990861799,25.2835620265823,26035.986
3.8189158589119,-2.00538048476253,25.4019468365841,26047.72
3.81507361284512,-2.00804840413762,25.5212734571284,26059.377
3.81139360441191,-2.00724672624988,25.6451601451374,26071.048
3.80754103976713,-2.00736145356709,25.7741106888046,26082.689
3.80373836930372,-2.0077144324132,25.8846824266091,26094.377
3.80035388186012,-2.00612547253416,26.0024800119308,26106.064
3.796325422928,-2.00788151945332,26.102021743198,26117.736
3.79282040160446,-2.00456110992198,26.2113964204988,26129.377
3.78911037209062,-2.01023220030147,26.323399265708,26141.017
3.78516800247091,-2.00964609301014,26.4247540340836,26152.705
3.78115764395039,-2.00918396045678,26.5414411834355,26164.408
3.77712884444116,-2.00700287717201,26.6379000345644,26176.095
3.77264961946149,-2.00836013005237,26.7511250614498,26187.752
3.76898024233177,-2.00876540711414,26.8558413965059,26199.455
3.76477793043753,-2.00519098151049,26.9512861605232,26211.142
3.76016374359647,-2.00914215661723,27.0420390287693,26222.814
3.75572557015326,-2.00644588751779,27.1422603550193,26234.517
3.75139934539171,-2.00984546770785,27.2353895635799,26246.314
3.74653405199722,-2.00438067789881,27.3285736604835,26257.955
3.74214659937412,-2.007514654615,27.4315844775838,26269.642
3.73765896667124,-2.00945728742714,27.5226815020804,26281.298
3.73304084101208,-2.01023671899388,27.6016826018181,26292.955
3.72853669300496,-2.00946626148446,27.6589718237709,26304.673
3.72385151604819,-2.00749369107499,27.7265220700209,26316.377
3.71971755947437,-2.00426321467005,27.7763159688728,26328.048
3.71520815441001,-2.00340962809294,27.8325356407225,26339.689
3.71104317078368,-2.01039681859303,27.8794821357702,26351.377
3.70727400097607,-2.00810523416961,27.9275943612734,26363.111
3.703247180808,-2.00863858629623,27.9526550788555,26374.783
3.69960329019854,-2.00613975315413,27.9846213547379,26386.439
3.69610826579964,-2.00713713774916,28.0021203494899,26398.095
3.69233148686661,-2.00849134028225,28.0196215630716,26409.814
3.68906453849118,-2.0088925841877,28.0458190671752,26421.58
3.68561602068391,-2.00882341669343,28.0667033854471,26433.252
3.68189955586023,-2.00415243234095,28.0813645578151,26445.048
3.67904482366431,-2.00859936158647,28.0872058899253,26456.705
3.67564487740503,-2.00617043403361,28.0898808832814,26468.361
3.6722778232943,-2.00651654881813,28.0994451027395,26480.002
3.66907075887951,-2.00763766080546,28.1077932070968,26491.689
3.66550186074322,-2.00653420996105,28.124154645635,26503.455
3.66252795757452,-2.01011703635356,28.1341365029094,26515.127
3.65925209955332,-2.00770218404823,28.1514244173571,26526.814
3.65604999825019,-2.00871183186471,28.1556203433635,26538.47
3.65292482699108,-2.00579636036547,28.1671336624276,26550.127
3.64971119467854,-2.00575368527267,28.1928440912037,26561.814
3.64633909510239,-2.00867781254932,28.2042139991526,26573.486
3.64309682010494,-2.00769815779454,28.2145785639679,26585.205
3.64009450186524,-2.00633850799691,28.2403225145523,26596.892
3.6368686915796,-2.00605448820935,28.2586163484084,26608.533
3.63380228445191,-2.00905090222158,28.2926152488013,26620.252
3.63054543798718,-2.00667885745623,28.3243084606905,26631.892
3.62747159874606,-2.00679866725822,28.3553221787258,26643.533
3.62452864698893,-2.00978582987733,28.3999806556272,26655.236
3.6213412227807,-2.0086184295459,28.4293175151068,26666.939
3.61828324009509,-2.00932727911901,28.4538982804628,26678.627
3.61525350257408,-2.00726294270081,28.4839912252304,26690.298
3.61236777543465,-2.0099092511228,28.5208605440175,26702.017
3.60921294900731,-2.00694412331712,28.5723179369035,26713.658
3.60642454130058,-2.00776690365109,28.609523639061,26725.377
3.60347286538252,-2.0095097519508,28.6531500533958,26737.064
3.60039964831716,-2.00718840602242,28.6815564208293,26748.767
3.5973745637765,-2.00828702617811,28.7193957901601,26760.439
3.59474856584374,-2.0028484890156,28.7707999591932,26772.111
3.59177032570646,-2.00840568969147,28.813890027439,26783.783
3.58892537453177,-2.00741028159257,28.869731130794,26795.564
3.5860527520532,-2.00769616148915,28.9157847947318,26807.236
3.58332778741223,-2.00801360674164,28.9689981070311,26818.892
3.58068174229199,-2.00741699035966,29.007666638759,26830.611
3.57806590882149,-2.00888974933032,29.0580218471711,26842.283
3.57513846297521,-2.00535580815545,29.0928985041031,26853.986
3.57247404525755,-2.00416370906724,29.1476249944536,26865.72
3.56970442174454,-2.00715458326184,29.1966847861225,26877.439
3.56723284629925,-2.00681537262609,29.2257362248277,26889.095
3.56452593410543,-2.00814771852247,29.2716019924521,26900.767
3.56195822792783,-2.00550252581339,29.3379829292313,26912.47
3.55936627096903,-2.00753926545243,29.3660495141968,26924.173
3.55675262745139,-2.00842258427795,29.4243899317362,26935.908
3.55441155028437,-2.00857918330539,29.474300698683,26947.595
3.55167674057745,-2.00870178431413,29.5070524639118,26959.283
3.54922867269117,-2.00778827628001,29.5608414818014,26970.955
3.5466933903395,-2.01011893219227,29.6117842098595,26982.627
3.5442964012239,-2.00497758330209,29.6554300025295,26994.298
3.54178670398225,-2.00893143262995,29.6993602082941,27005.955
3.53956605536685,-2.00820285414805,29.7498097323512,27017.627
3.5370765994574,-2.00485237493644,29.7820838400498,27029.361
3.53471197859615,-2.00776738921116,29.8442274287064,27041.002
3.53248177392877,-2.00448461085076,29.8920466474657,27052.705
3.53002963549358,-2.00574551029208,29.9324051411587,27064.392
3.52773707384236,-2.00698944686544,29.9956446897456,27076.095
3.52531379692897,-2.00961875218528,30.0186667458053,27087.767
3.52323587809834,-2.00528203188645,30.0729217876646,27099.439
3.52101412052358,-2.00764124476995,30.1324362096015,27111.142
3.51881619953114,-2.00764576545374,30.1547356805448,27122.892
3.51660562724837,-2.00713436132276,30.2121885179924,27134.627
3.51437815857618,-2.00850619903676,30.2543155981524,27146.298
3.51226494398122,-2.01027551523798,30.3010146283462,27158.111
3.51020264159318,-2.00821914129609,30.3358089107761,27169.908
3.50820066925539,-2.00900339896563,30.3953207227928,27181.705
3.506118257935,-2.00753075694682,30.4340796192058,27193.533
3.50395243652362,-2.008788172725,30.4888693767693,27205.314
3.50184916724692,-2.00734524919088,30.5211083339026,27217.111
3.4997976877374,-2.01112774324504,30.5642652341111,27228.923
3.49787633275354,-2.00666086533309,30.6192493967973,27240.752
3.49578022699511,-2.00911838269563,30.660954882222,27252.642
3.4941583878667,-2.00770710931055,30.6909029944212,27264.423
3.49207983088662,-2.0072341346107,30.729202223718,27276.205
3.48987697491078,-2.00902583481645,30.7981739377465,27288.064
3.48829071465352,-2.00964572980459,30.8399477504322,27299.877
3.4862569958537,-2.00669863639844,30.8927615073854,27311.705
3.48428043610482,-2.00688844872695,30.9248600326252,27323.502
3.48278736214573,-2.00891930578646,30.9718846010178,27335.298
3.48069462615962,-2.01026850171608,31.0205869140873,27347.142
3.47896391579897,-2.00632434753655,31.0430570589415,27358.939
3.47706775201131,-2.00706154357218,31.0887676559176,27370.72
3.47527952716206,-2.00744170031508,31.1422874041984,27382.595
3.47359611599101,-2.00996864444367,31.1943226731567,27394.408
3.47182676608418,-2.01181876081856,31.2369593101534,27406.22
3.46995201986184,-2.0101171810764,31.2753532058028,27418.064
3.46828294502843,-2.00986810177892,31.334113876339,27429.861
3.46647050580326,-2.01064207615044,31.3849056632722,27441.658
3.46451108303394,-2.01011927342078,31.4218536575959,27453.502
3.4632606568384,-2.00896002191115,31.4626357238338,27465.345
3.46125414422552,-2.00773246595701,31.5058947282682,27477.127
3.45955102097297,-2.00833996823115,31.548279659041,27488.908
3.45784407247882,-2.01032113564574,31.5924483527355,27500.767
3.45621583298798,-2.00572888170705,31.6333338862688,27512.658
3.45436369152217,-2.00802764028631,31.6746810487541,27524.455
3.45265962515818,-2.00825613184799,31.7101948322541,27536.267
3.45106059486304,-2.00872691754737,31.762366193097,27548.08
3.44892582031517,-2.01016993711,31.8055865079994,27559.877
3.44751559952348,-2.00825842616745,31.8638369608737,27571.689
3.44577083839142,-2.00772755281408,31.9079404495623,27583.533
3.44416241652198,-2.008417799343,31.949184082218,27595.33
3.44226004388051,-2.00980941942861,31.9877561804301,27607.236
3.44045962061184,-2.00853800026116,32.0347730127772,27619.08
3.43883492032748,-2.00631325547959,32.0891999192746,27630.923
3.43718304689256,-2.01064974709292,32.1280212922591,27642.736
3.43547593385617,-2.0089589786969,32.1816266017874,27654.548
3.43363854045519,-2.01213387199637,32.2259330759127,27666.455
3.43206759841957,-2.00959722024677,32.2845284419622,27678.345
3.43025731037785,-2.00770670018942,32.3284241953968,27690.173
3.428500336594,-2.00919333430899,32.3517861534037,27702.002
3.42650000745733,-2.00775580009135,32.3963552733466,27713.845
3.42459889223063,-2.00822740273431,32.4460699991114,27725.658
3.42289660480695,-2.00788309849719,32.4848582944379,27737.502
3.42113033948007,-2.0100621557877,32.5422292102534,27749.33
3.41939327710938,-2.00854380497645,32.5778246998272,27761.189
3.41746357871384,-2.00762423181255,32.6226183089447,27773.111
3.41546726203206,-2.00830191516268,32.678178038256,27784.97
3.41352277398677,-2.00742178357757,32.7287121064657,27796.752
3.41172992834352,-2.01059521458705,32.780386414129,27808.533
3.40966031775267,-2.0092887754284,32.8242774362952,27820.345
3.40761745000942,-2.00821674906003,32.8741567327125,27832.127
3.40569285584452,-2.01081160436497,32.9206132115482,27843.923
3.40373890831645,-2.0099673719661,32.9684980055346,27855.814
3.40153537732749,-2.01050365112362,33.0172181188361,27867.673
3.39973964724553,-2.01023603185548,33.0662144388383,27879.47
3.39751111906335,-2.01016413848327,33.1126095605186,27891.267
3.39547407219756,-2.00744620045501,33.1560241546558,27903.173
3.39317051256871,-2.00822622668297,33.2046521824401,27915.017
3.39113236714841,-2.00981050481339,33.251887421255,27926.861
3.38884209014712,-2.00795785917994,33.2982173652775,27938.658
3.38666438129421,-2.00829939599184,33.3419897750743,27950.47
3.38400896231149,-2.00778581201823,33.3983349338814,27962.314
3.38174134705848,-2.00996495907979,33.45431481689,27974.127
3.37953724984276,-2.00724108189849,33.5066784635236,27986.017
3.37706079787034,-2.00717939267753,33.5735412521946,27997.83
3.37422346977092,-2.00837043029563,33.6303309274875,28009.658
3.37174250433005,-2.00922589365635,33.6914241146194,28021.611
3.36894324192793,-2.00553874374535,33.7506685447536,28033.455
3.36620970268027,-2.00925493530074,33.8032504426977,28045.298
3.36342208131287,-2.0075819292679,33.8638207873247,28057.127
3.36042008545146,-2.00614475457111,33.912837796906,28068.923
3.35743337451298,-2.00600012020046,33.9657421170612,28080.798
3.35452706127157,-2.00831536925957,34.0187988475452,28092.627
3.35107036182772,-2.0087375205777,34.0686437173587,28104.486
3.34779639995717,-2.00808406910902,34.1097299185831,28116.298
3.34420196321066,-2.00645841140314,34.1651403445962,28128.173
3.34077780029946,-2.0074649299882,34.215751000064,28139.986
3.33681096926752,-2.00936717186304,34.2762090551148,28151.798
3.33298887458092,-2.00762456287649,34.3394805814579,28163.58
3.32877554852654,-2.00963894329451,34.4025337209049,28175.439
3.3242633293708,-2.01030716323941,34.4464130111439,28187.345
3.31968455944668,-2.01214346915785,34.4960914637264,28199.158
3.3147491040379,-2.00774410336251,34.5624709868493,28211.002
3.30938054339072,-2.00782440447313,34.6199963603353,28222.814
3.30388478651907,-2.00866390764299,34.6747680308954,28234.611
3.29784011363192,-2.00947952970316,34.7350484162905,28246.47
3.29125808569527,-2.00733386329108,34.8180903213978,28258.283
3.28462881768126,-2.00993562658761,34.8647078074281,28270.064
3.27697643695488,-2.00770892334658,34.9196472148124,28281.923
3.26875418042462,-2.00674825477787,34.9922545480901,28293.783
3.26015646751079,-2.00762892032948,35.0738855832196,28305.642
3.25079331371471,-2.01026411913459,35.1361074523823,28317.423
3.24113943782724,-2.0066438484777,35.2028972222286,28329.22
3.23006424159863,-2.00933244780626,35.2802877698842,28341.111
3.21826888514625,-2.0062004832252,35.3576255883559,28353.033
3.20556211846319,-2.00777316201197,35.4187183751815,28364.986
3.19197827888293,-2.01249859872013,35.5087991865453,28376.798
3.17709005523268,-2.00939828986806,35.5893942032952,28388.642
3.16122401762527,-2.00909385869873,35.6738067512957,28400.408
3.14386019332898,-2.00688457169074,35.747306916243,28412.236
3.12514223908468,-2.00922068635275,35.8495850158133,28424.127
3.10459429588583,-2.01180011117478,35.9256819250761,28435.923
3.08224010559862,-2.01089673990313,36.0153709927739,28447.72
3.05730396988482,-2.0093938309972,36.1102910926995,28459.595
3.03006824383935,-2.00794418278874,36.2100808798443,28471.408
2.99964826906108,-2.00809371068707,36.3060071612814,28483.267
2.96528487920023,-2.00869637767189,36.4175251671641,28495.095
2.92599129805519,-2.00711413541997,36.523395032904,28506.923
2.8814958608089,-2.0096260609028,36.6428022993564,28518.72
2.83063982586524,-2.00744973863834,36.7532705760508,28530.533
2.76921167116705,-2.00920385765752,36.9040509682116,28542.423
2.68983018572119,-2.01248711318171,37.0582434784692,28554.252
2.57780620577409,-2.00660739353376,37.2269265538252,28566.095
2.41538849711241,-2.00727456176017,37.4240706098966,28577.955
2.88448090835739,-0.000253408714684325,37.5989504407287,28589.877
2.99598915663543,0.000939186548997079,37.5888224891655,28601.908
3.0669846307895,0.000133148672788509,37.5215036073691,28613.892
3.12300575077909,-0.00148132905956009,37.426020357367,28625.814
3.16836867571243,-0.00214843627898214,37.3011782973481,28637.752
3.20502971417094,-0.00129230128981403,37.1515746378442,28649.689
3.23488198342825,0.00124637819549342,36.9803379643614,28661.595
3.26054448905796,-0.000954936141533662,36.8229370797185,28673.564
3.28300477298344,-0.00159057418980381,36.6639594761527,28685.502
3.30253695116636,-0.00181482082176493,36.4900880877169,28697.455
3.32011149062721,-0.0019899305984524,36.3241335007911,28709.408
3.33598181378754,0.00232766399728051,36.1181196529868,28721.361
3.35033360047019,0.0015377148544094,35.9375572444269,28733.439
3.36369296439003,-0.00299505497949015,35.757904632136,28745.564
3.37586688444862,-0.00166266642991517,35.582925861937,28757.673
3.38677491909259,0.000986927344638273,35.4119272615622,28769.72
3.39709416172505,0.00117539613390606,35.2358307660442,28781.83
3.40630826515691,-0.00171966083023201,35.0498542664008,28793.939
3.41529779179395,0.0037645779343444,34.884827401327,28806.017
3.42339539731198,0.000182911457962987,34.7349725273668,28818.08
3.43153360595982,6.86931720630525e-05,34.5627856738758,28830.158
3.43852208190626,-0.00221433612742721,34.4145339258983,28842.267
3.44566232140911,-0.000958458893455079,34.2502124003598,28854.314
3.6657572952723,-0.000642123655061249,24.6964806598055,28855.314
3.32255547836969,-3.81534939058487,24.6981811445241,28857.751
3.76459823129154,1.51429310535821,24.7487605344926,28862.705
3.78990962990877,1.51552853852739,24.7817513883983,28867.517
3.80408582860202,1.51792846846739,24.7964823698798,28872.33
3.81441321674343,1.51605563814994,24.8039629377891,28877.236
3.8223913334335,1.51543985175091,24.7977576339796,28882.048
3.82872038513066,1.51646592742941,24.7838270850656,28886.923
3.83409159395916,1.51388483556191,24.7786801677994,28891.736
3.83819608267535,1.51611195416775,24.7668098462854,28896.533
3.84163226408455,1.51992476039472,24.7493452963813,28901.392
3.84515139723716,1.51480276583776,24.722263799842,28906.205
3.84828555990397,1.51330695706276,24.706177213954,28911.033
3.85094676906675,1.51668167237773,24.6940527029874,28915.892
3.8532192138576,1.5154093481802,24.6876731571529,28920.705
3.85547906476897,1.51567484537865,24.6773507753817,28925.501
3.85784542446419,1.51608565681703,24.6662020652711,28930.361
3.85979627499445,1.51257864731885,24.6564663788983,28935.173
3.86153053419812,1.51749799967522,24.6381974471489,28939.97
3.86332253523782,1.51647343908233,24.6399996172029,28944.798
3.86516710830202,1.51399597847991,24.6268962374911,28949.611
3.86685774966505,1.51580147486014,24.6190869466622,28954.408
3.8686088514347,1.51492099519174,24.605362396699,28959.251
3.87019590162231,1.5145916501176,24.5950973142664,28964.048
3.8719152692279,1.51798608060413,24.5932566846415,28968.861
3.87351138590944,1.51389327495673,24.5978708885529,28973.72
3.8749831998453,1.51535042193389,24.5835251303706,28978.533
3.87663539319237,1.51452103665265,24.5818982546005,28983.392
3.87824983387563,1.51511881331762,24.5660316901667,28988.22
3.87986411270756,1.51443437566109,24.5674893249331,28993.001
3.88159395569195,1.5169443004634,24.5676633376187,28997.798
3.88302041383254,1.51280581966172,24.5627111469895,29002.642
3.88437870034017,1.51391428155969,24.5592666245888,29007.423
3.8858981074949,1.51650117767894,24.5536319226847,29012.236
3.88740948008843,1.51525468322497,24.5513855140474,29017.064
3.88925474609964,1.51837160817725,24.5445817046666,29021.876
3.89067456862296,1.51395751477808,24.5454296313138,29026.72
3.89199659651736,1.51622147920757,24.5462636597672,29031.533
3.89323083362641,1.51508547310558,24.5381929222948,29036.33
3.89482050340802,1.51791187020165,24.5326530779738,29041.111
3.89607142330508,1.51345188140069,24.5398111439796,29045.908
3.89762110969192,1.51404474291228,24.5325958241923,29050.736
3.89883154795507,1.51837163674351,24.5233645590584,29055.548
3.90042910054519,1.51861511861929,24.5158235584396,29060.392
3.90139864113671,1.51511105850384,24.5233731214957,29065.189
3.90343887265752,1.5163069850943,24.5232449326012,29069.986
3.90440398216464,1.51513173362357,24.5183470879952,29074.798
3.9058508297666,1.51417311322259,24.4980583563466,29079.642
3.90704405560221,1.51153974949083,24.489276981338,29084.439
3.90836013417872,1.51610773988772,24.5008917501924,29089.236
3.90951599886839,1.5164493398851,24.4870552595825,29094.064
3.91091861030851,1.51496427599391,24.4871287807712,29098.876
3.9121456362146,1.52000176148693,24.4864977222016,29103.673
3.91321105719561,1.51678492857433,24.4835083187808,29108.47
3.91438889142207,1.51606028740064,24.48888343341,29113.314
3.91564655847115,1.51736603051623,24.4860298660799,29118.095
3.91692938512976,1.51368448823075,24.4850510505316,29122.892
3.91813065999626,1.51326541436956,24.492020546805,29127.72
3.91915739187568,1.51576664796453,24.4879713024203,29132.533
3.9201943000237,1.51672277002005,24.4832711595127,29137.314
3.92112052992692,1.51839958648003,24.4899853635763,29142.111
3.92242051739034,1.51534283755699,24.4870980406641,29146.939
3.9235383140141,1.51486808207048,24.4959949632194,29151.72
3.92456304713349,1.51933658745406,24.4890087119951,29156.517
3.92524873516555,1.52199915270053,24.4850795269094,29161.314
3.92688509151426,1.52137295052601,24.4851188586781,29166.142
3.92774110262277,1.51183436235817,24.4834275658938,29170.923
3.92909175892437,1.5153023950622,24.4853543382708,29175.705
3.93045470876397,1.5135739135394,24.4791331228733,29180.533
3.93070299939717,1.5147935913035,24.4799117044107,29185.314
3.93099661950737,1.5236481992432,24.4827479469198,29190.158
3.93263865006393,1.51401210787675,24.4856809510796,29194.939
3.93282660148201,1.52552465775899,24.4871573948967,29199.72
3.93439568948977,1.51811729010897,24.4853838648765,29204.564
3.93548316188309,1.51664439026941,24.4883040686175,29209.345
3.93634309387952,1.51856489013436,24.4946475330274,29214.142
3.93701408371566,1.5168809526533,24.4892762221475,29218.923
3.93775166666246,1.51453554616041,24.4965648919999,29223.72
3.93886103576853,1.51685231923117,24.4819097579665,29228.564
3.93968637320888,1.51697301293337,24.4807538683137,29233.345
3.94048884577642,1.5149501459153,24.4901977028088,29238.142
3.94131050077569,1.51521452332388,24.4925753631544,29242.97
3.94205063800883,1.51810263304322,24.4885785773521,29247.767
3.9427901240688,1.5132763891689,24.4845265884034,29252.564
3.94390282254719,1.5173508996249,24.4939862070688,29257.345
3.9443687707039,1.51509137184876,24.4893258813475,29262.189
3.94530733964177,1.51367079205398,24.4798337137909,29266.97
3.94602060292164,1.51581719739961,24.479489962293,29271.767
3.9469898199083,1.51308614592781,24.4878988764685,29276.611
3.94758224472551,1.51488783986248,24.4838121888658,29281.392
3.94846528710174,1.51490535157873,24.4814164407894,29286.189
3.94904368643403,1.5162224052673,24.4858450189534,29291.017
3.94949888602199,1.51478699278081,24.4861907787414,29295.83
3.95066867912343,1.51752734970381,24.4923557428134,29300.642
3.95132827922355,1.51635034331589,24.4853309824448,29305.486
3.95203782256363,1.51386215161316,24.5023297906409,29310.283
3.95260222665224,1.51827860053025,24.4975622063131,29315.08
3.95350302960919,1.5155724045099,24.5075200640914,29319.908
3.95414916266345,1.51434140434355,24.5101748096992,29324.705
3.95474298386652,1.51581644820257,24.5104297932427,29329.861
3.95528044540799,1.51568721323308,24.5110867083492,29334.798
3.95600591519866,1.5140426029737,24.519389469454,29339.689
3.95666837377583,1.51784473008665,24.5247900765144,29344.626
3.95712805907174,1.51697514686041,24.5319908497497,29349.595
3.9580242525393,1.5167668415743,24.5265936581259,29354.611
3.95881414123049,1.51424829819087,24.5303395743869,29359.58
3.95928865029462,1.51569080142175,24.5208929827279,29364.548
3.95990899696866,1.51464774136589,24.5348852547556,29369.47
3.96059895552588,1.5187295649525,24.5275092283763,29374.423
3.96112711219122,1.51605535377813,24.5242868161586,29379.392
3.96181330028689,1.51819946877497,24.5251839757084,29384.283
3.96233097387129,1.51660615353698,24.5355838387112,29389.251
3.96283626841545,1.51656318787863,24.5318744380224,29394.236
3.96355783932688,1.51557759733719,24.5389794047095,29399.126
3.96391351314455,1.51539362205892,24.5360210604415,29404.08
3.96478391387251,1.51483774976953,24.5446842944671,29409.033
3.96520445619789,1.51339135947871,24.5420720558665,29413.955
3.96563324195895,1.51459247704076,24.5475225623967,29418.908
3.96638442534721,1.5161879114685,24.5509189151364,29423.861
3.96694862370855,1.5172398887923,24.5546832703841,29428.767
3.96735386319235,1.51626049456643,24.5669477570192,29433.736
3.96785979770872,1.51791612392493,24.5705434062297,29438.673
3.96856167906459,1.51632710654291,24.5728233132406,29443.564
3.96905187305992,1.51686864316301,24.5824436943951,29448.517
3.96941349731913,1.51506884384149,24.5844096965337,29453.501
3.9703812450792,1.51315536717657,24.5904538451816,29458.392
3.97069556148109,1.51457786310616,24.5798232663344,29463.283
3.97114532104966,1.51600795311825,24.5747948836704,29468.236
3.97170366140085,1.51644382365497,24.5852306115843,29473.173
3.97248379850314,1.51396540813075,24.5839794177929,29478.095
3.97282873277894,1.51745404461668,24.5887122165327,29483.017
3.97343465605261,1.51646713275264,24.600767741359,29488.001
3.97416154752365,1.51595918613836,24.5976520374801,29492.892
3.97425810344456,1.51680853965699,24.6058585191959,29497.845
3.97504501079506,1.51654404086619,24.6030956983676,29502.798
3.97562656911262,1.51585790050485,24.61482745062,29507.689
3.97617552008672,1.51571160218841,24.6200567269759,29512.611
3.97658669850114,1.5160330521871,24.6296485940931,29517.595
3.97723530960453,1.51766926597315,24.6335733472058,29522.595
3.97757328290197,1.51723283510809,24.6390925304371,29527.517
3.97833152221074,1.51478423010036,24.6416002628356,29532.455
3.97858497177201,1.51167591479214,24.6428210011255,29537.439
3.97909780393003,1.517570571425,24.6531565618806,29542.314
3.98006842757409,1.51418214262681,24.660269123846,29547.251
3.98044359020564,1.51487740655232,24.6662992994338,29552.205
3.98098703056959,1.51652799185009,24.6769254422047,29557.111
3.98147307264643,1.51474323261668,24.6737392128819,29562.048
3.98180583329298,1.51679794301295,24.6809760637251,29567.001
3.98229353289759,1.51553003785088,24.6853360492469,29571.923
3.98274654495693,1.51422419389953,24.6913616363549,29576.876
3.98364004520995,1.514190961377,24.6891823467426,29581.83
3.98405188179098,1.51478751631048,24.6942616727363,29586.72
3.98480854845546,1.51463551641373,24.7030321536566,29591.658
3.98526840193477,1.51575779358332,24.708711174561,29596.642
3.98591604736414,1.51610063163761,24.7163800823119,29601.548
3.98645312822304,1.51736642095547,24.7133497996428,29606.533
3.98685409971587,1.51507384729433,24.7183918403231,29611.47
3.98739682672109,1.514931133814,24.733533090994,29616.408
3.98816392305518,1.51617217220662,24.7353605752778,29621.33
3.98854363552937,1.51601533205757,24.7361581446227,29626.267
3.98869887405016,1.51841798766219,24.7416845958264,29631.236
3.98980271981211,1.51585311353349,24.7391164343031,29636.158
3.99023241306321,1.51479800759386,24.7436686949456,29641.08
3.99083436954157,1.5111225902983,24.744805504824,29646.033
3.99091094815781,1.51655449909811,24.7588431553417,29650.908
3.99187003361042,1.51362242854563,24.7694963998894,29655.876
3.99256954678666,1.51476489710325,24.7622838217779,29660.845
3.99288623284547,1.51280813772665,24.7673913728051,29665.736
3.99316627569783,1.51410454114208,24.7755799800061,29670.673
3.9936834051718,1.51978108575301,24.7835885296075,29675.611
3.99453243732736,1.51657045569907,24.7941732202502,29680.533
3.99530895245797,1.51915828262527,24.783100898337,29685.455
3.99548040470432,1.51500032769441,24.7898440723738,29690.439
3.99630629698402,1.51560960496889,24.8059683346926,29695.33
3.99637352125478,1.5148060426224,24.8153587946157,29700.251
3.99713583779392,1.51423211392457,24.8219832902211,29705.173
3.99788737202649,1.51816754717583,24.8325994936459,29710.095
3.99798872661763,1.51774200799812,24.8357613856346,29715.08
3.9987285202881,1.51558784610176,24.8389388930431,29719.97
3.9991165683116,1.51665709038457,24.8357555748578,29724.923
4.00008192808366,1.51541425980206,24.8420986665327,29729.876
4.00033646857457,1.51708317651938,24.8534984256845,29734.767
4.00089428633034,1.51483783859355,24.8597465393763,29739.72
4.00161595642259,1.51501977987553,24.8551070922265,29744.673
4.00182215959948,1.51601302137266,24.8648066322033,29749.564
4.00266404601804,1.51959664237217,24.8706720703396,29754.501
4.00334920230108,1.51599113823686,24.8662753664263,29759.439
4.00358691472168,1.51776809542473,24.8855068243695,29764.361
4.00435307108293,1.51504004984268,24.8855821782515,29769.314
4.00510380613135,1.51683988125825,24.8917437608138,29774.251
4.00548730902072,1.51554181570631,24.9000131732408,29779.142
4.0058125173734,1.51609133114392,24.9056407226872,29784.08
4.00624608286812,1.51586625222329,24.906482838886,29788.986
4.0067803148468,1.51776195340051,24.9113568413499,29793.955
4.00717281281911,1.51977884717014,24.9175668202737,29798.876
4.00806588341076,1.5201639462408,24.9173978493156,29803.814
4.00869196442211,1.51448973836779,24.9201319060221,29808.72
4.00920316526585,1.51530479901214,24.9234574270715,29813.673
4.00922520984284,1.51660374796972,24.9334951623993,29818.58
4.01018806646832,1.51655942901585,24.9332683392806,29823.501
4.01049280849489,1.51697360403788,24.9365526595669,29828.47
4.01114619713592,1.51560689164972,24.9296203531303,29833.376
4.01179206081552,1.51709414998685,24.9427008019566,29838.314
4.0120423528973,1.51487216306535,24.9465445854223,29843.236
4.01295771026547,1.51422406964455,24.9510637721443,29848.158
4.013520076211,1.51798640814959,24.9541732419546,29853.126
4.01395973750035,1.51815375725761,24.9620417863325,29858.033
4.01428179888292,1.51507247462715,24.967432842968,29862.97
4.01469333920645,1.51538083121253,24.9704624766882,29867.892
4.01542470558963,1.51355315637011,24.9731336603802,29872.814
4.01584275860701,1.51522176970971,24.9842232386796,29877.767
4.01604081186441,1.5173283981235,24.9959775790292,29882.689
4.01683101190008,1.5154663772057,25.0068213208677,29887.595
4.01773287100305,1.51298403087433,25.0113725648411,29892.564
4.01775032725059,1.51213058349252,25.0109152402788,29897.47
4.0184534219426,1.51612894873187,25.0276852630851,29902.361
4.01918456172602,1.51459083854389,25.0316490673954,29907.33
4.01954494503437,1.51542385128104,25.0456504808932,29912.236
4.02016127342068,1.51598870479427,25.0374372828354,29917.189
4.02083394578677,1.51633953308709,25.0428831090673,29922.142
4.02119853630173,1.51727145537451,25.0628974222457,29927.017
4.02184711132499,1.51504148146354,25.0647465276787,29932.001
4.02226477382767,1.51627066033284,25.0703696347218,29936.908
4.02276880755717,1.51656877348711,25.0724037070133,29941.861
4.02352277240924,1.51497838594266,25.0879786103059,29946.814
4.0240134847871,1.51657234022626,25.0968998923284,29951.705
4.02473191711506,1.51542868142629,25.1089059208009,29956.595
4.02513785064806,1.51676405553,25.1079420846832,29961.626
4.02563398557792,1.5117132547921,25.113877488245,29966.595
4.02612438752359,1.51536739588224,25.1106430685237,29971.564
4.02675698020492,1.51731844034397,25.1236304006158,29976.501
4.02729276344141,1.51276360507274,25.1376195846891,29981.392
4.02782652222541,1.5136339108284,25.1406539491677,29986.345
4.02847564638568,1.51460478666156,25.1349263242647,29991.267
4.02885171730542,1.515936052193,25.1419941886615,29996.173
4.02931341755442,1.51613918948263,25.1524651694629,30001.142
4.02988797290888,1.51434159707748,25.1570779695585,30006.048
4.0305315327517,1.5161285546428,25.1644751572035,30011.017
4.03110867311095,1.51762223886158,25.1700263708428,30015.923
4.03155590473751,1.51719198262788,25.1791947333195,30020.83
4.03218486874795,1.51441428349124,25.1915887214828,30025.783
4.03287822570922,1.51669304374365,25.1934012901295,30030.705
4.03355028310251,1.51371676161368,25.2038211336049,30035.642
4.03403517754087,1.51301833673156,25.2074399809372,30040.595
4.03461420350822,1.51535740784295,25.2084043860581,30045.517
4.03491620605268,1.51490958346403,25.2273979917242,30050.439
4.03562055014993,1.51769459910498,25.2316744561763,30055.439
4.03622970040251,1.51711440959252,25.2303037843296,30060.376
4.03674053539351,1.51561918566706,25.241980928612,30065.267
4.03751690285242,1.51643153916895,25.2405073353134,30070.22
4.03782071220712,1.51770613579546,25.2528030009116,30075.189
4.03830862924311,1.51450439012676,25.255409416951,30080.08
4.03896206023447,1.51447829122421,25.2711132523908,30085.033
4.03983967229705,1.51733851437802,25.2790614084767,30089.939
4.04012103065274,1.51278963452288,25.2899054270307,30094.892
4.04066511910032,1.51840446112846,25.2917183460686,30099.814
4.04124682416545,1.51671607657315,25.2974109724242,30104.705
4.04174022776223,1.51600227014165,25.301094059213,30109.689
4.04279172219047,1.51366655261168,25.3103272750823,30114.673
4.04299604652853,1.51388845178694,25.3183821368093,30119.611
4.04357676593712,1.51611733512227,25.3237250399634,30124.501
4.04425423101071,1.51393242373321,25.3241411037968,30129.392
4.04494330825697,1.51806368654859,25.3376766192297,30134.361
4.04547223677086,1.51408399744507,25.3496006013242,30139.314
4.04589505809668,1.5172814003099,25.3465267059312,30144.283
4.04657690826792,1.51761995872953,25.3632906230539,30149.205
4.04726366075222,1.51551685163703,25.3638289827196,30154.189
4.04751590207297,1.51446295734359,25.3795083784191,30159.095
4.04836402206776,1.51234594633205,25.3883600185349,30164.001
4.04862940586145,1.51637015478508,25.3961800257078,30168.939
4.04977369093726,1.51838254717305,25.4039648661273,30173.908
4.05034447092316,1.51655870528149,25.4065113015773,30178.814
4.05068228865095,1.51468242785808,25.4184776983819,30183.705
4.05150487646513,1.51824499260658,25.4194099702295,30188.658
4.05180627619451,1.51506321572553,25.4362657458593,30193.564
4.05253460960059,1.51435121808252,25.4413885093161,30198.47
4.05326174349721,1.51629221952214,25.448711507044,30203.408
4.05400826288743,1.5153505005818,25.456794072322,30208.314
4.05443960599925,1.51556447033139,25.4665725847838,30213.267
4.05500132932611,1.513967356994,25.4756527328121,30218.189
4.05575581819785,1.51632941711202,25.4793393049015,30223.111
4.05634304288808,1.51608673011981,25.4868576095851,30228.095
4.05696693398365,1.51613731927495,25.4935899289659,30233.033
4.05767332979146,1.5170506431189,25.5029711702606,30237.97
4.05840769330032,1.51620725167662,25.5267095691183,30242.861
4.05867280010479,1.51695880425195,25.5348422837494,30247.798
4.05954519263972,1.51699926696385,25.5363392789525,30252.689
4.06024669843733,1.51499592736994,25.5464320219377,30257.626
4.06100579938968,1.51587863309826,25.5541086375722,30262.533
4.06138945266118,1.5166763653008,25.5544883405147,30267.455
4.06221295386494,1.51818210025788,25.5668978742767,30272.376
4.06252507898258,1.5147916485508,25.5759141620209,30277.361
4.06309637266466,1.51752637455409,25.5809191067831,30282.298
4.06397452185498,1.51764922082138,25.5996822072441,30287.205
4.06466088506421,1.5172008819445,25.6058931428204,30292.173
4.06531939592361,1.51470187943861,25.6073263344152,30297.126
4.06593291717397,1.51571626547844,25.6179521803018,30302.064
4.06657691174836,1.51769087882689,25.6292730505,30307.017
4.06727477372003,1.51784847743752,25.6296463207557,30312.001
4.06793020710503,1.51799159225757,25.6315791966924,30317.001
4.06872803534183,1.51836898192869,25.6398792578534,30321.986
4.06925935046971,1.51841404262244,25.6496597891158,30326.986
4.06977443143369,1.51739484548569,25.6486236333667,30331.939
4.07049264613326,1.51560742828495,25.6672297763883,30336.97
4.07146427451413,1.51641163464136,25.6777726389913,30341.955
4.07228330429149,1.51609842783561,25.6836139397133,30346.939
4.07275775510691,1.51370109532655,25.6878153979822,30351.876
4.07333557578845,1.51460423880468,25.7026365630026,30356.845
4.07411057477794,1.51552995879057,25.7051608540184,30361.751
4.07502201303669,1.51674579858161,25.7083285783891,30366.658
4.0753540899332,1.51638644758686,25.7084135153141,30371.611
4.07611392498307,1.51790017485867,25.7208374429085,30376.533
4.07670037734908,1.51585683457813,25.7174274676827,30381.517
4.07755944566055,1.51512930866355,25.7255341774127,30386.533
4.07826077938972,1.51613727961219,25.7394453429788,30391.564
4.07891433239242,1.51694496320184,25.7398737312753,30396.517
4.07957190005732,1.51772887416837,25.7683628974614,30401.517
4.08035323391626,1.51635651187705,25.7664925916989,30406.486
4.0809896308461,1.51606099841666,25.7809058361023,30411.408
4.08172815677953,1.51653469376804,25.7844777355885,30416.423
4.08240252031063,1.5173421910748,25.7897195556756,30421.439
4.08339688524,1.51703600320321,25.8065807589065,30426.455
4.08426340190178,1.51257401191079,25.7987366002967,30431.345
4.08475116516376,1.5137856476687,25.8015835161586,30436.298
4.08529664554383,1.51482271465566,25.8160269443523,30441.205
4.08590317675756,1.51471994995985,25.8220408137747,30446.173
4.08706277126486,1.51692176936013,25.8435626261341,30451.111
4.08763757575854,1.51930635434462,25.8567641268732,30456.001
4.08837575739622,1.51706539953031,25.8782919491536,30460.955
4.08911086446807,1.51575454955047,25.8806393120826,30465.861
4.09006965011512,1.51660568421476,25.8857291022764,30470.814
4.09070092839599,1.51654778470185,25.8976672791078,30475.736
4.09146675196966,1.51454870310683,25.9050112011178,30480.658
4.09211300375512,1.51756331871597,25.9089943418405,30485.611
4.0929282160162,1.51659148620773,25.9115206493791,30490.517
4.09332510619375,1.5169268405321,25.9335410068854,30495.486
4.09440064443184,1.51457055013158,25.9363785699612,30500.392
4.09516753645213,1.5158646227152,25.9413181009138,30505.298
4.09584341469844,1.51638160135138,25.9525709435791,30510.267
4.09658941255997,1.51567588094068,25.9602154689051,30515.189
4.0974361408596,1.51803202262894,25.9651279368445,30520.158
4.09830370208147,1.51412730175414,25.990817450438,30525.095
4.09882951562716,1.51761724772601,25.9936198812193,30530.064
4.09979379948197,1.51446279572343,26.0012168476947,30535.017
4.10053289370048,1.51418512932199,26.0133242925371,30539.955
4.10141460616242,1.51906720252531,26.0140312861452,30544.908
4.10202768560972,1.5154635628393,26.0303306819407,30549.814
4.1027172795286,1.51511171168587,26.0348118094295,30554.783
4.10363391238505,1.51596699039649,26.0481968022315,30559.689
4.10445105722395,1.51432728157812,26.0580826967174,30564.595
4.10488861596729,1.51445499920478,26.066652161325,30569.564
4.10590021200415,1.51660091770528,26.083554637413,30574.486
4.10666819829259,1.51542925157493,26.0919706909411,30579.455
4.10735394362906,1.51670518293883,26.1016363947634,30584.392
4.10845780489195,1.51631560782679,26.1026628914948,30589.298
4.10895833435337,1.51521889395802,26.1142910883593,30594.251
4.1099771130905,1.51505587364658,26.1159788652055,30599.158
4.11052835737121,1.51710737979215,26.1310063370563,30604.095
4.11156160909341,1.51709778003314,26.1297719893004,30609.08
4.11231975256746,1.51630079386875,26.1408076003151,30614.033
4.11307158293358,1.51786288180635,26.1631679035238,30618.939
4.11385917686616,1.51831904490467,26.1710315812895,30623.892
4.11464394872193,1.51280371731109,26.1794699802629,30628.814
4.11554146642942,1.51439909060958,26.1819540363804,30633.751
4.11635366817319,1.51610410176263,26.1946973022168,30638.689
4.11697659839705,1.51864935650509,26.1976467652757,30643.595
4.11787729557261,1.51671359622739,26.2100208975488,30648.564
4.11894695155122,1.51629123041224,26.2218881939992,30653.47
4.11943411293778,1.51745263122326,26.2325859414542,30658.423
4.12061297668449,1.51514301028088,26.2360648282692,30663.345
4.12126341888829,1.515536008979,26.247377546236,30668.251
4.12208804080522,1.51525197504333,26.2647345083553,30673.205
4.12273065913381,1.51526464191211,26.2760639965928,30678.111
4.1234228534022,1.51492062104276,26.2834160915327,30683.08
4.1244283707088,1.51747089493219,26.297109837698,30687.986
4.12546491517023,1.51412754493997,26.3030924334915,30692.892
4.12612837564442,1.51509133900375,26.3107817688441,30697.845
4.12690067275006,1.51511752916259,26.3185573230223,30702.783
4.12773260632592,1.51604883130149,26.3427180944699,30707.767
4.12832511223358,1.51597119402515,26.3416683322741,30712.705
4.12932520866837,1.51578304632289,26.3418968668572,30717.611
4.13048972883712,1.51638073745767,26.3576209829707,30722.564
4.13115771815314,1.51757904215849,26.3642134988045,30727.47
4.13175540723865,1.51750357951294,26.3861341240498,30732.439
4.13289254917949,1.51746533268705,26.3921012121057,30737.345
4.13337319514787,1.51475234784416,26.397504372369,30742.251
4.13428936382026,1.51614832043355,26.414339223836,30747.205
4.13521230856208,1.51774558027039,26.4166959685677,30752.126
4.1359131676843,1.51716534195627,26.433845683142,30757.017
4.13681633427227,1.51237725543442,26.4388622474074,30761.986
4.13752960467824,1.51486595386581,26.4503656097597,30766.876
4.13841274032023,1.51681878781439,26.4515116017511,30771.845
4.13933549070376,1.51527598042638,26.4550098607703,30776.783
4.1400853604979,1.51815666709638,26.4626397307493,30781.705
4.14085862495167,1.51941759060737,26.4704468568224,30786.642
4.14207944108632,1.51708843463057,26.4762248640619,30791.548
4.14266103309268,1.51686121516069,26.483994140966,30796.501
4.14348603850596,1.51712805879043,26.4911085576619,30801.408
4.14428873329537,1.51652033350228,26.4980786572729,30806.298
4.14511332505593,1.51699682348696,26.5108141103366,30811.251
4.14597739714257,1.5136525980212,26.514459772415,30816.173
4.14664887600115,1.51722745245417,26.5250682930719,30821.064
4.14768543148734,1.51729195273632,26.5219408636607,30826.001
4.14855013245445,1.51320821258199,26.531761191003,30830.908
4.1494327354625,1.51803595998504,26.5505620037714,30835.861
4.14996844771221,1.5163833870565,26.5613440719967,30840.783
4.15077101460022,1.51867968450175,26.5681077312031,30845.705
4.15173790158263,1.51428173506563,26.5812076073746,30850.72
4.15255459934885,1.51450338131611,26.5943143627816,30855.658
4.15330937220748,1.5170475910639,26.5979229968301,30860.58
4.15421444840495,1.51781870994359,26.6024800931714,30865.533
4.15475170273799,1.51647738081917,26.6163716177164,30870.517
4.15595507767736,1.51471369883247,26.6221161096341,30875.47
4.15673295178414,1.51327356426056,26.6323359677792,30880.376
4.15718449098524,1.51883017486898,26.6410595350654,30885.283
4.15835907413265,1.51253108919439,26.6483600446198,30890.236
4.15890917550179,1.51355106743203,26.6651854119168,30895.126
4.15966788219688,1.51783901824507,26.6696992140949,30900.111
4.16049329642725,1.51788890674832,26.6823917600782,30905.017
4.16145497529069,1.51975481662221,26.6974167498489,30909.923
4.16163979340421,1.52026482351924,26.7040731770861,30914.876
4.16308692233125,1.51360467407499,26.7148752753425,30919.767
4.16376477413923,1.51752069850913,26.7277650990149,30924.72
4.16457988354489,1.5150619499335,26.7410544857462,30929.626
4.16509632581199,1.51378061599318,26.7461886050202,30934.533
4.16609244213087,1.51368814299292,26.7581646750785,30939.47
4.16682994280113,1.51746427025515,26.7747632217491,30944.376
4.16746288976082,1.51666946930051,26.772428357633,30949.33
4.16845546734163,1.51727393232697,26.7941732607327,30954.267
4.16920037698205,1.51475410489644,26.8003985188363,30959.158
4.16969924681897,1.51706222720628,26.8160104714799,30964.111
4.17053279736193,1.51595523018046,26.832699543282,30969.017
4.17116640985414,1.51329647830654,26.8386087080051,30973.955
4.17216742078317,1.51448095075847,26.842953146413,30978.876
4.17279954644234,1.51878343813103,26.866659760636,30983.767
4.17339407396314,1.51614424934163,26.8717158355231,30988.705
4.17443114878891,1.51675960308829,26.8816797481308,30993.626
4.17508813473944,1.51386383037882,26.8975398296119,30998.517
4.17582980643852,1.51495368047,26.9202762321641,31003.486
4.17632826557908,1.51359595079884,26.9371822059661,31008.376
4.17719954969626,1.51397408800223,26.9465669174028,31013.267
4.17797445938079,1.5179429513102,26.9641507413364,31018.205
4.17839256193999,1.51641188220919,26.9731681046768,31023.095
4.17942072876014,1.51439071233004,26.9920468353794,31027.986
4.18028678860568,1.5166047998893,27.0026227204868,31032.923
4.18087587544516,1.51627080747889,27.0136173499448,31037.845
4.1815501573785,1.5133567320038,27.0165571974408,31042.751
4.18231436433458,1.5184290058151,27.0324588088674,31047.705
4.18291801794421,1.51664496484622,27.0436938867442,31052.595
4.18345670083865,1.51483180367187,27.0544386195541,31057.58
4.18422481481914,1.51333068351605,27.0712156979941,31062.501
4.18496329603291,1.51898839081917,27.087501521098,31067.376
4.18573129408334,1.5177520043514,27.1016189511021,31072.33
4.18630205209039,1.51711412536471,27.1198858766273,31077.236
4.1868823067237,1.51385783088892,27.138883996219,31082.126
4.18769507682209,1.51883293193663,27.149101858935,31087.064
4.18834004370433,1.51807888281294,27.1618327712056,31091.97
4.18929763748151,1.51954492608358,27.1844157089461,31096.955
4.18997956614197,1.51354013713219,27.1943329497175,31101.861
4.19042608180968,1.51470884802331,27.2256414075926,31106.751
4.19097634355213,1.51637327631723,27.2289327840152,31111.705
4.19181952814443,1.51641114484593,27.2493594646714,31116.611
4.19241413055498,1.51545070474679,27.2552095953591,31121.548
4.1933781519571,1.51782166749548,27.2754679332353,31126.47
4.19393347935666,1.515930000166,27.2810358772554,31131.361
4.19455448130237,1.51599153929103,27.3008025249661,31136.314
4.19506615266112,1.51546316125638,27.3216013441696,31141.205
4.19598723539025,1.51594845217347,27.3394442796774,31146.189
4.1965470034841,1.51438318459019,27.3561753736887,31151.111
4.19723767546837,1.51756720779952,27.3727336942621,31155.986
4.19770114025957,1.51281205859442,27.3877433505816,31160.939
4.19847395959021,1.51503556007128,27.4015931496854,31165.845
4.19896829539765,1.51592821612689,27.4078360365056,31170.783
4.19955629038114,1.51471848429892,27.421698456025,31175.689
4.20018184234519,1.51608452644154,27.4454126022527,31180.595
4.19810967983498,1.4843814743396,27.4702410644547,31185.939
4.19836354080476,1.48347574615686,27.4684447808301,31190.986
4.19868955085003,1.48261385275143,27.4859466312558,31196.048
4.1990676017047,1.47871224883862,27.5044328348956,31201.126
4.1994916985498,1.48157669554441,27.5248943717601,31206.126
4.20025311111435,1.47935247888664,27.5328734048851,31211.158
4.19957739741579,1.46933798292326,27.5466616747965,31216.236
4.19942821903752,1.45664047094152,27.5721859130022,31221.283
4.19989462925332,1.45362864984133,27.5886388855636,31226.267
4.19904373855762,1.44669684914017,27.5889350440784,31231.314
4.19954820895072,1.44831581054831,27.6089769270986,31236.361
4.19973078337836,1.44522247523184,27.6262658139439,31241.361
4.19935871602426,1.43452729615922,27.6484537734387,31246.408
4.19935143520811,1.43012171673438,27.6559703704035,31251.47
4.19997742116667,1.43085398596982,27.6711261190934,31256.548
4.19965081280229,1.42580434752765,27.6787445201477,31261.533
4.19909077253456,1.41369180705905,27.6995848717028,31266.58
4.19934382265858,1.41480961558699,27.7070842342753,31271.642
4.19973812300812,1.41087578103937,27.7189905584602,31276.705
4.20001929606726,1.41028633880727,27.7316837624863,31281.689
4.20067197341466,1.40868835554064,27.7497928047561,31286.736
4.20022904578875,1.40175172548786,27.7553216028848,31291.798
4.19950127128075,1.38686126465223,27.7768296771291,31296.783
4.20007474492698,1.39055596143876,27.778246405674,31301.83
4.20025349505332,1.38430793876762,27.7867652136535,31306.892
4.20051795110856,1.38455694426025,27.7996872041296,31311.876
4.20089247918351,1.38511213160857,27.8054911413843,31316.923
4.20055188774715,1.37725163541828,27.8259309013809,31321.986
4.19990972532039,1.36534747857909,27.8363703568754,31326.97
4.20060364092602,1.36314057676967,27.8454261653044,31332.048
4.19941850012366,1.34344125694441,27.8606219992096,31337.111
4.19922876856272,1.34338569057839,27.8784178152311,31342.455
4.19937714561801,1.33859396729835,27.8796156511926,31347.47
4.20021810897719,1.34294932402675,27.8787533047911,31352.533
4.20037457763599,1.33887176703833,27.8901689130514,31357.611
4.20079989141411,1.34061008899579,27.9122277604633,31362.689
4.20086560546265,1.32884795594318,27.8989637402276,31367.767
4.2000398393169,1.32046766330564,27.9196660826377,31372.845
4.19963330288623,1.30944239785182,27.9280362265054,31377.861
4.1999262437001,1.3095628915348,27.9314293133667,31382.955
4.20044935749935,1.30588762592968,27.9499537412803,31388.033
4.20050366006909,1.30813422210298,27.9511635859082,31393.095
4.20119137194408,1.30574133300588,27.9611825941925,31398.189
4.20050918018172,1.29314316811333,27.9670316549365,31403.205
4.20101847986925,1.29311226455326,27.9855754131186,31408.267
4.20073035232578,1.28476527627837,27.9927229589559,31413.33
4.20040666618451,1.2722506218721,28.004722026928,31418.392
4.20046263243819,1.2736417366942,28.0068828357278,31423.423
4.20078460948193,1.27346137473499,28.0226060797026,31428.47
4.20079610007727,1.26326927160866,28.0314745009765,31433.533
4.20045923118095,1.24657028445515,28.0343007340546,31438.595
4.20078906270908,1.24859090615608,28.0362919350614,31443.658
4.19984174986818,1.23536589596926,28.0477484736679,31448.705
4.20054632171352,1.23599676169225,28.0410106844057,31453.751
4.20080355581951,1.23360506887065,28.0496651134367,31458.814
4.20138656277201,1.2402635610231,28.0546200254413,31463.892
4.20208573320589,1.23391034963517,28.0449347637606,31469.392
4.20166977692935,1.22426512039752,28.0587812382701,31474.533
4.2010864019715,1.21487309713152,28.0546304229678,31479.689
4.20178719360737,1.21059510568598,28.0650790967799,31484.845
4.20109028178656,1.201645608132,28.0555096699628,31490.001
4.20084037240618,1.18831577130912,28.0569553481096,31495.517
4.20075883499288,1.18085438420612,28.0607549204838,31500.845
4.20100356069848,1.17787311446995,28.061097429957,31506.111
4.20125572968913,1.17682627087228,28.0556174833767,31511.423
4.20219780319408,1.17728565535309,28.0515236892693,31516.673
4.2014721585885,1.16933662819113,28.0528242778327,31521.986
4.20108674241928,1.15437749769184,28.0538123497281,31527.251
4.19973281336154,1.13301516577254,28.0492807637448,31532.58
4.20011610499479,1.13503769428017,28.0469468378413,31537.845
4.20061390417331,1.13171449171758,28.051043514345,31543.158
4.20016126999267,1.12084344132579,28.0463942655748,31548.408
4.20079949827087,1.12114171521855,28.0534772695457,31553.72
4.20122313592643,1.11929803204533,28.0495011357327,31558.97
4.20197648580097,1.11844032300536,28.045951774778,31564.314
4.20070834482676,1.09882918687783,28.0421459044218,31569.58
4.20075145462304,1.09698580031955,28.0362336279201,31574.892
4.20155622283039,1.09743369259979,28.0352772262665,31580.142
4.20123925920193,1.08653543995891,28.0327064303573,31585.455
4.20183534824294,1.08772200903483,28.0301959186056,31590.705
4.20152800128184,1.07525341289921,28.0278528204656,31596.017
4.20176505984246,1.07614317680388,28.0261783155127,31601.283
4.2014614645188,1.06518504575675,28.0275574135675,31606.595
4.20109089713732,1.05277474811034,28.0188500558772,31611.97
4.20162672268899,1.0522840547752,28.0140525688265,31617.267
4.20112524094372,1.04074527461386,27.9928293689215,31622.58
4.20162822897303,1.04184572507164,27.9899572501719,31627.83
4.20110970395419,1.03232031963633,27.9938076225106,31633.158
4.2015159121598,1.02692769063074,27.9778600633445,31638.408
4.2021668717471,1.02713578721476,27.9757507789997,31643.736
4.20192882094245,1.01768684641359,27.9665204246877,31649.017
4.20140059431119,1.00681781745051,27.9567697305829,31654.33
4.20102919035329,0.997420754323534,27.9462113059216,31659.58
4.20009731765692,0.984858641926365,27.9429575903139,31664.876
4.20076990308028,0.981954270351324,27.9396246286448,31670.126
4.20078408833206,0.984357502305915,27.9306456990342,31675.439
4.20143611560365,0.982216460212195,27.9190225422441,31680.72
4.2016072644199,0.981022628907044,27.9061762971527,31686.033
4.2025760335001,0.981026108418069,27.9017036878388,31691.267
4.20224077210608,0.968818450616728,27.8918775626972,31696.58
4.20175584038968,0.959105982649324,27.8759483395777,31701.861
4.20120156176873,0.947810063330548,27.8641884933111,31707.158
4.20090364659907,0.938191636332823,27.8606142153838,31712.408
4.201158705326,0.937053615774326,27.8451987384184,31717.72
4.20140148923334,0.937794054279409,27.833226109726,31722.986
4.2018909437886,0.936360254071291,27.8178430735748,31728.298
4.20129188046668,0.922565954852715,27.8093594908985,31733.548
4.20186803217018,0.92461985348208,27.8000881733865,31738.861
4.20193345229832,0.920884711553323,27.7895890689621,31744.111
4.20265002366469,0.923878052382103,27.783891869104,31749.423
4.20203678821169,0.912994874178283,27.77105104611,31754.689
4.20226742286674,0.911409101700663,27.755914102495,31759.986
4.20213184125825,0.900591302378594,27.746260413698,31765.251
4.20243058372029,0.900336725515031,27.7371309629622,31770.548
4.20195571986436,0.889245292515581,27.7300059704055,31775.798
4.20236265310059,0.887782883126444,27.7120868780782,31781.111
4.20276244154986,0.886733240941539,27.7129070042264,31786.376
4.20235430424741,0.875298249063509,27.6937561296369,31791.689
4.20193099325536,0.868370261319091,27.6794846421003,31796.939
4.20149171060857,0.857675916378425,27.6633893488329,31802.267
4.20164085586784,0.8556807544997,27.6484123154608,31807.501
4.20192460639803,0.855714072635455,27.6430338474433,31812.845
4.20206165576603,0.85423237463942,27.632982110177,31818.111
4.20253609521769,0.857902962477103,27.6119811707328,31823.423
4.20195317824983,0.841813563288678,27.6019084515641,31828.658
4.20252722247774,0.844826202654873,27.5886431940109,31833.986
4.20251772897385,0.842647190535058,27.5791279541615,31839.236
4.20292027349683,0.838935290322838,27.5556659785953,31844.564
4.20266277060857,0.829810916474682,27.5307351165062,31849.814
4.20111608544934,0.812326903629319,27.5249559332508,31855.111
4.20039751918239,0.801132829300092,27.5060783669823,31860.361
4.20065602606876,0.799140772141842,27.4897570227251,31865.673
4.20078624683919,0.799258143250754,27.4697173633469,31870.923
4.20114277346574,0.798345588981477,27.4600483285968,31876.267
4.20075585246719,0.788397777430913,27.4407455824104,31881.501
4.19990120682871,0.777821265107416,27.431344561964,31886.814
4.19938739013009,0.767529999251215,27.4220763104657,31892.095
4.19853329237084,0.762257219413854,27.4018273493252,31897.423
4.19870430955189,0.756453880920982,27.3901309666695,31902.673
4.19812628856391,0.746785969933431,27.3688928520571,31907.986
4.1976911247339,0.739236044793709,27.3527674707176,31913.236
4.19746812491628,0.737191698007089,27.3423021633353,31918.533
4.19761197978487,0.737346750410235,27.3328656624386,31923.783
4.19780511182741,0.738074111740192,27.3152286286841,31929.111
4.1979705303946,0.736319356994465,27.2968956813913,31934.361
4.19827584126112,0.736919195282274,27.2762454935948,31939.658
4.19872757575782,0.734546831387367,27.2595265951372,31944.908
4.1979582973352,0.726873659051382,27.2468044195781,31950.22
4.19737513797846,0.715038679605054,27.2260564975992,31955.47
4.19761415005763,0.71576574509204,27.216432285051,31960.814
4.19789105982352,0.716699033769331,27.2031756465359,31966.064
4.19774170107255,0.716382661501207,27.1920761407556,31971.376
4.19815386643691,0.716360188766237,27.1857875836317,31976.626
4.19856656820994,0.716704488004906,27.1694106843268,31981.939
4.19763547699043,0.701662953912455,27.1460104881038,31987.189
4.19790043327569,0.702843932262806,27.1320363940699,31992.486
4.19775072935355,0.703451278214856,27.1175469670056,31997.751
4.19823901110091,0.69784609959565,27.0976169437052,32003.064
4.19833775161132,0.706297993795202,27.0954863234838,32008.314
4.19885298945969,0.695948796879052,27.0817596897529,32013.626
4.19829344478606,0.688682311482628,27.0565316689004,32018.876
4.19730207219033,0.681967519467325,27.0486253753503,32024.189
4.19782437855402,0.681877012962762,27.0384851292677,32029.455
4.19792025520583,0.677564725726879,27.0185150613361,32034.767
4.19826563469776,0.675302844427716,26.9954241075559,32040.017
4.19823948875555,0.678856815723034,26.9730982474762,32045.33
4.19864415410313,0.677874661922569,26.9677038064679,32050.58
4.19799647805164,0.668537322820822,26.9526786922557,32055.892
4.19733711832832,0.656081965347353,26.9370387812184,32061.158
4.19751944935161,0.656118466990946,26.9189298126105,32066.47
4.19768526685395,0.655853605378366,26.9101894225758,32071.72
4.19781544159136,0.655857668680883,26.8926458622612,32077.033
4.19795747154731,0.656916630267509,26.8752051701597,32082.283
4.19823270505106,0.657093576938114,26.8653819220737,32087.58
4.19844752214149,0.6533405190055,26.8519983270099,32092.861
4.19854794897085,0.658109060164514,26.8327193981998,32098.173
4.19889241762243,0.657120515094473,26.8223279601797,32103.439
4.19828349633416,0.645064756859289,26.8060493727287,32108.767
4.19845554155156,0.645480519036753,26.7892394299938,32114.033
4.1985747788014,0.642629895983691,26.7704195250517,32119.361
4.19792688541584,0.633652891396699,26.7609654721121,32124.595
4.19814637553562,0.636088772946573,26.7495112502117,32129.923
4.19818474815931,0.631774652301377,26.7331640426506,32135.173
4.19829274254447,0.633178626577523,26.7284288649748,32140.486
4.19854377588775,0.632683932007283,26.7093496735661,32145.767
4.19895993735079,0.631972702318352,26.6979991423306,32151.08
4.19817562173693,0.621378207104452,26.686206329828,32156.33
4.19820033214589,0.622002224474879,26.6689276392818,32161.642
4.19870154680475,0.618989478795728,26.6616913991803,32166.892
4.19778710042816,0.609148335480278,26.6411740116203,32172.205
4.19798402029038,0.607481006028541,26.6243531626835,32177.455
4.19805969024592,0.605790268513854,26.6179643653739,32182.767
4.19841143602028,0.60941769601874,26.5991997682532,32188.048
4.19843883887477,0.609503880922445,26.5851199248286,32193.361
4.19889223508589,0.605689311986684,26.5676325210152,32198.611
4.19794765764815,0.601298267218735,26.5575165484153,32203.923
4.19823478804409,0.598260130485416,26.5401324479288,32209.173
4.198270114741,0.599553169973485,26.5281705833773,32214.47
4.19849856421857,0.598399743285479,26.5094363266111,32219.751
4.19872225670135,0.59747077615293,26.5000566474796,32225.064
4.1981720844288,0.588215062096164,26.482043385334,32230.314
4.19829924625766,0.587768895856921,26.4656833990896,32235.626
4.1984951542292,0.58669757335728,26.457848017569,32240.876
4.19854430196369,0.587718482964819,26.4461303778683,32246.189
4.19868471648819,0.5847752967333,26.4262660886743,32251.455
4.19896638741539,0.586332259148409,26.411587037068,32256.767
4.19915914607225,0.587033753948815,26.393960630343,32262.017
4.19923318589767,0.584455764634933,26.3730648310247,32267.345
4.19936321099364,0.584723629253894,26.3660094016457,32272.595
4.19966390030466,0.583173697435751,26.3361308993861,32277.923
4.19916054693368,0.573919886352431,26.3183769337122,32283.173
4.19855206388295,0.56418467310444,26.310766673391,32288.439
4.19758767423238,0.554595815546165,26.3043212039041,32293.705
4.19743803283146,0.553070257507362,26.2891002983027,32299.017
4.19786545691611,0.552873412510715,26.2832846946843,32304.283
4.1979854834164,0.552014731976102,26.2667083883014,32309.595
4.19807670992434,0.552056455291668,26.2536757496298,32314.845
4.19826549470684,0.554030029788745,26.247377216941,32320.158
4.1984788078251,0.55087445784252,26.2316195352741,32325.408
4.19861826673279,0.550854436730913,26.2310519860151,32330.72
4.19792050303401,0.541674119757201,26.2114374149504,32336.017
4.19811229097415,0.541888553243527,26.2038867990428,32341.33
4.19800878762372,0.540539218459722,26.1938099856525,32346.58
4.19839305577311,0.541945221296444,26.18455102154,32351.892
4.19830907215299,0.540922293310611,26.1754603094011,32357.158
4.1986960483787,0.540936489817365,26.1666126745185,32362.486
4.19814912113039,0.530812317303814,26.153496824117,32367.751
4.19805890406978,0.531174256270603,26.1396398180342,32373.064
4.19800286237487,0.530668127502993,26.1221251285607,32378.314
4.19820791251047,0.528309626391728,26.110817623793,32383.626
4.1985747623051,0.52941218475562,26.1020065308815,32388.908
4.19846657430538,0.528330256065189,26.0903975639244,32394.22
4.19853615640758,0.526702847125582,26.0788002218315,32399.47
4.19886868858614,0.529591789719891,26.0695685881837,32404.767
4.1991220425651,0.527088053698875,26.0566341083929,32410.033
4.19941421877432,0.527973864807985,26.0359696795139,32415.361
4.19951868652621,0.527161226134057,26.0334490499515,32420.595
4.19948864977117,0.527003937289232,26.0166721631731,32425.923
4.19981064856524,0.525302284398142,26.0024615151583,32431.158
4.19910845183303,0.517048410338535,25.9893169123839,32436.47
4.19824399354135,0.507747846951724,25.9770941005219,32441.767
4.19854093768401,0.508593610835174,25.9598348743309,32447.08
4.19857835361697,0.507751560957747,25.9485494211429,32452.33
4.19854911175693,0.502863731436541,25.937754437508,32457.642
4.19864271630397,0.504097985226136,25.9276943479916,32462.892
4.19864808497352,0.505080628946433,25.9186948058114,32468.205
4.19909444234624,0.504843076433927,25.9080854764168,32473.47
4.19940009534695,0.50378828703724,25.8951341367837,32478.783
4.19918039240601,0.503585631437833,25.8843916640425,32484.033
4.19952941861739,0.506718790863491,25.8763445218926,32489.345
4.19970945479861,0.503099598162738,25.8646194268357,32494.58
4.19921148572125,0.495465878670909,25.8509560456702,32499.892
4.19829101677798,0.483905477885546,25.8405120841423,32505.142
4.19823660968122,0.482441134811612,25.8279981800694,32510.455
4.1984812716757,0.481078345051812,25.8191520461695,32515.705
4.19838285158678,0.483298681163536,25.789702872671,32521.017
4.19859440209078,0.481457839006102,25.7874316103702,32526.267
4.19837064447562,0.483497927239615,25.7737720078078,32531.58
4.19910088834571,0.480063055633022,25.7678032671041,32536.814
4.1988398656824,0.479690466727082,25.7456825289715,32542.142
4.19923603489083,0.478056190323015,25.73984769168,32547.392
4.19945576970234,0.481461799051758,25.7335997807553,32552.689
4.19938119484193,0.481270964159369,25.7193458888671,32557.939
4.19955911295012,0.48271865102988,25.709827474388,32563.251
4.1986445269907,0.470486785230702,25.6988374682224,32568.501
4.19889055651516,0.469498852418978,25.6920460398041,32573.83
4.19906161151332,0.466633973915807,25.682668941356,32579.08
4.1991401146658,0.470541588120835,25.6780160027194,32584.376
4.19913107344139,0.469400799772219,25.6665473492525,32589.642
4.19920494052082,0.466608061556861,25.6543620211217,32594.986
4.19940227084345,0.468904286772597,25.64480190462,32600.236
4.19975517113086,0.467807307225881,25.6279276682775,32605.564
4.19892872055558,0.461413867656192,25.6299919529647,32610.814
4.19904687503271,0.457318871854647,25.6066368816481,32616.126
4.1991112816335,0.457024127023523,25.5942327080538,32621.376
4.19925030165085,0.455857480844264,25.5781540301593,32626.72
4.19978168501739,0.456339259690244,25.568640446593,32631.97
4.19877982886542,0.448711771035508,25.5584809577089,32637.283
4.19837678970241,0.446247111467715,25.5435318830278,32642.533
4.19881286595419,0.447759713647144,25.5318988211719,32647.861
4.19846500684942,0.447946774891461,25.5293588021317,32653.111
4.19907532758907,0.446571488458907,25.5082047834447,32658.455
4.19916527020011,0.445800957150099,25.4970964136646,32663.72
4.19906099421426,0.446421322969126,25.4864551801696,32669.033
4.19915213737628,0.444925412440879,25.4738347666487,32674.267
4.1994137321418,0.445300628168542,25.4541985753377,32679.58
4.19947144168926,0.444419290473033,25.4500505194588,32684.861
4.19962616398142,0.447577629629887,25.4502632916939,32690.173
4.19910219463842,0.435548454475162,25.4384863618136,32695.423
4.19823521333581,0.424990416886107,25.4322169427501,32700.736
4.19806934238164,0.425324013921191,25.4193618238043,32705.986
4.19834451387612,0.427787878959268,25.4211510497868,32711.298
4.19813386287909,0.425824457997874,25.4097003259014,32716.548
4.19825841356545,0.425075488445874,25.4023015986941,32721.861
4.19856508923295,0.42402554111752,25.3920512929271,32727.158
4.19874021367939,0.425401801534764,25.389562124666,32732.47
4.19859338410885,0.423740227456417,25.3679858369097,32737.72
4.19880097719333,0.422193106105405,25.3677697429712,32743.033
4.19865540987292,0.426035212706117,25.3582930773296,32748.283
4.19897268171597,0.419168690113891,25.3516342840336,32753.595
4.19913728861042,0.424690866569954,25.3344072276164,32758.892
4.19930778106904,0.424702626440181,25.3243995558984,32764.205
4.1996121785994,0.422956033219168,25.320678481827,32769.47
4.19892877804388,0.415402289625172,25.3125405236725,32774.783
4.19900108134409,0.412698436550339,25.3055133205332,32780.033
4.19866862012413,0.413963855794753,25.2944546758918,32785.345
4.19882232561582,0.411954060367441,25.2895321231041,32790.595
4.19943492914184,0.410263997992318,25.278908673612,32795.923
4.19913575877067,0.41078371884328,25.2819141525492,32801.189
4.19923394936446,0.409803543264174,25.2644304041074,32806.501
4.19952533330793,0.408163599913872,25.2498523542839,32811.767
4.19959433161366,0.41212302571947,25.2459509889586,32817.08
4.19894160679946,0.399439733310103,25.2445176384706,32822.33
4.1988908369088,0.399803930523222,25.2340757085083,32827.658
4.19894235478496,0.401231419645914,25.2287013489026,32832.908
4.19940230389261,0.401120854960884,25.2212446584034,32838.22
4.19917143970086,0.402881581926105,25.2065908623081,32843.486
4.19937376132936,0.398940677182565,25.2036418729136,32848.798
4.19951865274468,0.399708983229521,25.1979807229839,32854.048
4.19924462891056,0.401426239934552,25.205258101121,32859.376
4.19940557881404,0.402471800151233,25.1884176253648,32864.642
4.19968574535326,0.39807198133138,25.1810113857595,32869.955
4.19907255597518,0.390522023541696,25.1700961038765,32875.205
4.19941290420744,0.386358395021793,25.1574139870659,32880.533
4.19886405954184,0.390702621870242,25.1409460612831,32885.783
4.19907934455281,0.387468682070529,25.1407459280575,32891.111
4.19915238507151,0.38967872401149,25.1246181131694,32896.392
4.19930628865819,0.389753692777897,25.1152423298493,32901.705
4.19974220068637,0.389657601585773,25.104543552834,32906.97
4.19878483857237,0.380939436940808,25.093186654115,32912.298
4.19876634327053,0.378902388397715,25.0854606642164,32917.626
4.19896987528293,0.379313649643868,25.0741152820656,32922.892
4.19887809126989,0.377492355795497,25.0686878115738,32928.236
4.19920531260023,0.379094820899914,25.0620518461477,32933.486
4.19915769028598,0.376983728080648,25.0481856416494,32938.798
4.19930746372007,0.378795012015563,25.0420974266284,32944.08
4.19909675492688,0.374440594375677,25.0373042396987,32949.392
4.19960978950141,0.374541662314453,25.0336845456262,32954.72
4.19847043269249,0.371195431479367,25.0299571816238,32960.017
4.19875650447282,0.367007137476159,25.0348264263148,32965.33
4.19865201560943,0.368796844722864,25.020449552409,32970.595
4.19895157129486,0.369451556239241,25.0216234308059,32975.923
4.19885430199396,0.368618918975314,25.0218163422554,32981.236
4.19924993668103,0.367879701825386,25.0129619899904,32986.501
4.19871813140342,0.368030311600091,25.0043925274845,32991.861
4.19935304257403,0.369260241952381,24.9857471678065,32997.126
4.19933394969439,0.366425203911296,24.9857076641867,33002.439
4.19946488766715,0.366376865070565,24.9847925495937,33007.767
4.19947917670971,0.367473664822445,24.9818115623766,33013.033
4.19957629378874,0.366158889326509,24.9781889277565,33018.345
4.19884075931934,0.356690902629793,24.9673353277315,33023.595
4.19888430404163,0.35730693057823,24.9589421125852,33028.923
4.19886511188962,0.354651825745523,24.9573194044648,33034.173
4.19907184307512,0.353418389913607,24.9460427348942,33039.486
4.19920870673415,0.356805742602537,24.944419609514,33044.72
4.19906527624469,0.354373211531493,24.9313752166481,33050.033
4.19929455054936,0.35436465395732,24.9247242469719,33055.283
4.19944172452212,0.356202283077677,24.919894707786,33060.611
4.19956545643104,0.355060915491574,24.9062706245477,33065.861
4.19966784286648,0.352577707516355,24.8936621890232,33071.189
4.19974780110874,0.351621152752494,24.8821529631151,33076.439
4.19986448240794,0.354853324655651,24.876961965308,33081.736
4.19991243394915,0.355996672085571,24.8802681676714,33086.986
4.2001042315564,0.352790557988206,24.8666122113332,33092.314
4.20021350099476,0.354366153262097,24.8575182886438,33097.564
4.20020497964373,0.354410420689145,24.8548627193951,33102.876
4.20026453688625,0.351644670919039,24.8492460315594,33108.158
4.20043623988524,0.353307986876324,24.8355978262685,33113.47
4.20040437699649,0.351971799606705,24.8442098398561,33118.736
4.20102974941604,0.352914898173263,24.8432008126058,33124.048
4.19995085176299,0.341330323500068,24.8335536472083,33129.298
4.19900890885734,0.331504016185675,24.830713707181,33134.611
4.19902220341052,0.330313123142937,24.8225841491376,33139.892
4.19901267742757,0.332868291344624,24.8152314138909,33145.205
4.19925873671109,0.33211550981896,24.8177290814493,33150.47
4.19908868694617,0.327486249693898,24.8101479351929,33155.783
4.19921988769934,0.334598474533311,24.8063865753094,33161.064
4.19927267364794,0.328569286192909,24.8002209377804,33166.376
4.19933950889002,0.32888253249265,24.7996607652227,33171.658
4.19949558140494,0.331437265152703,24.7868493333178,33176.97
4.19955041274046,0.333279404646222,24.7691835813322,33182.251
4.19954793773026,0.330630144702545,24.7632103247801,33187.564
4.19966974598855,0.329572226920956,24.7603130888346,33192.814
4.20005519317348,0.329666718931759,24.7593989092105,33198.126
4.19988246040609,0.330732703327529,24.7477463401302,33203.392
4.199899136065,0.330203237280767,24.7427749963749,33208.72
4.20016778828841,0.329717905249208,24.7369066866469,33213.97
4.20043230798872,0.330569422489939,24.734535913707,33219.283
4.20052779770899,0.32865932333981,24.725299073078,33224.533
4.20065503718175,0.32756411350014,24.7210499353122,33229.845
4.19936711270376,0.32153945026212,24.7079338862776,33235.111
4.1999070350529,0.319716460395198,24.7057207828086,33240.439
4.19889045743019,0.31067578913552,24.6950646071454,33245.689
4.19890424645209,0.310431704188599,24.6961923737503,33251.048
4.19893849320747,0.31054456022036,24.6969471229406,33256.345
4.19893355753854,0.313428241379874,24.687803557405,33261.611
4.19906596229558,0.307767068705996,24.683156213827,33266.861
4.19903966363931,0.306083100867272,24.6723241125402,33272.173
4.19899887786564,0.308863980127049,24.6655145648656,33277.423
4.19929089820554,0.307666200305405,24.6650874442566,33282.736
4.19887661050037,0.308091949617641,24.6630496721145,33287.986
4.19924323593795,0.308693366962533,24.6458769968045,33293.314
4.19948564002099,0.311100686716535,24.6562958261311,33298.58
4.19939059379418,0.306101911294628,24.6462397246727,33303.892
4.19952092427958,0.3077666786866,24.6402724896146,33309.158
4.19962503792862,0.307794216071282,24.6366445577559,33314.47
4.19887082258789,0.29978101600866,24.6370833864443,33319.736
4.19899571470533,0.298388770177358,24.6343418173243,33325.048
4.1989493769242,0.299333428753979,24.6226412343412,33330.314
4.19918204362324,0.298282800551731,24.6228500886024,33335.642
4.19901152045218,0.297075966501202,24.61920880895,33340.892
4.19886956840856,0.298580518245658,24.6098030469968,33346.205
4.19911683836749,0.297863796967171,24.5961884269441,33351.455
4.19932237429582,0.297765064252437,24.5976512955548,33356.767
4.19956121533869,0.292928220913056,24.5823268426951,33362.033
4.19929998487034,0.294899068625167,24.5834756060188,33367.345
4.19958590270706,0.294177933488996,24.5855152204566,33372.595
4.19954250864354,0.294881395500192,24.5710802365617,33377.908
4.19940832072353,0.295912964752355,24.5683705203267,33383.189
4.19952661593408,0.29838742724372,24.5622955603562,33388.501
4.19979577688122,0.298771522528246,24.5690261685924,33393.767
4.19992172614838,0.29715368521144,24.5512516683753,33399.08
4.19990617198536,0.295904531008883,24.5550836260266,33404.33
4.20004719407585,0.294976874633952,24.5480108886688,33409.642
4.20019600809647,0.293373712532114,24.5559250882562,33414.892
4.20003273041717,0.29420718981331,24.5437118467919,33420.205
4.20044770362409,0.298011127990102,24.5349281611421,33425.47
4.20039000462316,0.295131970878141,24.5278724968008,33430.783
4.20073872061498,0.29322395207069,24.5146810675962,33436.048
4.19973318711977,0.283455075275227,24.5059656595488,33441.361
4.19890402155877,0.274388731751958,24.5152840221853,33446.595
4.19900328521924,0.274719689655474,24.5076762512325,33451.908
4.19870318285495,0.273764850477221,24.5070177790661,33457.158
4.19862400905339,0.27345499977131,24.5007898981244,33462.47
4.19879828498155,0.275230242283768,24.4925264051074,33467.736
4.19902487551962,0.275207422246697,24.4928572991391,33473.048
4.19880965852729,0.274249285660187,24.4825978483256,33478.283
4.19907484017566,0.27307171443745,24.4775358808953,33483.626
4.19873209694457,0.273071946848238,24.4698284340413,33488.861
4.19918155217308,0.275326220604799,24.4676714414386,33494.173
4.19900239844005,0.272403377354277,24.4644649437309,33499.423
4.19915280265811,0.272753488752463,24.4582467606754,33504.72
4.19899350741679,0.273918518179465,24.460127162786,33509.97
4.19948820691994,0.273465996579532,24.4554178688208,33515.314
4.19940868646114,0.272853536711298,24.4454163026972,33520.564
4.19955635865913,0.271534336274499,24.4417402317094,33525.876
4.19959686973887,0.275952066273242,24.4335195309077,33531.126
4.19968032783674,0.271369989389836,24.4387575839128,33536.439
4.1998643084521,0.272343915426455,24.4276201333127,33541.673
4.19961420200249,0.274132337829041,24.4186999055866,33547.017
4.19965861376359,0.273081278943133,24.4028390605465,33552.251
4.19978039712231,0.275744382204257,24.3946765154402,33557.564
4.19989409072563,0.27159568149042,24.4045558672716,33562.798
4.20010840494605,0.272079840292333,24.4007125248692,33568.111
4.20021272814501,0.270171378881251,24.3979549645955,33573.345
4.20008432317509,0.272467206032617,24.3937338295691,33578.658
4.20044470097283,0.270299311049215,24.3787283955694,33583.908
4.20023885024511,0.270792769408337,24.3724494253831,33589.22
4.20046351906436,0.269683147146513,24.3900719939064,33594.47
4.20053413097964,0.271488040410313,24.3767702785726,33599.783
4.20066376007741,0.273285776445757,24.3829778512567,33605.033
4.19991554792694,0.259719760048244,24.3636701673362,33610.33
4.19903674643466,0.253109486633937,24.3599069802092,33615.595
4.19907708335001,0.251065711849143,24.3618507538621,33620.923
4.19924443520398,0.251984048756043,24.3557836020257,33626.158
4.19902040733896,0.251206553787861,24.3453660011328,33631.47
4.19896283807006,0.252410111530756,24.3338871607919,33636.705
4.19905518377063,0.250314885253209,24.3394493451722,33642.017
4.1991593993065,0.252978647549098,24.3297901027626,33647.267
4.19917303032676,0.253737243159883,24.3234605234095,33652.58
4.19920311947868,0.249640827633309,24.3349162310903,33657.861
4.1991234109238,0.253472140625571,24.3235994038142,33663.173
4.19931504203669,0.251992353222419,24.3248672966123,33668.423
4.19921769814844,0.24942758190675,24.3156977361988,33673.736
4.19923335631828,0.249408856781453,24.2986815229137,33678.986
4.1995676532512,0.249372046075381,24.3051330004176,33684.314
4.19953899316926,0.247561783661703,24.3106198025899,33689.548
4.19960519967455,0.253330576675739,24.2960247466613,33694.876
4.19936377206178,0.248392324761417,24.2954904751027,33700.111
4.19965012249774,0.249151757172736,24.2844905659181,33705.423
4.19976596133968,0.248396353320551,24.2800531892725,33710.689
4.19992884225484,0.244443452059684,24.2834013780813,33716.001
4.19974359057903,0.248828243092093,24.2712970002217,33721.251
4.1996585551352,0.248422965293258,24.2739365274044,33726.564
4.20015392334487,0.250555842915721,24.2584989558712,33731.814
4.19983284607407,0.249527200100564,24.2653679380422,33737.126
4.20003798383253,0.249190417076408,24.2653723477981,33742.392
4.20011054305024,0.25296544149529,24.2630387933712,33747.705
4.20051909840029,0.249354813063652,24.2443927515694,33752.939
4.20062822143714,0.248202925472094,24.2433651362716,33758.251
4.19964928595761,0.237837744279489,24.2430371219529,33763.501
4.19944755488847,0.237662822305298,24.2368586436231,33768.814
4.19961192549402,0.237271975984478,24.2330596302903,33774.08
4.19951448506479,0.236993752700719,24.2256232413118,33779.392
4.1997140935704,0.235985584651437,24.224200060293,33784.642
4.19966005307828,0.23578927060018,24.2235340994088,33789.955
4.19991560606345,0.238893292069869,24.2102864873179,33795.205
4.19985244134005,0.23780739666145,24.2131021397616,33800.517
4.20000118930117,0.237627512366864,24.2095180670772,33805.783
4.19980909454077,0.235681332877452,24.2001163232412,33811.095
4.20002260168785,0.235228014562578,24.1880002442381,33816.376
4.20008864800849,0.238590040024048,24.1864976596233,33821.673
4.20012994357288,0.239651763040757,24.18032015029,33826.923
4.20002223620324,0.237295141929639,24.1793804733148,33832.22
4.20062293175246,0.236122694433311,24.1661288785805,33837.455
4.1992843346186,0.229016381591875,24.1607653089355,33842.767
4.19937729057491,0.222842996087403,24.1530498068114,33848.033
4.19956048269624,0.228457473648134,24.1447252970086,33853.33
4.19945460931416,0.226716588852048,24.1442990466809,33858.58
4.1996015566252,0.226192621927457,24.1459758683255,33863.876
4.19953585719345,0.230154719927819,24.1502110074624,33869.126
4.19976137451514,0.226745167410076,24.1440857564565,33874.439
4.19965409539515,0.226671896236552,24.1428030067203,33879.673
4.19964571403595,0.226437487564206,24.1346277071615,33884.986
4.19986526314291,0.225859922262046,24.1356100305808,33890.236
4.19974004383721,0.225156500512812,24.1496446541561,33895.533
4.19982862026334,0.22727241143587,24.1410415976173,33900.783
4.20010347401479,0.223909527872558,24.1403578246864,33906.08
4.20006177461442,0.225805489962908,24.1331384232901,33911.33
4.19999213456474,0.227344699516817,24.1234998403351,33916.642
4.20013455156309,0.227053743756344,24.111012784694,33921.876
4.20005789113702,0.225370942158105,24.1090869845273,33927.189
4.20019203813222,0.222650436998991,24.1124699520547,33932.423
4.20044309986159,0.226016963534521,24.110198509983,33937.736
4.20028820340421,0.222495245994438,24.1019230426668,33942.97
4.20044527427737,0.222359196564815,24.0854707293231,33948.283
4.20036967388341,0.223422650700207,24.084646334007,33953.533
4.20041351117996,0.222506110823064,24.0941511222727,33958.83
4.20078349883167,0.226475697779075,24.0832757494213,33964.08
4.19963050064121,0.214729672571166,24.0803567907021,33969.376
4.19970497973798,0.213978150617531,24.070951716565,33974.626
4.19993878914012,0.212325020544077,24.0723064018903,33979.939
4.19981849938184,0.213506185502324,24.0646337219631,33985.189
4.20001305666253,0.211702930635335,24.0656370341516,33990.486
4.19983635435262,0.215302200599618,24.0545926618181,33995.736
4.19988453400672,0.215402960232792,24.0590728922188,34001.033
4.20006226635137,0.213907501491257,24.0496279738737,34006.283
4.19991728870766,0.214473502500121,24.0534871130516,34011.595
4.20004003116128,0.213632940285594,24.0418216088264,34016.876
4.20027443330154,0.21263228703617,24.0522964958324,34022.173
4.20024949577302,0.213001937828506,24.0456472654989,34027.423
4.20044983311244,0.212699334974035,24.0448900650551,34032.72
4.20037844140337,0.211799766689904,24.0434095191221,34037.97
4.19994602232199,0.216326731429683,24.0360352084899,34043.283
4.20045347302851,0.213405205394875,24.033940835515,34048.533
4.20051505122545,0.213257307300131,24.0400674939371,34053.83
4.2005943441572,0.212549353663179,24.0271857693648,34059.08
4.19955478307399,0.20421562027753,24.0223714277414,34064.376
4.19971946069316,0.203615713020904,24.0145119135982,34069.611
4.19968362680612,0.202904626788765,24.0165157410544,34074.939
4.1997002563263,0.205462753489748,24.0237717920638,34080.189
4.20002836519875,0.199889699374425,24.018094814578,34085.486
4.19966605910733,0.20084241322063,24.0225023733055,34090.72
4.19960687791116,0.205158213751835,24.0093886125952,34096.017
4.19966466119278,0.204073951168038,24.0006613845473,34101.267
4.1997947433005,0.202372933590618,24.0065499057304,34106.595
4.19994775659032,0.200982591454664,24.0004080394609,34111.861
4.19994698035575,0.206121825693773,23.9962333955428,34117.158
4.19993500955614,0.202346464257043,23.9978505786672,34122.408
4.20010095012314,0.20663846459668,23.9946953036984,34127.705
4.20000149310646,0.203435462744001,23.9999895747089,34132.955
4.20031438639992,0.20117962637067,23.9890990500877,34138.564
4.20023614219233,0.204616806569197,23.986424827889,34143.845
4.20037502086478,0.203643764636272,23.9787781330198,34149.158
4.20022694895004,0.203209162045588,23.9813126403216,34154.439
4.20032257857853,0.202893961649952,23.9765852204045,34159.767
4.20033834692281,0.201974513073802,23.9745843188375,34165.111
4.20044703558593,0.200827465767439,23.9623367369179,34170.408
4.20041581678539,0.199912144088477,23.9705839682579,34175.751
4.20057205092108,0.199537383717287,23.9667974369525,34181.095
4.19966540332475,0.192939047385792,23.961560295025,34186.361
4.19972824380091,0.191977937966557,23.9634030119669,34191.705
4.19996154788394,0.192717336362145,23.9639770813545,34197.017
4.1999700400756,0.193080364930802,23.9549610116315,34202.314
4.19984268076319,0.195088301581014,23.9583348146873,34207.626
4.19976047588937,0.192506783835306,23.9514969920153,34212.892
4.19976596296265,0.190934233670568,23.9480380110848,34218.205
4.19987827355267,0.190820563521393,23.9385310039179,34223.455
4.19929193024359,0.191348004544543,23.9258064046714,34228.783
4.20007821827941,0.190330993676419,23.923258326775,34234.048
4.19982475041085,0.195558343947773,23.9195627617595,34239.361
4.20018234668946,0.191165898300474,23.9123077648664,34244.626
4.20029824432729,0.191495263610967,23.9102467087023,34249.939
4.2005397608692,0.187101049309484,23.9097078013572,34255.189
4.20043320509654,0.188297283181637,23.9073666428149,34260.501
4.20032933479194,0.193547544485063,23.8994463877768,34265.751
4.20031919710437,0.191195926074751,23.9014975800802,34271.064
4.20032262940912,0.190258583608807,23.9065174713302,34276.314
4.20038682335412,0.187305266406539,23.9034978940663,34281.626
4.20075414559835,0.189015876864914,23.8944041647054,34286.876
4.19966327057692,0.181896062166639,23.8872704846842,34292.189
4.19953472074681,0.175557634457478,23.8986074975807,34297.439
4.19994713787217,0.177287483222774,23.8938621019276,34302.751
4.20027253387855,0.172049382128842,23.8915286572213,34308.001
4.19943516040839,0.178187650222839,23.8954252710715,34313.314
4.19960834593275,0.181284773880832,23.9005548467167,34318.548
4.19964887709463,0.180357148175556,23.8956792605241,34323.861
4.19986399365857,0.176005781672867,23.8950504993319,34329.111
4.20039461993226,0.177162979316317,23.8839320313708,34334.439
4.19971672207924,0.175116859248358,23.8766184874834,34339.689
4.19950942223721,0.178334923178162,23.8726128058424,34344.986
4.19974213738389,0.179191074686315,23.8591406306802,34350.236
4.20031311478399,0.177953960610132,23.8655992919011,34355.548
4.19991377940625,0.181640446941784,23.8680229475465,34360.798
4.20001616445341,0.183750782975745,23.861422395379,34366.111
4.19973180202719,0.180233914347431,23.8583178224609,34371.361
4.20016623602234,0.178550941003923,23.8552498265035,34376.673
4.19972272517514,0.182119322520505,23.8611999097141,34381.923
4.19989786404511,0.180170655821823,23.8639868068146,34387.236
4.20020178639845,0.178205907400058,23.8611607907419,34392.486
4.20020456036693,0.179092778582686,23.8641512422435,34397.783
4.19999840206082,0.178127583495434,23.8700804912854,34403.048
4.20036272640361,0.178070434467906,23.8652379901201,34408.345
4.20004068149448,0.182559321792108,23.8577478706577,34413.611
4.20025533045457,0.182080610697196,23.8587791090292,34418.908
4.20023091685976,0.179521243597184,23.8484056116313,34424.158
4.20045996289613,0.179096964727401,23.8425812829361,34429.486
4.20052125647615,0.179487685711991,23.8476131329983,34434.736
4.20037854680588,0.177684433536643,23.8268200378654,34440.048
4.20058731778741,0.17600881266127,23.823580353873,34445.298
4.20131241656434,0.173104006859451,23.8182366180409,34450.595
4.20064538298254,0.174753439313959,23.8107607164023,34455.845
4.20075238853174,0.181796458394218,23.8124427150699,34461.158
4.20048267092354,0.179838153238241,23.8164184228629,34466.423
4.20072957354323,0.174333528629055,23.8066538211312,34471.736
4.20054466583248,0.178070618844266,23.7967011174406,34476.97
4.20042492876721,0.181194018644323,23.8066784532594,34482.283
4.2013163519875,0.179601589541717,23.796727701727,34487.548
4.2006599600886,0.178971644266377,23.7882166231297,34492.861
4.2010821121903,0.180253822513068,23.7921310634409,34498.111
4.20099555768104,0.176043205761184,23.7983835845209,34503.423
4.20121308457414,0.178429106648716,23.7879094828037,34508.673
4.20106569561782,0.178140416338868,23.7949868350068,34513.986
4.20124398582472,0.178693540642873,23.7864354463264,34519.267
4.20128650378306,0.177510250533188,23.7818855933877,34524.564
4.20151662309245,0.176179960249178,23.7717361058763,34529.814
4.20182188628384,0.173557827160167,23.7808276471265,34535.111
4.20066941862741,0.163949352723195,23.780744185244,34540.361
4.19991383025613,0.155186167629808,23.7755521178353,34545.673
4.19954451728793,0.153860069458624,23.7732075137792,34550.939
4.19944367010943,0.158590768757016,23.7775233055824,34556.251
4.19975986123178,0.158880634006596,23.7591612261911,34561.501
4.19943546475146,0.161961044108597,23.7625377486802,34566.814
4.19966875298099,0.156548546731869,23.7634022124302,34572.048
4.19948744395315,0.159210989408657,23.7542005721323,34577.361
4.19954411079105,0.159528968819037,23.7564957816601,34582.595
4.19953352302175,0.154670046682437,23.7561822329056,34587.923
4.19969169580008,0.156335924683709,23.7638727613432,34593.158
4.19977125859122,0.157637835099474,23.7598412971799,34598.47
4.19964393765743,0.15698260977717,23.7578652415459,34603.72
4.19964647772705,0.154899333403346,23.7526555427246,34609.017
4.19957888879299,0.157581892559108,23.7523449744363,34614.267
4.1995408843721,0.155481631745465,23.7468436287967,34619.58
4.19964220496709,0.158036007217102,23.7411675335228,34624.861
4.19976276892994,0.159213975550763,23.7489211702633,34630.173
4.19981131724,0.156115809342544,23.7391350070739,34635.408
4.19987726708893,0.154649713373445,23.7439797669534,34640.72
4.19984466540133,0.158507506320682,23.7431592473193,34645.97
4.19991637975417,0.159179885147876,23.7515826858914,34651.283
4.19985723169481,0.158296078345003,23.7481872042097,34656.533
4.19977343712706,0.160451647277607,23.7300328287923,34661.83
4.20005370701844,0.156720128090797,23.7391597105645,34667.08
4.19991625000035,0.158917919961654,23.7316444861903,34672.392
4.20048939028386,0.151536549887294,23.7372426834379,34677.626
4.20019622468064,0.155754855434362,23.7446904279294,34682.955
4.20007322369748,0.157272720407178,23.729261368584,34688.205
4.19997420664945,0.156747366126977,23.7333726171623,34693.501
4.20019298721768,0.157305378608461,23.7367386706277,34698.751
4.20021341995371,0.15493978165862,23.7414694748417,34704.048
4.2003704123455,0.15616071583365,23.7354691951227,34709.298
4.20023187694655,0.154004653823025,23.7352511021343,34714.626
4.20037673998133,0.156541414008724,23.7311545505401,34719.861
4.20030713714202,0.156325086278502,23.7208009531864,34725.173
4.20037383291025,0.156986840157788,23.7269137638192,34730.423
4.20051919921962,0.155855618969591,23.7267773306415,34735.72
4.20057905944011,0.157429365411235,23.7165181220773,34740.97
4.19957551302752,0.148903672132156,23.7196225626746,34746.298
4.19960853351443,0.148435185860339,23.7116876372861,34751.548
4.19946365430789,0.146002374663339,23.7103291461759,34756.861
4.19924160384205,0.14805595217663,23.7053859603862,34762.111
4.19932234784271,0.143309105882131,23.7005964681546,34767.423
4.1995706560016,0.143546541137199,23.7019257118492,34772.673
4.19944621319131,0.146423068855595,23.6995294349281,34777.986
4.1993276247369,0.144146419116575,23.6936450732695,34783.236
4.19975283379643,0.150337406890882,23.6881138311689,34788.548
4.19947520921408,0.14278584692209,23.6851470065537,34793.798
4.199565358673,0.14242573345281,23.6779181242805,34799.111
4.1994099651553,0.143327567122594,23.6751789675141,34804.361
4.19980220199369,0.144125903468123,23.6744282206785,34809.673
4.19975504988448,0.14793847204283,23.6757752779595,34814.923
4.19989397474217,0.14569334424824,23.6647633416953,34820.236
4.20001319684836,0.143127151460987,23.6682078605976,34825.486
4.19981126254661,0.142190959546488,23.6651214276087,34830.783
4.19972500022845,0.144485359025732,23.6654817809279,34836.033
4.19988850715961,0.145739375644831,23.6710750174817,34841.345
4.19981453202135,0.145211217771793,23.6680807560066,34846.595
4.19978916752635,0.146182065219421,23.6638156102915,34851.908
4.19985664183859,0.146665408482781,23.6591325493168,34857.158
4.19986992790866,0.145931323396071,23.6627861518888,34862.47
4.20002093000098,0.144290865953208,23.6652737770297,34867.72
4.20011009520631,0.146430780680718,23.6581107521239,34873.033
4.20007769692171,0.144596312448468,23.6667979364053,34878.283
4.19992277838181,0.146379873316786,23.6601274252423,34883.595
4.2004812901008,0.144845324482292,23.6571407084115,34888.845
4.20028461263749,0.147551056837147,23.6599824007953,34894.158
4.20019443240161,0.143196491371198,23.6512408022798,34899.408
4.20014771695944,0.143842171990011,23.6533983593347,34904.72
4.20034226681514,0.143149641554439,23.6467818871578,34909.97
4.200290840685,0.143199735554306,23.6530220282128,34915.283
4.20024717552678,0.146214807409328,23.6568375612343,34920.533
4.20047272617953,0.143481037358917,23.648249578716,34925.845
4.200084565452,0.144659520224298,23.641443907351,34931.095
4.20071239320213,0.144578698101412,23.6468193350339,34936.423
4.19976285827024,0.133378349771713,23.6459025927274,34941.673
4.19950334639793,0.135410589890111,23.6474301544724,34946.986
4.19965218843517,0.133958626397517,23.6289521226778,34952.236
4.19951911263292,0.1326574649993,23.6313034846932,34957.548
4.19938344421855,0.133697281315551,23.6253991131864,34962.798
4.19972100569524,0.131844026947581,23.6195910184029,34968.126
4.19959657682921,0.136413327203371,23.6222752940229,34973.376
4.19942409924425,0.132722439804358,23.6122002914894,34978.689
4.19937565791605,0.13631208116118,23.6137232269358,34983.939
4.19954904080943,0.131932592845908,23.6067352558563,34989.251
4.19966779300974,0.133928079098543,23.5996035977028,34994.501
4.19978968830707,0.134049893604355,23.5948684290532,34999.83
4.19972039586847,0.13213129064066,23.591116034064,35005.08
4.19966491986272,0.130027381263004,23.5931613142229,35010.392
4.19987628992351,0.135818646098346,23.5892398545829,35015.626
4.19978974686133,0.132437875885638,23.5946187339286,35020.939
4.19987137571725,0.131592133845849,23.598758595044,35026.189
4.19980219449854,0.133248277724837,23.5945824408394,35031.533
4.19980839558569,0.130568408405426,23.5974035126021,35036.783
4.19995729405718,0.133232165794087,23.6076503436998,35042.095
4.19987606505807,0.134154604755581,23.6087704311449,35047.33
4.19986178504132,0.134612060658552,23.6034172280094,35052.642
4.20000622214475,0.131585333349622,23.6088807835958,35057.892
4.19975176335216,0.134337990034784,23.5932529423208,35063.236
4.19982621710671,0.13462902933861,23.5988773306978,35068.486
4.20005449969832,0.131553082910553,23.6043360051211,35073.798
4.20010777944791,0.13314396322231,23.5931861986214,35079.048
4.20011312282857,0.134770427653063,23.5897060267227,35084.345
4.2000502332769,0.134313694549829,23.5896809380473,35089.595
4.19996813419494,0.133510484268662,23.5881678559875,35094.939
4.20016928080627,0.134233872117288,23.5810656747377,35100.189
4.20038241016926,0.135528203354565,23.5871612921202,35105.501
4.20048960662132,0.131371576760437,23.5843349468634,35110.736
4.20048522445802,0.135156917965189,23.5810863415631,35116.048
4.20009859874808,0.133685087907176,23.5770359105533,35121.298
4.20044707904179,0.134335378253772,23.566978720919,35126.611
4.2004526066651,0.13341613407453,23.572070389752,35131.876
4.20055468861426,0.13519407233822,23.566552448029,35137.189
4.19965039464241,0.123955561781137,23.5570158381223,35142.439
4.19958913860019,0.12337617348979,23.5476518253869,35147.751
4.1995946352214,0.123632558683685,23.5645922682377,35152.986
4.19942002851039,0.123284617109849,23.5550706958298,35158.298
4.19938234579955,0.123425043427094,23.5432965385238,35163.564
4.1992015492593,0.121073769679067,23.549294395264,35168.876
4.19931225197186,0.123783193556133,23.5582781559387,35174.126
4.19940047032282,0.122306116898745,23.5560332992544,35179.423
4.19948048036549,0.123756196031418,23.5565087374214,35184.673
4.19976211689335,0.122115300971924,23.5517704501589,35189.986
4.19946186549507,0.121892098350483,23.5606301808569,35195.251
4.19977323903417,0.121688924940331,23.5585130124402,35200.564
4.19984971844301,0.120417162511112,23.5573383640464,35205.814
4.19949345221249,0.122200398919114,23.5558050108598,35211.126
4.1998499914099,0.122877066685783,23.5516461065904,35216.376
4.1997375247882,0.122419706132572,23.5545782639025,35221.673
4.1995916171382,0.120506183943455,23.5448580182438,35226.939
4.19963982895312,0.121673623267663,23.5413524104048,35232.251
4.1996268696991,0.122722934048341,23.5369173021545,35237.501
4.19972929787414,0.126097833060436,23.5389990087206,35242.798
4.19965986475902,0.125334138930634,23.5439034210095,35248.048
4.20000723636046,0.122216914668648,23.5379190703288,35253.361
4.19989754241344,0.121302858189958,23.5323566287406,35258.626
4.19988549382556,0.124208325601467,23.5329329999045,35263.939
4.19977128929789,0.12356975056178,23.5353679134365,35269.189
4.19980152573731,0.124139450631519,23.5239087602966,35274.501
4.19983531336759,0.123009057774267,23.516647036006,35279.751
4.19984125923891,0.122561261277719,23.5277386063957,35285.064
4.19991918136652,0.12223307672301,23.5270462695963,35290.33
4.19998388156455,0.122576693912954,23.5323365437996,35295.642
4.19997604502331,0.124540525339097,23.5204151572269,35300.892
4.20016650075306,0.122415319815402,23.5213900820889,35306.189
4.20006754464407,0.121645330388973,23.5229972254188,35311.439
4.20007631685704,0.123686167027692,23.5245318655379,35316.751
4.20022130209255,0.121877244403136,23.5191909342259,35322.017
4.20032013425521,0.11999178701175,23.5215467939743,35327.314
4.20024140699266,0.12081979372266,23.5134114724779,35332.58
4.20037605254681,0.120405147440373,23.5212597257499,35337.923
4.20038680294677,0.121289292815256,23.5171633171788,35343.158
4.20015307325599,0.121794203754107,23.5203521561479,35348.47
4.20044190465959,0.120476480665454,23.5150609659085,35353.736
4.20041982722422,0.122930184814067,23.5222612191007,35359.048
4.20026659159141,0.12328267072717,23.514974446994,35364.33
4.20050802595759,0.119621873981933,23.5042363203949,35369.642
4.20055661937888,0.120333010322214,23.4938223955728,35374.908
4.20045477314128,0.121662886434142,23.4920733228646,35380.22
4.20054735280506,0.122128633374649,23.4855118295323,35385.486
4.2005005282438,0.120132134369708,23.485844943649,35390.798
4.20052589830155,0.122821888207373,23.4814678404915,35396.048
4.20062664034492,0.120288093147838,23.4788958750591,35401.361
4.2006411121025,0.118152979885692,23.4700923869519,35406.626
4.20074241797916,0.12031426657287,23.4728592175694,35411.939
4.20088213380444,0.120371181909037,23.4696919287045,35417.205
4.2006984581528,0.12115124746122,23.4663488444985,35422.517
4.20079632377501,0.118038635497022,23.4645677940201,35427.783
4.20066676340767,0.121590261216277,23.4723073052028,35433.095
4.2008544271034,0.120547813013857,23.4597569001835,35438.501
4.20107076136709,0.122506018911206,23.4561279600286,35443.767
4.20096343384814,0.122329635052583,23.4591094115063,35449.111
4.20104013413947,0.119427620572486,23.4633453836264,35454.361
4.20105083249662,0.12071762280351,23.459644651103,35459.705
4.20090872086046,0.117736646316463,23.4654620581669,35464.955
4.20113955421068,0.125004335853311,23.4638150451707,35470.283
4.20116353494492,0.119589982767379,23.4678739859536,35475.533
4.2013462740398,0.118647313788117,23.4539543992144,35481.017
4.20106511302886,0.117778600270545,23.4682963338778,35486.33
4.20151137250967,0.12187762241622,23.4688369551741,35492.142
4.20133226017546,0.12044496492945,23.4689912603797,35497.392
4.20119709932339,0.1207318552514,23.4626528401301,35502.736
4.2015819750953,0.117569744798988,23.4567568141877,35507.986
4.20057906762818,0.110462751517216,23.4644240214274,35513.314
4.19953427359374,0.099278978991482,23.4640019322762,35518.548
4.19928597701435,0.0982399355038156,23.4619524316993,35523.861
4.19932772658255,0.100649402193412,23.4575177260608,35529.126
4.19943978602806,0.098398641615623,23.4569537253622,35534.423
4.19924551181559,0.100799265752127,23.4433851872035,35539.689
4.19917253454401,0.0986647057119173,23.4336395159007,35545.001
4.1992199115758,0.100309448478912,23.438891123955,35550.267
4.19935342519113,0.0989992972496888,23.4244291359018,35555.564
4.19942311764487,0.097820731566093,23.4288712438922,35560.814
4.19936520166564,0.10219755465409,23.4238913878934,35566.126
4.19933309325044,0.101432613315165,23.4139098983502,35571.376
4.19918766831121,0.0995366955906017,23.4231381612687,35576.705
4.19925150389797,0.0982951693299883,23.4133997027356,35581.955
4.19935604491748,0.100969991462406,23.4247205360214,35587.267
4.19926760330443,0.0970021657856007,23.4168842175928,35592.533
4.19904694246856,0.10104052487051,23.4168990226062,35597.83
4.19895372046112,0.101171495227196,23.4189299913782,35603.08
4.19924300678582,0.100247428488228,23.4096690293149,35608.486
4.19938737283609,0.098958507769364,23.4053938161228,35613.814
4.19931550301274,0.101350557320108,23.4177353822097,35619.064
4.19926581354263,0.0982466195284317,23.4168502886655,35624.376
4.19913933358074,0.0982556129928783,23.4159519333801,35629.626
4.19904204709554,0.100989763962162,23.4070304819396,35634.955
4.19907858069716,0.0989717933306114,23.4010481310368,35640.251
4.19918266075186,0.0986844277401122,23.3944954933238,35645.564
4.19938458353069,0.100572247206313,23.4053034853997,35650.814
4.19936368864335,0.0981311971920142,23.4025147859549,35656.111
4.19943259278776,0.0997327426010308,23.399827850649,35661.376
4.19937977026295,0.0990797376913946,23.4042777861847,35666.705
4.19916446131085,0.0990984500540598,23.4050724136826,35671.97
4.19935604559367,0.0985863878923703,23.3934592154665,35677.267
4.19947621592071,0.100509146921149,23.3936555287001,35682.533
4.1994195190558,0.0985020573834953,23.3834897523816,35687.83
4.19847770389524,0.0891665138871306,23.3942117743532,35693.08
4.19829820246173,0.0889884231566991,23.3829621199465,35698.439
4.19841978762281,0.0890543330776941,23.3788237639966,35703.689
4.19847491069064,0.0911502519760972,23.3839300400076,35709.001
4.19850629187202,0.0894232785033517,23.3862946760346,35714.251
4.19837536003022,0.0908432097798647,23.3922359071814,35719.564
4.19819775789726,0.0892354666770415,23.3867113838237,35724.814
4.19809305495122,0.0929927940248169,23.3749774756372,35730.158
4.19843363274576,0.0930485345871966,23.3706837302513,35735.408
4.19823492388508,0.0905809524327333,23.3693240348257,35740.72
4.19745256222423,0.079391205170718,23.3634051332995,35745.986
4.19713177136643,0.0815002323435692,23.3613712112442,35751.283
4.19733315177944,0.0809519132693574,23.3623888244547,35756.548
4.19746681826351,0.0813407349305158,23.3614419997308,35761.845
4.19732110576675,0.0816908503397113,23.3614321187364,35767.126
4.19697774748701,0.0797266335736143,23.3676240675335,35772.423
4.1972927638049,0.0826593798255927,23.3573318413725,35777.689
4.19714573358347,0.0815683099793994,23.3592930665291,35782.986
4.19708617424397,0.0822953586693432,23.3600121197035,35788.251
4.19732911513297,0.0797063439390719,23.3639044189082,35793.564
4.19713785648849,0.0774869796745072,23.3551233960511,35798.83
4.19703350572179,0.0783695730125846,23.3493737216028,35804.142
4.19716829570451,0.0810987857521853,23.3576042159257,35809.392
4.19698845442629,0.0790822131460655,23.3569918343666,35814.705
4.19694274439919,0.0795397081806304,23.3633369043226,35819.955
4.19719715057975,0.0816079624011867,23.3633080222259,35825.267
4.19704802967605,0.0815838286153764,23.3726620947582,35830.548
4.19692170777908,0.0793771235461009,23.368203851948,35835.861
4.19718867771598,0.0807268244808495,23.363976889849,35841.236
4.19730187773249,0.0816858716579466,23.363884738427,35846.501
4.19714582706976,0.0819499504129307,23.3651386772681,35851.83
4.19631356872646,0.071537067997464,23.3633172633686,35857.08
4.19695169493666,0.0797929514857034,23.3669940279996,35862.408
4.1968468893298,0.0814149284069725,23.3582968753756,35867.658
4.19701291524265,0.0819802241752954,23.3559827257299,35872.955
4.19681444138156,0.0795436310100052,23.3580430118083,35878.205
4.19715026245551,0.0812995012426167,23.3464773683482,35883.501
4.1971719066496,0.0833513392623912,23.334600055295,35888.767
4.19724738513184,0.0805230647519953,23.3535070226093,35894.08
4.19706846148314,0.0799932420495946,23.3442525643443,35899.33
4.19696709134672,0.0825727540318442,23.3535762539179,35904.642
4.19714637023818,0.0812531717729272,23.3486885554372,35909.892
4.19710873817841,0.0780700573141146,23.3507622111861,35915.205
4.19709749669991,0.0805876890455619,23.345966035945,35920.455
4.19704084347297,0.0781591325951353,23.3508319901339,35925.783
4.19725007441692,0.078702770962082,23.338182137675,35931.033
4.19724048336637,0.0826506715578598,23.3349596742876,35936.33
4.19711466365394,0.0801046789344668,23.3300931605224,35941.58
4.19718641071823,0.0807426213230894,23.3346636503001,35946.908
4.1973122528758,0.0806012483914388,23.3341065427694,35952.158
4.19713469158609,0.078380126716784,23.3232464667196,35957.501
4.19724847956286,0.0815925115797436,23.3385586645827,35962.767
4.19730302238948,0.082704568048481,23.3243676479939,35968.095
4.19718813317752,0.0817595531102896,23.3218434158943,35973.408
4.19710744819915,0.0804334590045698,23.3315996136122,35978.689
4.19726580977211,0.0799965053815643,23.3343586666963,35984.001
4.19745650947228,0.0815114709198066,23.3309291319846,35989.267
4.19733960817225,0.0812360484387338,23.3289905852482,35994.595
4.19708703134449,0.0789107006244811,23.3300217780797,35999.845
4.19708368701281,0.0812027150672954,23.331159003861,36005.158
4.19725459753241,0.0805139231791951,23.3402657023615,36010.408
4.19729752256563,0.0809120705649186,23.3413063832414,36015.72
4.19735837779018,0.0797310049753058,23.3483425176474,36020.986
4.19737979747468,0.0808057913025891,23.3377663375822,36026.298
4.19734982299458,0.0793219384338185,23.3476907006979,36031.548
4.19720196463072,0.08116077606224,23.3468902705347,36036.861
4.19736086558746,0.082608316453232,23.3468465394365,36042.111
4.19730943458722,0.0804412369377394,23.3429682078962,36047.423
4.19756272389659,0.082678890803864,23.3480179841673,36052.689
4.1974660227701,0.0806071356913118,23.3445010796183,36058.001
4.1975725276817,0.0805324266838791,23.3459704123189,36063.251
4.19734264769052,0.0812033805561571,23.3433230669787,36068.548
4.19759365357621,0.080962495920359,23.3403538240363,36073.814
4.19735377765701,0.079600565064929,23.3282370357176,36079.111
4.19736966043237,0.0825422839530472,23.3290657415156,36084.392
4.19779845020964,0.0793149762008414,23.3194948647238,36089.705
4.19757174459215,0.0792335159396527,23.3182875061066,36094.955
4.19751501386302,0.0806239330248297,23.3131332025749,36100.267
4.19742135470297,0.079392303590749,23.3057717785,36105.517
4.19719314278283,0.0779694507408194,23.3060388593823,36110.83
4.1978930974503,0.0793571768483636,23.3006513373186,36116.095
4.19774030123657,0.0809074821660514,23.3036113786466,36121.408
4.1975714717666,0.0789879432565654,23.3007645290269,36126.658
4.19781909079021,0.0819087722530575,23.2938129978287,36131.97
4.19778219353124,0.0825474642567758,23.3053137754401,36137.22
4.1974219970989,0.0771907349242509,23.2981708207859,36142.533
4.19777338450259,0.0816416088244311,23.2928923788246,36147.798
4.19782150784869,0.0785475575402322,23.2996983232823,36153.111
4.19787677301,0.0772676714531077,23.301113851948,36158.361
4.19767178830744,0.0823033577761595,23.298692066436,36163.673
4.19791779825132,0.0795580495695595,23.2950564367288,36168.923
4.198048175929,0.0802641455691551,23.2830504741803,36174.236
4.19774785297707,0.0770761184443619,23.2956331915686,36179.501
4.19772003502336,0.0799197820225924,23.290349710062,36184.814
4.1978885738482,0.0812427640843457,23.2833155272115,36190.064
4.19796492309076,0.0794174768242644,23.2803005244785,36195.376
4.19809842971717,0.0795731450035717,23.2813794640569,36200.626
4.19805551452273,0.0782989059353195,23.2844890679018,36205.939
4.19797752971616,0.0786495841981257,23.2817901928596,36211.205
4.19810605201669,0.0816838282817966,23.2847939707561,36216.517
4.19788981456928,0.0817101471403575,23.2809728346147,36221.751
4.19785189143916,0.0775893296878661,23.279899032032,36227.064
4.19797100118534,0.0799371171567389,23.2774495179365,36232.314
4.19778463423255,0.0804467949524612,23.2691381064899,36237.611
4.19770613068641,0.0802818223009042,23.277248575115,36242.892
4.19801050970995,0.0791428808445001,23.2823333803738,36248.205
4.19819222074308,0.0761708630331164,23.2847301448014,36253.439
4.19831949865605,0.0796865281261079,23.2905385839375,36258.736
4.19803315467565,0.0766876481937337,23.2889934405897,36264.001
4.1982741215618,0.0768697323799222,23.2951862383037,36269.298
4.19827413801002,0.0788392729932196,23.288206040403,36274.58
4.19820899396788,0.0794422884921845,23.2874956355662,36279.908
4.19825766752826,0.0787927560466277,23.2945539081066,36285.158
4.19842214215205,0.0775457818540383,23.2896723899602,36290.47
4.197483566857,0.0690005705994441,23.2968480193441,36295.72
4.19732479128044,0.0733113891367893,23.2976439330344,36301.033
4.19713923467469,0.0710837967249696,23.2913354108971,36306.33
4.19737738277923,0.0693854896239929,23.2898215583208,36311.595
4.1972993712771,0.068810911262711,23.2850824348421,36316.861
4.1972673150726,0.0704306739907157,23.2898541263924,36322.173
4.19711655376838,0.069785894524795,23.2847775986386,36327.533
4.19700248673316,0.0697254449110019,23.2799352266211,36332.861
4.19720633322909,0.0713308508820981,23.2870736599383,36338.142
4.19707379945957,0.0672378173928235,23.2838819653013,36343.517
4.19739183927678,0.069283217841667,23.2808888169294,36348.814
4.19724433825283,0.0709919321157802,23.2720403462912,36354.095
4.19729833346269,0.0732293180536107,23.2710296478179,36359.439
4.19643890816308,0.0587097202876879,23.2724627431909,36364.736
4.19626585673405,0.0612329082783839,23.2730412971537,36369.986
4.19636157385235,0.0610065291119379,23.2702562574548,36375.298
4.19647019880173,0.0619239408496492,23.2704252544874,36380.548
4.19629688480913,0.0589478662867687,23.2641911131081,36385.923
4.1961117609472,0.0603842287476559,23.2655919744961,36391.189
4.19617850125946,0.0612447691310709,23.2662006938177,36396.486
4.19607019259405,0.0597263996082305,23.265749047571,36401.751
4.19590215305502,0.0614414094895298,23.2628026206335,36407.048
4.19624339011127,0.0575032266244123,23.2749266063808,36412.298
4.19612416117187,0.0571507322199653,23.2792461310863,36417.611
4.19610918946628,0.0611154818862753,23.2723377307548,36422.876
4.19606109072344,0.0592631453383315,23.2858590419319,36428.173
4.19605699557471,0.0593902973524985,23.2717986943178,36433.423
4.1960255129556,0.0572355908764649,23.2792503876479,36438.72
4.19584181024431,0.0599198460352154,23.2785669779483,36443.97
4.1959687090291,0.0593074473378302,23.2696805552183,36449.283
4.19609315856453,0.0617071086883503,23.2703818532796,36454.533
4.19595203380862,0.0590559799222076,23.2686305456352,36459.845
4.19595262842149,0.0618775496814544,23.2756623118768,36465.095
4.1959342544699,0.0608521622992061,23.2683216587153,36470.392
4.19615291235484,0.0595938867797298,23.2642872464043,36475.642
4.19613518198427,0.0584361496605032,23.2544328145467,36480.939
4.19622483247377,0.0607764762907785,23.2620858439643,36486.205
4.19610475857407,0.060998375649143,23.2616005103832,36491.517
4.1959528401621,0.060738001378426,23.2788621587961,36496.767
4.19595429016557,0.058606167424314,23.2702106516529,36502.064
4.19576044883368,0.0615989818279093,23.2657539930975,36507.314
4.19587474512227,0.0630948977874744,23.261195662381,36512.611
4.19606857142514,0.0630582249099292,23.2575756420305,36517.892
4.19614549377683,0.0598491971854988,23.2622931123882,36523.189
4.19598023198435,0.0615880514569783,23.2661802186489,36528.455
4.19605675783902,0.0626677851229122,23.2590294958478,36533.767
4.19589218011466,0.0595608374069468,23.258399690785,36539.017
4.19618282960318,0.0600938281813376,23.2667949744059,36544.314
4.19598165458905,0.0606824422943212,23.2575283861027,36549.564
4.19593548785518,0.0564886252079746,23.2682217724595,36554.861
4.19587721109893,0.0599865849174961,23.2691241254549,36560.126
4.1961219179234,0.0613437678389076,23.2655933008952,36565.423
4.19611596886774,0.0606509466333874,23.2577948112368,36570.673
4.19608304528615,0.0589727580700922,23.2625531352743,36575.986
4.19584368326488,0.0621306269731929,23.2622869301671,36581.267
4.19588582499756,0.0590714033292219,23.257841609349,36586.564
4.19593171005322,0.0591806828114226,23.2652932560745,36591.814
4.19594218281113,0.0606729113931401,23.2683626637217,36597.126
4.19593919492525,0.0604391712647514,23.2574741046696,36602.376
4.19629395042725,0.0583930132496488,23.2653627388133,36607.689
4.19613940889611,0.0578152674623437,23.254624935772,36612.955
4.19606388704588,0.0596798299525225,23.2572623590363,36618.267
4.19618432720459,0.0604295103003199,23.260360362563,36623.548
4.19620857036137,0.060300430317258,23.2550894542228,36628.861
4.19611519555353,0.0590241786980056,23.2552629322902,36634.095
4.19624116758536,0.0609881978201908,23.2482110501656,36639.408
4.19627363378935,0.0583222505964378,23.2439656476442,36644.658
4.19625333866678,0.0623821886065661,23.2537217145487,36649.955
4.19640230333855,0.0571677709252527,23.2514329820447,36655.205
4.19592392418915,0.061629182380456,23.247887610057,36660.517
4.19609880648072,0.0615683470216662,23.2436374117044,36665.767
4.19630647316399,0.0614549395144343,23.24135220696,36671.08
4.19617694892537,0.058329184198664,23.2295682094578,36676.361
4.19622736584817,0.056883370171894,23.225503185843,36681.658
4.19625913519786,0.0627420854860189,23.2257515107394,36686.908
4.19604691977892,0.0612020960885464,23.232792855278,36692.22
4.19612270739251,0.0593271190227979,23.2361154796182,36697.501
4.19653763707235,0.055528797154016,23.2424350904753,36702.798
4.19628553980985,0.0620463472746624,23.2346864933272,36708.033
4.19637875577469,0.0598082417181212,23.243306239648,36713.345
4.19603485234362,0.0607233440451578,23.2427954686264,36718.595
4.19627460730837,0.059094950020669,23.2354091644172,36723.908
4.19620100557197,0.0628230969799207,23.2378485309631,36729.158
4.1964093042936,0.0608698621328554,23.2309701801139,36734.47
4.19625430591979,0.0576328172621113,23.238721325065,36739.736
4.19635772917813,0.0566659039575023,23.2188472555738,36745.064
4.19622697132254,0.0605839709594016,23.2277548963203,36750.298
4.19626070185989,0.0570244113652959,23.216999040091,36755.611
4.19614424797154,0.0580747888144028,23.2227948200296,36760.861
4.19649471966947,0.0578338000061493,23.2159997528836,36766.173
4.19657257717525,0.0601803108897879,23.2178522550448,36771.455
4.19563728343558,0.0491261678883123,23.2062011357941,36776.751
4.19651836786329,0.063471572718745,23.2115718815114,36782.001
4.1963970649257,0.0595659268646793,23.207640927726,36787.314
4.19651789768638,0.0594404349738164,23.2017050921889,36792.58
4.19627867028562,0.0579289853105871,23.2156501034225,36797.876
4.19640517020133,0.0558912243185097,23.2194819367861,36803.158
4.19642704469036,0.0587736658187303,23.208324945211,36808.47
4.19635988043185,0.0610864821404822,23.209255036075,36813.72
4.19656242300393,0.0614087939902398,23.2182057277147,36819.033
4.19673239594751,0.0590071588917002,23.2127338247553,36824.283
4.19659971998529,0.0577944872787307,23.2144663919031,36829.58
4.19585112058923,0.04868167957394,23.2172877380056,36834.876
4.19670314114962,0.0569090752068236,23.2264766942186,36840.173
4.19650020852476,0.0600391738755558,23.2080672507551,36845.455
4.19668139440417,0.0584934918563614,23.2158890667845,36850.751
4.19671140191955,0.0592619427767876,23.2031235426569,36856.001
4.19660308363449,0.0608406526919455,23.2111159156806,36861.314
4.19582679899741,0.0480633650874332,23.2136668420084,36866.58
4.19631663263917,0.0608605129720303,23.2079876316567,36871.923
4.19671728325754,0.0604778050467133,23.1974786799979,36877.173
4.1966354181247,0.0546611544971584,23.203411751967,36882.47
4.19673090599457,0.0602121008961931,23.2023241795149,36887.72
4.19676158432017,0.0583901680680878,23.2079578857439,36893.017
4.19666987112864,0.0583903111495721,23.1938773452766,36898.283
4.19672288424492,0.0585605149556787,23.180344358226,36903.595
4.19667171768236,0.0577539289721738,23.1944627842469,36908.876
4.19678559075115,0.0598291919496963,23.1914959792203,36914.173
4.19685925049632,0.0571023260462113,23.1880144958836,36919.423
4.19671137051827,0.061495877349918,23.1903467336472,36924.736
4.19669385358436,0.0616190423951904,23.1836730672678,36929.986
4.19665025169685,0.057540276828757,23.1826170786494,36935.298
4.1969411429493,0.0565478756636612,23.1840906962391,36940.845
4.19696436224903,0.0616495596104594,23.179222279699,36946.173
4.19693632912896,0.0565026140543375,23.1858482556233,36951.439
4.19693003602479,0.0586518197570364,23.1831811553571,36956.767
4.19701475836018,0.0582494306715945,23.1941609039156,36962.048
4.19676208320296,0.0605474946542675,23.1839368484412,36967.376
4.19694208135545,0.0594678223326605,23.1956399155186,36972.658
4.19704472015012,0.0571771162205554,23.1913636622347,36977.986
4.19678361665926,0.0598570920946513,23.1924405017773,36983.33
4.19712362508237,0.0578072381186766,23.1981562906983,36988.611
4.19690965132213,0.0563794945010869,23.2004083165819,36993.923
4.19700977137954,0.0567133390822099,23.195936491179,36999.251
4.19697616381387,0.0567158952593753,23.1966904905972,37004.533
4.19690823587922,0.059464930752548,23.2029141909934,37009.845
4.1971179135974,0.0599370861931566,23.1930626660892,37015.111
4.19606539105802,0.0490703681512023,23.2046343878772,37020.439
4.19692148944755,0.0596911698859307,23.2012507800228,37025.751
4.19704179272409,0.0569153891392018,23.2016664878248,37031.017
4.19717632376996,0.0575596629185907,23.2037218745911,37036.33
4.19712597466684,0.0584337207919021,23.2030122857828,37041.611
4.19715620765883,0.0580366697720341,23.2112835686579,37046.923
4.19600069946764,0.0471594846976777,23.2046551972568,37052.173
4.19699067730947,0.055868093017336,23.2050483278962,37057.501
4.19700823772358,0.0576254332935209,23.2091854827189,37062.783
4.19703120115532,0.0574495622759265,23.1971109842648,37068.095
4.19744464653496,0.056831331197401,23.2017663173767,37073.376
4.19696948248281,0.0572528835137481,23.1992409217904,37078.658
4.19696352086317,0.0568495462114566,23.1960126381719,37083.845
4.1974266170607,0.0571532202707115,23.2007255282431,37089.048
4.19689670194846,0.0588214427891808,23.2005449196686,37094.33
4.19715611905015,0.0570772086049419,23.2103695624476,37099.517
4.1973492596011,0.0591031883119752,23.2147745387432,37104.72
4.19726480815694,0.0565704299647955,23.2048756851144,37109.986
4.19721940392053,0.055715879128946,23.2096016518799,37115.189
4.19743067006787,0.0593976893172137,23.2173051077694,37120.392
4.19760912327814,0.0502461255699342,23.2121470866778,37125.783
4.19701431413456,0.0572006410913082,23.2116171888004,37131.033
4.19710851815397,0.0598750045783952,23.213168979369,37136.236
4.19738102521952,0.0576122377292021,23.2097267790001,37141.455
4.19730399203003,0.0556499725828197,23.1923443304619,37146.705
4.19739583578191,0.0563137839231997,23.1993018365453,37151.892
4.19739790163485,0.0581223982749375,23.1944758500841,37157.111
4.19747382803483,0.0556566037965439,23.188281847857,37162.361
4.19755414271861,0.0551114571507628,23.1862617744209,37167.533
4.19735250522162,0.0541862446031974,23.1872237757108,37172.736
4.19661822687222,0.0475563305543001,23.1814516283051,37178.001
4.19677185420622,0.0449342736958443,23.1741529800268,37183.189
4.1964109278693,0.0459465173418765,23.1724387338296,37188.392
4.19711493503855,0.0579353411409055,23.178199186701,37193.658
4.19732098516963,0.0561928325946778,23.1691308692234,37198.845
4.19752131312889,0.0575888694617757,23.1740619681322,37204.033
4.19739363852933,0.0582854646706581,23.1799902507972,37209.298
4.19663079964241,0.0463455388149277,23.1905212155741,37214.501
4.19630194350156,0.0473793403422507,23.1811775950966,37219.689
4.19734886439659,0.0574048264327461,23.1787062395879,37224.955
4.19783571969984,0.0550611051994018,23.1760734478031,37230.142
4.19649749560713,0.0471193799201319,23.1846282453951,37235.345
4.19764688648576,0.0562151306990942,23.1768697019376,37240.533
4.1976458682999,0.0554481342587595,23.1839382046636,37245.767
4.19738345834505,0.0587458009338328,23.1953951702531,37250.955
4.19773187800424,0.0595482633767453,23.1903728450307,37256.158
4.19737027860455,0.0578345024306302,23.1854035933214,37261.408
4.19748617080862,0.0538641171171992,23.1892536004231,37266.595
4.19718949653877,0.0606103608171429,23.1916784290849,37271.783
4.1977860589901,0.0533827071336082,23.1967884194221,37276.986
4.19700179997432,0.044062831781343,23.2051404891821,37282.251
4.19656159729878,0.0462336093483904,23.2021360403791,37287.439
4.19624434220303,0.0564711507734092,23.1888744070406,37292.658
4.197643205115,0.0558583414934811,23.1885721034078,37297.892
4.19785922201138,0.0552553635402877,23.1843025446988,37303.095
4.19781170757565,0.0554197310618052,23.1832184971622,37308.298
4.19793096275974,0.0605393570583801,23.1751417537949,37313.548
4.19771773867366,0.0560474699927888,23.1699024266647,37318.736
4.19790861836567,0.0619733049789697,23.1674637917703,37323.923
4.19761108526412,0.0552713494999451,23.1702937366315,37329.205
4.19802714930787,0.0560839995033263,23.1663385801048,37334.439
4.19721012374275,0.0686289941325392,23.1520226521723,37339.626
4.19822107550844,0.0535685999775684,23.1535119212724,37344.876
4.19788028475886,0.0576057962496122,23.1539286155081,37350.095
4.19809030579516,0.0545152368227635,23.145665421441,37355.283
4.19779187750626,0.0566790585623338,23.1360390685375,37360.533
4.19802195907246,0.0543940361128956,23.1379408897954,37365.72
4.19784969794187,0.0591117385369978,23.1416513456134,37370.923
4.19830298575165,0.0546593513084556,23.1339845784695,37376.189
4.19776209570184,0.0573452081128212,23.1343720696763,37381.376
4.19802458365343,0.059001890472265,23.1401507007218,37386.564
4.19801906754739,0.0532371794774881,23.1323007605273,37391.845
4.19788333602292,0.0550919573420462,23.131868207863,37397.033
4.19790142487803,0.054765377070861,23.1379744967323,37402.251
4.19821018406802,0.0558680912156101,23.1262643416751,37407.501
4.19831799636635,0.0651669525087288,23.1227330112124,37412.689
4.19726056435033,0.0477990576749591,23.1162753729819,37417.923
4.19725021973276,0.0448828288791113,23.1209989496712,37423.173
4.19617125557721,0.0371971282204367,23.1028543929188,37428.392
4.19654237222866,0.0374708431060936,23.1162291249629,37433.595
4.19613658290773,0.0345971562522781,23.1117586704468,37438.861
4.19592630499799,0.0389533213069498,23.1096045643811,37444.064
4.19587031888605,0.0364680835571919,23.1142696861697,37449.283
4.19558769240979,0.0360774458251579,23.1040480813988,37454.533
4.19595901512597,0.0422427075880639,23.1031765465654,37459.72
4.19583170572211,0.0423790596985039,23.1049814085892,37464.923
4.19589713916432,0.0361321946154589,23.1045222022251,37470.173
4.19545890615255,0.0460141871986391,23.0992278744421,37475.376
4.19673624346513,0.0459994158257863,23.09683671623,37480.564
4.19672261472453,0.0455044153417645,23.1010577712808,37485.845
4.19665699612159,0.0467195029315458,23.1156834978078,37491.048
4.19581523605933,0.0385812921970721,23.10737900833,37496.236
4.1961288351472,0.0339571332695893,23.1114980710582,37501.501
4.1957111682241,0.0376820866302549,23.1026356523893,37506.689
4.1959249931926,0.0370683107818341,23.1082319703131,37511.892
4.19602156295523,0.0366607611049647,23.1013707056824,37517.08
4.19613551230569,0.0368340590994768,23.1006885548,37522.33
4.19599299142103,0.0394238668430017,23.1047490244996,37527.517
4.19568045032245,0.0370995680409567,23.1094784292541,37532.736
4.19583161605492,0.0367649734547389,23.1091925350212,37537.986
4.19588652700526,0.0341180037026792,23.1147244782748,37543.189
4.19553705105959,0.0378151865124722,23.1240727163997,37548.376
4.19656661396483,0.0495133563318489,23.1115953627065,37553.642
4.19671929788934,0.0466594158337771,23.1078390654396,37558.83
4.19683550485224,0.044157002373042,23.100883583087,37564.033
4.19695067617206,0.0504550224135213,23.1059213223812,37569.283
4.19719742429993,0.045864322404976,23.1086852365933,37574.486
4.19700842787652,0.0464478784120657,23.1179135687748,37579.689
4.19603683275597,0.0393723889607775,23.1107869366606,37584.939
4.19592318368768,0.0386877113418897,23.1103996693613,37590.173
4.19557909556121,0.0396942680127118,23.1163865565101,37595.361
4.19601449940676,0.0342547350824368,23.1161724841741,37600.626
4.19584741606174,0.0386561003198768,23.1127781835151,37605.83
4.19491185555243,0.0254668092633873,23.108315050601,37611.048
4.19572517457008,0.0385137222494914,23.1063438658267,37616.298
4.19615573339452,0.0329740001390599,23.1178446729069,37621.486
4.19566146143937,0.0365261079555212,23.1038154704797,37626.689
4.19567582988616,0.0353827783591658,23.101793061595,37631.955
4.195518211534,0.036014115228092,23.1063198006443,37637.158
4.19656003228279,0.0478693142932032,23.101279879689,37642.345
4.19681198645941,0.0468178667789655,23.0987851888718,37647.611
4.19705634030923,0.0472605970505733,23.0921147309883,37652.798
4.19621256397776,0.0362314737960462,23.0980515402038,37657.986
4.19635354232443,0.037564904480241,23.0895364496932,37663.283
4.19575302293215,0.038537272012153,23.092424020727,37668.47
4.19583399719928,0.0352770090417158,23.093989844413,37673.642
4.19607109494418,0.0383561262446948,23.0958627361475,37678.861
4.19558614003422,0.0355322094642697,23.0945742905195,37684.111
4.19579135973943,0.0364882259057628,23.0894738026754,37689.314
4.19579639326671,0.0396929618562766,23.0936681333307,37694.533
4.19595818932865,0.0360087419151405,23.1008069396629,37699.798
4.19579948104294,0.0358507281888437,23.1000906090542,37704.986
4.19577492126608,0.0334492204925582,23.0892851905528,37710.189
4.19610947321089,0.0410324633474586,23.1000305700233,37715.439
4.19563099109469,0.0354859334128336,23.099468672673,37720.642
4.19592552180666,0.0339022144627677,23.0982783039537,37725.845
4.1957938595086,0.0368163186861257,23.1045340154151,37731.111
4.19573560953016,0.0396173501997726,23.1103897468779,37736.298
4.19547261480107,0.0360661773373882,23.1253017331612,37741.517
4.19685058956183,0.0429766810769458,23.118152364056,37746.767
4.19601996496084,0.0364986351678346,23.1139761302094,37751.97
4.19601694683284,0.0356049794676071,23.1179598249058,37757.189
4.19588446316605,0.0369340598650802,23.118878142976,37762.423
4.19580339687797,0.0346839797429237,23.1251082524808,37767.626
4.19597817813613,0.0386397941016238,23.1065725682318,37772.845
4.19627245777506,0.0326495480728827,23.1167771622214,37778.095
4.19504263126094,0.0275025443207475,23.1082802322996,37783.298
4.19582010680364,0.0373209693150703,23.1095007838236,37788.501
4.19595634741803,0.0391952489385382,23.0988949095872,37793.767
4.19588586961721,0.0396517292777178,23.1094655047403,37798.97
4.19586435922073,0.0363540052253003,23.1130998796414,37804.173
4.19602829661753,0.0377417992515108,23.1050836905911,37809.423
4.19581272330394,0.0377976811696662,23.1006859680407,37814.626
4.19593900472593,0.0345952370615104,23.1004156212434,37819.83
4.19599976921386,0.0373344024238659,23.1041121251282,37825.08
4.19623225140654,0.0349503341049189,23.0955389670372,37830.283
4.19610675115111,0.0332488906050397,23.0957298829092,37835.47
4.19597312965423,0.0384466689594139,23.0973840311601,37840.72
4.19604024921266,0.0364011444494606,23.0960673290829,37845.939
4.19577778105528,0.0390988696055558,23.0921446848772,37851.22
4.19626501594727,0.0381884297725037,23.0860683493441,37856.423
4.19599945935306,0.0380188060157079,23.0992718555601,37861.658
4.1958633789756,0.0390489479056087,23.0925297183421,37866.923
4.19629684633225,0.0372363412822691,23.0921217577774,37872.111
4.19600837133361,0.0362638004206097,23.0817267414104,37877.314
4.1958532647188,0.0395099300789851,23.0805510724882,37882.564
4.19593705605581,0.0383692938231107,23.0673765963462,37887.783
4.19494820791907,0.0250599383913288,23.0740814516271,37892.986
4.19571349022649,0.0375000926742169,23.0688367514051,37898.236
4.19606346714179,0.0346035777701604,23.0882582896498,37903.423
4.19620529805538,0.0359815766187653,23.0742501254032,37908.642
4.19605917100783,0.0370606865355885,23.0791485709363,37913.892
4.19607884935554,0.0367290003773082,23.0848410492751,37919.095
4.1958675942487,0.0365038647382804,23.0734623484127,37924.283
4.19517579948667,0.0290246328881684,23.0814362564421,37929.564
4.19582279631491,0.0383526437018946,23.0847722198509,37934.783
4.19585596040016,0.0365553812672804,23.076796644428,37939.986
4.19598089255463,0.0377021908853513,23.0850714118573,37945.236
4.19622840208237,0.0401023070389335,23.0781434562708,37950.439
4.19633903933989,0.0373673365995118,23.0833048206221,37955.626
4.1962060441687,0.034507681078331,23.0810551474996,37960.892
4.19584532129395,0.0373603802673095,23.0809989425807,37966.095
4.19582068667362,0.0399628715951899,23.0768992743773,37971.283
4.19584514054311,0.0381353757581029,23.0678364251252,37976.533
4.19612400057048,0.0355192049424809,23.0659494794417,37981.72
4.19630930998904,0.0361451076557865,23.0746319097127,37986.923
4.19601365807843,0.037048862733698,23.0824257218766,37992.189
4.19550230273028,0.0295434552111555,23.0805445988989,37997.392
4.19605484969225,0.0356901026980397,23.0814562462684,38002.58
4.19622054183931,0.0385458526149454,23.0768182617088,38007.845
4.19533585969371,0.0249044298733518,23.0681427660716,38013.048
4.19621394695563,0.0370456424588181,23.0644920736985,38018.236
4.19603711075587,0.0408646395582571,23.0563361355658,38023.501
4.19599697973571,0.0366830559209143,23.0564314690761,38028.689
4.19618518976765,0.0350756709991817,23.0662379966295,38033.876
4.19592444759462,0.0348698604344064,23.0639853192938,38039.142
4.19616004674037,0.0346122911385023,23.0592116607145,38044.345
4.19595667742011,0.0400772570878556,23.075278555994,38049.642
4.19648883992661,0.0389830608111447,23.0782828286567,38054.83
4.19622265799439,0.0365385184436573,23.0744935865999,38060.048
4.19612428910773,0.0370439312450051,23.0641365764005,38065.298
4.19529241868906,0.0273966364236457,23.0693293697416,38070.486
4.19626842047941,0.0375260260653321,23.0642229910167,38075.689
4.19635395534846,0.0387979170558092,23.0559593155369,38080.939
4.19625238416204,0.0367896296937854,23.0581516465539,38086.142
4.1953770955533,0.0283115641911244,23.0602547007038,38091.345
4.19511072663556,0.0292145237149665,23.0625056340272,38096.595
4.1962513052382,0.0353139264925597,23.0691063017256,38101.798
4.19605634602656,0.0369164224855568,23.0665103765595,38107.017
4.19634610958094,0.0383663605629673,23.0688029593111,38112.283
4.19585136662549,0.0390152059080359,23.0560459014841,38117.501
4.1962943433019,0.0339643638822218,23.0563159528687,38122.705
4.1961618627698,0.0348928988617737,23.0439357593267,38127.955
4.1961933299067,0.0379827288105693,23.0507946546417,38133.189
4.19635065132889,0.036930896086248,23.0459329551494,38138.376
4.19624573424747,0.034981715402954,23.0479772038356,38143.626
4.1962228105745,0.0352161511225807,23.0511354904202,38148.83
4.19599304376939,0.0378242232314698,23.0624676640595,38154.048
4.19632080996272,0.0351648169248483,23.0541246221119,38159.298
4.19613922920013,0.0372380158799111,23.048357513796,38164.501
4.19568865155326,0.0268342638397123,23.0468165630014,38169.72
4.19542206209658,0.02548470219223,23.0417098432328,38174.97
4.19620627976607,0.0355093622594915,23.039968836612,38180.705
4.19631429692221,0.0361767745430636,23.0452678297223,38185.908
4.19627648447311,0.0396143238604975,23.0557880655063,38191.236
4.19612146191648,0.0382531622903255,23.0560848171014,38196.455
4.19614701718244,0.0384019025565996,23.0543678216096,38201.673
4.19629946732719,0.0366769929413822,23.0525512099871,38206.939
4.19633527508669,0.0369309467485538,23.0552187767114,38212.158
4.19626216317431,0.0349451565780602,23.0667816563022,38217.361
4.19629573575475,0.0360030959895873,23.059162526497,38222.626
4.19653042546279,0.0319018840168848,23.065433032277,38227.814
4.19652736490969,0.0382731482769994,23.0668564654332,38233.033
4.19650626702535,0.0356020337082473,23.0717165971166,38238.283
4.19646504547288,0.034895705615526,23.0668108288994,38243.486
4.19651857529761,0.0352719374180175,23.0680342931719,38248.689
4.19667429606246,0.0338110485823384,23.0654956080291,38253.939
4.19645035610053,0.0356896837404552,23.0639326584527,38259.142
4.19660165220169,0.0389757570078077,23.0645825755228,38264.361
4.19654569529401,0.0370995699874041,23.0651957185634,38269.611
4.19677531807574,0.0345571929625375,23.0557389530103,38274.814
4.19577697665646,0.0229568657032844,23.0639505828546,38280.017
4.19567255201747,0.0253263970259767,23.0602523712936,38285.267
4.19532302510746,0.0290815042489512,23.0577650570749,38290.47
4.1962686368065,0.0374920097172164,23.0619796444596,38295.689
4.19662313492914,0.0346610469831435,23.0660968730522,38300.955
4.19640810397587,0.0350603410944075,23.0660384471558,38306.158
4.19643394946626,0.0368279944026191,23.06307727207,38311.376
4.1965247738902,0.0377145136297296,23.0620553790008,38316.626
4.19649701351067,0.0350963044467645,23.0646336976481,38321.83
4.1964082118051,0.0368356723607126,23.0638582011337,38327.048
4.19638347245004,0.0352054213919105,23.0637909501293,38332.298
4.19653896617499,0.0333742145576481,23.0622630677092,38337.486
4.1969003477606,0.0367126977761513,23.0710838473365,38342.705
4.19651710059429,0.0369080365654605,23.0696173444645,38347.97
4.19657519029151,0.0372819947341734,23.072427358777,38353.173
4.19652327861243,0.0346650828305555,23.075953636395,38358.361
4.19683891254275,0.0385543653685313,23.0777228848263,38363.626
4.19558796653437,0.0267946357591676,23.078999464041,38368.845
4.19568917693831,0.0257129459747637,23.0637806384002,38374.064
4.19541283581862,0.0280157918424885,23.0599209121223,38379.314
4.19640534971564,0.0337238694863944,23.0544862461274,38384.517
4.19671915884339,0.034259921834999,23.0554651905614,38389.736
4.19650084676242,0.0384329457545005,23.0456517528023,38395.001
4.19645999712327,0.0369992570897669,23.0487394035927,38400.189
4.19560664622682,0.0275278283917993,23.0537125765201,38405.423
4.19574448561099,0.0255577662756603,23.0527625882754,38410.673
4.19563297773622,0.0263869813470234,23.0535100662829,38415.876
4.19556061041951,0.0276976662145668,23.0545229229066,38421.111
4.19530767837465,0.0268517594105462,23.0599683317864,38426.376
4.19625106922883,0.0397697284453892,23.0518532664353,38431.58
4.19653954415023,0.0363687910713742,23.0509211790881,38436.72
4.19647422506493,0.0361305640360228,23.0497838546281,38441.876
4.1963999325828,0.0385202272854543,23.0588004281821,38447.001
4.19651745547169,0.0387004722961975,23.0564255515236,38452.126
4.19651149505371,0.0367439931000367,23.0402648685475,38457.267
4.19662709225985,0.0333872396410494,23.0459195778488,38462.392
4.19673140489048,0.0354601175283122,23.041767290094,38467.533
4.19663629725007,0.0353467618939795,23.0371220814114,38472.673
4.19648308221702,0.0367107245516408,23.0423775138309,38477.814
4.19658974259605,0.0365443619495816,23.0431681129957,38482.939
4.19689208829274,0.0371290054003044,23.0360555428622,38488.08
4.19672799737429,0.0372722012583352,23.0345612356821,38493.205
4.19671160328094,0.033827575290016,23.0409933464394,38498.345
4.19670097688828,0.0367045855834689,23.0331572809579,38503.595
4.19664560242134,0.0364709012791965,23.0253759396679,38508.751
4.19704958568553,0.0366610091617159,23.0321915469603,38513.908
4.19675456720061,0.0323727303645464,23.0254022213033,38519.064
4.1966823955069,0.0349792361518335,23.0276960889835,38524.236
4.19664126838036,0.036262113640777,23.0133896560096,38529.376
4.19664908452049,0.0324303476597589,23.0220617811729,38534.533
4.1966958734512,0.0356074323301927,23.019958658406,38539.673
4.19683160508563,0.0369726763277715,23.0204267558867,38544.798
4.19696894670928,0.0342592157628276,23.0143379796956,38549.939
4.19689114948876,0.0341453752418022,23.0153591803773,38555.064
4.19673361123852,0.0372311952967302,23.0073457820642,38560.189
4.19691559923549,0.0329256062206252,23.0145473797737,38565.345
4.19686524988137,0.0336478251372984,23.009310571616,38570.47
4.19693419614727,0.035168999809872,23.012408927243,38575.611
4.19678746201076,0.0317255552491628,23.0094532707886,38580.736
4.19707445397689,0.03560192481547,23.0216625331431,38585.876
4.19699902086532,0.0315561021023096,23.0165538190214,38591.001
4.19698419126976,0.0351880271741385,23.0159611545441,38596.126
4.19691663988664,0.0361560966554042,23.0215758337822,38601.267
4.19620849310902,0.0232347632813585,23.0217517463419,38606.408
4.19638765947031,0.0264856372512346,23.0314890159366,38611.533
4.19600016397534,0.0263829309232317,23.0168076277926,38616.673
4.19612326069994,0.0256813139397158,23.0230814984889,38621.798
4.19613878168464,0.0232746140746752,23.0237678236006,38626.923
4.19566649480421,0.022625612148484,23.0179001611607,38632.064
4.19584018034735,0.0264560601718578,23.026371188084,38637.189
4.19571700953521,0.0233414618485358,23.0211186510888,38642.33
4.19611538752414,0.0237534244650085,23.0198623805304,38647.47
4.19601465591446,0.0240302618481343,23.0179220486031,38652.595
4.1960000180888,0.02387984594958,23.0237702492618,38657.736
4.19612597238857,0.0241627990174657,23.0264486297338,38662.861
4.19576131084479,0.0261373964131506,23.0266205385301,38668.001
4.19591401512487,0.0251722950817108,23.0305678883666,38673.126
4.19574260156486,0.0290455304144605,23.0259712137374,38678.283
4.19568497709898,0.0268194523426361,23.033561631696,38683.408
4.19596121260844,0.0275270571023331,23.0266049477629,38688.548
4.19569399725887,0.0266082435674876,23.0195093812024,38693.705
4.19593822655572,0.0254937556813017,23.0159091459462,38698.83
4.1957624899422,0.0258049784090748,23.0204293156772,38703.939
4.19577199389679,0.024343121178342,23.0198933642553,38709.08
4.19593673454797,0.0248415763226315,23.0248582777859,38714.22
4.19570233190005,0.0226702891156368,23.0077087639303,38719.345
4.19567677377835,0.0256947344096892,23.0178236157587,38724.47
4.19554223262812,0.0233663645854463,23.0124958244975,38729.626
4.19671709764904,0.0339737455060191,23.0092439675313,38734.751
4.19653242636624,0.0320297554824823,23.0148649691584,38739.876
4.19682500571026,0.0359762867507755,23.0082500269054,38745.033
4.19666750406301,0.0384889757433527,23.0029339517779,38750.158
4.19663947420845,0.036299340113077,23.0000441792083,38755.283
4.19667643514515,0.0372767442830562,23.0044557092851,38760.423
4.19715945948851,0.0353120489517604,22.9910793318263,38765.564
4.19716566445496,0.0338928831360403,23.0035882155517,38770.689
4.19686215522329,0.0375346934084214,23.0014807737033,38775.83
4.19693488131797,0.037061198791365,23.010054300249,38780.97
4.19715326066775,0.0347783967178749,23.0049453318161,38786.095
4.19694648853589,0.0342551856107295,23.0118224128859,38791.236
4.19705675279076,0.0340986483758085,23.0037698390189,38796.361
4.19711349502311,0.0343983641221039,23.011483847207,38801.486
4.19697422002381,0.0323307451106719,23.0177401908733,38806.626
4.19605261184754,0.0253504609384625,23.0140361936019,38811.751
4.19613191147453,0.0218556963149373,23.0168406571608,38816.892
4.19619459710139,0.0242370254016468,23.0122279388844,38822.033
4.19609503776857,0.026537185576323,23.0169856684069,38827.158
4.19608761301187,0.025219202489558,23.0237850569937,38832.283
4.19644388712893,0.0257955305965891,23.0267598143829,38837.408
4.1958800345724,0.0275892752268092,23.0322423306464,38842.548
4.19590367540698,0.0232286557646023,23.0408112706939,38847.689
4.19613378759995,0.0228263009567728,23.0314479533399,38852.814
4.19599321708991,0.0268551331310438,23.0267263469459,38857.97
4.19591748159911,0.025488859562488,23.036107067,38863.095
4.19610123303613,0.0248649233482061,23.0322149747712,38868.22
4.19588693437373,0.0237903218054134,23.034979407652,38873.361
4.19597712576713,0.0269502734260734,23.030760088935,38878.486
4.19615574883654,0.0259167917526498,23.0354519099462,38883.626
4.1960749103443,0.0236790832863224,23.0392528861524,38888.767
4.19584010195629,0.0277204703897094,23.0258610537321,38893.892
4.19624650550131,0.0228983779957803,23.0308318518137,38899.017
4.19627153157681,0.0244980040063227,23.0302371979247,38904.173
4.19614335666828,0.0255688000826109,23.0262686065685,38909.298
4.19594216350081,0.0276783939384865,23.0158193350428,38914.439
4.19618101244557,0.0264949049207603,23.023824847228,38919.58
4.19595436860862,0.0233692533015912,23.0224803075037,38924.705
4.19605368823186,0.0249134322959311,23.0222922648514,38929.83
4.19597159253132,0.0289346660612304,23.0161294602455,38934.986
4.19615954603248,0.0254069060928771,23.0257846483852,38940.111
4.19610515832793,0.0262800907986097,23.0285496918026,38945.236
4.19592207453154,0.0244685965795321,23.029041251832,38950.392
4.19618017101696,0.0237903350866759,23.0270803698499,38955.501
4.19602385913329,0.0277710050675202,23.0209693318875,38960.626
4.19586365620649,0.0268811636864856,23.0108426775526,38965.767
4.19581050714828,0.0266048273876395,23.0187265920636,38970.908
4.19593788973361,0.0234222748228554,23.0087964324833,38976.033
4.19614839182179,0.0247853387527471,23.0151776167714,38981.173
4.19579899102075,0.0264276380829187,23.0075646136477,38986.314
4.19599093918536,0.02453460526039,23.0105277952829,38991.439
4.19620763148411,0.024875737676634,23.0062304936883,38996.564
4.19593742553295,0.0250476089410979,23.0175443784545,39001.705
4.19597850808576,0.0269481222725614,23.0097011294589,39006.845
4.1958010319201,0.0270253744070973,23.0099023971206,39011.97
4.19621352083197,0.0249655145090628,23.0019755267355,39017.126
4.1960959371061,0.028787748935014,23.0055300765117,39022.251
4.19622160514018,0.0253289904098164,23.0015393795225,39027.376
4.19587349829791,0.0253675120288031,23.0162287803033,39032.517
4.19614197866591,0.0234643427923753,23.0133407487516,39037.658
4.19610025329754,0.022694289630456,23.0165136031363,39042.783
4.19609808536285,0.0230212561646631,23.0097375060164,39047.923
4.19620152079838,0.0266235260146886,23.0124293357664,39053.064
4.19606004430269,0.0243599164516344,23.0143003053345,39058.189
4.1959014797231,0.0239218698943815,23.0215836748515,39063.33
4.19598564485654,0.0271013537776502,23.0305552814274,39068.455
4.19641091582029,0.0243747801095918,23.0257472159303,39073.58
4.19604942799732,0.0271987848872281,23.0175242470622,39078.736
4.19608696639317,0.0256292583079201,23.0192868853956,39083.861
4.19615737611412,0.0270058054848604,23.0272747585899,39088.986
4.19621175081397,0.0218150994943173,23.0236453883609,39094.126
4.19597421710324,0.0255406761207832,23.0247356328308,39099.267
4.19588299444833,0.0240350120891903,23.0350777001043,39104.392
4.19604235708697,0.0227561170169722,23.0265038114921,39109.533
4.19626305483983,0.0262508612238489,23.024371294572,39114.673
4.19610810870218,0.0214481864999731,23.0284909453421,39119.783
4.19574558974935,0.0231309528072006,23.0203353311983,39124.923
4.19644221684467,0.0262469685815898,23.0185361464291,39130.064
4.19625363600556,0.0276024205260916,23.0160001645939,39135.205
4.19628916918073,0.0254555518319277,23.0185404027167,39140.33
4.1961666629924,0.0269858808448873,23.0174558698924,39145.47
4.19620506408444,0.0239455536744817,23.0133052967913,39150.595
4.19619820831352,0.0235354394707452,23.0110334672378,39155.72
4.19606650582707,0.0234873079803049,23.0141798961816,39160.861
4.19619033985368,0.0243350233251813,23.0091590735678,39165.986
4.19590256106482,0.0212594386672633,23.0122952648487,39171.126
4.19603757878923,0.0237075731800961,23.0192005368395,39176.251
4.19616295944846,0.0275178810319,23.02096144566,39181.376
4.19631725565528,0.0258084416537987,23.0179161214837,39186.501
4.19619311762429,0.0268704646060231,23.0183374273726,39191.642
4.19646067855407,0.0269969837857169,23.0320534922561,39196.783
4.19600656061964,0.0226425060515289,23.0284871663904,39201.908
4.19640088303854,0.0228484873130299,23.0337660369141,39207.064
4.19594387690716,0.0254671011912347,23.0259717272443,39212.189
4.19632066536221,0.0242279753797516,23.0277489865515,39217.33
4.19628846419724,0.022123989701597,23.0281641056212,39222.455
4.19628257158605,0.0256562666468957,23.0267714546015,39227.595
4.1964489960265,0.0239235243299244,23.0307574154084,39232.72
4.19650108533864,0.024259583602451,23.0338569271336,39237.845
4.1962624957443,0.0264498959346376,23.0323995365857,39242.986
4.19631577364288,0.0254125593507667,23.0206882671485,39248.111
4.1961137286955,0.0228946492219404,23.0171190836253,39253.236
4.19643642506846,0.0271309873871842,23.0192060153271,39258.376
4.1963961787559,0.0268429885622346,23.0116123974155,39263.501
4.19654424716991,0.0272529623245426,23.0083573020059,39268.626
4.19652975907597,0.0231211024543376,23.0036006641416,39273.767
4.19641671957307,0.0244589482817428,23.0088181712633,39278.892
4.19636874166545,0.0246516861834678,23.0000736962953,39284.017
4.19620526556148,0.026530952205301,22.991220665404,39289.158
4.19631542815975,0.0265656034117197,22.9991815912634,39294.283
4.19669066167118,0.022761107085857,22.9915729208301,39299.408
4.19635080389186,0.0234116136107548,22.9952994375617,39304.548
4.1966408858866,0.0221446994938415,22.985862269571,39309.689
4.19601975820439,0.0238046149412404,22.9819007216563,39314.814
4.19638914456461,0.0249776211737563,22.9880638033089,39319.939
4.19636557312033,0.0250250228901293,22.9827125853822,39325.064
4.19644457794052,0.0242918690354576,22.9871904320723,39330.189
4.19611028881605,0.0222381385951517,22.984146455874,39335.345
4.19643350585225,0.021583994376488,22.9874238568404,39340.47
4.19652047894972,0.0211907862679821,22.9905998718168,39345.595
4.19633203878543,0.02485360485689,22.9784384894683,39350.72
4.19628382072811,0.0245144892726134,22.9831924390736,39355.861
4.19648747783485,0.0258087488454077,22.9815325234785,39360.986
4.19617808889356,0.0248411146459467,22.9869644131999,39366.126
4.19643977408268,0.0245727725842859,22.9841260060189,39371.251
4.19639782128261,0.0272320569095347,22.986459623123,39376.392
4.19647937546659,0.0219028020730767,22.9963312731953,39381.517
4.19641415958043,0.0232458206941786,22.993591226225,39386.642
4.19646742295357,0.0238199101870724,23.0010880549473,39391.783
4.19652419224042,0.0234376340170926,22.997173749132,39396.908
4.1964495264939,0.0239598498235654,23.0000063086965,39402.048
4.19652645932551,0.0264830333003222,23.0024853462366,39407.173
4.1963758611344,0.0244455692413126,22.9978931251172,39412.298
4.19658492677982,0.0238658297610576,22.9942296353173,39417.439
4.19659586195085,0.024726023650744,22.9965046093648,39422.564
4.19650752595434,0.0285503415778123,22.9998171594646,39427.705
4.19657228055573,0.0250171717624833,22.9980222367405,39432.845
4.19658617315253,0.021943065968812,22.9976817016939,39437.97
4.19670546929152,0.0224750875168412,22.9907323441217,39443.095
4.19579052770523,0.014413416111407,22.9859872592068,39448.22
4.17064087591193,-0.00389397510134342,23.0016650109604,39453.267
4.18015661983301,-0.00155845956043364,23.0317525562778,39458.345
4.18319230982062,0.00136395697317792,23.0460745432688,39463.455
4.1844603019601,0.00249802466845486,23.0600407513852,39468.533
4.18520031142199,0.000791543012005443,23.0640236134238,39473.626
4.18609298765754,-0.00203154417118837,23.064868965556,39478.705
4.18673899534958,0.00127981464647477,23.0737148712619,39483.798
4.18711221240144,0.000824635758672098,23.0706918660106,39488.876
4.18737506857294,-0.000724262666834678,23.0827219584984,39493.97
4.18749360602842,-0.00233137990405754,23.0824755254457,39499.064
4.18789664058913,0.00172892716867876,23.0869761664325,39504.439
4.18828373651525,-0.00218885864953095,23.0795363884756,39509.548
4.18834326380497,-0.000454467126065829,23.0826808754169,39514.658
4.18842434245775,-0.00149836602075417,23.0760805072011,39519.767
4.18836628770525,-0.00107689457514925,23.0673827487192,39524.876
4.18864108131735,0.000743320183073298,23.0682721818331,39529.986
4.18877684526147,0.000589162707993928,23.0698805032436,39535.111
4.18886508020096,0.000923006506214466,23.074300758745,39540.205
4.1889710132656,-0.00143943611487157,23.0636791670867,39545.314
4.1888339872852,0.00115517384737764,23.0559572431683,39550.423
4.18908550911926,-0.00138608390219539,23.0518392595667,39555.533
4.18918851818496,0.00311758045701374,23.054150758336,39560.626
4.1888869555334,0.0016007057574365,23.0525216817859,39565.736
4.1894695779308,-0.000702285502361347,23.0444078154903,39570.83
4.18907386848179,0.00323156050683843,23.0497569269053,39575.939
4.18955547452266,-0.0029841272492561,23.0413555096815,39581.033
4.18919171556796,-0.000359720331907353,23.0373434278486,39586.126
4.18947199273241,-0.000861161342934595,23.0316668789354,39591.251
4.18920505703905,-0.00377876319506592,23.032146690483,39596.345
4.18937206728997,0.000645966415327585,23.0334014059887,39601.439
4.18955352807852,-0.00284873926859485,23.0324403107406,39606.533
4.18948237220078,3.29323584921177e-05,23.0330242808672,39611.626
4.18925734530534,-0.000865042347187461,23.0395783954061,39616.736
4.18917690578868,-8.04655402464305e-05,23.0437888349274,39621.814
4.1894718952518,0.0014550964583361,23.0475662890703,39626.83
4.18938609282592,0.000896098417740845,23.0395285245691,39631.892
4.1894836597173,-0.000381272556784063,23.0446022008974,39636.986
4.18948451568486,0.00224575658201202,23.0397388123957,39642.064
4.18929500959838,-0.000425626527444898,23.0420767020321,39647.158
4.18941796982694,0.00218829342091031,23.0563630525167,39652.236
4.18945301469196,-0.00120635931241065,23.0316195059135,39653.236
4.18956727331331,-0.000143694417881119,23.0260594582507,39662.611
3.98536304288295,-2.00957163942268,23.0551317075998,39675.174
3.96366091632547,-2.00952821954844,23.1385950796323,39686.939
3.94782963788898,-2.00683876054249,23.2535568496621,39698.658
3.93463363151846,-2.00634826789474,23.375592150795,39710.377
3.92294855729846,-2.00744509381077,23.489457378531,39722.158
3.91286560220372,-2.00708912474633,23.60453278493,39733.892
3.9033475361254,-2.01048015955406,23.7298980190114,39745.658
3.89483624695343,-2.00917983108628,23.8514567934982,39757.424
3.88695279575048,-2.00514341389287,23.9664954449161,39769.174
3.8796818523629,-2.00597910686872,24.0851081434901,39780.924
3.87272066620794,-2.0096149159651,24.1981990856334,39792.689
3.86615028340783,-2.00862180589174,24.3265503372917,39804.486
3.85994092028042,-2.01152819866626,24.4541684620366,39816.252
3.85434642809153,-2.00928733334495,24.5808432929995,39827.955
3.84897225845636,-2.00780908615209,24.6951802311378,39839.689
3.84320990525415,-2.00724552488648,24.8161644878687,39851.408
3.83877822580292,-2.00758147147293,24.9304870151429,39863.127
3.83376896559209,-2.00794628096203,25.0524194832779,39874.846
3.82941453419739,-2.00601232365301,25.1581628366442,39886.564
3.82497232119626,-2.00669766209067,25.2729390739677,39898.314
3.82080997147958,-2.0064788811382,25.3887165350227,39910.049
3.81691005803536,-2.00764695130908,25.504870716102,39921.814
3.81317345029731,-2.00614530370871,25.6072311040319,39933.564
3.80901383559451,-2.00833430681343,25.715615794921,39945.267
3.80547714928083,-2.00531794383863,25.8253372442094,39956.986
3.80147602064503,-2.00913959595917,25.9243400277746,39968.689
3.79769436913758,-2.00772030847599,26.0349572237421,39980.377
3.79405969208504,-2.00789431545919,26.1485803128001,39992.064
3.79028381121581,-2.00754423073314,26.2610260823034,40003.783
3.78640297904238,-2.00695692316657,26.3613036890354,40015.486
3.78250967549779,-2.00585870740778,26.4819740946232,40027.252
3.77837787172601,-2.00663623570468,26.593512264947,40039.002
3.77442883419325,-2.00869059691671,26.7095330308527,40050.752
3.77028394552159,-2.00873465741582,26.800235483335,40062.517
3.76572390057764,-2.0073983919552,26.9076008820497,40074.252
3.76154936933853,-2.00428819639544,27.0089412543716,40086.017
3.7571801083751,-2.00436974764774,27.1095685276063,40097.767
3.75260198294841,-2.00692776953008,27.1982312191559,40109.549
3.74810950394102,-2.00927637316446,27.2936366601681,40121.314
3.74336981406229,-2.00728046767613,27.388295309972,40133.002
3.73865554388591,-2.00730915250544,27.4684362423791,40144.674
3.73412682803523,-2.00721083765797,27.5512976177694,40156.377
3.72953225295593,-2.00752917196915,27.6280881119555,40168.189
3.72491123271336,-2.00765972679884,27.694453235813,40179.908
3.72047272423459,-2.00945459325733,27.7539046715547,40191.627
3.71581837180326,-2.00640824735332,27.8089189470031,40203.408
3.71183375816718,-2.00644004724624,27.8742011504858,40215.174
3.70774755985063,-2.00685064569145,27.8977647202784,40226.908
3.70379729254961,-2.00828174557476,27.9337370242948,40238.642
3.70024131133859,-2.00882894874446,27.9540147635143,40250.361
3.69621304889724,-2.00692748837027,27.9819948594184,40262.049
3.69273783916346,-2.01069465945078,28.001358672075,40273.783
3.68928291323636,-2.00726077085898,28.005882408371,40285.502
3.68568701365397,-2.00917951756811,28.0444634318707,40297.283
3.68247816073854,-2.00895862126212,28.0403798283547,40308.939
3.67900384500478,-2.00498116892748,28.0640029379254,40320.627
3.6756351456751,-2.006458391825,28.0717780720214,40332.346
3.6723928068607,-2.00944693624309,28.0762209890507,40344.111
3.66905045390618,-2.00868587147153,28.0873129863788,40355.861
3.66568152514047,-2.00840620374476,28.0989741716373,40367.564
3.66233687164297,-2.00885607491189,28.1133925009423,40379.267
3.6592971403715,-2.01006423492132,28.1341721925062,40391.002
3.65582398899504,-2.00966905279468,28.1569773512322,40402.736
3.65263778618166,-2.00796877502038,28.1639445626708,40414.471
3.64938144271219,-2.00898992946387,28.1776316388127,40426.205
3.64609313281192,-2.0086267409439,28.1976261129697,40437.955
3.642847487457,-2.0093812717918,28.2275504278475,40449.721
3.63970081435695,-2.00690287678821,28.2426504924273,40461.408
3.63663495912792,-2.00826988977118,28.259375649251,40473.064
3.63322556824847,-2.00682755383363,28.2759991090934,40484.799
3.63012175752192,-2.007453832542,28.2986649088264,40496.564
3.62697134472929,-2.00765490932619,28.3284094958624,40508.205
3.62386915002681,-2.00876107143155,28.3566326519241,40519.939
3.62093510551141,-2.00787570419732,28.3935569404229,40531.627
3.61774361177507,-2.00769512270976,28.4177390325769,40543.439
3.61456992412119,-2.00925768188915,28.4582796154475,40555.174
3.61175137965561,-2.00901386766797,28.5023197591151,40566.861
3.60858669765186,-2.0069333848082,28.5302110364494,40578.564
3.60583696974219,-2.00495925544782,28.5811607159945,40590.314
3.60262063852324,-2.00703628593989,28.6205117634655,40602.064
3.5996782511129,-2.00988773200888,28.6704080498914,40613.783
3.59687882216118,-2.00850962202144,28.6959195732967,40625.486
3.59391471054156,-2.00789852452559,28.7451527913806,40637.205
3.59102260324949,-2.00627931189946,28.7741023935627,40648.892
3.58825110749984,-2.00749289219795,28.8382999957079,40660.596
3.58536730404353,-2.00606791805371,28.8974778160327,40672.377
3.58251860225957,-2.00627796760781,28.9429345340818,40684.08
3.57963933147077,-2.00831552315306,28.9842527927854,40695.783
3.57718893035534,-2.00933731744115,29.0504597484923,40707.517
3.57438930901844,-2.00932704601251,29.0832052465805,40719.189
3.57143862238346,-2.00812314083542,29.126244079863,40730.924
3.56881675262572,-2.00658192888356,29.1711237409438,40742.689
3.56628181050011,-2.00920432448116,29.2127853570562,40754.439
3.56350226339472,-2.00845193968481,29.2556527019265,40766.142
3.56086044757063,-2.00830554491495,29.3056539143875,40777.877
3.55837976222373,-2.00629361343174,29.3573365989906,40789.58
3.55564976534808,-2.00696860129403,29.3998264732012,40801.314
3.55309472112805,-2.0061332081525,29.460765581757,40813.064
3.5506776012208,-2.00796417449495,29.4996839097878,40824.783
3.54794334089472,-2.00579115333694,29.5445553379146,40836.486
3.54559908237227,-2.00810776264485,29.5939992475738,40848.205
3.54295733083095,-2.00748075587772,29.6342581191771,40859.924
3.54058138808181,-2.00746263515259,29.6842791996852,40871.674
3.53833418870986,-2.0064250196935,29.7255152311726,40883.424
3.53593799520949,-2.00671747510306,29.7676493401055,40895.189
3.53331954423392,-2.00902254677438,29.8217701744263,40906.971
3.53107599238046,-2.0083998759825,29.8579061574815,40918.689
3.52867255606137,-2.00537359824459,29.908153803389,40930.439
3.52650141683735,-2.00640944114889,29.9435479183767,40942.221
3.5241087984739,-2.00689813682897,29.9976961841672,40953.971
3.52194598731042,-2.0080456142972,30.037388298784,40965.674
3.51949627444058,-2.00405902801615,30.0775765592895,40977.377
3.51765985067307,-2.01078853409906,30.1288128727181,40989.236
3.51506625845898,-2.00825668528256,30.1981649388253,41001.142
3.51313658369896,-2.00415945289356,30.2207279121607,41013.033
3.51092955516985,-2.00735490186906,30.2686573944057,41024.892
3.50862973402211,-2.00627509019004,30.2989562797178,41036.814
3.5066372276321,-2.00810359954883,30.3485195120973,41048.658
3.5043126145446,-2.00993280172004,30.3873138437601,41060.533
3.50233361480762,-2.00682784464825,30.4344004070663,41072.424
3.50051071444628,-2.008898633359,30.4728484513318,41084.392
3.49817824189086,-2.01154877471458,30.5120276808108,41096.314
3.49607143933036,-2.00771052880487,30.5641986104634,41108.158
3.49418505749248,-2.00889277141537,30.606227126423,41120.064
3.49213058080253,-2.01106595851387,30.6530861598946,41131.939
3.49028188367972,-2.00845499681331,30.6889393669401,41143.752
3.48845859874307,-2.00523331094703,30.7414711246621,41155.642
3.48643056781762,-2.00688668118642,30.7824240104013,41167.486
3.4846185892075,-2.00848493937524,30.8323232391274,41179.346
3.48240705832405,-2.00575266125466,30.8762653297819,41191.158
3.48067810638166,-2.00898102823932,30.9111790317223,41203.017
3.47867042058093,-2.00952277145638,30.9598011210255,41214.861
3.4768692352097,-2.00679678175637,30.9865459096193,41226.689
3.47499331703025,-2.00602086870805,31.0303440630688,41238.533
3.4732370627608,-2.01010115928508,31.0728576632165,41250.392
3.4712344660207,-2.0105704496866,31.1309957406502,41262.299
3.46969129412571,-2.0074059435657,31.1779858571698,41274.158
3.46775462399628,-2.00665292482809,31.2095955447871,41286.08
3.46612015408001,-2.01062502962622,31.2591545804199,41297.939
3.46412596499806,-2.00835479855974,31.3042923770148,41309.83
3.46253793217391,-2.0106183724406,31.3425293310694,41321.721
3.46076640158582,-2.00767233628252,31.3858370283775,41333.627
3.45906151065706,-2.00638051474764,31.4262695631384,41345.517
3.45739894845545,-2.00767424359431,31.48469436902,41357.33
3.45568842000887,-2.00965731024239,31.5199321368297,41369.205
3.45386138445469,-2.01023970872716,31.5595009510263,41381.064
3.45217958189109,-2.00963758941505,31.6017706641759,41392.877
3.45054159267858,-2.00709589353147,31.6665411206619,41404.689
3.44868294539991,-2.00783210588091,31.6958194581764,41416.549
3.44704501708236,-2.01081016886126,31.7475075843226,41428.439
3.44518759921898,-2.01245097220165,31.7888500223591,41440.267
3.44326892463713,-2.00875596310255,31.8303625415508,41452.111
3.44148818207985,-2.01164035689806,31.8658834721824,41464.049
3.43977072222208,-2.00985829868518,31.9200163525873,41475.939
3.43822946254424,-2.00949288426372,31.9637704447463,41487.767
3.43632321101917,-2.00819225287202,32.0208475167497,41499.705
3.43441432202053,-2.00709472273134,32.0607190260012,41511.549
3.43272096239394,-2.01087242021449,32.1096605499112,41523.392
3.43098609196321,-2.0071052900088,32.1455529126498,41535.299
3.42902548551661,-2.00680926235705,32.2008122079655,41547.283
3.42706454447601,-2.00507712605492,32.25513047107,41559.221
3.42549951107066,-2.00971739654134,32.2933730312827,41571.064
3.42358153262845,-2.01008048638288,32.3539346400039,41582.924
3.42174221279177,-2.00906480567484,32.390156409541,41594.892
3.41962743495634,-2.00815521101456,32.4390108651963,41606.752
3.41807578159077,-2.00928569178349,32.4927843896631,41618.611
3.41599326843839,-2.00912030112897,32.5419081842644,41630.471
3.41411102123929,-2.010570405031,32.5740017593182,41642.361
3.41223726642867,-2.01194167403702,32.6211879073401,41654.205
3.41011905555985,-2.00822746413932,32.6649580058514,41666.096
3.40819897800139,-2.00786239050535,32.7121658139504,41677.971
3.40618308911317,-2.00997491659563,32.760328791075,41689.814
3.40413596022994,-2.01127968552873,32.808001411827,41701.689
3.40191636511699,-2.00857297614776,32.8556008318846,41713.486
3.40013071527108,-2.00768527341465,32.8955947237331,41725.361
3.39804238483906,-2.00868292208391,32.9522017773756,41737.252
3.39598395397074,-2.00777698144511,33.0052517320469,41749.158
3.39375583690935,-2.01096674425365,33.0438509803833,41761.064
3.39145298584791,-2.00701996174696,33.0896128830563,41772.908
3.38917049714687,-2.00935910213037,33.1467947610391,41784.767
3.38684570717432,-2.00875345514248,33.2023354735814,41796.658
3.38478407438386,-2.0088395081933,33.2332413650613,41808.502
3.38216768604418,-2.00734356650227,33.3047007931958,41820.439
3.3797908315631,-2.00799514179973,33.3411489234059,41832.346
3.37718190551937,-2.00973339239517,33.3979986539821,41844.205
3.37490914293558,-2.01298473299909,33.4576539568475,41856.049
3.37231299550122,-2.0075657301417,33.5142049716975,41867.877
3.36952279285931,-2.00918170221133,33.5716864341002,41879.705
3.36689387614421,-2.00796675565228,33.6107814118291,41891.611
3.36415066742289,-2.00814789868395,33.6697322732298,41903.471
3.36116788443022,-2.00925805946668,33.7219211424425,41915.377
3.357842171401,-2.00820390941878,33.7767315382041,41927.221
3.3549414934181,-2.00755883843006,33.8208043822041,41939.049
3.35200455545446,-2.01047569418344,33.879018116607,41951.064
3.34866502444342,-2.01088135207669,33.939130699277,41962.939
3.34514847866862,-2.00849269927965,34.0038346387967,41974.767
3.34165718094183,-2.01087949021162,34.0572727316349,41986.627
3.33797728145561,-2.00840195636771,34.118317450307,41998.611
3.33383119077339,-2.00816803090547,34.1704039600935,42010.533
3.33001527424482,-2.01078332278678,34.225443427989,42022.424
3.32572344532217,-2.01041196837873,34.2814557045194,42034.283
3.32132617526797,-2.00664482304506,34.3527510936702,42046.142
3.31651960473487,-2.00654726268443,34.4020995783141,42057.986
3.3115814231775,-2.00842205531599,34.4617329659873,42069.908
3.30606817917727,-2.00907370882168,34.5268374906686,42081.767
3.30062124728247,-2.0072491506372,34.5822542331662,42093.642
3.29430816212921,-2.00922030453328,34.6519683928667,42105.486
3.28807840979233,-2.0089574791194,34.6965293036931,42117.314
3.2808077868984,-2.00676416881173,34.7539056095355,42129.236
3.27322041001979,-2.00708853582974,34.830578099606,42141.142
3.26523966681591,-2.00807168959697,34.8802115451103,42153.049
3.25655535609795,-2.00903543054649,34.9566414137095,42164.986
3.24706102717045,-2.00988169283005,35.0221763080594,42176.83
3.23676153418187,-2.00591569113663,35.0929998046845,42188.721
3.22584879940475,-2.01016173467762,35.1688059142089,42200.627
3.21401454523984,-2.00887983265854,35.2524813961588,42212.471
3.20134710434783,-2.01032483471734,35.3164409092935,42224.377
3.18730678255058,-2.00982437928181,35.4119022852333,42236.299
3.17251721050167,-2.00972343114189,35.4845079806034,42248.221
3.15646954414603,-2.00460806272805,35.5463490549518,42260.08
3.13893063968535,-2.00622061906945,35.6308959694851,42271.955
3.11983948334002,-2.00580212735655,35.7168852479763,42283.861
3.09913831883189,-2.01150373646303,35.7975014029785,42295.783
3.0760977976926,-2.00807442717928,35.890413339686,42307.674
3.05132274663252,-2.00953525707346,35.983408117238,42319.596
3.0237305192547,-2.00703162474536,36.084179050585,42331.455
2.99295928460118,-2.00789850389538,36.1923908291399,42343.346
2.9580984382477,-2.00911673081595,36.3157202710412,42355.221
2.91880484218589,-2.00756300237821,36.4281821621392,42367.08
2.87431476030411,-2.0032790952321,36.5438285622822,42378.939
2.82290056963814,-2.01330336387451,36.6611375778308,42390.83
2.7610275825685,-2.00744776391267,36.8052262441042,42402.721
2.67973726422814,-2.00820940751506,36.9420683776804,42414.596
2.56415737514895,-2.00657833256152,37.128368645841,42426.486
2.39742055978731,-2.00593747916692,37.3217085545394,42438.346
2.87821775189963,0.00158670273597755,37.4787856010008,42450.346
2.99195314846574,0.00163774354382525,37.4892397821698,42462.392
3.06371106471935,0.000208613493490612,37.4186845594984,42474.424
3.12042780518646,-0.00305595025913158,37.3029023208221,42486.455
3.16622619935843,-0.000407349519927169,37.1800227108608,42498.392
3.20357481236722,-0.00369231154817372,37.0340814804126,42510.517
3.23402646965452,-0.00133262569991343,36.86542341732,42522.533
3.26002529473649,0.000436043984846443,36.7144237135203,42534.486
3.28224498790862,0.000314834057648966,36.5329498544404,42546.486
3.30209399401924,-0.00212748320847883,36.364926245514,42558.502
3.31985010546105,-0.000680357408145088,36.1906716109812,42570.502
3.3355539134593,0.000827062257490069,36.0014687432067,42582.471
3.34994615090738,0.000124899188232897,35.8272167744612,42594.58
3.36341251247668,-0.00133257886881916,35.6431873353732,42606.705
3.37564474175548,-0.000150865179677129,35.4761287860518,42618.908
3.38667227047086,0.00127395501809266,35.2944456514371,42631.064
3.39705226968484,0.000507473240782928,35.1130994750233,42643.189
3.40639045651167,-0.00270664366230733,34.9533401494567,42655.314
3.41539999287827,0.00323275600580235,34.7678589431082,42667.408
3.423794240563,-0.00054996225589296,34.600872320143,42679.549
3.43135566414574,-0.00184063762146644,34.4269842768544,42691.658
3.43887422107835,-0.0016588333805397,34.269090540317,42703.799
3.4743726449518,0.00280091403971135,33.3455469636465,42704.799
3.1647781328875,-3.57572489022259,33.2909737244105,42707.252
3.55375000683621,1.51558437879592,33.2768138681014,42712.315
3.59458564948459,1.51579928361608,33.2615645503083,42717.19
3.61811969079768,1.51516336699123,33.2154319281135,42722.033
3.63682342874365,1.51484142626505,33.1596131196881,42726.924
3.65320127690083,1.51581194889406,33.0999277546401,42731.815
3.66772626000935,1.51446557124067,33.039315714348,42736.69
3.68134557326198,1.51794977137263,32.9724747809881,42741.549
3.69352386295331,1.51743802834596,32.9014417636038,42746.408
3.70472869918329,1.51643820903264,32.8255718065395,42751.268
3.71521302846887,1.51642406310759,32.759837531117,42756.127
3.72533264623196,1.5158547577156,32.6806720950937,42760.987
3.73442535016569,1.51556636303698,32.6071888295153,42765.83
3.74287363765404,1.51635931044418,32.5286960673241,42770.69
3.75100551528526,1.51844345842254,32.4557771463054,42775.518
3.75895706537275,1.51333934188677,32.3945446150541,42780.346
3.76599663427854,1.51475062893791,32.3207163836218,42785.19
3.77263090915285,1.51299300637988,32.2567234566635,42790.033
3.77938164916108,1.51464668560042,32.192592477793,42794.924
3.78545803750595,1.51595777917697,32.1296569819803,42799.799
3.79107814167508,1.51475335134043,32.0573510417856,42804.627
3.79608881363693,1.5177564132872,31.9911264973618,42809.487
3.80134917104892,1.51640357003457,31.9241258367694,42814.315
3.80592744927855,1.5140351953867,31.8482043261674,42819.205
3.81048371538057,1.51771880699839,31.7818143448694,42824.033
3.81456211936931,1.51477012140108,31.7228917975495,42828.908
3.81783333461935,1.52033272903101,31.6646995947509,42833.737
3.82117094197822,1.51422887330832,31.6075010308245,42838.627
3.82465890138196,1.51590982735849,31.5449664199848,42843.455
3.82706182893061,1.51351946876593,31.4971159328919,42848.315
3.82947114749902,1.51423526941957,31.4495578264453,42853.143
3.83151965041048,1.51556856994907,31.393666010609,42858.002
3.83366884694509,1.5132310002553,31.337566673305,42862.83
3.83549921945721,1.51590877167171,31.2815520934539,42867.721
3.83729294428138,1.51544978507622,31.2271169620352,42872.533
3.83867538984019,1.51622264968166,31.1856211999871,42877.424
3.84044058482913,1.51459819848318,31.1457394544158,42882.252
3.84191637130694,1.51542346163666,31.0844411472572,42887.143
3.84317098234588,1.51675233318179,31.0300698204811,42891.971
3.84464832464562,1.5167506153768,30.9821898976499,42896.799
3.84615878779923,1.5169440551199,30.9269329710086,42901.674
3.84785294997847,1.51297814672358,30.8837994527362,42906.502
3.84917693758561,1.51118376021194,30.841544708231,42911.362
3.85035897176152,1.51532203584853,30.7913161091734,42916.221
3.85213063750753,1.51550941300826,30.7407274935753,42921.049
3.85280462314864,1.51569145064123,30.6794327439323,42925.924
3.85474042731041,1.51724145941667,30.6385740294186,42930.752
3.85619794539995,1.51322958343381,30.5889460303762,42935.612
3.85750119162027,1.51688264674861,30.5494782728656,42940.44
3.85886214779209,1.51747380732845,30.4923924166819,42945.268
3.86018394445874,1.51860516106104,30.4547908273412,42950.096
3.86176469378646,1.5148190779929,30.4168701341077,42954.94
3.86319407235999,1.51530130429382,30.3861562337202,42959.783
3.86465471711582,1.51702865919905,30.345301709786,42964.674
3.86610471102424,1.5124931239877,30.295392615254,42969.502
3.86739427208835,1.51702004137599,30.2525654896561,42974.377
3.86862294190421,1.51720553161194,30.2099906148597,42979.221
3.86995597657543,1.51433713005621,30.1692553632139,42984.112
3.87160342012565,1.51590332329943,30.132035547978,42988.955
3.87281665106222,1.51294248356326,30.0915199019341,42993.783
3.87449298200283,1.51634467330899,30.0464544315337,42998.627
3.87579006962103,1.51560806217664,30.0076356094951,43003.455
3.87697693815414,1.51503504748174,29.9690679872847,43008.315
3.87832480748876,1.51413934393922,29.9377219786767,43013.143
3.87975881144546,1.51412577912152,29.9031370941307,43018.002
3.88104703538662,1.51671321221791,29.8762513023835,43022.877
3.88231029732379,1.51556624573445,29.8323893287028,43027.705
3.88344728960444,1.51348588970557,29.7959599021186,43032.565
3.88505268037502,1.51663737105303,29.7671638370621,43037.393
3.88626390298325,1.51474691087619,29.7268823943551,43042.252
3.88753600450914,1.51419696512511,29.7005634714552,43047.08
3.88880034234368,1.51603887270374,29.6538711365403,43051.908
3.89042484453959,1.51451162945354,29.6212261632154,43056.752
3.89084286450478,1.52321401382575,29.5822107012558,43061.58
3.8926332647952,1.51353697519951,29.561918162035,43066.44
3.89386011574599,1.51696947082877,29.5306008569906,43071.268
3.89513372437529,1.5142255030117,29.4878478855903,43076.127
3.89633535761888,1.51594273132836,29.4557801275679,43080.955
3.89748004109662,1.51819464538374,29.4246181142429,43085.783
3.898980753245,1.5159145042291,29.3902461145578,43090.674
3.9001353370211,1.51896709412777,29.354154918079,43095.502
3.90127027758326,1.51601852953341,29.3273173318612,43100.362
3.90213210200968,1.51795754625523,29.3011101823194,43105.19
3.90349519324031,1.51550031613414,29.2698875598653,43110.049
3.90466753042923,1.51622310869644,29.2383630752234,43114.924
3.90611955521075,1.51495161925205,29.2180685216774,43119.752
3.90719923496209,1.51663334355332,29.1956788500974,43124.612
3.90823361199324,1.51585026400751,29.1648500669405,43129.44
3.90917444556358,1.5140652117559,29.1421529801587,43134.299
3.9103969158587,1.51707390288756,29.11667070791,43139.127
3.91130691838845,1.5167411900789,29.0932267763534,43143.955
3.91272361065236,1.51692452189601,29.0558176510198,43148.815
3.91358569366691,1.51463379534409,29.0366099694307,43153.643
3.91458307252491,1.51376912054881,29.0158482683949,43158.471
3.91551955516848,1.51755551909137,28.9805484655691,43163.346
3.91658293477512,1.51372356487208,28.9510755995722,43168.174
3.91777496377079,1.513967667534,28.9154338835918,43173.049
3.91888877616144,1.51566324674361,28.8973567843451,43177.877
3.91961167904888,1.51175806212621,28.8703788563086,43182.752
3.92075168270687,1.51642417456526,28.8475141087271,43187.58
3.92159412763415,1.51682816144838,28.8299661756178,43192.455
3.92283842486386,1.51740986757402,28.7920542057668,43197.283
3.92355383081835,1.51373263978672,28.771107250013,43202.158
3.92434430317764,1.5182958302165,28.7455083188624,43206.987
3.9253417802974,1.51588234481414,28.7208340712742,43211.862
3.92616858635719,1.51695504618795,28.697006727172,43216.69
3.92717261715788,1.51622554383722,28.6842104434752,43221.862
3.92820845559521,1.51561674836945,28.6585275883184,43226.846
3.92920631989901,1.51549074978862,28.6406759455102,43231.83
3.92999200559342,1.51681479955571,28.6085831154832,43236.799
3.9311115252073,1.51546452576408,28.5844091295877,43241.752
3.93179431060303,1.5148171554763,28.566152947393,43246.721
3.93262909145221,1.51467547528103,28.5486412128984,43251.69
3.93375456896078,1.51562517085777,28.5123808216971,43256.705
3.93447677975643,1.51377140894466,28.4870124339502,43261.658
3.93520076043556,1.51454028525669,28.4611961001719,43266.612
3.93589814852866,1.51522958332073,28.4383171629204,43271.627
3.93708590448827,1.51553546712381,28.4328723650519,43276.643
3.93781904855579,1.51485118669657,28.3981834907123,43281.643
3.93876867010679,1.51604972219198,28.3907575806598,43286.565
3.93945080462272,1.51431473475286,28.3633275991795,43291.58
3.94031978781561,1.51725782693309,28.3479768508186,43296.565
3.94091645350697,1.5137941366893,28.3231269611269,43301.518
3.94179268709034,1.51723075442221,28.2982965635678,43306.471
3.9424556504788,1.51572978187782,28.289836383926,43311.471
3.94311662949031,1.51754548190264,28.253071748009,43316.502
3.94422192083053,1.51625195693127,28.2440866397091,43321.518
3.94492648132157,1.51596329648993,28.2194017559558,43326.518
3.94558955151756,1.51439582004288,28.2125058493106,43331.533
3.9461319860731,1.51508579649066,28.1706168292293,43336.502
3.94713938825161,1.51605681538096,28.1426496763184,43341.455
3.94762142656577,1.51636480896448,28.1225221636331,43346.393
3.94837334011729,1.51720706225186,28.1107649605199,43351.346
3.94904927696041,1.51156558255188,28.1137105287995,43356.33
3.94968079286381,1.51513368045115,28.0837700132819,43361.268
3.95095185267086,1.51697537397665,28.0542640654451,43366.299
3.95140815584018,1.51445308377108,28.0416353198697,43371.283
3.95185396668064,1.51343732541388,28.0247082395256,43376.283
3.95272784671557,1.51714630183583,28.0043641483906,43381.315
3.95361741521625,1.5163767048109,27.9871827413239,43386.283
3.95415451994282,1.5171672680445,27.9740488968924,43391.268
3.95475921691837,1.51482819918773,27.9511540134487,43396.221
3.95520539171609,1.51437808704364,27.932420528756,43401.174
3.95617774242651,1.51561126086398,27.9164906346334,43406.19
3.9566681864389,1.51316539074503,27.8991924762653,43411.19
3.95748147078501,1.51723238276111,27.8796165768982,43416.143
3.95801341082765,1.51378308372957,27.8638053206136,43421.112
3.9587293220304,1.51640133180743,27.8589894001197,43426.143
3.95927281144029,1.51325662574296,27.8358639789853,43431.065
3.96006511699108,1.51633783281099,27.8134845867409,43436.018
3.96077015486045,1.51421199811474,27.8127649485175,43441.002
3.96139215598886,1.51769969493376,27.7863680697308,43446.018
3.9622043584155,1.51589481147483,27.7749517978491,43451.049
3.96255077474861,1.51559493325253,27.7658743085316,43456.049
3.96342903374716,1.51357366916094,27.7513191662875,43461.033
3.96402495575762,1.5153136878226,27.7373590939493,43466.033
3.96462104900225,1.51338710861905,27.7155678657622,43471.065
3.96531212023402,1.51715298821529,27.7019590205036,43476.08
3.96620813707599,1.51582712952614,27.6983991900722,43481.08
3.96673173364191,1.51695977694143,27.6787572103995,43486.002
3.9670406295149,1.51403648845826,27.666934063565,43490.971
3.96779152290033,1.51774623586062,27.6473873713731,43495.893
3.96844638842032,1.51494816652541,27.6451694902407,43500.862
3.96912504249124,1.51982929991437,27.622173786919,43505.877
3.96976624525936,1.5164904997599,27.6063140832218,43510.862
3.97042145019321,1.51655083755246,27.5872287048577,43515.83
3.97114497501,1.5173974986886,27.5864475641057,43520.783
3.97181123108288,1.51442990955194,27.5716233424293,43525.752
3.97236625541892,1.51611451084454,27.5633074134047,43530.737
3.9731407119988,1.51802310337716,27.5508731644204,43535.705
3.97368472658965,1.51403897785413,27.5291801359989,43540.69
3.9744708568943,1.51897090754058,27.5272697759826,43545.643
3.97499875634245,1.51245673067967,27.527378113586,43550.58
3.97575821562687,1.51580609478711,27.5031567923322,43555.58
3.97640331009225,1.51658615317387,27.4983139141666,43560.596
3.97707327646523,1.51468169304469,27.4823467294178,43565.518
3.97773086797192,1.51629002145748,27.4712382213979,43570.455
3.97807307029076,1.51551080140893,27.4648110860283,43575.408
3.97899247338387,1.51491828497712,27.4611744294394,43580.408
3.97972080333857,1.51649222178063,27.4574741380761,43585.346
3.98027105660674,1.51383346095688,27.4527302372327,43590.315
3.98107107951247,1.5159788331157,27.4337025533068,43595.299
3.98168909255382,1.51700435632032,27.4070665048252,43600.315
3.98213882086199,1.51715159478344,27.4041097086664,43605.221
3.98288387545521,1.51362493372301,27.3899577240701,43610.158
3.98371007856091,1.5142906697518,27.383892666652,43615.143
3.98434094125764,1.51533135210383,27.3718216428578,43620.158
3.98502689665899,1.51582292379959,27.3582594309458,43625.174
3.98549039227293,1.51650673671986,27.3513184802144,43630.096
3.98625432970801,1.5162659048572,27.3348588575785,43635.065
3.98691404668304,1.51590310753018,27.3404143031817,43640.018
3.98736909021517,1.51482224947343,27.3372711585557,43645.033
3.98806217060611,1.51626076311905,27.3402198152046,43649.987
3.98876694376556,1.51372434052214,27.3216821727559,43655.002
3.98954542735234,1.51825245443616,27.3170531448426,43660.018
3.99012970793994,1.51474883509963,27.31027438816,43664.94
3.99064434816268,1.51967200707975,27.2842870407437,43669.908
3.99127095053059,1.51697907147332,27.2784263069466,43674.83
3.99223213669354,1.51360522631506,27.2738907673118,43679.846
3.99267790852528,1.51405345492836,27.2717353821662,43684.799
3.99346595756952,1.51679371774481,27.262304759555,43689.783
3.99428081195031,1.51330908185547,27.2448974002571,43694.705
3.99463477807019,1.51654277231519,27.2448307726463,43699.69
3.9952790651409,1.5158618021085,27.2370622954906,43704.643
3.99591933873409,1.51535919449604,27.2450640802382,43709.643
3.99673823411997,1.51525505224158,27.241326106942,43714.58
3.9973243318192,1.51740505617341,27.2274257182965,43719.549
3.99779836939425,1.51587348594081,27.2132137521238,43724.502
3.99846260298128,1.51551608349319,27.1938939317956,43729.487
3.999174479876,1.51447424983475,27.1956296050744,43734.44
3.99937603937071,1.51599601321363,27.1901901616488,43739.424
4.00053974360415,1.51556114470229,27.1922244601151,43744.362
4.00076040456469,1.51597949012139,27.17861264788,43749.346
4.00148227902129,1.51453933389012,27.1661805538872,43754.283
4.00202392197355,1.51555034205411,27.1702775007299,43759.299
4.00272340532194,1.51651925077599,27.1521684551745,43764.221
4.00336509112163,1.51735742680177,27.1434325174376,43769.205
4.00400813286462,1.51352691989462,27.1366525425447,43774.143
4.0045257402797,1.51370903351092,27.1193257658865,43779.127
4.00518995695536,1.51615655625594,27.1163816291876,43784.08
4.00595285402269,1.51679937494887,27.1151382168365,43789.049
4.00631303565222,1.51568665019291,27.1089737748244,43793.987
4.00748241388132,1.51941697329078,27.1039104469878,43798.987
4.00788227704169,1.51806518271814,27.1001064487414,43803.908
4.00828970857322,1.51446718958837,27.0842276486232,43808.955
4.00907522009232,1.51793843594972,27.0766088370646,43813.893
4.00958529603236,1.51741589370267,27.0739902218417,43818.83
4.01006207754082,1.51422286884282,27.0680725507182,43823.815
4.01062129936995,1.51696525140635,27.0643505691781,43828.768
4.01142166744395,1.5145721573346,27.0648398343554,43833.768
4.01218537005253,1.51383703805365,27.0500401649397,43838.721
4.01260739730892,1.5170901481907,27.0373917768144,43843.69
4.01329447360647,1.51697216196576,27.0362416808822,43848.627
4.01409870355598,1.51717853935518,27.0229708507074,43853.643
4.01465594909769,1.51465197744579,27.0359336958051,43858.58
4.01519330409577,1.51758025880513,27.0129054815772,43863.565
4.01574727300482,1.51781218203269,27.0167874383834,43868.502
4.01621617014201,1.51627471098935,27.0120476796091,43873.487
4.01698262128253,1.51327139347608,27.0036005062272,43878.44
4.01746182338544,1.51909928951324,26.9988957305006,43883.408
4.01822512274055,1.51368248508602,26.9981520554009,43888.393
4.01857594492823,1.51558663769653,26.9968745019769,43893.315
4.01949966438697,1.51524911703153,26.9928574178216,43898.315
4.02009215452167,1.51492962621982,26.9856408562818,43903.315
4.0201397345557,1.51796540908846,26.987163088528,43908.33
4.02130542002863,1.51844215746458,26.9847982413243,43913.346
4.02179034223924,1.51660479014962,26.9795150069071,43918.299
4.02251478261264,1.51354966596617,26.9723455058204,43923.362
4.02315703341019,1.51695344165266,26.9761295885907,43928.408
4.02360845955357,1.51592820806481,26.9758307449971,43933.393
4.02420985226193,1.51664146168065,26.9753641802736,43938.33
4.02478401342521,1.51735899899414,26.9748261236347,43943.315
4.02542071118221,1.51626577321912,26.9656154511549,43948.237
4.02623293215275,1.51560984569849,26.9561847185037,43953.221
4.02690531513519,1.51430284511362,26.9525209681906,43958.158
4.02723696965899,1.51439394847019,26.9457570245879,43963.174
4.02814129570671,1.51627719350176,26.9405747085589,43968.143
4.02848834270294,1.51791846184803,26.9472882195643,43973.096
4.02922148077294,1.51753682565602,26.9462404019243,43978.174
4.02997751708305,1.51582608420253,26.943444668802,43983.096
4.03053014041473,1.51568482388753,26.9341469294958,43988.112
4.03115984130208,1.51402926235471,26.9360888653807,43993.065
4.03169164494933,1.51770036342237,26.9274856938951,43998.018
4.03217360485848,1.51587196772568,26.9439025304284,44003.065
4.03294641179154,1.51384884194904,26.9344752376742,44008.002
4.03375342062135,1.51589835526023,26.9316525196015,44013.002
4.03412634708123,1.51731659799798,26.93160047337,44017.987
4.03492680309473,1.51705658293067,26.9165947415347,44022.955
4.0355895350078,1.51550778492814,26.9174490370322,44027.94
4.03623929783794,1.51669500818646,26.9130919400702,44032.862
4.03683093787215,1.51435219904497,26.9053746819326,44037.846
4.03752471884304,1.51492888720477,26.9080434326592,44042.783
4.03824614558004,1.51565089194077,26.9090673627992,44047.752
4.03860078467609,1.51484760165106,26.9063665340092,44052.674
4.0392744760179,1.51703990010236,26.9000360973529,44057.658
4.04014669657297,1.51480055475501,26.8997282846419,44062.596
4.04085504068215,1.51488742767551,26.8891467078089,44067.58
4.04142140609301,1.51534606838314,26.8902668816276,44072.612
4.04201009307576,1.51961371566789,26.8932453858822,44077.565
4.04259574375291,1.51841055138723,26.897588431533,44082.518
4.04325178503563,1.51680800401057,26.9040531005115,44087.502
4.04382306931228,1.51590489759365,26.907204824416,44092.44
4.04465766528497,1.51698568772664,26.9064163132504,44097.44
4.04500583322907,1.51637386769195,26.902155172937,44102.424
4.04591709312351,1.5167452141162,26.8952047512916,44107.362
4.04668236631733,1.51532736757132,26.8995429721662,44112.362
4.04708987567095,1.51597404198798,26.9026991318815,44117.299
4.04786276656486,1.51699178443192,26.9152686807523,44122.283
4.0486365514074,1.51521047834545,26.9158235539173,44127.221
4.04934026475327,1.51653579854634,26.9132875066368,44132.205
4.04964665067836,1.51402395298792,26.9099747932094,44137.143
4.05050372400533,1.51602890858368,26.9106219171184,44142.127
4.05120914481863,1.51540384584211,26.9137868754863,44147.096
4.05182595150292,1.51684124664126,26.9131219953408,44152.127
4.05256543578254,1.51504421851467,26.916146401463,44157.096
4.05320227034331,1.5181134448626,26.9126724894108,44162.065
4.0540412633293,1.51481886374339,26.9189329795829,44167.033
4.05470579538168,1.51262851083642,26.9211669472484,44171.987
4.05551568442359,1.5118363442293,26.9309829816376,44177.049
4.05619065908545,1.5172242698493,26.9320127412303,44182.065
4.05690992560495,1.51717652690597,26.932017286935,44187.033
4.05761105593365,1.51457218951283,26.9188233444544,44192.049
4.05797761784618,1.51506458691779,26.9239210473027,44196.987
4.05878947825323,1.51791194955921,26.9226957647581,44201.971
4.05969473667959,1.51812837798919,26.9284839019729,44206.908
4.06038317104925,1.51527130043793,26.9233834924254,44211.893
4.06095750787376,1.51499774065199,26.9279965111455,44216.83
4.0616488032958,1.51694377227409,26.9279832299888,44221.83
4.0621855291721,1.51485775014321,26.9365864393153,44226.768
4.06313072213412,1.517114290867,26.935439582618,44231.768
4.06368296838402,1.51948357708193,26.9439245442736,44236.737
4.06415376291591,1.51650696709229,26.9458393316964,44241.69
4.06515821941108,1.51447818899161,26.9517317296273,44246.627
4.0655918345191,1.51498589010821,26.9539030302928,44251.627
4.06672967952918,1.51592158993986,26.9609718244823,44256.612
4.0673452319649,1.51543365149488,26.9536799370527,44261.565
4.0682192331143,1.51592328992986,26.9546244018161,44266.502
4.06879380591341,1.51482801773351,26.9516952526941,44271.502
4.06940450944087,1.51559593043937,26.9562304375299,44276.471
4.07006983622409,1.51262180070114,26.9581833963449,44281.393
4.07104818126271,1.51485212087244,26.9452288741756,44286.377
4.0715478612346,1.51761231205601,26.9483863481057,44291.346
4.07230307122561,1.5178728972314,26.9508929422221,44296.283
4.07300632547063,1.51707531932138,26.9453262430403,44301.268
4.0737475227969,1.51682559528542,26.9433425595935,44306.221
4.07465928119335,1.5152915111591,26.9460003455292,44311.205
4.07523840012787,1.51600793818907,26.9528222406832,44316.143
4.07608932173754,1.51660410482308,26.9477731197474,44321.127
4.07685517885301,1.51615606104179,26.9516044318314,44326.08
4.07741774871971,1.51556134958312,26.9537214768888,44331.065
4.07830857136192,1.51746066312128,26.953625444323,44336.002
4.07910710273328,1.51803215900433,26.9623750604117,44340.987
4.07989414589383,1.51435302832612,26.9558105527283,44345.908
4.0804802521588,1.51638399879557,26.9508254659923,44350.893
4.08119560779653,1.51462174943064,26.963343125399,44355.815
4.08201554052768,1.51369051519569,26.9641712321887,44360.799
4.08283829493023,1.51438325464857,26.9661913492286,44365.737
4.0836255521127,1.51561715544205,26.9716485562993,44370.737
4.08436019860276,1.51478915310879,26.974351344161,44375.674
4.08516399347433,1.51611391129698,26.9776925397039,44380.705
4.08579124380453,1.51430952664888,26.9800738775998,44385.674
4.08691126869105,1.51418728285603,27.002624864046,44390.658
4.08738481969325,1.51641125487403,26.9992828825186,44395.596
4.08834086023678,1.51956542309303,26.9981782985094,44400.596
4.08907608484405,1.51602052005293,27.0000697961299,44405.533
4.08972960619501,1.51534422258154,26.9911973909333,44410.533
4.09071018850324,1.51562413821895,26.9981671271941,44415.471
4.09164707081827,1.51546075437597,27.0006047685747,44420.471
4.09210917396113,1.51486998490647,27.0097969782925,44425.393
4.09315313667873,1.51380037254421,27.0175286944554,44430.393
4.09382839151251,1.5150059583935,27.0084405417271,44435.33
4.09445575161995,1.5178306974218,27.0127709667802,44440.33
4.09550950915287,1.51338158169564,27.0209003429137,44445.283
4.09606368849515,1.51784912226724,27.014641715683,44450.283
4.09696163311342,1.5193355426984,27.0312948308173,44455.205
4.09785973683151,1.51713718264506,27.0390195941354,44460.158
4.09867885264939,1.51513741524394,27.0396933428004,44465.143
4.09937198724857,1.51229534538239,27.0477856389286,44470.096
4.10033987613539,1.51510988742445,27.0484157135081,44475.096
4.10106022286052,1.51186076869137,27.0406664732101,44480.049
4.10198485077747,1.51681600534156,27.0530905517903,44485.049
4.1025828475466,1.51496053782518,27.0610909417129,44490.049
4.10362368916076,1.5162091868151,27.0628146447078,44494.987
4.10428058812328,1.5174460187182,27.0696205629709,44499.971
4.10527318431248,1.51770088616228,27.0847324667871,44504.908
4.1061854740714,1.51582118039923,27.0843106379133,44509.893
4.10673914329043,1.51664015874144,27.0965313040706,44514.83
4.10765119827715,1.51498562355203,27.098916796725,44519.815
4.1086501079984,1.51525171313888,27.0951804247898,44524.752
4.10927708879363,1.51633092007984,27.0931017923137,44529.737
4.11033670110583,1.51689302000511,27.0979582614502,44534.674
4.11109351628206,1.51860111305121,27.102561871615,44539.69
4.11191139248344,1.51657518526392,27.0966791677382,44544.643
4.11266092968217,1.51809402744554,27.1054005515766,44549.643
4.11368398679297,1.51609546291689,27.1019353627845,44554.58
4.11437679670495,1.51539446007056,27.1082035524119,44559.565
4.11528383495085,1.51392152424097,27.1073904316975,44564.502
4.11607004406726,1.51542947856136,27.1143683428145,44569.487
4.11717677392098,1.51480312626893,27.1162828704382,44574.424
4.11807101709303,1.51494338985296,27.1162360683045,44579.424
4.11878455941878,1.51703964389079,27.1202989580753,44584.362
4.11952118325089,1.51602420345219,27.12525720676,44589.346
4.12027727276214,1.51753812283309,27.134670646005,44594.283
4.1212580399113,1.51540947499122,27.1365500283007,44599.268
4.1221669571532,1.51655708318495,27.1409553309973,44604.205
4.12286496675679,1.51649135887847,27.1494861321676,44609.19
4.12371153245338,1.51724998245979,27.1542101325021,44614.143
4.12451820867988,1.51533412881995,27.1503125830113,44619.174
4.12526761183013,1.51439513074241,27.1616542542977,44624.112
4.12646270574638,1.51700457893927,27.1676206606228,44629.096
4.12749059284183,1.51570719352609,27.1807325836387,44634.049
4.12828688847935,1.517152712483,27.182418226343,44639.033
4.12915360142739,1.5145750838842,27.1888639386435,44643.955
4.13016763619323,1.51882131392082,27.2004130164258,44648.94
4.13073143817037,1.51732441143588,27.2013429265551,44653.862
4.13140148936254,1.51757148404167,27.2193376310632,44658.846
4.13238546381958,1.51755942302553,27.2220027099411,44663.768
4.1333589659019,1.51676832474824,27.2349660600246,44668.768
4.1342792556902,1.51352344666199,27.2312670750358,44673.752
4.13517945903289,1.51389521203915,27.2355115819099,44678.768
4.13633689715982,1.51755794908075,27.2376228339404,44683.69
4.1366493231774,1.51375234116495,27.2438070225381,44688.674
4.1376844158962,1.51348897055903,27.2532312756744,44693.612
4.13866571133983,1.51596252871457,27.2766609260462,44698.596
4.13939589827933,1.51655451379316,27.2833585142905,44703.533
4.14011826682441,1.51587066440815,27.2887853943534,44708.518
4.14140609752352,1.51796236596072,27.2917038854555,44713.471
4.14205610585443,1.51592143037298,27.3079342278371,44718.471
4.14301394618516,1.5189363077919,27.3091473955924,44723.455
4.14383990189618,1.51560881354793,27.3179832875173,44728.44
4.14466219624032,1.51566298828555,27.3183644796603,44733.424
4.14545756601966,1.51554575665712,27.3210394040025,44738.362
4.14666000482533,1.51655796982086,27.322708981547,44743.346
4.1474801559479,1.51685719358349,27.3417657305161,44748.268
4.1484302727676,1.51553689402827,27.3441679866546,44753.252
4.1491058957361,1.51743010380736,27.3449069994041,44758.174
4.15001706557008,1.51683658559318,27.3459748859995,44763.174
4.15081827421859,1.51227673789597,27.3551443866104,44768.096
4.15187209443576,1.51506050987689,27.361191101949,44773.112
4.15250515915018,1.52175295089382,27.3696401311941,44778.049
4.1534423461623,1.51739421960957,27.3757795118375,44783.033
4.15406556527823,1.51510482360992,27.3798527571575,44787.955
4.15509359533779,1.5160189777434,27.3766308292759,44792.94
4.15578864600987,1.51618875666433,27.390722027448,44797.862
4.15693034170522,1.51476701209938,27.4059137456339,44802.846
4.15772531436228,1.51630919635437,27.4034310006207,44807.783
4.15844088650994,1.51626525153667,27.4099425496196,44812.783
4.15949463034012,1.5135315448667,27.4250658144944,44817.721
4.16041376884417,1.5154220600299,27.4412142576359,44822.705
4.16124039179883,1.51623002303077,27.441425053213,44827.643
4.1617051545847,1.51518636168711,27.4528127454894,44832.612
4.16246658113965,1.51663935388517,27.4734088753091,44837.549
4.16378757199706,1.5159842623167,27.4721774465023,44842.533
4.16436143475756,1.5136932198071,27.4961457524178,44847.471
4.16505601257612,1.51606487986161,27.4835596914852,44852.487
4.16612630429349,1.51573774262577,27.4920561369248,44857.44
4.16670030749041,1.51141970170578,27.5004127738315,44862.424
4.16798128735964,1.51403241920352,27.5087591473308,44867.362
4.16852540925286,1.51887129835248,27.5236326726473,44872.33
4.16928661603494,1.51340855977943,27.5363245421933,44877.252
4.17041949007875,1.51573018101511,27.5467724987529,44882.237
4.17088733796033,1.51633623542224,27.5438646814994,44887.174
4.17176952496807,1.51835660728275,27.557580154054,44892.158
4.1728999401143,1.51695815896379,27.5730484758862,44897.096
4.17346100406832,1.51713007072839,27.5789176703122,44902.112
4.17426937445195,1.51599965431426,27.5869702086669,44907.065
4.17513061536302,1.51590449791759,27.6020186510361,44912.049
4.17602276281916,1.51515542474273,27.6105100534163,44916.971
4.17655533509673,1.51677104027748,27.6269015101775,44921.955
4.17745106253165,1.51635699969684,27.6416210617047,44926.877
4.17839044524499,1.51862867951959,27.6418521451196,44931.862
4.17911972507291,1.51922435342023,27.6541762726143,44936.783
4.17982444588145,1.51266016840166,27.6650131379899,44941.768
4.18099835351802,1.51275616611094,27.6822934753284,44946.69
4.18162677760907,1.51805260902541,27.6889430616417,44951.674
4.18231692869479,1.51662341384653,27.6982449632495,44956.643
4.18326138237655,1.51328961265727,27.7092947313343,44961.612
4.18402338450819,1.51662160056162,27.7176172053488,44966.549
4.18517499371352,1.51566670990902,27.7265099823404,44971.533
4.18584293185747,1.5144903143455,27.7425057891483,44976.455
4.18651300135049,1.51477165121651,27.7483032127759,44981.44
4.18699724351548,1.5166275218191,27.7642907652101,44986.362
4.1879304050197,1.51528371041182,27.7789362851788,44991.346
4.18864266436083,1.51594937226656,27.7837518473738,44996.362
4.18941130075298,1.51330669683082,27.7964453609656,45001.315
4.19020939778354,1.5145098929443,27.7976692716514,45006.237
4.19098133616626,1.51751971881546,27.813562334129,45011.252
4.19168118826194,1.51561921845633,27.8246101868095,45016.174
4.19271240631986,1.51459386774185,27.8320412271414,45021.158
4.19334319098675,1.51817061440913,27.8542079979841,45026.08
4.1940659006471,1.51777798801269,27.8566963157076,45031.049
4.19484837113865,1.51664814844517,27.8651421342914,45035.971
4.19545088198076,1.51526505537404,27.884357933022,45040.955
4.19646630524664,1.51532707842977,27.8852970649775,45045.877
4.19693725329075,1.51660187615663,27.9042430125394,45050.862
4.19781917865454,1.51372435179937,27.9297450861784,45055.783
4.19852065238146,1.51322436241423,27.9335370982023,45060.752
4.19924306691564,1.51849204668424,27.9410240313673,45065.674
4.20003891637979,1.51513726381623,27.9529398713685,45070.69
4.19880645714348,1.48935951317628,27.9776240737537,45076.096
4.19919117687415,1.49016605647229,27.9799758047639,45081.221
4.19947033891563,1.4864923679217,27.9979660442502,45086.315
4.20017243994752,1.48750335548225,28.0129476469313,45091.408
4.19985749510101,1.47370309443178,28.0242239530249,45096.487
4.1994541918017,1.46751929176147,28.0535173160522,45101.58
4.19983070642571,1.46492697006124,28.0581155928886,45106.658
4.19933216448628,1.45731248318086,28.0675087114658,45111.752
4.20002353942318,1.45037852395634,28.0860766668868,45116.799
4.19943510785002,1.44406650099955,28.0830745697058,45121.877
4.19997786033229,1.44569431877597,28.1027035305398,45126.955
4.19940357591437,1.42966502335758,28.109957728912,45132.049
4.19998543603732,1.42962534450864,28.1216250831447,45137.127
4.19927256729696,1.419896975841,28.1409512886615,45142.205
4.19979679190185,1.42022441667687,28.1606445595914,45147.237
4.20021582750034,1.42057587114904,28.1660962072331,45152.315
4.20073934805011,1.419932856448,28.1819779011584,45157.393
4.20003927066097,1.4091998013555,28.1961982026525,45162.487
4.19969354426648,1.39520686611498,28.1973933892616,45167.58
4.19995754812505,1.39571330982445,28.212005765569,45172.674
4.20063621278453,1.39112817580211,28.2206546060533,45177.768
4.19975318761507,1.38467328511293,28.2401486781444,45182.846
4.1996033264169,1.37402119206539,28.2463200169093,45187.955
4.20011971891824,1.37451263048838,28.2515156929367,45192.987
4.2002721402177,1.37071243404163,28.2748426062349,45198.08
4.20067496632785,1.37296944336894,28.2933782655294,45203.158
4.20037553841271,1.3609030417145,28.307568554532,45208.252
4.20098252362925,1.35928770137425,28.3143824029267,45213.346
4.20046363055974,1.34875478774658,28.3248149767708,45218.721
4.20051064072221,1.34984422532334,28.3189810382827,45223.815
4.20131286474934,1.3470194842432,28.3330009431133,45228.924
4.20061319032918,1.33718281108986,28.3287941640492,45234.033
4.20043799951393,1.32701479993262,28.3465400757875,45239.143
4.19994324384066,1.31260328201169,28.3560156205609,45244.252
4.20000041612143,1.31609230166849,28.3626304839827,45249.346
4.20047406257173,1.31571961128885,28.364945867318,45254.455
4.20114416310993,1.31498858884166,28.3796923408841,45259.565
4.20067744813108,1.29932323784601,28.3768946576103,45264.674
4.20027525279122,1.29006890817688,28.3831992790588,45269.783
4.20068385068016,1.29021173050983,28.3744706357666,45274.893
4.20025327838371,1.27923578292868,28.3813503241503,45280.002
4.20061444386125,1.27834587540577,28.3917068122696,45285.112
4.20026620374842,1.26914001277081,28.401700382182,45290.205
4.20089637094008,1.26918166473636,28.4011288506785,45295.33
4.2001088195089,1.25694228233294,28.4239006030595,45300.424
4.20059823807219,1.25572397437311,28.4233103487356,45305.533
4.20016638887707,1.24521424697639,28.4163034594841,45310.627
4.20028955755426,1.24507066832757,28.4293922126463,45315.658
4.201174714279,1.24612362550608,28.4168628113605,45320.752
4.20173508835192,1.24610375497965,28.4232090061549,45325.862
4.20134847795755,1.23139251292345,28.4163525690142,45330.94
4.20071365880632,1.22094695974626,28.4232083931341,45336.424
4.20156657407525,1.22093405355756,28.4212508402709,45341.955
4.20099529101429,1.20665550226068,28.4226385467749,45347.299
4.20054070481803,1.19846996809202,28.4218277031197,45352.643
4.20121297425153,1.19850989833959,28.4221810460083,45357.924
4.20067329932254,1.18557388682542,28.4258273321341,45363.283
4.20118103713826,1.18713399929112,28.4213335829429,45368.565
4.20184906119707,1.18541324711286,28.4098754510051,45373.924
4.20047666328042,1.16268421013527,28.4062669425522,45379.268
4.20096389586355,1.16386487314657,28.4192802922763,45384.549
4.20157230271206,1.16024008637765,28.4095886273934,45389.893
4.20129548736943,1.15050297587805,28.4120054398349,45395.237
4.20095371674035,1.13960554426206,28.4141538991951,45400.518
4.20128214993047,1.14038250609412,28.3981779978031,45405.862
4.20169964716331,1.13665086392852,28.4072573151101,45411.221
4.20121679237368,1.12876840566961,28.394847079883,45416.502
4.20213614140074,1.12454268578809,28.3880328977613,45421.846
4.20183507969793,1.11529181529488,28.3827102753304,45427.127
4.20158680325825,1.10519416434821,28.3946596360792,45432.455
4.20112710537821,1.09435234205794,28.3843277973678,45437.768
4.20177377017303,1.09053552298452,28.3848244146457,45443.158
4.20128725528113,1.086749345436,28.3793837207229,45448.502
4.20172752048795,1.08050868738303,28.3800953673677,45453.783
4.20125528689498,1.06938486006719,28.368800504394,45459.143
4.20213117912438,1.06710825002183,28.3633581596541,45464.471
4.2015175057549,1.0583443300112,28.3603585503328,45469.768
4.20198269995285,1.05624150222374,28.3507262904551,45475.127
4.20177120966456,1.04484942681191,28.3489798633108,45480.408
4.20133750215016,1.03617772774622,28.3383564985844,45485.768
4.20164161663247,1.03527863156131,28.3265778081459,45491.096
4.20147792369029,1.02272723030768,28.3135651231049,45496.393
4.20222747316067,1.02352356715624,28.3070329882172,45501.737
4.20173517277461,1.01051258479139,28.2886655051273,45507.049
4.20065748678398,0.988459240527775,28.2772434391254,45512.393
4.20080274202515,0.988097120200149,28.270789587287,45517.752
4.20145855626098,0.982026333595542,28.268752810274,45523.033
4.20162840903387,0.991006150832275,28.263054146603,45528.377
4.20271714596942,0.989945938421426,28.2455808157007,45533.737
4.20184664764431,0.97690995830518,28.245762654184,45539.049
4.20166352383022,0.963631914467334,28.2240521622987,45544.393
4.20199357623214,0.96236133946996,28.2117167932131,45549.752
4.20172116523702,0.957856859546478,28.1852602861938,45555.033
4.20023132265447,0.935061238529154,28.1643147778559,45560.377
4.19967196548924,0.921124273740677,28.1578796831515,45565.721
4.19929901585018,0.913898744091771,28.1482172543502,45571.033
4.19903808618656,0.902849596789448,28.1366322082608,45576.362
4.19883659154914,0.89867534856282,28.1234006052125,45581.674
4.19919912870357,0.900533649497048,28.1101249931659,45587.018
4.19880420196111,0.890664557727364,28.0992954133467,45592.362
4.19821359594283,0.879353690204031,28.0729171359712,45597.643
4.19776978054156,0.869502941059583,28.0561481266699,45602.987
4.19807471932893,0.868672082580038,28.0509470760295,45608.252
4.1982094657394,0.867391663778499,28.0382886166049,45613.627
4.19854619143529,0.866736099507585,28.018860704463,45618.971
4.19900022038392,0.866854010275713,28.0036058936777,45624.252
4.19953648648245,0.866259150755783,27.9822212605353,45629.596
4.19902171085824,0.856405933912848,27.9657169330843,45634.94
4.19842641930151,0.844650616550153,27.9442348610112,45640.221
4.19859084787554,0.843794440267209,27.9269065346385,45645.58
4.19920721177865,0.843690663809861,27.8907275387825,45650.862
4.19861016820535,0.833944444425015,27.8802244386506,45656.237
4.19794750803648,0.819957623707577,27.8660428636431,45661.612
4.19845112370439,0.822830213974963,27.8563003874937,45666.893
4.19777492911092,0.810188784551093,27.8424380952007,45672.221
4.19793411364759,0.811319974182836,27.8202864209547,45677.502
4.19743730854638,0.800562771752577,27.8006446992994,45682.862
4.1976094236227,0.798464180394667,27.7835227487286,45688.205
4.19728990446088,0.788526954400396,27.7514533128001,45693.518
4.19744986935628,0.787978495121522,27.7372026891896,45698.862
4.19766319834359,0.786652927166036,27.7157185825988,45704.205
4.19693425641975,0.778296277421054,27.7034766121122,45709.487
4.19724178996991,0.776796836879859,27.6906718421861,45714.846
4.19765590955955,0.776015434486609,27.6854682384679,45720.174
4.19684111418445,0.764304738194508,27.6644035669192,45725.487
4.19724934899774,0.765321089027762,27.6423870305653,45730.83
4.19763234861084,0.76572522946953,27.6147200698838,45736.127
4.19786353218796,0.764876371572322,27.6077110309331,45741.471
4.19835044680949,0.763823100439159,27.5867958212891,45746.799
4.19873611502041,0.766644728977051,27.5608355484622,45752.08
4.19806014939272,0.751008692429031,27.54905271962,45757.44
4.19753712078251,0.741616424314068,27.5358119436344,45762.721
4.19754909565842,0.740225757740715,27.5235776545866,45768.065
4.19790240798927,0.74275895815882,27.5125807395945,45773.408
4.19807306561532,0.740776950735105,27.4865001579383,45778.69
4.19863178726443,0.740543326889616,27.4776009518953,45784.018
4.19748608845398,0.73106728886478,27.4441764638331,45789.315
4.19813181791772,0.728693019102547,27.4402874407399,45794.674
4.19738387979895,0.720114668338892,27.4265999299728,45800.002
4.19771406722953,0.720447263971912,27.4114778548553,45805.283
4.19769905413241,0.721412308800374,27.4005094303044,45810.612
4.19786801346444,0.717924775908607,27.3857838048823,45815.908
4.19852509936213,0.715467808113667,27.3646154011767,45821.268
4.19850326256198,0.716860351966834,27.3373604196593,45826.627
4.19869302015306,0.71927165324996,27.3210664744569,45831.908
4.19797712902259,0.70624097814317,27.3046853117342,45837.252
4.19849792476167,0.70438510488091,27.2904866859052,45842.612
4.19846669497402,0.700738142031155,27.2826331321367,45847.893
4.19885662765798,0.705456761646697,27.2629189411559,45853.268
4.19839155029805,0.69389045453269,27.2494526313211,45858.643
4.19795384649852,0.685471603316086,27.2284011276049,45863.955
4.19776223300942,0.680737717933483,27.2066557558051,45869.283
4.19792132776175,0.681445184089203,27.1882884031671,45874.627
4.19811805221613,0.680293749660203,27.1707279268453,45879.908
4.19826134962845,0.680504205707822,27.1443492551209,45885.237
4.19862500745206,0.680450047137835,27.124016951899,45890.518
4.19785455328575,0.670956695696966,27.1138913774638,45895.893
4.19734665813135,0.656892564673588,27.0994852435063,45901.252
4.19735723738559,0.661922872901017,27.0768913815428,45906.533
4.19764639388359,0.661864818201675,27.0641234580601,45911.877
4.19773978972463,0.661020274562255,27.0357953658364,45917.237
4.19784674856299,0.661282399581232,27.0228504067841,45922.518
4.1980853186724,0.659124453756281,27.0086511470073,45927.893
4.19814410353267,0.659891814021964,26.9977702243726,45933.252
4.19821170908258,0.659336851767284,26.9864333581793,45938.518
4.19857739974631,0.65725558045989,26.9758300006823,45943.877
4.19812362372887,0.648257261670485,26.9618843942192,45949.221
4.1983614785568,0.645687611867093,26.9432900588059,45954.518
4.19848129425756,0.648528335958097,26.928357366212,45959.893
4.19851272114523,0.646664322688965,26.9190813910465,45965.237
4.19896656715302,0.645837909393279,26.9022767161053,45970.533
4.19833600154822,0.632225411990672,26.8820659184168,45975.877
4.19824898774796,0.636454782595264,26.8642504508552,45981.237
4.19851017000688,0.635366180338386,26.854584365056,45986.518
4.19869805471735,0.635065439346605,26.8420866670706,45991.893
4.19806517911596,0.625527708835377,26.8267013139488,45997.252
4.1982247783855,0.62530828589756,26.8167910770863,46002.533
4.19811692587939,0.625268286927717,26.7954713500284,46007.893
4.19847869546685,0.622731557252076,26.7774928127906,46013.237
4.19854240888719,0.625974373081533,26.7588478258186,46018.518
4.19879925466497,0.624455976348911,26.7468980281636,46023.908
4.19802269048875,0.612223186616607,26.7367329961156,46029.252
4.19816082557615,0.612433321888524,26.7235267049968,46034.627
4.19838521535287,0.612572099870914,26.7023679295157,46039.908
4.19854895074766,0.613758890369265,26.6835496679995,46045.237
4.19876237883682,0.611716957675345,26.6633610252354,46050.518
4.1980862286081,0.601942459811316,26.6537901668177,46055.877
4.19805362438818,0.601903290743736,26.6294938583773,46061.221
4.19829421232343,0.604923186941004,26.6094781230371,46066.502
4.19856781024225,0.599030145066588,26.6015400559976,46071.893
4.19787984563649,0.594339129792975,26.5920921102887,46077.237
4.19788979802483,0.590812287154938,26.5693405768454,46082.518
4.19779520666408,0.591216938637718,26.5536349672215,46087.862
4.19838198271138,0.590332595021152,26.5330812420255,46093.221
4.19818495651822,0.590965145846472,26.5234628478044,46098.502
4.19842186450167,0.59143516181178,26.5077210344234,46103.877
4.19847486988036,0.591098193715718,26.4937321150115,46109.221
4.19878855838348,0.590067299422617,26.491143386866,46114.502
4.19877782830122,0.586741644626068,26.4819252650986,46119.862
4.19918426695236,0.590449801855502,26.4691193169345,46125.205
4.19929527763794,0.588096253142753,26.450304184904,46130.487
4.19961757451717,0.584820800587261,26.4360834748432,46135.877
4.1990903916397,0.574993708982326,26.4241277077135,46141.205
4.19848587949434,0.567053780467997,26.4013701834837,46146.487
4.1982584876444,0.565876970411587,26.3892828056039,46151.83
4.19822847624918,0.564606653281883,26.3748677638151,46157.112
4.19869642859437,0.564031592132799,26.3625363158222,46162.471
4.19767492578697,0.553438626810274,26.3452847143885,46167.846
4.19781747163874,0.554556744809892,26.3285985341618,46173.127
4.19825214002516,0.556857163852869,26.314943142783,46178.471
4.19846981069499,0.556465236075747,26.2925541218027,46183.83
4.19810801899339,0.556483950480091,26.271730562838,46189.112
4.19841349418686,0.557003996836578,26.2604040050264,46194.471
4.19890911361454,0.556445833434082,26.2420098079656,46199.846
4.19787967070197,0.544813691077167,26.2422098720878,46205.127
4.19799342191248,0.545927392228973,26.2243285839489,46210.487
4.19812640812158,0.545114364995007,26.2170874343567,46215.83
4.19818683770976,0.545030556711345,26.2030527646368,46221.112
4.19832618285377,0.542571683297753,26.1805540893154,46226.502
4.19861160309849,0.541210647383947,26.1775815442538,46231.877
4.19761005979994,0.535471161336107,26.1536712980075,46237.221
4.19783807498127,0.533356152012814,26.1447240756648,46242.502
4.19819950779932,0.534233808958283,26.133396179065,46247.846
4.1983807107936,0.532182338059816,26.1264237819871,46253.205
4.19812697132268,0.534823676058589,26.103270927018,46258.471
4.19856700985876,0.538763351183055,26.1018472448212,46263.846
4.1984328220215,0.532206434629556,26.0772346501548,46269.19
4.19892819433058,0.533640247234439,26.0675379354259,46274.471
4.19895288169684,0.532613750289478,26.0524267267391,46279.815
4.19888378373722,0.531500545833052,26.0368004879269,46285.174
4.19929056594796,0.528059543805008,26.0341232312805,46290.455
4.19948655635019,0.530443947735658,26.0267977139678,46295.83
4.1995612470459,0.531566575419955,26.011208586603,46301.174
4.19904614632329,0.520025901683446,25.9947477232618,46306.471
4.19806124609946,0.509589353247878,25.9818977499611,46311.83
4.19835551689238,0.509702852468274,25.9684417610182,46317.174
4.19836453252855,0.505690383563793,25.9556639473417,46322.455
4.19835004216705,0.513275452351094,25.9419053078364,46327.799
4.19877128288715,0.508118419792084,25.9272663718483,46333.158
4.19881509495506,0.509775462822666,25.9221093965762,46338.471
4.1988231149103,0.507905244170244,25.9185326501735,46343.815
4.19912844605483,0.506070176946456,25.8846576240939,46349.158
4.19908494818453,0.504954674449262,25.8859534585247,46354.455
4.19947187071204,0.504998783672582,25.8777416477053,46359.799
4.19946242723137,0.505582201445682,25.8700767970505,46365.158
4.19963811425424,0.504951372555541,25.8551482312717,46370.471
4.19898319715465,0.498519369038414,25.8345625141185,46375.83
4.19817158010772,0.482601977834979,25.8221433339353,46381.174
4.19818324887157,0.485819014727611,25.8210136041925,46386.455
4.19852919928742,0.486953683870035,25.8098072072639,46391.799
4.19832056440821,0.486914292345443,25.7876778722592,46397.174
4.19865433863033,0.485131020667079,25.7658486367126,46402.487
4.19848150698007,0.486247652850324,25.7666090830187,46407.83
4.19901780287284,0.485935117937035,25.7454183218829,46413.19
4.19912558682834,0.48609816759386,25.7370070913492,46418.471
4.19921571740284,0.485492223268114,25.7254485081492,46423.815
4.19913442944526,0.484792443806705,25.7030310200443,46429.174
4.19950228293495,0.482644820741516,25.6974585572739,46434.487
4.19958585218533,0.480279585517506,25.6873678329918,46439.846
4.19863376863014,0.471981626726173,25.6773000453355,46445.19
4.19874586447756,0.470287447807474,25.6633543517209,46450.502
4.19899820005771,0.471550435757028,25.6486899493858,46455.862
4.19899189699029,0.472150726663298,25.6420014835409,46461.205
4.19927762632778,0.471742444693185,25.6332046674796,46466.487
4.19933352773516,0.468391998685413,25.6182957866357,46471.846
4.19957507511231,0.469878813971295,25.6163098756138,46477.205
4.19883162713778,0.462609035598351,25.5963193100461,46482.518
4.19897522631153,0.459888375355108,25.5827862770053,46487.862
4.1990713377513,0.460244679161014,25.5726303156389,46493.221
4.19900908794782,0.457984341385871,25.5592921363467,46498.518
4.19936721423785,0.459105107126444,25.5589680296778,46503.877
4.19931269254796,0.462540744359267,25.5447156646116,46509.221
4.199601357948,0.458803958303718,25.5392744272259,46514.533
4.19885489987869,0.450698458118071,25.52367337873,46519.893
4.19884837080922,0.450326634972144,25.5188482468278,46525.237
4.19879149899738,0.449001599790028,25.5147461773228,46530.518
4.19912998891651,0.451279899223256,25.4990553706048,46535.877
4.19930530226778,0.449254590088903,25.4879558189065,46541.221
4.19933516529602,0.450590812270664,25.4729520579501,46546.533
4.19948022906114,0.447780655688746,25.4685265897282,46551.893
4.19984302486263,0.448488074945807,25.4587611799599,46557.237
4.19883945241028,0.439731496408587,25.4514405581576,46562.518
4.19804718697554,0.426540706372436,25.4387349063676,46567.862
4.19798937645354,0.428756784268275,25.4332418238131,46573.221
4.19846393862408,0.430080240859564,25.4279645342088,46578.533
4.19809799657999,0.428214933374607,25.4115757123503,46583.877
4.19832721147533,0.429405604097229,25.3964778651777,46589.237
4.19823494932252,0.428021766829803,25.3904904733121,46594.518
4.19831806610918,0.424821556133973,25.379061210341,46599.877
4.19851771750918,0.428216754984477,25.3645891455631,46605.237
4.19859023193615,0.426612288508933,25.3536339918203,46610.705
4.19891659260872,0.427622936102851,25.3299251659156,46616.143
4.19898251016625,0.424955602625596,25.3290182160404,46621.455
4.19898020194759,0.425832268673377,25.3141944977581,46626.815
4.19880891253061,0.424699081424017,25.3032792054595,46632.19
4.1993540977136,0.42600247351814,25.3020901714149,46637.502
4.19949280076631,0.425926538968244,25.293275803459,46642.862
4.19959061348039,0.424758768482069,25.2865532867735,46648.221
4.19862350165783,0.412776304628992,25.2770903711417,46653.768
4.19877369784729,0.413543140233604,25.2756644230942,46659.533
4.19909733691836,0.415361551865594,25.2767413982581,46665.377
4.19911508099004,0.41507237969879,25.2596055155541,46670.721
4.1991221752211,0.41409723856985,25.2523991345275,46676.112
4.1992756245069,0.411218926886224,25.2476841651112,46681.518
4.199510592003,0.413591021716752,25.2341317687475,46686.862
4.19946037169448,0.414695964940261,25.2283248662666,46692.221
4.19961768830112,0.412518019280855,25.2194684726997,46697.518
4.19879492398758,0.404012283834499,25.2115181081391,46702.877
4.19905277462202,0.405053226327978,25.2000863501751,46708.221
4.19898667223608,0.401830083721952,25.1836142639734,46713.518
4.19911338672088,0.402646885191924,25.1770178456283,46718.862
4.19934592539086,0.401001641601865,25.1729274156932,46724.221
4.19928502888158,0.401102578153278,25.1645127997242,46729.502
4.19955293833517,0.401291476019688,25.167629070527,46734.862
4.19877000485116,0.391832531792247,25.1509209955361,46740.205
4.19883556664431,0.390178475549299,25.1502679415146,46745.487
4.19890838360456,0.390283636999262,25.1330135467338,46750.846
4.19882416170401,0.390263677429862,25.1319715425235,46756.205
4.19895767847365,0.392317156380753,25.1083326069174,46761.487
4.19891181171038,0.392707834175144,25.1106010723729,46766.846
4.1991890929976,0.392848059563849,25.1133652987793,46772.237
4.19931209991611,0.392196488653266,25.1016885324542,46777.518
4.19945545422222,0.390641250286987,25.0938995780566,46782.877
4.19956633344572,0.388919535341483,25.0870562498746,46788.237
4.19866134309242,0.378595925290411,25.0785412860861,46793.518
4.19880547676939,0.376977648187467,25.0667835583941,46798.877
4.19877671656761,0.378846097329039,25.0564994835773,46804.268
4.19899493597828,0.379206861969471,25.0396222295222,46809.549
4.19913397440837,0.379231055880658,25.0293651912388,46814.908
4.19943657487721,0.378432082774585,25.0245837363377,46820.268
4.19938604355952,0.380703549087127,25.0142864214868,46825.549
4.19935429283489,0.378667105749305,25.0071816710066,46830.908
4.1993945987615,0.379986045360676,24.9942502811902,46836.299
4.19948866846858,0.376471870202719,24.9913002173059,46841.58
4.19955650057097,0.380466526117959,24.9762207308951,46846.94
4.19885506418223,0.370291525856208,24.9751666227526,46852.299
4.19899192896723,0.367847050348795,24.9742458482085,46857.596
4.19895797921763,0.367846353818356,24.9571439278435,46862.955
4.19921785426785,0.36843862846994,24.9482919213621,46868.33
4.19911990026819,0.369657837954699,24.9531560128802,46873.627
4.19920230747699,0.36603745008693,24.9475394288274,46878.987
4.1994310914194,0.368762040775656,24.9387513859983,46884.346
4.19952449326963,0.368643849154705,24.9352657730753,46889.627
4.19955729148431,0.367868942232688,24.9368317201866,46894.987
4.1989881713979,0.359512421602246,24.9171540264692,46900.377
4.19897735356136,0.354810866245493,24.9027181271329,46905.658
4.19906607721642,0.359801045954256,24.8934698226672,46911.018
4.19907080821306,0.356626655064684,24.8914540088372,46916.377
4.19910212188996,0.356783286513059,24.8799899114163,46921.674
4.19909527018901,0.354664008262218,24.8676680507285,46927.018
4.19947275028064,0.35774527032555,24.8653797441774,46932.408
4.19925002531476,0.3579196061274,24.8497600798002,46937.69
4.19959415424249,0.356762100583643,24.8417453705364,46943.049
4.19969721108675,0.358529308686608,24.8348828639433,46948.393
4.19965540313629,0.354885188545253,24.8245079147045,46953.783
4.19975878715514,0.357007832897061,24.8136744010237,46959.143
4.19988679958324,0.355644962983637,24.8070346764308,46964.502
4.20012719072472,0.356721416043201,24.80156911898,46969.783
4.20018803357008,0.353963733932235,24.8024363685785,46975.143
4.2004031282396,0.352804125733378,24.7898697760219,46980.487
4.20033996461735,0.353412139841941,24.7892237157152,46985.783
4.20073529921424,0.350995754261623,24.7807550518131,46991.127
4.19972433369376,0.344084837237678,24.7813662477438,46996.487
4.1990406462979,0.332610235009551,24.769236152177,47001.768
4.19920875494811,0.333943837127678,24.7627552461555,47007.112
4.19877224725565,0.333956262249763,24.7549075636392,47012.408
4.19857150273364,0.334840678900316,24.7578622039253,47017.752
4.19906686132716,0.332720743947352,24.7619705436824,47023.112
4.19902921866117,0.332598132283011,24.7506228937109,47028.408
4.1989320096551,0.335563594018214,24.7447692653976,47033.768
4.19929333528143,0.331065418761041,24.7379097447941,47039.143
4.19906312430039,0.33457626738762,24.7239872150918,47044.424
4.19923282351431,0.334719103777883,24.7170036631656,47049.783
4.19931240588965,0.332336895966563,24.707531596649,47055.143
4.19941881582643,0.333562069444239,24.6992012208999,47060.455
4.19934634881304,0.336649115581714,24.6900578237267,47065.815
4.19973866244734,0.330457431244592,24.6809905539832,47071.174
4.19977020831892,0.332531623819761,24.6804540756378,47076.471
4.19971720522711,0.33137365808601,24.670794826887,47081.83
4.19991146055477,0.327835009110346,24.6673285136103,47087.174
4.20014782589625,0.330785891061706,24.6680029573321,47092.471
4.20006501333913,0.331814956695308,24.6560517980518,47097.815
4.20023527439824,0.332863953876836,24.6532293476674,47103.096
4.20029870613504,0.333569781095198,24.6446040953245,47108.502
4.20051711283759,0.33218519212419,24.6413193666038,47113.877
4.20041637471121,0.328629460349696,24.6357262705772,47119.237
4.20071702437183,0.328094310063684,24.6252045230123,47124.518
4.19979899875675,0.322613049957835,24.6287204166988,47129.862
4.19912435623354,0.310536960959424,24.6190725889684,47135.252
4.19907080888551,0.311654205795734,24.6237901913611,47140.533
4.19918539394212,0.310647238138186,24.6033483878344,47145.893
4.19917283420659,0.311721423252732,24.6048897401455,47151.252
4.19910263407628,0.311453870089785,24.5887129264628,47156.533
4.19911452023652,0.30959121524203,24.5919710522441,47161.893
4.19924960474866,0.310261997885205,24.5827816724331,47167.268
4.19930748608765,0.307851772975749,24.5825843614512,47172.549
4.19963034679295,0.30710311406757,24.5648496716933,47177.908
4.19851613907385,0.301558536858325,24.5542207560012,47183.268
4.19871093567131,0.299833390965017,24.551221229514,47188.549
4.19871021728212,0.297834966152561,24.5411336115665,47193.908
4.19862656375488,0.301366956075781,24.5340549894162,47199.283
4.19862988878118,0.299671054558471,24.5321576332795,47204.58
4.19865272092659,0.300363891302432,24.5229713148859,47209.924
4.19908521111315,0.300281363678603,24.5131870181558,47215.283
4.19897473952611,0.299193211650334,24.504259830554,47220.565
4.19888334973768,0.298298107016164,24.4916009849171,47225.924
4.19903370111971,0.299270620667034,24.4966572892741,47231.299
4.19898973428871,0.298557416221109,24.478926481315,47236.596
4.19918180556729,0.29613901767074,24.4847883344979,47241.94
4.19914456775002,0.298984143209825,24.4737162094748,47247.283
4.19941038765407,0.297438677832753,24.4750156469629,47252.58
4.19924442145892,0.298718576230664,24.4613345447985,47257.94
4.19941049229868,0.298264224165533,24.4688369446061,47263.315
4.19967807534357,0.296407105112219,24.4592816157326,47268.612
4.19978859142116,0.297877210922605,24.4612962852042,47273.955
4.19970968615032,0.297129768283423,24.4483464584916,47279.315
4.19982616388677,0.29616127841528,24.4391055395927,47284.612
4.19990258689392,0.297977836643497,24.4291807474212,47289.955
4.2002046818476,0.299029531307685,24.4251819674169,47295.346
4.20005430853147,0.298397135540104,24.4259735063903,47300.627
4.20021940820818,0.294147700202732,24.4202388630877,47305.987
4.20021064100861,0.296392063726202,24.4141924156357,47311.33
4.20048458957882,0.297923579351327,24.4119766649659,47316.627
4.20064626680843,0.294562296009632,24.4008503822435,47321.971
4.1996695222913,0.284985307098162,24.401337059572,47327.346
4.19889261261366,0.276574445918934,24.3984336654933,47332.627
4.19865373171058,0.275767381288613,24.3969581064195,47337.971
4.19882718883492,0.278401157315059,24.3903243285065,47343.33
4.19880038812679,0.276308085265678,24.3913659482341,47348.612
4.19878205621306,0.275465574860988,24.3800992856721,47353.955
4.19879918559646,0.274183560005431,24.3750884153727,47359.33
4.19882919317946,0.274190050475885,24.3708851365645,47364.627
4.19884306325058,0.275316864525273,24.3652821550853,47369.971
4.1989685188811,0.276829220842712,24.3450960744985,47375.315
4.19911769275424,0.271345317075856,24.3481654776032,47380.596
4.1992081085289,0.275081099492896,24.3348562640234,47385.94
4.19911408043994,0.275753508243542,24.3309950633536,47391.315
4.19921975612895,0.275982855578137,24.3243568088243,47396.612
4.19932305115331,0.273552522340641,24.3145785414507,47401.955
4.19904955754749,0.27710236613322,24.308154302474,47407.299
4.19936018526491,0.273273825917008,24.3074632971842,47412.596
4.19910103379532,0.276428102594901,24.3024593831891,47417.955
4.19942728441815,0.275902396177372,24.2983773029326,47423.33
4.19955277561064,0.271281620266029,24.2940788165514,47428.612
4.19959063804187,0.273149199852176,24.2835395588981,47433.971
4.19972440127909,0.272209742458586,24.2774878811882,47439.33
4.19984312414785,0.275684514965591,24.2636368002221,47444.612
4.19998318235394,0.275047461425316,24.2723248663604,47449.971
4.20010454501551,0.274981908663647,24.2646159608449,47455.346
4.2002340366092,0.272046115347461,24.2578334372716,47460.627
4.20019335887608,0.272032955541795,24.2462404250689,47465.971
4.20032989452408,0.274594887069339,24.2588624022021,47471.315
4.20054180445815,0.271913180404351,24.2533337201813,47476.612
4.2006873700759,0.27095248218089,24.2519047201634,47481.955
4.19964577017907,0.262497980549167,24.2413172091928,47487.33
4.19887499933426,0.254544969603813,24.2413351436069,47492.627
4.19880629193256,0.254226741914042,24.2349079951976,47497.987
4.19843895916099,0.256072804661909,24.2322527066942,47503.33
4.1989265814645,0.25417717198791,24.2291476568576,47508.612
4.19882705383056,0.251820941057969,24.2202296195303,47513.955
4.19872077264619,0.253359192346809,24.2124694046109,47519.299
4.19900506559621,0.252847629414268,24.2212302001213,47524.596
4.19886644791378,0.254072901077502,24.2087588318773,47529.94
4.19875867205505,0.251780112791619,24.2035391911135,47535.299
4.19921216856627,0.25038214313963,24.1964947743295,47540.58
4.19918126731514,0.25318164005541,24.1957243355264,47545.924
4.19915450502921,0.253371315606777,24.1969758012331,47551.268
4.19890201044209,0.253487865374207,24.1954139682352,47556.58
4.19935925003775,0.252227543364114,24.1793191049585,47561.924
4.19926604340481,0.250807808930961,24.1786364861604,47567.283
4.19936182535506,0.254009105488159,24.1709029213923,47572.565
4.19932068142163,0.250870874169443,24.1639668283057,47577.924
4.19958428150318,0.252751330356546,24.1641342588102,47583.268
4.19959628758362,0.251059100875066,24.1626102314905,47588.58
4.19971967586964,0.253891135007642,24.1585109098259,47593.924
4.1996860551271,0.25140231674305,24.1579854614534,47599.283
4.19972741729955,0.249693383517132,24.151285642682,47604.549
4.19998647589549,0.24836918326877,24.1392754396626,47609.908
4.20002672404928,0.24893069074332,24.1372857556145,47615.252
4.19985736784052,0.248394329210525,24.1327930189568,47620.565
4.2000015790341,0.250188044680722,24.1296143689159,47625.924
4.20031030265403,0.250512484705891,24.1262373428262,47631.283
4.20020213394694,0.251184097898182,24.1223801917477,47636.565
4.20054068256148,0.250728804841952,24.1155765539231,47641.924
4.20033749917254,0.248192457794934,24.1086725466916,47647.268
4.20054059255574,0.249490628810855,24.1033156310987,47652.565
4.20053211923866,0.246922564656827,24.1087369065924,47657.908
4.20057159254191,0.24843337768122,24.0995056540561,47663.252
4.19994703061523,0.237409998597824,24.0991910809306,47668.533
4.19987798795922,0.238818514604728,24.0973205852915,47673.877
4.19974584852417,0.237948478804769,24.1023681308773,47679.237
4.19994378801215,0.238805452254214,24.1013208498491,47684.533
4.19986939654413,0.239543099521735,24.0956765138623,47689.877
4.20013013943142,0.235518502659728,24.0940360383072,47695.221
4.20016063085528,0.238081516347116,24.0855381360508,47700.502
4.20039550696236,0.239091377626099,24.0890941060689,47705.846
4.20041401336565,0.237327703794112,24.0878714232574,47711.19
4.2001608009647,0.237929585386048,24.0776605213648,47716.502
4.20041219840854,0.236330877481462,24.0764049147998,47721.846
4.20016006701382,0.239397257085504,24.0754889744203,47727.19
4.20074271450786,0.238260632407927,24.0728434600624,47732.471
4.1990096417846,0.238384132477488,24.0745617213905,47737.83
4.19966758923421,0.230487242509501,24.074402267543,47743.19
4.19957102429678,0.226308730667805,24.0615727342966,47748.471
4.19996929387629,0.225805633528699,24.0676567894649,47753.83
4.19977545363468,0.227816710134989,24.0575855409962,47759.174
4.19988827565882,0.225393620753173,24.0551017706215,47764.455
4.19972253046757,0.23200957611438,24.0449192978568,47769.799
4.19990658308612,0.224731687718482,24.0373617074077,47775.174
4.19951494695023,0.228473279544805,24.0407342902583,47780.455
4.19973430002925,0.227019134824406,24.035600252504,47785.799
4.2000053510355,0.228635804416403,24.0313374185346,47791.143
4.20008583809489,0.228303446134563,24.0298466437466,47796.424
4.20020702343456,0.226405093115709,24.0245250727386,47801.783
4.20038448646805,0.226900414910251,24.0198051477585,47807.143
4.20023674305338,0.226298956867654,24.0172536132619,47812.424
4.20032554454177,0.224459581913588,24.0149821539746,47817.783
4.20030855935309,0.22421412210011,24.0091760775452,47823.112
4.20044948956974,0.223829458111618,24.0011752079455,47828.408
4.20067980355869,0.225162104635057,24.0045453706853,47833.752
4.19979420431561,0.214266216364294,23.9944104258986,47839.127
4.19991126028053,0.214868507871257,23.9841702783373,47844.408
4.1996751075678,0.217721236653068,23.9819715093842,47849.752
4.19962912214037,0.216589548706339,23.9836760333849,47855.096
4.19979637570912,0.216886323092915,23.9801816140224,47860.471
4.1998910592055,0.214450594200476,23.9699830121482,47865.752
4.20017518655094,0.211840600522655,23.9532045581186,47871.112
4.19995019208201,0.211489691028287,23.9594227135415,47876.393
4.19994536271688,0.215562894085577,23.9543615520963,47881.752
4.20018496718087,0.215611600993896,23.9560288827729,47887.096
4.19991135127866,0.214991374430787,23.9493522458742,47892.471
4.20035544241867,0.213940799078229,23.9450678021869,47897.752
4.20019908069726,0.213884695910658,23.9380978920698,47903.112
4.20027640653101,0.211880777754001,23.9400924384301,47908.408
4.20020826690691,0.214914216841551,23.9342524483865,47913.752
4.20047560149203,0.213632102222566,23.9342077294562,47919.096
4.20050609828801,0.21489139800253,23.9379064264024,47924.471
4.20048530339993,0.214493740274084,23.9286306479143,47929.752
4.20046572493922,0.212814658102297,23.9235340122894,47935.112
4.20063215815292,0.213853555662728,23.9252541389226,47940.408
4.19985741644549,0.206315213674135,23.9184855689108,47945.752
4.1999073109006,0.203112317771054,23.9128919380827,47951.096
4.19985184847836,0.204167925656201,23.9020579052067,47956.471
4.19979763399068,0.204624448725436,23.9068415750759,47961.752
4.19991720009688,0.207607834247916,23.8959735762406,47967.127
4.19984697734377,0.203710626999689,23.8887463553641,47972.408
4.20002861503962,0.202733861581717,23.8893060989827,47977.752
4.20011917059235,0.204085218532718,23.8897968497334,47983.096
4.19979176163238,0.206187609005586,23.8899109718215,47988.377
4.20004817619199,0.202360197959464,23.8843480370221,47993.721
4.20006560280695,0.204857168449347,23.8726441552444,47999.096
4.20018080632848,0.204615239588336,23.8706459781203,48004.393
4.19996978647579,0.205198086631102,23.8707605041875,48010.002
4.20044228375546,0.202712183223717,23.8639638569034,48015.299
4.20045505893412,0.201446953181228,23.8647303845272,48020.658
4.20029952964866,0.20431561168015,23.8547539637625,48026.033
4.20054857126373,0.20320940044906,23.8625755206379,48031.33
4.20070239219231,0.201781230482163,23.8483570251187,48036.69
4.19953816884529,0.191237945771426,23.8410831880783,48042.049
4.19958289229655,0.193176266734756,23.8401194541935,48047.346
4.19947495186635,0.194906277553681,23.8335569361672,48052.721
4.19965242124122,0.195199404649918,23.8283013104348,48058.096
4.19955939819408,0.191933713606372,23.8284352503756,48063.471
4.19961496028229,0.194387837982547,23.8134920970972,48068.768
4.1998715434639,0.191786241917892,23.8159194459815,48074.112
4.19957505443123,0.192215960991011,23.8108058029914,48079.471
4.19986971387183,0.189224447665959,23.8083994369403,48084.768
4.19969514742792,0.190365447222025,23.8077347443329,48090.127
4.20000518638153,0.189086257549235,23.7948204481116,48095.471
4.19992158434444,0.191524700764866,23.7953062354619,48100.752
4.19995388610776,0.191277454079696,23.7903772307028,48106.096
4.19990938099865,0.190666738130933,23.7809254424246,48111.393
4.19992651713316,0.191300285555579,23.7899549173809,48116.752
4.1999730011145,0.192290644572101,23.7717349658644,48122.096
4.20029664351253,0.191084075694212,23.7777984450685,48127.393
4.20026356272598,0.189626523089116,23.7651201513432,48132.737
4.20038671109055,0.193688855587296,23.771656508477,48138.033
4.20026897729543,0.190203403798902,23.761838433788,48143.377
4.20040528837868,0.191266748022086,23.7648160097664,48148.737
4.20034053981054,0.189398807203973,23.7561736237496,48154.033
4.20034894163624,0.194105537091313,23.757331015334,48159.408
4.20054315936002,0.192182703172998,23.7513206578848,48164.783
4.20040203445902,0.192049530236396,23.7502704179411,48170.08
4.20066970651277,0.190231901898738,23.7505613231461,48175.424
4.19979880597253,0.179037922612389,23.7407455417068,48180.783
4.19967361427691,0.181368617537016,23.7442190269701,48186.065
4.19995973528826,0.181776394756144,23.7337752122845,48191.424
4.19959871753314,0.182282742137045,23.7281173466131,48196.799
4.19988653983319,0.178364504805951,23.7353603760536,48202.096
4.20002517532188,0.17806813628155,23.7305777524388,48207.455
4.19990414068381,0.183466907850831,23.7172128912471,48212.799
4.2001027197652,0.177310959855213,23.7231621811035,48218.08
4.19984554702366,0.180287460475955,23.7233474442131,48223.424
4.20014706871601,0.180419453152751,23.720212639123,48228.799
4.20020599534514,0.180298901345148,23.7168296977678,48234.096
4.20006623172829,0.181468739891395,23.7049325741949,48239.471
4.20025007365674,0.180740930333914,23.7202792930189,48244.815
4.20037649905802,0.18097550227476,23.7126460539234,48250.112
4.2003565698427,0.18039243314927,23.7137718060897,48255.455
4.20002207523219,0.179513705253582,23.7111070278015,48260.83
4.20007320532098,0.177656798780908,23.7087785523011,48266.127
4.20034440716941,0.178609231139445,23.7074452017664,48271.471
4.2002677447254,0.178546621778452,23.7138347949604,48276.83
4.2005453439026,0.181506359292744,23.709736398906,48282.112
4.20054970246712,0.175844923641185,23.7078904453207,48287.471
4.20055742945604,0.178368620098686,23.7052577666131,48292.846
4.20080220128183,0.178740371648742,23.6980414990898,48298.127
4.2007181545085,0.179279009946862,23.7041371524053,48303.487
4.20076705394454,0.181027776744926,23.7011881706131,48308.83
4.200841958493,0.176331216437702,23.6984638391182,48314.127
4.20100475761342,0.179385175945641,23.6879877556208,48319.471
4.20105289609072,0.17618686455426,23.680660905485,48324.862
4.20088118744576,0.17961859915598,23.6755543536438,48330.143
4.20112201949039,0.175969369789733,23.6767971526218,48335.487
4.20127071315664,0.179084154624829,23.6719161030668,48340.846
4.20109405758114,0.179519942432201,23.6737185286205,48346.127
4.20128498692782,0.178367807646049,23.6624546302779,48351.487
4.2012317922983,0.176870518093886,23.6621624497841,48356.862
4.20151956377573,0.176795609898256,23.6560307776004,48362.143
4.20141633926007,0.176240823894521,23.6611737077532,48367.502
4.20135143662729,0.177704262056857,23.6536756855039,48372.862
4.20172702418525,0.174504801638463,23.6549345616902,48378.143
4.20076947915768,0.168112479048215,23.6579136505786,48383.487
4.19997017777998,0.154961376630692,23.6452590252068,48388.877
4.199601891091,0.158064457801065,23.6459972008777,48394.158
4.19985810718355,0.158856049010817,23.6382289869367,48399.518
4.19985795205929,0.158506392772332,23.6390639216144,48404.862
4.19963683267862,0.159570651811483,23.6348990518095,48410.143
4.19986005474675,0.159213382129773,23.6329259071359,48415.502
4.19980440126534,0.157443002177972,23.6227302778739,48420.877
4.19976780285132,0.15721896705911,23.6138822274938,48426.174
4.19986259216159,0.157917827206238,23.6106141853839,48431.518
4.19950747972812,0.157625044227726,23.6133853583812,48436.877
4.19954244267401,0.156710536173276,23.6133180926138,48442.158
4.19970783254889,0.157401671560724,23.613765672148,48447.518
4.19983128320948,0.158520909581301,23.6016035688807,48452.893
4.19992172157014,0.157526726494534,23.6115256108234,48458.174
4.19961533421179,0.157370003290577,23.6094483934208,48463.533
4.1999848996854,0.156173432364276,23.6000061583164,48468.877
4.20005652061927,0.155631506335698,23.5992490378899,48474.158
4.19993682327792,0.155179091589809,23.5887718694813,48479.518
4.1999771086733,0.158824408815307,23.5857636309783,48484.893
4.19985932635409,0.159210903800076,23.5902537504795,48490.174
4.20005656017336,0.155143445640119,23.5875336947242,48495.518
4.20000399793252,0.156407036790009,23.584152488181,48500.877
4.20024830272804,0.156582054849102,23.5848804183281,48506.158
4.19996981695774,0.158696012345909,23.583449664962,48511.518
4.20030567336726,0.158989135690402,23.5861875177644,48516.893
4.20004869389553,0.156052442023,23.5826418236022,48522.19
4.20030319364423,0.158630071813203,23.5834634788065,48527.533
4.20023352930631,0.154531734458435,23.593280161835,48532.893
4.20025909377813,0.154953186710953,23.5885355113607,48538.19
4.20017559540292,0.154404829211171,23.5862684688745,48543.533
4.20042778540477,0.155211417542293,23.5837000348845,48548.924
4.20048317785437,0.156110325709022,23.5814764012813,48554.205
4.20060907674116,0.158129600351835,23.5773983850166,48559.565
4.19970292737926,0.146149916391331,23.5809151774661,48564.908
4.19965147552949,0.146584370827222,23.5667336573198,48570.205
4.19945981015434,0.149993101127787,23.5716371902198,48575.565
4.1994574599288,0.147846246129146,23.5672198094489,48580.94
4.19919937254451,0.144117795915611,23.558530718963,48586.221
4.19954759057839,0.148944884244633,23.545293224618,48591.58
4.19980269845953,0.145380807298282,23.5445277883141,48596.924
4.1998059343054,0.147413630233485,23.5551229571226,48602.205
4.19972283531099,0.145702697555997,23.5443403252859,48607.565
4.19969822822791,0.146425013825652,23.5451730665444,48612.94
4.19974532310302,0.145802365328881,23.5398185457421,48618.237
4.19980199086742,0.143535385177436,23.5314944786307,48623.58
4.19987194845186,0.149756151748887,23.5345871948396,48628.94
4.19983385460773,0.143662988410803,23.5311189366662,48634.221
4.19985668445353,0.150955688915761,23.5304544990059,48639.58
4.19973596028197,0.14475401917613,23.5283373744034,48644.955
4.2000073179201,0.147766816501084,23.5334839699654,48650.252
4.19997485346926,0.143518408318773,23.5234615077979,48655.596
4.19997905036799,0.146452441145795,23.52127238546,48660.94
4.19996237506138,0.146083291515191,23.5322811362371,48666.237
4.20011658769503,0.14472346643544,23.5171830617976,48671.58
4.20011454297402,0.145117906632428,23.5101548452607,48676.955
4.2002963646809,0.145100898188394,23.5129452912592,48682.252
4.2001047797673,0.145329888552893,23.5034699871963,48687.596
4.20025576299505,0.147147618151135,23.5069610453135,48692.955
4.2002089008416,0.143884812051072,23.5096898914221,48698.237
4.20051881784776,0.146548007697158,23.5062884723794,48703.596
4.20036814739872,0.144237434514051,23.4981728201343,48708.971
4.20018392062071,0.142126260679192,23.4932653257435,48714.268
4.20050479120716,0.145547149032373,23.4908440587931,48719.612
4.20039909720498,0.144338442495789,23.4907115645871,48724.971
4.20067222869194,0.143170315333585,23.4890383753957,48730.268
4.19957900903524,0.133461389216316,23.4860002475241,48735.612
4.1994241870487,0.136857216126943,23.4838166159227,48741.002
4.19935129128296,0.132836863924056,23.4780137546483,48746.283
4.19955975042039,0.133653236341841,23.4758532098833,48751.643
4.19949035253477,0.133993946704023,23.4848897825597,48757.002
4.1997842978727,0.135308987240506,23.485181407267,48762.283
4.19965689939461,0.135884882903428,23.4849122583603,48767.643
4.19967592059702,0.134529634916416,23.4794748371727,48773.018
4.19960991421531,0.135156564860997,23.4740529637448,48778.315
4.19971584250629,0.132806484511681,23.478586599977,48783.674
4.20005878606772,0.134319911105983,23.4742435221514,48789.018
4.19979193945368,0.133257935864801,23.4653183304516,48794.299
4.19950466136837,0.134260387350342,23.4716049017266,48799.658
4.19975335674856,0.133240005921782,23.4738159056287,48805.033
4.1998510094154,0.132449602646405,23.4721720878915,48810.315
4.1998459645664,0.134270110488637,23.4634492073915,48815.674
4.20001736432826,0.135746111792273,23.467344022048,48821.033
4.19984731426836,0.132139418670061,23.4611456516689,48826.315
4.20002171911861,0.13429084584472,23.4650574454658,48831.674
4.20009429392007,0.133538616101121,23.4558773950814,48837.049
4.20012164601371,0.134482307637816,23.457322858633,48842.346
4.19987939659476,0.135684628912791,23.4552527364938,48847.705
4.20014520697088,0.129871670972556,23.444793113778,48853.049
4.20008604685756,0.134291696516368,23.4455482392699,48858.346
4.20014120739806,0.129223133970058,23.4600683715705,48863.705
4.200163832409,0.135553127123002,23.440481203169,48869.08
4.19982661287476,0.136352271364327,23.4449714856536,48874.471
4.20007930088425,0.136270027225994,23.4370278384716,48879.752
4.20025199728817,0.133785193314573,23.4289769946129,48885.096
4.20022722446966,0.132814574973365,23.4328963489278,48890.471
4.20029247218961,0.133989343713821,23.4288657481112,48895.752
4.20035930445707,0.132101240054425,23.4240457814866,48901.127
4.20024657751493,0.132518027998489,23.4278674004611,48906.408
4.2005584895188,0.133190049258166,23.4347677113298,48911.768
4.19968328424797,0.122024459625859,23.4252426830402,48917.112
4.19976088619152,0.123844860045446,23.4213812293151,48922.408
4.19965224960008,0.124117139153048,23.4232637289117,48927.752
4.19968946052372,0.122984909005118,23.415818743535,48933.143
4.19947326614467,0.12524757003881,23.4122646272661,48938.424
4.19966677808504,0.120819382511332,23.4113595000311,48943.783
4.19984761824903,0.127138896180809,23.4163402831162,48949.143
4.1996294392913,0.123116562564406,23.4092652127168,48954.424
4.19955930644515,0.120686078720333,23.414277860271,48959.783
4.19996584453101,0.125712275812302,23.4067552133627,48965.158
4.19965721634278,0.125055984443601,23.4099109539765,48970.455
4.1995333178947,0.122027971585134,23.4013861029847,48975.799
4.19960814226942,0.122865896476654,23.3901194852977,48981.158
4.19973520726523,0.125309012163231,23.3978489305384,48986.44
4.19989323584816,0.125216821966489,23.3936050730819,48991.799
4.19984801972106,0.124596419685537,23.3993219754441,48997.19
4.19979654168859,0.121921661952138,23.3877003642124,49002.471
4.19971763458831,0.12292515369377,23.3917728508862,49007.83
4.19997824441811,0.12378182772073,23.3909954042832,49013.19
4.1998471968596,0.121685025827304,23.3922322436299,49018.471
4.19986537462437,0.122926020594558,23.3822476620791,49023.83
4.20002092789948,0.125345509844961,23.3796221593005,49029.205
4.19999315532706,0.120044176108959,23.3758427101625,49034.502
4.20016542104209,0.122686397200501,23.3819578668863,49039.846
4.19995679023625,0.120238541141151,23.3764984085989,49045.205
4.19998656047946,0.119837668891425,23.3720394328895,49050.487
4.20022811182582,0.121930792967102,23.3622928637273,49055.846
4.2001071764037,0.123050528731563,23.3566516844499,49061.221
4.20011160879027,0.121458915818928,23.361316411055,49066.518
4.20020788269635,0.122542771913399,23.3638027147756,49071.862
4.20011647354264,0.121079681525707,23.3578641257645,49077.221
4.20043826591287,0.120089584921337,23.3568917906062,49082.502
4.20044872928793,0.121482516202945,23.3480953515879,49087.862
4.20040058720948,0.121497825859179,23.3543262318853,49093.237
4.20013709372653,0.120683386994119,23.3553365484056,49098.518
4.20040384244784,0.122374015758614,23.35576885633,49103.877
4.20033619403157,0.123057299482446,23.3583604128294,49109.237
4.20077526510412,0.122206372927542,23.3517917602328,49114.518
4.20027119993056,0.116920240950685,23.3465015608081,49119.877
4.20072371968975,0.119015068962066,23.3497832014906,49125.252
4.20036288657558,0.118174486883809,23.3453711638758,49130.549
4.20059903412887,0.119363944940955,23.3577784312476,49135.908
4.20097128946757,0.124869872302065,23.3529157555624,49141.268
4.20056099236375,0.119642711457608,23.3492824534739,49146.549
4.20068334525645,0.122595884740489,23.3510948773724,49151.908
4.20065523151385,0.120366880126571,23.343952756441,49157.299
4.20107558628016,0.119985657589374,23.3468399386446,49162.596
4.20095182634002,0.120050409972986,23.341756194475,49167.955
4.20107499944863,0.118000452413191,23.3539292742147,49173.299
4.20117400489169,0.122317449345943,23.3480023672994,49178.58
4.20087261734094,0.119080563183327,23.3435009653163,49183.94
4.20102955306619,0.119029914853585,23.3404006420489,49189.33
4.20109118810748,0.117953374104459,23.3449052143139,49194.643
4.20136069300698,0.119514837515364,23.3461358847265,49200.002
4.20145173925145,0.119392804965573,23.3478559605287,49205.346
4.20120061019687,0.120727758791629,23.3431119762625,49210.627
4.201204351243,0.116856689663282,23.3374621590782,49215.987
4.2013309751695,0.121285822086208,23.3354858068527,49221.346
4.20137627587604,0.119043304655879,23.3404326243877,49226.658
4.20141096676512,0.120472749963782,23.3342982187132,49232.018
4.20143137119318,0.119869443707223,23.33663914265,49237.362
4.20130893404511,0.121299186320237,23.3370885209118,49242.658
4.20165778833905,0.119969465816162,23.3398502192716,49248.018
4.200780438218,0.108513058412022,23.3294985217207,49253.377
4.19945910029888,0.0975582560446361,23.3335517235546,49258.69
4.19968653072594,0.101722321913774,23.3340608281044,49264.033
4.19965626065977,0.0989181758392888,23.3266892400485,49269.393
4.19922307217189,0.0997804464289963,23.3277234356066,49274.69
4.19958665207371,0.0980134730071405,23.3227521269882,49280.065
4.19913939540947,0.103991381212307,23.3145647501381,49285.408
4.19926136159446,0.101128047169531,23.3155864357125,49290.799
4.1992935458642,0.100053771742574,23.3122181972422,49296.096
4.19941743974904,0.0978622838430396,23.2989010431159,49301.455
4.19945083819921,0.101357613221159,23.3082582353156,49306.799
4.19954602537377,0.0979688436376613,23.3017882943687,49312.096
4.19942272591513,0.101112651974839,23.3136929193931,49317.44
4.19928025792008,0.100147229586059,23.3079232333484,49322.83
4.19961250693865,0.098386111477059,23.3091665888131,49328.127
4.19941751681228,0.0975306182911466,23.3053052598519,49333.487
4.1993897473112,0.102186003791802,23.3018322434425,49338.83
4.19952701269909,0.0987835774118789,23.309260413732,49344.268
4.19944093487828,0.0969016371979739,23.314363598455,49349.721
4.19957046427577,0.0976926100828219,23.3050983395818,49355.018
4.19952238910416,0.10139542773902,23.3004114331644,49360.377
4.19946108208967,0.0986101530036336,23.2961414758292,49365.737
4.19945871055514,0.0985332246623329,23.2987187165551,49371.033
4.19872028951425,0.0910342276088857,23.2954279474995,49376.393
4.19870142130673,0.0913036402686378,23.2942669632936,49381.752
4.19828091815491,0.0894266353446107,23.2972638990326,49387.299
4.19845237326731,0.0898389975590583,23.3012331685419,49392.658
4.1984429240752,0.0916462218789549,23.2907089000111,49398.502
4.19862960782807,0.0890824554383362,23.29406330634,49403.846
4.19853741310817,0.0883440260331974,23.2813944604651,49409.237
4.1984817139411,0.0884184595622525,23.3013966187705,49414.533
4.19851541335564,0.0910524523949228,23.2893879050799,49419.877
4.19733204655728,0.0797440158391311,23.2865267243624,49425.158
4.19737083863408,0.0801430128140913,23.2876277864197,49430.518
4.19732221816466,0.0799552037816627,23.2696880246399,49435.877
4.19757998342386,0.0811667117865151,23.2817407696581,49441.158
4.19726699947738,0.081668421010305,23.2833764303012,49446.518
4.19737755665956,0.0807588419835971,23.2814006273302,49451.877
4.19717504504341,0.0816886148681498,23.2814505384275,49457.174
4.19723761769518,0.0832271239616097,23.2765867276876,49462.518
4.19732141140245,0.0790724679908099,23.2765841820065,49467.862
4.19712056483377,0.080089779622211,23.2742165119553,49473.158
4.19633308608531,0.0721632066148982,23.267988705581,49478.518
4.19701429466053,0.0842208756060265,23.2674334644812,49483.862
4.1971319923796,0.079998734965643,23.2630086419641,49489.143
4.19711655944487,0.0808431193984805,23.265810623367,49494.502
4.19703644669566,0.0786796507047492,23.265384543108,49499.862
4.19699378095558,0.0815235235512478,23.263193054969,49505.143
4.19716241789639,0.0806245390302314,23.2618266677036,49510.502
4.19709641155918,0.081898521494289,23.2547206296228,49515.862
4.19725117464051,0.0818142531784372,23.2624736536872,49521.158
4.19725675668797,0.0829938616551972,23.2657336833224,49526.502
4.1970577399154,0.0802546238460263,23.2657393564835,49531.862
4.19719329231313,0.0826380643381062,23.2531341269631,49537.158
4.19723634615069,0.0816954309595352,23.2579976473357,49542.502
4.19718056868334,0.0789735777304636,23.260384483186,49547.877
4.19715097111303,0.0793540278373025,23.2613859836434,49553.158
4.19724492859895,0.0803837116865219,23.2532800009637,49558.518
4.19746045642172,0.0842329354169095,23.2580266956874,49563.877
4.19739357040717,0.0810771552837979,23.2565128442618,49569.315
4.19717953005579,0.0828265823808066,23.2565055000199,49574.596
4.19729169167261,0.0795472936327061,23.2457073997768,49579.971
4.19724678150885,0.0812534228320888,23.2487273463102,49585.315
4.19658292682326,0.0724805796264379,23.2482578938706,49590.612
4.19620028713658,0.071795276061002,23.242846645155,49595.955
4.19688503767741,0.0813512790706345,23.2493520218681,49601.315
4.19730919794735,0.0815560006834332,23.243697607004,49606.596
4.19702987063957,0.081071857806867,23.2428076481697,49611.971
4.19726672604748,0.0816728235354797,23.2548621464587,49617.315
4.19698917968541,0.0823492939911106,23.252379350526,49622.612
4.1970742271932,0.0827128451168792,23.242698985848,49627.987
4.19723303725251,0.0795555365802245,23.2531836953645,49633.346
4.1972907113509,0.0825535605734542,23.2501536950004,49638.69
4.19713350137507,0.0825445571497985,23.2478676956926,49644.002
4.19714247256167,0.0810205222861038,23.2446265357673,49649.346
4.1973273797673,0.0798386695502321,23.2416822992755,49654.705
4.19730253424818,0.0790236219101901,23.2424006716913,49660.002
4.19751917975792,0.0820913554738946,23.2356118618871,49665.346
4.19739676183411,0.0826783767619906,23.2364867517003,49670.705
4.19737389734808,0.0818263065144031,23.2443865887316,49676.018
4.19755527945537,0.0791431781225294,23.2386803080635,49681.362
4.19733729408087,0.0826210089084467,23.2410289796401,49686.721
4.19750167588094,0.0822017520333994,23.2325344414001,49692.018
4.19756554226774,0.0786407122761093,23.2384486791655,49697.362
4.19758494397192,0.082352018277275,23.2313442070472,49702.705
4.19765690262609,0.082858917280225,23.2202843050093,49708.018
4.19742834844724,0.0807053191343152,23.2353022602422,49713.377
4.19748452219791,0.0828890464270413,23.2410355249672,49718.721
4.1974284669426,0.0848546977739364,23.2393915584666,49724.018
4.197446744262,0.0797152283227205,23.234712221432,49729.362
4.19752883767879,0.0796948482924893,23.2292323166907,49734.721
4.19769218670184,0.0805960134149331,23.2397889405937,49740.018
4.19784244097743,0.0799286544523874,23.2348996297012,49745.377
4.19780168849526,0.0810830324446883,23.2356787286337,49750.737
4.19792863331296,0.0795456119706784,23.2363984895645,49756.018
4.19687091151384,0.0703620788278725,23.2306461526322,49761.393
4.19682665338241,0.0676715016480139,23.2172567441373,49766.737
4.1965417778822,0.069943254691177,23.2192149402023,49772.033
4.197548382464,0.0803330299524227,23.2230363797588,49777.393
4.19780008227562,0.0795780935246695,23.2253249649604,49782.752
4.19781351576271,0.081419878742545,23.226583905512,49788.049
4.19766753106717,0.0792279293689256,23.2252709553848,49793.393
4.19756246748834,0.0812848686539811,23.21594399953,49798.705
4.19790890264086,0.0805788842559776,23.2140997664167,49804.08
4.19802732486722,0.0806979865651711,23.2103162612875,49809.471
4.19788137463214,0.0789170650025841,23.2144067693753,49814.83
4.19774637982825,0.0772077872224522,23.2076295121285,49820.127
4.19795017334943,0.0790755840189534,23.2064383270073,49825.455
4.19795463593267,0.0785901466336765,23.2118683706825,49830.799
4.19807122554291,0.0789417686241132,23.2129512626078,49836.096
4.19781174073027,0.0785879993189048,23.2093159114097,49841.518
4.1981079673361,0.0795320749458394,23.2140151013147,49846.94
4.19806624073442,0.0815992060169038,23.2063933908179,49852.268
4.19717752289104,0.0710592495084379,23.2017403080342,49857.643
4.1970873851414,0.0727227851298758,23.2021853956673,49862.987
4.19696960957474,0.0718665328383006,23.2101765744997,49868.299
4.19690789773898,0.070786170185123,23.2054545458722,49873.674
4.19714420131405,0.0711162145600387,23.199523770275,49879.033
4.1969350823031,0.069924066310045,23.1957561983283,49884.408
4.19709069030326,0.0697195243240386,23.1984213518561,49889.705
4.19713311489875,0.0719808441989407,23.2065993265305,49895.049
4.19688381310079,0.0709159618392163,23.1950665616965,49900.408
4.19663145676067,0.069890170204948,23.1996054221727,49905.705
4.19719167168742,0.0688393700245289,23.1937955133843,49911.049
4.1975323694146,0.0713866864792897,23.1899982482363,49916.424
4.19685910115931,0.0717922432603487,23.1879228310819,49921.705
4.19706655996491,0.0714939785391027,23.1898466879116,49927.065
4.19703275220597,0.0709372668670026,23.1801377368771,49932.408
4.19689119809561,0.0696856507956934,23.17795818428,49937.705
4.19684837014302,0.0707473263455718,23.1860598214298,49943.049
4.19711823045286,0.070584693339324,23.1882103677884,49948.393
4.19702662597153,0.0690694313751719,23.1857455203389,49953.69
4.19687278675651,0.0728312833432471,23.1813084771219,49959.049
4.1968314806136,0.0681231926718028,23.1742738212994,49964.408
4.19730917229627,0.0687753370357687,23.1764579703024,49969.69
4.19694854649169,0.0701130059799854,23.1721543280252,49975.049
4.19738646047074,0.0709052933475652,23.1710350822202,49980.424
4.19721175661993,0.0708531667204814,23.1696080403363,49985.705
4.19698432739497,0.0699200670538448,23.1667227368184,49991.065
4.19709621818921,0.0714246758246342,23.1654126438498,49996.424
4.19719104866426,0.0696160503242544,23.1563865905576,50001.705
4.19714120667328,0.0713218590415925,23.1474524865418,50007.065
4.19724341279074,0.0676888245416884,23.1452253294252,50012.44
4.19727629541139,0.0702684027878674,23.1503987067573,50017.737
4.19739535166252,0.072229686953595,23.1489293603067,50023.08
4.1972620431195,0.0692160398286785,23.1449031407065,50028.471
4.19723347608996,0.069222902572304,23.142841566048,50033.752
4.19733589929931,0.0725756939995579,23.1482933642715,50039.112
4.19738983795463,0.0689019654436858,23.1482059576601,50044.487
4.19740164206791,0.0653572450194077,23.1467803607199,50049.768
4.1971912114426,0.069136558663409,23.1469050186181,50055.143
4.19718154457178,0.0709144278460773,23.1415348857723,50060.502
4.19737294562043,0.0696917122645012,23.1418146568469,50065.862
4.19742277506108,0.0668157124948498,23.1397392582506,50071.158
4.19734371931708,0.0702595408606057,23.1372966601301,50076.518
4.19741284322238,0.069584855635733,23.1229537931044,50081.862
4.19709266482308,0.0717536177853124,23.1294121669235,50087.158
4.19763066923076,0.0693407979438687,23.128093080223,50092.502
4.19738669092981,0.070311415290136,23.1278120048169,50097.862
4.19765839586525,0.0695306157039227,23.12618515707,50103.143
4.1980018571196,0.0701785867506632,23.1431308836751,50108.502
4.19754160304979,0.0673292362922964,23.1376179006462,50113.862
4.19643421994769,0.0612348883430479,23.1565195421578,50119.143
4.19660946748782,0.0609267006477346,23.1573101421252,50124.487
4.19647622200461,0.0603533480758693,23.1581052753598,50129.846
4.19628663497323,0.0598352858944379,23.1632544484672,50135.143
4.19632826567552,0.0568181622832806,23.1726165236756,50140.487
4.19642884247696,0.0582023637058015,23.1591235820579,50145.846
4.19642203609457,0.0604298089937635,23.1747482862431,50151.127
4.1963833350886,0.061129912577022,23.1779279175941,50156.487
4.19634924284036,0.058419303720552,23.1695979536064,50161.83
4.19626699078693,0.0593627653854099,23.1699454426369,50167.127
4.19617584812084,0.0599926479984167,23.1742034751248,50172.487
4.19628927913334,0.0588858976938374,23.1786725910962,50177.83
4.19631211945046,0.0601731310463777,23.1685611066761,50183.127
4.19639209487009,0.0611083832216206,23.1673453061864,50188.471
4.19624148409601,0.0599535879441972,23.1692588407677,50193.83
4.19656901771883,0.0611032483788485,23.1611555073769,50199.112
4.19611473931371,0.0587441651598007,23.165735952479,50204.471
4.19632743735546,0.0607707139242986,23.1595729020446,50209.83
4.1963377889579,0.0602909745081764,23.156466787759,50215.112
4.19633669268894,0.0583220526496379,23.1504899943729,50220.455
4.19617555707841,0.0595756357463408,23.1432775494516,50225.815
4.1965622729977,0.0611225810181205,23.1399162183937,50231.096
4.19614880445581,0.0602692033749807,23.1477224927041,50236.471
4.19654574350496,0.0600671589081955,23.1316325832645,50241.815
4.1963219970653,0.0598210001769607,23.1387713792812,50247.112
4.19629434015381,0.0567798149079278,23.1265826297038,50252.455
4.19637853988042,0.0577889234190842,23.12885137157,50257.815
4.19632210259885,0.0590258911447677,23.1338163941413,50263.096
4.19632657721604,0.0614327956203637,23.1304746821513,50268.471
4.19659460277295,0.0623758732626786,23.135933370388,50273.83
4.19652444787995,0.0570064279418792,23.1432914396331,50279.112
4.19632213545482,0.0572143558838767,23.1444663551686,50284.455
4.19663285443708,0.0609517668986328,23.1470646427878,50289.815
4.19653874649026,0.0597422724813117,23.1436571430803,50295.096
4.19635099690741,0.0618874355180752,23.1455589360357,50300.471
4.19659722315852,0.0578432798343721,23.1495615614249,50305.83
4.19634977186663,0.0583880519423007,23.14120922655,50311.112
4.19650458197226,0.0593201244782574,23.1456266887451,50316.455
4.19658995145676,0.0600581142566733,23.1403533401611,50321.815
4.19562674643669,0.0503656692382293,23.1492892602102,50327.096
4.19628998613857,0.0593830803983359,23.1547380681375,50332.455
4.19647964103108,0.0582633095913677,23.1531926954286,50337.737
4.19658216323067,0.0593121742806341,23.1459074718621,50343.096
4.19648419255113,0.0568813748673771,23.1505898584088,50348.44
4.19652355955049,0.0624693837376284,23.1432460910205,50353.737
4.19667489259559,0.0598982403200124,23.1485932671154,50359.08
4.19663527816577,0.0602482767270704,23.1485556770179,50364.455
4.19662034580814,0.0589547755884522,23.1395024096681,50369.752
4.19680533949676,0.0584598606878439,23.133904372569,50375.096
4.19662535211261,0.0587757963473439,23.1341824184911,50380.455
4.19676186391932,0.0600106081675775,23.131081627129,50385.752
4.19659471133179,0.0614562496784835,23.1276930030799,50391.096
4.19683194278748,0.0561072179290714,23.1212506494764,50396.471
4.1967149500787,0.056553740425373,23.1276458020056,50401.752
4.19664840846715,0.0602037060010118,23.1372459184764,50407.096
4.19663020340363,0.0580711408224327,23.1260723668459,50412.455
4.19685150437921,0.0611572032677246,23.1327402125278,50417.752
4.19674392247277,0.0587988323287137,23.1312555467351,50423.096
4.19670070094754,0.0596352119967534,23.1318311763871,50428.471
4.19659611754119,0.0569032374683266,23.1292974849806,50433.752
4.19678030165034,0.0565693915027137,23.1260514350801,50439.096
4.19676620739323,0.0584040201050991,23.1166007014939,50444.455
4.19682786679354,0.0562540400489308,23.1194802323515,50449.737
4.19694794474036,0.0591317447401961,23.0983970322189,50455.08
4.19689865395659,0.0610906471137564,23.1106971570353,50460.455
4.19689854247423,0.0591432096542568,23.1127958326847,50465.752
4.19686742350572,0.0592275580999368,23.106022627263,50471.096
4.19683088284421,0.0591409566029358,23.1049021703484,50476.455
4.1959483990024,0.049153764389458,23.1052048334337,50481.752
4.1948585630425,0.0382815884279143,23.0978814363069,50487.096
4.19595516257228,0.0493572455337161,23.0938897895708,50492.487
4.19673505722888,0.0598058537171808,23.0994133838951,50497.783
4.19695929434249,0.0592882013247199,23.1049537612923,50503.127
4.19685126802717,0.0595048289025124,23.11563533506,50508.471
4.19609191432112,0.0464215582837996,23.1073088941867,50513.768
4.19702064010754,0.0574783232039313,23.1080577858888,50519.112
4.19686410952575,0.0600076101407913,23.1011063227355,50524.487
4.19686394062537,0.0571041635661321,23.106079701016,50529.783
4.19687944667808,0.0584936385944643,23.1000894088432,50535.112
4.19696236630356,0.0565886842385138,23.1072266805375,50540.471
4.19681770639962,0.0585458822301084,23.1083183004769,50545.768
4.1970258542883,0.0586620602228275,23.1136548872481,50551.112
4.19696544618719,0.0607118336596053,23.1046693819665,50556.502
4.1968376348707,0.0584817687812002,23.1091452997596,50561.783
4.1973010360642,0.0544770633884777,23.110254996095,50567.127
4.19689165185988,0.066643629176471,23.1005902786707,50572.471
4.19663066049778,0.0607091106005322,23.1041671432993,50577.862
4.19724661997631,0.060441464004852,23.1079417992417,50583.08
4.19686762535401,0.0581300447442103,23.1099080344379,50588.393
4.19730092094313,0.0569126948102008,23.1043798701154,50593.658
4.19682213086567,0.0615835356103906,23.1055631504507,50598.955
4.19686692224467,0.056903664769307,23.0964484888423,50604.19
4.19703315268539,0.058420182167413,23.095378846495,50609.408
4.19703352851822,0.0540590710359925,23.0996014899587,50614.674
4.19586484764451,0.0520874385617397,23.1008269017904,50619.924
4.19709893952405,0.0576664490173292,23.0944370909436,50625.174
4.1969552894788,0.0553482291860024,23.0781574046601,50630.408
4.19653286683135,0.0450791310525175,23.083866082984,50635.627
4.19721273227072,0.0576737099084168,23.0767576534767,50640.877
4.19644373238095,0.0450983508239908,23.0789080519065,50646.096
4.19721517140771,0.0615621814894578,23.0791480380273,50651.33
4.19728969378206,0.0549312151544056,23.0782632374371,50656.58
4.19716768287942,0.0566089125203301,23.0674737647639,50661.799
4.19712815721202,0.0554194022638248,23.0749731483993,50667.018
4.19614489082124,0.050416918493972,23.0760756651604,50672.283
4.19715122639146,0.0532845361739822,23.0830124143902,50677.502
4.19729712309596,0.0553672375081515,23.0759575808469,50682.721
4.19711400821355,0.0573056608954124,23.0848168236014,50687.987
4.19627371508014,0.0478675958709441,23.0778820366897,50693.205
4.19721161876245,0.0569659711953967,23.0793886388007,50698.424
4.19726251470092,0.0563998526069325,23.0808494407633,50703.674
4.1971903101654,0.0563684300499245,23.0701874153325,50708.893
4.19749328888376,0.0558602422872507,23.0656350393812,50714.112
4.19751238805147,0.0571596388681571,23.0704408744648,50719.362
4.19729563653071,0.0563817705889398,23.0653572869289,50724.596
4.19689231823923,0.046978131385601,23.064021793052,50729.815
4.19647760110051,0.0451209354606823,23.0647918024084,50735.065
4.19753166030646,0.0585552680138493,23.059427778209,50740.33
4.19728041961012,0.0545640048496825,23.0579495419233,50745.612
4.1975826072427,0.05565205853283,23.0553231981268,50750.83
4.19751037010674,0.0569327791937094,23.0603331553304,50756.112
4.19738796460471,0.0576871974799027,23.0484947072351,50761.346
4.19648395474517,0.0481383732669767,23.0657153230922,50766.643
4.19736234205187,0.0586734987702304,23.061472954505,50771.893
4.19745372591577,0.0582260857570073,23.0586043123379,50777.19
4.19745331805689,0.057543798033205,23.0514310993734,50782.424
4.19754396344056,0.0569719675922096,23.054411231152,50787.893
4.19776755409816,0.0584263584606567,23.0518825266355,50793.221
4.19771303976978,0.057927369408257,23.0495973545587,50798.487
4.19780343598424,0.0570109522392721,23.0453027220558,50803.783
4.19765176810145,0.0570782805572548,23.0438144141394,50809.033
4.1979093969355,0.0587130770334435,23.045108821262,50814.299
4.19767099887536,0.0563092055544285,23.0448869483103,50819.565
4.19787382649822,0.0575201863028329,23.0468874207287,50824.846
4.197832349047,0.0602046787221759,23.0483184972994,50830.112
4.19783321245419,0.0572868085324026,23.0418305642443,50835.393
4.19781518049407,0.0586111094069887,23.0371207171709,50840.643
4.19787015548093,0.0576483846379264,23.0324891689522,50845.924
4.19761934967541,0.0563401698991344,23.0344004034392,50851.158
4.1980469742577,0.0558615266455791,23.0322786480822,50856.471
4.19811610381433,0.0594234127219207,23.0344375140312,50861.721
4.19790776471192,0.056717135479841,23.034618716356,50867.033
4.19785746757531,0.054371867037769,23.0302210332213,50872.283
4.19791406688306,0.0568477870096622,23.0283878579208,50877.549
4.19773303275801,0.0578074449348109,23.0330461534446,50882.783
4.19797908149792,0.0542199237514564,23.0365559509742,50888.096
4.19787536351223,0.0549083872550189,23.0463358535743,50893.33
4.19829377806774,0.0579808427379159,23.0365732905795,50898.658
4.19809092653415,0.0540119383645277,23.0348848025964,50903.893
4.19824982985646,0.0540174325723854,23.0267945100126,50909.127
4.19801896915,0.0601552751885029,23.0239074122214,50914.408
4.19810883962747,0.0517976511637229,23.0328418776223,50919.658
4.19747025778607,0.0434198496898813,23.031627186109,50924.924
4.19719622664196,0.0450952207823742,23.025286499992,50930.143
4.19723879601452,0.0465451126951044,23.0296230710277,50935.455
4.19684216332287,0.0450779481827992,23.0257012743581,50940.69
4.19713219393437,0.0445310055622235,23.0235149428384,50945.94
4.19725854557972,0.0462204056305063,23.0152048741238,50951.205
4.19715572311662,0.0472425719204769,23.016799607563,50956.455
4.19663131593973,0.0468812101917505,23.0194009991261,50961.737
4.19707439853613,0.0511606795050314,23.0269535763839,50966.971
4.19705186325718,0.046421588902349,23.0238799370715,50972.283
4.1971134032686,0.0460047791042471,23.011854616349,50977.533
4.19708909534726,0.0480159643928515,23.020250357555,50982.768
4.19708886920605,0.0468460285220798,23.0271956563075,50988.018
4.19698362089397,0.0486615448416949,23.0219728236793,50993.283
4.19717603859633,0.045208897411839,23.0156687331759,50998.565
4.19705239143337,0.0447039312835484,23.0212297228316,51003.815
4.19719163087053,0.0477437285019365,23.0124471186588,51009.08
4.19703123080949,0.0454376287864094,23.0080732774647,51014.315
4.19711750793669,0.0474563792125904,23.014689334407,51019.612
4.1968363723953,0.048893671858627,23.0071938067287,51024.83
4.1969500901621,0.0444847200356208,23.0067297802902,51030.065
4.19703532615067,0.0479642864851679,23.0009202695696,51035.33
4.19714907576562,0.0465182683600393,23.0070115164451,51040.565
4.19691492514028,0.0438124549154608,23.0028206832379,51045.862
4.19716119011355,0.0459551829548673,23.0120304610245,51051.08
4.19640634537137,0.0370689967849527,23.0047780896355,51056.362
4.19632673155445,0.0377376408903403,23.0065807481163,51061.596
4.1964096022963,0.0346730868686754,22.9950708178159,51066.83
4.19607933904623,0.0361934204428312,22.9985483478365,51072.08
4.19599058609928,0.0365400365971607,22.9967277230178,51077.33
4.196243817845,0.0367941710840226,22.9883647197285,51082.627
4.19524924453728,0.0303625318813259,22.9956036755967,51087.877
4.19587383583018,0.0385986048036372,22.9948488170569,51093.158
4.19573926483088,0.0392182328522791,22.9935852940317,51098.408
4.19591765398442,0.0384737730827619,22.9965822960394,51103.674
4.19603108415295,0.0378975404450396,22.9946424376858,51108.908
4.19589438454094,0.0366435961489007,22.9972055713631,51114.127
4.19608634671025,0.0384044771016745,22.9994545578271,51119.393
4.19591247565124,0.0390915837963681,22.9904755044292,51124.627
4.19602323126348,0.0382290663928015,22.9965941579598,51129.862
4.1958480144009,0.0377087972474008,23.0075191906133,51135.112
4.19582621047497,0.0353994367865685,23.0061870725445,51140.346
4.19596368835643,0.0354158019828399,23.0028750600877,51145.643
4.19598075672728,0.0372958838187332,23.0052032214414,51150.877
4.19592440491216,0.0388179666410952,23.0011304610145,51156.19
4.19620355926019,0.0376151528053026,23.0123700977287,51161.408
4.19586698782432,0.0358390291962067,23.0070701649682,51166.721
4.19619547490848,0.0396697413376159,23.0106006921641,51171.955
4.19594253350254,0.0411102540659018,23.0051373812012,51177.174
4.19595981297508,0.0347361878886121,23.0148052715742,51182.44
4.195673708784,0.0399556166717469,23.0005974041004,51187.674
4.19588100030759,0.0381653129940353,22.9941334911184,51192.893
4.19583630124791,0.0367085620993036,22.9944583389086,51198.158
4.19599451583918,0.0346552917323617,22.9869739029378,51203.377
4.19580176525799,0.038609817017931,22.9821812770447,51208.612
4.19617291828001,0.0378182680333425,22.9868375957502,51213.877
4.19588719588669,0.0386889272877243,22.9827794340909,51219.112
4.19598393272388,0.0391716271318592,22.9801869531899,51224.44
4.19573739297121,0.0372020535754943,22.9874052745463,51229.69
4.19599488589063,0.0356189509540239,22.9778357092835,51234.971
4.19579519680505,0.0381458888877464,22.9885145484476,51240.221
4.19586518581602,0.0368739094323903,22.9887052919692,51245.487
4.19598129909364,0.0345354753047691,22.9806221162709,51250.721
4.19588748736346,0.0403271342935911,22.9759870967255,51255.94
4.19598423270593,0.0400428571641215,22.9717564790515,51261.205
4.19583745401965,0.0396969393773896,22.9768928707218,51266.424
4.19604603852996,0.0374677779261943,22.9721999172221,51271.658
4.19586991247533,0.0373369700799699,22.9770174790702,51276.924
4.19564697423215,0.0364971462213872,22.9727471710632,51282.237
4.1960309450466,0.0348506680539229,22.9776842194193,51287.502
4.19583856681147,0.0379428678151717,22.9702107164383,51292.752
4.19605798500654,0.0386394505858228,22.9668231736851,51298.065
4.19582940387286,0.0408176406307991,22.9681806695906,51303.33
4.19610733955503,0.038436503815734,22.9802429415009,51308.58
4.1960564623989,0.037761379070049,22.9682552645895,51313.862
4.19584855846549,0.0383466468850002,22.9632829525018,51319.143
4.19615521691982,0.0380181206309411,22.9604302300378,51324.893
4.19600312280741,0.0371307583660722,22.9555868283729,51330.112
4.19618752511873,0.0362728992498774,22.9679388709033,51335.455
4.19612822069459,0.0370685530998454,22.9659574721841,51340.69
4.19597726348388,0.0377315915459713,22.9640726480891,51346.018
4.19602350782727,0.0389586482695464,22.9712606315238,51351.268
4.19626077165778,0.0398680727786681,22.9633195518102,51356.533
4.19611328402156,0.0379720563196158,22.9699771229948,51361.799
4.19604756092208,0.037269677407447,22.9798123516471,51367.049
4.19592966566093,0.0344678649455326,22.9674206859063,51372.299
4.19586419990446,0.0390282218702669,22.9751596444187,51377.58
4.19610264519092,0.0351074847212239,22.971828013669,51382.83
4.19587118914043,0.035346435304589,22.9700685717802,51388.096
4.19585480130826,0.0373796899347325,22.9787958332428,51393.377
4.19611078768512,0.0346922148076073,22.9702037394323,51398.643
4.196128127342,0.0362823548640697,22.9630530773812,51403.877
4.1960135069403,0.0373632537758838,22.9677960920474,51409.19
4.19635492777018,0.0346102787996437,22.9640338551427,51414.44
4.19614758598327,0.0356416673803677,22.968486464709,51419.69
4.19603463749253,0.0376683336414567,22.9684740348903,51424.924
4.19629499781199,0.0381252861176476,22.9621507847661,51430.205
4.19612392446325,0.0382785257412231,22.9527884018932,51435.44
4.19548166921429,0.0274609983385336,22.9605869616138,51440.752
4.19612242513281,0.0390444204086669,22.9550574548914,51445.987
4.19613985187267,0.0344962610599956,22.960389566691,51451.205
4.19599491855979,0.0361434898952246,22.9670706720045,51456.471
4.19614007921708,0.037232874305224,22.962878202531,51461.69
4.19636588829584,0.0376900830904378,22.9601089039954,51467.002
4.19514661544439,0.0242851163492052,22.9647042044159,51472.237
4.1960183139093,0.0346793043746522,22.9653639156943,51477.471
4.19602662705305,0.0359711881552596,22.9615692089042,51482.737
4.19605387818066,0.0367958974372489,22.9632778740853,51487.987
4.19617940381345,0.0367732308324308,22.9671870470097,51493.268
4.19607887760331,0.0358708142582867,22.9613254397602,51498.518
4.19621052037969,0.0353801778655028,22.9580558876294,51503.768
4.19603131276756,0.0376277424668046,22.9560082387281,51509.002
4.19627377802814,0.0337834797723277,22.9597263269795,51514.221
4.19619473493821,0.0378038774979032,22.9554338319016,51519.487
4.19614158105373,0.0357108016202342,22.9559370761011,51524.721
4.19615636018556,0.0349049602788779,22.9649913650618,51529.94
4.19643335581139,0.0383912410908992,22.970336758641,51535.205
4.19599296497686,0.0396037495242438,22.9662928562981,51540.44
4.19614763198338,0.0374839583127413,22.9744760214387,51545.674
4.19617369491789,0.0361825440673049,22.9765621762837,51550.94
4.19622073095537,0.0333339083392226,22.9696828706728,51556.158
4.19603916597769,0.0363884342593764,22.9805545615903,51561.393
4.1962409957791,0.0383126849769197,22.9729393081298,51566.658
4.19634802864576,0.03534045366008,22.9807384474529,51571.893
4.19646161069544,0.0366320813072799,22.9831009181035,51577.158
4.19630939700066,0.0333861578747881,22.9847233421579,51582.408
4.19626989425249,0.0349158441078723,22.981536002058,51587.705
4.19649963842504,0.0370719538681299,22.9782053644233,51592.955
4.19655984304959,0.040290229611388,22.9774975275549,51598.205
4.19627593376385,0.0382304305238116,22.9662838742671,51603.44
4.19623492844772,0.03656379840849,22.9662724347733,51608.674
4.19628329625721,0.0357121848017571,22.9656069096754,51613.94
4.19538075280943,0.0296530187037913,22.9610867313339,51619.158
4.1960442241567,0.0348237656225504,22.9564188258541,51624.393
4.1960632284351,0.0365286830829109,22.9740509883234,51629.658
4.19548480379335,0.0246538626873093,22.9652977910939,51634.877
4.19617511518584,0.0345050796771833,22.9562529286108,51640.19
4.19622587559204,0.036750573086163,22.9555290254199,51645.424
4.19637100199677,0.0373626036591193,22.9689363856756,51650.737
4.19649967876538,0.0362597780522363,22.959572932251,51655.971
4.19659596496548,0.0389409898110509,22.960726450076,51661.283
4.19640066318521,0.0382880379355973,22.9643483021362,51666.518
4.19649326086464,0.0383540156670852,22.9663226731432,51671.83
4.196444622349,0.0375238574559154,22.9610123007719,51677.08
4.19634959638751,0.0354445855150499,22.9686790524544,51682.377
4.19631792450093,0.0392452617112484,22.958479172541,51687.658
4.19630496292909,0.0405702633994507,22.9497289176736,51692.924
4.19640889604424,0.0370288827222009,22.9579555761697,51698.158
4.19660148455897,0.0352960976534669,22.9613218947337,51703.377
4.19675981073473,0.0333667206072274,22.9489743311652,51708.643
4.19638950395285,0.0362684204366497,22.9565602041386,51713.877
4.19656342757078,0.0361893868619868,22.9490084813283,51719.174
4.19653493649525,0.0363517465577194,22.950768043194,51724.408
4.19605599406094,0.0364422448838297,22.9535018856077,51729.674
4.19668177284,0.0370244233526402,22.9503839992954,51734.924
4.19651882955845,0.0367870760408139,22.9570694800521,51740.174
4.19646640986678,0.036789788439147,22.9485236044358,51745.455
4.19669344810982,0.0329526351850332,22.9442296231147,51750.721
4.19669804447271,0.035436870759518,22.9402851113189,51755.971
4.19666605265795,0.0355575274376039,22.9414416105315,51761.252
4.1966075659711,0.0351451047551896,22.9479069906845,51766.518
4.1965642673698,0.0357962905995545,22.9505553774922,51771.783
4.19560930312883,0.0240254207863583,22.9497500883247,51777.065
4.19543214441362,0.0216622832658491,22.9483622650425,51782.33
4.19675043374545,0.0354686969327836,22.9587816157304,51787.596
4.19636020840002,0.0353580046512272,22.9540097751976,51792.846
4.19659418324278,0.0351001948032102,22.9533957646601,51798.143
4.19574918303483,0.026161703321449,22.9529801820315,51803.393
4.1956002933342,0.0231944183369678,22.9548561660074,51808.658
4.19550145217159,0.0249981867051651,22.9504999774596,51813.877
4.19647084281391,0.0391702044523422,22.9529202365849,51819.19
4.19654809011387,0.0354842222541912,22.9475751244273,51824.424
4.19629656405419,0.0366904634919194,22.9423922878188,51829.658
4.19673828212944,0.034736696344956,22.9466413803845,51834.908
4.19655341276404,0.039303000924802,22.9449330930288,51840.174
4.19665136262487,0.0358826878239538,22.9399706885402,51845.455
4.19679746737289,0.0361335460037618,22.9345363188042,51850.69
4.19659177965298,0.0326419559237918,22.942450736627,51855.971
4.19683125274864,0.034781525950303,22.9510178555977,51861.205
4.19664326792297,0.0359417511732812,22.9395943085625,51866.424
4.19651944911682,0.0374628300875572,22.9454053724128,51871.69
4.19676540201592,0.0378332153316636,22.9454710546668,51876.924
4.19694112192541,0.0346232057723681,22.9336994093734,51882.221
4.1968345156839,0.0339535673900358,22.9310715179295,51887.455
4.1965495112285,0.0361334177369215,22.9326533636992,51892.69
4.19658195097409,0.0336830486102406,22.9331036946481,51897.955
4.19667231364277,0.0358855834682605,22.9357623507181,51903.205
4.19680660255308,0.0345944072001337,22.9325625728909,51908.487
4.19690588242338,0.0375681892923145,22.9272405246471,51913.752
4.19692052380486,0.0325775454952964,22.9219819078241,51919.002
4.19687479982016,0.0323641955022165,22.9290520832794,51924.237
4.19701576358014,0.0361623750278508,22.930463782615,51929.549
4.19659387321715,0.0341790884257911,22.9238214892118,51934.783
4.19672467423941,0.0373742588754863,22.9258190907108,51940.112
4.19690910534552,0.0352202715311839,22.9233304134527,51945.346
4.19694100104702,0.0363462924969362,22.9315197202724,51950.58
4.1970294487573,0.0364083009298495,22.9302555111262,51955.877
4.19671825984326,0.0363888896807983,22.9321059420772,51961.127
4.1960135884278,0.023773321774536,22.9197783655378,51966.393
4.19599774479396,0.022569672629872,22.9372727552825,51971.643
4.19619469705599,0.0251978659462477,22.9353820192061,51976.924
4.19615835858187,0.0227428396267283,22.9450062787168,51982.19
4.19581287116217,0.0278315780668279,22.9421472895222,51987.471
4.19578923453166,0.025261057065266,22.9398814883442,51992.721
4.19576973843441,0.0272377169706494,22.931026664898,51997.987
4.19610010873335,0.0215049546426346,22.9429496258646,52003.221
4.19613416542235,0.0267668683450272,22.9333479197162,52008.455
4.19593683266629,0.0277063697748089,22.9348379468252,52013.721
4.19563197305199,0.028955726654852,22.9286688224223,52018.94
4.1959589896108,0.0231594521813962,22.9259872761675,52024.174
4.1957717055042,0.0239255613782415,22.9252352211728,52029.424
4.19582099076634,0.0268894601638369,22.9297444510822,52034.658
4.19588695300278,0.0233942379544727,22.9269244193111,52039.893
4.19564577766896,0.0284714741339482,22.9255384018631,52045.158
4.1957928093603,0.0258976989845681,22.9190057282111,52050.393
4.19581648933952,0.024226613433646,22.9138268621528,52055.721
4.1958789719985,0.0273578061055162,22.914516206388,52060.971
4.19591922415928,0.0243937265406507,22.9082967482091,52066.252
4.19611394353912,0.0238070264491388,22.9199041723709,52071.518
4.19579862248325,0.0235742369916563,22.9207533295546,52076.768
4.19589676408125,0.026479081707481,22.9159331735383,52082.033
4.19597162951775,0.0234033711266557,22.9171194229786,52087.315
4.19578367154291,0.0283382231672989,22.9192610470059,52092.596
4.19577046730849,0.0263077174346585,22.9196243442559,52097.877
4.19562195514189,0.0276652221328418,22.9173991796751,52103.127
4.19583438686688,0.0250589239311947,22.9193965541355,52108.393
4.19569981348892,0.0289286197820845,22.9105728186525,52113.627
4.1957766679579,0.0238767577716475,22.9184452696816,52118.862
4.19599929236622,0.0258276586945003,22.9209048882641,52124.127
4.19574247574107,0.0273317632488672,22.9201915835476,52129.393
4.19579131489101,0.0276429879976919,22.9168078695508,52134.658
4.19572366955455,0.0276913295721395,22.9178687350062,52139.924
4.1956853074867,0.0226364752782643,22.9157007999322,52145.205
4.19565785998674,0.0254352116760125,22.9107136625043,52150.455
4.19582822005282,0.0221261789333749,22.9076966559275,52155.643
4.1955880769494,0.0288454870871079,22.9092420675428,52160.877
4.19573487033234,0.0256953340913995,22.9183802906945,52166.049
4.19571329150659,0.0253084111138827,22.91355702964,52171.205
4.19579460776509,0.0233200303903,22.9089971011612,52176.346
4.19584147406043,0.0286406700137115,22.9141169582227,52181.487
4.19560199263004,0.0264475170562781,22.9090947647716,52186.627
4.1959690179268,0.0267050464772955,22.9038112827832,52191.83
4.19551141944472,0.0243913323067233,22.9033210491663,52197.018
4.1955712391087,0.0309294660243514,22.9013091499008,52202.174
4.19566652609221,0.0291719333050365,22.9071024972024,52207.362
4.19567027290369,0.0266205441331636,22.9073687442768,52212.533
4.19588002280523,0.0264257050994089,22.9122918730014,52217.674
4.19571976716083,0.0271723844921432,22.9031135287219,52222.799
4.19553194727984,0.0271340847168559,22.9127248167258,52227.955
4.19689166058403,0.0345136332005489,22.9081604342702,52233.174
4.19660629936669,0.0354501669023807,22.9084332504413,52238.362
4.19661343140787,0.0354911317523275,22.9168367828443,52243.627
4.19569055303685,0.0258777142369408,22.9179297337597,52248.83
4.19573054431113,0.0268830052114558,22.9172138114768,52254.018
4.19563289101828,0.0246199328494462,22.9200519773625,52259.283
4.19572015237185,0.0247752453109522,22.9246359316933,52264.502
4.19571145597029,0.0236507709138804,22.9252833179016,52269.69
4.19564434862584,0.0247407872758568,22.9412294195644,52274.877
4.19567560738458,0.0251892484632131,22.9411303956687,52280.033
4.1957587824105,0.0266191976985039,22.9529264121649,52285.44
4.19570514468121,0.0246346933479111,22.9519576694664,52290.658
4.19592544544715,0.0284886734955849,22.9474210967799,52296.299
4.195726247795,0.0237498455690933,22.9504351403234,52301.955
4.19577838525615,0.0237290247854473,22.9463227888075,52307.143
4.19594472055371,0.0261963543702928,22.9448091481469,52312.377
4.19594352393305,0.0223482005808541,22.9428616632103,52317.58
4.19580126464431,0.0256499700784438,22.93865799158,52322.768
4.19561726351782,0.025238763156124,22.9272957837051,52327.94
4.19565173894009,0.0235209964176512,22.9314165350267,52333.143
4.19586552190782,0.0257740716139857,22.9288868322544,52338.315
4.19592680794006,0.0239584976784288,22.9310253927817,52343.487
4.19599702634019,0.0237994911269403,22.9291944432332,52348.674
4.19602302318305,0.0223172370548044,22.9260858511164,52353.846
4.19583322738855,0.0260535578476362,22.9237078439165,52358.987
4.19568321086847,0.0244266674620107,22.91871988951,52364.174
4.19574660416546,0.0263038894638505,22.9259039795268,52369.362
4.19593286746338,0.0251702332421966,22.9182905087768,52374.533
4.19590241325123,0.0262358075274044,22.9189239335042,52379.721
4.19596920631971,0.0217799490818976,22.9320792422206,52384.908
4.19608992201402,0.0261195967262589,22.9317000821294,52390.112
4.19606523957278,0.0224785217144724,22.9241773581685,52395.299
4.19575084406406,0.0236903041181995,22.9216506415174,52400.502
4.19587599528922,0.0252761597519835,22.9208351733793,52405.643
4.1956651405262,0.0259661766484638,22.9182580327612,52410.846
4.19589864077037,0.0247355970409914,22.9043412182657,52416.049
4.19577943220096,0.0249641420179863,22.910291804533,52421.268
4.19598203216218,0.0235321704030818,22.9018475246885,52426.471
4.19606707591702,0.0243683345759679,22.903902451721,52431.658
4.19600406781222,0.0255093063787892,22.9093345235454,52436.846
4.19574232010457,0.0251613497037131,22.8998888595016,52442.002
4.19617116674601,0.0247720589141776,22.8989464265829,52447.221
4.19586789681449,0.0250618243117274,22.9006305715483,52452.424
4.19595822420293,0.0230137968888735,22.8973701384882,52457.627
4.19601752477605,0.0241869371056988,22.8947777897929,52462.83
4.19600008477795,0.0255424307789136,22.8884551420539,52468.033
4.19603457361734,0.0260283486917631,22.8972075547491,52473.205
4.19565034098289,0.0293088369735773,22.8924223032987,52478.377
4.19592302471897,0.025629355877027,22.8876430052032,52483.518
4.19625236849376,0.0233459430440227,22.8932215540766,52488.721
4.19618535156849,0.0243024890117507,22.8876388445771,52493.924
4.19563557870825,0.0314152029614219,22.8958132595296,52499.096
4.1958699961467,0.02607128298408,22.8966859925981,52504.268
4.195786748683,0.0276583943980009,22.8894723776129,52509.471
4.19612620981035,0.0276832176195753,22.8826302634563,52514.658
4.19547678560474,0.0250100468949135,22.8820649364714,52519.83
4.19684245372036,0.0340252746101839,22.8914186725329,52525.002
4.1967971621009,0.037168511731175,22.8885360621265,52530.174
4.19699927357368,0.0377575087611814,22.8803833209005,52535.377
4.19739221185233,0.0343487472522786,22.8859110600835,52540.565
4.19585745159755,0.0248388247857337,22.8816431218784,52545.752
4.19623353724064,0.0274618688387136,22.8804519064324,52550.924
4.19606188710917,0.0220751357141429,22.8796563115627,52556.127
4.19615190830844,0.024801039043843,22.8811549182961,52561.299
4.19626196886316,0.0232587170659969,22.8789732909454,52566.502
4.19633001935295,0.024478712182284,22.8854505700467,52571.674
4.19593997352543,0.0245408262245586,22.8698629989849,52576.908
4.19570905870799,0.0252317542666247,22.8668822719715,52582.096
4.1963018789854,0.0249615982588026,22.8712255791063,52587.299
4.19620991668571,0.0241519151903145,22.8754345987413,52592.533
4.19647114651246,0.02381429272239,22.8690188124995,52597.721
4.19621535757768,0.021404256800877,22.8700996398413,52602.924
4.19625850697163,0.0261521370655132,22.8651706582201,52608.158
4.19633409247049,0.0240760924186537,22.8658684911855,52613.346
4.19627882063226,0.0242140658102399,22.8617372575227,52618.549
4.19577400721377,0.0273290986670604,22.8578677603066,52623.752
4.19597858976783,0.0295471117205095,22.8565354012981,52628.924
4.19618092353586,0.0224088837156839,22.8661599788115,52634.096
4.19609314577897,0.0225328619214323,22.8635010518943,52639.299
4.19633232871625,0.0228365134352532,22.8616327411136,52644.44
4.19652445371183,0.0275097936633594,22.8628623699743,52649.643
4.19627273000087,0.0243480280715303,22.8548419048935,52654.846
4.19616552748313,0.0251507960992459,22.8584883448514,52660.033
4.19634952114821,0.0225794029517779,22.8668166442262,52665.19
4.19616195249962,0.0266037254396539,22.8598434129997,52670.393
4.19624021204397,0.0274198364941716,22.8589984038119,52675.58
4.19636137540017,0.0260075030356212,22.8659011564568,52680.752
4.1960043253445,0.0239939880194688,22.8720542374907,52685.924
4.19629057922547,0.0244964996345927,22.8664564131728,52691.112
4.19635962717296,0.023228423036362,22.8700741679426,52696.315
4.19619266974967,0.0222969764732514,22.8734127149695,52701.518
4.19580065914579,0.0223231981677022,22.8709584582747,52706.705
4.1963740155843,0.0291115110500193,22.8722692686482,52711.862
4.19632531311044,0.0245845729118847,22.864915554009,52717.08
4.19621238478079,0.0249036339896984,22.8698417377444,52722.268
4.19630157875817,0.0277236306102433,22.8657842085348,52727.44
4.19617220543948,0.0229088350394242,22.8704522467266,52732.643
4.19636116537785,0.0271549514430626,22.8593594081053,52737.783
4.19642641922448,0.0264243835746537,22.8619054681554,52742.987
4.19638619757543,0.0224022110252057,22.8647688485616,52748.19
4.19648439610692,0.023124925350324,22.8623525730688,52753.377
4.19624769002138,0.0260591377776747,22.8557176345014,52758.533
4.19607013047005,0.0275325186530623,22.855906279191,52763.737
4.19617747533212,0.0244514127872279,22.854764662234,52768.955
4.19627160356004,0.025786869332273,22.8657394357052,52774.127
4.19630646248199,0.0254056867721861,22.8564667833976,52779.299
4.1962507507593,0.0272551621672757,22.8569200941036,52784.518
4.1962012733688,0.0254385266552316,22.8542506381207,52789.799
4.19640135006852,0.029177956850321,22.8456019310602,52795.002
4.19646172493446,0.0242138370148815,22.8501140130706,52800.221
4.19608755241077,0.0246714202361059,22.8566948521297,52805.424
4.19655100586245,0.0239700030861153,22.8509232558208,52810.627
4.19660644781576,0.0250497089836014,22.8501462227891,52815.846
4.19626311294308,0.0257233973446415,22.8524247265567,52821.049
4.19641624725463,0.0256082519177269,22.8504975652547,52826.252
4.1963041490643,0.0232742491862886,22.8620942127617,52831.455
4.19639470769838,0.0245992896428889,22.8627571077499,52836.643
4.19629224025244,0.0252213742578071,22.8520636731383,52841.799
4.19643248443412,0.0242319353260342,22.8530216176474,52847.002
4.19637481772122,0.0245257834596449,22.8473315040344,52852.174
4.19648508037734,0.0249071586903772,22.8487983768885,52857.346
4.19660752876703,0.0246925623281304,22.8568290681077,52862.518
4.19667180237,0.02557328940763,22.8495573857011,52867.69
4.19620648120793,0.0258346169529256,22.849750440847,52872.815
4.19651102609337,0.0244626970154552,22.8492605323594,52877.955
4.19636189484697,0.0237491867516843,22.8422225842476,52883.096
4.19631792317872,0.0224104465270767,22.8490167386395,52888.299
4.19655170777144,0.0237820252698219,22.8435998428995,52893.487
4.19641403049428,0.0201211003010075,22.840790302438,52898.674
4.19642168432747,0.026972199217322,22.8429470804491,52903.83
4.1966550903411,0.0250515671004267,22.8471091934938,52908.971
4.1964068547125,0.0240778296168183,22.8428683644385,52914.127
4.19670615028347,0.0248765306481085,22.8517195309604,52919.33
4.19633505055766,0.0276987892407905,22.8476258035415,52924.502
4.19652629773471,0.0259053176138492,22.8369688222522,52929.705
4.1964179147885,0.0256685574553947,22.8438063938532,52934.862
4.19649312407065,0.026904076184564,22.8359929549175,52940.533
4.19668707222215,0.0249617796318407,22.8443847881145,52945.705
4.19623475712409,0.0233176655364394,22.8475248683789,52950.908
4.19645294592406,0.0258213954825875,22.8485478084033,52956.096
4.19647940484006,0.0247490217275064,22.8506421262831,52961.268
4.19633203518938,0.0248130799238437,22.860037150595,52966.44
4.1965028500344,0.0297755357484983,22.8472852978652,52971.643
4.19669558914429,0.0207996396970056,22.8540626997419,52976.83
4.1966978257994,0.0235165513190542,22.8583078018235,52982.002
4.19659471014495,0.0196713975404828,22.8548094890905,52987.205
4.17032834428056,-0.00111028886143551,22.8612157085694,52992.283
4.18013493724726,-0.00496190732763471,22.894436458056,52997.362
4.18298907524445,0.00130769420971148,22.9068976388335,53002.44
4.18436753074426,1.55289171661185e-05,22.9280892741084,53007.549
4.18552225149305,-0.000665604002338824,22.9332796152537,53012.612
4.18601750282428,-0.00240133169493383,22.9315399161598,53017.69
4.18648008148875,-0.00160147317813749,22.9324130542114,53022.768
4.18683545017348,0.00186548724016568,22.9303517231516,53027.846
4.18742996057012,-0.000646658145864851,22.9308207220515,53032.955
3.68564724946967,-0.00238226096130167,25.1025203866926,53033.955
3.32741660288512,-3.82101844063806,25.1038782018987,53036.423
3.77524682692996,1.51424693888283,25.1929913019276,53043.408
3.81413250995195,1.51375256747212,25.2646007748283,53050.173
3.83108428899082,1.51346284084047,25.2882918972275,53056.939
3.84149190218639,1.5134936385088,25.3018104370778,53063.736
3.84918427283927,1.5122333976318,25.2895081221408,53070.47
3.85558350577766,1.51811440561368,25.2753220180863,53077.22
3.86084194919295,1.51438662894611,25.2743531944314,53083.955
3.86583037969967,1.51468325786525,25.2517644108205,53090.705
3.869580728934,1.50570182740836,25.2508810515335,53097.455
3.87424605297075,1.5128563868124,25.2341305408765,53104.189
3.87829500236505,1.51939582487384,25.2265713380464,53110.923
3.88178588400876,1.51793516769002,25.2139725602298,53117.658
3.88576955142676,1.51605086878877,25.2059110193453,53124.392
3.88923632673027,1.51563368177135,25.1906904822574,53131.111
3.89268972146952,1.51602244350515,25.1816366756903,53137.83
3.89598243920133,1.5153207957855,25.1688722974873,53144.564
3.89912029186296,1.51701982162386,25.16352579567,53151.283
3.90244306066345,1.51544855994251,25.1641689335117,53158.048
3.90530066548973,1.51515802136755,25.1592092368288,53164.783
3.9082954242276,1.51542778894024,25.1583770255798,53171.517
3.91131081461123,1.51573089506296,25.156907788899,53178.236
3.91426636615839,1.51657216257206,25.1558483211911,53185.017
3.91704697925954,1.51569802284176,25.1539666235815,53191.736
3.91963000580664,1.51606284147752,25.1415710478274,53198.517
3.92234517825819,1.5149241463331,25.1370771073057,53205.627
3.92517132033406,1.51828099086997,25.1374001200844,53212.517
3.92793562762641,1.51951645419843,25.1331855723731,53219.47
3.92996588125123,1.51706079128169,25.1310063582411,53226.377
3.93235699615333,1.51639630453754,25.136970710835,53233.283
3.93486077841826,1.51462396601613,25.1289826053493,53240.127
3.93718670379446,1.5171998189124,25.1259600150963,53246.97
3.93882861776587,1.51682145654881,25.1377575414648,53253.877
3.94119720438193,1.51128429324485,25.1306716507545,53260.783
3.94328606691891,1.51781482176624,25.1274176373735,53267.689
3.94547309277363,1.51377368765319,25.127184208302,53274.595
3.94700449302068,1.51727173789847,25.1379050127188,53281.423
3.94915290187123,1.51240893332897,25.1345393684461,53288.345
3.95094111762143,1.51460387830876,25.1408952205104,53295.252
3.95274543221111,1.51556625005829,25.1460416289484,53302.158
3.95428535302243,1.51357631744281,25.150508205285,53309.064
3.95573964592912,1.51429670405671,25.1407055846995,53315.97
3.9572313492994,1.51390446037367,25.1480160770595,53322.877
3.95892530965365,1.51474602871092,25.1569809928258,53329.783
3.96051385523637,1.51813157925654,25.1572098589989,53336.689
3.96214990304924,1.51603670043375,25.1621357567332,53343.564
3.96352361095706,1.51464232343893,25.1589714464448,53350.486
3.96475132417046,1.51679983396003,25.1692878841115,53357.392
3.96636630729266,1.51840694447402,25.1753244849741,53364.314
3.96769220849034,1.51445749301881,25.1694970766994,53371.205
3.96903438008145,1.51726481064588,25.1791855274279,53378.111
3.97024612134172,1.51537542243769,25.1851223959353,53384.97
3.97177230820582,1.51448896428119,25.1924083181831,53391.83
3.97315979704604,1.51397836788025,25.1976858183922,53398.767
3.97414558551905,1.51435829114801,25.2089876156472,53405.642
3.97540804348747,1.51350231308072,25.2065893995055,53412.58
3.97667700407633,1.51391866896932,25.2181219555957,53419.455
3.97811181787542,1.51254514022459,25.2187553833255,53426.377
3.97908703011944,1.51844136824353,25.2274952208348,53433.283
3.98046396476796,1.51323517426601,25.2286583098228,53440.158
3.98128681610686,1.51481106539626,25.234117822762,53447.033
3.982605715423,1.51481604980671,25.2334358154951,53453.908
3.98359177562701,1.5137091924278,25.2415954039675,53460.752
3.98464451974295,1.51314905745654,25.2408724609046,53467.658
3.98582846856213,1.51295995057524,25.2576168406129,53474.502
3.98665627755496,1.51709797075117,25.2613286351561,53481.408
3.98773053747551,1.51320374848749,25.2788105064336,53488.252
3.98908268256512,1.51606408633196,25.2867632373889,53495.158
3.99005891744301,1.51532984644763,25.2884271406776,53502.002
3.99077518859583,1.51681366492215,25.2932029048804,53508.908
3.99178405669407,1.51578530417918,25.3054945216988,53515.736
3.99294928741842,1.51586174056647,25.3083887886357,53522.627
3.99372230460725,1.51393140682852,25.3041777297111,53529.486
3.99483536904153,1.51610862915059,25.3168870194557,53536.361
3.99565643473547,1.51642895926279,25.3224817157434,53543.205
3.99644884152345,1.51688457548723,25.3311140551687,53550.048
3.99760246331184,1.51540946313732,25.3387736783391,53556.97
3.99859825021031,1.51641668436424,25.3480314004644,53563.845
3.9992252009553,1.51729312852564,25.3521221265345,53570.673
4.00058469829909,1.51583432282677,25.3684028010209,53577.548
4.00126997125836,1.51848313047797,25.3634200466711,53584.361
4.00233772182544,1.51577125888864,25.3839447412012,53591.283
4.00322441536093,1.51696363179519,25.3886182457162,53598.127
4.0042155586587,1.51481940683532,25.4021206856288,53605.033
4.00506563327464,1.51459670627198,25.4020203651968,53611.939
4.00604309551746,1.51265569903676,25.4156632417045,53618.752
4.00700244457875,1.51704794129568,25.4168310518473,53625.627
4.00819591729914,1.51492462044323,25.4341640911155,53632.47
4.00865081817815,1.51363825834998,25.4298477444783,53639.392
4.01004155752552,1.51696296596242,25.436711231331,53646.283
4.01095981995466,1.51749291179792,25.445938680667,53653.189
4.01204073784119,1.51435044218196,25.4679632403084,53660.017
4.01284579280063,1.51488528367342,25.4629846719915,53666.845
4.0136167527734,1.51333477491357,25.4697699480828,53673.72
4.01449419024951,1.51040786254925,25.4785459433524,53680.673
4.01580906002183,1.51592774115216,25.49765361829,53687.517
4.01670632026755,1.5129311816574,25.49225244381,53694.392
4.0176000735036,1.51765080412575,25.5054515495271,53701.252
4.01837024757025,1.5146662827217,25.5160800083323,53708.127
4.01961407728808,1.51335016282833,25.5214211095457,53714.939
4.02056540923429,1.5175925409401,25.5321572283538,53721.814
4.02139065271562,1.51520364055929,25.544697243474,53728.642
4.02220925341512,1.51432218872405,25.5436488961108,53735.517
4.02352358138518,1.5171111194997,25.5646329484306,53742.423
4.02434437086301,1.51687119209326,25.5592270455638,53749.267
4.02556811291707,1.51455524991581,25.5748630487819,53756.205
4.0263376287581,1.51770638221351,25.5852754476875,53763.142
4.02682806037442,1.51806439253005,25.5912416764648,53769.986
4.02816183708553,1.51710340942504,25.5949489665718,53776.83
4.02903947430733,1.51684651954359,25.615803846641,53783.705
4.03011902891448,1.51687907831327,25.6171399961478,53790.517
4.03103861742425,1.51405940401581,25.6228689581832,53797.408
4.03218735479788,1.51471910835681,25.6258079147333,53804.314
4.03276243000778,1.51559609724129,25.6475636177974,53811.252
4.03410642343673,1.51691625324609,25.6542538067574,53818.158
4.03462919996308,1.51631645967537,25.6561986875307,53825.017
4.0356892824563,1.51240081588607,25.6717670320327,53831.939
4.03674950421731,1.51636989354359,25.6770527793946,53838.845
4.03773239836476,1.51687931392439,25.685902833063,53845.689
4.0387285202591,1.5150516653529,25.7008883942412,53852.595
4.03929803735965,1.51733588668122,25.7072508765401,53859.423
4.04033925398962,1.51605681484374,25.7123389855721,53866.33
4.0414488633746,1.51708764911456,25.7219312296086,53873.158
4.0423648227003,1.51412641647727,25.7395900845571,53880.002
4.043281995258,1.51595878181268,25.7447720904903,53886.908
4.0444701150978,1.51462455447441,25.7560494047381,53893.736
4.04512273107678,1.51802557255941,25.7631128265845,53900.595
4.04589982912601,1.51069370247701,25.7648309979995,53907.533
4.04716139605613,1.51453969858249,25.7847655517632,53914.423
4.0481192969354,1.51730391633194,25.7937165643669,53921.33
4.04920845313862,1.51477827031617,25.8028020526373,53928.173
4.04984639580932,1.51704053559124,25.8185292263286,53935.048
4.05084776609749,1.51509278483376,25.8329913972428,53941.908
4.05195360503749,1.51439621482915,25.839822940006,53948.783
4.05283127208908,1.51504361739183,25.8502671711901,53955.611
4.05395150556252,1.51506510604357,25.8591773591955,53962.486
4.05473292914211,1.51568083029548,25.8733173414806,53969.298
4.05605253555718,1.5175322775691,25.8799466570969,53976.189
4.05692074013822,1.51524300391679,25.8865822547914,53983.064
4.05769290621615,1.51664739971372,25.9071941086115,53989.892
4.05850108413027,1.51481355278057,25.9216758699469,53996.798
4.05971172453761,1.51569149822112,25.9301406927053,54003.658
4.06046117847608,1.51542297903579,25.931320134221,54010.47
4.0616831876439,1.51704727837023,25.943129372888,54017.361
4.06272151260596,1.51448402472664,25.9570535943122,54024.173
4.06361619034472,1.51637780939131,25.9740158074652,54031.048
4.06458356732438,1.51503659038937,25.984379410375,54037.892
4.06576391701488,1.51505641377211,25.997168443534,54044.798
4.06663019171037,1.51549204889781,25.998489456512,54051.658
4.06759133998803,1.51603361500814,26.0016568490687,54058.58
4.06848067339933,1.51581554139127,26.0203055659427,54065.439
4.06966339192544,1.51676980367391,26.0427393846536,54072.345
4.07065531511942,1.51536849248128,26.0393668869296,54079.189
4.07184135522318,1.51676486006235,26.056483809941,54086.064
4.07269211454855,1.5150861866343,26.0697640479334,54092.908
4.07372304441103,1.51501769733693,26.0798922205667,54099.783
4.0747246672218,1.51421245430199,26.0978670572583,54106.642
4.07565078542779,1.51845947694992,26.1036786031663,54113.455
4.07703190893991,1.51759284369479,26.1099591329173,54120.33
4.07773979949716,1.5181232191518,26.1354413537167,54127.158
4.07888740635397,1.51575380519401,26.1419525522837,54134.064
4.07992796440977,1.51662194335211,26.1448067135483,54140.908
4.08115981240522,1.51717965384141,26.1662934530211,54147.783
4.08224949149906,1.51503894703976,26.177622283348,54154.611
4.08299847202449,1.51548607729429,26.1757208865993,54161.486
4.08417617014851,1.51421134479077,26.1947427046985,54168.314
4.08540998620968,1.51555309407471,26.1989576980557,54175.189
4.08628954669127,1.51731105276472,26.2065685955638,54182.033
4.08749018465128,1.51785870363409,26.2210985283018,54188.877
4.08836913750902,1.5160448832023,26.2415434634665,54195.752
4.08952391604752,1.51561263965643,26.2373216330173,54202.595
4.09074406113691,1.51417740500456,26.2639732477236,54209.517
4.09191165603978,1.51677618035628,26.2686706298272,54216.33
4.09310874576556,1.51754974390943,26.2732122145981,54223.22
4.09416556225834,1.51597236588695,26.2871238217627,54230.033
4.09516028366131,1.51417088895037,26.3042796298204,54236.923
4.09639109752911,1.51343974415941,26.3090641183423,54243.752
4.09724182552576,1.51499106637759,26.3193392007805,54250.627
4.09862213500705,1.51743071797162,26.3393546143951,54257.47
4.0996406891584,1.51525365259331,26.3554883268148,54264.345
4.10075333233921,1.5169333983931,26.3665070084805,54271.205
4.10224914468515,1.51897015406681,26.3816167240562,54278.08
4.10296642004581,1.51494279762912,26.3890818979361,54284.923
4.10445255891723,1.51573228079654,26.4136944536981,54291.798
4.10547336516137,1.51858600352819,26.4188366154562,54298.673
4.10663858866091,1.51376127600845,26.4329542414505,54305.548
4.10771052624275,1.51398278705916,26.4547797044425,54312.392
4.10920074453759,1.51594018441617,26.4680957300155,54319.283
4.10997871819224,1.51390909768207,26.4790871467969,54326.111
4.11137288251571,1.51492775650274,26.4820177662391,54333.002
4.11245453256542,1.51579031786743,26.5011514969274,54339.845
4.11376059179941,1.51668635194886,26.5092027882637,54346.767
4.11456661688394,1.5130620073937,26.5207383260728,54353.595
4.11597718036458,1.51549469760089,26.5331352894467,54360.486
4.11731751196606,1.51279671665223,26.5548864152361,54367.33
4.1185354869393,1.5157914869121,26.5717306266714,54374.236
4.1195774006918,1.51845329530899,26.5821618650133,54381.08
4.12096950018781,1.51577864102788,26.5970283694534,54387.97
4.12208568211372,1.5138801155244,26.6012655405357,54394.798
4.1233194349959,1.51198754186834,26.6188334897186,54401.673
4.12450660342998,1.51701308166225,26.6366606876157,54408.517
4.12592849117381,1.51500241660384,26.6502302996988,54415.377
4.12726455173796,1.51837324255926,26.6672747712499,54422.252
4.1284025921595,1.51621448708617,26.6741211273525,54429.142
4.12955018702509,1.51463995810987,26.6959407145138,54436.017
4.13071787301656,1.51531791631677,26.7098112685186,54442.845
4.13225353549142,1.51632598652397,26.71696684734,54449.736
4.13345180786583,1.51516364798218,26.7321346599235,54456.564
4.13448501292064,1.51595052799619,26.7444791340855,54463.47
4.13569436314907,1.51588283484164,26.7617673998316,54470.298
4.13694696557685,1.51397534716586,26.782979467393,54477.173
4.13831278396214,1.51425772429294,26.7965414618832,54484.002
4.13945412099038,1.5129894149637,26.8045135868905,54490.892
4.14107326968805,1.5154246887089,26.827030193381,54497.72
4.1419148396012,1.51707894292207,26.8270964158548,54504.642
4.14337753731082,1.51877524097472,26.8530696483558,54511.47
4.14462853529185,1.51655661827728,26.8674984439254,54518.361
4.14584794224159,1.51376240035361,26.8767222429482,54525.205
4.14730508003133,1.51698632783309,26.8924822715217,54532.08
4.14843239529476,1.51430417258557,26.906035335996,54538.923
4.14983019681117,1.51529973945016,26.9227514039654,54545.752
4.15124837020046,1.51421308330723,26.9457822264986,54552.673
4.15245098960309,1.51816267536509,26.9605978602047,54559.486
4.15358632597915,1.51331451359442,26.9761608526482,54566.377
4.15488611446147,1.51601513311139,26.9881599088216,54573.205
4.15633028691705,1.51689169894492,27.0134659506625,54580.08
4.15744804485859,1.51662772924626,27.0068282045491,54586.908
4.15870718194637,1.5148298537145,27.0362244614155,54593.83
4.1600436095696,1.51637945495637,27.0534783239717,54600.658
4.16140716260707,1.51723999609857,27.0665579620156,54607.533
4.16273296501261,1.51707283264219,27.0848741442881,54614.377
4.16391596899479,1.51687528984146,27.097308242676,54621.267
4.16530784100481,1.51652202329492,27.1207761444385,54628.111
4.16657916675381,1.51551156082745,27.1404875622317,54635.002
4.16794110220358,1.51974239016207,27.156669116511,54641.892
4.16913223499076,1.51546129345241,27.1639428791726,54648.736
4.17030108131438,1.51684262013752,27.1831422974802,54655.658
4.17146591965775,1.5135223500092,27.2035425576908,54662.486
4.17278138833132,1.51148149525524,27.2205778824052,54669.377
4.17428687411332,1.51919667943676,27.2319987661823,54676.205
4.17537544946447,1.5164076363752,27.2505889435578,54683.095
4.17688704216007,1.51594079369194,27.2631384198717,54689.939
4.17779694171886,1.51820706336085,27.2825492112549,54696.83
4.17927886400552,1.51534630454564,27.3076441416904,54703.689
4.18055184515945,1.51495024417553,27.3182925422099,54710.58
4.18195627823418,1.51575294609562,27.3348845407535,54717.408
4.18328015125193,1.51543868790943,27.3593118985284,54724.298
4.18437841120005,1.5165147540527,27.3847715137368,54731.127
4.18596076634067,1.5183545550996,27.3957112332854,54738.017
4.18680743137865,1.51359515607485,27.4222274969643,54744.861
4.18833800014424,1.51443639798814,27.438248665017,54751.767
4.18928023959607,1.51732470936776,27.4599911225313,54758.595
4.19073434308686,1.51624817347419,27.4785978472215,54765.502
4.19201886617521,1.51189270065622,27.4891250776998,54772.392
4.19322336518893,1.51350598810502,27.5130608304125,54779.236
4.19426617642248,1.51811850368437,27.5287035937278,54786.127
4.19548468686825,1.51762794469235,27.5546321633952,54792.955
4.19677091904865,1.51559158621187,27.5691774567827,54799.877
4.19810532103377,1.51607082943587,27.5816922454652,54806.736
4.19915756955851,1.5174061637906,27.6112850189891,54813.564
4.20034281750224,1.51711774176714,27.6273794523867,54820.47
4.19824023998472,1.48237524602449,27.6438266509523,54827.752
4.19896679883888,1.48082604641518,27.6741068735084,54834.673
4.19951055409839,1.48139450264757,27.6931870781812,54841.673
4.20048169415276,1.47883693657162,27.7028452789184,54848.658
4.20006948495235,1.46576809932637,27.7267854470451,54855.642
4.20005004604862,1.45915165404949,27.7475866809026,54862.627
4.19969163344598,1.44533952242338,27.762739394682,54869.611
4.19923993759779,1.43419943211682,27.7828689965421,54876.548
4.19986749838933,1.4350655200981,27.7938497641328,54883.533
4.19953570247233,1.41827470210835,27.8065941365596,54890.533
4.20006976185574,1.42196620815205,27.8256143772972,54897.517
4.19975779387752,1.40861463656614,27.8478442320284,54904.502
4.20048853070778,1.40806957970573,27.8736435945679,54911.502
4.2007792202699,1.40978350555637,27.8854527415454,54918.533
4.20082497013863,1.39809080057692,27.9003434457874,54925.548
4.20002768486123,1.38627981469313,27.9246630914577,54932.533
4.20061782014851,1.38775917406033,27.9350338147359,54939.517
4.20029857692262,1.37626850558703,27.9486279457995,54946.517
4.19980517522356,1.3673099109986,27.970813198728,54953.502
4.20020377160302,1.36460723367395,27.9900250376652,54960.627
4.20062616124415,1.36210156165377,28.0079939232956,54967.658
4.20055625220521,1.35191193993777,28.0139299427714,54974.689
4.20003188243193,1.34160309648961,28.0365178707277,54981.72
4.20042954275326,1.33970391908757,28.0542648168278,54988.736
4.20132667146328,1.33721657649785,28.0604419374316,54995.783
4.20064542998617,1.32638100617542,28.0785067230931,55002.798
4.20019258941768,1.31859027264723,28.0867191362515,55009.814
4.19993894386499,1.30835222993919,28.1099340127397,55016.83
4.20018199183947,1.30411283588098,28.129118420287,55023.845
4.20061438237046,1.304016771133,28.1420023383067,55030.861
4.20025547932093,1.29420357937779,28.1583731875472,55037.861
4.20066025879551,1.29400806649439,28.1631207760865,55044.877
4.20059061445586,1.28098012828493,28.1712303925293,55051.908
4.20032842808607,1.27212538138477,28.1798519828866,55058.908
4.19974212002191,1.27744846606723,28.1865198440014,55065.923
4.20088098387772,1.27030885038756,28.1995032016386,55072.923
4.20056509657744,1.26185585373405,28.2088010071138,55079.923
4.20010968229729,1.25254370505486,28.2137720695643,55086.908
4.20097991622716,1.24946909194911,28.2246379442863,55093.908
4.20024210329801,1.23703845219648,28.2337866819168,55100.908
4.20061079250701,1.23865237756194,28.2476158488827,55107.908
4.20134784576738,1.23356107895964,28.2552425872572,55114.892
4.20173078398807,1.23408125923506,28.2476583083259,55121.892
4.2015269399026,1.22514710684401,28.2501572948378,55128.908
4.20113042298702,1.21167203884088,28.2640922604247,55135.923
4.20201225379158,1.2074996509851,28.2668941360008,55143.345
4.20151505508557,1.19864180922917,28.274625626307,55150.423
4.20088735772704,1.19051150027199,28.2872776051866,55157.564
4.20074541075985,1.17982922056437,28.2813248793816,55164.658
4.20084149990975,1.17659287122685,28.30050108654,55171.752
4.20166390155569,1.17563589998576,28.2916351745171,55178.83
4.20136170196114,1.16681195378879,28.3003585348734,55185.986
4.20087933932471,1.15688806636677,28.3098768037278,55193.064
4.2014349214386,1.15537374652126,28.3086319276105,55200.142
4.20171690574164,1.15346136439448,28.3051472893955,55207.22
4.20153309721093,1.13597593404309,28.3013045357203,55214.627
4.20146914498705,1.13164377233507,28.2977067540511,55221.877
4.20100379545135,1.12167031294579,28.3133250542536,55229.111
4.20166218397355,1.1210914741305,28.3082664718168,55236.314
4.20050063884633,1.09746357694652,28.3097844345975,55243.533
4.20048420332826,1.09741397462361,28.3067645548006,55250.72
4.20129120281405,1.09843743703043,28.3056838538796,55257.97
4.20202517632431,1.09369033461553,28.3063956683332,55265.22
4.2006532537755,1.07754603423381,28.2907966402976,55272.408
4.20156178015139,1.07388463002095,28.3000718701652,55279.673
4.20094065483108,1.06733975354331,28.2899206056587,55286.923
4.20123855304631,1.06492422501632,28.2852078275662,55294.095
4.20187587144385,1.06294414360894,28.2860612701849,55301.345
4.20183699684467,1.04807640023305,28.2774463421781,55308.627
4.20094038484509,1.04083267461021,28.2714354621248,55315.83
4.20121298141897,1.02974155788637,28.2686590056108,55323.08
4.20036952927146,1.02064982457479,28.2551056649294,55330.314
4.20098602786632,1.0157728447487,28.2463532933012,55337.502
4.20087320313109,1.00653111126987,28.2415080234462,55344.736
4.20105600961617,1.00790458727157,28.2453129657927,55351.923
4.2018363306821,1.00420459994484,28.2302367967559,55359.158
4.20049097370323,0.983519521697791,28.2197557088419,55366.33
4.2011106926476,0.986752544366662,28.2166851869006,55373.58
4.20119117001417,0.982336232918049,28.2075236866535,55380.83
4.20197024337055,0.983765684020421,28.2050297777065,55388.017
4.20274944441549,0.98089926195556,28.1901076248672,55395.298
4.20172445610745,0.955407766636319,28.1865195732232,55402.533
4.20084008864131,0.947837152533506,28.1776482820382,55409.72
4.20050742804043,0.938913576391811,28.1662166088563,55416.97
4.20068414303969,0.937485262736402,28.1541368874757,55424.22
4.20144952597767,0.939284516561226,28.1544259354256,55431.408
4.20160029453595,0.937480451875733,28.1344481238057,55438.658
4.20174863378805,0.923881553664621,28.122179746148,55445.83
4.20125826369573,0.911838978155956,28.1158988295629,55453.08
4.20053768547569,0.899744177494435,28.0909520615114,55460.314
4.20024965142943,0.891952779964708,28.0788343899771,55467.517
4.20058909495426,0.892226788610792,28.0681226892818,55474.752
4.20088136075345,0.896557958050446,28.049413583536,55481.939
4.20131154222135,0.890747959913586,28.0331227072702,55489.205
4.20181715264289,0.892242307214014,28.032838864347,55496.47
4.20243551812002,0.88810039183333,28.0209236048652,55503.642
4.20288022603743,0.887864007474887,27.9996923927509,55510.892
4.20252156613479,0.877859335244007,27.9858282854427,55518.127
4.20248731022286,0.867302323352098,27.9821271088664,55525.345
4.20154662927986,0.853250804968386,27.9640785513397,55532.564
4.20230943787914,0.853269664982496,27.9539703990013,55539.752
4.20222249798899,0.85202190138463,27.9420216283881,55546.986
4.2020019116819,0.84298758728681,27.9219699987737,55554.158
4.20254030575944,0.845331955020547,27.9031902902365,55561.392
4.2028984347345,0.839322756382753,27.8940309645387,55568.595
4.20241234316777,0.831952257395879,27.8764837483916,55575.845
4.20286353549273,0.829107002977973,27.8631382153735,55583.095
4.20324063361582,0.831581597888016,27.8464826242296,55590.267
4.20181324716894,0.808236822628822,27.8322422916773,55597.502
4.20121023870118,0.795334489176139,27.8155459339992,55604.752
4.20148180394042,0.798420714786402,27.7892570082154,55611.923
4.20153160065423,0.798070780720715,27.7869837251691,55619.173
4.2008872678496,0.78771595763341,27.7694765369043,55626.345
4.20075813667481,0.77586527254816,27.745148288311,55633.58
4.20009432697304,0.765757372301429,27.7309446082404,55640.752
4.19934288213089,0.756556038771644,27.7171615796239,55648.002
4.19910742226128,0.75810763266123,27.6953683738323,55655.252
4.19938823210986,0.754656359160951,27.6796061034968,55662.423
4.19989755218675,0.756133190485139,27.6494383385637,55669.658
4.19923416128566,0.743379118601806,27.6414649530928,55676.845
4.19951654528614,0.745447279833901,27.6216224732918,55684.08
4.19902134312104,0.735827433716853,27.6118956551379,55691.33
4.19801008954471,0.724540175662803,27.5945142086127,55698.533
4.19762826198069,0.713745282424931,27.5762507884526,55705.767
4.19759077733275,0.715430357100611,27.5612931985031,55712.97
4.19761946060599,0.715293919988029,27.540421828382,55720.22
4.19790284422316,0.713822585635063,27.5192596105786,55727.47
4.19820890174377,0.713315008683331,27.508676839576,55734.642
4.19862288852891,0.712432732655022,27.4932260113882,55741.892
4.19806702716985,0.701855551987907,27.4767926865951,55749.142
4.19841068508028,0.703870946094101,27.4500370646273,55756.314
4.19833801104362,0.697675657142743,27.4389202819713,55763.548
4.19877089179665,0.699186667259469,27.4187638989937,55770.736
4.19807692025674,0.689809329842786,27.4010100977886,55777.955
4.19730441918643,0.680143017668386,27.3851525653713,55785.127
4.19730504073094,0.681650018536616,27.3745231826545,55792.361
4.1978441685117,0.67744554437155,27.3563847634754,55799.564
4.19811443974599,0.678939221886279,27.345880477369,55806.814
4.19875006171576,0.679156700039075,27.3212463158332,55814.064
4.19796694936463,0.668449671605335,27.3021745169068,55821.236
4.19705242458034,0.65914098344714,27.2874572921578,55828.486
4.19714088817215,0.658162673131882,27.2590960102624,55835.736
4.19775565036037,0.657549310895566,27.2496424868574,55842.908
4.19784629450421,0.658369921796947,27.2388582312888,55850.142
4.19816757348668,0.653042341796915,27.2289195858418,55857.33
4.1981360875548,0.657213318780118,27.2058231629281,55864.564
4.19859509812611,0.654753545074528,27.1862916842834,55871.752
4.19840569330895,0.644945355905997,27.1681583827991,55879.002
4.19856193834646,0.645899972410121,27.1555226483111,55886.252
4.19778078767644,0.632372818561884,27.121775698827,55893.423
4.19790051456583,0.632940870020848,27.1215220119035,55900.673
4.19816862107085,0.63115071854515,27.0969050124725,55907.861
4.19822060468413,0.634236312997967,27.0821520034731,55915.111
4.19866485410822,0.633216793369499,27.0693507750593,55922.361
4.19820907525406,0.621302837916941,27.053996030301,55929.548
4.19839343191586,0.619871044724173,27.0429425027314,55936.767
4.1985883942782,0.620782515646393,27.02813915614,55943.955
4.19807077745266,0.609541949077309,26.9985110652169,55951.205
4.19810173036802,0.610251741734182,26.9777712502029,55958.455
4.19829150518508,0.610724776268292,26.9630112186286,55965.627
4.19879120505181,0.60858884146623,26.9473548379149,55972.892
4.19803881493224,0.599136651982031,26.938379253722,55980.08
4.19786816610849,0.598587692862978,26.9304505872366,55987.314
4.19830014803199,0.595517330142007,26.9193189200874,55994.564
4.19838416819491,0.595216807171097,26.8892345174575,56001.752
4.19900486314615,0.597185540473981,26.8773646445029,56008.986
4.19826863081236,0.587847844927509,26.8563615336178,56016.158
4.19853310459609,0.586901156297961,26.8400524807978,56023.408
4.19864874890003,0.587771245381089,26.8236896438392,56030.658
4.19896630781454,0.585326688063074,26.808924010372,56037.845
4.19921654015082,0.584852077002557,26.8019926152379,56045.08
4.19958745086144,0.58401986268937,26.778184667385,56052.252
4.19880635770291,0.574732700235447,26.7572809831893,56059.502
4.19823866719873,0.564012677713678,26.7337418564937,56066.752
4.19811907388747,0.562392882026014,26.7228950381545,56073.923
4.19860907365979,0.562114333232914,26.7043468203653,56081.173
4.19787961095811,0.55302067551164,26.6949077421714,56088.345
4.19789250868929,0.554946208816381,26.684033012738,56095.58
4.19807739710343,0.552659787286546,26.6661235851789,56102.767
4.19824954160849,0.553711321835004,26.6575016143017,56110.017
4.19848942930073,0.552284745115869,26.637379954215,56117.189
4.19865751927055,0.55326115333906,26.6144869590372,56124.439
4.19796849376314,0.539976310610216,26.5959751336422,56131.627
4.19832557336465,0.543660733529089,26.5860786349827,56138.814
4.19846569155347,0.541679230552861,26.5781862532343,56146.048
4.19867343771646,0.541987338835986,26.5597029073415,56153.252
4.19809434240359,0.53006482216759,26.5404791578967,56160.486
4.19785705600994,0.532592292436678,26.5282163431315,56167.705
4.19813441569739,0.529808435685714,26.5104677756404,56174.877
4.19847903742411,0.528258731514257,26.4884738600557,56182.064
4.19864982830707,0.527561338859946,26.4744792819085,56189.361
4.19892190616802,0.528981840160232,26.4665608861369,56196.611
4.19927981066966,0.527796691873007,26.4489872972526,56203.845
4.1993484781009,0.526958796531688,26.4308834573658,56211.095
4.19974178288622,0.528580563001672,26.4196627564483,56218.283
4.19876447700572,0.514996979267089,26.4038359180531,56225.517
4.19811058803704,0.505779524598897,26.3894527871602,56232.705
4.19837961583627,0.506100266748644,26.3797053025448,56239.955
4.19836537815555,0.504280313574691,26.3729379637739,56247.205
4.19842096473095,0.504447113077905,26.354660649009,56254.392
4.19873952670974,0.504205973037398,26.3358545741993,56261.642
4.19890954824034,0.504728463866352,26.3186211293926,56268.83
4.19932174562884,0.504872716177796,26.305967992919,56276.064
4.19950649652347,0.503505246119595,26.2861928162991,56283.252
4.19971490196298,0.503308659356011,26.2704422127499,56290.502
4.19912383873417,0.492430552055855,26.2539581043156,56297.752
4.19840537139779,0.480939436100821,26.2427467558931,56304.939
4.19844445527985,0.485216960829304,26.2286756402383,56312.189
4.19816660234752,0.482078292220022,26.2181527878342,56319.377
4.19867752711248,0.483365272236696,26.2019150819767,56326.627
4.19875336291901,0.481133125212447,26.1959977134401,56333.877
4.1991690090099,0.481913837196833,26.1710833470203,56341.064
4.19919713366855,0.478844757901967,26.1629629987875,56348.314
4.19920696052359,0.481466569871987,26.1461017050661,56355.502
4.19957529377605,0.481757041984705,26.1321146583804,56362.752
4.19890622528005,0.468173264228961,26.1260055459055,56370.033
4.19895379852763,0.468385709461436,26.1133948777666,56377.22
4.19908685222003,0.468245872051776,26.1025729406599,56384.502
4.19907124196356,0.467655233380066,26.0849011247112,56391.752
4.1998240207516,0.465038943085496,26.064012288112,56398.939
4.19870220416136,0.457707977868967,26.0484594996794,56406.173
4.19914164478281,0.455493296041727,26.044878759604,56413.423
4.19899188070277,0.463415951701122,26.0249362892695,56420.627
4.19923005035851,0.458667345475587,26.0101579643681,56427.908
4.19929748478867,0.456211540101677,25.9881732665247,56435.158
4.19999336270343,0.457615588915912,25.9871399383418,56442.33
4.19861185330184,0.451292056917654,25.9790841006235,56449.58
4.19907862096312,0.447640941520951,25.9540096485357,56456.83
4.19912372365978,0.447477543259428,25.9446263274935,56464.002
4.19933112357396,0.446305182706257,25.929169089123,56471.252
4.19930076636864,0.446613054990053,25.9203622282465,56478.439
4.19988177516926,0.446401720386381,25.9044192373879,56485.689
4.19908278613517,0.436500644972589,25.8830876831172,56492.923
4.19821061608328,0.424321858219604,25.8759809134827,56500.111
4.19810239181764,0.426651458443143,25.8653894930372,56507.345
4.19822096948218,0.424793542595793,25.8530847546604,56514.533
4.19819007136142,0.425317209848573,25.8443785109056,56521.783
4.19858550294204,0.425677202352315,25.839513373211,56529.033
4.19855806141498,0.424777745718263,25.8178703018924,56536.22
4.19864120662782,0.426149395148597,25.8012366943598,56543.47
4.19903718539226,0.424447549448591,25.7985340373967,56550.658
4.19928156981002,0.425169364934544,25.7791216811098,56557.892
4.19941359358261,0.421273486249,25.7721990110759,56565.08
4.19944645665381,0.423820397400617,25.7614019160311,56572.345
4.19984393369055,0.421794988711559,25.7462324742335,56579.595
4.19911408555258,0.413157393880494,25.7346497566133,56586.783
4.19899649718221,0.409795850621168,25.7183181227195,56594.033
4.19924560813053,0.412699726423251,25.7102305619846,56601.22
4.19930422348624,0.410402229671392,25.6996725433991,56608.47
4.1995120970925,0.410812549763888,25.6789415772093,56615.72
4.1997283232584,0.41070445978279,25.6611767917326,56622.908
4.19896018526587,0.397401849021795,25.6615576340261,56630.142
4.19911995079137,0.399181669239199,25.6470334736635,56637.33
4.19909614649632,0.398817518580828,25.6404412791296,56644.58
4.19934126710576,0.400505080033975,25.6293502119463,56651.861
4.19956088955216,0.397413577890721,25.6174440846504,56659.048
4.19873334521515,0.390269234995135,25.6080694634249,56666.314
4.19863088187367,0.389559935755419,25.5975732138159,56673.564
4.19890190404304,0.389688364413648,25.5754535744809,56680.752
4.19900257666287,0.392424356488118,25.5625914683694,56688.002
4.19933971933338,0.388886091640631,25.5514947159176,56695.189
4.19921081000561,0.387606884106427,25.5431292566513,56702.439
4.19938849980683,0.38726537477333,25.5376560984354,56709.689
4.19950603882294,0.387910388594024,25.5147306098502,56716.877
4.19977968421611,0.387688277356703,25.514650971309,56724.127
4.19900436011533,0.378013400364632,25.4953359458162,56731.314
4.1991099323646,0.377453864297203,25.4835664493531,56738.548
4.1992348035219,0.375238848153588,25.4751726989324,56745.814
4.19923595830273,0.374859052627063,25.4737135648915,56753.017
4.19971786084417,0.374601869801183,25.4647260415187,56760.267
4.19872009801028,0.368853156539903,25.4495847265282,56767.455
4.19875743554218,0.368916967155678,25.4405689906132,56774.72
4.19895400705438,0.367236223438795,25.4196699512551,56781.97
4.1990726015763,0.366097935260719,25.4093733446043,56789.158
4.19912764800995,0.365806288839504,25.3952064101994,56796.392
4.19906472712349,0.364841773516178,25.3901543052917,56803.58
4.19941290524177,0.36556239581765,25.3836051206485,56810.83
4.19942307835925,0.362663388113996,25.366775187353,56818.095
4.19987826982093,0.366630125794084,25.3601658819034,56825.298
4.19886568726552,0.357881267620357,25.3522135643092,56832.548
4.19870188821245,0.356413813157472,25.3407527874164,56839.798
4.1990178827662,0.354232875206339,25.3319630980679,56846.986
4.19934627229739,0.356394240910135,25.3129699885037,56854.236
4.19908740627555,0.356459275216954,25.3102002237321,56861.611
4.19919149719266,0.355508126915832,25.2954397112353,56868.861
4.19937619755981,0.354411411260803,25.2866443894147,56876.205
4.19967255824299,0.355166967218747,25.2753917918023,56883.455
4.1999997805411,0.354318141754208,25.2810622751249,56890.814
4.19997152103851,0.352166862610941,25.2687727079288,56898.002
4.20012331415448,0.353058681834456,25.2528609722481,56905.283
4.20019315166419,0.351504356169609,25.2522034592048,56912.564
4.2004969704327,0.351232644770735,25.2333448737621,56919.908
4.20062106291811,0.352988230421261,25.2217744467876,56927.111
4.19997044976637,0.341053993837401,25.2160179612639,56934.392
4.19889576812776,0.32887251160796,25.2146616047004,56941.627
4.1990309096567,0.331843595284161,25.1953711493623,56948.986
4.19896214818436,0.331075206731169,25.1917274464448,56956.173
4.19912124774363,0.331474814121415,25.1750452529966,56963.47
4.19915724312835,0.331159316801183,25.1679192477351,56970.705
4.19940974568942,0.329930730474926,25.1642496680438,56978.064
4.19952467558488,0.328582252842298,25.1628902450524,56985.252
4.19960603538467,0.331266895455349,25.1540373037606,56992.548
4.19963239021888,0.331285003620879,25.14054846464,56999.798
4.19981286495371,0.329529851473083,25.1269980211135,57007.142
4.1998265195289,0.329982836240972,25.1142866791301,57014.33
4.19992544353691,0.327251200038405,25.1073107129055,57021.642
4.20024994949153,0.328980677028821,25.1083018927085,57028.892
4.20043151474031,0.328311691012765,25.0945404140631,57036.267
4.20042691137563,0.32858014989584,25.0871083937043,57043.47
4.20071320241876,0.328814349899864,25.0795780722199,57050.767
4.20010843341048,0.319300412226068,25.0661780264062,57058.002
4.19928344795175,0.311251241969503,25.0607326896391,57065.345
4.19912901828791,0.310672470239193,25.0540752096208,57072.533
4.19898071176383,0.309599862765784,25.0495580116832,57079.845
4.19930401680745,0.30809182797223,25.0386968416278,57087.08
4.19922390339268,0.306468985358883,25.0212973877333,57094.517
4.19936165722294,0.305873010127203,25.0190361032336,57101.814
4.1992989974193,0.308731382530941,25.0134724921068,57109.205
4.19950002812232,0.307658287073018,25.0027806612436,57116.502
4.19959763418461,0.305234011607152,25.0004056273362,57123.877
4.19891395226407,0.297210255687671,24.992496789681,57131.173
4.19916980492936,0.296504063858369,24.9797154605272,57138.548
4.1988386870935,0.298538462273329,24.976772357061,57145.752
4.1986593386061,0.297247183682635,24.9732643399996,57153.064
4.19916195268687,0.298420142864686,24.9692865677982,57160.33
4.19894930960598,0.299378530041667,24.954073901048,57167.689
4.19881551862907,0.30163242994724,24.9502369558983,57174.955
4.19936950557867,0.296939474705913,24.9404147315816,57182.314
4.19940808520345,0.298725597267045,24.9368447993552,57189.502
4.19969366787041,0.294788211995326,24.9321708744074,57196.814
4.1994362786925,0.294868767972685,24.9260229552449,57204.064
4.19965254500448,0.295143555831532,24.9206536928612,57211.423
4.19980166387008,0.295440921246883,24.9026020670741,57218.611
4.19982873548839,0.297256404528665,24.9105018495228,57225.908
4.20001979204909,0.293946417278534,24.8971531214096,57233.158
4.20011785990062,0.295662281810677,24.8926317795918,57240.486
4.2004156434546,0.295612730960491,24.8901565347624,57247.673
4.20050460024865,0.293608508340895,24.8790210862624,57254.97
4.20074959280429,0.293479617797408,24.8735695310569,57262.22
4.19969074264328,0.281875851878482,24.8579309376304,57269.564
4.19870394686723,0.273851225317796,24.8617932937535,57276.752
4.19888959763201,0.270928951722975,24.8452748268138,57284.048
4.19905200591335,0.273677323506893,24.840408860854,57291.314
4.19905207779283,0.271085692579189,24.8276207757564,57298.673
4.19897573312983,0.273459575734016,24.8354763327145,57305.845
4.19906978038305,0.276229888614565,24.8250930944516,57313.142
4.19916048118318,0.274700935288568,24.8199692580439,57320.392
4.19916967020201,0.272024607436329,24.8059352472632,57327.736
4.19917892256655,0.273550691179039,24.805553565131,57334.923
4.19942672586582,0.272568447001552,24.7959445331302,57342.22
4.19939232726403,0.272712742844946,24.7883932233529,57349.486
4.1994783871041,0.272985472189382,24.7842348515601,57356.83
4.19958761945132,0.271791955180055,24.7782629926912,57364.002
4.19956077204072,0.271814608913204,24.777412617801,57371.345
4.19961669032002,0.27137956821849,24.7601994148384,57378.595
4.1999653803994,0.27262003460818,24.7593468328796,57385.939
4.19987018274244,0.273158572517963,24.7615788652047,57393.111
4.20004755900018,0.272902018407285,24.752396821777,57400.408
4.20035086443989,0.270097430857973,24.7394022260534,57407.642
4.20050216795615,0.27292186901882,24.7370050012792,57414.986
4.20047704275557,0.272438559846484,24.7244625598466,57422.173
4.20067364407428,0.272120154708512,24.7386710614249,57429.455
4.19973703663316,0.259804337415875,24.7245803369467,57436.689
4.19888431060771,0.252364232772656,24.7085469263004,57444.033
4.19862046286096,0.250080221331593,24.7109107146358,57451.205
4.19892201476385,0.251377106640692,24.6958860264372,57458.486
4.19872445269412,0.250530694822179,24.7086769765655,57465.736
4.19886982933719,0.251597834019511,24.6929515085662,57473.08
4.19913384450929,0.251321248865943,24.686775941131,57480.267
4.19889575423733,0.251038324641185,24.6845308499807,57487.548
4.19904493402558,0.252564533265148,24.6742573535494,57494.783
4.19922385346637,0.247668310274057,24.6775094389986,57502.142
4.19917204203208,0.252922532535162,24.6664507321373,57509.314
4.19924122722482,0.251398316460279,24.6502731097793,57516.595
4.19942461539457,0.251570834947937,24.6453745302428,57523.845
4.19929433216846,0.251308311014756,24.6408361089618,57531.22
4.19972298961367,0.249467834132852,24.6416237571127,57538.408
4.19973732911392,0.25130437013426,24.6425752586168,57545.689
4.19976381368246,0.249990083966137,24.6211387839149,57552.923
4.19968986640891,0.249630618540198,24.6179728793934,57560.267
4.19993491795169,0.249593690170637,24.6174627621849,57567.439
4.20012535019821,0.25034540469619,24.6069055219898,57574.752
4.20025202070974,0.247953087585969,24.6007671700989,57581.986
4.20038580250129,0.249494271503021,24.6019612823105,57589.33
4.2002976503819,0.248116325870645,24.5854549952087,57596.517
4.20032700009036,0.246509179260567,24.5822234794731,57603.814
4.20065696894693,0.247803382110138,24.5675899244686,57611.064
4.19985180884685,0.236560083767021,24.5718485591506,57618.408
4.19971449678076,0.237980855882617,24.5682624143762,57625.58
4.19999372269963,0.236123102806051,24.5584184329505,57632.892
4.19971275956213,0.23802427250409,24.5636966473275,57640.127
4.19977466446067,0.236622940219727,24.5653942509484,57647.47
4.19994175831886,0.237854802002286,24.5534885941443,57654.658
4.19995676047149,0.238621614927866,24.5497491011712,57661.97
4.19999842208608,0.237982205979291,24.5426664355383,57669.189
4.20002156790038,0.239596521595783,24.5389463490613,57676.533
4.20049116335376,0.236438772031209,24.5299497692215,57683.72
4.20054112691132,0.234180565308721,24.5278685045314,57691.017
4.20046885092839,0.235601411787797,24.5251539542712,57698.267
4.20064110637686,0.235473981640118,24.5128546247115,57705.611
4.19976721028862,0.225697693447687,24.506784378577,57712.783
4.19978251860625,0.226699066531442,24.5015705553842,57720.08
4.19970639469725,0.226861638593815,24.4889053180298,57727.314
4.19976880959918,0.224595027891315,24.4821243513155,57734.658
4.19998653292871,0.225852137290441,24.4818903724116,57741.845
4.2000691667232,0.226341188684162,24.4736690345416,57749.142
4.2000206883353,0.225158461556461,24.4762758838997,57756.392
4.20020484621818,0.226536827788114,24.4673239742549,57763.736
4.19999862771713,0.225726704984225,24.454116134764,57770.908
4.20016500227039,0.224192474627783,24.4476626316277,57778.205
4.20026458223496,0.22480462654174,24.4524175531261,57785.439
4.20029673065956,0.225054736517088,24.4421340936134,57792.798
4.20030314858079,0.225613261480271,24.4418990675644,57799.986
4.20072542248432,0.222783424170976,24.435333015272,57807.267
4.19980379145896,0.213535786090508,24.4262659386449,57814.502
4.19970469441549,0.217158890327994,24.422052244678,57821.861
4.19964812290909,0.21421220208537,24.4193525308155,57829.048
4.19953904436384,0.216589948699381,24.4131691972345,57836.33
4.19970711608905,0.215261360552433,24.4145126334321,57843.58
4.1998965636284,0.21550572225885,24.4068408319909,57850.923
4.19966533681795,0.213430964005151,24.3968238121244,57858.095
4.20028073348432,0.214164349021754,24.4012222047898,57865.408
4.20007955832064,0.21161762826204,24.3966176619151,57872.642
4.19979430032605,0.2151705712568,24.3914869536631,57879.986
4.20022733981889,0.212120736897445,24.3993748766455,57887.173
4.20011068327647,0.211870354111356,24.3833229249163,57894.47
4.20041781123466,0.209189660490496,24.3810450731649,57901.72
4.20048529772427,0.214283698967747,24.3760102906927,57909.064
4.20047753434768,0.21018995278268,24.3712769062848,57916.236
4.20065215934436,0.214007904979453,24.368731650569,57923.548
4.19965449782605,0.203303207364522,24.3608648975352,57930.783
4.19992933805832,0.202644547750597,24.3607745848916,57938.127
4.19980198721922,0.20299108249997,24.3508867854015,57945.314
4.1998482226807,0.201066678199236,24.3460808352777,57952.627
4.19992601268898,0.201956772614806,24.3501800226065,57959.861
4.19991162591678,0.204086049452607,24.3473088823448,57967.205
4.20015848488024,0.199708364076369,24.3401908148942,57974.392
4.19958572847727,0.204997743753583,24.3364639884407,57981.705
4.19999319819582,0.201275741163156,24.3306789506212,57988.939
4.20014788275693,0.202428860043654,24.3230123787799,57996.283
4.20012331165229,0.203365621609821,24.3171885320499,58003.47
4.20038972949299,0.201850583585593,24.314931497001,58010.752
4.20052995263134,0.201116810913388,24.3107199056671,58018.002
4.20068337375822,0.201032455569678,24.3071621489955,58025.345
4.19980236947167,0.191853003408226,24.2927137000677,58032.533
4.19963004514123,0.191208045307835,24.3027659642707,58039.83
4.19971114429106,0.192682530592713,24.2865883402048,58047.08
4.19963728250789,0.191017893325999,24.2887923800479,58054.423
4.19967709889087,0.19277101013484,24.2842022307083,58061.611
4.19975693194273,0.193800135717267,24.285610944632,58068.892
4.19950664666433,0.191024179429761,24.2853760634749,58076.127
4.19982732361595,0.191072107955318,24.2811134130108,58083.486
4.19980532360702,0.188607609108866,24.2812122235752,58090.673
4.19994855960001,0.190740371241623,24.2765658680265,58097.955
4.19968356838859,0.190926411374197,24.2762241956459,58105.189
4.19986829594035,0.188898151685454,24.2667779569195,58112.564
4.2001568507341,0.191116910489232,24.266024642896,58119.736
4.20027712452646,0.190442174532845,24.2512615240857,58127.033
4.20028896854375,0.188830225045066,24.2532725743004,58134.283
4.20009765968392,0.189646229104334,24.2563559192583,58141.642
4.20047587437899,0.192879374163785,24.251594450452,58148.83
4.20045126283236,0.188604185394028,24.2354240458709,58156.111
4.20055116248404,0.189768919181269,24.2381607323411,58163.361
4.19957915036396,0.181157369403453,24.2418413486017,58170.705
4.19954666102751,0.180653551684677,24.2405673606424,58177.877
4.19971268912979,0.183887949251189,24.2309942267216,58185.173
4.19966969392781,0.180574527060639,24.2170362332729,58192.439
4.19970310999138,0.180553827502991,24.2185020178228,58199.783
4.19970161706286,0.180761317783564,24.2211811450207,58206.955
4.19970743922317,0.179562638572378,24.2164250764033,58214.189
4.19961171219639,0.177568745106889,24.2061715593159,58221.377
4.19975920513445,0.180315974157685,24.2142512105414,58228.627
4.19978328992908,0.180457065151475,24.2080608748111,58235.877
4.19983965234627,0.180847450917017,24.2001463535186,58243.048
4.19990695932705,0.179258447435141,24.2042062013082,58250.298
4.19980941435434,0.181916622631947,24.1945798339724,58257.486
4.19992101460838,0.178535279994187,24.1919274304778,58264.736
4.2002159036391,0.177315841153903,24.1817750458636,58271.97
4.20044017112741,0.178813708853082,24.1788081007671,58279.158
4.20021054595479,0.179755693397774,24.1842182005988,58286.408
4.20045541805651,0.179914048813019,24.1755394308927,58293.595
4.20048463322961,0.177605310680774,24.1759626442089,58300.845
4.20052385804292,0.178784856214203,24.1706618139142,58308.017
4.2008541897397,0.177017308987333,24.1748533227267,58315.283
4.20083263220679,0.176161553575896,24.164123169915,58322.533
4.20081833385642,0.176929157104173,24.1652576613484,58329.736
4.20086208672177,0.177696882879982,24.1601820119178,58336.97
4.20088194031852,0.177957828539722,24.1563419795185,58344.189
4.20102836705784,0.177336961119088,24.1558752590259,58351.423
4.20099125562318,0.177065187257426,24.1351706833996,58358.673
4.20124963440748,0.176885055254699,24.1438137569319,58365.845
4.20141415904745,0.178951557123993,24.1401204428347,58373.095
4.2014040332626,0.177782931071892,24.1157579068162,58380.33
4.20148726571107,0.177381464620951,24.1273981185101,58387.502
4.20150521804349,0.175581912437449,24.13035940167,58394.736
4.20176854772725,0.175902771958712,24.1214043360347,58401.923
4.20076445965254,0.16760205567877,24.1194043209844,58409.158
4.19985839303727,0.158375902314274,24.1165195418782,58416.33
4.19982020631595,0.15697655013039,24.108922334268,58423.58
4.19971183952184,0.157540437630675,24.1106939310454,58430.83
4.19971222630256,0.157907021779652,24.1083050126334,58438.002
4.19982424327857,0.15854657836299,24.1061023316868,58445.236
4.19973416752019,0.158775772037303,24.0959816234964,58452.423
4.19964117886093,0.155790718631896,24.0960326591569,58459.673
4.19969122400322,0.157403697694765,24.0883779653188,58466.923
4.19991639976083,0.159235645881994,24.0835527491756,58474.095
4.19982621359925,0.156228755984771,24.0811502608259,58481.33
4.19977883689319,0.153838750546811,24.0823860852059,58488.502
4.19951981968518,0.155497079237902,24.0873918846069,58495.752
4.19973872328765,0.156076804694934,24.0791209874652,58503.002
4.19986479768405,0.156399114378487,24.0700906617272,58510.173
4.2000154984007,0.157144978201766,24.0685420932109,58517.423
4.20005543105906,0.157836539301031,24.0731780094348,58524.705
4.19986297996856,0.158689879463816,24.0628164690137,58531.892
4.20002893139616,0.1558561746268,24.0593919499258,58539.142
4.20010675508334,0.156228001306051,24.0524311801493,58546.33
4.20021656951221,0.154635546114618,24.0537353711382,58553.923
4.20035260300427,0.159040567235307,24.0539282391888,58561.158
4.2002784529104,0.157424465540545,24.054948911346,58568.345
4.20044986634468,0.156515299707859,24.0485834621942,58575.58
4.20024551819315,0.155885334281576,24.0460714409267,58582.767
4.20038916125639,0.156448779333051,24.0459688512519,58590.002
4.20051264961781,0.156923945859112,24.0278715699732,58597.252
4.20069626117639,0.157401024446129,24.0313766214227,58604.455
4.19952508299717,0.145285637220546,24.0349168316966,58611.705
4.19934938857928,0.147085945425904,24.0327259855596,58618.955
4.19945936314763,0.146995332246867,24.0297366948081,58626.142
4.19958442030047,0.144376474766014,24.0219588330974,58633.392
4.19970201560837,0.145925736242791,24.0226765236793,58640.642
4.19957871667792,0.142093202525865,24.0227859216731,58647.83
4.19975850021622,0.144905182413084,24.018297970523,58655.064
4.19979143905498,0.145545251073194,24.0147649679961,58662.314
4.19989824837281,0.147085199030401,24.002266199995,58669.502
4.19958289982465,0.145488805608821,24.0029630767765,58676.736
4.19976293608962,0.146743647875199,23.9863247396559,58683.923
4.19960397376694,0.144772278642417,23.9919822981006,58691.173
4.19999389259253,0.147247305023934,23.9813934882639,58698.408
4.19990295880155,0.144085780961092,23.9793314490519,58705.58
4.19980742466693,0.146302739437625,23.9861148236654,58712.83
4.20013813193336,0.143231771145364,23.9785340737868,58720.017
4.20005898883912,0.145941687911116,23.9805616987484,58727.283
4.19985368509827,0.143712039731091,23.9762483994174,58734.533
4.20004866299679,0.143126739665861,23.9749396130292,58741.705
4.20040185456662,0.144016918373836,23.9769546271471,58748.955
4.20007039210522,0.145600897031381,23.9672409803795,58756.205
4.20027574211004,0.146661428707012,23.9576856864407,58763.377
4.20028862950835,0.145942675388389,23.9601154348682,58770.627
4.2005769994126,0.144530733687368,23.9579124909156,58777.814
4.19969932266011,0.136834950902092,23.9520826701013,58785.064
4.19942235212459,0.132071044400271,23.9637924328552,58792.298
4.19946948736768,0.135511865767812,23.956050269037,58799.486
4.19933715017645,0.132529404575276,23.9517599580955,58806.72
4.19940036396762,0.133861660804208,23.9503350319044,58813.908
4.19945936649152,0.132714748200534,23.932723746227,58821.142
4.19925522382471,0.132886165064438,23.9480437855031,58828.377
4.19943855435712,0.134447782068467,23.9402642585963,58835.548
4.19971580428813,0.137165569689315,23.9418672221469,58842.798
4.19945788340965,0.134317878345881,23.933518659307,58849.986
4.19948171074931,0.130378095081424,23.9205819908023,58857.252
4.19977684499862,0.136343928121297,23.931468856724,58864.502
4.19937481359817,0.133825761037654,23.9358781383073,58871.689
4.19948315964325,0.137426457096785,23.9334771544178,58878.923
4.19982015070725,0.136023151626638,23.9223219236926,58886.189
4.1998764210718,0.132750826310137,23.9326814507234,58893.361
4.19979368477752,0.13580034520269,23.9222536276495,58900.658
4.19999041654393,0.135256520783182,23.9193485715289,58907.845
4.19973051246387,0.132742250661759,23.9172513484328,58915.033
4.19997597481459,0.132174861402861,23.9139192152511,58922.267
4.20014183697492,0.132302364700283,23.90925981318,58929.517
4.20006532058684,0.132323636132225,23.9107189487284,58936.736
4.19978449297858,0.134337831859041,23.9130097288568,58943.955
4.20012087694349,0.131339881259449,23.9225071055968,58951.127
4.20005132848565,0.1290352429396,23.9055853545552,58958.423
4.20016904421918,0.133885769982301,23.9022935072774,58965.611
4.20006305171622,0.134394350252309,23.9021181643888,58972.877
4.20028617079081,0.130574053126915,23.8850852397911,58980.127
4.20034042712927,0.134136684461952,23.8932909993327,58987.298
4.20038158779844,0.131383707539876,23.8894857190114,58994.548
4.20058144627948,0.128876249982347,23.8826209102999,59001.72
4.19957862416649,0.122780629181999,23.881442918002,59009.017
4.19963593104262,0.124907708977087,23.8820565499517,59016.298
4.19941287052129,0.125290218536325,23.8771322251763,59023.548
4.1997000210461,0.121997117779528,23.8761964680181,59030.736
4.19956428358109,0.122893505189018,23.8675589579679,59037.97
4.19961922151528,0.125525012096091,23.8700200517086,59045.142
4.1996701444518,0.121898462932679,23.8712310388247,59052.392
4.19935764969265,0.120895566463473,23.8698243304863,59059.564
4.19972335250526,0.123909956093975,23.8642540353442,59066.814
4.19978543275146,0.126045783943416,23.8546155528094,59074.048
4.19954551390784,0.123038324730787,23.8644124330445,59081.22
4.19980193244499,0.122416018860786,23.8509302016797,59088.47
4.1998725657585,0.122515984078938,23.8523164051359,59095.642
4.19971692232247,0.124480059931281,23.8608498670277,59102.892
4.19987335817274,0.123041287276872,23.849682805829,59110.127
4.1997905949561,0.120309971976317,23.8568055334567,59117.298
4.20008534200376,0.122289959555923,23.8490049758626,59124.548
4.20008430421762,0.119927359070178,23.8488077197454,59131.736
4.2001431871625,0.11906730853252,23.8450912468387,59138.986
4.20035860504416,0.1215804635314,23.8495168755962,59146.236
4.20010377408854,0.119792570743745,23.8442003230293,59153.423
4.20019732307575,0.122646549652701,23.8366305739238,59160.673
4.20002947702608,0.12357035793615,23.8427233282401,59167.923
4.20019357436472,0.122128082730281,23.8449838781998,59175.095
4.20024975500376,0.122211701341684,23.8452857919259,59182.345
4.20027480232761,0.120524857238161,23.8504848963695,59189.533
4.20055649879857,0.122001856871996,23.8385969308155,59196.783
4.20032494399892,0.122981693386689,23.8276069770231,59204.158
4.20042806303914,0.119658081940616,23.8201490376645,59211.455
4.20057232244656,0.123276642947378,23.8289033427245,59218.736
4.20050310687762,0.121656597217474,23.8383617027846,59226.033
4.20070012649655,0.123377359968097,23.8298521471204,59233.236
4.20047916135944,0.122832917938142,23.8233324304395,59240.548
4.20058055107389,0.119025216319916,23.8114451236185,59247.83
4.2007947192202,0.119012985708041,23.8184084218944,59255.08
4.20063589958147,0.120771059453618,23.811821837412,59262.283
4.20079965156448,0.121821760492876,23.815827291077,59269.548
4.20108029198604,0.123162646937117,23.8102082169915,59276.798
4.20093224825349,0.119410941248769,23.7954324590748,59283.986
4.20094771767046,0.120025197594332,23.7991532094056,59291.236
4.20104019063197,0.117531777712608,23.7973048267706,59298.486
4.20121446812615,0.121108613391672,23.7909939996343,59305.689
4.20117507371901,0.1202075930086,23.7819196461196,59312.939
4.2012503485796,0.121058831563318,23.7908078552178,59320.189
4.20158514997219,0.118006211437684,23.7810370047237,59327.377
4.20024602530704,0.110544276227364,23.7850969726217,59334.642
4.2002403109569,0.110018937519305,23.7913008771034,59341.892
4.20058855296843,0.110728611772582,23.7822568004726,59349.064
4.19946204581101,0.0997014574144669,23.784530580495,59356.33
4.19945926515625,0.10311931534224,23.7772303794999,59363.564
4.19918507006952,0.100010462943291,23.7726482313757,59370.752
4.19904628957745,0.102361912449711,23.7765303862207,59377.97
4.19938455949553,0.0988523353237265,23.7786216755581,59385.158
4.19937771160338,0.100448308628806,23.7773845270241,59392.439
4.19904694126857,0.100620131811986,23.7770127521962,59399.689
4.19912070673973,0.0996373987399298,23.7791792093644,59406.877
4.19885457595057,0.10096576595126,23.781475137862,59414.111
4.19920915445817,0.0994569386809838,23.7599500596474,59421.361
4.19894480805198,0.100785159808369,23.7583453934687,59428.533
4.19915405826745,0.0999154619471199,23.7533637511506,59435.767
4.19917933853477,0.0995661178444278,23.7627096706058,59442.939
4.19894828581322,0.101435151956052,23.7647960695573,59450.189
4.19928184347161,0.0999349147439818,23.7566655302829,59457.423
4.19905956139841,0.101110599813289,23.7496796371374,59464.595
4.19889728364731,0.0985361870417917,23.7522898430632,59471.83
4.1991905718494,0.100447745632329,23.746964862723,59479.002
4.19895313966394,0.0996656730491279,23.7439904386037,59486.252
4.19909051914709,0.101308480793405,23.746307692422,59493.502
4.1993100587525,0.0990925403778531,23.7465469489844,59500.673
4.19931884855137,0.100136439410393,23.7465197680348,59507.908
4.19910799789252,0.102646269467595,23.7488952397696,59515.08
4.19911779583327,0.0984531962893274,23.7417108996219,59522.314
4.19919875731768,0.10194221817506,23.7454362895043,59529.486
4.1992700607226,0.0985019266074613,23.7360874979179,59536.736
4.19922217172504,0.0994326297921297,23.743496364839,59543.97
4.19930625619374,0.100882674419288,23.7364157595935,59551.158
4.1993046230147,0.101692613440294,23.7324168849277,59558.392
4.19831116605689,0.0897908185393996,23.7289721253326,59565.564
4.19841311871961,0.0910835767793927,23.727316326678,59572.814
4.19813313354353,0.0914360616672042,23.7205744225271,59580.048
4.19816555274648,0.09207056358696,23.7210100452182,59587.22
4.1984843738328,0.0884770714859853,23.7199095934995,59594.455
4.19846186499181,0.0893570123528571,23.7114878514805,59601.627
4.19812517093744,0.0886588318558156,23.7157465086555,59608.877
4.19827869486046,0.0913579768531694,23.7160111382188,59616.142
4.19841538031373,0.0899238312120962,23.7078334766467,59623.345
4.1981499640139,0.089920137897589,23.703931401912,59630.595
4.19846984877482,0.087287098137304,23.7112018487224,59637.83
4.19846936839112,0.0907918794059419,23.7151495901155,59645.017
4.19832822309373,0.0884613921441588,23.7061271130574,59652.252
4.19845942315295,0.0887319424507598,23.7139441913175,59659.486
4.19852499262377,0.0909956862565629,23.7073045276632,59666.658
4.1982756830987,0.0908241018482489,23.7022119646265,59673.892
4.1984383861489,0.0905491150318384,23.6963315183677,59681.064
4.19841025502733,0.0914614490875574,23.6993700182553,59688.298
4.19839772547171,0.090300260090879,23.708871167141,59695.47
4.19853049759375,0.0877001469266833,23.7058914270001,59702.72
4.1982482381665,0.0894905091107609,23.6998782492822,59709.955
4.19867569293344,0.0889538685874122,23.7039414242274,59717.127
4.19858813997945,0.0900826254888651,23.7016892763306,59724.361
4.19867008563492,0.0901485850041078,23.7029596429297,59731.533
4.19844981680616,0.0894656512082126,23.7033406242567,59738.783
4.19880630001162,0.0915613861571729,23.7023716446924,59746.017
4.19860669070105,0.0882634039224783,23.6924097651532,59753.189
4.19848144085268,0.0937703885421258,23.6874334293373,59760.423
4.19856182117665,0.0852453655817362,23.6899944037854,59767.595
4.19870182694744,0.0912161701812668,23.6887868100245,59774.845
4.19882033136274,0.0906560815248782,23.6810555848402,59782.08
4.19891177452526,0.0884176806259431,23.6860987344604,59789.283
4.19887553965926,0.0888185882605898,23.6791338865464,59796.502
4.19882507675006,0.0861209763698744,23.6749535997828,59803.689
4.1987358545313,0.0875912920253671,23.6817378106248,59810.923
4.19891601353342,0.0869337863324643,23.6715048223469,59818.158
4.1986065703579,0.0895303035451159,23.6778695021998,59825.345
4.19892305473791,0.086210786503195,23.6762800664008,59832.564
4.198942665444,0.0874157954636562,23.6795205171629,59839.752
4.19891919891012,0.0881331639405551,23.6678499803817,59847.017
4.19909295770386,0.0907558490619151,23.679450043047,59854.267
4.19899255067922,0.0894963813749602,23.6789370306289,59861.439
4.19915361706948,0.089455964774845,23.6729600151099,59868.689
4.19907949100892,0.0908291271874974,23.6800723011679,59875.923
4.19918871518852,0.0882242423387103,23.6619603924772,59883.095
4.19921394538626,0.0907985754569808,23.6616386712371,59890.33
4.19904300845832,0.0883143995625987,23.6621817074718,59897.502
4.19928567777328,0.0878976273333306,23.6589486482046,59904.752
4.19831547321941,0.0777607128975256,23.6659841323596,59911.97
4.19845008060549,0.0796693561569683,23.6580019222606,59919.158
4.19820244363902,0.0796540899399919,23.6611634649655,59926.377
4.19830472682953,0.0786936383277545,23.6670004823163,59933.564
4.19827644461039,0.0793620565712379,23.6604041917313,59940.798
4.19869469798232,0.0792321659804507,23.6638233761691,59948.033
4.19779554005182,0.0798445982433563,23.6530803417975,59955.205
4.19833023899864,0.0785396840932932,23.6532829598311,59962.439
4.19823049175969,0.079834556395534,23.6515861239067,59969.611
4.19842982151868,0.077847288701491,23.6559234780924,59976.845
4.19837803155409,0.0784931578478967,23.646622624906,59984.017
4.19842620812586,0.078674961603286,23.6570192476977,59991.267
4.19834901911987,0.0787248246169789,23.6517177607132,59998.502
4.19816620031504,0.0805000664334897,23.6436705784172,60005.689
4.1981075892501,0.0780244311521296,23.6572550031586,60012.923
4.19826519217442,0.077535701477236,23.6474950663797,60020.095
4.19847692034722,0.0762363776879793,23.6438501627223,60027.33
4.19841099486902,0.0793508903770594,23.6371965406382,60034.58
4.19812578292284,0.0781915296057799,23.6399966201334,60041.752
4.19822108219495,0.0774183234581743,23.6387561793831,60048.986
4.19857937210782,0.0783142786565912,23.6338517197425,60056.173
4.19829282449995,0.0804074859329279,23.6322135890965,60063.408
4.19863690763589,0.0783795575187588,23.6216954548777,60070.658
4.19819385228698,0.0786999398806575,23.629914923829,60077.83
4.19815412099232,0.0775579662991174,23.6287779363306,60085.064
4.19851099613677,0.0775517967729154,23.6309153002938,60092.236
4.19844576880463,0.0811067261357951,23.6300663226142,60099.47
4.19848181704203,0.0729290848658211,23.6402045235807,60106.705
4.19865747928915,0.0801250357822079,23.6317027040332,60113.892
4.19845243543993,0.0775213214697274,23.6309337090327,60121.127
4.19863532636244,0.076700176361054,23.6268076233822,60128.314
4.19849926681822,0.0772545430580759,23.6219154628963,60135.564
4.19872865678797,0.0795660285513628,23.6244077703285,60142.814
4.19844577400867,0.0781673253672404,23.6185293510511,60150.002
4.19869750804635,0.0777163633369139,23.6236506338133,60157.236
4.19859283682408,0.0767359801404809,23.6227057593256,60164.47
4.19870968933755,0.0757476022603284,23.6135944714087,60171.642
4.19861871503021,0.0769480042154792,23.6183083860333,60178.877
4.19900713155655,0.0779436273168117,23.6144657494344,60186.048
4.19850188425544,0.0770738021032203,23.6043676615415,60193.298
4.19873881837233,0.0768539181755153,23.6194341457432,60200.533
4.19888442166926,0.0772683219176078,23.6103946797677,60207.705
4.19866341990137,0.0759765038715604,23.606675322734,60214.97
4.19874427555993,0.0753279084818446,23.6084757833498,60222.205
4.19917810713227,0.0762202366572446,23.6055697106537,60229.423
4.19896167052195,0.0773178811063694,23.6094570093348,60236.658
4.1990000149306,0.0786072098808634,23.6038500937491,60243.908
4.19931107589401,0.0766277091843723,23.5963183681024,60251.08
4.19896750720589,0.078675459857308,23.6008420046238,60258.33
4.19927077196382,0.0756197454058954,23.5974548083623,60265.564
4.19922241422691,0.077965632031938,23.5970464593444,60272.752
4.19910786812858,0.0785965081762974,23.5954520100847,60279.97
4.19921574954137,0.0759489259859268,23.6020556152041,60287.158
4.1990966379719,0.0742426548519526,23.5934265574595,60294.377
4.19909813494322,0.0748941781039191,23.5910162208654,60301.564
4.19941034987697,0.0752683931573313,23.583437114265,60308.814
4.19920906617123,0.0781205333577354,23.5906760439143,60316.064
4.19931277431289,0.0784213173381207,23.5863144079322,60323.236
4.19948132852602,0.0760925911133653,23.5914565675318,60330.47
4.19941912688123,0.0784208528500126,23.5951447316033,60337.642
4.19906882821606,0.0747220019663832,23.5934685966779,60344.892
4.19920994911973,0.0769273640343069,23.5855759196638,60352.158
4.19952443487116,0.0771579893867165,23.5859998739265,60359.361
4.19924672445608,0.0774062972763674,23.5934371068748,60366.486
4.1992656024811,0.0774230440187955,23.5819919041948,60373.642
4.19952222376432,0.0750472354544819,23.5799450062236,60380.767
4.1995536743019,0.076474758197066,23.5773049626665,60387.877
4.19949208558479,0.0768007888126666,23.5792709290451,60395.048
4.19957922071615,0.0775967843717089,23.5782980569611,60402.173
4.19971430444807,0.0778657047578065,23.5818848407752,60409.361
4.19960716761783,0.0778760724286894,23.5689195931187,60416.47
4.19968091102911,0.0755007940180519,23.5676668835266,60423.611
4.19964790841854,0.0762559122741422,23.5704716683018,60430.767
4.19988767089811,0.0776116459079941,23.5684003676441,60437.892
4.19962720950018,0.0739261330409518,23.5777107852341,60445.064
4.19979558405426,0.0726221199417711,23.5792805595955,60452.189
4.19974307710187,0.0752998412777627,23.5604574472471,60459.314
4.19996303862242,0.0738945963337262,23.556585396342,60466.455
4.20015231361175,0.0759800646726267,23.5659751550355,60473.58
4.19979413191498,0.0750360741634645,23.5721627493127,60480.689
4.19956638573701,0.0760799726688632,23.5719426171961,60487.877
4.20010418177223,0.0748875027005781,23.5683783088512,60494.986
4.20015903512391,0.076257187921637,23.5708355884783,60502.111
4.19980735396281,0.0756735429462579,23.5715069543586,60509.283
4.20004726722981,0.0767481678032152,23.5704936810993,60516.392
4.20004493875469,0.0744050722760499,23.5698043283916,60523.58
4.20015270631255,0.0739242109463356,23.5656484466205,60530.689
4.20002111931801,0.0769792739328598,23.5615419757731,60537.814
4.20003003624915,0.0724238208873468,23.5646720672246,60544.97
4.20008721724583,0.0738905477811436,23.5635118106644,60552.08
4.20017480408054,0.0730212635349093,23.555631237114,60559.205
4.20038513022745,0.0752598762793059,23.5544289268445,60566.345
4.20033143242464,0.0721709605311763,23.5493101011473,60573.47
4.20036845379705,0.0728731141067364,23.5596243914402,60580.58
4.20045828341889,0.0747471223420051,23.5473392433273,60587.767
4.20056493260642,0.0764058678968394,23.5468801683147,60594.892
4.200524807067,0.0725970368674354,23.5513369018764,60602.064
4.20043104618371,0.0745518315919592,23.5533999826469,60609.189
4.20053464554928,0.0757175950848954,23.5489289901748,60616.33
4.20035737294045,0.0751614982130591,23.5521422023017,60623.486
4.20043778150974,0.0726265884465986,23.5484334189193,60630.658
4.20042225454298,0.0747041681309385,23.535318868145,60637.798
4.20084178561965,0.0735567133987617,23.5495356364836,60644.955
4.20050585244916,0.0746368909375948,23.5406400545095,60652.127
4.20043257180725,0.0755216082534011,23.5443999822297,60659.283
4.20082024544554,0.0751798627815515,23.5377813102447,60666.47
4.20036805445417,0.0734011539077081,23.5447954481834,60673.595
4.20087019405322,0.0736247645451585,23.5340281146785,60680.736
4.20054230608054,0.074504054571187,23.5469041458721,60687.892
4.20080273557927,0.0722752411275826,23.5337828157219,60695.033
4.20074635483015,0.0773131857049171,23.5409630558296,60702.22
4.20083776002599,0.0753143061657493,23.5501407630712,60709.345
4.20059970399256,0.0746354866690334,23.5432954233539,60716.47
4.2008602872726,0.0723981018904746,23.5449167874393,60723.627
4.2010746147438,0.0749919692633237,23.538896340842,60730.752
4.20123011462929,0.0713734491591004,23.533310466713,60737.877
4.20115884482837,0.0689509039342628,23.5413669162002,60745.048
4.20147669881637,0.0729485146371089,23.5286747635417,60752.205
4.20102408927802,0.0736670350472814,23.522557374825,60759.377
4.20121984078755,0.0732303391796844,23.5261135012454,60766.533
4.20145033168716,0.0693950218252693,23.5235282914109,60773.689
4.200977294705,0.0728284712176301,23.5326092739239,60780.83
4.20138964545322,0.0764348514752947,23.5324697659959,60788.017
4.20105127404434,0.0751316932359358,23.5245413632206,60795.158
4.20134697742359,0.0708875526485295,23.5182652205018,60802.345
4.201325723254,0.0737539449560631,23.5112175626873,60809.47
4.20148487750371,0.0718506733691308,23.5131889219629,60816.595
4.20151932293048,0.0691885333417111,23.5166048635037,60823.767
4.20166649007744,0.0685351979060188,23.5150338512579,60830.923
4.20063677428061,0.0615767525412706,23.5096204311773,60838.095
4.20027967491908,0.0642244049603223,23.5025621984143,60845.252
4.20049099022045,0.0653957608761758,23.5021740884762,60852.408
4.20054312770889,0.0614272088128134,23.5030314599148,60859.533
4.20039964331772,0.0642081182168595,23.5067231584517,60866.736
4.20072560058095,0.0631875247877748,23.5081904213733,60873.877
4.20016135326804,0.0601794999468798,23.5049197072534,60881.002
4.20044883118714,0.0629240275587867,23.4966158513201,60888.173
4.20037974777001,0.0632360163740311,23.5089453898285,60895.298
4.20002422403125,0.0628529040228822,23.5127397302108,60902.423
4.20023022882574,0.0606857892915333,23.5132573014753,60909.58
4.20062434609531,0.0624178342915014,23.5079200815108,60916.736
4.20038933414739,0.0620011607451433,23.5057504919186,60923.908
4.20021835974531,0.0618743310156518,23.5153462687628,60931.064
4.2003925243416,0.0591610972995798,23.5140240783719,60938.236
4.20032414879414,0.0643167134881969,23.514789674401,60945.392
4.20055625056621,0.0640361224286814,23.5095040310833,60952.564
4.20059276346935,0.0625479998825301,23.5062102633906,60959.72
4.20049178150206,0.0630241576589054,23.5005956003386,60966.892
4.20081338031667,0.0623021390673719,23.500943026845,60974.048
4.20074314815819,0.0624113522129873,23.5058216398106,60981.22
4.20069250876958,0.0612520405270115,23.5108289075602,60988.377
4.20083302115901,0.0612208809490722,23.5046256494936,60995.564
4.20067469039005,0.0608550716039607,23.4987885748547,61002.705
4.20062943676895,0.0606698364712148,23.4934580754641,61009.923
4.20059300763171,0.0611177323624899,23.4856583826617,61017.048
4.20027746479162,0.0632370143894475,23.4899792728101,61024.252
4.2007033672488,0.0644314013194595,23.5005692738574,61031.392
4.20077657477297,0.0590297372839131,23.4913835207977,61038.517
4.20060541298643,0.0625839904293945,23.4928280517385,61045.705
4.19995499084964,0.0484968130184371,23.4903063775128,61052.845
4.19951897297324,0.053073173810911,23.4822915972356,61060.017
4.19967857778012,0.0516350743457194,23.4923586742196,61067.158
4.19976753451813,0.0522240439847586,23.4837611396344,61074.314
4.19993482246448,0.052916938404722,23.4865409886837,61081.455
4.19993428918381,0.0495249982584052,23.4865319728046,61088.658
4.19947756421223,0.0512604369058411,23.4890030482137,61095.798
4.19944024796559,0.0500655150887155,23.4750009288836,61103.017
4.19877812077361,0.0416120895332516,23.473276093996,61110.158
4.19862712633885,0.0418597896021559,23.4712333904864,61117.361
4.19865974106459,0.0393982451046517,23.4794983559535,61124.47
4.19839997874345,0.0455270082016788,23.4796438921138,61131.611
4.19828936746958,0.0450050828789526,23.4801634300361,61138.752
4.19829383498432,0.0436130600614134,23.4940118223768,61145.892
4.19758028559659,0.0354897567432711,23.4832211204601,61153.002
4.19727559256483,0.0327713239464513,23.4765071416506,61160.189
4.19714978934076,0.0276831428851137,23.47861046853,61167.33
4.19693760556752,0.0326140267717462,23.480941588818,61174.502
4.19705974623418,0.0343441164995624,23.4826673455096,61181.627
4.19693011744543,0.0343008489442128,23.4783666812152,61188.783
4.19683966318224,0.0358420518885526,23.467988400973,61195.939
4.19695017451094,0.0338381683328265,23.4656682499327,61203.064
4.19654815318293,0.0352200092808951,23.4695183001241,61210.205
4.19663637588842,0.0382561477683562,23.4733604898854,61217.361
4.19692556303081,0.0340789198299936,23.4618950651401,61224.486
4.19651160817453,0.0360947737857555,23.472691412954,61231.705
4.19675156845264,0.032807151886871,23.4713263940466,61238.845
4.19695753213094,0.0364644710945805,23.4618210370074,61245.97
4.19639231078822,0.0335807672741457,23.4751415645191,61253.142
4.19654354322467,0.0330234553081403,23.4713857061276,61260.298
4.19648496390109,0.0374013907906161,23.4638957727282,61267.455
4.19640876997967,0.0307868571834326,23.4626419563513,61274.58
4.19639707816267,0.0338306651607089,23.4631085647959,61281.72
4.19630332933882,0.0390506394615437,23.4684804659115,61288.877
4.19646465726283,0.0354958596135052,23.4679508402743,61296.033
4.1964127352999,0.0336339230413088,23.4650614232921,61303.205
4.19649604896998,0.0391505409549475,23.4583172090372,61310.345
4.19627260029142,0.0372529442587013,23.4698005717984,61317.533
4.19652071323645,0.0360078038966697,23.4663169102514,61324.845
4.19652931357471,0.036001402281449,23.4575490538506,61332.017
4.19627053018963,0.0326480868522744,23.4563134508679,61339.205
4.19655699931111,0.0381259260115453,23.4585951787116,61346.377
4.19647035638605,0.0345840842361833,23.4594204498124,61353.564
4.19619839717391,0.0356842292605881,23.4584632739189,61360.814
4.19634271979437,0.0352768299064403,23.4553918968943,61367.97
4.19615658458393,0.0357160818384836,23.4564674619822,61375.189
4.19627829240609,0.0377163002903821,23.4480521142512,61382.345
4.19617764135013,0.0355741576710482,23.4528426236127,61389.564
4.19628540873283,0.0331023235166676,23.4562017136671,61396.705
4.19633596799493,0.035143336668464,23.4597925730302,61403.877
4.19601819792196,0.0371820671336962,23.4511357579902,61411.033
4.19597812156576,0.0363002678502399,23.4467987113315,61418.205
4.19626066242017,0.0377595496907437,23.4544596167025,61425.345
4.19661221314861,0.0408352054292727,23.4404544780425,61432.533
4.1962524804593,0.0375293745192811,23.4406684607211,61439.673
4.1962696022263,0.0334797446067708,23.4366658592566,61446.861
4.19515351777217,0.0282076492776514,23.4347767026048,61454.002
4.19653123794357,0.0387768333918493,23.4404937689728,61461.189
4.19657902487618,0.0383996015371999,23.4457508889159,61468.33
4.19588286149298,0.0362779753503943,23.4433948335635,61475.517
4.19656409122242,0.0382084639138976,23.4391545328363,61482.658
4.19621026312688,0.0372562582104042,23.4435427735398,61489.798
4.19619228793655,0.034696793493737,23.4319285600949,61496.939
4.19592140899909,0.0390095415004788,23.4337941976129,61504.048
4.19605539312635,0.0378382533849484,23.437000395584,61511.22
4.19634026893192,0.0344326312670146,23.4398115498712,61518.361
4.19587953925689,0.0396016689340757,23.4500413640812,61525.533
4.19658794808741,0.0371547976500119,23.450199491425,61532.689
4.19613248191677,0.0348641559474369,23.4340296659135,61539.861
4.19593512779308,0.037119828792257,23.4349074581159,61547.017
4.19611467469636,0.0383358179843606,23.4347951563031,61554.173
4.19623534386607,0.0359490921114988,23.4337999447332,61561.298
4.1962834977786,0.0357919538687224,23.4320864338129,61568.408
4.19635904033688,0.0393868614557569,23.4340912056599,61575.595
4.19640072510654,0.0371169911866603,23.4397045721197,61582.736
4.19628723598147,0.0349766898000975,23.4374427666729,61589.908
4.19653886139144,0.0361235227492115,23.4440389283325,61597.033
4.19616467583421,0.0385865952507277,23.4460990750858,61604.205
4.19623139259389,0.0366571240240572,23.4348933597203,61611.33
4.19616454603078,0.035899973263397,23.4342462445612,61618.439
4.19630996786226,0.0369001795163441,23.4316723823955,61625.627
4.19628035567531,0.0325899138414987,23.4290117000138,61632.752
4.19547940034055,0.0246269606683846,23.4244344504582,61639.939
4.19611741628866,0.0360385227877809,23.4358714988143,61647.064
4.196598576105,0.0388937717659268,23.4321974794785,61654.189
4.19606315876729,0.0367623455530312,23.4277124298241,61661.33
4.19610255914311,0.0388712799027737,23.4207696478395,61668.455
4.19663814483489,0.0367739946468637,23.4162781635252,61675.58
4.19606973153136,0.0349427696357231,23.4157279121575,61682.752
4.19643457606464,0.0388950127653535,23.4296165512924,61689.877
4.19629231364744,0.0360348779691345,23.4194291950256,61697.048
4.19612944094872,0.0348112637567301,23.4181458149743,61704.173
4.196271017998,0.0359455541682203,23.4161450244347,61711.298
4.19615389583498,0.0364117339899363,23.4130324943416,61718.47
4.196377144548,0.035736599277181,23.4137904775296,61725.595
4.19632487046447,0.0354853782022369,23.4179576354239,61732.767
4.19641568143761,0.0344924682390004,23.4180396372302,61739.892
4.19612206566371,0.0397275596220892,23.4106258973353,61747.033
4.19640019952928,0.0369261140448112,23.4177376876787,61754.173
4.19615596232692,0.0394186987398123,23.4045076529822,61761.298
4.19654237931428,0.0354428927108623,23.4085061661544,61768.486
4.19605426545781,0.0348817560917413,23.4193706203189,61775.595
4.19650204745621,0.0363268817864493,23.4195733129658,61782.72
4.19537440236409,0.0255773486262473,23.4138133176207,61789.877
4.1961200477083,0.0343140253976712,23.4136996024188,61797.002
4.19625600122668,0.0379363452225705,23.4055708573591,61804.111
4.19654632279365,0.0357697495750157,23.4117111540261,61811.283
4.19565606665918,0.02605380526648,23.4003403557015,61818.408
4.19539912155481,0.0261545567050732,23.400045614631,61825.58
4.19599039195985,0.0388027873660542,23.4057896401357,61832.705
4.19599090891719,0.0374014320161283,23.4020585142697,61839.814
4.19610350708851,0.0335223651772632,23.4009525624537,61846.986
4.19599440556264,0.0366898037465724,23.3949740539924,61854.111
4.19645035631888,0.0377138755557029,23.3989409343702,61861.283
4.19640856355094,0.0359195516285054,23.4013414271114,61868.408
4.19530591687041,0.0281519901371087,23.4024812999092,61875.58
4.19507278909417,0.0299071149023546,23.4086213321827,61882.689
4.19625800947434,0.0367709435946132,23.3977048248296,61889.814
4.19625434395872,0.0331906907648446,23.4015488032269,61897.002
4.19654348974634,0.0344707030910176,23.4056028901267,61904.111
4.19629286994108,0.0348154691336269,23.398130117841,61911.236
4.19640654960618,0.0390196026686632,23.403118427368,61918.392
4.19642148821538,0.0363831330061012,23.3998028192779,61925.502
4.1962060606203,0.0364966351446973,23.4031977811172,61932.627
4.19644773080338,0.035055281709057,23.3990192973707,61939.798
4.1962715209136,0.0368922343384101,23.3980980219344,61946.939
4.19641621227741,0.0398566434401959,23.3952479849699,61954.111
4.19629780262416,0.0369910286304903,23.4022307248733,61961.236
4.19641006069495,0.0358785169660621,23.3949607072209,61968.361
4.19607622324118,0.0332548993231239,23.386292525576,61975.533
4.1962084539204,0.0346987892165005,23.3751091532767,61982.658
4.19676432309075,0.0383884189725622,23.3865592500166,61989.845
4.1965302887079,0.034845541367728,23.3824053059629,61996.955
4.19655949476131,0.0346684957756488,23.3822271147931,62004.08
4.19660689858795,0.038500506721817,23.3754413935727,62011.236
4.19656485227281,0.0345124240380038,23.3731402479538,62018.361
4.19553052329795,0.0278305081531358,23.383319339636,62025.47
4.19621019050913,0.0347057959430153,23.3860028427404,62032.627
4.19637100104836,0.0378051535157614,23.3830526171101,62039.752
4.19658757083017,0.042102583652871,23.3818021964877,62046.861
4.19620817523688,0.0336231055098849,23.3776124281371,62054.033
4.19658571728427,0.0353243385406849,23.3699366538638,62061.189
4.19642534028889,0.0331478320317327,23.3740775039559,62068.361
4.19641131349113,0.035722294610282,23.3681321315775,62075.486
4.19658625881997,0.0378363999676944,23.3729204487466,62082.658
4.19654923179675,0.0380271228963517,23.3676004275085,62089.783
4.19688057739798,0.0342354471946431,23.3712291504498,62096.892
4.19647971894891,0.0387754921787995,23.3770420904486,62104.064
4.19643738804165,0.0333152976148844,23.3697041908044,62111.205
4.19661749928721,0.0352237600119227,23.3801693455088,62118.377
4.19683464961076,0.033583774045653,23.3696715162772,62125.502
4.19665180974283,0.0346309952015811,23.3760680811394,62132.673
4.1967900296206,0.0345480768724069,23.3725354298848,62139.783
4.19653802342866,0.0349036615691633,23.3772923687213,62146.908
4.19695545913987,0.036859910603858,23.369685658324,62154.064
4.1957067306065,0.0262340027011319,23.3742739502752,62161.236
4.19559754194074,0.0289604825928548,23.3840654604786,62168.392
4.19573008966101,0.0267398935959738,23.3760685073663,62175.517
4.19558886654987,0.0243542788583821,23.3784305467524,62182.705
4.19565997107063,0.0267197979874222,23.3878814524026,62189.814
4.19534677955592,0.0236795698877607,23.3690114538249,62196.955
4.19652770458855,0.0387584781219159,23.3708048830394,62204.095
4.19656950788527,0.0336728364247104,23.3795880778758,62211.22
4.19650698570159,0.0367824727395374,23.3763424983572,62218.33
4.19666079904119,0.0356005680771592,23.3659468000554,62225.517
4.19655417149325,0.0359548444675109,23.3691548718376,62232.627
4.19642330172722,0.0350306239177562,23.3715115327285,62239.814
4.19649719353615,0.036015223446888,23.3665045149242,62246.939
4.19669189390508,0.0360720953144496,23.3641019811835,62254.064
4.19670285631571,0.0363361142180237,23.3636742428989,62261.236
4.19583585973278,0.0240706486470934,23.3646996870134,62268.392
4.19569109066533,0.0261947305242902,23.3570371550235,62275.564
4.19570414649143,0.0257496400468997,23.3648507318673,62282.689
4.19575882581518,0.0246522116716903,23.3666398517697,62289.861
4.1957123100969,0.0255915703656445,23.3703594487251,62296.986
4.19593569268165,0.0307258790803277,23.3730110836399,62304.095
4.19577684680317,0.0269863863666807,23.3711780576745,62311.267
4.19543297574052,0.0277294793154592,23.3632770406423,62318.408
4.19657395776966,0.0380558334964672,23.3657792807236,62325.595
4.19628605210374,0.035408997123324,23.3644993514563,62332.72
4.19679900644116,0.035720260639204,23.3666705168935,62339.892
4.1965573802219,0.0349858453748173,23.368661389779,62347.002
4.19656732264066,0.0343066219652207,23.3632606192211,62354.127
4.19709485221612,0.0362991421384858,23.3669588095158,62361.283
4.19689792519114,0.036607596866073,23.3612707018602,62368.423
4.19677785805725,0.0382588868980305,23.3612751621056,62375.611
4.19684468966942,0.0337128847731395,23.3677489939752,62382.72
4.1969859651154,0.0388151978990201,23.3695376093644,62389.908
4.19682460689951,0.034152920114615,23.3662656033575,62397.017
4.1971694408233,0.0351852559513924,23.3692325233235,62404.142
4.19687627395029,0.0356622575384793,23.3785667555726,62411.283
4.19682877813797,0.0347938239688066,23.3648979807388,62418.408
4.19687758607768,0.0351615574844361,23.3610357723393,62425.517
4.19703877501632,0.0332079612309864,23.3617363397319,62432.705
4.19701636645912,0.0342983417758596,23.3660105329575,62439.845
4.19688716510881,0.0353154342538883,23.3676984812402,62447.002
4.19693791992458,0.0352850653583319,23.3681486169138,62454.111
4.19671815572329,0.0355836362722619,23.3658095108585,62461.22
4.19741393652606,0.0364854498708132,23.3600600951637,62468.408
4.19712385123382,0.0365529696980791,23.3650363335805,62475.533
4.19692826438766,0.0349798179908884,23.3623930185744,62482.705
4.19697293110552,0.0333457898896612,23.3735858627485,62489.83
4.19714812075502,0.0338080857711739,23.3646027519303,62496.955
4.1967895359571,0.0358644477822949,23.3690627109407,62504.095
4.19681760063875,0.0346261291488047,23.3617405209385,62511.22
4.19696184188821,0.0383734987253926,23.3578719808783,62518.408
4.19712346614887,0.0329914994240188,23.3614137869171,62525.517
4.19692659322266,0.033810092434326,23.3587872099116,62532.642
4.19696741144764,0.0324830751060971,23.3626202545244,62539.798
4.19625625010996,0.0272059678163963,23.3739266615556,62546.908
4.19591233921882,0.0226202018964915,23.3587196503022,62554.033
4.19613969274579,0.0251643519085047,23.3579877286082,62561.22
4.19617911194894,0.0245750239735127,23.36162443783,62568.345
4.19620005697622,0.024276293571432,23.3596821867132,62575.548
4.1963697975096,0.0244127035100098,23.3547952811946,62582.673
4.1963572808164,0.0252419121136956,23.3669108339898,62589.861
4.19594306108756,0.0263951625576408,23.3630984405028,62596.97
4.19613608868427,0.0281008592941033,23.3580151882048,62604.08
4.1958465705532,0.0268519341041318,23.3651465188622,62611.267
4.19579163459117,0.0273325244811913,23.3576896937808,62618.423
4.19596733391933,0.0227693612758913,23.3541675359869,62625.595
4.19610216182669,0.0238472582085426,23.3483271211309,62632.752
4.19598495206438,0.0254037715973045,23.3580635774788,62639.923
4.1960054131045,0.0262410895827466,23.3586242597221,62647.08
4.19573176293168,0.0269209900012037,23.3620642101617,62654.236
4.19598377977851,0.0278665236247041,23.3555613104142,62661.361
4.19588928215563,0.0271542051988296,23.3441545267536,62668.47
4.19583095705065,0.0264558475943018,23.3444778096266,62675.658
4.19577316686038,0.0266771964121138,23.3511527742072,62682.798
4.19593308138658,0.027278899617824,23.3531263597933,62689.986
4.19597882585327,0.0259951463925483,23.3534042190318,62697.127
4.19598295611237,0.0226828931831466,23.3455892610639,62704.298
4.19575452008456,0.0262541325325169,23.3451323319728,62711.455
4.19576390243772,0.0254480835524285,23.3372504696264,62718.611
4.19581251194434,0.025531238673286,23.3537099356889,62725.72
4.19575214466148,0.0252126803273733,23.3449841954476,62732.845
4.1957925914127,0.0253197335833945,23.3382787643689,62740.017
4.19638210074981,0.0252652272824094,23.3372923469021,62747.173
4.19607015954851,0.0246935593248318,23.3368384603566,62754.345
4.19567430815341,0.0262984902017224,23.3408123958535,62761.502
4.19591817575049,0.0267056774246411,23.3426136198119,62768.673
4.19615512311817,0.0252221755286557,23.337739840992,62775.814
4.19560174955067,0.0265021956848033,23.3452981086173,62782.986
4.19548772513446,0.024194691750953,23.3385263933338,62790.111
4.1966737397105,0.0342429247782937,23.3361258071835,62797.314
4.19704064352636,0.0311763510194708,23.3245812470506,62804.455
4.1969397222956,0.0386418333625788,23.3232190668646,62811.658
4.19680279273192,0.0347301271663112,23.3358259669712,62818.783
4.19704430209347,0.0321353799923288,23.330388261872,62825.908
4.19719412795506,0.0345934441249619,23.3321787784866,62833.08
4.19712741194469,0.0330908809235831,23.3224201559587,62840.22
4.1971279913057,0.035441877425449,23.3291852806805,62847.408
4.19712964879182,0.0341463617095628,23.331249488334,62854.47
4.19697283116605,0.0348818546787178,23.3274103308253,62861.533
4.19732708478145,0.0322307952523716,23.3354498173554,62868.595
4.19723292197768,0.0323022758843754,23.3247838416052,62875.627
4.19746959824358,0.0301078135428105,23.3212096653507,62882.673
4.19730738624153,0.0356518149621554,23.310227514537,62889.767
4.1971320258905,0.0328869257622651,23.3112531481097,62896.83
4.19723725550976,0.0333993103455497,23.322738958027,62903.923
4.19725115250174,0.0341188866124012,23.3105699873204,62911.002
4.19716543005417,0.0293414730211346,23.3109183159618,62918.064
4.19723241143754,0.0353771763896618,23.3092056042221,62925.142
4.19726086762139,0.032897995678146,23.3117749803399,62932.22
4.19748081626069,0.0313892268174187,23.3077575913419,62939.283
4.19786233498537,0.0322943211691019,23.3055772876706,62946.361
4.19760991204393,0.0328645213954876,23.3029480059529,62953.423
4.19730171435749,0.0339521335361669,23.3165165205535,62960.47
4.19737884226628,0.0356031238599303,23.3076586277649,62967.502
4.19759882332103,0.0320590093374579,23.3195031949425,62974.548
4.19758295971162,0.0332566337275514,23.3168932766096,62981.642
4.19731808554531,0.0330971383544217,23.3106790731378,62988.736
4.19766890380468,0.0331696401735246,23.3110026918242,62995.798
4.19735588150193,0.0336210045195328,23.3088151195726,63002.861
4.19772971615774,0.0312506469356344,23.304720708839,63009.908
4.19773379293391,0.0321114878529988,23.3019001334746,63016.939
4.19762609213739,0.032800665242439,23.3115339856638,63023.986
4.19783329266546,0.0338231912922956,23.3016404358335,63031.002
4.19739066334077,0.0352489234322205,23.3091174876861,63038.064
4.19747238879517,0.0334523133840167,23.3103093116561,63045.158
4.19776583279166,0.0347657078847489,23.3097806107314,63052.236
4.19779501130481,0.0339191412958701,23.3038084507699,63059.314
4.19762869130037,0.0301707374118015,23.3115543415917,63066.361
4.19782580443624,0.0331231033687456,23.3063417488786,63073.408
4.19786257029797,0.0328396866270641,23.3019721517693,63080.439
4.19744407866907,0.0345801691897046,23.3043157689048,63087.486
4.19747176211621,0.0316714803582747,23.30094101131,63094.517
4.1977758954135,0.0327708238321944,23.3051370270168,63101.658
4.19762830338875,0.0344339973506657,23.2989766884873,63108.736
4.19807679869741,0.0347634308303205,23.2944556357263,63115.798
4.19795259463237,0.0375629335207594,23.3104866188061,63122.877
4.19690771684714,0.0236079010152944,23.305927511789,63129.97
4.19678535052923,0.0243288900942351,23.3127799814721,63137.048
4.19676234101968,0.0205867846104331,23.2946610354169,63144.111
4.19662037615147,0.0246720334151734,23.300566051113,63151.189
4.19685354922811,0.0237889937977192,23.3027739560529,63158.252
4.19665560961476,0.0219710641955543,23.3024908043058,63165.283
4.19663679061758,0.025658933593973,23.3038067450616,63172.314
4.19641920412364,0.0229512860067887,23.3039549925874,63179.283
4.19656769268691,0.0217543518804116,23.3099240348044,63186.267
4.1965927510041,0.0232969617196838,23.2988164962784,63193.267
4.1964413367685,0.0217942569843314,23.3015072006671,63200.267
4.19635244120425,0.0246424674104702,23.2988538774149,63207.267
4.19667952794886,0.0227826264028325,23.293917803642,63214.283
4.19642640031877,0.0249258251059412,23.2958169510821,63221.267
4.19661152537168,0.0259687378949569,23.2931598067629,63228.267
4.1967045037114,0.0233158536485517,23.2954552400395,63235.283
4.19631634699831,0.0240803270350392,23.302846746146,63242.283
4.19664086328561,0.0238007883837089,23.2924943375616,63249.283
4.19640668953243,0.0249471608694316,23.2928253275367,63256.283
4.19664025365572,0.0226242748815134,23.3113819214008,63263.283
4.19657842907664,0.024062017295225,23.2970534927707,63270.283
4.19652864632618,0.0247386516480152,23.2957801347514,63277.314
4.19654968654961,0.0213373469503353,23.2863745757359,63284.439
4.19670895128109,0.0216779334019029,23.2947737709048,63291.486
4.19640134697365,0.0234650968877649,23.2863436599294,63298.548
4.1966406718595,0.0229400337283899,23.2878155407741,63305.595
4.19645292573518,0.0240181958767447,23.2918487605281,63312.642
4.196281097282,0.0247254969736008,23.2866091735545,63319.689
4.19624350981307,0.021370352727673,23.295030954979,63326.736
4.19619598727874,0.025025048430269,23.2999530871459,63333.767
4.19631471908213,0.0210056599589816,23.2925354452939,63340.814
4.19651025004342,0.0237852413107187,23.2884159928314,63347.845
4.19624813385117,0.0204849220117861,23.2885213213383,63354.877
4.19650204620097,0.0207920794827598,23.2881771345694,63361.892
4.19681753665856,0.0247187969575191,23.2890672724168,63368.923
4.19620523511362,0.0260708098210263,23.2835898171125,63375.939
4.19655844948399,0.024034233434447,23.2884711216548,63382.97
4.19644153169317,0.0224687813696805,23.2900447594539,63389.986
4.19620534249086,0.0226974469537857,23.2868508540622,63397.002
4.19680306761861,0.0275296981112049,23.2890387680127,63404.017
4.19622318301043,0.0253313178500147,23.2878313233821,63411.033
4.19646766792891,0.0233747054054453,23.2924717807793,63418.033
4.19658575398026,0.0247506370608233,23.2837440972686,63425.048
4.19625079103643,0.0242707223037602,23.2892514229038,63432.064
4.19638015120679,0.0255844739017836,23.284508041525,63439.08
4.19644293481812,0.0237044734481035,23.2818816030675,63446.08
4.19660773631203,0.0263998251906023,23.2836621189039,63453.095
4.19613360204391,0.0237091143082357,23.2802996052249,63460.111
4.19653799184742,0.0231025873038306,23.2727950945276,63467.111
4.19657750057858,0.0191145078994175,23.267467060126,63474.127
4.18481632859354,-0.00316520628298202,23.4014770503688,63475.127
4.1852524053431,-0.00142754219438173,23.4097993778292,63484.486
3.96884678375774,-2.01089595173712,23.4211248020607,63498.971
3.94036036088113,-2.00654391763739,23.5397056479637,63512.689
3.91913339426665,-2.00810610394759,23.6785004336827,63526.439
3.9022159331528,-2.00991968959122,23.8245461160383,63540.189
3.88730931815541,-2.00724939174348,23.9603306925095,63553.908
3.87460488481399,-2.00785684111654,24.1121099341431,63567.564
3.8632354097008,-2.00788140274776,24.263033197723,63581.346
3.85268435461766,-2.00803033329883,24.4159110261501,63595.08
3.84345061861184,-2.00826987279587,24.5621641426594,63608.736
3.83481301659595,-2.0069532645941,24.7194207669894,63622.377
3.82709902655333,-2.00945971580669,24.8839531606438,63636.08
3.81981136456056,-2.00735719086911,25.0164786574279,63649.752
3.81307246056137,-2.00743520539325,25.1644010404697,63663.424
3.80666080338641,-2.0085780448256,25.3124287868838,63677.127
3.8004901368035,-2.00697886931903,25.4657066733982,63690.814
3.79489416488838,-2.00697199726725,25.5995874128381,63704.549
3.78946741025686,-2.00945211579503,25.7373614080323,63718.205
3.78421409199266,-2.0091751761395,25.8783059921966,63731.846
3.77882289412884,-2.00879274034285,26.0199199266513,63745.486
3.7737142414666,-2.00701870252988,26.1676455202903,63759.111
3.76842048535437,-2.00944221353428,26.3040642121403,63772.768
3.7627706457126,-2.00716172576982,26.4501028752582,63786.393
3.75739652283099,-2.00615016466551,26.5828153355045,63800.143
3.75175111646548,-2.00581374467569,26.7163501426604,63813.877
3.74603311608999,-2.00971736295007,26.8634173793269,63827.549
3.74032877098036,-2.00771083780992,26.9894545742329,63841.268
3.73406850212265,-2.00727833057889,27.1127819677493,63854.893
3.72825211377876,-2.0084306080116,27.23565362184,63868.611
3.72188387236491,-2.00815520442076,27.3741158453861,63882.221
3.71554383683419,-2.00696647046789,27.4962301803418,63895.861
3.70931834401373,-2.00880808170982,27.5990595191598,63909.518
3.70315384819015,-2.00761860309515,27.7012313272579,63923.205
3.69667168735644,-2.00685129501062,27.8025953213236,63936.893
3.69077418270918,-2.00811968877444,27.8862420282679,63950.564
3.6847060784354,-2.00636697532139,27.957734261635,63964.221
3.67900776866238,-2.00749619778426,28.0325867211818,63977.908
3.67360148577308,-2.00622975427796,28.0944666681823,63991.564
3.66833661917121,-2.00848571657615,28.1402225383611,64005.236
3.6630097790504,-2.00453843255017,28.189490615728,64018.908
3.65826136844973,-2.00903401162215,28.2241420232798,64032.502
3.65314432313138,-2.0059221393119,28.2574416717492,64046.158
3.64878341683149,-2.00919330219922,28.3059578174234,64059.83
3.64388243539354,-2.00492125166331,28.3279171829592,64073.471
3.63927528722923,-2.00573683953822,28.3490809850676,64087.096
3.6347195960556,-2.00921045909845,28.3726811117265,64100.814
3.63005680857025,-2.00532639509197,28.4059059672015,64114.564
3.62548782420415,-2.00703330479702,28.4303984637705,64128.361
3.62106852859732,-2.00992318702302,28.4502613025741,64142.018
3.6164847646608,-2.0073709709641,28.4769281062236,64155.674
3.61201696437383,-2.00721844420839,28.5265230412932,64169.33
3.60748665332231,-2.00614600385035,28.5632865105905,64183.002
3.60292462590897,-2.00544855215579,28.5866695388699,64196.674
3.59861836299986,-2.00612281622635,28.6265425861284,64210.314
3.59421837616281,-2.00736317851757,28.6672601519297,64224.033
3.58988465101214,-2.00658673505538,28.7182726778064,64237.674
3.58544850152064,-2.00636254433404,28.7658026885113,64251.299
3.58114912810803,-2.00839572972664,28.8041153500492,64264.971
3.5770572542028,-2.00760981204565,28.8498427314386,64278.58
3.57247751261591,-2.0093420853447,28.9093045049151,64292.205
3.56846816479692,-2.00862399933913,28.9718044340149,64305.986
3.56431354679522,-2.00764896014974,29.0306086411877,64319.83
3.56000262656637,-2.0100853381736,29.0938472160841,64333.627
3.55602507158648,-2.00803917808286,29.1586194726768,64347.393
3.55188342095446,-2.01015464369287,29.2208116813009,64361.252
3.54786542237228,-2.00895434400116,29.2838472995036,64375.033
3.54353620540433,-2.00684530712564,29.3449934962701,64388.814
3.53996965049976,-2.00892305696949,29.4199011595702,64402.58
3.53615155158261,-2.00733715276778,29.4821523533909,64416.393
3.53232387988544,-2.0101572144761,29.549096649808,64430.189
3.52838695905899,-2.00901034934595,29.6161223877585,64443.955
3.524842897223,-2.00830640709396,29.6659426950875,64457.689
3.52107960792818,-2.0078870414667,29.7309889411159,64471.471
3.51750496781695,-2.01022340799019,29.8066833711652,64485.252
3.51363717977158,-2.00927584519506,29.8730929675115,64499.064
3.51019223626192,-2.01006720013875,29.9414240519643,64512.846
3.50672337289535,-2.00663585553461,30.0075467882602,64526.643
3.50316924811234,-2.01052103130412,30.0751554812338,64540.455
3.49983054448457,-2.00747794671445,30.1310363408487,64554.268
3.49645001479632,-2.00949353407476,30.201897424858,64568.08
3.49269301335015,-2.00829058177853,30.2605836503632,64581.893
3.48949052027427,-2.01001462692306,30.3230623641997,64595.674
3.48629805455458,-2.00685856298909,30.3916869025922,64609.455
3.48296341093145,-2.00760967674837,30.4538185304047,64623.236
3.47990286865736,-2.0109044786401,30.517313632382,64637.064
3.47670604607414,-2.00647751174688,30.5842059428127,64650.924
3.47361966374477,-2.00780840966236,30.6481762925706,64664.705
3.47067573965338,-2.00828461258977,30.7205899656579,64678.502
3.46713581786656,-2.00986096126976,30.7816487800078,64692.236
3.46425664393238,-2.01106112472222,30.8496019101119,64706.033
3.46126567242716,-2.01110023329035,30.9190411582249,64719.893
3.45849346668939,-2.00958397487762,30.9829997819911,64733.674
3.45554036211471,-2.00700936653853,31.0407167095494,64747.408
3.45232317597627,-2.00634545172952,31.1177591997685,64761.221
3.44942815253846,-2.01009365404194,31.1761378673889,64775.096
3.44671511003681,-2.00714037989384,31.2454572470661,64788.908
3.44385095385544,-2.00832605475098,31.3132207457462,64802.721
3.44126290646851,-2.00862282106499,31.3714666559335,64816.502
3.4382533713249,-2.00842634938704,31.4408170910328,64830.299
3.43529746151693,-2.00923007649047,31.5000814486543,64844.143
3.43258947233298,-2.00924836251635,31.5691957617204,64857.971
3.42983439013924,-2.00670559707115,31.636627081126,64871.768
3.42730714631488,-2.0074260212318,31.7037778292189,64885.611
3.42447842721616,-2.00768889069722,31.7651738605496,64899.377
3.42183008492399,-2.00751283797717,31.8205578842687,64913.158
3.4191891013517,-2.00805393204131,31.8889971168391,64926.955
3.41650573041443,-2.0073710990056,31.9613439660752,64940.783
3.4135941051663,-2.00797503694792,32.0095140549986,64954.518
3.41112276738527,-2.0068914831579,32.0820260341248,64968.283
3.40850301715498,-2.01042613828355,32.136592814051,64982.127
3.40583094726589,-2.00939332612188,32.2062068348425,64995.939
3.40300216124015,-2.01001764219372,32.2811571846157,65009.736
3.40041372740911,-2.00853259760188,32.3372991422181,65023.518
3.39798855962519,-2.00853836444695,32.402172442712,65037.33
3.39533701965489,-2.00882684283921,32.4627617229443,65051.158
3.39270063167117,-2.00998471156131,32.5452209858604,65064.939
3.38979583042273,-2.00780960473902,32.5934670847046,65078.721
3.38715717036002,-2.00735860147711,32.6514125791215,65092.471
3.3846010071003,-2.0084167036415,32.7289600744616,65106.283
3.38190972933139,-2.00899361752194,32.7958911879833,65120.049
3.37916271291947,-2.01150469417844,32.8468635383999,65133.83
3.37630964230176,-2.01032105165085,32.9202852519823,65147.611
3.37360349716865,-2.01134709076313,32.9852140325924,65161.377
3.37083519497415,-2.00546491471106,33.0494819444927,65175.158
3.36797151557566,-2.00703140507822,33.1177506964106,65188.908
3.36508144533274,-2.00926452350515,33.1876295563375,65202.705
3.36249234867718,-2.0086451572546,33.2582881088957,65216.533
3.35933059873846,-2.00695543914927,33.3199616725087,65230.33
3.35642661863478,-2.00944040542077,33.3919795269629,65244.111
3.35345377016631,-2.00682054596506,33.4685775916661,65257.986
3.35039592101149,-2.0065202664734,33.5322438938176,65271.783
3.34730058106198,-2.00828613667104,33.6036163899609,65285.58
3.34417101452445,-2.0088006487816,33.6809065490063,65299.377
3.34104985442825,-2.00903075881692,33.7486793022194,65313.189
3.33780485717018,-2.01068332773258,33.8279476927071,65326.986
3.33452526635265,-2.00931657603894,33.8945666929162,65340.736
3.33101678092718,-2.0079534295761,33.9679289179041,65354.518
3.32757547947422,-2.00999210210728,34.0502115215619,65368.361
3.32389404444893,-2.00851162678901,34.1013750758494,65382.189
3.32022606317803,-2.00853520851036,34.1721646908861,65395.971
3.3165286308784,-2.00971397421617,34.2470687825849,65409.752
3.312620364927,-2.00633377847313,34.3284950104448,65423.58
3.30836625242769,-2.00700014562477,34.4050837746177,65437.502
3.30418467624607,-2.01016290371293,34.477628392282,65451.314
3.29992816314486,-2.00899113349556,34.5539859243606,65465.158
3.29545995012957,-2.01052730412166,34.6257848972751,65478.955
3.2906940489541,-2.00717892952823,34.7074432152928,65492.783
3.28553211285222,-2.01118180445603,34.7927855671815,65506.549
3.2801020215331,-2.00934546123518,34.8547462576225,65520.299
3.27449110160638,-2.01186401991175,34.9340360569195,65534.111
3.26878622908034,-2.0080972409811,35.0105013865166,65547.877
3.26216397496261,-2.00897357183645,35.0962718158413,65561.658
3.25499873033662,-2.01182769449458,35.1723959233685,65575.424
3.24828504645503,-2.01056986833481,35.2468782347478,65589.221
3.24077008240089,-2.01140355726817,35.3382941135566,65603.002
3.23243082638353,-2.00853525324475,35.4272511920284,65616.799
3.22353410754015,-2.007236815992,35.5111517851781,65630.611
3.2141739463465,-2.00856866513053,35.5947111151378,65644.424
3.20418266973732,-2.00382371806618,35.6879970989932,65658.236
3.19350218541948,-2.00793366273898,35.772650759621,65672.002
3.18196744850842,-2.00908308245986,35.870168859926,65685.799
3.16954723056155,-2.00566694165129,35.9514746522878,65699.58
3.15582405878443,-2.00795917044155,36.0505277919288,65713.408
3.14148094656703,-2.01069930767825,36.1419539110527,65727.174
3.12580654607129,-2.00879367582773,36.2448168862197,65740.955
3.10856963021698,-2.00872388160964,36.3502754392129,65754.705
3.09012113673631,-2.00813346304854,36.4561310449779,65768.486
3.07039681579031,-2.00833928318945,36.5559275302054,65782.299
3.04881727817623,-2.0061187182969,36.6701433735563,65796.127
3.02499516709056,-2.01045970970716,36.8024051923171,65809.955
2.99938809366186,-2.00864794212391,36.9017028229977,65823.783
2.97203051141618,-2.00785762581016,37.0358172276206,65837.549
2.94150081075562,-2.00944985745724,37.1776655793989,65851.33
2.90730014623927,-2.01101784523225,37.3174756210629,65865.111
2.86704441537696,-2.00901525084101,37.4814279912927,65878.939
2.81667693479728,-2.00727997986284,37.6318246227601,65892.658
2.74973824050768,-2.01070035926528,37.786594642279,65906.439
2.65437823028075,-2.00646701669102,37.9689371898929,65920.236
2.5082325110656,-2.0112246063511,38.1752912098172,65934.049
2.27863388865003,-2.00802091424028,38.4038487884321,65947.971
2.81995030920283,0.00169371460543135,38.653878666532,65961.908
2.96767592146695,0.00297349447857591,38.6719195814831,65975.83
3.05658223885351,0.000131101185791475,38.5727003548956,65989.721
3.1257647976327,0.000593108391306046,38.450611718629,66003.689
3.17999681415664,0.000218952902151562,38.2889393556992,66017.643
3.22289515582601,-0.00158762511237847,38.1028520122085,66031.705
3.257163238229,-0.000116874638478534,37.8906956305803,66045.689
3.28607536506056,0.000682694953433286,37.6817990642849,66059.627
3.31069361551546,9.82502768113798e-05,37.4584116671437,66073.58
3.33237689257711,0.001969704747865,37.2263090894458,66087.643
3.35102776058106,0.000919731958473919,37.0327821572029,66101.674
3.36809523522785,0.000657559787295208,36.7973916107249,66115.736
3.38334623656064,-0.000137117108423593,36.5678907038099,66129.861
3.39712617544182,0.000191289932449225,36.3623423299111,66143.924
3.40926782005239,-0.000898610921293966,36.1222006423307,66157.986
3.42034077977535,0.00102031053944366,35.9145870317148,66172.033
3.43105062683677,-1.53735244046084e-05,35.7041775258629,66186.205
3.44064733126767,0.00341972708510847,35.4904755102963,66200.283
3.44937447540376,-0.00091465038866704,35.2732809566657,66214.314
3.45773220893207,2.94627686066431e-05,35.0817702475143,66228.377
3.49518939906137,0.00207533989972751,34.0130889117498,66229.377
3.17446762247244,-3.58474645511863,33.9345074515479,66231.83
3.55444867833098,1.51644613632181,33.9216184417244,66238.752
3.61611843737749,1.51182565091268,33.92513145881,66245.549
3.64777402865562,1.51387013641408,33.8564309175735,66252.393
3.67304059854223,1.51514182141708,33.7721519019276,66259.205
3.6941468191691,1.51856775020427,33.6813143178346,66265.971
3.71298557031128,1.51506012825657,33.5778826865576,66272.736
3.73022856605305,1.51399952141589,33.4772579361025,66279.518
3.74548150621314,1.51518531801233,33.363445476573,66286.33
3.75927967958188,1.51423884716882,33.2550759840791,66293.096
3.77204851643094,1.51503762191479,33.1700152033631,66299.861
3.78372246851283,1.5130556672671,33.062230474117,66306.674
3.79415539114814,1.51358754071012,32.9696645777859,66313.439
3.80354228861625,1.51500674796106,32.8816094657862,66320.236
3.81255630113899,1.51691422885289,32.7831721616195,66327.049
3.81963520135364,1.51485067564469,32.7006665113399,66333.799
3.82688370161346,1.51217350478134,32.6093563382719,66340.564
3.83193169416167,1.5207526729712,32.523578958296,66347.361
3.83719322340266,1.51786061229665,32.4473646948964,66354.111
3.84114167323888,1.51601825685032,32.3527803452613,66360.924
3.84470386958255,1.51801824739478,32.2797241569661,66367.674
3.8480520931783,1.51906178476653,32.1995499997893,66374.439
3.85066165187426,1.51444630530861,32.1077055777724,66381.221
3.85353744031242,1.51625410930282,32.0428622802073,66387.971
3.85633955669247,1.51506389531627,31.9733132347493,66394.768
3.858819435238,1.51438837541785,31.9027533079252,66401.518
3.86160129891363,1.51568711275826,31.8359435585174,66408.268
3.86434158636168,1.51820732697245,31.7864797827486,66415.064
3.86665067091514,1.51514623338929,31.7103531039984,66421.814
3.86933438206699,1.51622101773637,31.6332425581898,66428.955
3.87194882997106,1.51216641040135,31.5614096707312,66435.846
3.87430167522436,1.51395118626898,31.4963153546774,66442.736
3.8766316321503,1.51433127722834,31.4372244874737,66449.643
3.87914281429528,1.51491611631216,31.3833678790251,66456.564
3.88168203890177,1.51642941142202,31.3160435681112,66463.502
3.88418907744333,1.51496226361731,31.2475690851806,66470.439
3.88625772248808,1.51529311079448,31.1959650239136,66477.377
3.88882503403933,1.51559777616556,31.1350878510782,66484.299
3.89120491416795,1.5182486844942,31.0704871939888,66491.236
3.89352245458012,1.51838247768624,31.0123573017151,66498.174
3.89583047042416,1.51540557260187,30.9651922983913,66505.111
3.89799864153088,1.51428037554033,30.9174866857796,66512.049
3.90053477779934,1.51425046281978,30.8565741698545,66518.986
3.9026177585386,1.51650792930387,30.8079615500499,66525.924
3.90474266613706,1.51220517308776,30.7457154139242,66532.861
3.90703673759392,1.5166978424468,30.6927154347855,66539.799
3.90920521542246,1.51561011856073,30.6389267224555,66546.736
3.91144044943662,1.51435190651251,30.5892215122562,66553.658
3.91325505225479,1.516484285978,30.5371905307905,66560.596
3.91532322952148,1.5167607038108,30.4838176918215,66567.471
3.91740794077863,1.51847185318442,30.4528933243569,66574.361
3.91964393194405,1.51640984446221,30.404365554406,66581.236
3.92180300118113,1.51546571894822,30.3525225468697,66588.143
3.92372872952204,1.51440436819643,30.3127871632588,66595.064
3.92527004262303,1.51860250386729,30.2712062932754,66601.971
3.92753850077926,1.51640349876516,30.2180986637712,66608.908
3.92922998191072,1.5147768257407,30.181277757113,66615.846
3.93096015078942,1.51903939127601,30.1453896297955,66622.783
3.93289881091244,1.51897197056399,30.1034216002662,66629.658
3.93444493603693,1.51360269845578,30.0602969328825,66636.518
3.93602122346414,1.51627790850383,30.0218818353722,66643.408
3.93753248702631,1.51474170112467,29.9818433968478,66650.299
3.93927805027368,1.51541219401327,29.9430224344023,66657.236
3.94057108636155,1.51500024936885,29.9083144269434,66664.111
3.94243799614803,1.51613415484287,29.8711671225574,66671.049
3.94378067171988,1.51539569490453,29.8316329489512,66677.971
3.94559176145805,1.51560581626656,29.78521832681,66684.877
3.94696191558829,1.51437263719034,29.7519221554073,66691.768
3.94831523920694,1.51462438620373,29.7133076525172,66698.705
3.94993680375677,1.51827822581982,29.6706403042844,66705.58
3.95147050274528,1.51666524947631,29.6418639199708,66712.502
3.95295930566051,1.51391743903727,29.6073650364534,66719.377
3.9541786767359,1.51482081249741,29.5784333579922,66726.283
3.95561795824909,1.51370823120765,29.5416766740153,66733.158
3.95683605101531,1.51607464537653,29.5163797255637,66740.049
3.95833106120799,1.51727723602835,29.4881053438332,66746.908
3.95974228518808,1.5142660155928,29.448211171248,66753.846
3.96111645063488,1.51803230424118,29.418504654594,66760.705
3.96229168536962,1.51257258181078,29.3887366434408,66767.627
3.96341101518519,1.5169626203355,29.3616069800552,66774.471
3.96500359015957,1.51550449211258,29.3307767063187,66781.314
3.96595561813197,1.51475895984278,29.3026600982782,66788.252
3.96743860459608,1.51607075251819,29.2686973384263,66795.08
3.96862222659535,1.51249642467446,29.2372038397468,66801.986
3.96965292151765,1.51608471081958,29.2114479046203,66808.846
3.97098118627044,1.51488327066241,29.1871227634783,66815.783
3.97225858147191,1.51582592715332,29.1622795046951,66822.658
3.97330131221534,1.51489716961377,29.1288781341222,66829.533
3.97436850960403,1.51518499556081,29.1114526061175,66836.439
3.97591094299428,1.51514170088151,29.0830725208033,66843.346
3.97690460128516,1.51434938333222,29.0610320633974,66850.221
3.9781696404775,1.51819332385931,29.0356346026463,66857.111
3.9793503829632,1.51793540648941,29.0023552453436,66863.971
3.9805078674568,1.51515602460316,28.9850329138377,66870.814
3.98162367400883,1.5175718228925,28.966837423301,66877.689
3.98254638704964,1.51459413150288,28.938666421563,66884.518
3.98376310379497,1.51602940352457,28.9120823171435,66891.424
3.98498711166258,1.51450449231721,28.8953735616987,66898.33
3.98583319191839,1.51576998762903,28.8668949800694,66905.283
3.98718031559167,1.51809742301518,28.8459973833923,66912.158
3.98828298284211,1.51683619222346,28.832833515567,66919.127
3.98946902795889,1.51438191912214,28.8042217822199,66926.018
3.99058600009299,1.51594615209464,28.7768208198336,66932.861
3.99186583135699,1.5169769804633,28.7517011819238,66939.783
3.9925489870616,1.51797618308466,28.7295694089669,66946.658
3.99395791703371,1.51707548255064,28.7017558070473,66953.58
3.99498446683268,1.51406047235102,28.6989531068171,66960.471
3.99604187693023,1.5206547690196,28.6779863682597,66967.361
3.99748513482709,1.51519808690419,28.6579505897766,66974.205
3.99805009926041,1.51707186225866,28.6305092214734,66981.111
3.99951800271311,1.51555435012509,28.6048284876003,66987.986
4.00086123751727,1.51605576324527,28.5925931099694,66994.939
4.00218037557293,1.5141004502422,28.5707912092715,67001.861
4.00299203814585,1.51616516516237,28.5488249875947,67008.768
4.00423966036107,1.51564958924709,28.5364924451912,67015.627
4.00515214237792,1.51658447313843,28.5234912942188,67022.518
4.00640194642355,1.51355384562555,28.5048246622284,67029.408
4.00733921810385,1.51589455939201,28.4865619911106,67036.299
4.00872433097223,1.51635923133246,28.4726992677514,67043.158
4.0098534730413,1.5183822463174,28.456688450317,67050.049
4.01093810508083,1.51623857178162,28.4367387579096,67056.971
4.01190219900146,1.51838459537326,28.4214436472788,67063.908
4.01350992993733,1.51534880031808,28.406507153826,67070.846
4.01426879049939,1.51571358332268,28.3980293942763,67077.783
4.0152170672106,1.51860588965568,28.3784348461669,67084.658
4.01661842699683,1.51621135426609,28.3656540907473,67091.596
4.01758527334616,1.51479875843691,28.3471752769204,67098.471
4.0188900433555,1.5171175666179,28.3348590940543,67105.439
4.01993436841824,1.51623742748298,28.3243947124392,67112.361
4.02107342696533,1.51422564933664,28.3183814910926,67119.205
4.02224106086278,1.51524850424967,28.3022634271575,67126.143
4.02307945661841,1.51775994958496,28.2844622432626,67133.002
4.0239704847853,1.51626949606074,28.2672845129569,67139.893
4.02538093163718,1.51614403810988,28.2608229074267,67146.752
4.02655623425082,1.51683610058214,28.2535324992902,67153.643
4.02783118885876,1.51637611218814,28.2489475883302,67160.533
4.02870422992627,1.51647714935041,28.2302550787095,67167.439
4.02972772426865,1.51609738693087,28.2183814903536,67174.346
4.03089604683266,1.51438111119545,28.2021603925184,67181.205
4.03188116394387,1.51472028589244,28.1937498319501,67188.096
4.03291498195379,1.51337186560089,28.1795246088284,67195.018
4.03419976004208,1.51660295102901,28.1777628130747,67201.939
4.03543956535653,1.51779521548997,28.1634905859329,67208.83
4.0364461589377,1.51795210127295,28.1542822081124,67215.689
4.03734224581922,1.51656483195928,28.1429540494087,67222.596
4.03834923551641,1.51500804680382,28.1417110472999,67229.439
4.03952887197822,1.51819237836034,28.1362564996416,67236.346
4.0406366284528,1.51747214247124,28.1195529040807,67243.205
4.04175215158136,1.5178724020673,28.1217979922566,67250.111
4.04267766890447,1.51974789239759,28.1071756288283,67256.971
4.04386865888027,1.51528623909493,28.0946347222654,67263.924
4.04519429622505,1.51519877131803,28.0890610238353,67270.83
4.04597008245675,1.51670821801008,28.0857310599506,67277.705
4.04736656325707,1.51567690176729,28.064041901566,67284.611
4.04816668654729,1.51578516029108,28.0640940279854,67291.471
4.04934745264933,1.51468124435263,28.0532967015968,67298.393
4.05040449570622,1.51517910289598,28.0529188747628,67305.299
4.05151328639619,1.51572673979041,28.0496644707489,67312.158
4.05272948065906,1.51278668683895,28.028484436901,67319.064
4.05383961540998,1.51837011155081,28.0303381965835,67325.924
4.05474414046061,1.51633030818466,28.0253128305424,67332.861
4.05611930651783,1.51570827662062,28.0137904635118,67339.736
4.05690419636664,1.51299631490897,27.999101231467,67346.658
4.05831203505499,1.514719215117,27.9974906389188,67353.549
4.05936536234834,1.51760159003477,28.0022089537329,67360.408
4.06014363915571,1.51613948756921,27.9899216707514,67367.314
4.06161378832262,1.51633740152023,27.9846149219851,67374.174
4.06289573445896,1.51694628718983,27.9833077644658,67381.08
4.06379634132413,1.51569912117778,27.97812771643,67387.924
4.06475889107176,1.51522839680439,27.9611648272488,67394.783
4.06595563033557,1.51413185118149,27.9681319022123,67401.721
4.06702626328101,1.51490718267829,27.9646798031604,67408.596
4.06823070311935,1.51400015044212,27.9556426565721,67415.502
4.0695871008236,1.51562109174269,27.9604577929369,67422.424
4.07052939820059,1.51603583205292,27.9596629980413,67429.283
4.07160821417611,1.51573715700929,27.9518932562295,67436.189
4.07291421178469,1.51696902269341,27.9492146248679,67443.033
4.07363724825607,1.51680862443707,27.9436454505598,67449.939
4.07536904767116,1.51633420004792,27.9475190831196,67456.783
4.07618461968899,1.51807310592024,27.9386125167763,67463.721
4.0776132350696,1.5151405749208,27.9535541322993,67470.58
4.07839142916269,1.5172288677765,27.9411885258325,67477.486
4.07997449421282,1.5145853523692,27.9374624959072,67484.33
4.08096798736553,1.51789209671296,27.9334897663788,67491.283
4.08215384707186,1.51445136408223,27.9317541135453,67498.205
4.08316362580568,1.51541255983806,27.932655237866,67505.049
4.0843804397132,1.51778878063249,27.9319919516163,67511.955
4.08567094120218,1.51550778492646,27.9177957749545,67518.814
4.08691235697454,1.51487997192009,27.9234953348992,67525.752
4.08789072808736,1.51877856136508,27.9283000215238,67532.611
4.08942007176854,1.51477670791873,27.9256343307022,67539.533
4.09067255327637,1.51551677144224,27.926605346927,67546.439
4.09195101653859,1.51513951225608,27.925031057343,67553.299
4.0930078377054,1.51741972495546,27.9221819226323,67560.205
4.09422025599452,1.51819120891735,27.9297451310342,67567.096
4.09563678881844,1.51486708848952,27.9239140848475,67574.002
4.09637881118063,1.51480616566722,27.9305073209196,67580.861
4.09787273537382,1.5175260002618,27.9260356129528,67587.783
4.09891355573294,1.51806396925777,27.9383068053955,67594.705
4.10029836401044,1.51820866427631,27.9226777936102,67601.596
4.1013742282203,1.51639786050836,27.932302907521,67608.502
4.10273692404781,1.51491800325444,27.9322170132505,67615.361
4.10383266096175,1.51445888120335,27.9385174495535,67622.33
4.1053202126533,1.51694899425118,27.9397934229949,67629.205
4.1069157261431,1.51893384639452,27.9316982359839,67636.111
4.10808033581155,1.51407745009044,27.9374742825621,67642.971
4.10891089322495,1.51540968783396,27.9389495844564,67649.924
4.11046693861984,1.51666271313217,27.9493422883043,67656.783
4.11177483167682,1.51812731788666,27.9534953299155,67663.689
4.11306203188542,1.51511537125529,27.9568665380034,67670.533
4.11437614744219,1.51756371755931,27.9640743119989,67677.455
4.11558880034877,1.51854839751933,27.9698592671276,67684.408
4.11679058265426,1.51571702909053,27.9664609909243,67691.252
4.11816527522659,1.51620461448977,27.9690653849154,67698.174
4.11970279436699,1.51541552220917,27.9752490354778,67705.018
4.12113583788291,1.51258060579252,27.9796351609113,67711.955
4.12205999846816,1.51469614874119,27.9873324613559,67718.799
4.12334576514448,1.51496298976197,27.9876582145603,67725.752
4.12487727529192,1.51866895825368,27.9842624095416,67732.658
4.12598383708918,1.51889905402501,27.9893751958019,67739.518
4.12747540007512,1.51835299502935,27.9892763552108,67746.424
4.12878018387159,1.51293381741368,27.9981391277057,67753.283
4.13023642056326,1.51647955047436,28.0106135200818,67760.205
4.13149431374766,1.51486651667053,28.0101699942669,67767.127
4.13303709770257,1.51761753963444,28.0082631635836,67774.002
4.13426920741947,1.51476217471877,28.0148552132674,67780.924
4.13566441725622,1.51481623841832,28.0236070425041,67787.768
4.13710084109936,1.51688868082922,28.0312685447314,67794.689
4.13823725453165,1.5171790390142,28.0396647597358,67801.611
4.14010164764099,1.5160840180895,28.039920240408,67808.471
4.14108915021056,1.51320850824867,28.0522893726811,67815.377
4.14267102855255,1.51702151682839,28.0458219106093,67822.236
4.14383591335551,1.51854096810975,28.060780991033,67829.189
4.14520905073967,1.51576931889646,28.0561792158336,67836.111
4.14666859250509,1.51696859048795,28.066472762398,67842.955
4.148339866874,1.51320975421436,28.0716080534531,67849.861
4.14944057826216,1.5180754448548,28.0686863834771,67856.721
4.15101452256854,1.5140977833069,28.0833304964063,67863.658
4.15213397492138,1.51895085884035,28.0929944246564,67870.564
4.15360336610729,1.51709128588783,28.1112175975592,67877.455
4.15501791214373,1.51570778667839,28.1066520434852,67884.361
4.15635934498111,1.5161306059734,28.1142817122367,67891.221
4.15774993798764,1.51423241591834,28.1263509402312,67898.143
4.15903272114324,1.51648619897737,28.1348640793864,67904.986
4.16046818368551,1.51742393495815,28.1401529136136,67911.924
4.16202059297921,1.51386119593604,28.1513455746079,67918.846
4.16320117613275,1.51633417871395,28.1595428795836,67925.689
4.16453705328074,1.51710091731172,28.1688276759517,67932.611
4.16619306459059,1.5189145089307,28.1680306452328,67939.471
4.16758462039699,1.51755281067546,28.1704441325675,67946.346
4.16900940642148,1.51559952052806,28.185926118181,67953.268
4.17014737405017,1.51717656375013,28.2017577585841,67960.158
4.17150009960433,1.51479775931594,28.2068353484,67967.08
4.1729481800422,1.51507656284838,28.220471067783,67974.002
4.17464102059511,1.51511204645711,28.2261847274852,67980.861
4.17583760751786,1.51835822683369,28.2432766249388,67987.783
4.17708754816079,1.5134055459185,28.2555136575606,67994.643
4.17831440269668,1.51611795749338,28.2676504979053,68001.502
4.17977830466398,1.51661543012203,28.2692019223523,68008.361
4.18139482064383,1.51592080212415,28.2823208051729,68015.268
4.18282136962167,1.51511597296609,28.2835100904499,68022.127
4.18385541511763,1.51439144731222,28.3101906844958,68029.064
4.18545545970544,1.51717053184739,28.3174517741139,68035.971
4.18661857295315,1.51696318005294,28.3354888931388,68042.846
4.18783549582117,1.51620575139074,28.3345737471399,68049.752
4.18939364201378,1.51626950215909,28.3528368646919,68056.611
4.19122859331679,1.51664029616969,28.3703992663105,68063.533
4.1924092557838,1.51809308464451,28.365746837095,68070.393
4.19364563793207,1.51616980816779,28.3861469383794,68077.33
4.19490445776449,1.51607855380368,28.4077727019934,68084.268
4.1965935855725,1.51491219766757,28.4183811692578,68091.127
4.19753766034009,1.5174057389459,28.4384666697308,68098.033
4.1990757264499,1.5154781597899,28.4420328192603,68104.893
4.20036217988098,1.51355020555863,28.4617805957692,68111.799
4.19918064191721,1.49012067197376,28.4773031700686,68119.143
4.19994738337324,1.48749199369332,28.4896906538199,68126.158
4.20003182770573,1.47640623913544,28.5044503372639,68133.174
4.20008552750736,1.4668035859025,28.5126327338272,68140.174
4.19983896314173,1.4552253389769,28.5257897177457,68147.189
4.19941335840067,1.44479481495768,28.5546347024869,68154.205
4.20008721430227,1.43906287517445,28.5544990185336,68161.221
4.19974566696269,1.42997082147591,28.56350360389,68168.236
4.19956786540834,1.41838714902428,28.5876802621223,68175.252
4.20040026235908,1.41466123233577,28.5978623033933,68182.268
4.20082545325038,1.41647668523775,28.6112269449676,68189.268
4.20101405922559,1.40639738420159,28.6232335445739,68196.283
4.20059360656781,1.39288885550532,28.6223712606925,68203.299
4.20012525771101,1.385693862983,28.6388284696226,68210.346
4.20011899042099,1.37300205126896,28.638777476174,68217.346
4.20033930195038,1.36966135421428,28.6482882977603,68224.361
4.20085310815627,1.36999136646658,28.6513102726021,68231.377
4.20077030528838,1.35980590642525,28.6674881258214,68238.393
4.20025044894179,1.34644230515436,28.6861602678389,68245.424
4.20064525107525,1.34652399279001,28.6896482635674,68252.471
4.20047345302209,1.33627827620293,28.6947919132905,68259.518
4.20122658440658,1.33346415502295,28.7066643046275,68266.58
4.20086586438725,1.32270255254317,28.7111348982547,68273.627
4.20048203871934,1.31292579522927,28.7085015612492,68280.705
4.20094074362687,1.31372602432289,28.7250779979939,68287.752
4.20051736972303,1.30165082344214,28.7382503169142,68294.783
4.20110178323741,1.29818216543831,28.7455736375073,68301.799
4.20120770697428,1.28583437921736,28.7538187451992,68308.83
4.20062264405855,1.27728655817957,28.7482438427889,68315.861
4.19997211669464,1.26954781558771,28.750571212402,68322.877
4.20075316751195,1.2655397288286,28.7560528372212,68329.908
4.2002353116084,1.25657850643729,28.7718763135681,68336.924
4.20087288905428,1.25208358945205,28.771147421375,68343.939
4.20040095123916,1.24201455515189,28.7751161665677,68350.939
4.20105099556095,1.23923716637122,28.7791260466454,68357.971
4.20162511065267,1.24154670530674,28.7708904611121,68364.986
4.20103796698767,1.22919430197744,28.7698485280682,68371.986
4.20082284595769,1.22228142542712,28.7677033585012,68379.002
4.20177749643394,1.21906982184875,28.7708001897328,68386.018
4.20087777362358,1.20773917293529,28.7757970181288,68393.018
4.20082957556769,1.19509626557908,28.7738101167083,68400.033
4.20034377214216,1.18246552022072,28.7674130991169,68407.033
4.20008899552923,1.17119806631072,28.768421362207,68414.455
4.20053324716499,1.17645962695826,28.776918008714,68421.627
4.20105691595519,1.17533679972702,28.7669334389901,68428.736
4.20089194215078,1.16454739171643,28.7634429504776,68436.314
4.20147745407447,1.16057309779522,28.7634530220888,68443.533
4.20201253476658,1.15814579775393,28.7579731440501,68450.814
4.20200392602074,1.14949930755876,28.7590246739734,68458.08
4.20135738398265,1.13754043033147,28.753932103093,68465.283
4.2021803322774,1.13587875459228,28.7515080676253,68472.549
4.20191561426429,1.12332570423496,28.7492179416189,68479.814
4.20183254122525,1.11386007406875,28.7346350079845,68487.018
4.20156638532597,1.10408811783967,28.7285872862071,68494.283
4.20117850429497,1.09352102131029,28.7283925437951,68501.486
4.20166596506016,1.0932133743928,28.7181321617079,68508.736
4.2012991233929,1.07867285797644,28.7167782385911,68515.939
4.20183961312197,1.07960163526089,28.7089315934437,68523.205
4.2015646491013,1.06878167571748,28.6987817235731,68530.486
4.20133327366609,1.05590182273943,28.6814681266144,68537.783
4.20200556846917,1.05690993305692,28.6811094645956,68545.018
4.20156322545096,1.04589907420087,28.6619284245127,68552.283
4.20132376091762,1.03245797178586,28.6557752364463,68559.564
4.20089494650763,1.02274906540623,28.6349879756976,68566.752
4.20137026695872,1.0207124314397,28.6275219293917,68574.049
4.20195528374876,1.02454279953118,28.6002575668128,68581.314
4.20174460699,1.00588790245909,28.5964436427738,68588.518
4.20225808458499,1.0120238536542,28.5870189115992,68595.799
4.20284254137335,1.00765976988806,28.5756684743828,68603.064
4.20276301008015,0.999174336786991,28.5729768437003,68610.283
4.20258179971368,0.985613218013723,28.5558290459557,68617.549
4.20125957556451,0.966416095784446,28.5418909766096,68624.846
4.20095220706159,0.95637323868757,28.5241133643417,68632.049
4.20056476813964,0.943399271269311,28.5154336495083,68639.314
4.20084190329709,0.94182717171354,28.4929826280002,68646.596
4.20117532580985,0.941863089783544,28.4835807061522,68653.799
4.20169785328635,0.941994904877059,28.4705480899201,68661.064
4.20141024643726,0.928792374162141,28.4459099669604,68668.346
4.2018242087291,0.926891775984922,28.4305092391084,68675.549
4.20137949782278,0.919959729085074,28.4134596818629,68682.814
4.20132863700417,0.90589687569071,28.3940632145331,68690.08
4.20047186522901,0.895908686027681,28.3841915987948,68697.299
4.20108256191984,0.896692101193243,28.3741325520198,68704.564
4.20145488799638,0.897935085674547,28.3465641349666,68711.83
4.20220307856612,0.896552836572513,28.332832517736,68719.049
4.20262547694809,0.893653943004984,28.3199299927606,68726.33
4.20256307367676,0.880175056491254,28.2862028444657,68733.58
4.20124583083747,0.861595077749602,28.2666718374003,68740.783
4.20114258351639,0.865271545289727,28.2575925833296,68748.049
4.20156494265081,0.859790755273294,28.2416171066637,68755.33
4.20200089655496,0.860355952674519,28.220278415193,68762.533
4.20264112958147,0.858459437832542,28.2027747996542,68769.799
4.20145408760043,0.837950605323532,28.1830360774954,68777.064
4.20160345902811,0.838741103310549,28.1628752567172,68784.268
4.20128211329726,0.827864107307749,28.1324637395482,68791.533
4.20029417486224,0.819281715827914,28.1240536387774,68798.799
4.19999851364223,0.808436342911895,28.1053258454841,68805.986
4.20012875281614,0.806626720536351,28.0757426936075,68813.268
4.19929178642699,0.796649012675777,28.0580611714406,68820.549
4.19889895704414,0.785354635057158,28.0347810497089,68827.752
4.1981958400267,0.775526960984466,28.0163220166487,68835.018
4.19802758278179,0.776842330772606,28.0131945461976,68842.299
4.19760669992954,0.763134929623145,27.9791439044381,68849.486
4.19759200870962,0.764443805402882,27.9594444193872,68856.752
4.19789952072603,0.764964327380148,27.9306591751889,68864.018
4.19827818049263,0.765795624909325,27.9180666383217,68871.221
4.19869971994389,0.763137332197571,27.8934210118946,68878.502
4.19786215278304,0.754603828600449,27.8767234523104,68885.752
4.19724520865011,0.742958798050335,27.860696846304,68892.955
4.19734633303225,0.741424176478551,27.8281467591404,68900.221
4.19786178509519,0.74268550637463,27.8214834256862,68907.408
4.19778395201926,0.740655154133368,27.7967300422863,68914.674
4.1981121204981,0.74136000569421,27.7761992388092,68921.939
4.19870681849808,0.739095656480892,27.7572206125737,68929.143
4.19786093604599,0.732040126972527,27.7264061691784,68936.439
4.19693997521468,0.720770551345061,27.723659118203,68943.705
4.19738051908836,0.72156802291954,27.692415133033,68950.893
4.19790988602962,0.721290765246589,27.6747378740938,68958.189
4.19801415474713,0.718917310389327,27.6587950832024,68965.471
4.19831110262917,0.719756378282715,27.6406664289542,68972.736
4.19897942872266,0.714436351133416,27.6078100207756,68980.002
4.19832065621691,0.705443417299764,27.5895845795491,68987.205
4.19819593988819,0.706062103593975,27.5788701743454,68994.471
4.19866192843942,0.707150598492181,27.5508727231723,69001.736
4.19819802658389,0.693774641818148,27.537261391962,69008.924
4.19723518398331,0.686553606059875,27.5085838000535,69016.205
4.19748693487019,0.683459954913087,27.4801098005874,69023.471
4.19797734063312,0.681915441130392,27.4614102340961,69030.658
4.19810973829241,0.681525944107302,27.4313681605987,69037.924
4.19833710569531,0.684812318787026,27.4229580946203,69045.189
4.19865294752765,0.681468881406819,27.3958749770534,69052.393
4.19807478600009,0.671956710134412,27.3866073372543,69059.658
4.19714975837782,0.661558333272422,27.3610226017996,69066.955
4.19752950849436,0.661696724843277,27.3429311342221,69074.158
4.19741618728306,0.660362737186996,27.320944593526,69081.455
4.1977480534729,0.660160906961526,27.3002830495755,69088.736
4.19790244831639,0.657421260768284,27.2838414194953,69096.033
4.19841600167713,0.658437091545867,27.270115106303,69103.299
4.19877861892369,0.659528525041366,27.2453585689396,69110.564
4.19810116810137,0.650773803670767,27.2327609914633,69117.768
4.19855348709163,0.647316714764504,27.2112983885187,69125.049
4.19784078660956,0.637076156693775,27.188069270555,69132.314
4.19781502632134,0.63641579667986,27.1724856490728,69139.58
4.19810006577753,0.638696087627591,27.1444461694211,69146.846
4.19868274769787,0.634796359714498,27.1209388804687,69154.064
4.197684024716,0.626608252373743,27.1134147790896,69161.346
4.19799800178013,0.6262273020563,27.0884919301399,69168.627
4.19851449567785,0.621327884198942,27.0765545126551,69175.877
4.19841595792052,0.624744944880568,27.0548757641992,69183.08
4.19876509462052,0.626320786876183,27.0333209531424,69190.361
4.19807959437831,0.614541774311377,27.0202827698303,69197.627
4.19841273592167,0.613073822725684,27.0013204589096,69204.83
4.19863463874853,0.613556497624399,26.9798771334079,69212.127
4.19780035213468,0.601030443654693,26.9550487161036,69219.346
4.19839962043045,0.60265125455407,26.9451454613876,69226.627
4.19841282677369,0.59766983388463,26.921062313145,69233.893
4.19864076503435,0.600906443067657,26.9127518923212,69241.096
4.19783948121045,0.592471230696114,26.8867053108556,69248.361
4.19812947639039,0.589761245966747,26.8850011653076,69255.627
4.19808534481437,0.586493961793445,26.8588322867046,69262.83
4.19863461168666,0.58949822416642,26.838630055054,69270.111
4.19887489320982,0.588012534591332,26.825932369893,69277.408
4.1989862255224,0.58548286690586,26.8080961446496,69284.689
4.19945118863769,0.586832349875886,26.8001277631393,69292.002
4.19959547106345,0.587832794214145,26.7746698080471,69299.205
4.19900216911597,0.575461237772608,26.7617372103977,69306.471
4.19841910934326,0.565538083830723,26.7348859276049,69313.674
4.19849272889094,0.564500061754282,26.7177810512678,69320.955
4.19878082032906,0.566753187342431,26.7054881291118,69328.221
4.19810132578499,0.555514284535263,26.6961833819819,69335.424
4.19818588707052,0.55672261696,26.6705586224109,69342.689
4.19839257196895,0.55655983490128,26.6494762424119,69349.955
4.19851032549848,0.556080569287647,26.6369793008224,69357.158
4.1986090270972,0.553823904623303,26.6154378862665,69364.455
4.19817316365177,0.54410659785804,26.6011344740433,69371.736
4.19827465876687,0.543540485671592,26.5863596321009,69378.939
4.1982595824186,0.543580399393819,26.5772714269283,69386.205
4.19849850668241,0.542176435838899,26.560591032925,69393.471
4.19889818118531,0.545571626035311,26.5428011908144,69400.689
4.19814701202385,0.530216157003533,26.5255628112302,69407.955
4.19830859884161,0.53135661374789,26.5161222702458,69415.221
4.19869460739977,0.529669898201544,26.4914359492595,69422.424
4.19892993325638,0.530774620116484,26.4752762493961,69429.689
4.19892032022717,0.53252348621951,26.4505050955009,69436.955
4.19937073123194,0.532285734785697,26.4427250058573,69444.158
4.19932832256075,0.532663236923957,26.4171141387855,69451.439
4.19951129121368,0.526718227597558,26.4108481740448,69458.705
4.2002602156372,0.528810892034483,26.396556428622,69465.939
4.19956138839716,0.520340685168056,26.3767486207789,69473.236
4.19877545613077,0.507249877919582,26.3657878730631,69480.518
4.19848195071292,0.50854003296242,26.3545319513012,69487.799
4.19890506464689,0.508604490086379,26.3342458773878,69495.08
4.19907056892716,0.509162236437788,26.3204944632958,69502.346
4.19908752201197,0.504996877724783,26.2951062381321,69509.549
4.19956052707566,0.505840012311183,26.2932543375643,69516.846
4.19884334193808,0.493823862874747,26.2752480431316,69524.143
4.19804333581988,0.486832917829886,26.2603662670098,69531.424
4.197987079238,0.486319454551395,26.2488252356262,69538.674
4.19832884665097,0.484344071369144,26.2293796030565,69545.908
4.1983287851838,0.487351519196674,26.1966041633004,69553.174
4.19838806557057,0.487415256141591,26.1943142196293,69560.439
4.19868702707671,0.486286111456049,26.1846066655578,69567.643
4.19891002165678,0.484761930590186,26.1717015174507,69574.924
4.19917607001029,0.485241835967751,26.1440685374095,69582.189
4.19946501183591,0.484137757129289,26.1359702264132,69589.393
4.19949022002211,0.484044232613346,26.11973219861,69596.674
4.19985253640557,0.484623990180077,26.1055636998461,69603.939
4.19917338693879,0.472076772667501,26.0825893981217,69611.143
4.19957494895445,0.47134506668348,26.0747309700127,69618.424
4.19840748024184,0.461998258519036,26.0671873079741,69625.705
4.1987114831309,0.458964173213136,26.0532217578975,69632.971
4.19883895721856,0.45714046182101,26.0355338394431,69640.174
4.19873625297256,0.462294098463012,26.0151040851901,69647.455
4.19896139023695,0.462390765091864,26.0134039910139,69654.721
4.19940154064455,0.458762242183216,25.9905776960114,69661.924
4.19956308732008,0.457544992286687,25.9741995514756,69669.205
4.19900464172871,0.450090096944803,25.9602208997927,69676.486
4.19885344645873,0.448555681776184,25.9563177631309,69683.689
4.19938197464404,0.446361788661426,25.9428073835954,69690.971
4.19937363184924,0.447991926753202,25.9216087376594,69698.252
4.19950337008941,0.448705981288464,25.9070191267701,69705.549
4.19959688992553,0.447483837959472,25.8888840272143,69712.752
4.19893368300215,0.441582979196304,25.8731301829633,69720.049
4.19813436436417,0.425548714698095,25.8608710551758,69727.314
4.19792108881165,0.426528857666485,25.8490847792133,69734.596
4.19835801632948,0.427548596133606,25.838047713318,69741.814
4.19820260343548,0.426758436155467,25.8184638270413,69749.096
4.19844332065933,0.425872851676832,25.7978764078827,69756.377
4.19866349928125,0.428744014566387,25.7961266632605,69763.643
4.1988157028625,0.424280225890675,25.7772475652354,69770.846
4.19883264458344,0.427306693780967,25.7583272200897,69778.111
4.19911936641321,0.424642149754898,25.7557887697923,69785.408
4.19932668924616,0.42382377256918,25.7440318891732,69792.611
4.19938062707259,0.426314219275702,25.7270517053017,69799.893
4.19977757948502,0.43000452979552,25.7154680455123,69807.158
4.19915704503929,0.422616534116739,25.6934648420011,69814.424
4.19930410907341,0.414270377419181,25.6846485670284,69821.627
4.19933046948778,0.411051898625112,25.6651432646998,69828.924
4.1996222213905,0.414327421396017,25.6500832662747,69836.174
4.19867267870537,0.404247925480284,25.6464812878162,69843.439
4.19889902571857,0.401498846507809,25.6252723235984,69850.643
4.1989835592938,0.402524801639718,25.6170550522142,69857.924
4.19902701512028,0.401280989088638,25.6032072456544,69865.189
4.1991924241197,0.402481124795096,25.5904349275233,69872.455
4.19911913141314,0.403818563679303,25.5866965901313,69879.643
4.19973210925176,0.400328129748809,25.5658971637227,69886.924
4.19871887600583,0.391241370260779,25.5558256175804,69894.189
4.19890017237742,0.391772615409745,25.5447111349749,69901.393
4.19915245371266,0.393441971660669,25.5412914373772,69908.674
4.19915601490284,0.391567020737519,25.5222828606339,69915.924
4.19936998438894,0.390589685553545,25.5056151584375,69923.127
4.19939691939818,0.389775694088342,25.4869154720801,69930.393
4.19969967434741,0.392041133480975,25.4855425826186,69937.658
4.19908124003644,0.379682990805512,25.4814416948679,69944.939
4.19915966816795,0.375222600304236,25.4740211655526,69952.143
4.19902592949107,0.375504907835568,25.4529885310639,69959.424
4.19915140841687,0.381598006496297,25.4412893511708,69966.689
4.19960515124201,0.381735592004512,25.4248557680819,69973.955
4.1989474785418,0.363486145863762,25.4105903725051,69981.158
4.19865795836723,0.371135468641519,25.3902353177627,69988.439
4.19881224031107,0.369227843757049,25.3946437261845,69995.721
4.1990807526138,0.366093948567491,25.3838313664412,70002.971
4.19916524495369,0.368180752719289,25.3649870723968,70010.189
4.19913294909425,0.368465135963362,25.3517513347787,70017.471
4.1996316193389,0.368609851824098,25.3382952203562,70024.736
4.19851272135607,0.358516472741168,25.334365337807,70032.002
4.1984156643215,0.356606951081358,25.3185209194439,70039.205
4.19873021475027,0.358084622144648,25.3046958646468,70046.502
4.19901592161137,0.358988906314102,25.2955248587543,70053.768
4.19938056898523,0.359910485737902,25.287591689855,70060.971
4.19922078465586,0.356975017022601,25.2722661936665,70068.252
4.19957539428924,0.353214519996711,25.2593340177748,70075.533
4.19893203202871,0.361305714347955,25.2499212539027,70082.814
4.19933709902091,0.36024240359634,25.2221944100967,70090.096
4.19973788886007,0.356536039426441,25.2246964483482,70097.314
4.19992455200534,0.362113807865171,25.2184568896157,70104.596
4.19970326765768,0.355931951817024,25.2123502175578,70111.893
4.20015666290387,0.353431155461977,25.196169409485,70119.158
4.20053485487357,0.354193693629096,25.1867046687872,70126.439
4.20073994736146,0.351989810448748,25.1774701199165,70133.658
4.1997206938885,0.345995197044704,25.1740782512937,70140.955
4.19959536175671,0.332421458550331,25.162538696415,70148.221
4.19906281871555,0.334921104827001,25.1460289009933,70155.502
4.19935345518957,0.330257007614511,25.1366871208888,70162.721
4.19892294524893,0.336385821034725,25.115370773085,70170.002
4.19941148969428,0.336006332264567,25.1082398124716,70177.252
4.19939132350047,0.334853618627956,25.1029945264926,70184.455
4.19943304489273,0.332402340155416,25.0904374800326,70191.736
4.19952133116844,0.333736708664275,25.0841631513153,70199.002
4.19944417554634,0.333335838601846,25.0722515903597,70206.221
4.20000191384725,0.333846727247357,25.0630009698274,70213.518
4.19998062140925,0.334419430322804,25.0463809408224,70220.768
4.19998831866061,0.330448530961871,25.0327180291881,70228.033
4.20008459014421,0.331741356925402,25.0268325546246,70235.236
4.20047332807377,0.328274827006863,25.0292954431867,70242.58
4.2005099543171,0.33094043278477,25.0038860505882,70249.846
4.20051146050133,0.329870305488997,24.9910684696748,70257.158
4.20111997434887,0.331144198092723,24.9850802346469,70264.471
4.2002500508728,0.317852628329769,24.9848935532709,70271.721
4.19936599824161,0.309450925708869,24.9699551427729,70278.986
4.19920310894235,0.311869040966501,24.963768048844,70286.283
4.19931151374826,0.307607708023415,24.9479841074354,70293.502
4.19934063743338,0.31203182064167,24.9391038332856,70300.768
4.19950130398797,0.310926140731843,24.9337976853128,70308.049
4.19961158692124,0.309934751140857,24.9235635241219,70315.346
4.19864142186989,0.297331187779071,24.9086351110875,70322.549
4.19853711369324,0.299156956525073,24.9074042640868,70329.83
4.19897641214305,0.299722159988755,24.8962067277288,70337.111
4.19890116766552,0.297621701246828,24.8975156439073,70344.33
4.19915370538957,0.301456732146538,24.8819694804975,70351.611
4.19891498238291,0.299326416269844,24.8755181399826,70358.877
4.19906113720003,0.299401549400219,24.8646477265433,70366.111
4.19935412123438,0.299922364727471,24.8522157861282,70373.393
4.19934280828534,0.299243742027974,24.8523195554745,70380.643
4.19947216164046,0.299565011313032,24.8427163265825,70387.924
4.19954222182552,0.295233252059788,24.8291328106822,70395.205
4.19948976505509,0.294419509313595,24.813779170818,70402.408
4.19990163461959,0.300082653511119,24.8120838783739,70409.674
4.19994749040246,0.295142450800758,24.8031720623076,70416.924
4.20000432807444,0.298394500770894,24.7911332628779,70424.127
4.20020805490068,0.298459393458211,24.7836789321171,70431.393
4.20034986544961,0.295639873091675,24.7850754745329,70438.658
4.20025380745201,0.298798462707598,24.7695332464637,70445.939
4.20063323077913,0.294742589659656,24.7572786551717,70453.143
4.19966979292583,0.28905442895637,24.7554486950087,70460.393
4.19856464805345,0.276176598088774,24.7459859983512,70467.658
4.19886092831102,0.272880734639647,24.731571804548,70474.861
4.19880977885422,0.27465242227561,24.7163670986218,70482.143
4.19884211359644,0.276633154376629,24.7140631386832,70489.408
4.1988669654066,0.274195267234787,24.7066882804651,70496.674
4.19903591070969,0.275784454757459,24.7014313731355,70503.955
4.19905878884981,0.274678053163741,24.6911602294923,70511.174
4.19901397993874,0.276459336210785,24.6870337227744,70518.439
4.19933328710932,0.273968928858612,24.675353219638,70525.736
4.19931577346886,0.273997495701126,24.6571042695879,70533.002
4.19955309885672,0.273918364690738,24.6639724937643,70540.205
4.19942738072091,0.272873956869974,24.6494112461398,70547.486
4.19951987564655,0.272687305687227,24.6468279081236,70554.752
4.19993017793359,0.270837406229755,24.6363233633781,70562.033
4.19982909147273,0.271214551992562,24.6308368841523,70569.221
4.20015046200716,0.271334011834681,24.6191548338028,70576.502
4.20029183615309,0.272655515367382,24.6104915835754,70583.768
4.20017916411054,0.273150303458809,24.610260623992,70591.049
4.20058668179702,0.272556214177893,24.6115784786748,70598.236
4.19944501442106,0.262482640574792,24.5907201661361,70605.518
4.19966117354121,0.262792404963473,24.5798249004102,70612.783
4.19881656314101,0.25412911310219,24.5656384980736,70620.049
4.19874793020254,0.253350128423111,24.5729354619033,70627.252
4.19853100154848,0.253931297005434,24.5554393342295,70634.533
4.19854915041509,0.254944026894077,24.5464276397147,70641.799
4.1989775627816,0.253302473584531,24.5423252226227,70649.064
4.19894443616108,0.253042758785744,24.5393257863972,70656.268
4.19910880488603,0.254710968609413,24.5247904963528,70663.533
4.19907085053358,0.251800731353305,24.5260210102994,70670.799
4.19907137644386,0.25234654538898,24.513722147035,70678.08
4.1994718821338,0.250187339205759,24.4976100215301,70685.283
4.19930709591103,0.25148950557166,24.4934822806359,70692.564
4.19960939958403,0.253457154315071,24.485354577733,70699.814
4.19945577948954,0.250206986889405,24.4799357779495,70707.018
4.19948952427939,0.252413628622992,24.4746500362008,70714.283
4.19973693424557,0.25001227787015,24.4603773490105,70721.549
4.19975692175658,0.251459336397155,24.4559816316501,70728.752
4.19987641950624,0.250064016091808,24.4452292401555,70736.033
4.19992558160327,0.250675558542627,24.4408978133308,70743.299
4.20043394026059,0.248846923595675,24.4381522298916,70750.564
4.2003262853201,0.251239259619745,24.4176440109004,70757.768
4.20071167440403,0.242319258283542,24.4320175786172,70765.08
4.19942598979982,0.235752689508858,24.4242565467095,70772.33
4.19947582815712,0.236873343925612,24.417576715309,70779.596
4.19956031412514,0.243032414414851,24.4053249906957,70786.799
4.19958273349981,0.241669871517624,24.4044174080164,70794.08
4.19963560491257,0.241124915923601,24.3908824835824,70801.33
4.19990713211964,0.234130534890417,24.3858227600887,70808.611
4.19974352580405,0.237570506888867,24.3898052645182,70815.799
4.20011108173148,0.240577900000425,24.3790795352894,70823.064
4.20008395387136,0.238504498894064,24.3773963677312,70830.33
4.20000845689196,0.238409669061988,24.3598281954775,70837.611
4.20008643996126,0.240407486729254,24.3666142192223,70844.799
4.20022196464551,0.23794569738143,24.3492951638957,70852.064
4.20049900092713,0.236544095743429,24.3443933951481,70859.33
4.20049616262565,0.23698170958529,24.3404275179206,70866.533
4.20088976392654,0.235078644601093,24.3295212963812,70873.799
4.19979816792027,0.227581518931468,24.325487212338,70881.049
4.20005795423958,0.225591224825201,24.3194168991244,70888.252
4.19966316140475,0.229374176899597,24.3156752502951,70895.518
4.19995361409494,0.225325756751017,24.3123947244873,70902.768
4.19993207560706,0.226253241168972,24.3099385533171,70909.971
4.20026475609274,0.22463160376612,24.3070984082439,70917.236
4.20037846381598,0.225247184763962,24.2938649346003,70924.533
4.20025363715534,0.223170659686184,24.287575917004,70931.799
4.20017182883789,0.226017933594691,24.2782432250281,70939.002
4.20059468860622,0.225958873003382,24.2641073699688,70946.268
4.19961289140507,0.214136549582363,24.273367024197,70953.549
4.19949863570738,0.216827419455107,24.2580447564216,70960.814
4.19949259226158,0.215539592105974,24.2574995521028,70968.096
4.19972624683464,0.212676078666576,24.2507754088479,70975.283
4.19963167553793,0.215240651930694,24.2443220489835,70982.564
4.19981900605477,0.213996518102663,24.2448300217246,70989.83
4.19988576908057,0.21283176051329,24.2408912904933,70997.033
4.19985571752491,0.214451462003226,24.2210491475662,71004.299
4.19999420934141,0.215493555342976,24.2240633737533,71011.564
4.20008711351003,0.21370972949776,24.2107462273729,71018.752
4.20009628048746,0.215036784197536,24.2148644001706,71026.033
4.20028143418252,0.213871642797864,24.1986444808935,71033.283
4.20035424602859,0.213676921702165,24.2003278822857,71040.486
4.20068023332586,0.210991808186947,24.2020133093048,71047.752
4.19958292319099,0.202987042441179,24.1860665978427,71055.033
4.19949614026685,0.202192591327335,24.1872456230026,71062.221
4.19963430404689,0.203205886191704,24.1799346239965,71069.502
4.19958085063879,0.204804774922823,24.1756197634489,71076.752
4.19963617134347,0.202572117173358,24.1715217373687,71083.986
4.19980621396257,0.201477463721026,24.1583516962379,71091.252
4.19975436843569,0.202648500339709,24.1558563031481,71098.518
4.19975579296118,0.206386987551206,24.1533867565817,71105.721
4.19993783251561,0.205271122089703,24.147040249893,71113.002
4.19983982001405,0.204010047923077,24.1355069098002,71120.252
4.19975448051979,0.205328640577662,24.1386404488681,71127.455
4.20016893146265,0.205603753332863,24.1420946299942,71134.736
4.20019414757064,0.203783840453481,24.1355539109743,71141.986
4.20040858354262,0.199887986649572,24.1273507198788,71149.189
4.19991987679739,0.203455945680887,24.1286860831255,71156.455
4.20029991009618,0.200692799917489,24.1196376778526,71163.721
4.20048498278196,0.204438244504408,24.1181716992663,71170.939
4.20045789275327,0.2024228680883,24.106179350518,71178.205
4.20061231901944,0.201946337070393,24.1040750113713,71185.486
4.199604684078,0.194637599428598,24.1089952925806,71192.674
4.20001201177624,0.191102773665826,24.0933023192847,71199.971
4.2000356218072,0.192107297630203,24.0888686592023,71207.236
4.20008370098926,0.194008430081926,24.0866616950101,71214.502
4.20022542647441,0.190631178057114,24.0904043044259,71221.705
4.20008412840004,0.192421890803578,24.0730816485082,71228.986
4.19997942642871,0.19080107444193,24.06785768625,71236.236
4.20001618698086,0.193286294185602,24.0630920485127,71243.471
4.20021779397598,0.193103513206828,24.0607208458815,71250.736
4.2002129665591,0.190445246412703,24.0592036634913,71258.018
4.20023070195746,0.191732113919409,24.0461482554078,71265.268
4.20029111167152,0.188180958025143,24.0486408596137,71272.549
4.20045437339806,0.191365191193653,24.0448886755093,71279.752
4.20055575264431,0.189080564374025,24.0386623579195,71287.018
4.19970692187464,0.180554444366699,24.0205385359973,71294.268
4.19968412279015,0.182476239437577,24.0235855833541,71301.549
4.19964495395415,0.1820426988732,24.0194811438874,71308.752
4.19971618718691,0.182277304007117,24.0134994903642,71316.033
4.19966797231394,0.18096517397995,24.0150915133031,71323.283
4.19972403706418,0.183242183995248,24.0122545675184,71330.564
4.19958187189779,0.180196783896898,24.0140754842789,71337.768
4.20002173820544,0.180178949044366,24.0039819110921,71345.033
4.2000954036015,0.180644101388328,24.0057863902402,71352.283
4.19999124874501,0.184599341851671,23.9947276259699,71359.486
4.19996877862019,0.181508850493162,23.9746159197691,71366.752
4.20024530551194,0.181054331034744,23.9795451787867,71374.018
4.20031561711055,0.180017885085286,23.9768498219454,71381.205
4.20024964792483,0.179614413048408,23.9677969255207,71388.471
4.20017366189121,0.18146841800135,23.9616753364809,71395.721
4.20040290739332,0.181817459711954,23.9649598196553,71403.018
4.20051922902262,0.179404882928339,23.9560492983793,71410.236
4.20064759018393,0.178739621313795,23.9470712540781,71417.502
4.20059629747699,0.180786306945889,23.9519157816451,71424.768
4.20056235873682,0.181359581623598,23.9447433194229,71432.049
4.2007018976505,0.181486202519321,23.9448839227457,71439.252
4.20079328426616,0.178309439864266,23.9400762572695,71446.533
4.20101422701112,0.176685134744464,23.9407620065187,71453.799
4.2009133917515,0.179032030859066,23.9301981065083,71461.064
4.20105579386209,0.179222668950324,23.9311635340901,71468.268
4.20114018948841,0.176721509607712,23.9248390137761,71475.533
4.20148358331982,0.176102812301902,23.9273342224819,71482.799
4.201276236473,0.17798952836628,23.911197252894,71490.064
4.20129867267389,0.181337726562573,23.9051849444362,71497.268
4.20148051443355,0.177511806036622,23.8978613731992,71504.533
4.20165349468846,0.176528426257919,23.9009056743904,71511.799
4.20085788936882,0.165320382576725,23.8888632042452,71519.002
4.19978547482573,0.160807472678683,23.8860820967229,71526.268
4.19978457241686,0.158192770848959,23.8824239373814,71533.533
4.19979907525184,0.157407462715011,23.882104212001,71540.736
4.19979375183346,0.155989991228601,23.8831043011935,71548.002
4.19946595390528,0.162713430676251,23.8733244022835,71555.268
4.199528598614,0.160246906296949,23.8739966851508,71562.549
4.19971954800912,0.158064958441203,23.864891298292,71569.752
4.199693127317,0.160963871921459,23.8658068968438,71577.018
4.19981005873143,0.156234045189773,23.8595916670673,71584.268
4.19997482882374,0.155841397962651,23.8621060933088,71591.533
4.19959031640102,0.158122757743445,23.8477277555972,71598.736
4.199643571196,0.161378502206639,23.839514331168,71606.002
4.20015228183417,0.155438230434351,23.8427595741472,71613.283
4.20021414941539,0.154245136039773,23.8402646612696,71620.549
4.1998403006304,0.155401610828287,23.8315100079843,71627.768
4.20015501665766,0.157217520554802,23.8267535280474,71635.033
4.20008946095459,0.155410769591313,23.8257041558118,71642.314
4.20013126416916,0.15695546128005,23.8256719179429,71649.58
4.20008022776777,0.157815657711674,23.8192617003225,71656.877
4.20026229421186,0.158167061015066,23.81356873156,71664.08
4.20012617901625,0.155330537753573,23.8105773374149,71671.361
4.20051840320187,0.158136903709027,23.81184751884,71678.611
4.2006379384709,0.157526132946571,23.8050484911881,71685.893
4.19949606698502,0.145220544130166,23.8101713290502,71693.096
4.1996048451508,0.142802285094077,23.806355656267,71700.377
4.19942087296104,0.146252540599269,23.796190111353,71707.643
4.19941811589493,0.146869176381969,23.7975743645053,71714.924
4.19947972872098,0.146575735210169,23.7919318671043,71722.127
4.19959908357581,0.146323718407013,23.7896639571412,71729.424
4.19939008336063,0.148203228510559,23.7842610573256,71736.674
4.1997916708052,0.146282219277714,23.7822404822798,71743.939
4.19993273524511,0.145545928574116,23.775758836743,71751.268
4.19992023985105,0.147940514509448,23.7607560332019,71758.939
4.19985371861844,0.14541654224775,23.7673882055972,71766.268
4.19958275271162,0.145264711730745,23.7704966323937,71774.471
4.19981347805797,0.145041500183145,23.7650541695974,71781.768
4.19989171564067,0.14518050282215,23.7609616911552,71789.127
4.20010714006896,0.144392160314136,23.7486001125988,71796.393
4.19995827359797,0.145742784936551,23.7513741884794,71803.658
4.19999053849275,0.14843207583568,23.7446241816462,71811.127
4.20000532857133,0.144087824262284,23.7528040698455,71818.393
4.2000258408085,0.14646366503626,23.7385325851603,71825.674
4.19954679413833,0.146092493794823,23.734853831817,71832.877
4.20030584037834,0.146002191153758,23.7336345698448,71840.143
4.2003945911501,0.143732209787267,23.7310319808842,71847.408
4.20044893661095,0.143675228256148,23.7270974894837,71854.705
4.20048803224601,0.145578082777331,23.719278779192,71861.908
4.20029142469631,0.143756196472104,23.7258474720701,71870.018
4.2006848341539,0.143395239727608,23.7144040558146,71877.221
4.19958481449904,0.134656218738726,23.7171653256131,71884.518
4.19949214371437,0.135023185073288,23.704925458412,71891.799
4.19938203455848,0.135195230368207,23.7031784840777,71899.111
4.19970954803268,0.134615122751506,23.7024780692005,71906.377
4.19962835693394,0.132504935503367,23.7024119211442,71913.564
4.19976040505808,0.135246095205031,23.6931595759506,71920.846
4.19981394589264,0.136169377103658,23.7019133172886,71928.111
4.19960616235636,0.136556532724008,23.7014781354152,71935.377
4.19984366707271,0.133559565428751,23.6928366519563,71942.58
4.19982845361179,0.133393139110115,23.6917050632103,71949.861
4.1996490127347,0.137250395210336,23.6883942390067,71957.127
4.19976743669331,0.138251432928422,23.6824462077992,71964.393
4.20011374748898,0.1362706083174,23.6915981463575,71971.596
4.19995166351657,0.133020087438084,23.6825684100098,71978.877
4.19984238238155,0.134610567390301,23.6764596844415,71986.143
4.20006143825561,0.130862316779164,23.6728031853053,71993.408
4.20003669749107,0.135719831528352,23.6673221794908,72000.627
4.20012497159627,0.13370169091766,23.6714007820433,72007.893
4.20020654634748,0.134339488275119,23.6626838924422,72015.174
4.20028794743416,0.133916158768449,23.6636912263458,72022.439
4.20033543097275,0.135098671759557,23.6533657029016,72029.627
4.20020027625537,0.131966309990382,23.6632125062064,72036.908
4.20030621537256,0.134095451338597,23.6562721298235,72044.174
4.20044858246261,0.133726302592894,23.6516313479794,72051.377
4.20038179646027,0.133831886514102,23.6464232058481,72058.627
4.20057598060078,0.133098470575978,23.6479680167946,72065.908
4.19959550820159,0.124636909949566,23.642211959616,72073.189
4.19960826463587,0.123125531434903,23.643581394705,72080.393
4.19952665503354,0.123004834468957,23.64095190173,72087.674
4.19983220524817,0.125303414084787,23.6347586562701,72094.955
4.19937764761296,0.123003975787499,23.6301528581894,72102.221
4.19969268820893,0.124134111469731,23.6317179543463,72109.502
4.19969298541182,0.125290977678382,23.6270266303296,72116.721
4.19958575847112,0.122093201296668,23.6285525963455,72123.971
4.19948997536824,0.124403102984227,23.621818741178,72131.252
4.19979313009672,0.121944709563402,23.623598415061,72138.533
4.19998652350801,0.125325036271903,23.6198371020128,72145.752
4.19996794939346,0.121395471464629,23.6157346510322,72153.002
4.19990663975615,0.120282668354531,23.6124407343896,72160.283
4.19992707841894,0.123189246556903,23.6005087696753,72167.549
4.20001559969196,0.122946823538359,23.608738337306,72174.768
4.19996411945488,0.124904920455279,23.6055804743009,72182.033
4.20022202432618,0.12132898264312,23.5957956365389,72189.299
4.19991569388028,0.125610444532449,23.600919413304,72196.564
4.20025594052015,0.120543662464419,23.5974762078056,72203.846
4.20011460736338,0.123660146877899,23.601808894984,72211.049
4.20035165336647,0.121404131371692,23.5955993987538,72218.33
4.20030746379935,0.122612993940524,23.590086978431,72225.596
4.20043557834866,0.118961218294446,23.5870332404669,72232.877
4.20033083080445,0.123009107293292,23.5791422257814,72240.08
4.2004381196504,0.120007076154722,23.5767576521601,72247.361
4.20046667555907,0.121006751742024,23.5791074841899,72254.627
4.20023125267445,0.122472940430139,23.5718597855744,72261.893
4.20038546913848,0.121597613650695,23.5733813032513,72269.174
4.20070141704434,0.121211848034938,23.5747680356648,72276.377
4.20062400700018,0.120474590680492,23.5697424313903,72283.643
4.20089181290292,0.122695821880923,23.5631058812627,72290.908
4.2008169904848,0.12089565428284,23.5631969469466,72298.189
4.20085393613261,0.121153281432515,23.5704197788161,72305.393
4.20081914514793,0.121826561544524,23.5681681822986,72312.674
4.20080006762714,0.122092453212536,23.5525932351863,72319.939
4.20070703778117,0.120271408987327,23.55143053305,72327.127
4.20106516071556,0.119035899031739,23.5487284695075,72334.408
4.20116144470522,0.11992759492849,23.5386377147943,72341.674
4.20107481040437,0.120251169438722,23.5429006188552,72348.924
4.2014476673853,0.119432951948309,23.5336456490721,72356.127
4.20116390630672,0.119476136106665,23.5381681987096,72363.455
4.20139258910565,0.120782130484473,23.5360644166846,72370.736
4.20132986783922,0.117602048376898,23.5292897382155,72378.018
4.20147101142367,0.119428577562939,23.526542071758,72385.314
4.20175587513639,0.118215408075865,23.5289688072634,72392.627
4.20068860679332,0.112385068954082,23.5259220012556,72399.939
4.19960028359079,0.0998383723086455,23.529031382253,72407.252
4.19950248848741,0.0971895393654904,23.5197102593657,72414.502
4.19930649515149,0.09588233482728,23.5238332256192,72421.752
4.19936436836016,0.101727016456662,23.5158497569387,72429.033
4.19911338826837,0.0987970321983247,23.5112590009406,72436.299
4.19932411598731,0.100863447186533,23.5175170644219,72443.518
4.19934288796805,0.0979769861792657,23.5109412669367,72450.799
4.19937500604628,0.100049520661671,23.5125346479955,72458.096
4.19918367302339,0.0982099356311965,23.5208639350975,72465.377
4.19932484505018,0.102058042578647,23.508426841678,72472.58
4.199237975819,0.101819056558477,23.5032598300336,72479.846
4.19915223279489,0.100392547110914,23.4984316063399,72487.111
4.19928409508203,0.100386986899703,23.4983760680006,72494.314
4.19933255650958,0.100880560301148,23.5012889113595,72501.58
4.19919363450188,0.10224527661953,23.4972392514687,72508.83
4.19931437046937,0.0999986288993648,23.5024242269045,72516.111
4.19931979609613,0.102139279774315,23.4888909743365,72523.314
4.19935991246018,0.0973685387584957,23.4896228886235,72530.58
4.19924492555406,0.0998872846783789,23.4913060851169,72537.83
4.19925314848371,0.099222806010127,23.4801669794492,72545.033
4.19940003206939,0.0986157380134661,23.482216621176,72552.299
4.19940685162929,0.101327840971766,23.4855526869978,72559.564
4.1993666099896,0.101491428403495,23.481472063021,72566.768
4.19933791649102,0.100969078150072,23.4751172819695,72574.018
4.19953662193044,0.0993686652686946,23.4825614645711,72581.268
4.19955899787072,0.0989069904975284,23.4854644609195,72588.471
4.19962844324926,0.0989071481309832,23.4785993368993,72595.736
4.19963007408731,0.100151306060596,23.4739908820351,72602.986
4.1996987923259,0.0984664016251513,23.480510146475,72610.189
4.19970411060444,0.0993905194523268,23.4730045620766,72617.502
4.19972375089345,0.0990924428062149,23.4701205939639,72624.752
4.19964923117221,0.100366079882045,23.4727981584539,72632.002
4.19956416103249,0.0988616905641415,23.4698837338315,72639.205
4.19987961884899,0.103711750729565,23.4677783645675,72646.455
4.20024491749929,0.103195281291593,23.4694085706727,72653.721
4.19999365923143,0.0986436035786269,23.4620570343027,72660.908
4.19992842294215,0.0962898325387853,23.4569978752877,72668.174
4.19995022706412,0.101044361672085,23.4585609059899,72675.439
4.19952781846389,0.0990085974779806,23.4449301350741,72682.705
4.19982789029199,0.0974323041761046,23.4501587468825,72689.908
4.19993141410976,0.100164416824352,23.4429574652381,72697.158
4.1999481212815,0.0989935486885145,23.4383171889231,72704.424
4.20008921981739,0.0995404640611006,23.4411053003356,72711.611
4.19893517375836,0.0859250353906753,23.4463635285343,72718.861
4.19939775869699,0.0884599317019575,23.4456732323471,72726.111
4.19899066267057,0.0870800752465396,23.4447491173166,72733.314
4.19906471340896,0.0852877852780476,23.4483171994313,72740.58
4.19804577075159,0.0781006755188166,23.440185556188,72747.83
4.19798330392234,0.0782958028931133,23.4376796502661,72755.018
4.19793798611495,0.0788799057201807,23.4415757260465,72762.299
4.19795477138729,0.0765232632717618,23.4427106797896,72769.564
4.19791884000667,0.0793356328274166,23.4387559617938,72776.846
4.1978940270033,0.083460768729393,23.4477737421761,72784.033
4.1978549505461,0.0794015882829654,23.4302273039537,72791.283
4.19790637236399,0.0836178903480058,23.4329233750035,72798.533
4.19757857199686,0.0784182056327698,23.4366850383522,72805.721
4.197801008835,0.0798063381791812,23.4258391414577,72813.002
4.19789485393816,0.0799635964001374,23.4254658054166,72820.252
4.19777720285615,0.0804700241270784,23.4261583551965,72827.549
4.19792048918219,0.0796945203937595,23.4119923650987,72834.752
4.19796340919146,0.0796957268249318,23.4177951376593,72842.033
4.19788207128405,0.0794529589097178,23.4096652733239,72849.283
4.19774734547315,0.0797777989542256,23.4095074656326,72856.58
4.19778263164055,0.0784203961460208,23.4157890029096,72863.783
4.19747370083904,0.0825946795070044,23.4070407348622,72871.033
4.19781579310662,0.0810428057742121,23.3959738048219,72878.299
4.19773721808536,0.0787898856410379,23.4000834390385,72885.502
4.19772324520523,0.0780547252271818,23.3916182181298,72892.783
4.19774212444156,0.0787329214492365,23.3973155345822,72900.033
4.19800677997658,0.0804821960713547,23.397926827582,72907.314
4.19784775783404,0.0788313507971085,23.3999126278984,72914.502
4.19792031224849,0.0817502883880798,23.3923512191378,72921.752
4.19762904477657,0.0796446363789176,23.392668225042,72929.002
4.19775825167493,0.0821459352163174,23.3910564890775,72936.221
4.19780980719968,0.0788449738002574,23.377311418511,72943.471
4.19786398211444,0.0797128795518386,23.38380263072,72950.721
4.19804709122988,0.0787352518570531,23.3803750325676,72957.924
4.19794318478123,0.0788389205979972,23.3744866990623,72965.189
4.19803722638729,0.0791558165652067,23.3784784819631,72972.439
4.19810527672833,0.0790988811672629,23.3872868410966,72979.643
4.19807988299446,0.0816161240129438,23.3815766762309,72986.893
4.19810921769643,0.0789442116633326,23.3744404895538,72994.143
4.19812717570457,0.079412088147372,23.373061579384,73001.346
4.19833604460652,0.0771203092145743,23.3688366778931,73008.596
4.19812279212892,0.0800257768808241,23.370747515923,73015.846
4.19793554484788,0.0781265159291449,23.3657166460514,73023.033
4.19821921488087,0.0833836710233847,23.3612771563261,73030.283
4.19822720855075,0.0798399791914925,23.3644763298572,73037.549
4.19825508362121,0.0805790217281975,23.3615022010414,73044.752
4.19839561797357,0.0794253004397025,23.3646068521931,73052.018
4.1985149872953,0.0799911893743782,23.3634874216103,73059.268
4.1982634265918,0.0805957256453683,23.3579009482285,73066.471
4.19820972740047,0.0779933232277581,23.3598505211073,73073.752
4.19820343723706,0.0795326347237261,23.3541302851741,73080.971
4.19842642993224,0.0818811319758566,23.3515137750809,73088.127
4.19823919479235,0.0776042868185105,23.3581664306416,73095.283
4.19814262305644,0.0788233599632395,23.3614455667487,73102.455
4.19851285727407,0.0761796900714617,23.3583038301374,73109.596
4.1982631732947,0.0765022906734358,23.3630175749496,73116.783
4.19854312197747,0.0758648636364441,23.3595111874671,73123.924
4.19856715874402,0.0767026174950184,23.3628301473761,73131.096
4.19846073098582,0.0783478063709165,23.3596604826689,73138.236
4.19863226366785,0.0766316316791974,23.3515146263026,73145.424
4.19827551195318,0.0770731295903955,23.3462824872144,73152.58
4.19837047635331,0.0781858694243457,23.3435044641154,73159.736
4.1986357437821,0.0785299742547599,23.3490431251362,73166.877
4.19878791477954,0.0772093180939036,23.3385503938504,73174.064
4.19877708562881,0.0790950088253061,23.3420512375163,73181.205
4.19877925106435,0.0778925522514845,23.3359177449632,73188.393
4.19874575791931,0.0808422447474492,23.33810560412,73195.549
4.19867929789897,0.0777799427018772,23.3331379327613,73202.721
4.19813426139627,0.068748778195517,23.32855020061,73209.877
4.19774630093397,0.0683676389029221,23.3344859458373,73217.049
4.19764392422819,0.06850236505707,23.3360348183298,73224.221
4.19771846103928,0.0701061414070562,23.3428845368725,73231.377
4.19763178635477,0.066904619776724,23.3349096791993,73238.533
4.19759164896767,0.0659020791539465,23.3328022086828,73245.721
4.19673506243223,0.0599566059398641,23.3266538761924,73252.877
4.19690815796699,0.0564486017905223,23.3127253253905,73260.08
4.19650114191172,0.0598866483123994,23.3212294239447,73267.221
4.19667446757278,0.0573802102957439,23.3221272117318,73274.408
4.19649177321654,0.0578501743643474,23.3273234518023,73281.549
4.19608544700656,0.060859795916465,23.3262700509553,73288.721
4.19628830562337,0.0600424941935237,23.3282387769014,73295.877
4.19651938724033,0.0570405441784032,23.3184789538578,73303.033
4.19671464355254,0.0552532442821598,23.3170868501293,73310.189
4.19596537148824,0.0462360382645348,23.3192413709624,73317.346
4.19588901902112,0.0610818193256791,23.3243958499101,73324.518
4.19610611047086,0.0590243534538076,23.3096011459412,73331.674
4.19634220029877,0.0596022589756333,23.3131085642702,73338.83
4.19617951005789,0.0600799139716745,23.3053875280976,73346.002
4.19609122953484,0.0597856117902089,23.3151661384179,73353.158
4.19617008604325,0.0611785817568797,23.3153526159856,73360.346
4.1960916594575,0.0591111433801854,23.3074334297461,73367.502
4.1961666495966,0.0651975464181812,23.3101277766109,73374.674
4.19651535077738,0.0577933721740348,23.3124039193568,73381.814
4.19628935678225,0.0589231171158874,23.3066394209331,73388.986
4.19643585308179,0.0615125935405848,23.307849355253,73396.127
4.1958633601635,0.0635166507815005,23.3054222027552,73403.299
4.19638495651393,0.0578727899876503,23.3021889003074,73410.439
4.19649599828663,0.0589746562009192,23.2963016609161,73417.627
4.19635779899671,0.0573751921036104,23.3016011165864,73424.783
4.19614208946236,0.0568724212777603,23.3017830820229,73431.955
4.19641697979503,0.0581697463584598,23.3058444158246,73439.096
4.1964956796142,0.0623792424590238,23.308994709771,73446.252
4.19616780520475,0.0612000025693721,23.300303944216,73453.408
4.19634404611498,0.0592996542848253,23.3013232626633,73460.58
4.19644012542083,0.0590778173899494,23.2985405901548,73467.721
4.19666873468046,0.059840513147122,23.3026547470769,73474.908
4.19630434387328,0.0582525698427772,23.2998047820505,73482.064
4.19649539259856,0.0595184526961688,23.3034483215349,73489.252
4.19605315766559,0.0592649136038492,23.283505315615,73496.393
4.19615318229727,0.0616113805080491,23.2935875169217,73503.564
4.19616384197108,0.0578753483592144,23.2906646371502,73510.736
4.19621625695268,0.0607490348389034,23.2852676811798,73517.893
4.19649963690694,0.0593433816800096,23.2739074383608,73525.049
4.19650451146141,0.0589760650681553,23.2895872537509,73532.221
4.19661997018896,0.0606778788815283,23.2951822115451,73539.361
4.19571495181372,0.0507642003720456,23.2848467760677,73546.533
4.19603776295233,0.0521535365875419,23.2784392989989,73553.689
4.19645774132848,0.0612767120132698,23.2758224071167,73560.861
4.19653372347105,0.0616378528271843,23.2730791438536,73568.002
4.19643403113127,0.0584879529582871,23.2692398945971,73575.189
4.19628612103215,0.0614240648765409,23.2657726686209,73582.33
4.19646228580608,0.0595620021019156,23.2672541748184,73589.486
4.19636496087046,0.0598326334683128,23.2601482488141,73596.627
4.19647886018877,0.0629514056189552,23.270108699758,73603.814
4.19676788544003,0.0577496949962843,23.2605361306849,73610.955
4.19676967586853,0.0597896616473123,23.2634254536861,73618.143
4.19668527734798,0.0586130864621292,23.2644084483965,73625.283
4.19653677690032,0.0571267494296899,23.2530029185312,73632.471
4.19646893231394,0.0618284515628593,23.2619218228071,73639.611
4.19682648351544,0.0609187863054961,23.2516999305763,73646.799
4.19649565091568,0.059008841336144,23.2527866812617,73653.971
4.19646486657566,0.0590476852670135,23.2440207982458,73661.127
4.19676496237899,0.0569937306709038,23.2531079385126,73668.268
4.19668604832178,0.0580725152693138,23.250118373967,73675.439
4.19657397040611,0.0581992206427502,23.2492749111208,73682.596
4.19682478938569,0.0586599665541523,23.243356571763,73689.768
4.19691792349522,0.059131631253791,23.2372873757399,73696.908
4.19672422197664,0.0620451265359415,23.254313903622,73704.096
4.19666705546802,0.0573410424625384,23.2483393204969,73711.236
4.19680774094993,0.0609866541673357,23.2372225017267,73718.424
4.19695616437766,0.0590750620484377,23.2382461156357,73725.564
4.19667675476178,0.0582211624675937,23.2393741471593,73732.736
4.19684565126851,0.0582286044519896,23.2375508283091,73739.893
4.19684087362695,0.0576887471709076,23.2397219339689,73747.049
4.19650057821795,0.0581006174102881,23.235373681811,73754.205
4.1969482584413,0.0562337677663789,23.2336796419718,73761.361
4.19687959990733,0.0604935922659776,23.2318664242927,73768.502
4.19690347481067,0.0587801090179158,23.2341623147596,73775.658
4.19689700617065,0.0594375440382847,23.2327539810912,73782.83
4.19679872632784,0.0565111817670109,23.2309335627442,73789.986
4.19706391539402,0.0565201409530493,23.2329258867166,73797.158
4.19713466651989,0.05795946491409,23.2284867469156,73804.314
4.19680754690701,0.0566854662128025,23.2368880348486,73811.455
4.19707201262201,0.0584323448690853,23.2405313693521,73818.627
4.19725324493069,0.0572549028375384,23.241045982106,73825.783
4.19751506384654,0.0583696191408227,23.2289950230774,73832.971
4.1972010576223,0.0589061993822749,23.2358032210872,73840.111
4.19647397139968,0.0490191236211839,23.2361095126471,73847.299
4.19700007837353,0.0597752634267155,23.2268896345381,73854.439
4.1971424925716,0.0531881885368832,23.2225156813566,73861.627
4.19708786181251,0.057304153274505,23.2197778180009,73868.783
4.1961794149474,0.0501416247855126,23.2240179403429,73875.939
4.19533977759765,0.0373906238612748,23.2165248629841,73883.096
4.19623435985321,0.0470698734187529,23.2254371703453,73890.252
4.19706677913094,0.0576429083891087,23.2168945472907,73897.424
4.19593284988863,0.0473254034506643,23.2252141268209,73904.58
4.19541087700611,0.0389019135057475,23.2142586078682,73911.736
4.19592997328638,0.0497457882825218,23.2077082373622,73918.893
4.1967108224565,0.058038963358075,23.2154699207427,73926.049
4.19702098747805,0.0595962803481017,23.2120845016703,73933.205
4.19708032340327,0.059177572512497,23.2112895882251,73940.377
4.19742744786798,0.0560033738727623,23.2180113514418,73947.549
4.19708990280936,0.058395936372167,23.2021163736419,73954.689
4.19752527354941,0.0583441082605158,23.2031784966297,73961.861
4.19738530728508,0.0578703941539949,23.2030166701936,73969.018
4.19745872003142,0.0578373971840478,23.201824446312,73976.189
4.19731665320113,0.0576193314113509,23.1986844046741,73983.33
4.19748856056898,0.0603605474050999,23.1923118122345,73990.486
4.19725196357579,0.0567158134390062,23.1860964825069,73997.643
4.19744704173303,0.0561171916185074,23.1925242231032,74004.799
4.19765188001129,0.0561837247762998,23.1905273890674,74011.955
4.19749335055588,0.0553499740979139,23.1934880130299,74019.096
4.19666477268303,0.0470036689889293,23.1915297944725,74026.283
4.19661760915079,0.0478207301234966,23.1910556133267,74033.439
4.19671479059448,0.0475312367737323,23.1963435955408,74040.627
4.19627150495754,0.0458322076828097,23.1852228283562,74047.783
4.19719718037569,0.0568670646120045,23.1939968500765,74054.971
4.19734795873182,0.0548062929956231,23.1809429714536,74062.127
4.19776689416604,0.0554987942119167,23.1856363626467,74069.314
4.19735897231726,0.0592441205740899,23.1825394674677,74076.471
4.19760915564249,0.0568224615106228,23.1811721898397,74083.658
4.19772142082869,0.0542134212609932,23.181635844251,74090.799
4.19763345182647,0.0581029964546201,23.1790364213319,74097.971
4.1978848106592,0.0567624639841206,23.1803030015408,74105.127
4.1976243309009,0.0553433963378642,23.1771814139807,74112.283
4.19791988024103,0.0578873508061119,23.1856202124999,74119.455
4.19787827081758,0.0568015535119728,23.1767971824619,74126.611
4.19773592935919,0.0575653365060597,23.1780465580308,74133.768
4.19790837563621,0.0567459103067994,23.1786557132507,74140.924
4.19805833882856,0.0531029601789203,23.166747370253,74148.08
4.19798801392178,0.0559523568513379,23.1803422720408,74155.236
4.19783882163422,0.0564224195982788,23.1776671069155,74162.393
4.1979820071858,0.0556109756920703,23.1676425959566,74169.564
4.19807831057019,0.0537252623297551,23.1691995780081,74176.736
4.19801913986543,0.0564114130385826,23.1629743816708,74183.908
4.19793133137844,0.0569733357126888,23.1645675515443,74191.08
4.19814888794577,0.05545255853048,23.1589306242045,74198.252
4.19838567762104,0.0545812310232398,23.1639047024081,74205.424
4.19816142567969,0.0559931173160448,23.1615275598263,74212.596
4.19821606377195,0.0537218234696466,23.1590865073005,74219.768
4.19814259913467,0.0534015014548076,23.1596483711395,74226.955
4.19818033060592,0.053438481814287,23.1558529791785,74234.189
4.19826751287974,0.0540016626003469,23.1500589953383,74241.377
4.1983353482405,0.0538734902838182,23.148467250047,74248.549
4.19754289400098,0.0456797934749631,23.1468514737537,74255.721
4.19747934933385,0.0424761824137509,23.1524713445861,74262.893
4.19739064837474,0.0471597755655524,23.1507990304074,74270.064
4.19743394568149,0.0459126035370655,23.1466854529873,74277.236
4.19708134379616,0.0505670346834167,23.1507948766011,74284.393
4.19732339576123,0.047968796275637,23.1441742854049,74291.596
4.19723481435261,0.0452354068009353,23.1469892977629,74298.768
4.19736295724657,0.0451792571422497,23.1552159078803,74305.924
4.19746435264226,0.045848387446555,23.155059080953,74313.08
4.1972571403122,0.0464372460920848,23.1425990032168,74320.236
4.19725795825079,0.0475712035801074,23.1458315763123,74327.393
4.1972317400999,0.0490614090106129,23.1376869104529,74334.549
4.196459487519,0.0349112087678399,23.1363727813245,74341.705
4.1961279030107,0.0327919436076762,23.1413935487266,74348.861
4.19618603468245,0.0392855396917665,23.133810946977,74356.018
4.19608277099188,0.0393494825009949,23.1502411008114,74363.174
4.19614692080539,0.0373307262593252,23.1432398580404,74370.346
4.19617549289219,0.0344885556015723,23.1472105013872,74377.518
4.19593242748163,0.0364575880329853,23.142163390598,74384.658
4.19591180733158,0.0343174674584781,23.137084085934,74391.846
4.19570006037625,0.037535040673418,23.1339930926176,74399.002
4.19586107148449,0.0375893494876783,23.1372252235114,74406.189
4.19583372009709,0.0371071483358464,23.1211170893322,74413.346
4.19590287706536,0.0382173199107351,23.1279564154934,74420.533
4.19580406576358,0.035876009325306,23.127412233195,74427.689
4.19567649627811,0.0393621300964031,23.1340751974909,74434.861
4.19484038649085,0.0301488951237309,23.1260759467252,74442.033
4.19557216057706,0.040658332177827,23.1333655383248,74449.189
4.19554802625183,0.0379606535014063,23.129098877016,74456.33
4.19660775734456,0.047120619262008,23.1317724184676,74463.502
4.19674680096778,0.0462814219839014,23.1344215060901,74470.658
4.19692518564234,0.0475033716215986,23.1357876049363,74477.814
4.19699067990546,0.0463472831387847,23.1340519155056,74485.143
4.19696313180854,0.0496358329152915,23.1171567085447,74492.314
4.19696751186218,0.0455533177416536,23.1198370857282,74499.502
4.19720581158289,0.0477290550694962,23.1229138637962,74506.752
4.19709768374692,0.0445558467883881,23.1186705812118,74513.986
4.19627946165483,0.035281615114593,23.1221397668563,74521.174
4.19604853433692,0.0360128900063935,23.1209443077491,74528.424
4.19581243960697,0.0412072767538518,23.1291687713773,74535.627
4.19604488141897,0.0359032201608445,23.1186550413028,74542.799
4.19616731751148,0.0367644504753609,23.1209256939084,74549.955
4.19641081464026,0.0377885487223051,23.1177638099097,74557.127
4.19587464396429,0.0357634515783408,23.1189465965014,74564.283
4.19587196471686,0.0366107284857161,23.1156821284474,74571.455
4.19616007064962,0.0375246860139688,23.1185535832183,74578.611
4.19606098967504,0.0380648013427435,23.110562268339,74585.783
4.19599996103876,0.0398901770796499,23.1185935467098,74593.033
4.19513224692553,0.0274372813139804,23.1199465653644,74600.205
4.19559327891355,0.0344848188181067,23.1100422946475,74607.361
4.19603685088112,0.0374760996435025,23.1183162874889,74614.533
4.19576408456734,0.0372429867885092,23.1035205157605,74621.689
4.19590010577781,0.0375244243456892,23.1036451408252,74628.861
4.19611401005688,0.0374188890880843,23.102425987523,74636.018
4.19598864646241,0.034126326575984,23.0975874956156,74643.174
4.19598949631197,0.0349946537634438,23.0996664055239,74650.346
4.1958238224178,0.0368845217207643,23.0979835807402,74657.502
4.19596034309996,0.0388791527428986,23.1065726537869,74664.658
4.19582600412169,0.0364629759703017,23.1001544587286,74671.799
4.19610253750259,0.03725479515017,23.1024214295332,74678.986
4.19585017340403,0.0375515684448505,23.1035823172569,74686.158
4.19602329594016,0.0368189609422809,23.0992724836986,74693.33
4.19572100618055,0.0376543924121611,23.0947444461828,74700.486
4.19590654749138,0.0378027564398263,23.0982418108278,74707.658
4.19594995367488,0.0409318065879024,23.0941293013961,74714.814
4.19587024822083,0.0393464745956925,23.0970261683307,74722.002
4.19611767602484,0.0368452594743372,23.0953079922748,74729.158
4.19581230219821,0.0372661755981169,23.0948967480058,74736.346
4.1962384581379,0.0368612434692747,23.0910774780304,74743.486
4.19606443539634,0.0360120778079693,23.1013644056311,74750.643
4.19619893521215,0.0360592645413043,23.1035520079739,74757.814
4.19600501205626,0.0363440570663506,23.0994618710231,74764.971
4.1958778238743,0.0360585782046072,23.0940635998172,74772.127
4.1960352449845,0.040068623818253,23.0994639801692,74779.283
4.19609806219576,0.0339108077399868,23.0868021459452,74786.439
4.19507496568854,0.0282640761588503,23.0893774884147,74793.596
4.19578040891833,0.0356980116261286,23.0850827892377,74800.752
4.19537402960719,0.0292630412793879,23.0922813105048,74807.908
4.19601096620898,0.035261825094595,23.0917592789254,74815.049
4.19610850534944,0.0402521465695825,23.0869121994715,74822.236
4.19627004935826,0.0379961189283952,23.0836447108165,74829.377
4.19619014675573,0.0360835315144724,23.0835171068524,74836.549
4.19613988399223,0.034918435326901,23.0821198214578,74843.705
4.19612862356686,0.0364158409582896,23.0907632308683,74850.877
4.19640649838262,0.0378158167769584,23.0908659376648,74858.049
4.19604050130508,0.0364116753019815,23.0847526796209,74865.221
4.19522936548882,0.0302325237667945,23.0837772327061,74872.393
4.19595219470816,0.0347348612924419,23.081600808429,74879.58
4.19585769516849,0.0347578755362323,23.0811642256072,74886.721
4.19609716037944,0.0330513000190088,23.0882554452897,74893.877
4.19627443321347,0.0348091199776753,23.0822014146054,74901.018
4.19611306651263,0.0357294398033065,23.0873104915277,74908.174
4.19546821783965,0.0281595761451774,23.0912299514542,74915.346
4.19612135081649,0.0337770821339376,23.089279278164,74922.502
4.19604160838106,0.03755838730477,23.0820992056571,74929.643
4.19590959001293,0.0362738392163024,23.0835179675246,74936.799
4.1963817181574,0.0348675404109635,23.0800271165936,74943.955
4.19631176181342,0.0308184729572417,23.0841019241855,74951.127
4.19600980395134,0.0377696694304952,23.0792654549635,74958.268
4.19641207310759,0.0364603198845692,23.0756940278917,74965.439
4.1965684821634,0.0392836292520278,23.0749527939133,74972.596
4.19622683217926,0.033928718032729,23.0805516553136,74979.768
4.1961857490907,0.0386549821248511,23.0731522384279,74986.924
4.1962082123463,0.0397376950318207,23.0783565577055,74994.096
4.19633764984076,0.0412239598362955,23.0824023454212,75001.252
4.19643149954533,0.0393412455174966,23.0796778193122,75008.439
4.19656731705899,0.0354997219624664,23.0778432885763,75015.596
4.1965315089456,0.0403668480365527,23.0808073002106,75022.783
4.19632903036838,0.0363083107995588,23.0717137188803,75029.924
4.19610407628647,0.0383522023655763,23.0654511024831,75037.08
4.19640705403045,0.0363869748253861,23.0699843508618,75044.236
4.19650438309525,0.0351397056454495,23.0631105974431,75051.393
4.19649654510345,0.0357810056966878,23.06271086279,75058.533
4.19594009701829,0.0372920447157055,23.0705066985433,75065.705
4.19652796746309,0.0361039008449673,23.0647440417275,75072.846
4.19659382112072,0.0361865661769251,23.0703331570525,75080.002
4.19637422981685,0.0405925927109611,23.0754012253115,75087.143
4.19645023264556,0.0327038021567187,23.0773371150801,75094.314
4.19657567879661,0.03217200692743,23.0639235451708,75101.455
4.19614130368192,0.0396996347466755,23.0614213308728,75108.627
4.19641151081678,0.0351442956268771,23.0700161126563,75115.799
4.19669291617751,0.0367654089365927,23.0612258512087,75122.971
4.19630301899918,0.037262431587446,23.0607744798265,75130.158
4.19677126325395,0.0345851226434494,23.0566931982771,75137.33
4.19666163618612,0.035553114742466,23.0585876863119,75144.471
4.19647365151787,0.0363061631147168,23.0624732470045,75151.658
4.19649700205335,0.0336484686651583,23.0656102290557,75159.268
4.19646727230829,0.0352988750622783,23.0599876793865,75166.471
4.19651231806675,0.0361244146724375,23.0543160667123,75174.533
4.19678341118331,0.0343166476053912,23.0596653773333,75181.689
4.19696863657855,0.0372655877251385,23.0553807786416,75188.908
4.19651540348512,0.0389809169972323,23.0653004896026,75196.049
4.19674401296588,0.0396659968385537,23.0595624976835,75203.221
4.19667707335583,0.0318960962417359,23.0731190113505,75210.377
4.19676907228692,0.0361392136549776,23.0639247012902,75217.549
4.19578210121461,0.0253248820560114,23.0528604828276,75224.721
4.1958235312564,0.0233430628078412,23.0521723391255,75231.877
4.19547834180221,0.0280477784002291,23.0591763394938,75239.033
4.19651646329904,0.0370454238171323,23.060517786965,75246.221
4.19653171006732,0.0365235983278152,23.0681086956719,75253.361
4.19636048354572,0.0358557331933559,23.0713021558591,75260.518
4.19684062517295,0.0355081025853521,23.0617857509056,75267.674
4.19686891762445,0.0320704855845554,23.067097824688,75274.846
4.19651927081182,0.0368425575866746,23.0667963004167,75281.986
4.19683260112356,0.0356336399127554,23.0666429928274,75289.174
4.19706800093875,0.032991825628209,23.0658901702443,75296.314
4.19659792625413,0.0353024583250961,23.0540002160634,75303.518
4.19660777004869,0.0369139857678273,23.0620736255227,75310.689
4.19657345212682,0.0320245118419604,23.0570357785582,75317.861
4.19688724423363,0.035108586495577,23.0600056139618,75325.002
4.19714102883852,0.0348237881433835,23.056537278745,75332.189
4.19598554763969,0.0249345009431047,23.0493030046142,75339.346
4.1956821482401,0.0245258592393421,23.047373646166,75346.518
4.19557456308828,0.0273084521633918,23.0528052516237,75353.674
4.19596543113984,0.0242134877796623,23.046933222355,75360.861
4.19571256283556,0.027631666414825,23.0466907783503,75368.018
4.19581274491811,0.0267968345471709,23.0500300099068,75375.205
4.19562512403291,0.0257198142058467,23.047171344972,75382.346
4.19562373826619,0.0241953728387429,23.048553975487,75389.533
4.19558434005503,0.025965231519976,23.0559633989434,75396.674
4.19580135784371,0.0208590805573428,23.0443879011669,75403.83
4.19543136739725,0.0306813301487542,23.0478496867062,75410.986
4.19651499615419,0.0393975667060527,23.0455664669076,75418.143
4.19662581992452,0.0344318445219338,23.0439885393188,75425.299
4.19686144986377,0.0336069758867219,23.0453913044992,75432.471
4.19657126063985,0.037349329394129,23.0460067507312,75439.627
4.19659368370159,0.0327198542887314,23.0489490362466,75446.799
4.19684358529112,0.0309371927207869,23.0442583391641,75453.939
4.1963584914625,0.0380745780004825,23.0338042189845,75461.111
4.19672374935726,0.0368658285002939,23.0376072141291,75468.252
4.19676149685103,0.033796454864477,23.0542457078857,75475.424
4.19596752282454,0.0300811186746226,23.0518435162838,75482.58
4.19566818238881,0.0256535294576923,23.0442826495145,75489.768
4.1957623337589,0.0305436111226625,23.0354793444876,75496.924
4.19548851441068,0.027965558125693,23.049947045159,75504.096
4.19663726115953,0.0349266619224409,23.053060907836,75511.236
4.19702563069559,0.0355716552872376,23.0307744962703,75518.424
4.19676316813944,0.0353512256597334,23.0382280349278,75525.564
4.19680127330807,0.0374945808639545,23.0321610969611,75532.752
4.19711727750462,0.0352999315941149,23.0429166359206,75539.986
4.19696166381575,0.0349261992561792,23.0306013667461,75547.143
4.1968378163263,0.034770708021071,23.0231550344602,75554.346
4.19730447712768,0.0332058999615603,23.0307179348107,75561.502
4.19695212095478,0.0341771871075067,23.033125710689,75568.674
4.19729471127289,0.0342710157632277,23.0331753490444,75575.83
4.19708504057428,0.0364095334670641,23.0321698545883,75583.002
4.19719801196613,0.0387830400858319,23.0338898963053,75590.174
4.19734927078757,0.0369499780481625,23.0241472191902,75597.346
4.19728764872101,0.0334438068630753,23.0198298763894,75604.518
4.19721669461522,0.0328676803108588,23.0332478655265,75611.705
4.19723270995532,0.0344808244794936,23.0319452133753,75618.861
4.19721690998195,0.0373067237328459,23.025302023228,75626.018
4.19737467080433,0.0361542117413731,23.0231451370164,75633.174
4.19720461646669,0.0352761504796566,23.0233712238678,75640.33
4.19715150094644,0.0331080683301892,23.0278212990978,75647.471
4.19727886877015,0.0357975363415351,23.019116138946,75654.643
4.19720939804022,0.0369233249094776,23.011568028907,75661.721
4.19713940014296,0.0365544258199237,23.020651593894,75668.814
4.19716953837645,0.0347784397106133,23.0147068596222,75675.939
4.19726042448715,0.0334151300281749,23.0152465199513,75683.018
4.19732212506921,0.0323534136282292,23.0173461822901,75690.127
4.19723769292239,0.0342937350705578,23.010951730269,75697.236
4.19719754204113,0.0328909596490296,23.0132177781951,75704.33
4.19723196559914,0.0343502474122695,23.0146188854574,75711.408
4.1972794446011,0.0316799383519844,23.0075486518,75718.471
4.19720912978553,0.0359270243736068,23.0155068173441,75725.58
4.19739327095336,0.0355952080592528,23.0143760934578,75732.674
4.19641063192624,0.0253977155604006,23.0048023392062,75739.752
4.19637106353241,0.0269991037651302,23.0164007478992,75746.908
4.19601834252609,0.0252117352516571,22.9999847133061,75754.002
4.19627176663052,0.0267472209570942,23.0071912645559,75761.096
4.1961680522616,0.0234137047149866,23.0026869508806,75768.158
4.19630560206826,0.0263029202336146,23.0096836992705,75775.268
4.19638965746718,0.0255406237787754,23.0088123617681,75782.361
4.19629228493298,0.0233020858845213,23.0056707830311,75789.455
4.19603253190818,0.021697329055503,23.0119232868639,75796.502
4.19608843037963,0.0247388855665851,23.005909556913,75803.627
4.19610719289568,0.0235090142116993,23.0112700411916,75810.705
4.19616445451227,0.0242834510494784,23.0025704525799,75817.814
4.19601303513352,0.0271330600475053,23.0092155689781,75824.924
4.19624227057693,0.025287127807936,23.0171847266896,75832.018
4.19594743043093,0.0236775659425918,23.004604438227,75839.111
4.19594842414051,0.0277637748991961,23.0054378369928,75846.174
4.19594893839276,0.0221556282984519,23.0009552391737,75853.283
4.19617464695804,0.0258005142517865,23.0090380934308,75860.377
4.19650894751191,0.0227557119244381,23.0099201921173,75867.471
4.19589278269653,0.0230283867244794,23.0034732049454,75874.533
4.19574222761075,0.0249818224708246,23.0077413571405,75881.627
4.19625602241378,0.0263793198917878,23.0137882661989,75888.736
4.19595249650667,0.0250077253130096,23.0088713890785,75895.846
4.19612247757474,0.0217230112064699,23.0081931576763,75902.955
4.19642521814667,0.0226487480913023,23.0048463915767,75910.049
4.19604366781846,0.0227632188077041,23.0075847671948,75917.143
4.19624320346694,0.0270742405119549,23.0037177212858,75924.205
4.19612518003039,0.0256652531709172,23.0060578859818,75931.314
4.1961548139826,0.0246904128924458,23.0031037142303,75938.408
4.19589177313041,0.0235645949841783,23.0103257869864,75945.502
4.19620027685126,0.0244274937353828,23.0029251197668,75952.627
4.19616266629758,0.0273587046447393,23.0094621952862,75959.721
4.19640654358222,0.0233845492069592,23.0147498761017,75966.814
4.1966360394609,0.0260193896354444,23.0048175384783,75973.877
4.19594489505941,0.0223871073993451,23.0090693684147,75980.986
4.19633644167452,0.0241220648254777,23.003603233817,75988.08
4.19621773424043,0.0250656253473643,22.9936530729471,75995.174
4.1959532179167,0.0251966445266311,23.0090969400811,76002.236
4.19610273554188,0.0250676310812041,23.0028480610119,76009.33
4.19594878273422,0.0258875891912737,23.0091065642523,76016.439
4.19614969927919,0.0251543236195786,23.0013749822238,76023.533
4.196049577288,0.0252266427042281,23.0014570639603,76030.596
4.19581803546802,0.020299000872007,22.9979786700502,76037.689
4.19634385420823,0.0242261600250634,22.9932764000194,76044.799
4.1961313878395,0.026025964796814,22.9913819065559,76051.893
4.19624474150539,0.0227205449137086,23.0064979917199,76059.018
4.19621032109962,0.0228014924710516,22.9998337885665,76066.096
4.19623737454992,0.0298765818977028,22.997714316982,76073.205
4.19614127613282,0.0297929551598454,22.9927008299198,76080.314
4.19618533968496,0.0252424682738231,22.9920116060481,76087.408
4.19622408708103,0.0244138223639841,22.9924513785479,76094.502
4.19631630078494,0.0240286314076829,22.991395104072,76101.564
4.19617835475769,0.0225883771107789,22.9979874164428,76108.611
4.19629756334468,0.0246194004783863,22.9977936066268,76115.721
4.19635693480819,0.027587023689317,22.9993451368617,76122.814
4.19605560732237,0.0253449468791819,22.9886998745632,76129.924
4.19631533187788,0.0198865327488359,22.9853162195427,76137.049
4.1524452588661,0.00254097288655725,23.0329121247839,76144.096
4.1696372901846,-0.00152438692866832,23.106968864639,76151.127
4.17458099319789,-0.000956205537967663,23.1386731367644,76158.174
4.17705313059206,-0.00189919693908282,23.1498325767691,76165.221
4.17903510807844,0.00185544461999798,23.1587366433262,76172.268
4.18012423977537,0.00060848215346173,23.1583182007665,76179.314
4.18075981281069,-0.00161171231210685,23.1602642481355,76186.361
4.18166003597318,-0.00283706561669862,23.166556225067,76193.408
4.18231086775544,-0.00238203773584242,23.1635572203384,76200.455
4.18285653761802,-0.00220974100598686,23.1536264403218,76207.502
4.18321163422131,-0.00175273078772497,23.1414272579794,76214.549
4.18540910951161,7.20722684922065e-05,23.1235829379439,76215.549
4.185763363192,0.00291017518744051,23.1262151260597,76224.845
3.96751346432835,-2.00677700068021,23.1365100177626,76239.392
3.93788630655172,-2.00859904632948,23.2387004487132,76253.142
3.91624261424394,-2.00759727994615,23.3893546923589,76266.845
3.89883438458545,-2.00895793977584,23.5260597214652,76280.564
3.88355866583391,-2.00890973789401,23.6754509110104,76294.314
3.8705334174705,-2.00634987034312,23.8134179672723,76308.002
3.85895699372425,-2.00605729110915,23.982260522765,76321.689
3.84854354568373,-2.00646291123284,24.1210184191875,76335.314
3.83879282359419,-2.00816234991019,24.2676743015531,76348.97
3.83011693427256,-2.00661465573987,24.4229011109225,76362.674
3.8222370713232,-2.00803285590073,24.5735593653093,76376.345
3.81476518309427,-2.00952468651762,24.73145082255,76390.033
3.80817069746379,-2.00881558384044,24.8748700616382,76403.814
3.80144380350198,-2.00767730573859,25.0303334905963,76417.455
3.79580795643285,-2.00698226096473,25.167904140593,76431.095
3.78984365139594,-2.005941178923,25.3075818342751,76444.736
3.78448219212915,-2.00773380142352,25.4532666482364,76458.377
3.77926071607676,-2.00943602188626,25.607405118691,76472.08
3.77361722033429,-2.00845039252258,25.7471838996951,76485.736
3.76830976658206,-2.00835650279457,25.8952702593187,76499.392
3.76280588156607,-2.00814585216085,26.0419067679472,76513.095
3.75749650306063,-2.00856685740678,26.1780730510579,76526.752
3.75180420894308,-2.00926975537345,26.3121983729346,76540.392
3.74622798185267,-2.00726199838917,26.4589652436022,76554.049
3.74034375049346,-2.00663660582941,26.5976133384382,76567.72
3.7343246599806,-2.00819941300159,26.7221913451172,76581.424
3.72819228583797,-2.00613160082277,26.8536522079425,76595.095
3.72197554843941,-2.00872128368971,26.9676750792073,76608.783
3.7156222648877,-2.01105320238156,27.1008732670023,76622.455
3.70935565613234,-2.00640683848694,27.2190134816198,76636.189
3.70275797171447,-2.0055435025555,27.3255964186668,76649.939
3.69685442954231,-2.00804168110402,27.4209760521191,76663.642
3.69034392768375,-2.00495220043775,27.5170215402343,76677.299
3.68447507030093,-2.00919713720134,27.5961614093701,76690.97
3.67871426556686,-2.01017902460937,27.6667231385359,76704.658
3.67322913144747,-2.00793092041764,27.7412857491365,76718.314
3.6676729530974,-2.00483223682616,27.7838047275034,76731.955
3.66247804301252,-2.0086209963777,27.8430098339367,76745.611
3.65741707148667,-2.00884954377322,27.8864067684588,76759.267
3.65233576417074,-2.00759972271738,27.9247486314736,76772.892
3.64760800370942,-2.00945356503986,27.9466859702591,76786.627
3.64279177625635,-2.00802784721611,27.9822124046587,76800.314
3.63818840913812,-2.00638047883554,28.0069864164494,76813.97
3.63377761068306,-2.00843660833588,28.0401354294951,76827.674
3.62896060135495,-2.01033506975844,28.062105617134,76841.392
3.62432763387736,-2.00848053709852,28.0852396896098,76855.08
3.61994410450464,-2.00918156865609,28.1416954213152,76868.689
3.61531016850056,-2.00787370310997,28.162658023401,76882.377
3.61058360075298,-2.00848761918099,28.1905322564468,76896.033
3.60627692965936,-2.01002962101808,28.2203598806394,76909.736
3.60164005373061,-2.00996709544711,28.2764364283825,76923.455
3.59710390826749,-2.00744093134583,28.3087962195686,76937.142
3.59275515129907,-2.00526313070212,28.345874914642,76950.799
3.58834506685799,-2.00783478371759,28.40322597677,76964.517
3.58378527629265,-2.0041114597763,28.4528615838012,76978.189
3.57971703828871,-2.00688249462967,28.4977727687474,76991.845
3.57516143377984,-2.0059537499039,28.5496082066689,77005.58
3.57081351232612,-2.00941374047424,28.6189688650885,77019.377
3.56653163403061,-2.00781038776313,28.6709862293039,77033.205
3.56229587768141,-2.01061514302088,28.7318295939978,77046.97
3.5581031494567,-2.00726245780078,28.8031901217788,77060.783
3.55393230772233,-2.01028612545616,28.8522215853365,77074.674
3.54979012380463,-2.00909359998972,28.9143501471228,77088.486
3.54578864163128,-2.01029293461742,28.9843935022936,77102.267
3.5417881441673,-2.00915524001699,29.0482809925235,77116.111
3.53771231556831,-2.00891994513058,29.1230067828668,77129.924
3.53383092954683,-2.00922131138118,29.1842586740611,77143.705
3.52977293571899,-2.00843349787057,29.2633608437947,77157.486
3.52603594170221,-2.01019399862589,29.3198932683562,77171.314
3.52238210435366,-2.0118017245275,29.3889971982091,77185.189
3.51852895627747,-2.01106240982238,29.4642128366314,77199.002
3.51502177113613,-2.00678874430709,29.5301419577162,77212.799
3.51138510906128,-2.00874422866529,29.5859625268619,77226.549
3.50730017391093,-2.00597464433924,29.6655317594061,77240.361
3.5039132147738,-2.01143703491311,29.7308793625172,77254.158
3.50042191916056,-2.00960934508464,29.7760165234968,77267.924
3.49702117658679,-2.00949268628407,29.841592920153,77281.736
3.49359675948661,-2.00871792175455,29.9191136528821,77295.486
3.49018047036748,-2.01011664699392,29.9978666091577,77309.236
3.48678205692463,-2.00905299247725,30.0652839894244,77323.033
3.48339097794286,-2.0079486264464,30.1292769270975,77336.861
3.48023430230407,-2.00996214357596,30.1964827341794,77350.689
3.47705332089156,-2.00939698551975,30.2606032714196,77364.502
3.47371982274705,-2.00873302146968,30.3228575188904,77378.299
3.47059755979964,-2.00792054965338,30.3941462024587,77392.111
3.46741072025318,-2.00806142040072,30.4456799682598,77405.861
3.46432762165871,-2.00804724083446,30.5272955418077,77419.658
3.4611832953692,-2.00765006375036,30.5764560799063,77433.58
3.4582004124622,-2.0102801795215,30.6432226468728,77447.377
3.45523827773379,-2.00837023702953,30.7195137501071,77461.205
3.45250401848288,-2.00737459443141,30.780346318001,77475.002
3.44930333524764,-2.01080640033086,30.844073284156,77488.799
3.44659864052012,-2.0078486627634,30.9187466717643,77502.611
3.44355840249513,-2.00949158739937,30.984463737222,77516.408
3.44059512628308,-2.00608966183406,31.0489301365376,77530.236
3.43768600846418,-2.00789060363163,31.1157327833352,77544.111
3.43492576712664,-2.00989208556257,31.1758946978362,77557.924
3.43205686543273,-2.00915691969278,31.2545812167618,77571.705
3.4293507069108,-2.00697267903258,31.3119054221178,77585.486
3.42665730809479,-2.01234055242392,31.3819098744328,77599.299
3.42381020394772,-2.00957598560055,31.4311853498626,77613.08
3.42112819707937,-2.00850640950267,31.509424506784,77626.908
3.41828961723781,-2.0090736673325,31.5543854882684,77640.752
3.41549887506371,-2.01041807673555,31.6415740602952,77654.549
3.41259205680908,-2.0101571977269,31.6967336266813,77668.345
3.41003947467051,-2.00815838065671,31.7635520439784,77682.127
3.40731901790434,-2.00768688683689,31.8508244662603,77695.924
3.4047374276093,-2.00890872752872,31.8999108662352,77709.767
3.40207809531264,-2.00963685157002,31.978158179726,77723.549
3.39928370527102,-2.00940312579504,32.040784520891,77737.361
3.39649426390196,-2.00863555854366,32.1047922499192,77751.158
3.393891011603,-2.01209526285897,32.1699335925319,77764.939
3.39115589000396,-2.00819162846653,32.2323514274433,77778.736
3.38833373784959,-2.00727618806041,32.2912294381879,77792.533
3.38580405386252,-2.00925622753846,32.3578454020152,77806.392
3.38288141995956,-2.01077099393738,32.4405495879859,77820.22
3.38019725239103,-2.00760481205048,32.511849505266,77834.08
3.37770986600671,-2.00812483155653,32.569785521695,77847.986
3.3746607534628,-2.0094443631848,32.6451775375956,77861.767
3.37195458433832,-2.00755794254007,32.705422370545,77875.705
3.36898648127192,-2.00797875558825,32.7808378160993,77889.533
3.36608500953978,-2.0080822513582,32.8456444632027,77903.314
3.36310775276664,-2.00998384269786,32.9183330367745,77917.174
3.36031025378138,-2.0096975101148,32.9848028431695,77931.002
3.35723784470366,-2.00792209759063,33.0433699836941,77944.814
3.35412148631452,-2.00981932831627,33.1117274099642,77958.627
3.35123817406241,-2.00903801334543,33.188044543875,77972.47
3.34806320269249,-2.00629854239082,33.270854001907,77986.267
3.34506166986811,-2.0106303772176,33.3305203017336,78000.127
3.3419680398106,-2.00985842217079,33.4000124267758,78013.908
3.33868428295498,-2.00834276040661,33.4711252944075,78027.752
3.33555208484157,-2.00821752503203,33.5400996174089,78041.549
3.3319285721688,-2.00898495562683,33.6279553032667,78055.345
3.32857294962848,-2.00896626474598,33.7076695082044,78069.174
3.3250722203179,-2.00903147737962,33.7627000440717,78082.955
3.32162656525476,-2.00982547427648,33.8306309468143,78096.767
3.31803260732354,-2.00916705916504,33.9197500333601,78110.564
3.31402170367763,-2.01001061646105,33.9863462871428,78124.361
3.30989900365316,-2.01040984198503,34.0636861688919,78138.158
3.30617644228209,-2.00631838165554,34.1395362844597,78151.97
3.30193480457985,-2.00879683987698,34.2125934868212,78165.767
3.29757650189186,-2.00683331230106,34.3017230054641,78179.564
3.29289427651061,-2.00733428121686,34.3777331622644,78193.392
3.2882197639699,-2.00915486793124,34.4483370666091,78207.252
3.28309125963856,-2.00957160736849,34.5383246010961,78221.033
3.27793028858977,-2.00650298657383,34.6020869671279,78234.877
3.2723953723393,-2.00777090142875,34.6872794679922,78248.72
3.26648599233355,-2.00854988507771,34.7665218783226,78262.533
3.26043086429185,-2.00662088490628,34.8431283430234,78276.345
3.25368650418648,-2.00890121751788,34.9295226464188,78290.189
3.24667482231865,-2.00951646704583,35.0059609654733,78303.986
3.23922774332617,-2.00747836591365,35.0861360842411,78317.814
3.2311511381204,-2.00807545591389,35.1886537460101,78331.611
3.22266197733884,-2.00926990626408,35.2651659607167,78345.377
3.21336869072652,-2.00988367324789,35.3429423539375,78359.127
3.20392030834556,-2.0088928601311,35.4378220847554,78372.892
3.19332546575277,-2.01085613339749,35.5218155030999,78386.674
3.18213768580635,-2.00722504744803,35.6133042091502,78400.47
3.17005635855263,-2.00996627382363,35.705003749784,78414.252
3.15726933014252,-2.00922090172181,35.8162727403618,78428.064
3.14316911007903,-2.00719171894951,35.8948535553161,78441.877
3.12804959572917,-2.01033902988322,35.9989809868294,78455.72
3.11171485181148,-2.00864166236741,36.1217808473972,78469.564
3.09377214248276,-2.01219129869994,36.2077862783483,78483.392
3.07469144855268,-2.00904579929409,36.3226020753909,78497.252
3.05376532851829,-2.01124391737204,36.422624588802,78511.064
3.03126653341693,-2.00931265342415,36.5520985581393,78524.986
3.0066194102288,-2.01286868212861,36.6712118543546,78538.814
2.98017205978185,-2.00957287394845,36.817114827711,78552.627
2.95116356227797,-2.00837773022604,36.9368702296276,78566.517
2.91872037865967,-2.00913579219685,37.0930149809495,78580.345
2.88152834382043,-2.01162895776133,37.2308166718956,78594.174
2.8352833319198,-2.0111601882144,37.3960029309642,78607.986
2.77471086494875,-2.0113697032558,37.5440670988252,78621.799
2.69097423797692,-2.01054237406563,37.7236654547239,78635.611
2.56608545352374,-2.01111678480183,37.9256750565973,78649.439
2.36558467633837,-2.01110951180701,38.1437416775612,78663.236
2.85487249819588,-0.000993795234454397,38.3569309339606,78677.283
2.99418084012481,0.00161795220459363,38.3718136401189,78691.252
3.08168612677183,-0.000263040076424719,38.2762606210059,78705.22
3.1491103120607,-0.00134557653133039,38.1398176737138,78719.189
3.20091771792503,-0.00299563180853954,37.9591862121396,78733.158
3.2415411983033,-0.00186282499682553,37.7680135659251,78747.111
3.27461763585891,-0.00161022993843386,37.5860875984721,78761.08
3.30258758390939,-0.00121282760631522,37.3533741355583,78775.017
3.32659753131535,0.000147815289666039,37.14585662828,78788.97
3.34755682131264,0.00248413981248302,36.9235029332331,78802.924
3.36607581741932,0.000505525249212399,36.7072386712681,78817.033
3.38246778043438,-0.00353144060251489,36.4865257584896,78831.111
3.39707871914051,-0.000974122058065011,36.2555835176761,78845.33
3.41056272221538,-0.00195549453553484,36.0382491931398,78859.47
3.42255751705706,-0.000754785219021148,35.8105588042525,78873.658
3.43348037756429,0.00308245841779255,35.5938077480727,78887.814
3.44376029471658,-0.0024263048192394,35.3839786769375,78901.908
3.45327121515914,-0.000981028742622153,35.1797323824577,78916.095
3.46196269280967,0.000208872365714854,34.9769997658305,78930.189
3.46990731570372,0.00151587495081124,34.7859433761914,78944.299
3.47727673866172,-0.00194006858024336,34.5816595420972,78958.392
