Voltage_measured,Current_measured,Temperature_measured,Time
3.86462358025583,8.19992636771963e-05,24.6822138219085,0
3.46911338441211,-4.05918455376202,24.6954066534043,2.532
3.99480601991218,1.51374950513753,24.711491276246,5.5
4.00588776133701,1.5113894889745,24.7396719270784,8.344
4.01294438663511,1.5108174575297,24.7531798766953,11.125
4.01881309861242,1.51317028702576,24.7493772303137,13.891
4.02353027716461,1.51264868347295,24.7590309648803,16.672
4.02804081159582,1.51192691030772,24.768919283461,19.5
4.03189580875704,1.51242669518715,24.766228364467,22.282
4.03563901704142,1.51158267008805,24.778624434058,25.063
4.03883811240316,1.51444761136278,24.7771893682215,27.828
4.04252377793044,1.51154772461805,24.7944654396308,30.641
4.04559701680745,1.5136543641554,24.8057014879746,33.453
4.04853112546468,1.51196946658248,24.8129765892858,36.219
4.0519817952859,1.51136639863289,24.8221407368853,39.735
4.05464863124214,1.51472495647712,24.8264521344498,42.578
4.05733269644476,1.51391445632946,24.8386646165418,45.438
4.0600106571453,1.51067107160314,24.8420125915479,48.297
4.06209600295566,1.51204039298985,24.8508769557561,51.188
4.06444914987847,1.50984842136312,24.8711841020089,54.047
4.06640752122334,1.50899717038799,24.868614938096,56.922
4.06826626745717,1.51162899175676,24.8803046930784,59.797
4.07049155241079,1.51069646414246,24.8835213704634,62.688
4.07207205024482,1.51267227481376,24.8864235585244,65.657
4.07415808457122,1.51114026345241,24.9026089371738,68.547
4.07582882534026,1.51353276215404,24.9069660952201,71.453
4.07726647700258,1.51424135491352,24.9131974890326,74.344
4.07863124633607,1.50988491837018,24.9225752631069,77.235
4.08066446539015,1.50985839439135,24.9372914914463,80.188
4.081355588992,1.51523154134636,24.9382049813213,83.172
4.08315294177403,1.51070943833937,24.9470181049044,86.094
4.0842618735607,1.51649639378989,24.9630183420105,89.016
4.08505295897008,1.51239599282471,24.9715954602079,91.922
4.0866676838737,1.51109747497972,24.9769290832287,94.907
4.08765950676764,1.51321153048068,24.985910166821,97.844
4.08855661093552,1.51195273148171,24.9949801165266,100.766
4.09015630135051,1.51394827901457,24.9912057016625,103.75
4.09070908963828,1.50626256353257,25.0114146584347,106.703
4.09192865731616,1.51056344401384,25.0203002344811,109.641
4.09248942402469,1.51513034017989,25.0301743561533,112.641
4.09357903218509,1.51224023961324,25.0324940268829,115.594
4.09449532691316,1.50996226784553,25.0465892888949,118.547
4.09576237814564,1.51447198492975,25.0609035235302,121.532
4.09620672873363,1.51300791973797,25.0637260075211,124.5
4.09690430302394,1.51345144996237,25.0681273845034,127.532
4.09767131900962,1.5104368076069,25.0734330445523,130.516
4.09863375430241,1.51382093698018,25.0838799918502,133.563
4.09946669140573,1.51587380664388,25.0936153546569,136.563
4.1001724996189,1.51325677834735,25.0974553959537,139.563
4.10071041825673,1.509264458504,25.1135340109492,142.563
4.10160125174508,1.51256375340489,25.1264993873458,145.594
4.10228531697754,1.51399830092417,25.1340020228556,148.578
4.10294886874203,1.51089692819258,25.1445754751824,151.61
4.10375280055291,1.51133293393641,25.1542104904919,154.672
4.1040240551234,1.5159662465791,25.1620259825585,157.735
4.10489755745512,1.51097542444743,25.1763868133496,160.782
4.10547305206148,1.51104029582283,25.1747305853838,163.844
4.10606112888476,1.51260382478062,25.181730081314,166.922
4.10660063318576,1.51507621557798,25.1928672091243,170.032
4.1073962956984,1.51289101941135,25.191997425455,173.11
4.10792302290131,1.51138826607195,25.2135624967205,176.188
4.10844669316231,1.51232171262219,25.2167612672586,179.266
4.10878414178464,1.51149009963454,25.2321120401917,182.422
4.10984118374522,1.51358696802244,25.2378728551675,185.563
4.11022974902707,1.51387935387193,25.2417083423614,188.703
4.1107712609977,1.51181793847526,25.2569117183905,191.86
4.11138721481699,1.51253070302853,25.2600864228317,195
4.11178393309019,1.51239145457571,25.261169248134,198.188
4.11230655763117,1.51391084140117,25.2788070964959,201.36
4.11345869922855,1.51260485810644,25.2824057289747,204.5
4.11348349828132,1.51559149944131,25.2956082931759,207.657
4.11412775411618,1.51178296227157,25.2973420629675,210.813
4.11437897668638,1.51218138805339,25.3039860138774,213.969
4.11504590321245,1.5119333338945,25.3053118529075,217.11
4.11564707518948,1.51267691481175,25.3254323524032,220.297
4.11610035141029,1.51028445943861,25.3378690546355,223.485
4.11679359562439,1.51170202226705,25.3413310053406,226.672
4.11730742958971,1.51236933972975,25.3493072179707,229.86
4.11777130422132,1.51035706853888,25.3681482371308,233.078
4.11818093099766,1.51349470802002,25.3726710138213,236.36
4.11864379106179,1.51347830669703,25.3848068576552,239.594
4.11911709078454,1.5133752744366,25.3908118900232,242.813
4.1194751977064,1.514115783214,25.3978510082253,246.11
4.11984377832384,1.51637263953196,25.4050722274084,249.375
4.12076780895198,1.51433448421006,25.4110724291211,252.641
4.12128257052628,1.51049171499669,25.415971375544,255.938
4.12172898582377,1.51350699970522,25.4361805285647,259.219
4.12211200628575,1.51421321833326,25.4379663823504,262.547
4.12247588835463,1.50964272840645,25.4436297727838,265.828
4.12315972685045,1.51119345211085,25.4513438609878,269.157
4.12360642614724,1.51384194143234,25.4562583748915,272.469
4.12406718756221,1.51641582817512,25.4813523439321,275.875
4.12464060951733,1.51133082301841,25.477838003798,279.219
4.12537247570936,1.51596747870374,25.4894977394688,282.594
4.12553760545641,1.5134352727121,25.501149008048,285.953
4.12615225763054,1.51199279423701,25.5105013653004,289.344
4.12674477930805,1.50859851317682,25.5132352051173,292.719
4.12697294438998,1.51022999711356,25.532111873245,296.141
4.12777805085569,1.51290425240316,25.5366389421754,299.547
4.12822864614811,1.51105564255339,25.5416613195566,302.969
4.12867748846541,1.51297023573716,25.5530217650613,306.375
4.12915198977424,1.51231846724379,25.5597612859056,309.797
4.12961658739176,1.51396120550074,25.5637491970906,313.25
4.13028727852874,1.51209417784016,25.5734612296807,316.703
4.13103234587363,1.51427729220274,25.5879688369802,320.157
4.13160198758549,1.5118902946904,25.5971248954417,323.625
4.13187094450966,1.51132627595399,25.6027876576769,327.078
4.13228036532525,1.51322689616325,25.6142752235615,330.563
4.13287962251817,1.51110197635326,25.6171701422117,334.047
4.13338581908724,1.51428934734364,25.6287885002382,337.547
4.13388103261943,1.50982505755421,25.637762415982,341.063
4.13492169268764,1.50902549471113,25.6471583583335,344.594
4.13497606345848,1.51699402627275,25.65516946056,348.203
4.13563736703058,1.50967024595679,25.6628675822283,351.735
4.13634224282106,1.51125836839414,25.6720221811851,355.282
4.13659037598536,1.51142504144698,25.6872361536138,358.891
4.13731278424295,1.51414183358749,25.686257551499,362.485
4.13762143998868,1.5144391013458,25.6942938888834,366.125
4.13811859368082,1.51524176229916,25.7017753286133,369.719
4.13868195211599,1.50939512183989,25.7187013204887,373.36
4.13933482801556,1.5130373868339,25.7215713904788,377
4.13983514711232,1.50839203891238,25.7321347737941,380.641
4.14044529453094,1.51312434331075,25.7407538459752,384.297
4.14122594482799,1.51069564772951,25.744086003521,387.985
4.14173497903647,1.51355153216307,25.7547517864957,391.688
4.1420744838165,1.51271510107607,25.7640211366979,395.438
4.14267450412476,1.51269627568666,25.7788630519324,399.203
4.14319349839096,1.51215960245479,25.7834308499472,403
4.1437434396636,1.51217997004854,25.7938848145314,406.735
4.14450184614536,1.51154884233527,25.7990311930498,410.5
4.14496343286448,1.51444159793857,25.8051910855552,414.266
4.14527935921234,1.51196024345192,25.8098616576281,418.047
4.14617720151848,1.51185191848135,25.8252267555687,421.844
4.14691506583814,1.51137833329445,25.8326399619516,425.641
4.1474176120324,1.50904841311287,25.8405410033328,429.469
4.14795371574304,1.51392179877562,25.8466185849046,433.282
4.14854712076028,1.51371052071909,25.8574025347005,437.219
4.14918491556903,1.51214743588892,25.8735038322082,441.078
4.14973160805789,1.51203506034332,25.8759395244511,444.938
4.15050325195343,1.51299635581521,25.8909049774863,448.875
4.15124230679556,1.51487239635515,25.9004297858517,452.766
4.15157642594662,1.51236409073128,25.8963351900184,456.75
4.15223356078936,1.5114988460485,25.9111724397491,460.672
4.15300311711397,1.515783931082,25.9302798317905,464.625
4.15341239413199,1.51259846071333,25.9349663322065,468.563
4.15379135015112,1.51353863666675,25.9411294294088,472.547
4.15465639329055,1.51198247399247,25.9468809226722,476.578
4.15532515857667,1.51421186831853,25.9669812059331,480.547
4.15594719756503,1.51275877167168,25.9695811539845,484.547
4.15687439084384,1.51396115924323,25.9828639505228,488.594
4.15708555166826,1.5146851039223,25.9804325757783,492.657
4.1578600033908,1.51417614137457,25.9875840502514,496.735
4.15815915082459,1.51127688154356,25.9925083057113,500.813
4.15908280022369,1.50988775731676,26.0060704692517,504.907
4.15951110964876,1.51080971635496,26.0223722173124,508.985
4.16029171440011,1.51460978617218,26.0304699143187,513.063
4.1608464999709,1.51326873557732,26.0405385834859,517.172
4.16155589467679,1.51315189117588,26.048418891375,521.344
4.16213173487779,1.51395143636945,26.0674111190434,525.532
4.16268526173828,1.5133799533683,26.079185166566,529.766
4.16352239272452,1.51301026522168,26.0844194193775,533.953
4.16410706340815,1.51224613864611,26.0937291479513,538.141
4.16499458503835,1.5080503980391,26.104082931914,542.391
4.16544650053749,1.50820558885208,26.1080348110269,546.61
4.16604247122705,1.51270036768201,26.1147110623065,550.844
4.16661779893861,1.51120040546088,26.1205773397633,555.125
4.16727048363615,1.5108701533927,26.1364652681586,559.422
4.16808477629659,1.51132188812047,26.147773964791,563.766
4.16836797988662,1.51359533601733,26.1623469285579,568.11
4.16966409413213,1.51502163650247,26.1841851378727,572.5
4.17013497448939,1.51363737962014,26.1861630014398,576.907
4.17065671149743,1.51233503905182,26.1949806181015,581.344
4.17126544478675,1.51404402591662,26.2089256351391,585.766
4.17196106209479,1.51395793463227,26.2234894098409,590.157
4.17284332186707,1.51457443242674,26.2440010825634,594.547
4.17349760970812,1.51061558902388,26.2610673511008,598.969
4.17404994307221,1.51366976565001,26.2658491947984,603.422
4.17487168428356,1.51345719103657,26.2815878270742,607.907
4.17554213830997,1.51191598354648,26.3012476891836,612.516
4.17619016414668,1.51219987023823,26.3175401938175,617.141
4.17686202994287,1.51041989583094,26.3240829154319,621.641
4.17744988124917,1.51068477324077,26.3431293406749,626.157
4.17827938733654,1.51540308101554,26.3512832241174,630.719
4.17928984171865,1.51400394499483,26.3593565524224,635.266
4.17978762414018,1.51214150457221,26.3851830631892,639.875
4.18025403971591,1.51522510722637,26.3849371326877,644.532
4.18121589252816,1.51138447051782,26.4072395116948,649.188
4.1821048964936,1.51413238808278,26.4274976114469,653.828
4.18271983879345,1.5135394737328,26.4399339760965,658.485
4.18347478149083,1.51098306760164,26.460369200575,663.172
4.18416111238598,1.51213942928165,26.479939225106,667.891
4.18473608007741,1.51338887118475,26.4906528742807,673
4.18590968547168,1.51444810968189,26.5047639129961,677.891
4.18638874240089,1.51036736663096,26.5223513321397,682.75
4.18720166285798,1.51351895539126,26.5378502713125,687.672
4.18804109422425,1.5125648654745,26.5571300416975,692.547
4.18889022002814,1.51132499740183,26.5698528469752,697.5
4.18957105472809,1.51250530872153,26.5832174287341,702.5
4.19045785272448,1.51474669146245,26.6014970246149,707.422
4.19086875245995,1.51417908276191,26.6248651502029,712.453
4.19198042008741,1.5147459419629,26.6443053513961,717.516
4.19255989204453,1.51493941731292,26.6728385955438,722.907
4.19370419668482,1.51143803006018,26.6766458134008,728.078
4.1946954528418,1.51149995184916,26.6907199845767,733.297
4.19544511562644,1.51352982877881,26.7180067917368,738.516
4.1961062688861,1.51137521551676,26.7403990084046,744.141
4.19686784446914,1.5137843300111,26.7537979862048,749.532
4.19781250333931,1.5126485190046,26.7736708282374,754.907
4.19874611530934,1.51289005394737,26.8019507641535,760.344
4.19943466056894,1.51039388923747,26.8137328090657,765.75
4.20035067809372,1.51246534868951,26.8274495936361,771.282
4.19873478733446,1.4815558019731,26.8476137312313,777.203
4.19956970862815,1.48242986693288,26.8665152413598,782.891
4.19909415382392,1.47204684028972,26.8892155319588,788.547
4.19989007667575,1.46792110351979,26.9104178598684,794.235
4.19961047502174,1.45772268165702,26.9168787046369,799.907
4.19920941226517,1.44995308018437,26.9369001596362,805.594
4.1997189978208,1.44650698491506,26.962649008454,811.344
4.19953494683671,1.4355287062064,26.981926895015,817.063
4.20009405555524,1.4331144165269,26.9993083180704,822.844
4.19981491039776,1.42713524865562,27.0201926983072,828.61
4.1997931239459,1.41183301840408,27.0396883093013,834.469
4.20025796669718,1.4136459182727,27.062109460624,840.282
4.20084104209576,1.41039532644083,27.0784184962922,846.188
4.20032166581279,1.40367371366913,27.087419825453,851.985
4.19995394388351,1.38989794045504,27.1097739630462,857.938
4.20029048700327,1.38866285726489,27.1304659164173,863.797
4.20120605161187,1.38418413925151,27.1440360150056,869.766
4.20114827644227,1.37704981070182,27.1604292594943,875.766
4.20085532383816,1.36490826264787,27.1676659499437,881.766
4.20043367276767,1.35044057833373,27.1932221585191,887.782
4.20110728553806,1.35079015000955,27.2089709891766,893.782
4.20057302926843,1.34006963097927,27.2054673468947,899.797
4.20026837884406,1.32845747657921,27.2278228171711,905.844
4.20091374902899,1.32906867102082,27.2365103859003,912
4.20045784425912,1.31910411982429,27.2504308201739,918.172
4.19976941571251,1.31364898789405,27.2653081002918,924.297
4.2008521422023,1.30783609943363,27.2634965102317,930.453
4.20053695604583,1.29552843179279,27.2797385530702,936.61
4.20107706272085,1.29302782261942,27.2943806347118,942.86
4.2008872235143,1.28319521128887,27.3033878883063,949.032
4.20044753582195,1.27302094965714,27.3030255185418,955.297
4.20111726968366,1.27125729296825,27.3181593053314,961.594
4.20099042706676,1.26010128465366,27.3233333207026,967.922
4.20080051615655,1.25114365941147,27.3282482274954,974.203
4.20006929051549,1.2370683206155,27.31506820043,980.5
4.20101237224332,1.23849821251977,27.330123423031,986.813
4.20127218593536,1.23854878282828,27.3340147350794,993.188
4.20193474834612,1.23468131361993,27.3284566550443,999.641
4.20166382357777,1.22261076026548,27.33544187772,1006.094
4.20156738414042,1.21209805302812,27.3426156868991,1012.547
4.20092429058852,1.19749550310557,27.3373322867764,1019
4.20049310230013,1.19056591852428,27.3478614862207,1025.516
4.20127839202078,1.18988598205448,27.3455633352561,1032
4.20133168721077,1.17593130597614,27.3460657425726,1038.594
4.20023326796851,1.15437967181687,27.3518259997593,1045.188
4.20043935902101,1.15790548576683,27.3506481262298,1051.797
4.20092290456029,1.15562118870302,27.355870452984,1058.438
4.19982037018089,1.13687174953994,27.3508847233118,1065.078
4.20035707672154,1.13464524709558,27.3467744901108,1071.782
4.20111545974223,1.13134978833077,27.3402737768588,1078.453
4.20170415903903,1.13122492666575,27.3254058076209,1085.125
4.201419940547,1.1183853009557,27.3333444872598,1091.813
4.20206215133957,1.11725791597584,27.3251440312237,1098.532
4.20184813756095,1.11072168203482,27.3219292234776,1105.282
4.20170262503265,1.096746571391,27.3146974664635,1112.157
4.20140825804498,1.08700445470758,27.2999968353038,1119.032
4.2020504753543,1.08523153751106,27.2985427639505,1125.844
4.20153171166648,1.07442256831018,27.2883631928481,1132.688
4.20207159462214,1.07185534540747,27.2822603157449,1139.657
4.20175236385592,1.06079869058054,27.2681856329043,1146.594
4.20141338286323,1.05137649679133,27.2603421040775,1153.469
4.20192506053647,1.051059880885,27.2537794527071,1160.516
4.20093313876716,1.02936172686226,27.24026156512,1167.578
4.20139125108595,1.02808749918102,27.2424560671297,1174.594
4.20203413550695,1.02685215275068,27.2178736401613,1181.61
4.20145565079698,1.01418242198728,27.2006581867197,1188.688
4.202244531164,1.01649774328887,27.194107876454,1195.75
4.20167042565421,1.00624325275935,27.1846218953775,1202.938
4.20220359778295,1.00361785073366,27.1691344304396,1210.094
4.20151723688104,0.984778843439977,27.1453927947116,1217.297
4.20162069658115,0.981672699239136,27.1339670232687,1224.532
4.20218616657309,0.981216636372878,27.1279385353274,1231.719
4.20287483827951,0.97961720974988,27.1075074373602,1239.016
4.20247120927411,0.966888602225518,27.0870077405573,1246.328
4.20190779229801,0.95683179193875,27.081094691701,1253.641
4.20172078048185,0.949029107689587,27.064904150012,1261.016
4.2002234989487,0.924796079408656,27.049360380405,1268.407
4.20056685259695,0.925347501206687,27.0226980741201,1275.797
4.2010201993892,0.924495890802191,26.998995325917,1283.219
4.20050655304403,0.912962218882534,26.9913161238414,1290.641
4.20012345482418,0.906469364266799,26.9705145656558,1298.157
4.19936088040881,0.894006696141384,26.9665974670162,1305.703
4.20006365319598,0.891988092139715,26.9475435479851,1313.203
4.20055044413366,0.892579827719235,26.9235596474206,1320.797
4.20073426672492,0.891242980975782,26.9045142935742,1328.297
4.20140423402353,0.892403768998031,26.8873412740518,1335.938
4.20182370592192,0.888631600704623,26.8665072366571,1343.578
4.20249705024765,0.888150278372728,26.8498925608566,1351.25
4.20264895362198,0.890245688004862,26.8397842066384,1358.907
4.20229066906292,0.876374663796128,26.8138087046485,1366.61
4.20201770804694,0.866101632642958,26.7894272563618,1374.422
4.2020062389771,0.855534254795311,26.7850319411472,1382.203
4.20203186354822,0.855533146493355,26.7563108313317,1389.969
4.20245824234005,0.852966732833646,26.7396421922108,1397.719
4.20294273031751,0.850935380517958,26.7309040840527,1405.657
4.2034122101597,0.849708741725897,26.7087325449955,1413.547
4.20408496756501,0.851223921034283,26.7002546976489,1421.485
4.20364115128914,0.838821959481688,26.6768386970581,1429.375
4.20302201110062,0.830368054253175,26.6650609292568,1437.203
4.20344596583575,0.827898049318467,26.6445080682764,1445.188
4.20391894534034,0.826554053070487,26.6191876157602,1453.094
4.2027074084108,0.805790531466688,26.6124657436334,1461.141
4.20205416201981,0.794204952658645,26.5945356780339,1469.25
4.20236666046628,0.795317267672209,26.5769709461626,1477.344
4.20182358540391,0.785457381068039,26.5580254848823,1485.422
4.20116060968048,0.7725971697171,26.541068459127,1493.625
4.2006318937669,0.761763878266544,26.52598296593,1501.782
4.20094845503942,0.761976353508854,26.5067516440976,1509.922
4.20031398336208,0.755194542779113,26.4836544258112,1518.032
4.20034803038666,0.752997341440436,26.4754386407065,1526.219
4.19986611962401,0.743908832424388,26.4635260029294,1534.328
4.19949667607354,0.731135142157848,26.4467378262806,1542.547
4.1986093471053,0.723739423195284,26.4295256513024,1550.813
4.19828716650963,0.711394190482849,26.4170344293526,1559.078
4.1981653369154,0.711462347639254,26.3954870442682,1567.391
4.19834273147571,0.708500606347019,26.3859978218999,1575.782
4.19886941571034,0.7114654965972,26.3655724262178,1584.157
4.19831893294772,0.698878880926087,26.3522360095958,1592.532
4.19840588337447,0.699466845265327,26.3478410992512,1601.016
4.19861126455074,0.698466224306617,26.3250378467231,1609.344
4.19805306235847,0.688753606343522,26.2999574251955,1617.594
4.19748516768152,0.676954375325725,26.2881994824959,1625.938
4.1975017493299,0.678895915706795,26.2847205832981,1634.313
4.19800764866372,0.678507910862148,26.2485450948227,1642.625
4.19829352268389,0.676915085227827,26.2421923101941,1651
4.19869236929065,0.675379163709498,26.2164446981629,1659.532
4.19833206935226,0.666503610253338,26.2025449938444,1667.953
4.1975272013226,0.655995892214861,26.1836838195934,1676.438
4.19774411044166,0.654468404392307,26.1750178543549,1684.922
4.19799792865545,0.654013950500801,26.1696788445322,1693.532
4.1984043230476,0.656210649113167,26.1632284638012,1702.078
4.19871575457003,0.650216433477729,26.1499964957771,1710.688
4.19844202938126,0.64096273811455,26.1299930406368,1719.282
4.1986179298928,0.643519557639636,26.1174112444126,1727.922
4.19815827666216,0.631509818634505,26.1069097106132,1736.641
4.19831984380421,0.630929950017126,26.0947858437446,1745.391
4.19847771042207,0.629666207157891,26.0896612580353,1754.125
4.1989839726079,0.628960674213233,26.071363102977,1762.953
4.19856359493793,0.618825321206528,26.0486781745818,1771.688
4.19782159323258,0.607804517179633,26.0407573281951,1780.563
4.19799331914364,0.608202965638614,26.0364588024843,1789.344
4.19852618466438,0.606024987643105,26.0157757168769,1798.235
4.19827980604284,0.607748288490713,26.0043036639515,1807.172
4.19911754028502,0.60593405614009,25.9931379117023,1815.828
4.19862493225652,0.596184100379257,25.9779492913503,1824.485
4.19784177568519,0.58650351687033,25.9675397760183,1833.313
4.19806501372498,0.585318268452986,25.9428040208419,1842.11
4.19842950635082,0.583404934223769,25.9295585499615,1850.953
4.19889642510196,0.584526912311511,25.9322711367357,1859.719
4.19922352409745,0.58021656240077,25.9202632681157,1868.625
4.19925185226097,0.581935061452269,25.9157126812702,1877.547
4.19969870528552,0.580441870261974,25.8977050894387,1886.516
4.19905336502682,0.571674984558932,25.8884243048319,1895.485
4.19869692913123,0.560269924792157,25.8750387293197,1904.5
4.197896240655,0.551238863981893,25.871994215974,1913.578
4.19825717529308,0.550878872221453,25.8565230099742,1922.688
4.19810839565571,0.550119244040983,25.8501963834074,1931.813
4.19893231874163,0.547221826582971,25.8292386333365,1940.969
4.19826696728087,0.54051638402871,25.8116536145276,1950.172
4.19845204186799,0.539179879418026,25.8004690446911,1959.344
4.19918122385109,0.536677155474675,25.7945206961149,1968.547
4.19817229143334,0.526784237590927,25.7853492749368,1977.828
4.19856016953878,0.526160579158861,25.772692569737,1987.11
4.19875337581665,0.524371064957073,25.7652186208718,1996.407
4.19890694079334,0.527062842160027,25.749060487018,2005.797
4.19911432368205,0.524100233652038,25.7439288456491,2014.516
4.19962415816026,0.524582795922629,25.7288004871059,2023.266
4.19881932480066,0.513293558732,25.72282243764,2032.11
4.19829438011439,0.504561574693894,25.7093996213759,2040.985
4.19858279917648,0.505637422549295,25.6987985504817,2049.813
4.19869338207182,0.501690464268323,25.6943322907817,2058.703
4.1989461888546,0.502364858142352,25.6837159110386,2067.641
4.1995634025861,0.502143504389045,25.6664795022947,2076.532
4.19852086525478,0.488202239086657,25.6604641367093,2085.469
4.19915186019184,0.490741789208734,25.6453740398526,2094.469
4.1979114763373,0.479892162482057,25.6371717418701,2103.563
4.19836756688495,0.478635702899901,25.630039802862,2112.641
4.19871196254896,0.479086101283082,25.6231450275114,2121.766
4.19884936745155,0.478073624098189,25.6077149048629,2130.828
4.19924019949276,0.474912052431764,25.5929162778598,2139.985
4.19956004484029,0.476996881709356,25.5830801111612,2149.235
4.19891372705083,0.46290877902382,25.5776569315446,2158.5
4.1990463205576,0.46794813712389,25.5726094938273,2167.797
4.19930170282422,0.464389412995187,25.5549576005417,2177.047
4.19958918990378,0.460851577829839,25.5460577579161,2186.344
4.19910225993735,0.455658006626215,25.5259133683194,2195.782
4.19898726496755,0.454158076916154,25.5274554772923,2205.141
4.19942811237122,0.455537774065706,25.52341563024,2214.625
4.19961054787081,0.451172168554778,25.5170457627221,2224.032
4.19903714331254,0.442404052470987,25.4996916700683,2233.516
4.19919895194189,0.44224480376121,25.4885750523826,2243.047
4.19959938091687,0.442510360842004,25.4813310151472,2252.532
4.19883770909111,0.432570557829761,25.4732933387076,2262.094
4.19839624979903,0.423051824951905,25.4669783775089,2271.797
4.19826293184478,0.424366876849188,25.4610979418949,2281.453
4.19828000848355,0.421947005354943,25.4514702643418,2291.11
4.19869680118851,0.421520621597899,25.4284458266083,2300.844
4.19893744510208,0.420888209610239,25.4311514845653,2310.563
4.19898384829417,0.418054811974117,25.416461288148,2320.375
4.1995874765481,0.418037689073996,25.400532272344,2330.11
4.19898350896694,0.407849317350064,25.3887130729889,2340
4.19899032409757,0.409312294087338,25.3929145305026,2349.844
4.19934569499003,0.409545072485971,25.3707420902773,2359.766
4.1995464119795,0.407915588268587,25.364816590007,2369.672
4.19958943584384,0.405100891909374,25.3556358671663,2379.688
4.19950055551781,0.398802099230316,25.3472118874165,2389.735
4.19929461609822,0.395105206262248,25.3345404596778,2399.813
4.19944760642402,0.394868485656824,25.326812423917,2409.875
4.19992929860195,0.396990610326732,25.3202674390752,2420.016
4.19904755427083,0.387778038133187,25.3075484424115,2430.157
4.19925034939697,0.387995739909847,25.2926545718583,2440.375
4.19955559483565,0.383448664370483,25.2914281576522,2450.563
4.19876998047254,0.37485580666992,25.296512839995,2460.844
4.19918567773675,0.375245977358328,25.2742178387292,2471.125
4.19929826506944,0.374344875562362,25.2601060566923,2481.407
4.1996505230614,0.37343098641898,25.2456697612629,2491.828
4.19893142612007,0.362832666976496,25.2478810277355,2502.157
4.19879087807296,0.364262574097588,25.2384134806454,2512.016
4.19927542666264,0.363695994653692,25.2286403607633,2521.938
4.19930569227025,0.362781985037644,25.2206368343348,2531.86
4.19949131822674,0.362641678848932,25.2166974443614,2541.782
4.19956711699138,0.362549451319209,25.2085773958093,2551.688
4.19933764753933,0.350391049229991,25.1953871178054,2561.735
4.19933088176186,0.349702178283474,25.192800793538,2571.75
4.19950742582606,0.351271348227211,25.1860734103341,2581.828
4.19979901571611,0.34992313343867,25.1734548034214,2591.875
4.19973575732861,0.348817477966137,25.1643088266149,2602.016
4.20004464305339,0.34796840927293,25.143602963337,2612.219
4.20034501431884,0.349781288172213,25.1468625951302,2622.422
4.20052097278302,0.349130770485914,25.1435913782273,2632.672
4.20066054844148,0.348380985812308,25.1286612307878,2642.938
4.2001368676878,0.337981668396442,25.1191205503749,2653.282
4.19930022287268,0.325662682134139,25.1076545190048,2663.672
4.19954014728276,0.32812718106971,25.1053803629921,2674.016
4.19960865396382,0.326920160707317,25.0967772437159,2684.438
4.20003123939939,0.325432319992718,25.0887309290796,2694.813
4.19996306591002,0.325365451505354,25.0770208836591,2705.328
4.20007917751248,0.32835914751016,25.0733791664793,2715.828
4.20027445010794,0.325082218636491,25.0652109150703,2726.375
4.20081162679776,0.326471128069128,25.0633794394915,2736.969
4.19994516065823,0.315107962258352,25.0641011602466,2747.703
4.19943461404956,0.304871138657987,25.0582622099454,2758.391
4.19934744650308,0.306390112516633,25.0471178475707,2769.078
4.19942445685039,0.307805421490811,25.0322856948058,2779.875
4.1996632134762,0.305430035714318,25.0278451383168,2790.657
4.1988117488036,0.295126646583952,25.0194646104989,2801.344
4.19895799116372,0.295411078461798,25.0132639329111,2812.172
4.19912439422832,0.292188747516613,25.0127804168396,2823
4.19913492301948,0.291919548042427,25.0079768612941,2833.891
4.1994829845512,0.293705565931157,24.986361250821,2844.891
4.19946234711156,0.293654262527038,24.9824020475029,2855.86
4.19983208833768,0.289861917098101,24.9840128841711,2866.875
4.19973124830138,0.2931868813605,24.973166342373,2877.875
4.20023416468227,0.291958543326129,24.9516364091751,2888.969
4.20043986279425,0.293058059790906,24.9523953154898,2900.094
4.20051926063332,0.290947443270927,24.9560544800438,2911.235
4.20085746807896,0.294431892467504,24.9419235133983,2922.407
4.2001800944896,0.280921614393635,24.9396888400228,2933.61
4.19941463639083,0.267436904829941,24.9304713553087,2944.891
4.19936094655253,0.269894421285389,24.9240708914311,2956.188
4.19963667393038,0.26990437046836,24.9095427456211,2967.5
4.1997383456443,0.269763198517568,24.9025691373218,2978.891
4.19989509954447,0.266848634991543,24.8988136571778,2990.344
4.19982687161417,0.269618014007762,24.8848188074719,3001.828
4.20002616034714,0.26947650296824,24.8872533159104,3012.719
4.20026848037499,0.265604081117236,24.8734221806024,3023.625
4.2004636434981,0.268675898017817,24.8721723538381,3034.547
4.20064591690075,0.268274760106954,24.8762593015234,3045.594
4.19997388862613,0.256057701538826,24.861073377831,3056.578
4.19916356855015,0.247790064665327,24.8580724315804,3067.657
4.19890312755398,0.247269858563166,24.8460706390164,3078.766
4.19909808479239,0.247601790111212,24.8385502742134,3089.922
4.19943520991163,0.24591632864366,24.8243713245538,3101.125
4.19966652093555,0.250316131467355,24.8193737923231,3112.344
4.19992248863841,0.247670351988901,24.8093409124078,3123.625
4.19998046173137,0.244290449085137,24.8068654079187,3134.922
4.20010290536093,0.244411109108546,24.7886772423118,3146.282
4.20007224488048,0.245529844934409,24.8036701599276,3157.578
4.20044770686359,0.243116235179027,24.777167939968,3168.985
4.20049246461601,0.246386274255448,24.7866522488903,3180.438
4.20052828708334,0.24355803993874,24.7801165976565,3191.938
4.20100834297592,0.243706234002571,24.764823112214,3203.438
4.20002510564627,0.234000666355457,24.7680678964514,3215.016
4.20006939270014,0.234310254019364,24.7552618572482,3226.516
4.20018242648025,0.234078855456528,24.7499461064184,3238.188
4.20048020129092,0.231651782424867,24.7526937777511,3249.797
4.20056955290559,0.231292412489925,24.7370219574372,3261.453
4.19957791237298,0.223076552120132,24.7246285605391,3273.157
4.20003395754302,0.225608766282965,24.7289283092161,3284.969
4.20013444455485,0.217933903193747,24.7205609050495,3296.797
4.20004366335015,0.22315300669756,24.7141884420012,3308.657
4.20054411248561,0.223416979411302,24.7065180253493,3320.532
4.2006436912494,0.223587157934073,24.7059780112841,3332.36
4.19987411865196,0.21020021881395,24.6853091821324,3344.297
4.199622173436,0.210600946692537,24.6770713407019,3356.266
4.19958788448769,0.208397719786826,24.6783277650734,3368.313
4.19997530929173,0.210048076578848,24.6802882682566,3380.391
4.20006186555212,0.20908765725496,24.6796110429409,3392.516
4.20017430594585,0.209545444524489,24.6684817844334,3404.688
4.2002460988977,0.208148588742257,24.664864086751,3416.86
4.20043233072586,0.209233403497113,24.6605139497892,3429.078
4.20050279518143,0.209899809388393,24.6624817998514,3441.313
4.20079081290079,0.208163276536909,24.6494138978626,3453.594
4.2003184789278,0.198886849867922,24.6436253165982,3465.969
4.20012013393095,0.197057549503258,24.6423409750862,3478.36
4.2001271485551,0.198261043128475,24.6350280928286,3490.641
4.200373824115,0.198498530399629,24.6182263539659,3503.047
4.20058220510329,0.198119200256762,24.6167702514499,3514.938
4.19963142934862,0.185210741743249,24.6232500318104,3526.844
4.19973308090256,0.186816032888899,24.6160061387447,3538.875
4.1997383179757,0.185216070669528,24.6046401302502,3550.922
4.20010359409545,0.186604495324498,24.6017885379718,3562.985
4.20003524851624,0.18611722067401,24.5918088450982,3574.938
4.2003505617785,0.187776152388079,24.5926758629109,3587.016
4.20046352024287,0.188692980980522,24.5982125175477,3599.125
4.20025792192387,0.186803723939161,24.5751091418817,3611.36
4.2005183324605,0.188025313298982,24.5813231931355,3623.61
4.20069762670206,0.186976508688419,24.5829569224376,3635.938
4.19988707252107,0.178289670203257,24.5784319098629,3648.188
4.19974269756491,0.175682603057761,24.575170891257,3660.547
4.19986244771357,0.176353027260008,24.5700419235886,3672.891
4.2001000204163,0.177118049308487,24.5536818229994,3685.297
4.20022258631057,0.176496972169144,24.5597342920569,3697.703
4.20038229986664,0.175401784185486,24.5490855688077,3710.266
4.20040668306589,0.176405254096069,24.555890253886,3722.813
4.20044272063895,0.17486505648551,24.5504312340651,3735.438
4.200727109582,0.173508794611559,24.5351912754314,3748
4.2007143075443,0.176313774549286,24.5292431616157,3760.703
4.20101551322137,0.174915825259101,24.531297335618,3773.438
4.20111204062743,0.1738905153045,24.5387215664386,3786.172
4.20133024439688,0.175293456042362,24.5237833494875,3798.891
4.20128483699665,0.174354537002999,24.5319630996143,3811.735
4.20126723878037,0.172978939028089,24.5136455135566,3824.61
4.20164970109899,0.171992865399523,24.5108816875975,3837.516
4.20113481143891,0.161228882430381,24.5011233470034,3850.391
4.20028174339429,0.153634232334621,24.5006344837456,3863.391
4.20026698663342,0.154264112517772,24.5037977310486,3876.407
4.19996533917695,0.154996836214411,24.5006860964667,3889.516
4.20029224943754,0.151446193362899,24.4922028780432,3902.641
4.20035304757114,0.153820240653889,24.4915770015515,3915.75
4.20043198916021,0.150523942296999,24.4869569991561,3928.844
4.20028351602113,0.151597739799936,24.4729049231563,3942.032
4.20056649177569,0.152413178239754,24.4728931156224,3955.219
4.19972507770769,0.13996304361571,24.4763597225368,3968.5
4.19957803544778,0.142085762132726,24.4643010236,3981.828
4.19985431912598,0.143578340702945,24.4606133365477,3995.235
4.19966605681048,0.143420081427535,24.4615910553016,4008.641
4.1999041209495,0.141071075207088,24.4580938932181,4021.438
4.19981896821037,0.14137640073925,24.4551418902975,4034.313
4.20003474239565,0.138844119948924,24.4453912130665,4047.235
4.19998344928472,0.142674243149352,24.4484954234281,4060.11
4.20016804341917,0.141276043742907,24.4408404775625,4073.141
4.20016451756928,0.140284050700513,24.4450586844733,4086.219
4.20025260971096,0.139472311388455,24.440706015389,4099.282
4.20041218290518,0.138788509124733,24.4379992191867,4112.375
4.20064163811741,0.138910035873455,24.429121308702,4125.578
4.19988147966123,0.12967607693334,24.4266354934676,4138.766
4.19982484679581,0.129580230436559,24.4290365680972,4152.016
4.19972710598927,0.128732178261137,24.4163836024441,4165.25
4.19981534647427,0.132291279987909,24.4228070444196,4178.578
4.20014010446822,0.128028487596332,24.418703641159,4191.938
4.19993729282935,0.129121951104634,24.4072911848911,4205.375
4.20022029782037,0.130988121770877,24.4078866478076,4218.782
4.2002190634089,0.130375124103066,24.4051386241133,4232.328
4.20035871252535,0.128200680571968,24.4064921094836,4245.813
4.20041028940125,0.129231379481388,24.3996026322521,4259.391
4.20018786229116,0.129215973765885,24.4027551558258,4272.953
4.20063350463075,0.127169097945592,24.3818939104145,4286.547
4.20011172065084,0.116881160909956,24.3951375032606,4300.297
4.1999353480632,0.120464154545005,24.3814715068823,4313.985
4.20001883941298,0.120465833501689,24.3811504950672,4327.735
4.20002010429524,0.118166937005922,24.3838620280908,4341.516
4.1999781253572,0.119166130815267,24.3787749399507,4355.344
4.19992319452065,0.119211568959058,24.3704391666517,4369.235
4.19989703879237,0.116576870300687,24.3730426329532,4383.219
4.2002599911609,0.116312520383882,24.3632485241043,4397.157
4.20035407346883,0.119646737439979,24.3689435534696,4411.125
4.20053682383225,0.118283971663361,24.3557299922094,4425.157
4.20064895193439,0.116825138192703,24.358574943512,4439.297
4.20047260031249,0.116570368722741,24.3466758088535,4453.469
4.20041144757583,0.118359718681067,24.352834925718,4467.703
4.2005180630415,0.116490946653811,24.3433521625134,4482
4.20093732928463,0.116445769188257,24.3309026170074,4496.282
4.20093764552402,0.11768453087877,24.3333376514902,4510.594
4.20065878859748,0.116230447994015,24.3452520758303,4524.297
4.20105289345032,0.109906463099122,24.3327501902778,4538.063
4.20111577127036,0.116223459292312,24.3287634706398,4551.828
4.2014227666024,0.116307380695273,24.3344425661683,4565.719
4.20125511418115,0.114734507914178,24.3273037438208,4579.594
4.20175218889273,0.113176930769565,24.3272379857311,4593.469
4.20065805651854,0.106181488417347,24.3178593718613,4607.438
4.19984276748472,0.0952166720965982,24.3233425270415,4621.391
4.19958063008943,0.0949520039111632,24.3179084815637,4635.5
4.19971797961134,0.0964233011563868,24.3087314994807,4649.594
4.19946202365112,0.0968231944967781,24.3151799196617,4663.703
4.19990422654644,0.0950648307502457,24.3029515661805,4677.953
4.19969533066093,0.094929429789058,24.3105420368761,4692.172
4.19977074030753,0.0950730256747299,24.303886794842,4706.407
4.19955915923652,0.0945701054838499,24.2892673379999,4720.641
4.19997765514616,0.0957264431429004,24.3053719332524,4734.985
4.19990650944368,0.0957809172723273,24.2968714261551,4749.422
4.19911657242833,0.0874468889599365,24.2939850667264,4763.86
4.19900444613498,0.0839616011494096,24.2991018303214,4778.25
4.19888277499859,0.0858243932578905,24.2956962551967,4792.813
4.19907240133432,0.0883579076062759,24.2822037180976,4807.407
4.19936073848402,0.0858118390956413,24.2897648336566,4822.047
4.19913817001166,0.0837583426190378,24.2823539298131,4836.766
4.19893425393022,0.087877408481392,24.2791407787718,4851.407
4.1992572457736,0.087402361562216,24.2868414537369,4866.078
4.19890748630971,0.0842735259549039,24.2853688524934,4880.782
4.19923478655229,0.0847145663474477,24.2677540958839,4895.594
4.19839953397932,0.0745850660949971,24.2760622811282,4910.375
4.19841633950909,0.0750673769681542,24.28508573853,4925.328
4.19830670662342,0.0758134557339681,24.2784269371831,4940.297
4.19836560867065,0.0764692644672732,24.2786324472909,4955.266
4.19846200400117,0.0737101305420266,24.2735673032719,4970.297
4.1984469161917,0.0748871459451842,24.2777258164689,4985.438
4.19826222095898,0.0771011833618705,24.2709306542616,5000.516
4.19841975723861,0.0743812861451285,24.2605607672165,5014.438
4.19859172833701,0.0725877433687577,24.2647526028926,5028.282
4.19875254983046,0.074947973548891,24.2636225103673,5042.25
4.19832289766032,0.0737707167713518,24.2443068903861,5056.313
4.19868614104178,0.0752935239858197,24.2551007209596,5070.297
4.19854366842449,0.0732431490161691,24.2652803679227,5084.328
4.19870425032314,0.0736417554090007,24.2418419101503,5098.407
4.19877132546268,0.0737426269830851,24.2454514655664,5112.5
4.19866900093977,0.0739486285351839,24.2458601761129,5126.641
4.19867354524203,0.0759814049872823,24.2454934682253,5140.86
4.19875929708186,0.0774624058018625,24.2322833862067,5155.172
4.19866364536386,0.0760252938761709,24.2412952678018,5169.516
4.19896561801083,0.0742844793304476,24.2451743948034,5183.907
4.19905769608029,0.0758654073521474,24.2457292265252,5198.25
4.1989819561965,0.0730204833439091,24.23213818307,5212.735
4.19938013810912,0.0731695369053707,24.2328038184699,5227.188
4.19926937794181,0.0739253838865541,24.2407332344242,5241.766
4.19932759708243,0.0753456165815422,24.2265000339277,5256.297
4.19824191500632,0.0622156588631567,24.2317811532246,5270.813
4.19798356757587,0.0635573644399641,24.2313819972816,5285.391
4.19852090598785,0.0685940678695247,24.2341371159738,5300.016
4.19820432937401,0.0626586754354736,24.2294624725965,5314.703
4.19829466418909,0.0636291718201919,24.219817174474,5329.485
4.19830840090207,0.0655977675135605,24.2278344342511,5344.282
4.19851084069942,0.0647169989579627,24.2243244642968,5359.141
4.19849129113952,0.064283843464401,24.2250838559827,5374.063
4.19858741306001,0.0627814424325292,24.2173975900868,5389
4.19841970704432,0.0646497990527023,24.2142495112761,5404
4.19865300236255,0.0664013062180264,24.223419629836,5418.969
4.19882473359581,0.0634742378233009,24.2118001977491,5434.016
4.19900201780707,0.066080752932658,24.212107266895,5449.078
4.19865275734276,0.0606358012780929,24.216270828416,5464.157
4.19846522391891,0.0620002439759278,24.2084423920791,5479.235
4.19873037812036,0.0620865256588724,24.2116749975861,5494.422
4.1987297979722,0.063053950160441,24.2202605337261,5509.657
4.19865633189594,0.0625546979274194,24.2021088656419,5524.985
4.19899401300074,0.0618668955511738,24.2072992588545,5540.282
4.19891884879913,0.0634871021360457,24.1952862438464,5555.578
4.19874729760271,0.0623496960163563,24.2079722949412,5571.032
4.19899823708543,0.065684837035117,24.2007584926561,5586.453
4.19899666493845,0.0618904015300822,24.2032888176727,5601.953
4.19816877679936,0.0511022935406037,24.1954295516542,5617.516
4.19746431636379,0.0416320321170629,24.1988371448982,5633.094
4.19731376646731,0.043191211504909,24.1992207367374,5648.688
4.19698928018694,0.0437116996366634,24.2034945575304,5664.313
4.19700729885059,0.0434498787909169,24.2049333125364,5680.094
4.19703670601283,0.0446124802048479,24.2005486824005,5695.828
4.19695001343748,0.0442537738526372,24.2001015911759,5711.657
4.19694362354125,0.0439253835158029,24.1865235889672,5727.547
4.19703177153704,0.0419841772016253,24.1835128568133,5743.485
4.19677611789095,0.0449167315945859,24.1952580886362,5759.422
4.197067197307,0.0436159746232007,24.1942684215644,5775.438
4.19686407256814,0.0444632982151417,24.1832342079041,5791.36
4.19669619468109,0.0427650308886637,24.1845726392063,5807.422
4.19676606383635,0.0461214918375379,24.1806478833912,5823.532
4.19667626080799,0.0432637285835973,24.1848393012004,5839.657
4.19689031571718,0.0448888894843272,24.171061247592,5855.875
4.19682862636867,0.041956389112946,24.1862666465832,5872.11
4.19715121849121,0.0417429640799396,24.1848060922617,5888.407
4.19692650107031,0.0445702021141862,24.1909514888071,5904.625
4.1971559119697,0.0443930070153678,24.1825364275275,5921.016
4.19690246425628,0.0431496956269324,24.1747895527964,5937.453
4.19699794396448,0.0429820646211237,24.1714969764846,5953.969
4.19694881395228,0.0440852397923322,24.1687660301771,5970.516
4.19733444753254,0.0424082679942518,24.1775146361477,5987
4.19734076135285,0.0443657025104081,24.1797040034108,6003.532
4.19718585722215,0.0461593571549687,24.1705927342108,6019.063
4.1972706378137,0.0442341113470037,24.1772301722972,6034.469
4.19708509404085,0.047038231473441,24.1708754676021,6049.985
4.19624264403325,0.0337982315090272,24.1698197949727,6065.547
4.19619720123691,0.0333960413423284,24.1733761005064,6081.157
4.19616051374053,0.032150071865897,24.1615147206022,6096.75
4.19600094810505,0.0339282495416098,24.1748089130104,6112.36
4.19545089106797,0.0242153004323807,24.1686924404496,6128.094
4.19603395128877,0.0344474858924594,24.1728314860632,6143.782
4.19602207176177,0.0347912683727641,24.1730793863161,6159.641
4.19622207255065,0.0324776203865649,24.1720195676061,6175.547
4.19605466657864,0.0324423353045401,24.1727936840861,6191.422
4.19618443728023,0.0358387070691684,24.1706042901991,6207.407
4.19600510204328,0.0349900810773471,24.1635171941139,6223.407
4.19605275448702,0.0341449948014023,24.1673687289149,6239.453
4.1960935579006,0.0329667843838503,24.1620632291403,6255.485
4.19601800998966,0.032561824412733,24.1659473724017,6271.688
4.19617720757538,0.0330677735869212,24.1579141001039,6287.953
4.19606286457009,0.0342073404078499,24.1562345179976,6304.188
4.19601731092319,0.0365734772553724,24.1621535922741,6320.532
4.19620737762961,0.0317457536473616,24.1660122697742,6336.86
4.19613346731491,0.0303084370983122,24.1674880833581,6353.235
4.19607471599573,0.0329543685960749,24.1675950915766,6369.657
4.19599711232631,0.0333528349223935,24.1720450741008,6386.016
4.19633049723344,0.0325029535935277,24.1658466465555,6402.5
4.19648956666352,0.0335458738168954,24.1588587405696,6419.032
4.19639958506825,0.0328964275402309,24.1654220518124,6435.61
4.19610059349752,0.0343969628074142,24.1572499285065,6452.235
4.19664209037909,0.0321016950509292,24.1599472930483,6468.907
4.19640738241334,0.0332735915603059,24.1605586313862,6485.61
4.19627805895945,0.0313599222916454,24.147807932073,6502.344
4.19627120867638,0.0329359525396013,24.1454596439106,6519.094
4.19663311246879,0.0324248923466065,24.1482238839952,6535.953
4.19649118270898,0.0325735508343253,24.1554213667314,6552.797
4.19655724326207,0.0328044000755539,24.1419285198779,6569.672
4.1965931123078,0.0345767923651171,24.1499941076961,6586.594
4.19635697574654,0.0335845681203386,24.1511885107748,6603.61
4.19564149384561,0.0227086432594168,24.1482098254251,6620.61
4.19565034482284,0.0234980430800872,24.1524218797058,6637.703
4.19543055652046,0.026026820053678,24.154598645361,6654.86
4.19642230114916,0.0331108364726269,24.1510125817271,6672.063
4.19643489908128,0.030550623872875,24.1469990588541,6689.266
4.19653673017614,0.0310009384621488,24.1445689623795,6706.641
4.19656020877398,0.0341880693984114,24.1390242728767,6723.953
4.19685086702043,0.0320208733571574,24.1394043166036,6741.391
4.19642014626019,0.0328426511434239,24.1436550069752,6758.813
4.19671678977038,0.0347522619817302,24.1429255959049,6776.313
4.19686178027964,0.0347872533230692,24.1385300900363,6793.875
4.19682574665568,0.0314672417088185,24.1448349768981,6811.297
4.19672334306891,0.0324903526293075,24.155211569977,6828.828
4.19716625586602,0.034245510183386,24.1459336986318,6846.375
4.19706804517151,0.0325822497686691,24.1363855418227,6864.047
4.19705984370049,0.0330853782898296,24.1382361683007,6881.719
4.19704578650313,0.0319234373756736,24.1359791055134,6899.422
4.19696491864847,0.0325757917142864,24.1270749811478,6917.188
4.19725343896998,0.0320275355015848,24.1425263106248,6934.969
4.19710133005905,0.0327901103202647,24.1336491878484,6952.844
4.19718248138334,0.0305081417181012,24.1375778764518,6970.75
4.19706134185297,0.0319337789612815,24.1442228947486,6988.735
4.19700023797472,0.0328759121404092,24.1440236629658,7006.766
4.19695234461846,0.0339562519600066,24.1482514249169,7023.578
4.19616282778834,0.0232024803238694,24.1491078042873,7040.36
4.19619486047609,0.0257961347438415,24.1475664684903,7057.266
4.19626438001881,0.0220781855892953,24.1485927259071,7074.157
4.19616586642842,0.02358603916379,24.1361800463198,7091.172
4.19605105790106,0.0194094854092513,24.1395840565459,7108.188
4.12888760069693,0.000373839148986675,24.4823680649823,7125.25
4.15828332120196,-0.0030671060393742,24.6312397864523,7142.282
4.1657607923275,-0.00449696238858543,24.660261265685,7159.172
4.17028617326217,-0.00099125967700838,24.6578012254088,7176.235
4.1729138185746,-0.00189767947263289,24.6445584397183,7193.328
4.17431076997437,-0.00361373375249464,24.6322530119608,7210.485
4.17579521881961,-0.00159320882491504,24.6240949623966,7227.625
4.17713641597632,-0.00382080064378152,24.6134392905976,7244.828
4.17760315088694,-0.00368629624269672,24.6022599136526,7262.11
4.17813042872316,-0.00343257036537851,24.5909345498104,7279.297
4.17820579709201,-0.00315997557628727,24.583392537555,7296.61
4.17856194760993,0.00196000858454967,24.5746968653575,7313.969
4.1791628616264,-0.00206993453955663,24.5607253008404,7331.391
4.17911408978104,-0.0021512590115284,24.5506016847924,7348.875
4.17915346133728,-0.00319534611181048,24.5344873117026,7366.328
4.17917798858431,-0.000325743814234508,24.5265429299247,7383.813
4.17941384572841,-0.00283183764234546,24.5180393496346,7401.391
4.17978009845899,0.000719035396097531,24.5216027022904,7419
4.17970429889512,-0.00231989024593598,24.5122595796976,7436.719
4.17973451073562,-0.000351659454879694,24.4952763682491,7454.375
4.18001991894896,-0.00261771251504838,24.4821068197341,7472.11
4.17980570085754,-0.00234377716358598,24.4792443886634,7489.891
4.1798658807668,-0.000935283854711159,24.4702789275897,7507.86
4.17991212180457,-0.00335259012541335,24.4617164923317,7525.782
4.18007114530137,-0.000940015970806143,24.4571197417594,7543.797
4.18013443248959,0.000199054739883674,24.4574316536116,7561.75
4.17992255921472,-0.000752650299934286,24.4372296058392,7579.813
4.18020454502991,-0.00452223338102482,24.4450715497945,7597.875
4.17979960733345,-0.00236632714097387,24.2775675103319,7598.875
4.17982302765831,0.000433762465751179,24.2770733083241,7615.656
3.96652836856882,-2.01424234154283,24.3662258518288,7634.578
3.94588598829916,-2.00872960731977,24.5151234358017,7652.656
3.93035374663904,-2.01338137851988,24.6760528785696,7670.797
3.91743992351599,-2.01119174626149,24.8530245741061,7688.969
3.90645147000625,-2.01000692087467,25.0189293553867,7707.156
3.89651062310484,-2.01027884569635,25.2044487408457,7725.328
3.88799371384953,-2.00799762780001,25.3801166109447,7743.516
3.88020032116281,-2.01202883661863,25.5544370602249,7761.719
3.87269512723523,-2.01236633612851,25.7322842115032,7779.891
3.86608703536147,-2.01257095297322,25.903401769522,7798.094
3.85956231123714,-2.00989021615532,26.0652751388388,7816.266
3.85344461869813,-2.01051160123896,26.2180105437821,7834.469
3.84774831477512,-2.00967533471568,26.3685519583339,7852.625
3.84207039614711,-2.00884118738698,26.5417005348089,7870.859
3.83691464120402,-2.01097717687746,26.6910091222466,7889.016
3.83142965813237,-2.00984264203866,26.8561010682692,7907.234
3.82646610744068,-2.01251441036899,27.0080169002692,7925.375
3.82168429544186,-2.01083658251221,27.1637189206591,7943.625
3.81746154451998,-2.01011218032937,27.3000667081794,7961.781
3.81267161349199,-2.01085621240616,27.4383783087864,7979.922
3.80826155530313,-2.00874002626088,27.5821598595073,7998.062
3.80382033081184,-2.0086181828847,27.7141474245316,8016.156
3.79955238078985,-2.00991270390715,27.855995819952,8034.359
3.79534795858705,-2.01365364682965,27.9938337014887,8052.547
3.79110153523479,-2.01039903503647,28.1307809681894,8070.687
3.78665418172296,-2.01208742845575,28.256091690854,8089.078
3.78222399653424,-2.0108696778067,28.3979441686381,8107.219
3.77794308968844,-2.01073985360152,28.518643851558,8125.5
3.77357168461946,-2.01195064683701,28.659004957526,8143.797
3.76945530511751,-2.01101629389855,28.7685685845942,8162
3.76501142528179,-2.0104842717118,28.8779646842231,8180.281
3.76093378271322,-2.01000826208959,28.9793086647377,8198.531
3.75691930237018,-2.00998044159189,29.0833488094146,8216.75
3.75266002362148,-2.01151017172564,29.1855438198072,8234.922
3.74895512965208,-2.01029386806675,29.2776609110105,8253.297
3.74481427260545,-2.01100736183534,29.3657820708404,8271.469
3.74093013537843,-2.01038950903238,29.4391807790546,8289.687
3.73718442657092,-2.01069944558102,29.5026586363567,8307.812
3.73289864266677,-2.00989523949206,29.5693218949211,8326.141
3.72933886496744,-2.01282355321834,29.6197425932741,8344.453
3.72545528839523,-2.01229645160497,29.6800083101683,8362.672
3.7218249911596,-2.01041675658086,29.7216554843848,8380.984
3.71815303647845,-2.01391093951575,29.771807322332,8399.359
3.71398740417489,-2.01124139274785,29.8161666096995,8417.672
3.71033725896032,-2.00968770420021,29.8504984350406,8435.891
3.70672052244582,-2.0115861998572,29.8885946235204,8454.125
3.70304970513902,-2.01021290468427,29.9243725163193,8472.453
3.69942618200709,-2.00939784790213,29.9683838925321,8490.687
3.69582078737188,-2.01224267733077,29.9885415202821,8509.016
3.69236484319029,-2.01020963047924,30.0207155219054,8527.266
3.68864735473776,-2.01043209185867,30.0607825119864,8545.594
3.68530092076386,-2.01248324787893,30.0989867026306,8563.922
3.6815459675478,-2.00878261603288,30.1347866703139,8582.266
3.67835513724723,-2.01282723653118,30.1837331088592,8600.641
3.67465059790109,-2.00915541763857,30.2405032174231,8619.047
3.67128060123179,-2.00776788386574,30.2706976760252,8637.469
3.66791188319763,-2.01278739699917,30.3199005731501,8655.797
3.66453712190139,-2.01076552869526,30.3722845628272,8674.078
3.66084455540069,-2.00780883268111,30.4248760461809,8692.562
3.65766441961376,-2.00712725778157,30.4758213649371,8710.875
3.65452874700731,-2.01051843777078,30.5187421488381,8729.203
3.651069815804,-2.00705225563109,30.5725280600211,8747.625
3.64784768003862,-2.01212967653718,30.6162135444531,8766
3.6446531156655,-2.01155618087735,30.6717756418411,8784.516
3.64153995400701,-2.00987618693439,30.7178955720153,8802.859
3.63834894282306,-2.01314260613467,30.780018016231,8821.281
3.63515871417241,-2.01042855463962,30.8273513472605,8839.672
3.6320822513925,-2.01227208608604,30.874412166534,8858.031
3.62898734349206,-2.01077464892853,30.9386957936528,8876.422
3.62562639766547,-2.00923929776103,30.9952636095427,8894.781
3.62263005078434,-2.00760853164314,31.0535782359538,8913.172
3.6194807754622,-2.01043027848241,31.1065947612814,8931.562
3.61637123817229,-2.00889309953529,31.1618443266564,8950.078
3.61345775207991,-2.0089803404029,31.2046101321498,8968.562
3.61063266210603,-2.01213584283325,31.2675778675211,8987
3.60749280284889,-2.0097238698228,31.3187535495831,9005.453
3.60448484908214,-2.01149885120408,31.3768479328069,9023.937
3.60143671934427,-2.01319095672024,31.4265825033099,9042.484
3.59865340443541,-2.01067804368623,31.4768986815629,9060.922
3.59540251717995,-2.01134766412837,31.5394384428795,9079.422
3.59269483477337,-2.01093020475255,31.5868905482108,9097.906
3.58979708900891,-2.01135590821859,31.6320726410771,9116.547
3.58678264768166,-2.01067365289387,31.6820181349735,9134.984
3.5841803601736,-2.01069713809586,31.7320466059654,9153.656
3.58111809035722,-2.01092880364217,31.7897103579965,9172.156
3.57873207762896,-2.01410342019597,31.8346525954261,9190.734
3.57541383883734,-2.01133042024299,31.8822881253654,9209.281
3.57289275713801,-2.0143644504348,31.9279830804167,9227.828
3.57011154875145,-2.01282370919064,31.9778505837714,9246.437
3.56729710569789,-2.01169565017803,32.0316359877433,9264.937
3.56472036887513,-2.01150284811026,32.0777874521341,9283.531
3.56216924075794,-2.01070408012471,32.1278769122581,9302.094
3.55930881623593,-2.01204119260924,32.1659341044984,9320.766
3.5571556811179,-2.0093854109851,32.2236325312297,9339.312
3.55405440041008,-2.00914172722424,32.2727941777228,9357.891
3.5515270096332,-2.01279226347101,32.3220812512603,9376.516
3.54898916938567,-2.00941742372619,32.3524287238252,9395.203
3.54660524727422,-2.01158157061247,32.4153569634269,9413.922
3.54400290796413,-2.01024185897254,32.4638752580883,9432.625
3.54152966538107,-2.00901894351838,32.5014796509686,9451.266
3.53912607750886,-2.01379227073209,32.5497843162623,9469.953
3.53670900435836,-2.01097666122172,32.594417686065,9488.719
3.53427225405274,-2.01043630124894,32.6405345618505,9507.453
3.53210503826256,-2.01144975780901,32.6907098406155,9526.156
3.52961347148275,-2.01036562709628,32.729852318472,9544.906
3.52735792088716,-2.01097434453594,32.7716398847233,9563.766
3.52528441534791,-2.013636818395,32.8134792363931,9582.578
3.52299922575711,-2.01056124602088,32.8483304477318,9601.359
3.52068317454216,-2.01017355189439,32.9015726900048,9620.062
3.51865934429938,-2.00933995894271,32.9424265336948,9638.781
3.51640247388702,-2.0099954850208,32.9801135730952,9657.516
3.51456126458874,-2.01119085968551,33.0259438102229,9676.281
3.5125828242417,-2.01002972078503,33.078142349386,9695.187
3.51033820036228,-2.00949843634058,33.1103793020906,9713.922
3.50870443359066,-2.01089119733198,33.1545172383125,9732.844
3.50662791310307,-2.01049130966503,33.2025432540345,9751.687
3.50484132250955,-2.01255948323063,33.2379369139194,9770.5
3.5029041364832,-2.01253568172575,33.2917471932121,9789.422
3.50100706351352,-2.01074229463706,33.3310415015314,9808.297
3.499274221742,-2.0099013146909,33.3730095124982,9827.172
3.4977130894384,-2.00992746961184,33.4145927609083,9846.094
3.49586137107719,-2.00957308291501,33.459545698321,9864.844
3.49404671714844,-2.01078820090682,33.5033917008825,9883.812
3.49233103815032,-2.00855294978888,33.5416694052967,9902.734
3.49056464993266,-2.01020106816248,33.5807576914348,9921.672
3.48902758159272,-2.01210303466087,33.626779733371,9940.641
3.48732774826868,-2.01281504898474,33.6654373017137,9959.469
3.48580082502551,-2.00997251450389,33.7110155827423,9978.453
3.48403452370189,-2.00972848054715,33.74118881379,9997.547
3.48229932015586,-2.01083811670548,33.7816287538011,10016.672
3.4805905482362,-2.00861773270313,33.8273476620603,10035.781
3.47872234570442,-2.00831688341131,33.8709762535927,10054.844
3.47714680707894,-2.01225628415361,33.9309480457813,10073.859
3.47553296949414,-2.01090639469957,33.9695013830282,10092.906
3.47350504171215,-2.00974904733276,34.0175877944414,10112.062
3.47182525997406,-2.01074086225666,34.06712770953,10131.266
3.4700702997081,-2.01318820426486,34.1278463980616,10150.422
3.46836759526352,-2.01376450010274,34.1703324086718,10169.453
3.46656599299816,-2.0123192133982,34.2144207741707,10188.578
3.4646270868061,-2.01325964839517,34.2752598511944,10207.672
3.46280166028005,-2.00993059550475,34.311150204118,10226.828
3.46097066733121,-2.00818081515103,34.366597240017,10246.109
3.4588341145048,-2.01223449568094,34.4121691504755,10265.391
3.45711684268585,-2.012684551233,34.4540217124679,10284.687
3.45520407475548,-2.00967638036353,34.5056696132283,10303.844
3.45286688683433,-2.01141570652207,34.5719162214707,10323.078
3.4506804182562,-2.00998645503371,34.6265623802314,10342.328
3.44897667068456,-2.01308404585216,34.687075901544,10361.5
3.44680825488133,-2.00943191420371,34.749794715371,10380.797
3.44480094375105,-2.00852517486101,34.7885998986771,10400.125
3.4425533145355,-2.01145072774965,34.8671499351881,10419.5
3.44008755196051,-2.00982505556319,34.91337141982,10438.812
3.43782258543481,-2.01179115239532,34.9867570920739,10458.109
3.43547785889344,-2.01159727306757,35.0458532960642,10477.453
3.43306476493662,-2.0096126326089,35.1091240331719,10496.812
3.4305830448061,-2.00941106740495,35.1686583582699,10516.156
3.42807462197247,-2.0128961080983,35.2262470598704,10535.562
3.42524825039744,-2.0108721384714,35.3015756183148,10554.953
3.42231395467497,-2.01160748190532,35.3714787480064,10574.328
3.41959011111727,-2.01083087550475,35.4376608146416,10593.844
3.41664173186437,-2.01180994654501,35.5025309009362,10613.328
3.41334462316002,-2.01244491913815,35.5758460784394,10632.766
3.41025234365889,-2.00759324409869,35.6367350783907,10652.25
3.40674781594974,-2.01133080528535,35.7108246536904,10671.734
3.40316023066485,-2.01553758119398,35.7954720974051,10691.203
3.39956838372455,-2.01001211394866,35.8700676977656,10710.703
3.39570732858191,-2.01347872766717,35.9360830204556,10730.109
3.39132507692039,-2.01300975042855,36.0105331518652,10749.547
3.38709710180761,-2.01146726693527,36.092142107731,10769.062
3.38242294090712,-2.0121234839631,36.1530791818862,10788.609
3.37729896237662,-2.0112978426187,36.2373296214155,10808.172
3.37164444431993,-2.01353112676261,36.3250656650049,10827.891
3.36610010449986,-2.00861378110313,36.3962182617794,10847.5
3.35949557813846,-2.01241074230762,36.4809136239653,10867.203
3.35236903737665,-2.00973595598527,36.5590762292944,10886.844
3.34485329248853,-2.01409140348191,36.6469191145803,10906.5
3.33590086142168,-2.01271342747384,36.7324943250617,10926.109
3.32648698644325,-2.01313507714253,36.8314132838316,10945.812
3.31578868381951,-2.01094427888903,36.9181694257176,10965.656
3.30394381734264,-2.01402565524729,37.0213396223094,10985.516
3.28996849638255,-2.01241876788408,37.1287622942326,11005.531
3.2743538132089,-2.01127961747317,37.2180659989737,11025.5
3.25647275620291,-2.01377846025017,37.3377753505655,11045.75
3.2363660732648,-2.0102655607174,37.4675531710469,11065.859
3.21315035929231,-2.01055837942476,37.5711762242745,11085.953
3.18657081884451,-2.00777073058245,37.6975546656691,11106.203
3.15619531715577,-2.00861256046924,37.8219249967129,11126.437
3.12071724344352,-2.00996781499066,37.9404989045371,11146.656
3.07931027013636,-2.00930956661617,38.0956456023808,11166.937
3.03048415527209,-2.0144004814493,38.2216383773789,11187.203
2.97160023579094,-2.00886844618884,38.3884725173494,11207.469
2.89667470830507,-2.01333096394689,38.5343802949109,11227.828
2.79589109916689,-2.01397736163893,38.7040318541902,11248.25
2.65716289901513,-2.00837021158031,38.8912740854588,11268.75
2.47576775682819,-2.00943589187254,39.1629865323871,11289.109
3.20918995579266,-0.00334574769972001,31.8749731945175,11290.109
2.88968395463284,-3.19898757520871,31.8392923893523,11292.625
3.32024916292934,1.51559463547558,31.8611554186106,11295.609
3.34472675173199,1.51488290327725,31.8584399023628,11298.5
3.36145406178825,1.5154553692619,31.8367160142682,11301.375
3.37613574518544,1.51231305283836,31.8050548880075,11304.25
3.38910490835467,1.51414102167055,31.7710145995746,11307.14
3.40107972888257,1.51341972578706,31.7297079633928,11310.015
3.41256125636143,1.51187357129368,31.6796779456642,11312.906
3.42365897746405,1.51287932688604,31.6523237474767,11315.781
3.43393633269142,1.51519204939662,31.6124561707918,11318.671
3.44410027713534,1.51475647873349,31.5745980744276,11321.562
3.45379710844287,1.51407098887064,31.5402304973074,11324.437
3.46285373151464,1.50948581175223,31.4997857348984,11327.312
3.47150129567802,1.51427039265222,31.4661865243508,11330.171
3.48003245212045,1.51421196385863,31.4270307238687,11333.015
3.48858192793452,1.51209396033081,31.3934621796372,11335.875
3.49658666596212,1.51344811063192,31.3629977716002,11338.734
3.50396132384687,1.51317473570033,31.3350822924055,11341.593
3.51160807263662,1.51269084663023,31.3001108661097,11344.468
3.51913466422737,1.51115764131585,31.2728708489598,11347.343
3.52607854267383,1.51255838121034,31.2363401471731,11350.203
3.53304733010526,1.50832306144201,31.1955798397219,11353.109
3.53986782198023,1.50869306537723,31.165977992349,11356.015
3.54661558873719,1.50952534105149,31.1278843096607,11358.968
3.55313307874264,1.51200198044042,31.0903122321689,11361.89
3.55943882374155,1.51052424189217,31.0561135304671,11364.796
3.56553281467882,1.51102412024116,31.0338018570466,11367.671
3.5715591570494,1.51024505290405,31.000486175087,11370.578
3.5775543755293,1.51100904243047,30.9655786177592,11373.5
3.58343304891982,1.51309614342481,30.9313350449317,11376.515
3.58884096089902,1.51392052009304,30.8917189775213,11379.437
3.5945106156995,1.51580121626683,30.8651440932574,11382.375
3.6000125630577,1.51334171713459,30.8278522044071,11385.296
3.60536772287989,1.51267443148718,30.7997583163757,11388.281
3.61071369034967,1.51110987937044,30.771791427863,11391.234
3.61540865693066,1.51451250680538,30.7379368900492,11394.171
3.62052618034598,1.51440199465927,30.7075448300227,11397.187
3.62557119271321,1.51174601751431,30.6709344340576,11400.14
3.63057674791707,1.51475997308314,30.6393952342872,11403.156
3.63531538691268,1.51360153516778,30.6114592481619,11406.125
3.63997287141335,1.50984953277423,30.584859722781,11409.078
3.64446489846526,1.51284457330577,30.5498781279547,11412.078
3.64903522404967,1.5150148746802,30.5191770957354,11415.078
3.65363636575096,1.51226971126984,30.4968828424372,11418.093
3.6579519884566,1.51159520213901,30.4628891071655,11421.109
3.66230431897374,1.51305208980183,30.4299248440888,11424.125
3.6663672815325,1.51141157849646,30.3991124201207,11427.14
3.67050914992228,1.51111321323716,30.3761388132607,11430.156
3.67465937746775,1.51277267155211,30.3346899630309,11433.156
3.67878209662458,1.51389635659837,30.3068661969457,11436.203
3.68262892070447,1.51079475081411,30.2821239255932,11439.218
3.68650845699665,1.51610995879252,30.2555463062929,11442.265
3.69041335798792,1.51427425585411,30.2230303095991,11445.343
3.69406770592214,1.51290937489366,30.1931498834678,11448.39
3.69810160738711,1.51378336615923,30.1687808677882,11451.453
3.70181215816527,1.51580045278436,30.1383727918999,11454.562
3.70583369863536,1.51099505463,30.1093858283774,11457.687
3.7091653829461,1.50888150528265,30.0823576239552,11460.75
3.71240432844146,1.51219992623457,30.0510860088409,11463.859
3.7162956445811,1.51146284751478,30.0198437231578,11466.984
3.71977757173334,1.51220792531161,29.9945893890101,11470.125
3.72308068595371,1.51322226874305,29.9716614396779,11473.265
3.72638453037202,1.51021796109979,29.9335975088048,11476.437
3.7300855326091,1.51289322864834,29.9090461542563,11479.578
3.73323835451049,1.51268788426304,29.8750718883113,11482.812
3.73666225597129,1.5132693630756,29.8556868691055,11486
3.7398475220243,1.51085215613298,29.8236412566454,11489.156
3.74317243285179,1.51316360739719,29.8022314203444,11492.296
3.74607149305938,1.51498273081386,29.7660059930484,11495.484
3.74935883109317,1.51357472361974,29.7351605168111,11498.64
3.75221592700518,1.51470613928842,29.6981480080233,11501.796
3.75521956409997,1.51367370795087,29.6801951020685,11504.953
3.75838506509836,1.51263275512212,29.6600772230575,11508.14
3.76149847597397,1.51302314352762,29.634452496171,11511.375
3.7640233247668,1.51346645439009,29.5968188286073,11514.562
3.76694430027635,1.51036900670005,29.5774379952474,11517.734
3.76994020752378,1.51202443953522,29.5470665710727,11520.937
3.77276456962978,1.51307873189828,29.5185799328925,11524.187
3.77556623477203,1.51205355327147,29.4947296967132,11527.484
3.77820322825789,1.5115588649977,29.4636070684122,11530.718
3.78089366222726,1.51014082718726,29.4455785715104,11533.953
3.78358547139822,1.51248416762546,29.4180121971112,11537.265
3.78643027829702,1.51234446598353,29.3966062100339,11540.546
3.78894963238405,1.51323353930592,29.3664746856707,11543.796
3.79147601446371,1.5130443087082,29.338203524472,11547.109
3.79388997279205,1.51443544111849,29.3156902139896,11550.375
3.79685260175646,1.51414724280571,29.2806618855181,11553.718
3.79904270587301,1.5102366799098,29.2637162533819,11557
3.80155298521462,1.51153687446748,29.2400310495577,11560.343
3.80389175346928,1.51223062768811,29.2090465637392,11563.656
3.80634164660587,1.51353859345856,29.1922618742602,11567.031
3.80871678072918,1.51295998608201,29.1660319040833,11570.39
3.81087376541187,1.51295946287394,29.1434125949313,11573.75
3.81308691748987,1.51462288446719,29.1062783846592,11577.14
3.81528695796492,1.51391931703556,29.0900948877394,11580.484
3.81736988070481,1.51573545485745,29.0657387854314,11583.875
3.8193038329489,1.51266187520906,29.0390979377716,11587.265
3.82095793181142,1.51617485454555,29.0091473404097,11590.703
3.82285618624832,1.51623450038356,28.9884435361946,11594.187
3.8248871389694,1.5107088674818,28.9732703725471,11597.671
3.82635004501418,1.51484525430822,28.9497027776446,11601.156
3.82727537942999,1.51837642617085,28.9312605745128,11604.656
3.82945706657154,1.51050980005653,28.9049389882318,11608.109
3.83075670766124,1.51261740600431,28.8820767177446,11611.609
3.83204807436333,1.51290615029727,28.8684168736372,11615.078
3.83302470816666,1.50946995562674,28.8404922153111,11618.531
3.83441851349951,1.51192818217713,28.8105646201993,11622.015
3.83530832750325,1.51442007028952,28.7890013590706,11625.515
3.83617009387065,1.51334200838229,28.7659829665335,11629.031
3.83704923603804,1.51249360249538,28.756881573981,11632.64
3.83822022826309,1.5130982914389,28.7348220139693,11636.187
3.83904531123706,1.51174498708616,28.7162687087904,11639.765
3.83963020377896,1.5130374681131,28.6968294931564,11643.328
3.84025785271047,1.51293751600898,28.6742978013377,11646.968
3.84141946910297,1.51404906093868,28.6658602153277,11650.546
3.84201741500185,1.51366278916713,28.6438418962423,11654.187
3.84237951758266,1.51213721934458,28.62366238439,11657.781
3.8433600403483,1.51036312479693,28.6024718390496,11661.437
3.84388632044127,1.51398693287035,28.5866830470222,11665.062
3.84452375219495,1.51323325479313,28.5673070238064,11668.718
3.84517859550495,1.51118424360123,28.5504662135424,11672.359
3.84612143822544,1.51349460936576,28.5361228840463,11676.031
3.84689603479141,1.51500816679412,28.5161902251811,11679.75
3.8471986099613,1.51306539449228,28.500441337144,11683.484
3.84821732399396,1.51299742938731,28.4855784525998,11687.265
3.84894923801235,1.51101469726598,28.4605641815714,11691.046
3.84935883176262,1.51399491843693,28.440295649757,11694.875
3.84991510146013,1.50969533313457,28.4257495655678,11698.656
3.85100975284107,1.51047887771308,28.4099630630055,11702.437
3.85139665525127,1.51468067597766,28.393642521773,11706.203
3.85237917733043,1.51293432078777,28.3735251156393,11709.984
3.85310313932199,1.51435416258223,28.3542502464958,11713.781
3.85405874200269,1.51184538766117,28.3393741373598,11717.593
3.85451744569417,1.51444232174923,28.3223555811997,11721.406
3.85516322958092,1.51311667817223,28.3057022628989,11725.25
3.85609090966189,1.51249041296589,28.2788476046688,11729.171
3.85658382330097,1.51083025432497,28.2543461980676,11733.078
3.85709453204509,1.51393105374157,28.2538442927741,11736.937
3.8581201123463,1.51271277112109,28.2365237873104,11740.875
3.85894721026342,1.51196970256385,28.2216131981778,11744.781
3.85978442203688,1.50964382156647,28.1981361922871,11748.718
3.86055712599885,1.51506773012619,28.1859078061421,11752.656
3.86107072073498,1.5114452946456,28.1651859411322,11756.64
3.86206163448649,1.5141892679566,28.1530642740043,11760.656
3.86288424480602,1.51563716704681,28.1393442910599,11764.609
3.86351647629475,1.51538825983182,28.1191046245312,11768.609
3.86445150615695,1.51046052725999,28.1086297829228,11772.625
3.86528470581481,1.51324522346839,28.0935736101092,11776.687
3.86590318010949,1.51340678929839,28.0726512793061,11780.781
3.86658241497395,1.51190365464918,28.0563430889887,11784.875
3.86759065045398,1.51607910276977,28.0357170639606,11788.984
3.86828772451879,1.51258739727041,28.0396249576557,11793.093
3.86917935769698,1.51248212590664,28.0173271472887,11797.187
3.86986694826999,1.51296167188982,28.0129619755422,11801.265
3.87068559420631,1.51333096352852,27.9945478250574,11805.375
3.87115537316539,1.5107459302516,27.9888136603534,11809.5
3.87214512721249,1.51397508242662,27.9621454140234,11813.64
3.87298191546369,1.51145249600789,27.9527987322481,11817.781
3.87379788520304,1.51182621818719,27.9391577530756,11821.968
3.87453236714746,1.51341870387257,27.9212223476724,11826.203
3.87540830930779,1.51226380224894,27.9166964102883,11830.39
3.87604528012335,1.5127691326885,27.9012367077868,11834.687
3.87684465054319,1.51271036799332,27.8766778517672,11838.937
3.87791438076173,1.51260937773476,27.8685592034493,11843.203
3.87831815260196,1.51264933283652,27.8576025810173,11847.515
3.87910772724859,1.51343570272087,27.8439934327135,11851.812
3.87995982128553,1.51614507056824,27.8280514041811,11856.14
3.88114346791201,1.5140485121121,27.8184562916206,11860.484
3.88180139217829,1.51156981648668,27.8095371547619,11864.843
3.88223648851787,1.51406125602919,27.7902235087689,11869.234
3.88320278037559,1.51431478715169,27.7855375358274,11873.625
3.8841342844155,1.51343911805904,27.769995621825,11878
3.88481146597251,1.51350367818247,27.7569161649542,11882.421
3.88544890605612,1.51086981088759,27.7295383337089,11886.859
3.88619468363537,1.51080883597408,27.7249527763841,11891.359
3.88725658672963,1.51314303493204,27.7141708100392,11895.812
3.88781904448233,1.51382082861838,27.7052457470444,11900.281
3.88847504452927,1.51349959472748,27.6865551540576,11904.781
3.88946340941873,1.51405845290364,27.6679373228697,11909.343
3.89021155180728,1.51317800697364,27.6569447401759,11913.843
3.8908581978289,1.51353975410223,27.6466405950424,11918.453
3.89188247253993,1.51244678329716,27.6361810711391,11923
3.89262599056378,1.51386338853311,27.6305189113448,11927.609
3.89315829519281,1.51317423930761,27.6129514005507,11932.25
3.89421001441278,1.51174606454366,27.6005060463986,11936.89
3.89482649888841,1.51439676858051,27.5913438015477,11941.546
3.89581809140672,1.51245815649561,27.5816385219986,11946.25
3.89652840668537,1.51110083323658,27.5636663186081,11950.937
3.89718664260754,1.51288980590407,27.5616319836643,11955.64
3.8980660845639,1.51747171703887,27.558294248069,11960.343
3.89873854764666,1.51371694659089,27.545230375652,11965.062
3.89946790596924,1.51254443139076,27.5337798139373,11969.812
3.90070975670369,1.51248373611814,27.5229822633097,11974.656
3.90120223795699,1.51421333549995,27.511101176519,11979.453
3.90197953011648,1.51509069367674,27.4992297161057,11984.234
3.90275957568852,1.513817028024,27.4904854682307,11989.062
3.90374562662853,1.512503746667,27.4850222868331,11993.906
3.90440930927874,1.51489390978299,27.4628623363585,11998.75
3.90485147476476,1.51202556879393,27.4573020590159,12003.64
3.90616696568165,1.51520520836609,27.4388448036049,12008.5
3.90627064245385,1.51296634642909,27.4295897434874,12013.421
3.90752866478598,1.51127391244699,27.4208493990869,12018.39
3.90808518933109,1.51294679246299,27.4210999272255,12023.375
3.90901435892573,1.51402643461163,27.4062766292843,12028.39
3.90971559990249,1.51237749333031,27.3938886829036,12033.421
3.91062569631074,1.51497812043636,27.3815970310708,12038.5
3.91141334603174,1.51191800404731,27.3751491656025,12043.546
3.91211609644485,1.51480646095697,27.3605542958373,12048.609
3.91291300965183,1.51304205531583,27.3531477461459,12053.687
3.91383424380858,1.51270742907614,27.3438584354944,12058.828
3.9143242141568,1.51498863790567,27.3366268591436,12063.937
3.91529738888242,1.51238810000138,27.3221103128509,12069.062
3.91585712951319,1.51530353508418,27.2985141100752,12074.25
3.91661893638595,1.51619192697567,27.2899777888669,12079.421
3.91748464821278,1.51131881692684,27.2905774985555,12084.625
3.91854561679971,1.51360643424424,27.281223672546,12089.812
3.91881220051904,1.51358953493686,27.2736807434688,12095.062
3.91967060122898,1.51298780003202,27.2694864377426,12100.312
3.92046700002827,1.51111225474833,27.2597922643759,12105.64
3.92117460996649,1.51333050079478,27.2434783293025,12110.984
3.92194315921718,1.51179684445967,27.2363754376167,12116.328
3.9224748052027,1.51273170055839,27.2223553589111,12121.671
3.92332594772599,1.51452370689878,27.2171448110035,12127.046
3.92396997173608,1.51260160359206,27.2086497493349,12132.437
3.92480225957258,1.51257099116145,27.1964463095635,12137.828
3.9250349850323,1.5107547420183,27.1943201506651,12143.234
3.92610098170966,1.51216511536101,27.1770715202691,12148.687
3.92667902189061,1.51427876210464,27.1685920755567,12154.156
3.92727656554414,1.51515461279661,27.159005335885,12159.64
3.92805181509823,1.51533921763643,27.1518265613534,12165.171
3.92875791873851,1.51441691434863,27.1471109876559,12170.765
3.92932655391826,1.51328944961875,27.1267664086382,12176.281
3.92981989446023,1.51215035809943,27.1197542254707,12181.859
3.93051474060942,1.51319488884123,27.1125972866447,12187.468
3.93104278429473,1.50998053922616,27.0993875166873,12193.062
3.93169147118588,1.51245171084253,27.0937543284198,12198.703
3.93237344727916,1.51242342859094,27.0794143287251,12204.359
3.93289757044667,1.51488596175296,27.0733682945579,12210.031
3.9331914013009,1.51496383393467,27.0609037531128,12215.75
3.93387754524073,1.51276988324035,27.0601350586526,12221.468
3.93445216401959,1.51352127643305,27.0574882070773,12227.265
3.93517067284226,1.51264868094328,27.0450024406629,12233.062
3.93572211951964,1.51437101401806,27.0375106651528,12238.937
3.93636973721212,1.51368169791323,27.0322059611312,12244.734
3.9370395261113,1.51289549198566,27.0187678514537,12250.609
3.93744868396449,1.51175476832726,27.0063258885845,12256.484
3.93790935296807,1.5106872775319,26.9913744643679,12262.39
3.93826031122616,1.51232916332012,26.9862458411257,12268.343
3.93914177910375,1.51238959567753,26.9794212430324,12274.312
3.93948965278811,1.51315535036927,26.9679389660493,12280.296
3.94008934115484,1.51331373689922,26.9566419335233,12286.281
3.94056470080331,1.51228088239015,26.9513407994641,12292.265
3.94103683003713,1.51212512216776,26.938903755504,12298.281
3.94161531032909,1.51544111240544,26.9349624484946,12304.328
3.94195826980958,1.51442012716192,26.9273464801517,12310.437
3.94253437246086,1.51402134060983,26.9233215562794,12316.515
3.94314135790476,1.51175777422186,26.9124640873546,12322.656
3.94340177913642,1.51293045089719,26.8992574459384,12328.781
3.94402078434797,1.51174495751958,26.9017664533626,12334.953
3.94480296111403,1.51191408233131,26.8962760331168,12341.156
3.94525605470631,1.51120110580435,26.8816012763646,12347.421
3.94572565632805,1.51375975732291,26.8755700508934,12353.718
3.94618177432762,1.51178318316621,26.8597502769615,12360.031
3.94681323711136,1.51472327254081,26.8612960634411,12366.328
3.9470391457402,1.51473911117216,26.8485008962118,12372.718
3.94789594450601,1.51236880637186,26.851486500513,12379.046
3.94823475786182,1.51043010941594,26.8441596031042,12385.406
3.94859785561014,1.51411250034568,26.8317236605821,12391.812
3.94915961709017,1.51128987695138,26.8357088112054,12398.203
3.94955264302724,1.51493755249307,26.8318617369008,12404.671
3.95001563974246,1.5149733091366,26.824958107063,12411.125
3.95071292047578,1.51472245041017,26.8235901308948,12417.609
3.95121956401288,1.51265409778286,26.8037985953204,12424.156
3.95150296482855,1.51125866601841,26.8088405053547,12430.703
3.9520543032003,1.5113605437352,26.7992458038966,12437.296
3.95254042375315,1.51245675340712,26.7974717930772,12443.875
3.9531994013605,1.51198415870516,26.7830198150332,12450.5
3.95335643179449,1.5138104001656,26.7854996627738,12457.156
3.95383399669939,1.51207851047645,26.7814380119775,12463.89
3.95453583216786,1.51165781316884,26.7738612084301,12470.593
3.95512364946675,1.51303094581841,26.7757340360481,12477.375
3.95570920735394,1.51374525590904,26.7641017320181,12484.156
3.95612528707049,1.51237479179728,26.7647539870903,12490.937
3.95659430503762,1.51096446292099,26.7557101528294,12497.75
3.95730457997229,1.51365952378961,26.7594358095443,12504.578
3.95775862216359,1.5140716983454,26.7468639454141,12511.468
3.95830270573575,1.51260933972223,26.7430851634825,12518.343
3.95863103298167,1.51260670319997,26.7452426408699,12525.234
3.95925728824068,1.51286934370455,26.7401415676769,12532.156
3.95980419844494,1.51176435205241,26.7321138687095,12539.093
3.96062397372529,1.51238115172514,26.737065259318,12546.093
3.96114311440483,1.5149993346851,26.7425525375641,12553.125
3.9614042530927,1.51314651838243,26.7279935740378,12560.125
3.96217519149857,1.51208572997691,26.7255282464766,12567.218
3.96281193862796,1.51329502503175,26.7160880482869,12574.265
3.96352112858836,1.51430756788837,26.7086462463466,12581.406
3.96367702474667,1.51117900315004,26.7115522694689,12588.578
3.96429947287678,1.51202683019598,26.7038939097055,12595.75
3.96478761237015,1.51284349106052,26.7007360894805,12602.984
3.96523844855379,1.51581273434652,26.701923290922,12610.234
3.96610239879685,1.51276263515236,26.701525349408,12617.578
3.96638215772789,1.51433459237086,26.7021043844734,12624.89
3.96708190957871,1.51209836541727,26.6910742546371,12632.265
3.96747401086725,1.51223945643487,26.6851953134793,12639.593
3.96807771898831,1.51128094355749,26.693201471489,12646.984
3.96876745561595,1.51368458155293,26.6999322465874,12654.375
3.96948316224849,1.51221314987063,26.6916097419208,12661.796
3.97029306792373,1.51238108157582,26.6833962104823,12669.265
3.97033337462157,1.51227767986768,26.6863574932045,12676.75
3.97114636321936,1.51320924690535,26.6861098208349,12684.265
3.97174140238898,1.51247340101933,26.6719173310758,12691.859
3.97222296972378,1.51078099009878,26.675271947965,12699.453
3.97240993821875,1.51295341802761,26.6719399593536,12707.015
3.97334737500781,1.51305141544937,26.6749948325166,12714.656
3.97373241178428,1.51172877616426,26.6681476080898,12722.234
3.97448898925151,1.51119267478799,26.6608176437879,12729.89
3.97500609074757,1.51369126967435,26.669609412034,12737.578
3.97553733303982,1.51372442461762,26.6711891424337,12745.343
3.97638209474406,1.51240361833899,26.6714322061254,12753.062
3.97681383623557,1.51480017542607,26.6762376864007,12760.843
3.97737002281973,1.51400991187865,26.6812601506033,12768.687
3.97769708340948,1.51545517648841,26.6659437105966,12776.546
3.97830370059656,1.51314430189195,26.6752112748527,12784.468
3.97915692090943,1.50888049437626,26.6780929545932,12792.343
3.97942370290748,1.51402136588799,26.6722588692117,12800.187
3.98027245919196,1.51411639235358,26.6708293975336,12808.078
3.98085258126659,1.51558981769982,26.6728359017748,12816
3.98089434061564,1.5122359059149,26.6765214497429,12823.906
3.9818615376871,1.5110938102056,26.6731780412726,12831.875
3.98198943170625,1.5115181161696,26.6831770230804,12839.828
3.98291431367118,1.51591935560772,26.6695935546463,12847.859
3.98357419712228,1.51252047965275,26.6806442310085,12855.953
3.98431488590513,1.51306380593335,26.679228930459,12864.078
3.98482952653055,1.51116470129989,26.6715075825247,12872.234
3.9852307793965,1.51152679049259,26.6739308809701,12880.359
3.986063540498,1.51378102161671,26.6803363618636,12888.515
3.98602587774166,1.50979971288857,26.679663621385,12896.75
3.98683282590064,1.51368435813559,26.6822232680323,12904.796
3.98737388213556,1.51320672871963,26.6916554530558,12912.828
3.98799669785137,1.51318434178341,26.6834134064242,12920.937
3.98864028929357,1.51183013239777,26.6890313273128,12929.062
3.98904879185014,1.51320523873383,26.6964574470753,12937.218
3.98975163750794,1.51255897190152,26.6966238474245,12945.39
3.99019464289179,1.51617200051712,26.7012873396383,12953.64
3.99097523433153,1.51269321974686,26.7093506237117,12961.953
3.99140478635977,1.5120844069277,26.7057506075623,12970.203
3.99198828107153,1.51124307031387,26.7110267650203,12978.515
3.99249023237988,1.51483625504742,26.7075099182699,12986.875
3.99297275770656,1.51210299757963,26.7126263265738,12995.265
3.9936221099676,1.51328718604058,26.7177036318371,13003.703
3.99425455743674,1.51274546518916,26.7189189459432,13012.156
3.99472694895904,1.51370213549851,26.7338922420639,13020.609
3.99527078805508,1.51144596701332,26.724778696906,13029.078
3.99598828991694,1.51284850629436,26.7244240261255,13037.64
3.99664709873302,1.51286560817278,26.7266959534575,13046.25
3.99732841437236,1.50971921345975,26.7272625611097,13054.828
3.99750135521466,1.51305125509046,26.7353494325055,13063.453
3.99825275516834,1.51228646309049,26.7410277323251,13072.156
3.99896367029853,1.51165440133737,26.7406793281793,13080.812
3.99929205774072,1.51285717855086,26.7483997377381,13089.531
4.00024823844078,1.51524683969729,26.7533088597275,13098.375
4.00061413762622,1.5145617711191,26.7446689819187,13106.843
4.00134782530941,1.51516556219488,26.752745662672,13115.39
4.00148391275973,1.51954617358252,26.7627689575727,13124
4.00260059888839,1.50946219547088,26.7712975658577,13132.593
4.00328721936931,1.51023499339529,26.7773345310476,13141.25
4.00372695718859,1.51205201215043,26.7709456981592,13149.937
4.00436192827868,1.5137737265589,26.7851698803313,13158.687
4.00489806673765,1.50929675513021,26.7891968186617,13167.468
4.00556575506703,1.50852621905648,26.7920121930975,13176.25
4.00615096650098,1.5140823641815,26.8036805128581,13185.093
4.00665821594261,1.51198783982611,26.8021680110623,13193.937
4.007384684563,1.51193481810872,26.8083456664253,13202.828
4.00797164534307,1.5135884731947,26.8100927178976,13211.718
4.00853738168392,1.51507194789109,26.8226890332691,13220.656
4.00956383684878,1.50988346545427,26.8146059732078,13229.687
4.01006755453235,1.51103843459171,26.8288288009651,13238.75
4.01052225236889,1.51309757885554,26.843390674312,13247.812
4.01149860756917,1.51371855299712,26.839646229005,13256.906
4.01191576334061,1.51075111854034,26.8640163628094,13265.984
4.0125946260477,1.51298574895794,26.8668690292663,13275.125
4.01316612989957,1.51608284516244,26.8778991894231,13284.296
4.01428251966735,1.51261582906902,26.8808516369862,13293.515
4.01454876781159,1.5123046409501,26.8683557943884,13302.109
4.01509998839381,1.51400091223699,26.8914966533046,13310.718
4.01599427039393,1.51369993140323,26.8913592859061,13319.343
4.01667235150005,1.51295908068084,26.8941399408047,13328.015
4.01743734736842,1.51098015100925,26.9057731019385,13336.734
4.01807338377812,1.51276923927514,26.9009050626984,13345.484
4.01864575925916,1.51382895887396,26.9159445658777,13354.234
4.01964112601799,1.51190794544083,26.9233101929372,13363.031
4.02040693517511,1.51419164659689,26.9309075917123,13371.859
4.02102441890793,1.5119656459986,26.9379790480883,13380.718
4.0215709908625,1.51179932756688,26.9391307659195,13389.593
4.02223673564719,1.51250026605818,26.9481131763344,13398.484
4.02296409299273,1.51265786571295,26.9627960579223,13407.453
4.02348907053744,1.51317544027079,26.972916416667,13416.484
4.02476803194938,1.51196866529695,26.9731460283883,13425.453
4.02506109922095,1.51224635239058,26.9828777889063,13434.515
4.02584166749434,1.51211054783233,26.992858170155,13443.609
4.02702613547533,1.51000885955252,27.0183194166244,13452.703
4.02721502104262,1.51005790515619,27.0191955271284,13461.89
4.02811051481107,1.51367240698155,27.0296888075025,13471.14
4.02941633389981,1.51406107844752,27.0297780453338,13480.312
4.02940988251824,1.51496018560505,27.0432165357501,13489.562
4.03062129024268,1.50942776546651,27.0444994235655,13498.812
4.03164145418467,1.51405925269548,27.0605899574213,13508.156
4.0323524130251,1.51064224388905,27.0727320778079,13517.531
4.03300567338876,1.51363957977387,27.08153473027,13526.906
4.03370413680626,1.51272178031978,27.0930448612916,13536.281
4.03465420794027,1.5134372780354,27.0864675710505,13545.703
4.03591756373581,1.51187580242023,27.1044488897506,13555.203
4.03656366425367,1.51185854228734,27.1217795701879,13564.75
4.03727712748081,1.51074811832383,27.133779906763,13574.296
4.03814621228504,1.51189415372541,27.1378386359899,13583.875
4.03928482541011,1.51330067697897,27.143582805761,13593.5
4.04005240161264,1.514499739749,27.1482261086718,13603.187
4.04091034962427,1.50901188857618,27.1678984078334,13612.89
4.04181589468151,1.51252152431215,27.1799297506049,13622.578
4.04244036982182,1.51321013925829,27.1892384924978,13632.343
4.04336144715611,1.51364296874577,27.1984648557094,13642.109
4.04455375846765,1.51363561670875,27.2031802649243,13651.953
4.04517362173483,1.51300731673325,27.2183439378444,13661.875
4.04632856598003,1.51473941469681,27.2228832790768,13671.765
4.04740167023109,1.51357137266581,27.2439938503619,13681.718
4.04824742157982,1.51613578018154,27.2478725810094,13691.687
4.04922600324892,1.51208105852947,27.2628195223543,13701.64
4.05031800409039,1.51263221781633,27.2756936467509,13711.687
4.0511754700925,1.51392500259947,27.2831275586966,13721.812
4.05219207921427,1.51161153160628,27.2773624049095,13731.906
4.0532038365793,1.51537459938201,27.2851793954579,13742.031
4.0541989687838,1.51404196311002,27.307472861134,13752.203
4.05554920528238,1.51440780227553,27.3226658194919,13762.375
4.05669177920696,1.513760588849,27.3282736676252,13772.687
4.05774415400795,1.51266169108664,27.3401504740466,13783
4.05861600246872,1.51043686739581,27.3526612026277,13793.328
4.0596082084431,1.51568385292963,27.3666932001411,13803.046
4.06065616022697,1.51097545390052,27.3710828857228,13812.796
4.06164815370465,1.51207909705878,27.3794108892561,13822.593
4.06266042588777,1.51357373686373,27.3951229080618,13832.328
4.0637617957779,1.51207299967743,27.4003604015072,13842.156
4.06475140305557,1.51256097803232,27.4155668492262,13852
4.06589305424323,1.51454554754373,27.4257768558524,13861.968
4.06714108052592,1.51217042434953,27.4343711760777,13871.859
4.06811942750654,1.51301025351171,27.4472896358979,13881.796
4.06936113764091,1.51144691763529,27.4529844618221,13891.796
4.0702914450504,1.51163000781272,27.4706363709174,13901.843
4.07154754396908,1.51298647626217,27.475987134647,13911.875
4.07271386533586,1.51419639482377,27.4834433631689,13922
4.07381706034544,1.50998168196437,27.5032866892375,13932.078
4.07500174269702,1.50990412667359,27.5119108873008,13942.25
4.0760352874484,1.51412534497209,27.5146899321049,13952.437
4.07746129195215,1.51148452377463,27.536170337442,13962.64
4.0785659283023,1.51226319007735,27.5489403175714,13972.906
4.07988526551056,1.51107395819192,27.5541154986774,13983.218
4.08096092772846,1.5136535125264,27.5613482154557,13993.546
4.08220501140527,1.51127006420049,27.5738674551415,14003.921
4.08334208170147,1.51476248408704,27.5919518807933,14014.359
4.08470258189412,1.51526312496221,27.6041559404343,14024.812
4.08605565938437,1.51096027623587,27.6123090948316,14035.296
4.08721465685875,1.5139785623614,27.6234893780844,14045.765
4.08841905566291,1.51357947830113,27.6440969952303,14056.312
4.09008334041922,1.51078116001778,27.6487622659505,14066.921
4.09092522816052,1.5147057121584,27.6684820161143,14077.578
4.09240918813161,1.50946347420297,27.6635241353706,14088.25
4.0938025856219,1.51015763543019,27.6865804369749,14098.953
4.09520244148935,1.51022747592165,27.700668101445,14109.656
4.0966183495325,1.513980930098,27.6964913373517,14120.515
4.09775466115339,1.51400536745865,27.7280194204252,14131.312
4.09930680122479,1.51160362283199,27.7362834317078,14142.14
4.10072980281114,1.51317886257649,27.7393259602805,14153.062
4.10234588766841,1.51201674228347,27.768486027477,14164.062
4.10357765818671,1.51184638114493,27.7763008537943,14175
4.10496306185817,1.51036368502272,27.7821000198204,14186.015
4.10628350200112,1.51194174287475,27.797809031635,14197.062
4.10801747485785,1.51493931516952,27.8125664066733,14208.14
4.10942813928699,1.51168245185961,27.8237752839926,14219.265
4.11050098929674,1.51231384638925,27.8314296852174,14230.421
4.11197476332681,1.51344691154883,27.8547848578413,14241.656
4.11369924982701,1.51182757392916,27.8629761126742,14252.906
4.11508743263895,1.51450549425778,27.8694323638552,14264.187
4.11653747046041,1.51353940642179,27.8917064212724,14275.484
4.11775423056332,1.5146982121753,27.8904980175507,14286.828
4.11962469955696,1.51206580280168,27.9063000298382,14298.265
4.12109115852394,1.51631239936807,27.9228149552928,14308.984
4.12256720886459,1.51207960296588,27.9312004096014,14319.781
4.1239964403433,1.5126349951203,27.950370796657,14330.593
4.12549763897387,1.51225056888788,27.9566161836608,14341.484
4.12658288765027,1.51416993172138,27.9754520843361,14352.406
4.12825124944558,1.51401260010257,27.9792338400483,14363.375
4.12960740020843,1.51329861001859,27.9881014597283,14374.359
4.13126180530646,1.51329600376799,28.0134315239757,14385.406
4.13291935751998,1.51493095279947,28.0176788376823,14396.453
4.13414071986821,1.51462274400927,28.0467030880903,14407.515
4.13551870209807,1.51442449768346,28.0571817685728,14418.671
4.13726739356698,1.5107509151344,28.0608407070883,14429.843
4.13869282935946,1.51035941773076,28.0731561181178,14441.078
4.13985544374562,1.5120568793591,28.0901257094212,14452.281
4.14145681513947,1.51410591564288,28.100357230129,14463.562
4.14317734232495,1.51200933882178,28.1139394794776,14474.875
4.14478887037263,1.51193679294305,28.1293078617049,14486.203
4.14612177343224,1.51586031465025,28.1347725677716,14497.546
4.14790952054532,1.51506182623387,28.1577303967531,14509.015
4.14920263530246,1.51383723330004,28.1720890722538,14520.453
4.15056224938219,1.51073367664825,28.1798497236808,14531.906
4.15263025554053,1.51525080016158,28.1842321683632,14543.812
4.15419231914968,1.51197794376848,28.2053790925093,14555.484
4.15571877830987,1.51108412477736,28.2074459124269,14567.187
4.15735281273443,1.51240999467763,28.2221527619319,14578.953
4.15893874022562,1.51114740656369,28.2359862300042,14590.812
4.16036048625804,1.51359494321869,28.2607803761865,14602.656
4.16182815559266,1.51382506257647,28.2810240221219,14614.593
4.16376987909267,1.5112496501012,28.2947140208877,14626.5
4.16540541292622,1.51297258420618,28.3046395968171,14638.468
4.16689712975482,1.51067801718112,28.3138395121277,14650.796
4.16874622908331,1.51236180913025,28.3297055667086,14663
4.17003755391165,1.51316408402466,28.3582876917225,14675.218
4.17199955814546,1.51399686346265,28.3670702097873,14687.781
4.17334145049211,1.51394190045082,28.3837104260677,14700.187
4.17539496362624,1.51476112546521,28.3872486770205,14712.656
4.17712087735916,1.51238743073946,28.4071637919644,14725.171
4.17857250176017,1.51171740650462,28.4226986930134,14737.718
4.1804956584135,1.51569178690804,28.4436232626542,14750.312
4.1820026601936,1.51275530164952,28.4554377643549,14762.937
4.18368076319934,1.51239833085743,28.4891107499366,14775.656
4.18537900129685,1.5122136036759,28.4990045228161,14788.343
4.18710193390763,1.51305399723417,28.5131157665854,14801.046
4.18894070902415,1.51189343387972,28.5361133589566,14813.14
4.19023953464283,1.51366704063874,28.5596335018636,14825.25
4.19197051835843,1.51112511881613,28.5745581740512,14837.468
4.19354122808041,1.51314726395775,28.6068764385516,14849.687
4.19513943035771,1.51084099571135,28.6250765650704,14861.937
4.19682293890295,1.50883676068332,28.6431087890016,14874.234
4.19851692018584,1.50816972881329,28.6604116375528,14886.515
4.20022616440782,1.51295444250019,28.6872110794696,14898.921
4.19936551869942,1.48248969240507,28.7163178454822,14911.703
4.20046923967199,1.47988060029542,28.7375733742993,14924.312
4.20085033249594,1.46495128421996,28.7661874604916,14936.921
4.20109019989813,1.45380952190092,28.7847216229645,14949.578
4.20117143282926,1.44248098639127,28.802464002715,14962.234
4.20145060509591,1.42872715639017,28.8257136695176,14974.906
4.20192343110133,1.41813341333666,28.8444811282417,14987.703
4.20214391343293,1.4079931986681,28.8719263925113,15000.5
4.2024243944898,1.39409562078529,28.8931049946401,15013.359
4.2024867414332,1.37954532552499,28.9135354834028,15026.234
4.2030325378523,1.37368698676851,28.9344397112884,15039.109
4.20338461543039,1.35689271232863,28.9585305738402,15052.093
4.20327567987927,1.34733917522637,28.9628823116663,15065.031
4.20356482974458,1.33597828204975,28.981606831992,15078.062
4.20376117408718,1.32183848946693,28.9835697024968,15091.187
4.20409027609368,1.31102222200508,29.0013361648223,15104.265
4.20473603295108,1.29691285941222,29.0114330438524,15117.484
4.20464499745616,1.28679972382831,29.0132122446501,15130.656
4.20534318604159,1.27487112666128,29.0183522624005,15143.89
4.20523942096354,1.26038040389481,29.0205895955693,15157.296
4.20573892515443,1.24967441740818,29.0229239610558,15170.859
4.20538215708299,1.22768000902097,29.0337962064824,15184.437
4.20578884253999,1.21360133433884,29.0186607065494,15198.125
4.20631813752377,1.20469382604494,29.0139557404876,15211.843
4.20655976985212,1.19091548052639,29.0088613658313,15225.562
4.20606876526771,1.16826415557838,29.0059104888161,15239.296
4.20653485736219,1.15469716964486,28.9809188887518,15253.156
4.20637604761679,1.14257893305031,28.9550284866014,15267.015
4.20701612208,1.13012211800021,28.9510677350743,15280.906
4.20676437131601,1.10792674545965,28.9397843114394,15294.828
4.20531424780369,1.07639908153578,28.9181408510218,15308.218
4.2053494336244,1.06457559222011,28.9033599985433,15321.64
4.20564072544596,1.0541900479884,28.8694034480508,15335
4.20558089384668,1.0417262288014,28.8511835464143,15348.39
4.20577758160334,1.0304617613247,28.8142738302864,15361.859
4.20521182778087,1.0084950017921,28.7926144614552,15375.265
4.20539693782587,1.00117241636629,28.7622491075252,15388.875
4.2055077324044,0.983060384664884,28.7406698118433,15402.328
4.20594622654446,0.972025719491901,28.7045618981336,15415.984
4.20571001518733,0.959611585993486,28.6722204139108,15429.734
4.20495223072497,0.938697819455002,28.6327826443858,15443.437
4.20416945225737,0.918072272740676,28.5903606667704,15457.187
4.20407775952975,0.906244393762361,28.556537339928,15471
4.203261960671,0.887402671338789,28.521878353046,15484.875
4.2023752701709,0.86400503135321,28.4733722968374,15498.843
4.20200288227919,0.852499044771851,28.4465773671296,15512.843
4.20252686267576,0.85280384201166,28.4067747670297,15526.734
4.20346613046301,0.850546340019902,28.3701471628565,15540.75
4.20416590642541,0.850126435787592,28.3225567665425,15554.734
4.2043372082594,0.838089742665394,28.278615456032,15568.796
4.20416092850894,0.826896702164162,28.2362216360381,15582.984
4.20339944340867,0.805343212815856,28.2019737311778,15597.093
4.20288461845715,0.794340875979497,28.1592870555043,15611.031
4.2018787033431,0.775194192922436,28.1215311087325,15625.062
4.20157924971998,0.763585505986576,28.0894724867623,15639.015
4.20223200542856,0.760100425003467,28.0496380533419,15653.062
4.2018565227226,0.750872371656343,28.0103000653444,15667.156
4.20154960351334,0.741210089568951,27.9769161255215,15681.203
4.20199763166105,0.7365489487144,27.9305928086572,15695.39
4.20209315456226,0.729303120915407,27.9006702182782,15709.609
4.20166861499164,0.717669127925585,27.8614874324285,15723.906
4.20144669163764,0.704913956319927,27.8209068006655,15738.25
4.20200685919151,0.704876398462879,27.7862805949308,15752.64
4.2022542027569,0.704283078204711,27.7559994768447,15767.062
4.20216044203852,0.69368014717843,27.7120320005348,15781.468
4.20204116126646,0.68103724528596,27.6869447616547,15795.906
4.20165608156851,0.671785336401998,27.6508116889196,15809.984
4.20108098229999,0.659318751351501,27.6241755207461,15824.14
4.20072553448994,0.649571799988421,27.5780477830674,15838.328
4.20025208022323,0.634372030223211,27.5483293786334,15852.546
4.19985074571123,0.628800954740036,27.5313507837224,15866.75
4.19952935857405,0.616987377883327,27.4959047155651,15880.984
4.19892867435275,0.606698320857672,27.4699480752952,15895.343
4.1985144260132,0.596484600406419,27.4362336822077,15909.718
4.19882993888726,0.595454516564647,27.400962879989,15924.156
4.19851503611987,0.58361934355545,27.3749748224015,15938.609
4.19889766644333,0.58609068962979,27.3502395027013,15953.125
4.19917169126972,0.583762381025156,27.3151754135517,15967.718
4.19965679297847,0.582413972969912,27.2865061624358,15982.296
4.19912778175801,0.569124287643889,27.2641023076383,15996.89
4.19910905793718,0.559483089420438,27.2288755921043,16011.546
4.19881464369201,0.54794021160964,27.213352975888,16026.25
4.19801499952061,0.5399324963634,27.1780545465269,16040.89
4.19840999530589,0.538858920753087,27.1583602035544,16055.562
4.1985935594552,0.538191421898202,27.1266613597331,16070.265
4.19835133443341,0.525580385017366,27.1067403516938,16085.218
4.19878927241436,0.523455824581626,27.078029833729,16100.093
4.19924543331851,0.526379306415485,27.0541656525034,16115.062
4.19961865475191,0.522854118546082,27.0297245369225,16130.14
4.19920874332941,0.512942658452589,27.0036098698497,16145.14
4.19886455985927,0.502166343915863,26.9822006209234,16160.14
4.19905398652009,0.504174793592649,26.9582817735969,16175.187
4.1995021966082,0.501177362061122,26.9313783824665,16190.312
4.20032215034639,0.497150913806619,26.915244286285,16205.593
4.1995837075473,0.494255957261793,26.884662330521,16220.859
4.19899656252265,0.480761949404823,26.8646668794079,16236.234
4.1993808458744,0.4820196016807,26.8408822255808,16251.578
4.2000211620502,0.478064466461422,26.819837407925,16266.921
4.19953880436795,0.46579931705887,26.8058022302141,16282.343
4.19985821793995,0.467704303252694,26.7764708629579,16297.859
4.19960035433694,0.457804993406459,26.7446710318823,16312.062
4.19891868893259,0.44843601484532,26.7276197042895,16326.281
4.19869492339031,0.445948129446777,26.7087701555853,16340.609
4.19943471007411,0.442727814676326,26.701004919226,16355.015
4.19985023992858,0.443030807982293,26.6652889503271,16369.406
4.19947083614901,0.434414856671958,26.6565496042937,16383.796
4.19877745138292,0.423894036387408,26.6268653923023,16398.156
4.19862814985719,0.42056905515922,26.6024234083171,16412.515
4.19896179940091,0.423575261344616,26.5877532341492,16427.031
4.19951863984071,0.419251162419031,26.5713030237356,16441.515
4.19974650527054,0.420211764370388,26.553161080926,16456.109
4.19935607815078,0.409786252307742,26.5252905583255,16470.765
4.19945005558702,0.409447551487753,26.513011927366,16485.421
4.19980962589626,0.408048810380875,26.4904924087438,16500.031
4.19938953556945,0.397071596370893,26.4768056873775,16514.687
4.19967639920138,0.396304222798671,26.4543315004951,16529.234
4.19928000195034,0.389425848471797,26.4380405974236,16543.984
4.19931242313153,0.384792732251921,26.4064461538526,16558.843
4.19959915121686,0.384105100788916,26.4035215860865,16573.656
4.19919040540633,0.378559540328363,26.3903815272546,16588.609
4.19939817179072,0.375990212571243,26.3671778745154,16603.546
4.19947100880164,0.373584281692888,26.3580698756565,16618.468
4.20020334693177,0.37243866823311,26.3358553829269,16633.468
4.19950267500556,0.364085839060602,26.3177081705191,16648.546
4.19966580776214,0.36478948660436,26.3029098085702,16663.64
4.19894721452426,0.356661946790185,26.2728996761023,16678.828
4.19942622254191,0.350000181268621,26.2534964065739,16694.062
4.19941606187873,0.354427554196016,26.2355017940907,16709.125
4.19975557345585,0.352708732431941,26.2224361486668,16724.406
4.1998360770302,0.349951058233642,26.2087198185786,16739.656
4.20042390675713,0.34647529554187,26.1981444161924,16755.062
4.20078855902682,0.347099880068641,26.1813188800972,16770.359
4.2001872161824,0.338548964023228,26.153290552062,16785.781
4.19960729198704,0.327928984698362,26.1431680057209,16801.203
4.19953137009779,0.326035255288444,26.1287667942574,16816.656
4.19978153757689,0.328792383504108,26.1132726183556,16832.015
4.2001130650095,0.328864284505781,26.0985097678453,16847.406
4.20025412369251,0.324954822187804,26.082431504718,16863.031
4.20078447117696,0.330097828242058,26.076731716976,16878.671
4.20040087846957,0.317715977156691,26.0551643973614,16894.421
4.19955338265695,0.306867034930728,26.0384808807386,16910.125
4.19869952111077,0.294429421559877,26.0202619856898,16925.765
4.19890175650101,0.294954997894077,26.0076747558503,16941.562
4.19876909958268,0.295016518076655,25.9798404966292,16957.484
4.19903969017574,0.29670477393695,25.9708682299817,16973.375
4.19935692219465,0.293178624185093,25.9597274523346,16989.375
4.19948913930127,0.293181631492742,25.940670424117,17005.265
4.19989882079194,0.293330711730979,25.9310475942422,17021.343
4.20023864613299,0.292029942004061,25.9113827550489,17037.406
4.20046688077745,0.295020310861636,25.9024777733697,17053.578
4.20059669660606,0.291006454511326,25.8822307715014,17069.765
4.20022766545651,0.278796361520084,25.86918419172,17086.015
4.19956696865187,0.273769777394631,25.861579270693,17102.187
4.19931688717225,0.268243156022364,25.8306840413416,17118.484
4.19967366671007,0.269507663748059,25.8143678304837,17134.843
4.19968307555088,0.269108211700749,25.8000798447174,17151.218
4.20009169444421,0.267075390466641,25.7847734456509,17167.656
4.2003914470637,0.268033776834364,25.7761581620446,17184.171
4.20071689524167,0.267851895870941,25.7726987565795,17200.781
4.20001663393212,0.258077011563758,25.7526832235264,17217.421
4.19932715521275,0.250582318066776,25.7432047415133,17233.859
4.19928078395352,0.246039274211224,25.7264574876127,17250.484
4.19919099644647,0.247011574639753,25.7110933484651,17267.171
4.19958944635548,0.248875609230654,25.7025734562379,17283.906
4.19992961356486,0.247988981958911,25.6851227622866,17300.796
4.19999202470851,0.245372710033298,25.6643713276963,17316.468
4.20000400042451,0.248892150957656,25.6598601383225,17332.125
4.20034223150925,0.247885143600973,25.6467549750512,17347.812
4.20019388953799,0.243919030405159,25.6434129181953,17363.562
4.20056497753819,0.246385134569423,25.6273848866306,17379.39
4.200002764085,0.235195401044494,25.625831070942,17395.343
4.20024143946523,0.232897335570554,25.6128945866662,17411.281
4.20046721654013,0.234674722988761,25.5870078514313,17427.234
4.20050567500564,0.230865162241795,25.586423076342,17443.25
4.20052821216538,0.233519072137438,25.5707079525293,17459.312
4.20084538968627,0.233053381457158,25.5583536723667,17475.343
4.20025838790934,0.221387656653655,25.5413002839397,17491.484
4.20001221100384,0.217242356410338,25.5271360313063,17507.703
4.20035420196162,0.22134999778705,25.5262510698752,17523.921
4.20052959403357,0.220672399045233,25.5044495406562,17540.171
4.20070016927119,0.21850836416772,25.5034862323324,17556.39
4.20012768774414,0.215670375704016,25.4788476551402,17572.812
4.20028122418898,0.209738043133172,25.4828274469607,17589.171
4.20026117922857,0.210746021574681,25.4692046745349,17605.5
4.2004386907754,0.208950054906571,25.4475060245405,17621.921
4.2007391485536,0.207897213941852,25.44737707962,17638.39
4.20011064836376,0.200444716257202,25.433173777438,17654.921
4.20015019704259,0.199997146457981,25.4201550510462,17671.578
4.19991437596973,0.198063530196784,25.4149231925687,17688.218
4.20021529092979,0.20042112758965,25.4119763386874,17704.921
4.20047581251041,0.197467625313288,25.400973614929,17721.625
4.20069185481719,0.198097743352454,25.3906512170147,17738.406
4.19982737545362,0.184797634133962,25.3703724345973,17755.25
4.1999061532947,0.189875953856758,25.3632817759523,17772
4.19987983475481,0.188190139498426,25.3515619735586,17788.734
4.19990883331586,0.188575130324948,25.342028119345,17805.593
4.20020492557174,0.18677971122576,25.3427997078898,17822.562
4.20030081545354,0.188234624372166,25.332063719475,17839.593
4.20057263012955,0.1884280711432,25.3166020347899,17856.687
4.19996401455311,0.178247076678139,25.3068364807552,17873.796
4.19959835260015,0.176462568179742,25.2996142079806,17891.046
4.19988210195419,0.173908192700597,25.2885717237243,17908.203
4.19997002478532,0.178353878246062,25.272543849236,17925.406
4.20030546580988,0.174865836085749,25.2717936677318,17942.531
4.20030765225897,0.175794075311616,25.2572865048625,17959.843
4.20063638803667,0.17676461968596,25.2503635894357,17977.328
4.20085009687288,0.173998364197254,25.2389698173386,17994.718
4.20092181960298,0.177358622895431,25.2398024295917,18012.171
4.20092783166355,0.173621796819106,25.228031024205,18029.656
4.20119897279657,0.173327406771453,25.2081451782462,18047.203
4.20150379138832,0.171240570699322,25.2045961067698,18064.859
4.20130892169032,0.172482685299536,25.2034195048879,18082.515
4.20163559182398,0.170670994155877,25.1835353876779,18100.312
4.2011801097028,0.162369731396579,25.1866345884619,18117.859
4.20037138818738,0.153904509979089,25.1732176880046,18135.625
4.20037188680863,0.153261764041876,25.1650898626693,18153.484
4.20032007678765,0.154632780271325,25.1676795448575,18171.421
4.20028045192644,0.15271555467697,25.1478299478857,18189.484
4.20028768927913,0.154411331194823,25.1388945690541,18207.578
4.20066530179073,0.153706846412499,25.1292778841883,18225.593
4.19967890185214,0.146807093109786,25.1241841992227,18243.671
4.19971596818489,0.141934643012568,25.1224920484984,18261.781
4.19962745503926,0.139227099699451,25.1172080075964,18279.625
4.19965583491299,0.141638826075499,25.1096135140191,18297.843
4.20027812878274,0.146181922178834,25.1171188934573,18315.031
4.19982517064801,0.138775021908147,25.0922670478892,18332.265
4.20014625603192,0.141002350318459,25.0735077015005,18349.515
4.20029051729297,0.14341378370152,25.0723050374635,18366.734
4.20027062161532,0.141203935253375,25.0618815687878,18383.921
4.20033176939861,0.142815842383529,25.0542655914973,18401.265
4.20046791734297,0.142099918068992,25.0529357079849,18418.609
4.20078730879594,0.141013155234638,25.0446638192863,18435.968
4.19997907982853,0.131651285975773,25.037080700258,18453.265
4.19983432682348,0.132609280501196,25.0197745069572,18470.609
4.19986461128578,0.128262030009022,25.0213767831139,18488.187
4.20019836025292,0.132407082517969,25.0163974967244,18505.812
4.20002083993299,0.12910728587392,25.0119049450646,18523.484
4.20022362830976,0.130519362628717,25.0216612641538,18541.171
4.20029428872314,0.129276617745488,25.0046872561864,18558.953
4.20022097352232,0.131516051576991,25.0025362326439,18576.75
4.20064656641535,0.132147825777332,24.9879290549972,18594.546
4.19976191369973,0.117977654615244,24.9889064268341,18612.328
4.19983464903669,0.118183327857692,24.9829192271986,18630.25
4.1998088586881,0.120923426089527,24.9814181313178,18647.875
4.19979143808167,0.121221769427746,24.9742082731404,18665.921
4.19983921928778,0.117329914652189,24.9660756698542,18683.812
4.19972107669432,0.118563403447204,24.9478975192397,18701.906
4.2003214630362,0.120438382432866,24.948559687684,18720.031
4.20012130560952,0.120155602003728,24.9433118808629,18738.218
4.20033350311687,0.121190483746699,24.932961880459,18756.484
4.20039855159476,0.119866035602721,24.9463138265693,18774.796
4.2002757350604,0.117010484924849,24.9326418148781,18793.14
4.20085279139705,0.114805509198782,24.9185137529078,18811.546
4.20094712435247,0.116972851859362,24.9249627253604,18829.953
4.20070572968425,0.117209758357817,24.9101253509478,18848.421
4.20101409922165,0.12036623164316,24.9022718397142,18866.859
4.20101134242328,0.113854029198222,24.9022251738233,18885.421
4.20124356683907,0.11611831488239,24.8945508292541,18903.984
4.20146278686855,0.116557183187655,24.8964095137641,18922.687
4.20151865869228,0.116075675643145,24.8814587202855,18941.421
4.20136629812625,0.113813920101622,24.8777969526333,18960.171
4.20135582408943,0.118943656958229,24.877839124331,18978.984
4.20193257333942,0.117201489726443,24.8815282248908,18997.843
4.201426433933,0.104406285428846,24.8635072013448,19016.656
4.20038402996421,0.0950196817509421,24.861561544192,19035.609
4.20014283418248,0.094875173704096,24.8587359833801,19054.609
4.20015152105539,0.0940842918006169,24.8393323727822,19073.578
4.2005451169157,0.0917062151938113,24.8510818894266,19092.578
4.19975315247951,0.0984577306037458,24.8537648157138,19111.703
4.20005093337767,0.0971311163282749,24.8456114361011,19130.734
4.20033848551901,0.0960081000876464,24.8452482430004,19149.843
4.20022658452925,0.0928109017520111,24.8286067511471,19169.109
4.20019513229091,0.0923222410207514,24.8215137842393,19188.5
4.20040831124523,0.0899542641558467,24.8258756331263,19207.796
4.20018197185418,0.0980793889639867,24.818957469028,19227.156
4.20042561784981,0.0918354240477033,24.8061161367239,19246.578
4.20073034667508,0.0914656400899538,24.8074335432643,19266.109
4.20089769145001,0.0934224861257822,24.8090946671474,19285.64
4.20075226589292,0.0937057909861007,24.8015722947441,19305.281
4.20095375250116,0.0935263462974425,24.7992860320994,19323.718
4.20091716236243,0.0933760370431896,24.7983487930359,19342.187
4.20138990892664,0.0939403451977187,24.7901306160756,19360.734
4.20110049825385,0.0918745542373741,24.7890244285186,19379.296
4.20140217351997,0.0930555696288454,24.7824843263686,19397.906
4.20164850923694,0.0913207328915371,24.768865347129,19416.562
4.20080185044183,0.0807464522504191,24.7721995882068,19435.234
4.19950720418804,0.0717252497107457,24.7512526936686,19454.015
4.19952546788874,0.0726095036925402,24.7543401132475,19472.812
4.19919404420701,0.0722186465305919,24.7538514285373,19491.593
4.19978873959836,0.0745176675506207,24.7534152829482,19510.484
4.19956978009852,0.0732430168969444,24.7446575201569,19529.39
4.19950527298217,0.0706585508777864,24.7386148382628,19548.359
4.19959094719824,0.0712391471951505,24.7406545695433,19567.328
4.19937025751695,0.0735893224114549,24.7445467883221,19586.375
4.1998889451283,0.0712734542778482,24.7431122438966,19605.453
4.19961868721464,0.073049507689783,24.7434953301847,19624.64
4.19954170009465,0.0718147440529681,24.7270265966008,19643.812
4.19969705308577,0.0755141840588397,24.7230303959486,19663.109
4.1999251023838,0.0730995290783169,24.722241500738,19682.468
4.19998163708105,0.0741697612974219,24.7206144903913,19701.859
4.20030417162103,0.0776190496195913,24.7186895200586,19721.25
4.19996846781726,0.0735646987227533,24.7194774675948,19740.703
4.2003189876074,0.0742528030265928,24.7109089463151,19760.109
4.20013873255388,0.0736050254141096,24.7057268271898,19779.718
4.2002309980171,0.0687388893156901,24.6935154115191,19799.25
4.20002719908166,0.0734500517306815,24.6874289604213,19818.875
4.20024317850054,0.0706547360151813,24.7015270662873,19838.484
4.20026559713915,0.0688037538958794,24.6868427634037,19858.281
4.20043834919094,0.0711653631280234,24.6935885615143,19878.015
4.20062232793035,0.0697831494856649,24.6887310731405,19897.734
4.20061957519326,0.0716080589729368,24.6872647878373,19917.531
4.20074934692575,0.0687324195275609,24.6832812709443,19937.375
4.20065346183249,0.0709255627104252,24.6702664595068,19957.437
4.20095766867388,0.0705074969808873,24.6639942966506,19977.531
4.20114179008172,0.0723595098727977,24.6681496459094,19997.562
4.20078707633281,0.0706349040507572,24.6786584736835,20017.718
4.20063622859425,0.0698127575207109,24.662428363342,20037.781
4.20131591540493,0.070339651202795,24.660249954588,20058.031
4.20177835929835,0.0703566388468484,24.6486280807801,20078.265
4.2004638796004,0.0597475405298186,24.6486190612345,20098.593
4.20013865237478,0.0585236778053257,24.6574830813659,20118.906
4.20061929485674,0.0605217817250803,24.6544892599368,20139.265
4.20048689903083,0.0593682176667249,24.6497646271546,20159.734
4.20028206035609,0.0600242816244076,24.6431988706258,20180.218
4.20027746242977,0.0605658881453639,24.6501939243081,20200.75
4.20036316408649,0.0608337972937254,24.6434577165789,20221.234
4.20070877817825,0.0600279292103555,24.6405997874056,20241.859
4.20042343593001,0.0600719716398693,24.6337057449501,20262.515
4.20047845424123,0.0554815566410955,24.6422435156705,20283.171
4.20078060509277,0.0590804543741501,24.6221306203519,20303.859
4.20076607761931,0.0554732074868978,24.6171366427758,20323.546
4.20067725000833,0.0565932046753073,24.629184250341,20343.25
4.20085499915087,0.0580992014033851,24.6273215432228,20362.968
4.20083697656465,0.0584306444505537,24.6064723077036,20382.812
4.20006417296992,0.0492800551849262,24.6088510535537,20402.687
4.20019520182323,0.0490691256869621,24.6119993517196,20422.64
4.1999426742962,0.0499920762755649,24.6042720418358,20442.265
4.19988234070791,0.046400956222004,24.5956073157071,20461.843
4.20003186840496,0.0492678891764753,24.6147154606747,20481.468
4.20008421021135,0.046828581672359,24.6123731884515,20501.171
4.19995771941879,0.0462151855292586,24.5978845958553,20521.046
4.20000497210728,0.0483393074606736,24.6009908418806,20540.968
4.19988164723365,0.0525499037170273,24.5920570916851,20560.843
4.19985938452547,0.0486559273490683,24.5974989348819,20580.734
4.19996642964078,0.0494270279053581,24.5931145350278,20600.671
4.20007896269081,0.0484346625004422,24.5919602362869,20620.64
4.20019809261525,0.0499496982149777,24.5777530828662,20640.656
4.20031301117743,0.0473417230697149,24.5863954062488,20660.687
4.20028432337333,0.0491141922375717,24.5817064036557,20680.906
4.20029913720347,0.0491947473295947,24.5751550295357,20701.203
4.20021792898444,0.0473013882981976,24.5760919445087,20721.406
4.20052628833902,0.0499310960886392,24.5666451892836,20741.718
4.20043134274571,0.0455792063378848,24.5698852566854,20762.078
4.19981366005316,0.0370316930759759,24.5786324775621,20782.5
4.19952136444436,0.0378157611706946,24.5751130706767,20802.968
4.19934192647094,0.0368866456548506,24.5601398391132,20823.39
4.19988560285093,0.038771027780704,24.5647655877845,20843.921
4.1986858474223,0.0271028551187562,24.562593934472,20864.437
4.19847180642486,0.0290925075896547,24.5594882366285,20885.125
4.19854743238134,0.0270551987221334,24.5431937805676,20905.843
4.1984733494221,0.0288837917355077,24.5550960798104,20926.5
4.19829639323519,0.034271977729541,24.5504000670687,20947.218
4.19810598053329,0.0283306485310231,24.5512894880247,20968.031
4.19808401635815,0.0261844402859642,24.5529669818239,20988.859
4.19808415301824,0.0315572175218347,24.5540784303201,21009.781
4.19740586787423,0.0211002080846376,24.5400707844963,21030.718
4.19725347165724,0.0225721114382982,24.5418675492024,21051.687
4.19714272494664,0.0223144456803292,24.546265860347,21072.703
4.19710957609023,0.0213052596000019,24.5393865161945,21093.89
4.19703191218436,0.0205883378475534,24.539198027167,21115.093
4.19723400152772,0.022191802409151,24.5491292597169,21136.171
4.19711017484611,0.0234513232382397,24.5418533934908,21157.39
4.19691027018165,0.0201464978677821,24.5374376696428,21178.687
4.19742863962305,0.0197853208456514,24.5342267930904,21200.031
4.11739988019083,-0.00172216037928173,24.9697552838709,21221.281
4.1542153788185,-0.00513518571503131,25.1567562729117,21242.656
4.16293609495087,-0.00506466482743797,25.170365414157,21264.109
4.1675732772984,-0.000821486201501566,25.1443415872489,21285.546
4.17041776767664,-0.000819032006274533,25.1255132573849,21307.031
4.17217038172268,0.000206929724647091,25.1199499042358,21326.546
4.17312696942152,-0.00305827163397556,25.089950641583,21346.093
4.173989491197,-0.00382295644995574,25.0742697074264,21365.656
4.1744715314381,-0.00317571197412596,25.0624297385119,21385.203
4.1750574250694,-0.00159393635043195,25.0480154004907,21404.937
4.17569577802814,-0.0042222689225722,25.0353721052353,21424.64
4.17599904042196,-0.00464573911367536,25.0286496526916,21444.375
4.17588907895158,-0.00243228492915486,25.0233706876756,21464.093
4.17626205048222,-6.87597323807038e-05,25.0017378908649,21483.875
4.17663160709042,-0.00333760884946783,24.9828830228574,21503.64
4.17667435754608,-0.00389390841185889,24.9608367839453,21523.484
4.1769628197786,-0.00457977950432826,24.9650308216516,21543.406
4.17668660976736,0.00225302569142206,24.9598304975781,21563.328
4.17690849805013,-0.00439985656727957,24.9436656644656,21583.39
4.17713609257698,-0.00417928745896962,24.9293013519989,21603.453
4.17701632063185,-0.00199680750966909,24.911046206351,21623.562
4.17719212591975,-0.00397324880145664,24.9053886395621,21643.593
4.17692834074423,-0.00276559280269446,24.8949249752232,21663.781
4.17724354029209,-0.00267603672662623,24.8925313830711,21683.921
4.17734061763524,0.000410178586719689,24.8771852169328,21704.203
4.17718905793888,-0.00300852974218258,24.8708325802971,21724.437
4.17711430255566,-0.00489664182053652,24.8685473908439,21744.75
4.17694071927771,-0.00214578205679289,24.8607575977426,21765.109
4.17724509196844,-0.000888137060045086,24.8508803480813,21785.562
4.17719542213842,-0.00196496258303809,24.8399770215521,21806.109
4.17728823850556,-0.00333191091100227,24.64861061816,21807.109
4.17694566937783,-0.000207646083278797,24.6382388608607,21823.781
3.96992340989508,-2.01191632144914,24.706860804617,21842.812
3.94977562918864,-2.00922476958394,24.8515643413125,21860.937
3.93464155171251,-2.0107007672638,25.0358959702368,21879
3.92224965052294,-2.01241721304331,25.1861303130297,21897.156
3.91124636228968,-2.01000156835795,25.3548462950148,21915.422
3.90210633761373,-2.00948720071614,25.5355378217056,21933.5
3.89352812817799,-2.01042332880043,25.7109583081568,21951.734
3.88571944850446,-2.01391990027326,25.8696519984973,21969.828
3.87847096415196,-2.00844098968155,26.0266007150278,21988.062
3.87207655764482,-2.01089319872519,26.1989748916369,22006.125
3.86554318576449,-2.0081221574622,26.3642199769649,22024.406
3.85927209468374,-2.01023799602502,26.5225256067137,22042.578
3.85348999453233,-2.00956319430543,26.6841132742215,22060.844
3.8478877122585,-2.0098556418063,26.8281340623946,22078.922
3.84238758387295,-2.01051729116731,26.9825053772806,22097.172
3.83736124329268,-2.01044294033789,27.1246379066735,22115.375
3.83218103194878,-2.01084692709346,27.2686153806278,22133.531
3.82744812739179,-2.0112394241465,27.4219927472971,22151.703
3.82276797195611,-2.0120381276109,27.5716426225921,22169.891
3.81828427519098,-2.01343056205825,27.7108813732399,22188.125
3.81353834600499,-2.00681768000974,27.8597630875224,22206.359
3.80901724627649,-2.00749954971907,27.996294196253,22224.531
3.8046631305066,-2.01053924854723,28.120170815331,22242.672
3.8004611402286,-2.01040370871615,28.2545090279068,22260.859
3.79587510063004,-2.01250302334931,28.3894071640083,22279.141
3.7913034580623,-2.01051388182048,28.5180061272753,22297.437
3.78701392084421,-2.01024129574051,28.6469472055577,22315.625
3.78260901420663,-2.00956028843054,28.759471186271,22333.75
3.7780034614825,-2.01074840144558,28.8753887753082,22352
3.77362546699685,-2.01029863324559,28.9909861915384,22370.187
3.7694145155828,-2.01020963157071,29.0984969102147,22388.344
3.76508556788382,-2.01324883299133,29.2046871210299,22406.609
3.76093816156596,-2.01206519889249,29.3032571545582,22424.812
3.75676385380807,-2.01012966233429,29.3973685302495,22443.141
3.75278377662484,-2.01086027531259,29.4734839845637,22461.281
3.74885776742257,-2.00897735637334,29.5552282854296,22479.453
3.74475706767723,-2.01221009578122,29.6189976653393,22497.656
3.74061930526309,-2.00843022744475,29.6777484776783,22515.953
3.73667376852912,-2.01115370060937,29.7344046464068,22534.156
3.73297084599047,-2.01122836965247,29.7986150653154,22552.375
3.72911483466477,-2.00972214717454,29.8605952936033,22570.812
3.72545251055885,-2.01174740822025,29.8807250464526,22589.109
3.72159747220999,-2.01161714402584,29.9317840527808,22607.359
3.71795425391306,-2.01267858228713,29.9622112592634,22625.672
3.71416062311543,-2.01127837152399,29.9952366260086,22644.062
3.71027905368557,-2.01059180003142,30.0278168917541,22662.453
3.70673979662306,-2.01283925015319,30.0594279397341,22680.687
3.70339874034625,-2.01164507400568,30.1058380023526,22698.937
3.69951131418766,-2.01373962741555,30.1371108497252,22717.359
3.69596917013654,-2.0127960757665,30.163929167352,22735.734
3.69230290975366,-2.01020299409621,30.2076027333346,22754.109
3.6888975580487,-2.01208917923758,30.2633282588129,22772.453
3.68528483743651,-2.00977088333185,30.2983161206934,22790.797
3.68172072197868,-2.01040871117214,30.349189388372,22809.109
3.67836121451043,-2.0094143853422,30.394677856402,22827.453
3.67501642080008,-2.010497143639,30.4374926888232,22845.812
3.67151523846317,-2.01127006278481,30.4905360140832,22864.187
3.66822453215162,-2.00968700841845,30.5364061759102,22882.531
3.6648155344301,-2.00789193215653,30.6020607068911,22900.859
3.66172987050074,-2.00921224376617,30.6436086056762,22919.172
3.65823403492122,-2.00738286314805,30.6932195817673,22937.594
3.65491674234652,-2.00973932965562,30.7590069885028,22955.859
3.65173639689338,-2.01074775249861,30.7922965191253,22974.203
3.64839715037296,-2.01102362028678,30.8468040369954,22992.547
3.64517899833813,-2.01428143633142,30.9063651494596,23010.984
3.64203706223062,-2.01433588766484,30.9538734410124,23029.281
3.63894338043094,-2.01249128703394,31.0118953021743,23047.672
3.63563523708978,-2.01021469358826,31.0593143966276,23066.203
3.632534191888,-2.01370079668501,31.1137573172617,23084.562
3.6295545968251,-2.0109830542982,31.15946818706,23102.953
3.62647169307839,-2.00880403776678,31.2242047818716,23121.5
3.62355328526295,-2.01071175213981,31.2625357965915,23139.875
3.62011500930116,-2.01021608045003,31.3204046744424,23158.344
3.61716021556407,-2.01203163358122,31.3726059708232,23176.797
3.61412487528888,-2.01194262273557,31.4210866784413,23195.25
3.61103015392843,-2.01186894971566,31.4823312558206,23213.719
3.60807012591569,-2.01041039349041,31.5227978662111,23232.297
3.60486190801153,-2.01035653131473,31.5700508389977,23250.812
3.60200292777805,-2.00996288568617,31.6232913681691,23269.391
3.59911943532997,-2.01098985596127,31.6793711126249,23287.781
3.59631668740299,-2.0090611391716,31.7377927494418,23306.312
3.59330141746943,-2.01242876004945,31.7814791639614,23324.875
3.59048708820447,-2.00914171693895,31.8304034546066,23343.422
3.58770502514545,-2.00899657232558,31.8819623141704,23361.937
3.584824429236,-2.00998011583659,31.926127853879,23380.531
3.58202907728467,-2.01174980438522,31.9767427016052,23399.078
3.57920782683498,-2.00959591771902,32.0254878574198,23417.641
3.57667347904785,-2.01151441523286,32.0714967605702,23436.344
3.57392187784317,-2.01179853559903,32.120662981769,23454.953
3.57109004345214,-2.01136607341031,32.1698559640248,23473.609
3.56831399174724,-2.01007901312723,32.2193402882484,23492.203
3.56592849964041,-2.0098812275126,32.2682498231348,23510.828
3.56338400004888,-2.01085128232434,32.3194999852634,23529.453
3.56070769061751,-2.01490201692664,32.3566587224993,23548.125
3.55781157411241,-2.01184053883092,32.4051375955909,23566.812
3.55545961766748,-2.01051205108886,32.4476815929998,23585.469
3.55295540222238,-2.01112315774813,32.4972432538872,23604.078
3.55028780450115,-2.01294747987476,32.5452987335799,23622.734
3.5479674292398,-2.00918641722309,32.5876509912905,23641.406
3.54557350766271,-2.0093689670586,32.6271637992377,23660.062
3.54312760780939,-2.01094288937995,32.6652600557117,23678.766
3.54075369596781,-2.01038586574691,32.723274316977,23697.422
3.53846683292616,-2.0100182830331,32.7586822155708,23716.281
3.53621009525458,-2.01361913482649,32.8098579694129,23734.984
3.53381071401546,-2.01134498237882,32.8581984144342,23753.781
3.53162855340824,-2.00889686859561,32.9022636702567,23772.516
3.52930337189467,-2.0095439539781,32.9370027866097,23791.297
3.52709861922145,-2.0144050584516,32.9833335054027,23810.016
3.52516688270867,-2.01095601784512,33.0178147196012,23828.734
3.52299061846886,-2.00953089891174,33.0695450410384,23847.469
3.52063275305057,-2.00934857485801,33.11285822226,23866.187
3.5188757497078,-2.0131960976202,33.1392693188021,23884.969
3.51657470624719,-2.00930030404636,33.1938516801387,23903.75
3.51440096865343,-2.00821811278211,33.2474572398357,23922.797
3.51273415036231,-2.00928854029529,33.2746891183727,23941.703
3.51094850319531,-2.01271106108146,33.3182381643495,23960.672
3.50925340596429,-2.00876706585169,33.355075144507,23979.516
3.50733194596864,-2.01274794679327,33.4067575550476,23998.359
3.50535485789841,-2.00948493588672,33.4528439962926,24017.219
3.50378436537444,-2.01489661074355,33.4980952814159,24036.047
3.50186384396692,-2.01067801779793,33.5402380122833,24055.062
3.50035696476616,-2.01217676253273,33.585064711029,24073.984
3.4986787274691,-2.01338484947694,33.6260047650056,24093.109
3.49713340480702,-2.00916092933153,33.661168785126,24112.141
3.49537858015153,-2.01357938549136,33.7106805340639,24131.094
3.49367444257704,-2.00829367407448,33.7565954851282,24150.016
3.49197611138791,-2.01112781250654,33.8016639957941,24169.125
3.49028090149685,-2.00889891148926,33.8512404601299,24188.234
3.48863668560085,-2.01196582011162,33.8974204293808,24207.187
3.48702942847404,-2.01283341950925,33.9423707091222,24226.172
3.48550883437108,-2.00985040579768,33.9832313008205,24245.187
3.48388368782566,-2.01221062182892,34.0379588924609,24264.281
3.48213973286603,-2.01239744991045,34.0706054293679,24283.375
3.48051871581103,-2.01192884687068,34.1254424995053,24302.469
3.47893365334963,-2.0092874363148,34.1822616017047,24321.547
3.47723558612272,-2.00897713525859,34.2278240685241,24340.547
3.47547555243861,-2.01078617358949,34.2781174457924,24359.625
3.47353783403906,-2.00915068705643,34.3218202165217,24378.687
3.47190580114613,-2.00798306925897,34.3733882810283,24397.844
3.47000946208929,-2.00800238309676,34.4396253057375,24416.922
3.46808360177809,-2.0111524086512,34.4814560569781,24436.078
3.46632950181555,-2.00891381350703,34.5308618659385,24455.375
3.46448281030897,-2.01156606254129,34.5891053218727,24474.625
3.46227297504825,-2.00944790730652,34.6396322065066,24493.844
3.4604868831392,-2.01196952382999,34.7028953320167,24513.156
3.45851924351115,-2.01181223761134,34.7517903165403,24532.437
3.45655723386443,-2.01096264538231,34.8065636435804,24551.812
3.45466574821862,-2.0092622589751,34.866437275189,24571.016
3.4523022319856,-2.01484643373787,34.9262444094221,24590.156
3.44997399252027,-2.01096367134318,34.9868754019698,24609.453
3.44784852336239,-2.01005185927867,35.0348811601325,24628.75
3.44580201296103,-2.01117470379156,35.1098379658988,24648.031
3.44360976798918,-2.01246570417251,35.1782145136436,24667.516
3.44110011303868,-2.01051392986536,35.2359505919827,24686.875
3.43876049357368,-2.01294963543646,35.3052365446908,24706.25
3.43587616885108,-2.01263932868167,35.3752295878629,24725.547
3.43342582972163,-2.00868683062409,35.4314474422197,24745.031
3.4307820463734,-2.01259727575132,35.4975857279604,24764.516
3.42798413648581,-2.00972524758255,35.5676546833035,24783.922
3.42513405084331,-2.0081624914439,35.6263223344254,24803.297
3.42197439786764,-2.01065523423516,35.7015647482359,24822.75
3.41891594865266,-2.01190997285619,35.7669508838381,24842.203
3.41555370327797,-2.01062502137929,35.8503984373701,24861.687
3.41201785740347,-2.01213877698985,35.9216705276869,24881.125
3.40838262399422,-2.01303499996024,35.9861024812651,24900.641
3.40458186550811,-2.01216065270095,36.0648837658254,24920.203
3.40093795465156,-2.01240320623763,36.1223866566454,24939.75
3.39648811766888,-2.0144763369829,36.1959784247112,24959.344
3.39202116421551,-2.00671858255724,36.2899544050955,24978.875
3.38711060546585,-2.01226162918626,36.3618934744163,24998.359
3.38202501126296,-2.00735821644931,36.4320842459046,25017.812
3.37643757780799,-2.01169759602486,36.5164839548771,25037.484
3.37064150307575,-2.01218013826895,36.5954940795158,25057.141
3.36381091120298,-2.01204937611057,36.6592612082465,25076.797
3.35658417833796,-2.00949259287572,36.7561257083075,25096.641
3.34852547601236,-2.01138309687307,36.8281186561086,25116.297
3.33967449767168,-2.01221211318207,36.9297656920464,25135.937
3.32948691474876,-2.00911182378152,37.0229518114169,25155.844
3.31753944871055,-2.01056023670431,37.1199428595613,25175.797
3.30413607072457,-2.00767723817714,37.2020013488048,25195.844
3.28871750622146,-2.01073808615634,37.3162932494738,25215.859
3.27097950500081,-2.01058625492287,37.4189904370012,25235.828
3.25042509951635,-2.01094676747329,37.5255615824691,25255.906
3.22633981906003,-2.01025337816261,37.6438771033601,25276.062
3.19844540418468,-2.00912199761079,37.7611787279721,25296.328
3.16572413063759,-2.01142813829995,37.8932864842159,25316.719
3.12821484967478,-2.00780782543081,38.0186285046186,25336.937
3.08374278342791,-2.01110736883835,38.1428583504707,25357.266
3.03068617955124,-2.00921987816539,38.2722081622462,25377.562
2.96582554159527,-2.01239874733142,38.4219413620702,25397.906
2.88087110349128,-2.00957574820089,38.5776527536288,25418.281
2.76043204434328,-2.00951812224886,38.731276141257,25438.547
2.57863746900037,-2.00855445688255,38.93256573153,25458.984
2.35152551190002,-2.01037485552297,39.2462026826329,25479.453
4.18297051371394,-0.00103548692789732,24.3056360722303,25480.453
4.18291838428438,-0.00233860575471434,24.3076079199485,25489.813
3.94835067289777,-2.01021573053815,24.3596744655735,25500
3.92538920547562,-2.01138418536864,24.4652647318339,25509.375
3.90712354950856,-2.01039776667715,24.5551215717071,25518.719
3.89210751759185,-2.01085214124446,24.6659854706126,25528.109
3.87939599074696,-2.01123815907484,24.7810822369624,25537.547
3.86825486634431,-2.00954637383978,24.8999227611786,25546.938
3.8583720143107,-2.01153656029571,25.0045225896433,25556.281
3.84937058219813,-2.01101246410601,25.1042156038817,25565.609
3.84125929024352,-2.01183636020871,25.2277389488502,25575.047
3.83396006244321,-2.00999986885902,25.3205667461666,25584.406
3.8269907017333,-2.01175969682146,25.4230990711359,25593.797
3.82097233779977,-2.01124370004473,25.5397306175164,25603.188
3.81520019579432,-2.01120568498979,25.6501956861313,25612.563
3.80983695288369,-2.01199586770223,25.7461922505225,25621.922
3.80446494588158,-2.01104546458061,25.8555038572239,25631.281
3.79980478188834,-2.01140379739681,25.9681152688546,25640.609
3.79536038971024,-2.01011641251807,26.077079990384,25649.969
3.79100749110031,-2.01117056604443,26.1781815400353,25659.359
3.78688441036164,-2.01006548311722,26.2850133733263,25668.703
3.78279756422701,-2.01171371042117,26.3901324812074,25678.047
3.77925949861659,-2.00934934086614,26.4922779395334,25687.469
3.77551413221389,-2.00969137462137,26.5884383547345,25696.828
3.77202472419942,-2.00940644721906,26.698027518851,25706.219
3.76842414575281,-2.01034762711422,26.7997052842386,25715.578
3.7650203501694,-2.00874930973035,26.893478167711,25724.922
3.7617770782397,-2.01137050318481,27.0046365681559,25734.297
3.75853037534965,-2.00951662398217,27.0977414647812,25743.656
3.75512987147201,-2.0099151352375,27.1990990726108,25753
3.75226114603581,-2.01248073179282,27.3053916667125,25762.359
3.74865075240133,-2.00957898296458,27.4028173137363,25771.781
3.74525727933025,-2.00956926204228,27.4932326303565,25781.094
3.74192771131346,-2.01151001537195,27.5886062743504,25790.531
3.73852076676458,-2.00954716857651,27.6723081892186,25799.906
3.73505797207285,-2.00855118475277,27.7886739191336,25809.234
3.73183827297842,-2.01044026846216,27.881435782908,25818.641
3.72819587472551,-2.01220282394288,27.9809532102576,25827.984
3.72473981347315,-2.00992065920744,28.0870055512801,25837.313
3.72109320934605,-2.00918844917163,28.1739500058359,25846.688
3.71722866277174,-2.01036427644136,28.2591384676836,25856.078
3.71370970835211,-2.01066599217951,28.3560617642703,25865.484
3.70972722914208,-2.0071833292726,28.4427810484218,25874.828
3.70602121402687,-2.01124434777372,28.5380121504406,25884.203
3.70230694990163,-2.00999834316412,28.6150825861644,25893.531
3.69826695005861,-2.00869223114134,28.6974008114262,25902.906
3.69417024839998,-2.01209242920273,28.7638991495069,25912.281
3.69033295116051,-2.01074918461919,28.8462882315537,25921.688
3.68627933216943,-2.0116713039617,28.9193842520633,25931.047
3.68209826172074,-2.00992997098558,28.9812013704884,25940.422
3.67803573887776,-2.01098767798812,29.0449793960746,25949.781
3.67452226604063,-2.01055268470303,29.0934145043223,25959.172
3.67042236049551,-2.01060298659699,29.1467260251193,25968.563
3.66664187221414,-2.01296569023768,29.2137882415869,25977.922
3.66280124350406,-2.01034874620588,29.2337725638319,25987.313
3.65912104731485,-2.01158021551896,29.2684893739225,25996.734
3.6556180101492,-2.01023195844967,29.3084334139305,26006.156
3.65195056820686,-2.00937377910733,29.3544687897367,26015.531
3.64846929002416,-2.01011008664912,29.3622655652245,26024.891
3.64516572260414,-2.01185481903838,29.3856376438892,26034.25
3.64186746535739,-2.00935803220595,29.425020998605,26043.594
3.63853164699695,-2.0085782083369,29.4359122770032,26052.969
3.63545049721747,-2.00858090085848,29.4512668871129,26062.281
3.63235949988605,-2.01296091326723,29.4763216790457,26071.703
3.6292733406813,-2.0124439491801,29.5009507960599,26081.063
3.62605646323457,-2.01259987267319,29.5186293261792,26090.469
3.62293710360101,-2.01164007437626,29.5328037929404,26099.813
3.62008418921741,-2.0094642986321,29.5537774188296,26109.172
3.61716257745989,-2.01030957868448,29.5839506380793,26118.547
3.61410951237326,-2.0115230272184,29.5895851182108,26127.938
3.6110914988117,-2.00800683755272,29.6072647374276,26137.328
3.60809391751571,-2.01111538986332,29.6398054347078,26146.688
3.60514432288739,-2.01190897800318,29.6569360007598,26156.078
3.60230603979587,-2.00961844515189,29.6790782797511,26165.406
3.59931420303727,-2.01079287805158,29.6912087570186,26174.797
3.59636827652521,-2.0087167505549,29.7104628213468,26184.172
3.5936157365528,-2.01322248648439,29.7548908370811,26193.516
3.59054582157011,-2.00971612461084,29.7858248379266,26202.875
3.58753824208775,-2.00944874506807,29.8062511868784,26212.266
3.58469512849578,-2.00870649563703,29.8417381932167,26221.625
3.58199068649397,-2.01132867464981,29.8651258196339,26230.984
3.5790143329372,-2.01134146132051,29.8959905681903,26240.313
3.57631169047129,-2.01065825143799,29.9156678524225,26249.719
3.57333835168211,-2.01101327290709,29.9750166229423,26259.141
3.57063639374171,-2.01029872270196,30.0303816531749,26268.469
3.56782526264503,-2.01144812694821,30.082828719542,26277.859
3.56498252356722,-2.01169211221245,30.1008454560699,26287.234
3.56240528444267,-2.00937570767083,30.1429071045877,26296.594
3.55954141374166,-2.00993243486394,30.1947571983327,26305.938
3.55671401093821,-2.00883608785768,30.2503719541904,26315.297
3.55401216136526,-2.00897097748156,30.2777912517895,26324.688
3.55132718387558,-2.01096810076121,30.318399498074,26334.016
3.54881735286314,-2.0118728312149,30.3846781032119,26343.422
3.54616648731016,-2.01049403085952,30.4258425268401,26352.781
3.54357595852297,-2.00923834237466,30.4766466369162,26362.094
3.54085780297005,-2.01030288200311,30.51683578039,26371.531
3.53822317749491,-2.010825673124,30.570214229724,26380.875
3.53564692861126,-2.01045228761763,30.6027736770409,26390.25
3.53334205102606,-2.00945144346769,30.6497750248591,26399.625
3.53070047719943,-2.01104541296413,30.711842375951,26408.969
3.5279956716724,-2.00947293769446,30.7571185649526,26418.375
3.52575265940683,-2.00975811801207,30.8234024942011,26427.766
3.52316299489267,-2.00940478238773,30.8744833077315,26437.141
3.5207660008494,-2.0119564377104,30.9038395769356,26446.5
3.5181279671513,-2.01021755598966,30.9543696289837,26455.859
3.51580226809944,-2.01067084076602,31.0001091966817,26465.219
3.51344549730216,-2.00989800794814,31.0604969664552,26474.578
3.51095356075157,-2.01251144450971,31.0943076357753,26483.922
3.5085544073743,-2.00890394004691,31.1374569165493,26493.25
3.50609505692187,-2.00997630932042,31.1992656847228,26502.656
3.50390595666886,-2.01234765228027,31.2376834814417,26512.016
3.50137795845769,-2.00875514030029,31.284593745479,26521.391
3.49909208190834,-2.01090472392567,31.3337831979259,26530.75
3.49696050258364,-2.01009801150072,31.3772972173464,26540.125
3.49457403381053,-2.00988678352837,31.4211894416797,26549.5
3.4919828523596,-2.01333781427564,31.4818840812881,26558.875
3.48971438284886,-2.01004121432844,31.5292768838334,26568.25
3.48775039271526,-2.00878906588239,31.5707227715764,26577.609
3.48530698748407,-2.01048439691043,31.6178103016056,26586.984
3.48315587321311,-2.01191771872235,31.6484915341839,26596.344
3.48092088977412,-2.01167080124392,31.6950835642705,26605.75
3.4789688341066,-2.01002958411904,31.7507535159398,26615.109
3.4765011184377,-2.01189724405164,31.7848042427105,26624.484
3.47448751033397,-2.01196430119871,31.8583665096378,26633.859
3.47214950212463,-2.01103354960286,31.8995817898971,26643.172
3.47012810863096,-2.0091188091156,31.9392990917348,26652.578
3.46792042073136,-2.01012451833477,31.9823285635478,26661.922
3.46580972007315,-2.00833135723232,32.0206405836405,26671.313
3.46390990614356,-2.00913651638351,32.0677201452862,26680.656
3.46163073951942,-2.01054519326786,32.1177844939616,26690
3.45981093404753,-2.00767659136473,32.1705905358206,26699.406
3.45769057390867,-2.01069531113801,32.214840801829,26708.75
3.45541061166285,-2.01042186721328,32.2777040976248,26718.141
3.45355725362897,-2.01095324754856,32.2938695565863,26727.5
3.45149929527415,-2.00909564097278,32.3506703760954,26736.875
3.44948954566861,-2.00939308345437,32.3976708394479,26746.219
3.44752789973724,-2.00854724710725,32.4574522442887,26755.625
3.44553594400029,-2.01061106075137,32.5152564510908,26764.984
3.4435064872625,-2.01151445916544,32.5467650863353,26774.344
3.44165999368042,-2.01215089014512,32.577405792465,26783.703
3.43956340750848,-2.01128458532263,32.6143615592066,26793.078
3.43775669057109,-2.00968492670906,32.684238926134,26802.469
3.43600716342698,-2.01097371429882,32.7188354371993,26811.828
3.43387911110277,-2.00955557235341,32.7565730434938,26821.156
3.43219610772299,-2.0100337599272,32.7914793794674,26830.578
3.43018656680869,-2.00838991235283,32.8482467398086,26839.953
3.42865717477226,-2.01386553377844,32.8848752711058,26849.313
3.42674509073621,-2.01067039774448,32.9534989933585,26858.641
3.42460758165962,-2.009692240456,32.991679622106,26867.969
3.42273999514928,-2.00608707828593,33.020813112975,26877.391
3.42102316680866,-2.00864397459419,33.0682080782412,26886.813
3.41912985989228,-2.01069027578423,33.1266593878585,26896.203
3.41739058950343,-2.01076101137391,33.1634776144731,26905.609
3.41559471803194,-2.00944694075163,33.2058464710132,26915.031
3.41360319254917,-2.00329292868562,33.245239262114,26924.391
3.41189373396521,-2.01050738296399,33.2841833519922,26933.75
3.41022740539522,-2.01166434907456,33.3574571619792,26943.188
3.40848868932036,-2.00796687835452,33.4020070252737,26952.531
3.4062695873373,-2.00892064007071,33.4508991369747,26961.906
3.40485970285108,-2.01325705868727,33.48936927648,26971.281
3.40310089782131,-2.00795740072167,33.5269560555057,26980.672
3.40132148372393,-2.01386449132638,33.5639629182301,26990.016
3.39991299581337,-2.00949482503936,33.6099422173456,26999.359
3.3982132138989,-2.01080049097354,33.6525511532727,27008.75
3.39621612126251,-2.01058618537876,33.7221705878173,27018.141
3.3947421429215,-2.00929178276889,33.7524088968892,27027.469
3.39260822048235,-2.00649124654696,33.7781031114944,27036.844
3.39127808456846,-2.01108086221539,33.863963854108,27046.234
3.38949802290681,-2.01088194330007,33.8877485577004,27055.578
3.38775340113558,-2.01106573240028,33.915493426568,27064.906
3.38602485774064,-2.01043136090657,33.9677359952383,27074.281
3.38444339513011,-2.00963488598786,34.0125726949539,27083.703
3.38268943626786,-2.00726217395506,34.0684867798758,27093.063
3.38116159944589,-2.01033159143074,34.1083098640939,27102.406
3.37922908350589,-2.01008806402802,34.1546505001661,27111.781
3.37754355114932,-2.01083382513587,34.206041758604,27121.109
3.37592314099997,-2.0105834569998,34.2552818140003,27130.5
3.37429175160086,-2.01056577202461,34.2915006422978,27139.906
3.37234335321632,-2.01308637569918,34.3345055662273,27149.234
3.37086363319254,-2.00909557393391,34.3848463282671,27158.656
3.36890848320038,-2.01177454050067,34.4206625191965,27167.984
3.36734180980441,-2.01187979711059,34.4828586918447,27177.328
3.36546759000157,-2.00879348307672,34.5294020277318,27186.688
3.36393059616739,-2.00986770827523,34.5805028634808,27196.094
3.36232352460348,-2.01284451143807,34.6108133959145,27205.422
3.3604499891939,-2.01077785641784,34.6477301728537,27214.813
3.35875645975641,-2.01414469058282,34.6859028104757,27224.203
3.35707609673941,-2.00932900954891,34.7230993297843,27233.531
3.35522003436526,-2.01121976735649,34.7924605729645,27242.875
3.35347390464443,-2.00829183266502,34.8391198325639,27252.25
3.3518791769321,-2.00938595966179,34.892909833223,27261.625
3.34994430005412,-2.00801372185691,34.9168973787101,27271.063
3.34823776517862,-2.01051650447711,34.9648918166509,27280.422
3.34643735419764,-2.0127734592672,35.0063936596324,27289.797
3.3447833705255,-2.01061203672357,35.0808306149855,27299.156
3.34277646098008,-2.01300688351279,35.1158234030542,27308.469
3.34092002271364,-2.00757358992188,35.1732501563099,27317.828
3.33924618480774,-2.01027370375708,35.2192497239607,27327.219
3.33722818887448,-2.01171594476594,35.2547516583479,27336.641
3.33559971883876,-2.01147066212761,35.3233194144924,27345.984
3.33370523288589,-2.00998816988453,35.357051353224,27355.359
3.33181106882887,-2.0094321731073,35.4144026245954,27364.75
3.32974436254458,-2.01135841135958,35.4399967493864,27374.141
3.3279326075926,-2.01244941480412,35.5122089522151,27383.469
3.32583731897092,-2.01055403541509,35.5523653215369,27392.828
3.32399340624764,-2.01347543156822,35.6011151302825,27402.203
3.32202780177825,-2.01082697858977,35.6289057200685,27411.531
3.31994035690994,-2.00968895860798,35.6759259294594,27420.953
3.31804664305802,-2.01120614814042,35.7388734831205,27430.359
3.31589802403947,-2.01036123215798,35.7933091127204,27439.656
3.31395306149459,-2.0104996507863,35.8248086598067,27449.063
3.31163867957474,-2.0101927187471,35.858528405893,27458.469
3.30955594113998,-2.01027145721106,35.9164552934207,27467.828
3.30753361973799,-2.01062556835629,35.9502014839097,27477.156
3.30528238792337,-2.00789910351818,36.0097498822769,27486.531
3.30292675207016,-2.01129013161268,36.0986342349345,27495.891
3.30071206851145,-2.01061153214067,36.1118649958395,27505.266
3.29872497183188,-2.01034178982746,36.1599827857847,27514.625
3.29653675812286,-2.01248763604117,36.1926477946059,27523.984
3.29394483176926,-2.00936209670807,36.2651285995058,27533.375
3.29190965603153,-2.00956618705445,36.3263996822115,27542.734
3.28902975056942,-2.00864144857066,36.3709980948001,27552.125
3.28701869889962,-2.01257534400256,36.4331415164811,27561.516
3.28442481374255,-2.01086032516903,36.4598755467282,27570.875
3.28194643179026,-2.00962400170813,36.5295635608111,27580.25
3.27943299089956,-2.01072658505576,36.5805655697738,27589.75
3.27668039628684,-2.00800687433532,36.6371508235734,27599.141
3.2739918436075,-2.01147898408592,36.6743433709667,27608.484
3.27142098326204,-2.00860232993382,36.7393544716999,27617.844
3.26856584156134,-2.01178248529096,36.8018288646249,27627.234
3.26571214773433,-2.01164813105039,36.8480843076842,27636.563
3.2629303333434,-2.01109998108443,36.8722855177195,27645.984
3.25991284339857,-2.00954962642322,36.9359384664293,27655.344
3.25685605167996,-2.00900162694087,36.9718246566796,27664.75
3.25377765004749,-2.01012570247679,37.0264101015039,27674.141
3.25066545813474,-2.01146703832878,37.0891474127251,27683.531
3.2474791426142,-2.00766066080694,37.1739004992667,27692.922
3.2439843292454,-2.01024660778821,37.2346901766398,27702.359
3.24077839493347,-2.01249891648984,37.2726210321949,27711.656
3.23696142012082,-2.0069863477726,37.3325074757404,27721.016
3.23338036958212,-2.01042076155635,37.3705165484489,27730.328
3.22969216040335,-2.01116645164596,37.405300760865,27739.672
3.22603262000069,-2.01159241186452,37.4713125355374,27749.031
3.22173231009682,-2.0093396910471,37.5264824649009,27758.359
3.21782974644384,-2.01176668892204,37.6021400065331,27767.703
3.21381131024329,-2.01087234095729,37.6682103418655,27777.031
3.20923391314205,-2.01355295473512,37.6991501278883,27786.484
3.20468168916393,-2.0133107102547,37.7998491293707,27795.844
3.19990178919092,-2.00881331182453,37.8218616522609,27805.234
3.19510408178849,-2.01141279213267,37.8725969394468,27814.609
3.18992145568424,-2.01165266955311,37.9292295467669,27823.938
3.18462533388959,-2.01277919417842,38.024577676947,27833.328
3.17889416325656,-2.00724770558583,38.0945613683278,27842.703
3.17364547886105,-2.00931198446383,38.1620995301124,27852.063
3.16754334730147,-2.01189184591133,38.2082640386721,27861.453
3.16104398413688,-2.00937017995143,38.2467132448312,27870.797
3.15456965566861,-2.00822475408743,38.2974175958556,27880.188
3.14783421161251,-2.00955964459542,38.3537983784172,27889.563
3.1406435212896,-2.0084344476173,38.4176796147612,27898.891
3.13325733997333,-2.00918989817382,38.4849051505607,27908.281
3.12538366479066,-2.010330043708,38.5415421252432,27917.625
3.11729682595718,-2.01230332059972,38.6149502461079,27927
3.10866834964104,-2.01031798825754,38.701449842761,27936.328
3.09953067496919,-2.00890187780556,38.7776187949869,27945.703
3.09007404417628,-2.01236192892158,38.8398577522224,27955.109
3.07995888807545,-2.00821418389018,38.9359362993933,27964.453
3.06922910173459,-2.01085285124084,38.9886213120507,27973.844
3.05790884711322,-2.00835447864399,39.048763025703,27983.203
3.04628465317725,-2.01046866579088,39.1120034972979,27992.547
3.03428096204045,-2.01063285338038,39.1853845928886,28001.906
3.02111339272369,-2.01356765868389,39.2495350728219,28011.266
3.00772569206858,-2.00747708060149,39.3472450614297,28020.672
2.99405728761223,-2.01130753958461,39.4377310375431,28030
2.97996497269516,-2.01085805782093,39.5640656985035,28039.313
2.96490354409938,-2.01417326459761,39.6336787223091,28048.672
2.94893800431116,-2.01103649022062,39.7244193079153,28058.078
2.93132889532647,-2.01122012527261,39.7815653131987,28067.438
2.91213443625042,-2.01201996026453,39.876391778104,28076.766
2.88915917651897,-2.01081911584964,39.9875233897755,28086.125
2.86206359223555,-2.01203114871203,40.0522488051912,28095.469
2.82899040281744,-2.00941641022159,40.1664341705295,28104.828
2.78873241391842,-2.01089865145006,40.2706646246085,28114.172
2.73840281553131,-2.013799716573,40.3736343836996,28123.563
2.67515312434929,-2.01077999757028,40.4891236096571,28132.906
2.59191896494463,-2.01018692418445,40.5920417372728,28142.313
2.47945073755905,-2.01081785140413,40.6822077962657,28151.656
2.90581950779164,-0.0036915005945417,40.752213532693,28161.188
2.99426643403027,-0.00272178536808791,40.6849519524821,28170.656
3.0595809127004,-0.00189348159117671,40.5493213113769,28180.109
3.11264333396071,-0.00363430059937855,40.4563954143157,28189.672
3.15564075101089,-0.00486878479886143,40.3404953500319,28199.219
3.19114308225274,-0.00257853057466496,40.2423292472515,28208.781
3.22134338476629,-0.00807743719638406,40.0542073112618,28218.344
3.24705591156102,-0.00405659081835508,39.9014279438955,28227.844
3.26948061605856,-0.00271081714517252,39.7456575288496,28237.375
3.28963660590786,-0.000748055656845434,39.575094657819,28247.016
3.30751056570912,-0.00432652990638307,39.448309580601,28256.516
3.32365999690451,-0.00246286450399756,39.3304731138207,28266.016
3.33784044029168,5.3718870150074e-06,39.1598426102162,28275.5
3.35106595046402,-0.00509483730138202,38.9996239129338,28285.172
3.36330359958799,-0.00200659152407614,38.8257432198342,28294.766
3.37425914546938,-0.00295807715286678,38.6552175433705,28304.484
3.38462774433612,-0.00051969005588871,38.5104176892655,28314.094
3.39422841480224,-0.0013199494718731,38.3555984127931,28323.766
3.40284011983282,-0.00189453097070295,38.1805555427218,28333.516
3.41079978784337,-0.000623418613125914,38.0549860192572,28343.25
3.4185237530672,-0.00456321705140811,37.9003555490566,28352.859
3.4256559580125,0.000536479898395683,37.7395469287908,28362.5
3.43286524334022,-0.000225772060675465,37.6168218258478,28372.109
3.43886350568818,-0.00138454428868102,37.4467658065509,28381.828
3.44514821343286,-0.00563991076372635,37.3229216822551,28391.469
3.45081816147233,-0.00174041484738483,37.1404681050501,28401.125
3.45623256427038,-0.00493759848686576,37.0120524039639,28410.719
3.46132920882517,0.000454041231562141,36.8631033420228,28420.406
3.46624878252738,-0.00272883475016533,36.7400989035208,28430.047
3.47116935224745,-0.00302088585795765,36.5914689228052,28439.656
3.47562668331124,-0.00299730965096572,36.423554459107,28449.297
3.47984167206874,-0.00108299303037254,36.3197785800015,28459.031
3.4836747967678,-0.00153128523771462,36.1667718997391,28468.859
3.488259791648,-0.00246186441409052,36.0458662974654,28478.703
3.49200113319895,-0.00423731211379264,35.8586118890449,28488.563
3.49563919793465,-0.00360547966642763,35.7380609027751,28498.344
3.49916145414166,-0.00959135893887964,35.5914226056257,28508.219
3.5026226822412,-0.00159092549445578,35.4541661521219,28518.047
3.50581620276915,0.0010030052573826,35.3332290220483,28527.875
3.50900881922663,-0.00389205445243493,35.1875499268158,28537.656
3.51204344083234,0.000635822517354718,35.0457318663885,28547.469
3.5150157615904,-0.00289088416762889,34.9705851418511,28557.266
3.51791692658729,-0.00319736998110095,34.8545160683509,28566.984
3.67596619043432,-0.00147320650350831,26.2323204053071,28567.984
3.28648922421045,-3.73610438650597,26.2427452503233,28570.531
3.80717029273878,1.51676884560699,26.2882523496276,28573.265
3.82314181563909,1.51162427856782,26.3048205552201,28575.781
3.83270125097622,1.51632747115606,26.2935151293073,28578.312
3.84058855228443,1.51521585227104,26.2882551598941,28580.828
3.84596415468259,1.51560302669515,26.2738056246743,28583.296
3.8504914542316,1.51540866004873,26.2653652085704,28585.75
3.85487408287827,1.5136620210401,26.2615634720108,28588.218
3.85859754646083,1.51383805115248,26.2610128252976,28590.703
3.86150775717253,1.5134948886364,26.2562469542107,28593.234
3.86474880409778,1.51488965989835,26.2494849055135,28595.781
3.86733485372546,1.51409899659368,26.2390776175847,28598.25
3.86980951753081,1.51270335392079,26.2392667994359,28600.734
3.87239964287666,1.51330601577882,26.2229394205505,28603.187
3.87429844825873,1.51393319492789,26.2173614156655,28605.671
3.87634285904489,1.51633079844299,26.2183771450018,28608.14
3.87847621112493,1.51358579003057,26.2125607799295,28610.687
3.88018115909308,1.51494136862566,26.216873304721,28613.156
3.88208952602332,1.51128707283764,26.2096117663336,28615.625
3.88397507110332,1.51475906923528,26.1974367461064,28618.093
3.88556545197591,1.51137855540464,26.1941537892981,28620.562
3.88722264730825,1.51147167652715,26.2010242808059,28623.046
3.88886004498379,1.51443198141863,26.1999135869936,28625.578
3.89043134932055,1.51064348300219,26.1950279948736,28628.093
3.892054188252,1.51285285565739,26.188133613368,28630.625
3.89380403302486,1.51782801250876,26.1972183318606,28633.14
3.89509375820782,1.51112926848944,26.190797029968,28635.64
3.89652143420292,1.51463772809664,26.1839574288581,28638.109
3.89780959037655,1.5138559619574,26.188777736704,28640.578
3.89914828881565,1.51156595983146,26.1919145456879,28643.093
3.90065330383914,1.51245932893261,26.1739367031682,28645.625
3.90225140893706,1.51662682959179,26.1785368654814,28648.14
3.90388616905874,1.51363508377787,26.1791549223368,28650.671
3.90494609236259,1.51356487748602,26.17729566138,28653.187
3.90610543192502,1.51062368216302,26.1754848248528,28655.703
3.90752118072244,1.51536030452774,26.1772101546601,28658.234
3.90911096129318,1.51309742430434,26.1694934993621,28660.75
3.91003091877817,1.5118336395288,26.1703008085677,28663.218
3.91134004707371,1.51384045261688,26.1665384768603,28665.687
3.91237007647033,1.51296394468642,26.173114812195,28668.218
3.91398506760119,1.51043427637899,26.1563066130312,28670.734
3.91516583127173,1.51287693084736,26.1550310967581,28673.265
3.91613557190201,1.51363667653591,26.1599636080074,28675.781
3.91737284736964,1.51457085667039,26.1585340093246,28678.296
3.91867715251339,1.51154022053885,26.1573701420568,28680.828
3.91985456052886,1.51058883765095,26.1610093150094,28683.343
3.92094080670464,1.51482190856013,26.1646371098092,28685.859
3.92252019658582,1.51377665713086,26.1618664580464,28688.39
3.92339084222487,1.51321800609283,26.1525763497396,28690.906
3.92433707702023,1.51370396312924,26.1558079183383,28693.39
3.92521662038922,1.51463899770817,26.1591772025399,28695.859
3.92649425641536,1.5133386211591,26.1489094722133,28698.343
3.92773711895264,1.51590786828516,26.150922235787,28700.859
3.92879457291133,1.51270713489363,26.1649227113959,28703.375
3.92978799790097,1.51586061812913,26.1490790784449,28705.906
3.9306463741175,1.5126269719457,26.1611420479158,28708.421
3.93184705540511,1.51576025635035,26.1589391417343,28710.953
3.93272578974101,1.5140218173859,26.1521741760746,28713.468
3.93364145543014,1.51440416387153,26.1570740013667,28716
3.9348470542317,1.51296538476989,26.1575124431571,28718.515
3.93578576110061,1.51418121467166,26.1481635388129,28721.031
3.93668101523516,1.51353498151103,26.1394465726939,28723.625
3.9379562343646,1.51454517361876,26.1329595020379,28726.109
3.93888218427277,1.51419556839231,26.1336293697334,28728.593
3.93988945447343,1.51290053784423,26.1308662773457,28731.062
3.94059680701415,1.51547424801602,26.1463313291375,28733.546
3.94169883451208,1.51299546145414,26.1591993832539,28736.015
3.94247755533922,1.51271204904054,26.1629627428016,28738.531
3.943374496224,1.51356557899712,26.1659981593846,28741.046
3.9442449751267,1.51205834242389,26.1605887729199,28743.578
3.94534065277005,1.51215709878994,26.1614708789512,28746.046
3.94611496435842,1.51241259953774,26.1692139266617,28748.515
3.94690305226353,1.51206173839119,26.1672447342064,28750.984
3.94801336228006,1.51432247668118,26.1736468483923,28753.515
3.9485563209953,1.51198534102863,26.1740461495414,28756.031
3.94931751797107,1.51261005827151,26.1794693214939,28758.562
3.95042300228929,1.51657301936275,26.1770943992843,28761.078
3.9512858903749,1.51384876265205,26.1785279170472,28763.593
3.95145593226885,1.51437957895822,26.1721682691176,28766.125
3.95290160501873,1.5165156271798,26.1748341341304,28768.64
3.95358968531515,1.5092688984893,26.1666924079964,28771.171
3.95382889286746,1.51514229949123,26.1773293559988,28773.687
3.95501816326154,1.51097964922978,26.180649363144,28776.218
3.95573607963904,1.51622736339027,26.177108899236,28778.734
3.95654106770847,1.51237281757884,26.1803660434248,28781.234
3.95799396588338,1.51164358248279,26.1826675751806,28783.796
3.95810441069009,1.51556656521108,26.1819003111299,28786.343
3.95874064466192,1.51651707453544,26.1812096974204,28788.859
3.95970016211137,1.51218949389414,26.1789994882906,28791.39
3.96018853135892,1.51391087164066,26.1861085514274,28793.906
3.96111131477564,1.50918380084112,26.1853816522444,28796.437
3.96192761462057,1.51090549946622,26.1824244454818,28798.953
3.96257597208367,1.51072276726246,26.1905971204953,28801.468
3.9630584565503,1.51590420120264,26.1767499752278,28804
3.96387392014943,1.51278369701906,26.1792723043386,28806.515
3.96437520888688,1.50985660769994,26.1924372911508,28809.046
3.96514846297944,1.51146875398553,26.1928172659204,28811.562
3.96585021325279,1.51081972250382,26.1961678060615,28814.093
3.96688669890543,1.5118240905877,26.1995147515991,28816.609
3.96724799626606,1.5144740810315,26.1948769109041,28819.078
3.9677996825341,1.51350970592753,26.2027167431549,28821.546
3.96849639329847,1.51367941844341,26.1946587091025,28824.015
3.969393427272,1.51537891995244,26.2018493724506,28826.5
3.96988392686319,1.51189253928304,26.2043473414511,28828.984
3.9700235801674,1.51921688039079,26.200752358503,28831.468
3.97080465569011,1.5137429177584,26.204944021319,28833.953
3.97141742211227,1.51304198229489,26.2102992771895,28836.421
3.97231445584168,1.51370533313457,26.2112115720053,28838.89
3.97282889979773,1.51436520680873,26.2125793305276,28841.421
3.97355937818018,1.51372152453983,26.2148639171031,28843.937
3.97407992603034,1.51280238236336,26.2266084242711,28846.453
3.97471436598671,1.51170859452346,26.2185201647324,28848.984
3.97540059549474,1.51315444560584,26.2236214416687,28851.5
3.97595479970489,1.51195482961861,26.2236726356993,28854.031
3.97657395849756,1.51462188104919,26.2259980141003,28856.546
3.97675662614168,1.52018518248095,26.2297639112129,28859.078
3.97784190575001,1.51708162644012,26.2395164968451,28861.593
3.97811535230832,1.51585505274032,26.2381885998036,28864.109
3.97909295510435,1.51325956379018,26.24028747485,28866.64
3.9792847249063,1.51474954887371,26.2418572593471,28869.156
3.98023187767563,1.51243499616417,26.2400048960079,28871.687
3.98051263043277,1.5143074064971,26.242092262418,28874.171
3.9814094424048,1.51350332781928,26.2479451818454,28876.64
3.98114503377543,1.51673584033783,26.2528338564495,28879.171
3.98225940286017,1.51236026046597,26.2550557745467,28881.687
3.98258556441187,1.51390040039263,26.2623454731897,28884.203
3.98335638029326,1.51181496680453,26.2635650175671,28886.734
3.98391302535371,1.5123252379816,26.2703374018073,28889.25
3.9842803723793,1.5131471028939,26.2698079200971,28891.781
3.98488054133531,1.51466011286341,26.2655648540417,28894.296
3.98557384059525,1.51554484932718,26.2791876868668,28896.828
3.9857331110721,1.51166662566039,26.2778994340846,28899.343
3.98631995579741,1.5128450002495,26.2762282464945,28901.859
3.98687283972815,1.51401932828132,26.2754717952747,28904.39
3.98742522389178,1.51315928537265,26.2855265413942,28906.937
3.98792190243006,1.51333870156819,26.2841953386903,28909.453
3.988296130185,1.51285868465867,26.2875346377793,28911.984
3.98889236728092,1.51329963099451,26.2885939386249,28914.5
3.98954891903328,1.51422959092143,26.290483550443,28917.031
3.98987962450929,1.51509055379746,26.3011129687868,28919.546
3.99024850761204,1.51355809852994,26.296922880677,28922.078
3.99062199712636,1.51653534022902,26.2976223670946,28924.593
3.991521758216,1.51265260791838,26.3015560679909,28927.109
3.99157728393586,1.51313700445057,26.301189047865,28929.578
3.99209196051777,1.51444446543053,26.3163810928755,28932.14
3.9928458575198,1.51323283919434,26.315019127457,28934.609
3.99295462269332,1.5157032214038,26.3193295645619,28937.078
3.99389706860714,1.5116272775025,26.3101480275924,28939.546
3.99384806048705,1.51461763398046,26.3235613379855,28942.062
3.99444662791595,1.51456986363227,26.3222080237524,28944.593
3.99472513684125,1.51149078807443,26.3244185392517,28947.109
3.99514076546842,1.51587221073552,26.3213063265152,28949.64
3.99569290784605,1.51498444635436,26.3200002770799,28952.156
3.99596889243785,1.51292652095803,26.3229849748378,28954.671
3.99634578445794,1.51023376254869,26.3232448348863,28957.203
3.99688639837583,1.51274037721452,26.3303560414815,28959.718
3.99729228437608,1.51279058309734,26.339233288492,28962.25
3.99781162414303,1.51164156000049,26.3339175429961,28964.765
3.99817800592635,1.51342909604365,26.3441796575504,28967.296
3.99849572065719,1.51347973795296,26.3407978641723,28969.812
3.99889650955519,1.51519325863458,26.3436779531099,28972.343
3.99949402532712,1.51194445535905,26.3480386770563,28974.859
3.99992737703161,1.51479518057267,26.3519005441497,28977.375
4.00009370693097,1.51177586571983,26.3559102023678,28979.906
4.00025839441002,1.50842856319354,26.3631450008935,28982.421
4.00078206686458,1.51460907657496,26.3637334096518,28984.953
4.00141237212705,1.51285920291857,26.369178095055,28987.468
4.00148659790474,1.51247389578973,26.3756127404428,28990
4.00213379140972,1.50962741092565,26.3824552550015,28992.546
4.00244505301658,1.51515610663836,26.3873457376206,28995.015
4.0029217336584,1.51558846851524,26.3731276100223,28997.515
4.00339595594992,1.51402701105072,26.3806265810345,29000.031
4.00359294668888,1.51533446636689,26.3853819203891,29002.562
4.00401292749959,1.5135566399956,26.3892282264833,29005.078
4.00451151551219,1.51188478992877,26.3897903697772,29007.609
4.00473249882932,1.51569264955967,26.3950058980119,29010.125
4.00513221969797,1.51497769717106,26.3976500298963,29012.656
4.00554552742403,1.51152350204525,26.3896273240902,29015.171
4.00577442848356,1.51479377105298,26.3917598238257,29017.703
4.00633722451316,1.51377447838128,26.3974948344862,29020.218
4.00658121761433,1.5136550734632,26.4030210519848,29022.75
4.00724484800514,1.51492108398293,26.4099387790441,29025.265
4.00717202044229,1.51407988482325,26.4077796372755,29027.796
4.00795657942996,1.51395705182091,26.4095064758458,29030.312
4.00822585863531,1.51523614101988,26.4157964242919,29032.843
4.00877830828074,1.51236084923416,26.4189873949575,29035.359
4.00906876770918,1.51422469027778,26.4239566404331,29037.875
4.00935969067562,1.5131681111507,26.4310669939625,29040.406
4.00990846767346,1.5132108254904,26.4401399253189,29042.921
4.01004590337452,1.51183178458559,26.4442775532043,29045.453
4.01038384328674,1.51495211970772,26.4449378632295,29047.968
4.01057778395679,1.51471721415555,26.4430208906216,29050.484
4.01113996537636,1.51723862154639,26.440634294995,29053.015
4.01156551924146,1.51371427354943,26.4510614581793,29055.531
4.0118704675138,1.51154430363564,26.446676271621,29058.062
4.01230228396683,1.51856082601593,26.4527063189399,29060.531
4.01239898713517,1.51374274612012,26.4641149694534,29063
4.01296672958093,1.5144433060692,26.4640399744231,29065.468
4.01341178996246,1.5141190792036,26.4604915403997,29067.937
4.01402744233148,1.51039348536983,26.4719029303297,29070.406
4.01409188298252,1.51303773800378,26.4778833983108,29072.937
4.01434613645196,1.50893359802239,26.4816166227288,29075.453
4.0146828003794,1.51296631052264,26.4856392125617,29077.984
4.01504604718256,1.51837834320551,26.4840093399689,29080.453
4.01532131699201,1.51540300105013,26.4783890814898,29083.031
4.01596559011192,1.51677395358189,26.4952829400452,29085.5
4.01607057757234,1.51295121674576,26.5019565220493,29087.968
4.01636655017107,1.51522612285683,26.5036111675822,29090.453
4.01695242794645,1.516875300396,26.5014858289555,29092.984
4.01718155939067,1.51195422494625,26.4987833703091,29095.5
4.01753778461133,1.51223046997857,26.4993881346142,29098.031
4.01802506115391,1.51297651212492,26.4997519646718,29100.546
4.01817901702914,1.51393720597533,26.5066511937697,29103.062
4.01864982598113,1.51340929605236,26.5164772955443,29105.593
4.01886127761566,1.51410643459453,26.5255671539995,29108.109
4.01929304278013,1.51711247925657,26.5286819093255,29110.64
4.01945631872904,1.51399504394531,26.5340537658818,29113.156
4.02007874479232,1.51325389748872,26.5330892330123,29115.687
4.02057208549861,1.51432497022455,26.5335099129504,29118.203
4.02075089095819,1.51381509314996,26.5302926761938,29120.734
4.02107481210523,1.51404361602605,26.5405230713468,29123.25
4.02161965694963,1.51255845506958,26.5475338733591,29125.796
4.02171575868281,1.5158948364867,26.5512631757597,29128.265
4.02214104399279,1.51133337169623,26.554515276391,29130.734
4.02255351572032,1.51614050441189,26.5534172895289,29133.203
4.02287653273881,1.51195497536701,26.5490931079931,29135.734
4.02317827251042,1.51514688131953,26.5535338088196,29138.25
4.0237518309957,1.51176619685711,26.5549659591993,29140.765
4.02397499866606,1.51392532787735,26.5556465772163,29143.296
4.02427395522769,1.5152380018215,26.5629349057613,29145.812
4.02460330295952,1.5121730940135,26.5696898671171,29148.343
4.02489282248017,1.51253481381939,26.5731097394781,29150.859
4.02558022898234,1.51430468999293,26.5772458475694,29153.39
4.02582510495666,1.5115119171083,26.5746811999498,29155.906
4.02606395908339,1.51442157487465,26.5780861418694,29158.437
4.02634939306847,1.51506142153072,26.5865077271456,29160.953
4.02697576868711,1.51310727823695,26.5913878973943,29163.484
4.02705101367418,1.51256427108472,26.5836477084203,29166
4.02761569428661,1.51349164315781,26.5846765109895,29168.515
4.02784461834984,1.51396806549695,26.5886121864839,29171.046
4.02796041439647,1.51449220494068,26.5856390093007,29173.562
4.02865545987599,1.51278559188181,26.593511174598,29176.093
4.02865258476714,1.51303773812178,26.5872819904262,29178.609
4.02921210481294,1.51398645277747,26.5927398887322,29181.14
4.02931840242073,1.51085038049706,26.5963754390803,29183.656
4.02974032175972,1.51210130105248,26.5954510888115,29186.171
4.03022821335184,1.5139672621604,26.6040655068264,29188.703
4.03047970744563,1.51222919307043,26.6106303538262,29191.218
4.03107549068445,1.5139771409486,26.6156211492773,29193.687
4.03138096074803,1.51575107737868,26.6080208395316,29196.171
4.03167987706971,1.51066475133066,26.6175728454889,29198.64
4.03190400662896,1.51324712945475,26.6207676646685,29201.109
4.03234858161323,1.51150145831713,26.6262996600652,29203.578
4.03260168644152,1.51250929150036,26.6355772779634,29206.109
4.03316525601102,1.51530880960558,26.6392243589656,29208.625
4.03329444274203,1.51173946940363,26.6338577413079,29211.14
4.03368882616786,1.51400893787917,26.6400863675,29213.671
4.03425276059026,1.51402611629278,26.6582417426994,29216.187
4.03418363522403,1.51241586795387,26.6470528826575,29218.687
4.03490519787092,1.51344188276359,26.6488723449525,29221.156
4.03491999099002,1.51253315930963,26.6440381949154,29223.64
4.0354788582736,1.51359097123861,26.6536735659873,29226.203
4.03552895430349,1.51518006586186,26.6597799165805,29228.718
4.03609932963883,1.51361757214446,26.668627124521,29231.25
4.03652425834436,1.51259703440243,26.6711773837719,29233.765
4.03672064120016,1.51559740377207,26.6787949227248,29236.281
4.03728093703119,1.51523211796295,26.6781290585209,29238.812
4.03740624301271,1.51493959915744,26.6818167332576,29241.328
4.03789674722351,1.51423667824909,26.6672568470216,29243.859
4.03816621243764,1.51578998473733,26.672013059194,29246.375
4.03856794900399,1.51359011996696,26.6730647495943,29248.906
4.03879620616736,1.51377413493596,26.6850879761537,29251.421
4.03927955416526,1.5146789679381,26.6890694558954,29253.953
4.03969094524408,1.51194307243543,26.6910623873932,29256.468
4.0399985534927,1.51324844631135,26.6974301962062,29258.937
4.04043880311335,1.5132107882488,26.7080084205891,29261.421
4.04032490909045,1.51421807900479,26.7132384409574,29263.875
4.0408596578029,1.51169718195484,26.7198127869798,29266.343
4.04094880912803,1.51195855797645,26.7287778326243,29268.828
4.04133994108225,1.51213085321019,26.7157010743622,29271.359
4.04187707950169,1.51423030348694,26.725905965472,29273.875
4.04234031729939,1.51562239409798,26.7367314183889,29276.39
4.04247655800851,1.51334338860558,26.7471282306722,29278.921
4.04294129222308,1.51418399763488,26.7360114931659,29281.437
4.04334078814327,1.51096150040451,26.7342703645663,29283.968
4.04322048999402,1.5129066183061,26.746508456117,29286.484
4.04344822711989,1.50989752498268,26.7474648598306,29289.031
4.04417938772837,1.51358451403122,26.7393665293573,29291.562
4.04455636937656,1.51553367755564,26.751093217706,29294.078
4.04473340013902,1.51403697184353,26.7514394767914,29296.609
4.04534184207817,1.51366608455461,26.7533795905662,29299.125
4.04548096492559,1.51444722579455,26.7491773292322,29301.64
4.04583989084969,1.50928108054118,26.7579446416972,29304.171
4.04630140102605,1.51407660944423,26.7671704672473,29306.687
4.04672333399946,1.5144347472906,26.7494203897144,29309.218
4.04683535612308,1.51260520850001,26.7497058082167,29311.734
4.04716637238009,1.51244916410531,26.7588294231043,29314.265
4.04760611903317,1.51484588062276,26.7424163087705,29316.718
4.04811074882082,1.51411604048389,26.7492946246728,29319.187
4.04847028558155,1.51376897924677,26.7672415443562,29321.718
4.04882389851451,1.51303588463489,26.7636736974037,29324.234
4.04866970274573,1.51179458122363,26.7700184489601,29326.765
4.04927609057164,1.51455703870768,26.7753865753829,29329.281
4.04955723571042,1.51328925871103,26.7875892662151,29331.812
4.04995363034077,1.51216786118358,26.7905621674376,29334.328
4.05027281228663,1.51395490405553,26.8050052032783,29336.843
4.05086580481693,1.51464842304934,26.8063463879498,29339.375
4.0509522814528,1.51405495359554,26.8156920618173,29341.89
4.05130050088771,1.51527568188959,26.8224646359104,29344.421
4.05186631252705,1.51328016656547,26.8334139750637,29346.937
4.05215205441317,1.51633067045666,26.8299472589123,29349.468
4.05250685689786,1.51373989952903,26.8340010776533,29351.984
4.05276063660879,1.51098364662718,26.8301105844081,29354.515
4.05306730553455,1.51275681433764,26.8359323189083,29357.031
4.05337820506346,1.51182713543257,26.8376608384481,29359.562
4.05366979192862,1.5123368846018,26.836102511923,29362.078
4.05402985119075,1.5123913774402,26.8468458935362,29364.609
4.05438552891879,1.51553917935231,26.8465998848921,29367.125
4.05466269114038,1.51590768659911,26.8504224161379,29369.64
4.05508228811369,1.51192416028776,26.8541909955526,29372.171
4.05547074398673,1.51629310403401,26.8439077666008,29374.687
4.0557695393616,1.50975951209915,26.8488023811878,29377.218
4.0562144836705,1.51320924966709,26.8643611770591,29379.734
4.05641202009481,1.51304424650998,26.8639795314619,29382.203
4.05710885325261,1.51271996349472,26.8662708193221,29384.671
4.0568317448608,1.51387783595387,26.8695937466678,29387.14
4.05745371436703,1.51127581099596,26.8833703819547,29389.625
4.05755239541854,1.51699776549843,26.8826187823172,29392.093
4.05786465095625,1.51198398790802,26.8934549354242,29394.609
4.05821517004657,1.51244490458668,26.8873942659569,29397.125
4.05887549022909,1.51382219563052,26.889945186091,29399.656
4.05896686354428,1.51073962226336,26.895296338613,29402.171
4.05936772270248,1.51452688279843,26.8960627701731,29404.718
4.05948411081757,1.51109485644088,26.9005282347153,29407.281
4.05999012675853,1.5125092106367,26.9147124630927,29409.75
4.06023111619932,1.50968874406491,26.915656651082,29412.218
4.06069481247876,1.51212942636115,26.9108468179062,29414.687
4.06087463096792,1.51171571194987,26.9149223640023,29417.14
4.06132128690063,1.51311254797069,26.9199719303975,29419.609
4.06174794270529,1.51531560707104,26.917527391291,29422.14
4.06188711896092,1.51097021091976,26.9249912867108,29424.656
4.06223724989785,1.51399614586608,26.9297495106114,29427.187
4.06256949733828,1.51324790612576,26.9369438201047,29429.703
4.06307463087888,1.51408918793735,26.9253769465441,29432.234
4.06350846942477,1.51504138637571,26.9305242183119,29434.75
4.06349589826768,1.5126876155501,26.9248301034628,29437.281
4.06368487675743,1.51485643030445,26.9234008441846,29439.796
4.06440461268014,1.51399033885053,26.9480593807546,29442.328
4.06470186788411,1.51300190215199,26.9643920761076,29444.843
4.0649458462655,1.51216668867398,26.9726754097381,29447.375
4.06539017273643,1.51507778646747,26.974067557168,29449.89
4.06577005686269,1.51274866286473,26.9802640027975,29452.421
4.06611339162833,1.51277780520551,26.9748870491237,29454.937
4.06610587070726,1.51527992449077,26.9640499130167,29457.468
4.06663542879642,1.51504991552756,26.9555402345447,29459.984
4.06691577862693,1.51555387298512,26.9687910303338,29462.5
4.06740344849475,1.51417196778102,26.9699614317961,29465.031
4.06763653376384,1.51418973732325,26.9744483470011,29467.546
4.06775457242281,1.51308592552855,26.9857561661807,29470.078
4.06843619244448,1.51333927531459,26.9846185108874,29472.593
4.06869751964205,1.51308305746437,26.9929635867813,29475.109
4.06892355425392,1.5106228029551,27.0021978085192,29477.64
4.06936155048044,1.51327338592278,27.0037520163792,29480.187
4.06992544571847,1.51028690624756,27.0060649878822,29482.718
4.06999321041775,1.51253878712637,27.0106193554659,29485.234
4.07031785384031,1.51110676912459,27.017645724961,29487.765
4.07055214570093,1.51483879511928,27.0189807369406,29490.281
4.07081420817392,1.51301771394048,27.0213191636527,29492.796
4.07122891667498,1.51058301100431,27.0318264854987,29495.328
4.07153906954639,1.5159195206121,27.0297881033538,29497.843
4.07210972308482,1.51440649997653,27.0399106656929,29500.375
4.07214699471634,1.51173614753671,27.0409349828098,29502.89
4.07275951316783,1.51172526995288,27.0388611194818,29505.406
4.07289199766016,1.51122690982742,27.0498901700642,29507.937
4.0734834436843,1.51474892411553,27.0529919287412,29510.484
4.07351334017446,1.51525685345395,27.0568388671446,29512.953
4.07393781164972,1.51410429834429,27.0612656532659,29515.437
4.07429927700792,1.51103865967773,27.0720339803134,29517.906
4.07442063041731,1.51344150275265,27.0734589550867,29520.375
4.0750028645933,1.51379351426333,27.0793924095011,29522.843
4.07521015363079,1.51663930903782,27.0789330699479,29525.375
4.07548457058743,1.51477787074906,27.0756974887637,29527.89
4.07589479123093,1.51450661288974,27.0786046853934,29530.406
4.0765959518028,1.51198669387595,27.0897979946749,29532.937
4.07660031508335,1.51403339737683,27.0885654058803,29535.453
4.07690236067953,1.51268317357511,27.0939990455132,29537.984
4.07743665272316,1.51216018371328,27.1017968826101,29540.5
4.07759918215244,1.51535346709311,27.1041249795443,29543.031
4.07793569320185,1.51309078808827,27.1029895617178,29545.546
4.07825632153152,1.51341054268211,27.0924796870149,29548.062
4.0787124298559,1.51273377466154,27.0972549750036,29550.625
4.07910771041737,1.51245857876418,27.1058329579064,29553.14
4.07913007526091,1.51333099637163,27.1185535059357,29555.656
4.07995156013971,1.51314804655809,27.1171401229713,29558.187
4.08003841603065,1.51415942706023,27.1350590432646,29560.703
4.08026090386889,1.51323055196178,27.1454443430914,29563.234
4.0810047719898,1.51283022724823,27.1532351270131,29565.75
4.08090233160871,1.51211290725145,27.1588060519341,29568.281
4.08125047006049,1.51424714476249,27.1559289199461,29570.796
4.08170087345876,1.51418296122763,27.1621662319743,29573.328
4.08207212161687,1.51254488376991,27.1609873706915,29575.843
4.08235473618235,1.51356158072026,27.168214033311,29578.375
4.08291508073642,1.51330416376519,27.1705213288461,29580.89
4.08322043460812,1.50898909049855,27.1688486545083,29583.421
4.08359589157478,1.51439717720653,27.1702150468849,29585.937
4.08388349609695,1.51375712460804,27.1654671160486,29588.453
4.0839686590121,1.51288265786026,27.1655415437614,29590.984
4.08457538708623,1.51339250302918,27.174555823171,29593.5
4.08444445905834,1.51376006356272,27.1797633613242,29596.031
4.08500069816593,1.51312959042774,27.1829897964171,29598.546
4.08546257280237,1.51393676532044,27.1918295544511,29601.078
4.0859423574145,1.51030977601926,27.1918614625419,29603.593
4.08614074435275,1.51426369243778,27.1898977383898,29606.062
4.08640906255362,1.51107131408341,27.1971347058465,29608.546
4.08684242748701,1.51412690857854,27.2047211170891,29611.015
4.08706065047591,1.51679902178475,27.2052360808366,29613.546
4.08758942704414,1.51400539933813,27.2057950729496,29616.125
4.08799928928075,1.511646765176,27.2240202204239,29618.593
4.08837362651046,1.51313408469773,27.2277947539261,29621.078
4.08836007506635,1.51726531897897,27.2220194848482,29623.546
4.08864974212753,1.51821964322073,27.2303287453727,29626.015
4.08940980223746,1.51113788021408,27.2296810843744,29628.484
4.08942515373604,1.51239511237865,27.2349792731045,29631.015
4.09000515629467,1.51102727847677,27.2408937303682,29633.531
4.09017806895709,1.516136042761,27.2506604424563,29636.062
4.09048057359618,1.51429775040583,27.2553203566571,29638.578
4.09098638991205,1.51391538256468,27.2591141619368,29641.093
4.09135717703974,1.51461670870761,27.2643666747486,29643.625
4.09154439758603,1.51442260839498,27.2787514917832,29646.14
4.09216059307902,1.51205582240959,27.2780633545123,29648.671
4.09231646324249,1.5116442153288,27.285387917524,29651.187
4.09275630944549,1.5137409446784,27.2807300038983,29653.718
4.09331856206063,1.51386965037977,27.2756700449004,29656.296
4.09359472719223,1.51421616822757,27.2777655718824,29658.765
4.09371178796809,1.51271161618479,27.2727558919331,29661.281
4.0940916262878,1.51127528579816,27.2850261510008,29663.75
4.09458452028537,1.51599632406871,27.2930333170933,29666.218
4.09472829425291,1.51329484712794,27.283415500033,29668.718
4.0953668411307,1.51584681389743,27.2970658681683,29671.25
4.0955307995584,1.51336768809091,27.3061068802492,29673.765
4.09589774484172,1.51618439431018,27.3148413541402,29676.296
4.09634403425525,1.51558879133127,27.3233920099896,29678.812
4.09644459204203,1.51240738344296,27.3269391632879,29681.343
4.09687526259767,1.51284529254566,27.3356176645117,29683.859
4.09753411466605,1.51181722379937,27.3504504394615,29686.39
4.09794609793663,1.51417994775567,27.3460844881077,29688.906
4.09818571882975,1.51279491023948,27.3428313297484,29691.421
4.09840725891329,1.5135545360242,27.345706217288,29693.953
4.09885611161725,1.51250023398,27.3554132738266,29696.468
4.0989874419924,1.51682893595351,27.3565972964258,29699
4.09958523628297,1.5155061207868,27.3593697311796,29701.515
4.09975799466443,1.51356242553827,27.3528015084824,29704.046
4.10016481153667,1.51250162526872,27.3655442472566,29706.562
4.10038906986602,1.51366943580121,27.3694399072185,29709.093
4.10109903219873,1.51363167239556,27.3697146859253,29711.609
4.10114691044027,1.51481901783696,27.3765449247179,29714.125
4.10155849961017,1.51333210524749,27.385368865637,29716.656
4.10208843256115,1.51504995943718,27.3969317768039,29719.171
4.10224412685566,1.51440627253013,27.3988931401481,29721.703
4.10259529076125,1.51142509687863,27.4079887195243,29724.218
4.10302628957906,1.51066666836639,27.412998603495,29726.75
4.10344176467521,1.5114368875892,27.4197374894792,29729.265
4.10351770996539,1.51149026884436,27.4190086621408,29731.734
4.10413963745804,1.51220875647862,27.4243485376455,29734.203
4.10449745022246,1.51474095197303,27.4266703608892,29736.671
4.10493870418248,1.5132885205809,27.4314275045896,29739.156
4.10530145482948,1.51450583829864,27.4270820476096,29741.625
4.10556397817144,1.51071070211223,27.420102323556,29744.14
4.10604955531918,1.51415009813644,27.4419933594886,29746.671
4.1064876674593,1.51408081195362,27.444980002185,29749.187
4.10672372349595,1.51354283380258,27.4481662572443,29751.656
4.10712277732566,1.51420150120751,27.4564157160288,29754.171
4.10745438269096,1.51230512246862,27.4572068854992,29756.656
4.10770766259435,1.51411827166814,27.4720224974908,29759.125
4.10819470437583,1.51154589296878,27.4597916531611,29761.64
4.10856518015598,1.51200039814005,27.4761941585234,29764.125
4.10870223706966,1.51378834937748,27.4798984566719,29766.593
4.10947590913384,1.51412788752021,27.4843345092265,29769.062
4.10949165909784,1.51246513525264,27.4908714220169,29771.531
4.10987277029616,1.51352756961663,27.4827793097593,29774
4.1103110937572,1.51168471217898,27.4701837900424,29776.531
4.11088539910088,1.51250211230676,27.469385581146,29779.046
4.11087884292785,1.51426796692894,27.4860338142027,29781.578
4.11187186400468,1.51179341997536,27.4871999194884,29784.093
4.11174656223499,1.51200554467593,27.5132984486915,29786.609
4.11219096179359,1.5140962223561,27.5172631299605,29789.14
4.11276518423781,1.5131519353806,27.5141892734686,29791.656
4.11294613632335,1.51154158832362,27.526487053593,29794.187
4.11336930757969,1.51453459292118,27.5335316988542,29796.703
4.11365344989658,1.51389860469135,27.5413008317631,29799.234
4.11403154711696,1.51157098835106,27.5453864676336,29801.75
4.11450422260236,1.51390078621615,27.5551917511011,29804.281
4.11489466188183,1.50955047562433,27.5630805834396,29806.796
4.11533402679158,1.51056548592779,27.5619968355866,29809.328
4.11568706448719,1.51272818215083,27.5671004252176,29811.843
4.11595857493915,1.51311644917944,27.5779907810296,29814.375
4.1162408815812,1.51426593010769,27.5844318064399,29816.89
4.11682451657673,1.5169323669181,27.5883144284652,29819.406
4.11705127114252,1.51322874106784,27.5908314373198,29821.937
4.11714148048639,1.51149908180736,27.5870477477541,29824.453
4.11796065493686,1.51090161076273,27.5945570000291,29826.921
4.11835070020913,1.51356666365715,27.5914911464546,29829.406
4.1185723009934,1.51534913984438,27.5980740430162,29831.875
4.11889664324651,1.51096368125894,27.6041185577172,29834.343
4.11937733055229,1.51278312097093,27.601983830982,29836.812
4.11971478404753,1.5122716268172,27.610437362305,29839.343
4.12007066635355,1.51462859230579,27.6216090023052,29841.859
4.12043543330125,1.5150505332642,27.6194422173822,29844.39
4.12088318587583,1.51199156697898,27.6229841548205,29846.906
4.12113684392395,1.51290638347268,27.6306320020682,29849.406
4.12175483014514,1.50952732999202,27.6339138018559,29851.89
4.12220375959982,1.51563104400646,27.6377394940606,29854.359
4.12229559048147,1.51210833523194,27.6442832362944,29856.843
4.12267428053126,1.51408652873609,27.6500603673996,29859.296
4.12311869164603,1.51365670523297,27.6486345304827,29861.781
4.12372289767135,1.51227003835276,27.6480266996003,29864.25
4.12401854394102,1.51278040919486,27.6581527044962,29866.765
4.12436481545053,1.51670016203591,27.6487317460429,29869.296
4.12470602785072,1.51547591668509,27.6604594435974,29871.812
4.12486291491059,1.51297013846892,27.6666849151635,29874.343
4.12549961071597,1.51501779356596,27.6712142835873,29876.859
4.12574570024615,1.51423335257827,27.6795022546343,29879.375
4.12612980399661,1.5145658945578,27.6891202069656,29881.906
4.12653989219344,1.5141239463412,27.697077557415,29884.421
4.12684301222822,1.5129481778448,27.6934529378137,29886.953
4.12713498121027,1.51372951057424,27.6932271036823,29889.468
4.1276631178784,1.51442898806821,27.690603276652,29892
4.12796899557845,1.51532713336751,27.7001779289859,29894.515
4.12840827246001,1.51055780682802,27.7071442955462,29897.031
4.12901290290656,1.51358955633418,27.7100908903157,29899.562
4.12940264026282,1.51268940853787,27.7198380433039,29902.078
4.12916556679524,1.51480918333293,27.7266196830735,29904.609
4.13003722062228,1.51310294671754,27.734476683715,29907.125
4.13063371082688,1.50864035177494,27.752051498736,29909.656
4.13063907228216,1.51357917835261,27.7546624120396,29912.171
4.13095965449974,1.51250492600321,27.7682431392446,29914.687
4.13168422801454,1.51472411954526,27.7773588982429,29917.156
4.13195670154462,1.51269747571194,27.7779094911125,29919.64
4.13223936679589,1.51417450241229,27.7793154776945,29922.109
4.1324870815122,1.51483825933748,27.7887244945304,29924.578
4.13305166985098,1.51256036925163,27.7832727129308,29927.046
4.13333160504235,1.51367319907351,27.7766810350177,29929.562
4.13363691838306,1.51673505668794,27.7835985001547,29932.093
4.13414032740171,1.51302142846663,27.7839780811728,29934.609
4.13433792816874,1.51281614038532,27.7867892454516,29937.203
4.13483806299067,1.51537914835574,27.7989287193943,29939.671
4.13538188444677,1.51166652301933,27.8063435982506,29942.14
4.13562463083121,1.51486835932269,27.8055854710151,29944.625
4.13582883649089,1.51367019572351,27.8047318424317,29947.093
4.13612883777718,1.50955418936236,27.8138591887549,29949.625
4.13672760830802,1.51416560739884,27.8227877766412,29952.14
4.13714168449229,1.51326475267057,27.8261929333762,29954.671
4.13746493702856,1.51306309354854,27.8315633834237,29957.187
4.13758469493136,1.51259886780833,27.8378203568715,29959.703
4.13817636953845,1.51297627528773,27.8465445903554,29962.234
4.13867353654944,1.51600915389313,27.8636755048653,29964.75
4.13892116026648,1.51117568079196,27.869373527464,29967.281
4.13942705195224,1.51467569752655,27.873553004773,29969.796
4.13991242529836,1.51442410795065,27.8819342128958,29972.328
4.14037637594152,1.51470879708896,27.8778728180372,29974.843
4.1407164005044,1.51365884574511,27.8783753509882,29977.359
4.14093388527468,1.5116558848455,27.8750456578167,29979.89
4.14136502905704,1.51413119254706,27.8710633185913,29982.406
4.1414570649499,1.51375347678576,27.8743991446164,29984.937
4.14202191804916,1.51298733098185,27.8801034268137,29987.453
4.14245496434556,1.51096473714713,27.8862733850527,29989.968
4.14279304344583,1.51219678720153,27.8964487291427,29992.5
4.1431914260076,1.51463052254084,27.9040672158285,29995.015
4.14373126968457,1.51283748145999,27.9160069394369,29997.546
4.14384821370023,1.51376145598727,27.9115241629782,30000.062
4.14440857468327,1.51622423047068,27.9210272336501,30002.593
4.14491095252732,1.51425724920686,27.9153135154625,30005.109
4.14527205248127,1.51576177015473,27.930977718521,30007.578
4.14553938552902,1.51167136502851,27.940484905148,30010.046
4.14593974795274,1.51182063427272,27.946677853706,30012.515
4.14630546398833,1.51375645562991,27.948347833476,30014.984
4.14655744205594,1.51191882882047,27.9592810869117,30017.453
4.14697373572746,1.51353750969713,27.9633031158786,30020.046
4.14719275955689,1.51288015144753,27.9765816095119,30022.5
4.14791846226956,1.51568176559855,27.9729950927677,30025
4.1481670427734,1.51584041112968,27.980106174279,30027.468
4.14850702938963,1.51496892493946,27.9719998185542,30029.953
4.14891478573251,1.5118716264096,27.9842322403979,30032.421
4.14920691879997,1.51363791501648,27.9876592199328,30034.89
4.14940597759048,1.51430806492544,27.9957232739363,30037.359
4.14997183363341,1.5121661650461,28.0082193666686,30039.89
4.15016077333836,1.51542192833921,28.0174183932778,30042.406
4.15060367391401,1.51400503276408,28.0284408898379,30044.937
4.15099509704027,1.51346553648179,28.0241083347164,30047.453
4.15091806664306,1.51172401401242,28.0202881343489,30049.984
4.15235210383242,1.51499821306005,28.0266850466192,30052.5
4.15175704119097,1.5104653779539,28.0310939396131,30055.015
4.15262182582915,1.512664894766,28.0264630574063,30057.546
4.15323331129846,1.5151533222865,28.0442069502642,30060.062
4.15323985982384,1.51100499004249,28.0534634167259,30062.593
4.15385273169427,1.51535264442845,28.0615070183207,30065.109
4.15389561063641,1.51256592905014,28.0647164295802,30067.64
4.15431542010907,1.51198112249939,28.0717202865948,30070.156
4.15486248749789,1.51595801375133,28.0721165054778,30072.671
4.15524925962559,1.51222512864112,28.0773432516662,30075.203
4.15543938884534,1.51197656882584,28.0829920671064,30077.718
4.15601820682368,1.51318767727979,28.0965648196138,30080.25
4.15635909702548,1.51255292513592,28.1030493131582,30082.765
4.1566739131385,1.51652625291244,28.100882227137,30085.281
4.15663240229959,1.51393473672429,28.1034121021424,30087.812
4.15724331046368,1.51546973005618,28.1084322703989,30090.281
4.15753954206749,1.51686059588592,28.1080243425642,30092.75
4.15785363787443,1.51238318704807,28.1157253437715,30095.25
4.15832184957991,1.51289067585346,28.1195150271352,30097.718
4.15856321492181,1.51527353190051,28.1254394064448,30100.218
4.15897717150408,1.51379866151744,28.1231191011494,30102.687
4.15947333977331,1.51105239329034,28.1338432327487,30105.156
4.15974662125396,1.51423700668369,28.1340548784346,30107.671
4.16035604658038,1.5124568809297,28.1373268201243,30110.203
4.16042451731007,1.5144415955963,28.1416755439547,30112.718
4.16097764779457,1.51445391039752,28.1437802272663,30115.25
4.16111571093502,1.51612590279933,28.1579226775919,30117.765
4.16163525097566,1.51388253485597,28.1597683366511,30120.296
4.16190358699709,1.51301908689326,28.1657258230618,30122.812
4.16241820804304,1.51473281152251,28.1749366656269,30125.343
4.16262867705472,1.51641410122622,28.1830007005008,30127.859
4.1629921384267,1.51363509843258,28.1845623292641,30130.39
4.16352331469798,1.51073074284212,28.1934051596894,30132.906
4.16368266497302,1.51311360878365,28.2062428623786,30135.437
4.16386436262674,1.51547047496198,28.2002392140001,30137.953
4.16434756005192,1.51402840166979,28.2065073187851,30140.468
4.16478993006133,1.51344152909312,28.2125584253252,30143
4.16497839158694,1.51312145012076,28.2115748421057,30145.515
4.16569688055381,1.51193197731801,28.2187198368788,30148.046
4.1660804458908,1.51654454683361,28.2348297057608,30150.562
4.16620024197096,1.51191216614843,28.2430251870282,30153.078
4.16645448595706,1.51296534080562,28.2496286570969,30155.609
4.16688245257368,1.50976068524889,28.2471551117297,30158.125
4.16741287963009,1.51252567128239,28.2472433175159,30160.656
4.16767131283152,1.51202185700465,28.248651532339,30163.171
4.16826453134273,1.51315823738989,28.2597717974692,30165.64
4.16808538745429,1.51088866287549,28.2711518135916,30168.109
4.16850445959874,1.51467839480351,28.2696234359246,30170.578
4.16912337301644,1.51327144826434,28.2777414715884,30173.062
4.16956400469886,1.51191667189412,28.2892396493225,30175.546
4.16988523577942,1.51807322207308,28.2952087354783,30178.062
4.16974357894873,1.51433416430851,28.2927066453306,30180.578
4.17041849391747,1.51135711064214,28.2968557421395,30183.046
4.17078488845323,1.51300546641434,28.298889105508,30185.531
4.17115862428011,1.51847901202637,28.3092341761915,30187.984
4.17143519076341,1.51187809242444,28.3122586964935,30190.468
4.17174147802394,1.51362210447222,28.3183222720517,30192.937
4.17214423363692,1.51369292892421,28.3271086206575,30195.453
4.1726281912751,1.51375717126305,28.3441958419201,30197.984
4.17263898075997,1.51039001698411,28.3446155674387,30200.5
4.17329088684203,1.51352149298069,28.3445975338963,30203.015
4.17360261007531,1.51207809983604,28.3524452267593,30205.546
4.17384413469554,1.51195041720562,28.3508603624035,30208.062
4.17409491591562,1.51281423560495,28.3498308141641,30210.593
4.17429318718166,1.5118213468258,28.362967343149,30213.14
4.17494850974767,1.51586585481001,28.3662952664708,30215.609
4.17504588742902,1.51337740295944,28.3706349135991,30218.109
4.1752277325219,1.51440820063442,28.3795123630214,30220.593
4.1758731430546,1.51009970915899,28.3821921926933,30223.125
4.17645228708944,1.51318317905588,28.3891954897238,30225.64
4.17665001825289,1.51499993277944,28.3890755524582,30228.156
4.17698913010694,1.5133374831524,28.3949111718426,30230.687
4.17733230846409,1.51512200036065,28.3978089894331,30233.203
4.17751544581454,1.51181580135928,28.4043903777427,30235.734
4.1777174198667,1.51422182639406,28.4091207671653,30238.25
4.17839968307467,1.51217055512772,28.4212476735134,30240.781
4.17867420043086,1.51175951215631,28.4228797505455,30243.296
4.17903317802292,1.51175411611718,28.4213893044204,30245.828
4.17940669160217,1.51402664070658,28.4290082783132,30248.343
4.17999597925579,1.51453615201088,28.4314992807002,30250.875
4.1801207858219,1.51310267811183,28.4472813054252,30253.39
4.17995010535974,1.51278638258145,28.4630679006835,30255.921
4.18082579656409,1.5131263533698,28.4694950166638,30258.437
4.18139963607351,1.51561457448232,28.4804672316117,30260.953
4.18150407784212,1.51286769281246,28.4749899188555,30263.484
4.18190735284143,1.51462475911048,28.4804127953121,30266
4.1821348445031,1.51519263931498,28.4847928485744,30268.531
4.18257838931506,1.51533752593066,28.4907017001209,30271.046
4.18302486823642,1.51237941600028,28.4897403804029,30273.562
4.1830150307044,1.51659881564771,28.4816312779013,30276.093
4.18352426633156,1.51626540353176,28.4878477271415,30278.609
4.18374464391313,1.51239323598832,28.4909325635428,30281.078
4.18416768748309,1.51334928534284,28.4955504076309,30283.546
4.18446234418774,1.51118084785143,28.5027093754197,30286.046
4.18500302806859,1.51562318874924,28.5119736671644,30288.515
4.1852503701157,1.51201222819983,28.5117843052814,30291
4.18570928125365,1.51161678000341,28.5241965586446,30293.468
4.18592472777115,1.51482961658357,28.5190809831734,30295.937
4.18613804574498,1.51300780893103,28.5237322234514,30298.406
4.18645944573149,1.51543605129146,28.5267815107619,30300.937
4.18685858583359,1.51249325637493,28.5375177174693,30303.453
4.18703861583096,1.51649749132918,28.5452653274867,30305.968
4.1875029445973,1.51305653317508,28.5536346768907,30308.5
4.188041309553,1.51013727213011,28.5596197337296,30311.015
4.18834039152868,1.5118695557726,28.5607289140528,30313.546
4.18858776097801,1.51511627528113,28.5709621984816,30316.062
4.18897914683441,1.51404510094128,28.5792954268626,30318.593
4.18928588087154,1.51454764338896,28.5804042269229,30321.109
4.1896584991312,1.51543886950716,28.5911187245788,30323.64
4.19017076976511,1.51525535518175,28.5907037860975,30326.156
4.19059093898215,1.51375349344883,28.6049396089104,30328.687
4.19079021248654,1.51383424932258,28.6137357490644,30331.203
4.19072660208283,1.51205038531699,28.614315700606,30333.718
4.1915397137165,1.5147036962946,28.6239514664635,30336.25
4.19177807482262,1.5133035727034,28.6360612497724,30338.765
4.19219295840094,1.51165588937359,28.6356673014209,30341.296
4.19232349453451,1.51371648152555,28.6321004602264,30343.812
4.19268919474605,1.51421349393143,28.6281614847754,30346.343
4.19305023934534,1.51503354969407,28.6313929362752,30348.859
4.19313491765764,1.51302769376566,28.6420863509069,30351.328
4.1935263558533,1.5155245773987,28.6493470626574,30353.796
4.19397562112182,1.51549150834319,28.6649706231469,30356.343
4.19431953790809,1.5112203323489,28.6678988426279,30358.828
4.19458872755516,1.51393916261879,28.666753892022,30361.312
4.19527026517265,1.51382434731023,28.6768772572241,30363.781
4.19569915512057,1.51317388047148,28.6838515381957,30366.296
4.19597263858519,1.51240937011425,28.6911163560117,30368.812
4.19591955611094,1.51272146589964,28.6977025329587,30371.343
4.19615228448208,1.51485291197216,28.6974027346803,30373.859
4.19697381723634,1.511457572853,28.7041830146837,30376.39
4.19707204314063,1.5152220355702,28.7077271198774,30378.906
4.19749425076529,1.51288592745554,28.7050487323919,30381.437
4.19793498267457,1.51263465561841,28.7158054941866,30383.953
4.19805987966087,1.51106476483823,28.7241851215029,30386.468
4.1984367294291,1.51426734092697,28.73798327547,30389
4.19885541018259,1.51194672179415,28.7352084047913,30391.515
4.19924550961818,1.51412096700274,28.7258581220842,30394.046
4.19964810664934,1.51227318911033,28.7310293016586,30396.578
4.1998203957219,1.5127428141607,28.7338330829864,30399.093
4.20036783206688,1.51110454704516,28.7379534638135,30401.625
4.19745918418744,1.48082742418013,28.7434220410284,30404.5
4.19780582324757,1.48092830511555,28.7467951780012,30407.109
4.19766589138493,1.48311082072942,28.7557414649761,30409.703
4.19801323804556,1.48099032541659,28.7597697785219,30412.265
4.19834487332937,1.4845737130415,28.7688285975373,30414.843
4.19844127154608,1.47990055150649,28.7869533802517,30417.406
4.19852741058537,1.48148588127035,28.7859022350672,30420.093
4.19892703127788,1.48165856925326,28.7853289051975,30422.703
4.19918242841258,1.48127611150048,28.7844965836796,30425.296
4.19961547350531,1.48042598574473,28.8019746789541,30427.89
4.1986857752604,1.4696665924783,28.8085561239218,30430.5
4.19866084628883,1.46942242840459,28.8209409563648,30433.062
4.19934239377802,1.4708671798335,28.8280838301302,30435.625
4.1993274429625,1.46973773533517,28.8315309782353,30438.203
4.19943710899604,1.46987518965896,28.8355039194085,30440.765
4.19958657466401,1.46958192961409,28.8370065168732,30443.328
4.19895244262687,1.45962637819892,28.8445556348176,30445.89
4.1991487683499,1.45844510049584,28.8509685773175,30448.453
4.19917951609803,1.45796637823156,28.8553215693149,30451.015
4.19958684870354,1.4556309559529,28.8483667155923,30453.578
4.19858063575951,1.44603267641686,28.8503220788619,30456.14
4.19902407719416,1.44688888394301,28.8721444442743,30458.703
4.19881443892603,1.44575816133306,28.8743647774054,30461.296
4.19941490335229,1.45031831970068,28.8939093696728,30463.859
4.19936207141225,1.44274504006058,28.8896586201098,30466.437
4.19944391814956,1.4436400594185,28.8839995299308,30469
4.19953071789296,1.44210824560634,28.8811612656756,30471.562
4.19985270649162,1.44663354951733,28.8931828786183,30474.14
4.19948024896918,1.43557673432183,28.898735574514,30476.703
4.19958301737575,1.43040948571622,28.8987823640453,30479.265
4.19871991691825,1.42220227458998,28.9083624418981,30481.812
4.19879757252175,1.4239832564889,28.9174997251618,30484.39
4.1991099751175,1.42577910381555,28.922094459669,30486.953
4.19929185062669,1.42305978148486,28.925226073606,30489.593
4.19945272142658,1.42515566617398,28.9207752875303,30492.25
4.19950409767432,1.4233687329831,28.9216919444272,30494.828
4.19977640270435,1.42143860823338,28.9273019577176,30497.39
4.19910159938053,1.41140808564022,28.932182838694,30499.968
4.19883111472985,1.41168837811954,28.9312848843742,30502.531
4.19944891170822,1.41172659887342,28.9373248224283,30505.093
4.19946110875973,1.41009311680215,28.9461575971585,30507.656
4.19952732007722,1.41378382159936,28.9518617419117,30510.218
4.19986525214878,1.40966744067101,28.9452200611278,30512.781
4.19909025110046,1.40375258281648,28.9602951561438,30515.343
4.19918673477407,1.39979118985732,28.9618132796857,30517.906
4.19963785313204,1.40359655621109,28.9466540254485,30520.468
4.19854876284774,1.39322024782806,28.9421161686557,30523.046
4.19890046796085,1.39127929416288,28.9484320138509,30525.609
4.19895478184958,1.38989838373675,28.9630754841121,30528.171
4.19908375599327,1.3899043318515,28.9774663989911,30530.734
4.19882522626012,1.38785707577811,28.9810871933137,30533.296
4.19918902549295,1.39080164713599,28.9849355858959,30535.875
4.19945880210631,1.3883279670296,28.992692694958,30538.437
4.19970487012597,1.39192040125133,28.989716059687,30541
4.19984136633933,1.38894290264588,28.9966321895136,30543.562
4.20007683843337,1.39048829343535,28.9996089669187,30546.14
4.20012103752518,1.39039185067806,29.0119462670921,30548.703
4.20056341124021,1.39149480904131,29.01973074527,30551.265
4.19970063399267,1.38186029258728,29.0151814378445,30553.937
4.1988107104589,1.36786454711301,29.0278998950992,30556.531
4.19901304661626,1.36711170174285,29.0268839664238,30559.093
4.19913483647318,1.3685627795946,29.0316338807831,30561.671
4.19943943398052,1.36677203414361,29.0254752879911,30564.218
4.19947444982681,1.36633700402072,29.0368391254215,30566.781
4.19967698627341,1.3670906856935,29.0354384012623,30569.343
4.199492262235,1.36458278670728,29.0386411366972,30571.906
4.20012012689685,1.36443955517535,29.0500961121196,30574.468
4.20013338188806,1.36614857641547,29.0532527220954,30577.031
4.20022499072944,1.36496843957537,29.0412762829648,30579.593
4.200216181394,1.36341743621012,29.0401321051084,30582.156
4.20065059847472,1.3643332554629,29.0437093978784,30584.718
4.19995597426906,1.35293542952772,29.050650576818,30587.281
4.19934443070575,1.34342863464001,29.0545495365245,30589.843
4.19945384541315,1.34368709495193,29.0509229475826,30592.406
4.19954662892831,1.34520236148588,29.0616180754915,30594.968
4.19909561863909,1.34414389975765,29.0629501656901,30597.546
4.19966495233431,1.34173812459354,29.0640031060371,30600.109
4.1999674564092,1.34088633143394,29.0690492341931,30602.671
4.20009228346192,1.34181215326786,29.0762837951418,30605.234
4.2001123209264,1.34236608660832,29.0850341333533,30607.796
4.20047933765885,1.34575644343966,29.0928452236414,30610.359
4.20063401137386,1.34366216601062,29.0874404405602,30612.937
4.1998934839222,1.32921489399449,29.0905970091843,30615.5
4.20014217995968,1.33411696929031,29.098749926835,30618.062
4.20049582370726,1.33176432764418,29.0911172713452,30620.625
4.20052653243222,1.33414825893984,29.0972712040753,30623.187
4.20046022512871,1.33201147438389,29.097306584867,30625.75
4.2006116961911,1.33222013212468,29.1054676261621,30628.312
4.19998789259521,1.31896685867656,29.1089190569543,30630.875
4.20006263931871,1.32267856186159,29.1082042803028,30633.437
4.19992150423871,1.32120626977809,29.1045906598786,30636
4.20037837226048,1.32112552808531,29.0986942081577,30638.562
4.20045693026318,1.31698249527955,29.1073484886323,30641.125
4.20055913423869,1.31544971904899,29.120059281833,30643.703
4.20009998748944,1.30941344765482,29.1313912660995,30646.265
4.19983499458419,1.30996595431078,29.1393108498662,30648.843
4.20029435220146,1.31075139863612,29.1381138291952,30651.468
4.20017063832979,1.30832892347782,29.145291618262,30654.078
4.20039707419507,1.30743258100654,29.1346681317445,30656.656
4.20067569604295,1.30923113713187,29.1371497608393,30659.218
4.19983864828828,1.29836656159337,29.1439266246547,30661.812
4.19930665174647,1.28762259369439,29.156695753865,30664.375
4.19920274738864,1.28660049851592,29.1549098207501,30666.937
4.19944875488266,1.28857503779687,29.1522727188906,30669.5
4.19933870390843,1.28820372673434,29.1453432845149,30672.062
4.19971048750066,1.2848268995806,29.150578019145,30674.625
4.19965164767128,1.28842086372163,29.1540612939446,30677.187
4.19985707462405,1.28731958912273,29.1605489451137,30679.75
4.20006325012929,1.28704727740536,29.1639361725675,30682.312
4.20016689055335,1.28734979328378,29.1530707362766,30684.875
4.20013239741418,1.29020245367854,29.1573660499117,30687.437
4.20055858626741,1.2865841246322,29.1565233168582,30690
4.19962835273978,1.28075562425595,29.1568951186289,30692.562
4.19984205182264,1.27757560946231,29.1681096148954,30695.125
4.19994949620528,1.27569381388704,29.1782386689531,30697.687
4.20024543784956,1.27387200118653,29.1798970097413,30700.25
4.20030260368279,1.27650695762812,29.1811571012912,30702.812
4.20057270033689,1.2761604550119,29.1761745479175,30705.375
4.19963522451453,1.26211786295937,29.1752172694889,30707.937
4.1999287479257,1.2661131007782,29.176793603184,30710.5
4.20004531272928,1.2639796053861,29.1765386400418,30713.062
4.20013635319286,1.26306551332921,29.1802622650451,30715.656
4.20027129398117,1.26107968393674,29.1865046289631,30718.281
4.20052505008495,1.26220697267607,29.1953673618821,30720.906
4.20087131720572,1.2617514195499,29.1978098111577,30723.578
4.20022120481611,1.25262460108829,29.1955782857249,30726.203
4.20014097670551,1.25468541682665,29.199309461551,30728.781
4.20035204115341,1.25223031319051,29.2054772380009,30731.343
4.20031300798421,1.25376704382464,29.206667509598,30733.906
4.20082170166016,1.25223774951608,29.206871095172,30736.468
4.19988175189521,1.24250616594783,29.203439281043,30739.031
4.20015667731971,1.24514890426331,29.1995548184486,30741.578
4.20004538825382,1.23940216282768,29.1939740616843,30744.14
4.20032071600073,1.24067156337575,29.188195357385,30746.703
4.20007198847025,1.23996783883963,29.1958157648944,30749.265
4.20064966559166,1.23883162714699,29.2034899381227,30751.828
4.19997550247283,1.23465782632336,29.2005616574494,30754.39
4.19987615299213,1.22937141097328,29.1974247948824,30756.953
4.20008486436089,1.22859864501506,29.2031430300808,30759.515
4.20008836910208,1.22987597619079,29.2045641552671,30762.078
4.20060461242425,1.22959964597952,29.2071221047709,30764.64
4.19974380315578,1.21764700808701,29.2208134254516,30767.203
4.19968390982633,1.21880026740177,29.2226246653017,30769.781
4.19976182253053,1.22055271071252,29.2302429071066,30772.343
4.19972373268582,1.2191911228435,29.2336153861355,30774.906
4.1998853692276,1.22227422986217,29.2327474267666,30777.468
4.20028458637352,1.219979331906,29.2343095722605,30780.031
4.20042065217816,1.21836261542336,29.2184672874701,30782.593
4.20050393699568,1.21724102982945,29.2170896377754,30785.187
4.20077693896758,1.21837742999299,29.2232911117139,30787.812
4.20082960053563,1.21678412467019,29.2268517662566,30790.421
4.2008943250547,1.21855480668678,29.2341230762104,30792.984
4.20152747325503,1.21451242696523,29.2410916554205,30795.546
4.2015904933793,1.21752130896727,29.2432273143255,30798.109
4.2005729750374,1.20494578133,29.2441765603876,30800.671
4.19978249862897,1.19615896072217,29.2480793836491,30803.234
4.19910008389409,1.18639305393297,29.2514053031765,30805.796
4.19938579006725,1.18437785931733,29.2595736829331,30808.359
4.19950510817087,1.18473480694112,29.2541099004933,30810.921
4.19916775008148,1.18504486043665,29.2499362831943,30813.484
4.19950499019467,1.18671684011211,29.2405838734135,30816.046
4.1987860459778,1.17655571742319,29.23722245027,30818.609
4.19859529897838,1.17304239501798,29.2345258488678,30821.171
4.19890651460109,1.17714340450454,29.2415862074835,30823.734
4.19911892582724,1.17621827166708,29.243331679527,30826.312
4.19888932302267,1.17116056102506,29.2510877117147,30828.859
4.19961501860764,1.17515614074555,29.2475893035882,30831.437
4.19946250288412,1.17487480357253,29.2489730063383,30834
4.19965041649182,1.17682111117168,29.2561799700735,30836.562
4.19991486575876,1.17423684476386,29.2533614670871,30839.125
4.19905598351787,1.16290451293555,29.2625432103001,30841.687
4.19932362583615,1.16346244756594,29.2675821123509,30844.25
4.19834171333474,1.15360041444221,29.2576779690444,30846.843
4.19862567827929,1.15194241866227,29.2601961800612,30849.406
4.19850526989171,1.15414262826961,29.2549616130305,30852.031
4.19791268318505,1.143227166095,29.257226567927,30854.593
4.19703491353806,1.13376599966541,29.258117614802,30857.156
4.19694726532249,1.13552033081554,29.2613903048658,30859.718
4.19713462022149,1.13191238023377,29.265789274775,30862.281
4.19710398077729,1.13087592555058,29.2673070264401,30864.843
4.19729623348956,1.13634053404583,29.2659185834068,30867.406
4.19646470072192,1.12258219979237,29.2704468299182,30869.968
4.19641824443396,1.12410761616088,29.2621529535402,30872.531
4.19652091355321,1.1218370232031,29.2618098318679,30875.093
4.19673314120154,1.1217490442722,29.2696840446784,30877.656
4.19669576574612,1.12205841304615,29.2711643564348,30880.234
4.19706734807389,1.12250065654371,29.2649903914908,30883.156
4.19723614306068,1.11793754806725,29.2666992882772,30885.921
4.197017555801,1.12039940403473,29.2656325144933,30888.609
4.19665860449693,1.11142178131178,29.2664858445194,30891.328
4.1965221736348,1.11152528006207,29.2667242095551,30894.062
4.19583469817522,1.10159403194528,29.2716333683936,30896.796
4.195841425576,1.10310024007112,29.2750472954592,30899.453
4.19618345923645,1.10143608871335,29.2716798705034,30902.187
4.19608573196396,1.10300197206929,29.2766203935231,30904.859
4.19604952882999,1.1047078246689,29.2764558962173,30907.578
4.19631991746661,1.10552125612875,29.2695516166242,30910.234
4.19672252138671,1.1023365039225,29.2739458458668,30912.953
4.1967833943226,1.10200762421393,29.2765616530109,30915.625
4.196919717277,1.10096960716534,29.2742224311721,30918.359
4.19685182154273,1.10261295465526,29.2699200420029,30921.031
4.19714766596762,1.10062669486,29.273590959145,30923.765
4.19717302924856,1.09956467630397,29.2694020457418,30926.484
4.19735623619547,1.09842716836167,29.2537844175574,30929.234
4.19771238819813,1.09949644288543,29.2595021958564,30932
4.19780284599895,1.1005607709413,29.2615926342165,30934.75
4.19801193340111,1.09714241887538,29.279437518573,30937.484
4.19811965603518,1.09704661571256,29.2711285513941,30940.218
4.19837928720203,1.09820771592337,29.2799791019445,30942.921
4.19852048610546,1.09799546717413,29.2832733093657,30945.656
4.19872612658304,1.09537559824993,29.2756438249533,30948.328
4.19894225236428,1.09731335023091,29.2755625732363,30951.093
4.19929071970133,1.09745926772364,29.2746181641632,30953.765
4.19960440366482,1.09916601702217,29.2760090701375,30956.484
4.19939515345121,1.0969337566148,29.2833628301669,30959.171
4.19968060402926,1.09469324748918,29.2722441779111,30961.89
4.19998961840142,1.09443685282213,29.2709215519185,30964.562
4.20025258472933,1.09420694998481,29.276823224076,30967.296
4.200313066934,1.09303447041028,29.2669992425843,30969.968
4.20066096714923,1.09206941022742,29.2761276306235,30972.734
4.20099388197433,1.09456484445427,29.264689536213,30975.421
4.20093375132693,1.08763656679315,29.2731740997935,30978.156
4.2013138365535,1.09441291565884,29.2725847650816,30980.828
4.20157071619374,1.09196090077543,29.2718432670891,30983.562
4.20009755625411,1.07144651033245,29.2677792943922,30986.234
4.20030576235244,1.0730704335966,29.2775742886306,30988.953
4.2001886936801,1.0715759293838,29.274718416087,30991.656
4.20034220569719,1.07363353913339,29.2713462859235,30994.421
4.20068793900638,1.07072910258208,29.2698439435339,30997.093
4.20086166407256,1.07092809315662,29.2776199064118,30999.812
4.20104628984065,1.0715528691431,29.2756901419195,31002.484
4.2011585157929,1.07072975077706,29.2730615105793,31005.203
4.20153771543517,1.06777523870553,29.2735388984252,31007.968
4.20142044142169,1.06849730981169,29.2710252982514,31010.718
4.20096291282808,1.05833521705313,29.2713481750713,31013.468
4.20078530686186,1.059212476549,29.2693266005386,31016.203
4.20120798340926,1.05785937282524,29.2607291997004,31018.875
4.20144582772731,1.06046749387099,29.2668989923731,31021.609
4.20118415625416,1.05866462021765,29.2696920443858,31024.281
4.20178172149966,1.05524554372114,29.2762017421178,31027.031
4.20103626197063,1.04824623195894,29.2767928198534,31029.703
4.20124741785957,1.04678454714532,29.2601319022299,31032.437
4.20129504369207,1.0461398208876,29.261980920997,31035.14
4.20062019342009,1.03923017808465,29.2687149474797,31037.89
4.20073962985158,1.03954400983082,29.2609578118799,31040.562
4.20100327901459,1.03783307559372,29.2568907145934,31043.296
4.20118500383816,1.03460943457189,29.2455025454062,31045.953
4.20006334905631,1.02602457900483,29.248179524308,31048.687
4.20050030576827,1.02131083488776,29.2529736331422,31051.359
4.19975074253386,1.01539883053613,29.2676616208734,31054.125
4.19963126119339,1.01697784972463,29.2579943411797,31056.828
4.19957794528866,1.01573733792892,29.2474694248703,31059.546
4.20020866115346,1.01633527375367,29.2499063971205,31062.218
4.20003686517692,1.01554455567849,29.2505633127524,31064.953
4.2003497925932,1.0158361228621,29.2481557696854,31067.625
4.20052464423197,1.01336190167763,29.2539180032748,31070.343
4.20069190596494,1.01440764721278,29.2557291639545,31073.046
4.20080623176306,1.01294043200095,29.253492998058,31075.765
4.20091692530275,1.01377945523419,29.2575417073043,31078.437
4.20147964706868,1.01235137739277,29.261113636691,31081.203
4.20137436437779,1.01028761401007,29.2570398874628,31083.875
4.20165132383441,1.01132384982763,29.2473982535804,31086.593
4.20067264824023,1.00085553138938,29.2506525195482,31089.328
4.20101048163016,1.00145517903397,29.230175730514,31092.093
4.20135710138849,0.999694137339264,29.2293344281534,31094.812
4.20141557900802,1.00122517760694,29.229232474896,31097.531
4.20158719304899,0.999548792938746,29.2283626886842,31100.234
4.2007303358267,0.992270401911026,29.2253579124098,31102.953
4.19975047868214,0.977998072608045,29.2314670899844,31105.625
4.19993246479778,0.980667256594654,29.2341134597395,31108.39
4.19998049388674,0.9806078414851,29.2298892909823,31111.062
4.20011557440933,0.980094810546079,29.2138686173144,31113.796
4.20045645274625,0.979950223213651,29.2062514725685,31116.484
4.20040215235546,0.979964218281608,29.2131241490249,31119.218
4.20107400449296,0.978609523920076,29.210926336911,31121.89
4.20080513215031,0.979670747144917,29.2158232825137,31124.625
4.20005410189197,0.969902861994457,29.2183235333499,31127.296
4.20043142143556,0.97020027409935,29.2189069881048,31130.015
4.19953305268801,0.958749348251592,29.2105637190493,31132.687
4.19871861855073,0.947367374418827,29.2125815359752,31135.421
4.19806161128216,0.94063150702304,29.220452919836,31138.109
4.1970199510477,0.928345438487796,29.2156337573344,31140.875
4.19635911516767,0.92000247591733,29.2071084772348,31143.562
4.19732516286582,0.932260669251714,29.2061255453409,31146.296
4.19729402832906,0.928842157958492,29.2041185420633,31148.968
4.19747389261658,0.93218467164347,29.2002817399311,31152.078
4.19746889516999,0.929770855422104,29.198764703432,31154.937
4.19773083632974,0.927417060738256,29.182283159166,31157.765
4.19773876593326,0.929645662153239,29.1809292822437,31160.609
4.19734503728516,0.927423866690511,29.1928870466437,31163.453
4.1980525057472,0.928574652133433,29.201249953403,31166.375
4.19815785745479,0.926486234022138,29.2031325747244,31169.234
4.19823314255007,0.928303989854163,29.196929039499,31172.078
4.19848734925902,0.927435310168258,29.1987370371835,31175
4.19865885824902,0.926508955358538,29.1962886578217,31177.812
4.1987486045446,0.927617118889735,29.1853805037928,31180.64
4.19899690794569,0.925492377642668,29.1766629569469,31183.484
4.19938421045688,0.923723539298636,29.169851697285,31186.343
4.19949426468945,0.92255701447709,29.1759754116363,31189.218
4.19971958243127,0.922782946894834,29.1834889200213,31192.046
4.1989242187253,0.912662543372313,29.1784596455281,31194.89
4.19911012723481,0.913730188652022,29.1741725156724,31197.718
4.19908804579032,0.917258741331589,29.1590219128183,31200.546
4.19911769798341,0.911860179681411,29.1600591528366,31203.406
4.19888104530232,0.902715501119181,29.1625627755404,31206.281
4.19772190875976,0.893635677687631,29.1707125885335,31209.109
4.19684033517253,0.88679109051521,29.1595714740766,31211.953
4.19590135260441,0.877359625500446,29.1562385813039,31214.796
4.19604718589495,0.872599912846477,29.1427808150291,31217.64
4.19618718564539,0.872466961506811,29.1410500840741,31220.515
4.19636702637982,0.872484736662203,29.1343191825319,31223.375
4.19662373077337,0.875675016167731,29.1244003520355,31226.218
4.1964887823561,0.872626464264723,29.1184484752995,31229.062
4.19630703787667,0.873648777415329,29.1120105794832,31231.937
4.19700652821301,0.87202542812773,29.0970280644063,31234.812
4.19683457212166,0.870148414432191,29.1222444433502,31237.656
4.19712745257006,0.870982078390772,29.1158240710033,31240.562
4.19718543202457,0.872520974878252,29.110003300083,31243.437
4.19743259222369,0.872257852370378,29.1108399366308,31246.281
4.19793074794345,0.871566944690202,29.1118867843598,31249.156
4.19690576499032,0.864130786468604,29.1143048428361,31252.062
4.19701348342771,0.861165057769571,29.1133414753555,31254.953
4.19702909200789,0.860332306679234,29.107095572432,31257.828
4.19741137908818,0.85787596631163,29.1023567524246,31260.703
4.19785072598278,0.858692003349921,29.084551051378,31263.578
4.19706607121693,0.849999973840082,29.0782735166057,31266.453
4.19697624618376,0.849452605743245,29.0781418917185,31269.359
4.19701270338128,0.849876399251785,29.0762487202942,31272.234
4.19832449225752,0.860070483107955,29.0774251114515,31275.125
4.19745726658238,0.847141367839443,29.0706584537068,31278
4.19870345871742,0.856289017680522,29.0692268722038,31280.906
4.19751821163158,0.849103873492319,29.0679733138438,31283.781
4.19891275311622,0.856380757835472,29.0641299640026,31286.687
4.19819226726511,0.849219134734444,29.0597515572524,31289.562
4.19835120672843,0.847671972588459,29.0602015427179,31292.453
4.19764176070548,0.837403430985902,29.0461905016905,31295.328
4.19777282138141,0.835404916997835,29.0445609479554,31298.234
4.19802283643076,0.834685156220084,29.0478840037996,31301.109
4.19722069633373,0.826279563711937,29.0393111611819,31303.984
4.19780434708415,0.834733108497128,29.0425189421101,31306.859
4.19842708971382,0.837290783296312,29.0394831624141,31309.765
4.19861218146832,0.833640482489819,29.0240287948981,31312.656
4.1976572709876,0.824356705462055,29.0149639464653,31315.531
4.19707081823264,0.8172215822014,29.0128686936613,31318.437
4.19707755863443,0.815012568728311,29.0181952386421,31321.312
4.19725995151546,0.814916934928238,29.0191810376819,31324.203
4.1975054056248,0.815172334150604,29.0197501471647,31327.078
4.19768908554201,0.817248171106571,29.0106003186048,31329.953
4.19659921462197,0.804806966582753,29.0032879989963,31332.843
4.19784184369376,0.817806151668672,29.0037221906586,31335.718
4.19694625368175,0.804568586548121,28.9886330005061,31338.593
4.19712467936714,0.807413671140887,28.9869236929491,31341.5
4.19809531179436,0.814509018886721,28.9831181067397,31344.406
4.19767127563347,0.805737826800854,28.9798985094059,31347.312
4.19767742353005,0.801750594878129,28.980144929715,31350.14
4.19690813599256,0.79805349493744,28.9694381698695,31352.953
4.19711148994354,0.793124950260955,28.9659892518807,31355.812
4.19724327235118,0.792188712845353,28.9565533028589,31358.671
4.1974059825771,0.79129758959692,28.9466995327187,31361.546
4.19748228896299,0.792250565441375,28.9334481708326,31364.468
4.19842483320097,0.802483053623618,28.9228772125322,31367.375
4.19846610196299,0.80155513142898,28.9235625664062,31370.281
4.19848626882398,0.800833166912862,28.9246126466639,31373.093
4.19814630707682,0.791832088056808,28.9190340872253,31375.906
4.19758712420809,0.781022171040793,28.918998781176,31378.765
4.19650556532882,0.772437464360398,28.905043782729,31381.625
4.19692062613884,0.771895529342456,28.907581896466,31384.5
4.19691860360357,0.770453418227554,28.9149323585556,31387.312
4.19682176510187,0.772788719264628,28.9058537860302,31390.125
4.19706792198567,0.76873992491041,28.9024121891671,31392.968
4.19740489025742,0.769422792633671,28.8819760548888,31395.843
4.19741475973227,0.771122474122634,28.8832943891588,31398.718
4.19747980877922,0.766148195890929,28.8679356492072,31401.64
4.19778980116643,0.771085184550559,28.8699666317971,31404.546
4.19686621153631,0.760353858273524,28.8571128683801,31407.437
4.19693512173539,0.759514299889508,28.8474337291979,31410.312
4.19706686321932,0.757228928784046,28.8411599564373,31413.187
4.19746494317337,0.759748212031293,28.8351006717945,31416.078
4.19746893525408,0.758775257667271,28.8213050129103,31418.953
4.19778061887249,0.757725367212096,28.8242326252119,31421.843
4.19677250633816,0.749969502399175,28.8356085098212,31424.718
4.19680407829455,0.749816912946862,28.8452466696246,31427.625
4.19711492996074,0.749346748745871,28.8319550555971,31430.546
4.19723023636151,0.750406193343536,28.824998952264,31433.421
4.19749559374669,0.749619344440002,28.8193078472609,31436.312
4.19754474624454,0.749655433288385,28.80445268307,31439.187
4.19774586748599,0.749400437105045,28.806199794159,31442.078
4.19790204828963,0.747882770264454,28.8057076682774,31444.984
4.19794566445721,0.748106715744715,28.8015606308126,31447.89
4.1980966198572,0.746142797558599,28.8033120556611,31450.703
4.19841351712959,0.746965272034655,28.8014802682541,31453.515
4.19845760117829,0.745367456579827,28.7925938086024,31456.39
4.19863882166594,0.74343025746127,28.7896956610375,31459.265
4.19797553849011,0.739452371980274,28.7823701025975,31462.078
4.19716192640904,0.726636806137877,28.7771590314443,31464.921
4.19734514366673,0.726451027153848,28.7732542066342,31467.781
4.19714217849495,0.723915731846477,28.769313839351,31470.64
4.19746353369515,0.724213359148138,28.7639844991293,31473.515
4.19743506347536,0.727862491598129,28.7558760139233,31476.406
4.19738069270882,0.724131527358507,28.759078822085,31479.281
4.19792614678492,0.724858449609794,28.7538300520236,31482.203
4.19808697165947,0.723698330088837,28.7634341957985,31485.062
4.19809590254382,0.724556240991195,28.7590746775048,31487.953
4.19806418945899,0.723431734050364,28.7422562197777,31490.765
4.19840929797863,0.7215098121844,28.7227666683849,31493.578
4.19852022857845,0.724584751115967,28.7237147850874,31496.437
4.19864423627904,0.722059230073251,28.7159554520825,31499.328
4.19826045870473,0.712847550104447,28.711932593267,31502.203
4.1972949418646,0.705085839319735,28.7109187799202,31505.078
4.19706579073052,0.703669210411031,28.7034283107504,31507.968
4.19732680793386,0.700732633621501,28.685277475469,31510.875
4.19757413071658,0.70247155084936,28.6718327455805,31513.765
4.19744344864447,0.705161875931151,28.6790871744625,31516.64
4.19775836365912,0.700301372655871,28.66515062624,31519.515
4.19798572812841,0.702952346195365,28.6584155916882,31522.406
4.19780642006133,0.702652830088745,28.6560146967261,31525.281
4.19836855398674,0.701106593100913,28.6356082920819,31528.546
4.19843707559582,0.702800504756808,28.6292199638484,31531.531
4.19827099015825,0.702031109594445,28.62298983104,31534.484
4.19862372736342,0.699969052453088,28.6213077608421,31537.406
4.19779788957424,0.690958017065525,28.6261840215665,31540.312
4.19786695213293,0.690915878074902,28.6235010518406,31543.25
4.19802147568622,0.68866869181245,28.614811107561,31546.171
4.19819486921509,0.689390857895006,28.6171258821022,31549.078
4.19813253609242,0.687066180926349,28.6090140790281,31552
4.19877319740694,0.689842252433423,28.6111776457928,31554.906
4.19819135433122,0.67763598387273,28.6109201825782,31557.843
4.19697015033723,0.670052191820494,28.5934148733742,31560.765
4.19701569209191,0.667892184001994,28.5861008053741,31563.671
4.19698186162741,0.669005848508581,28.5810737821114,31566.578
4.19701420718377,0.669537887022153,28.5719758405877,31569.5
4.19688527025201,0.669009628904014,28.5655627329165,31572.406
4.19716087426234,0.668931712792088,28.5536770145611,31575.375
4.19769949932083,0.665980761948828,28.5549941193036,31578.328
4.19777278202654,0.6683228362375,28.5577322856549,31581.234
4.1977595226117,0.667483924101546,28.5564407001148,31584.156
4.19789622547935,0.667229990467883,28.5483296111954,31587.078
4.19791238777983,0.666727471099347,28.5257614264457,31589.984
4.19809196544597,0.670322761224205,28.520541405693,31592.968
4.19836996994742,0.664840636802056,28.5119048885589,31595.937
4.19830851512066,0.667083995286545,28.5122281108551,31598.859
4.19849146898593,0.665957577102119,28.5068101461743,31601.781
4.19861871172223,0.667085036615693,28.4963483147527,31604.703
4.19775182397788,0.657559876341517,28.4976461212653,31607.671
4.19717130014534,0.645396382936485,28.4814915340239,31610.593
4.1970996160502,0.645137681219708,28.481958365658,31613.5
4.19711201595385,0.644239148674823,28.4768126073953,31616.453
4.19712084930531,0.643072080784996,28.4692905860738,31619.359
4.19725711889171,0.645692747758712,28.4648168907095,31622.281
4.19716014409989,0.644357853687365,28.4745205566186,31625.203
4.19734695716905,0.643841152811386,28.4719665160894,31628.109
4.19748123944285,0.644022592646778,28.4628502598455,31631.031
4.19772943618353,0.647280819237647,28.4534738729921,31633.953
4.1977910686573,0.6440745285829,28.4447517019617,31636.859
4.19797489906538,0.645051286141873,28.4373039243534,31639.781
4.19816693391677,0.64179067142383,28.4197710868417,31642.718
4.19862487848893,0.643415126061902,28.4115292130902,31645.64
4.19757199649793,0.632961751884685,28.4088238773451,31648.546
4.19781356053609,0.636116195271981,28.3907468652941,31651.468
4.19778548834606,0.633916562549982,28.3927959657037,31654.39
4.19800026216216,0.633174342167098,28.3903017381443,31657.296
4.19798710555618,0.631238574250486,28.3831156911816,31660.203
4.19778078170687,0.630381829289637,28.3736219982373,31663.125
4.19831735551685,0.632813459155536,28.3756082562085,31666.031
4.19823327798669,0.631231530797049,28.3692414661529,31668.953
4.19828663067256,0.633243587099828,28.3649946913738,31671.859
4.19832968342331,0.635270846197848,28.3600123566002,31674.796
4.19877969914593,0.628737935435785,28.3552026656338,31677.703
4.19785277981877,0.621453183188525,28.3473026513812,31680.625
4.1979639159607,0.622911969527974,28.3482886548401,31683.531
4.19784583796992,0.622624201453274,28.3440885585859,31686.437
4.19804109975436,0.621683351642189,28.3278349146144,31689.39
4.19818591485115,0.62518837769078,28.3284467371643,31692.343
4.19825355215327,0.621838475134008,28.3199349380278,31695.296
4.19855528576957,0.618747052263605,28.3109317173024,31698.218
4.19756402330492,0.61002175600977,28.3013444494641,31701.14
4.19758209793651,0.614177753598902,28.3024974633818,31704.062
4.19804931967527,0.608902902466866,28.3077531533892,31707.046
4.19792670035208,0.611216966253283,28.2962473917322,31710.015
4.19793819971375,0.613444012734103,28.2832400911376,31712.953
4.19803169430407,0.611879080709619,28.2772435050423,31715.875
4.19827959873242,0.611381559520982,28.2721954886167,31718.859
4.19825303638992,0.610577770029082,28.2587719561772,31721.859
4.19852494966396,0.611419171726043,28.2564852670441,31724.781
4.19879613568006,0.610210797461565,28.2473775950407,31727.75
4.19759221783912,0.601863132163819,28.2484545171179,31730.703
4.19816484445786,0.59914691518095,28.2284280358489,31733.64
4.1978770434491,0.597366331803566,28.2301780752925,31736.546
4.19810466932717,0.596774685285062,28.2248237277554,31739.453
4.19835659020288,0.595970572173779,28.2192238984556,31742.375
4.19828361919307,0.601041944194945,28.2130044964353,31745.312
4.19826685712946,0.598773005318731,28.2135245651224,31748.281
4.19856251766529,0.599340780093614,28.20109347598,31751.218
4.19761873868395,0.587966908071394,28.1903901210725,31754.171
4.19773713821485,0.588887423497244,28.188809110257,31757.109
4.19779023089745,0.590562768681553,28.1867101545082,31760.125
4.19801490084337,0.591908302694695,28.1646184308706,31763.093
4.19756505990712,0.591191682077367,28.1533043699666,31766.062
4.19769132421723,0.585691396289385,28.1350910643062,31769.015
4.19823728092142,0.583611444307502,28.1439749398669,31771.984
4.198200690192,0.590930776026194,28.1406131566006,31774.937
4.19836300338862,0.588045509420948,28.1314207719761,31777.875
4.19815660902201,0.591235124557509,28.1273659079053,31780.89
4.19901447581193,0.585094057512694,28.1239454954817,31783.812
4.1979765923529,0.575593447128775,28.1294534747209,31786.734
4.19787807616998,0.579349263997429,28.1153096882048,31789.64
4.19783724461281,0.578311464863641,28.1157061183813,31792.546
4.19791634823321,0.577026369381272,28.1118255616877,31795.468
4.1982578585033,0.577649518504584,28.1047223944198,31798.375
4.19808182255921,0.577209925882794,28.0872549069922,31801.281
4.1982952975168,0.577421058437227,28.0719922307347,31804.203
4.19818301675563,0.575765520712263,28.059341821713,31807.125
4.19852851038561,0.574361160538913,28.0515769351156,31810.062
4.19852677749269,0.575723692570052,28.0495014027653,31813
4.19885170690194,0.576422948653209,28.0534308919894,31815.921
4.19882555361871,0.575857138061051,28.0341837456698,31818.843
4.19904804283901,0.574092209326682,28.0364658792113,31821.75
4.19890822724152,0.574134089678385,28.0353062570023,31824.671
4.19924430460838,0.575532369948586,28.0321708781162,31827.578
4.19900817561042,0.574168499566988,28.0311308060884,31830.5
4.19903208239778,0.572319850605323,28.0236301594836,31833.406
4.19930341006202,0.572086283325779,28.0147164369671,31836.312
4.19956246969247,0.569084669728567,28.006740894571,31839.234
4.19893556212442,0.559382477286533,27.9940632610331,31842.14
4.19796390600871,0.553131522513064,27.9901216158625,31845.078
4.197954115619,0.554184436891059,27.9844526524004,31848
4.19768827268951,0.554355269113448,27.9808226917182,31850.968
4.19803221096454,0.554430698599748,27.9749421223541,31853.937
4.19812511653622,0.549893534581922,27.9722205700676,31856.937
4.19811914561358,0.555927496335976,27.9607256647901,31859.984
4.19804545154943,0.553825170956111,27.9448367514787,31862.968
4.19831159482817,0.553310746260828,27.9408628705572,31865.921
4.19841512961645,0.55289595337684,27.9430669193758,31868.875
4.19855983420665,0.551849551799261,27.9325074002791,31871.843
4.19801974147075,0.544789893502112,27.9268946002423,31874.812
4.19785068340107,0.541836796359999,27.9356313219229,31877.765
4.19789525814608,0.544303696183132,27.9181402594148,31880.75
4.19766529189341,0.543580759001515,27.9155500152415,31883.703
4.19798980939302,0.544294598965814,27.8947675605988,31886.687
4.19798862955382,0.541604295095237,27.8895705632674,31889.64
4.19812890544579,0.542970006067747,27.8785861526317,31892.593
4.19832603744615,0.545769492041203,27.8745842063691,31895.609
4.19846893179916,0.539314910313406,27.8755753210573,31898.562
4.1985226723897,0.541048065747761,27.8899963794763,31901.5
4.19849848716556,0.541526064004893,27.8719130313024,31904.421
4.19861361938471,0.542721205843983,27.8668572586074,31907.343
4.19749542689817,0.53513746577349,27.8433016816941,31910.25
4.19766033878661,0.530328554207935,27.8296059552645,31913.156
4.19785192727224,0.534522432870006,27.8272719736276,31916.078
4.1978455464802,0.52809979385126,27.8246633786222,31918.984
4.19762894889629,0.533293139726028,27.8136774022663,31921.89
4.1978105022863,0.533437633644467,27.8182530376112,31924.812
4.19805723045852,0.531235039120019,27.8114771241214,31927.718
4.19819609521387,0.533082449135312,27.8028452269278,31930.64
4.1983663258998,0.527846233084683,27.7813294942888,31933.578
4.19824442443985,0.530655920469565,27.7736600395414,31936.484
4.1985378770611,0.534161828925471,27.7685248150946,31939.406
4.1986854093724,0.53347353140258,27.7728472825684,31942.312
4.19761252367426,0.522216728266727,27.7695672665437,31945.234
4.19789888889593,0.519676586580881,27.766987592459,31948.14
4.19783915833097,0.519635208955409,27.764437862212,31951.062
4.19814103833607,0.519613833861256,27.7517921978685,31953.968
4.19793536522043,0.518174811449679,27.7318256134522,31956.89
4.198403112193,0.52100837172969,27.7337100297935,31959.796
4.19799176763436,0.520202458704533,27.7291988281003,31962.718
4.19803282784392,0.521835027457484,27.7231935877513,31965.625
4.19851428965244,0.519018596346629,27.6914131214928,31968.546
4.19827077558883,0.52208475604999,27.7057230182044,31971.453
4.19840614799856,0.523975692572285,27.6975308560475,31974.375
4.19863649007403,0.515996340026106,27.6897181460307,31977.281
4.1984949527038,0.520393605716302,27.6844899563905,31980.187
4.19848422504116,0.524157353277697,27.6833059430824,31983.109
4.19875477776577,0.517105471440798,27.6677093462887,31986.046
4.19897951194791,0.516793113585072,27.6669375811352,31989
4.1993585684577,0.517481923083397,27.6513618597349,31992.046
4.19882727563386,0.519058443350989,27.6538064350719,31995
4.19916719469962,0.518148659297406,27.6501212628129,31997.968
4.19904308071035,0.518272403752243,27.6454165616453,32000.906
4.19904050057362,0.518068589697595,27.6430565785857,32003.89
4.19944741553072,0.516181423231596,27.6410521591855,32006.937
4.19951734390674,0.517449491562076,27.6307026849664,32009.921
4.19967377132194,0.519420004539776,27.6300193100125,32012.953
4.19867109988831,0.509679765745296,27.617016814136,32015.906
4.19789654342656,0.496846877470788,27.6033817111607,32018.812
4.19794778708179,0.494701521080249,27.5974749770816,32021.718
4.19809682117086,0.497033050440993,27.6089992332617,32024.64
4.19799427164221,0.493410200976832,27.5941244805415,32027.562
4.19811140050135,0.496304514482733,27.583526821799,32030.468
4.19796798675525,0.497734671090282,27.5738597758214,32033.375
4.19831258042789,0.500046739445909,27.5677822398053,32036.296
4.19847530038904,0.499836484754419,27.5618456482781,32039.218
4.1985260124687,0.501779795641358,27.5566157759385,32042.125
4.1984620526525,0.490812202994211,27.5419031619729,32045.046
4.19875893416178,0.496349639134289,27.5442772912331,32047.984
4.19870278509371,0.495913425076305,27.5336823579574,32050.89
4.19870512284154,0.496469694974444,27.5336154626597,32053.843
4.19866058899453,0.496442929229501,27.5298938587189,32056.765
4.1987302058377,0.49725578738815,27.5242516130178,32059.734
4.19920847970325,0.498504097845398,27.5178685082721,32062.671
4.19898036599123,0.493463230439028,27.522902456155,32065.593
4.19932933634278,0.495563426964222,27.5124915234358,32068.546
4.19886297478609,0.497256151500988,27.507485335349,32071.468
4.1991850377616,0.495695594480952,27.503659571834,32074.39
4.19931734251385,0.494477210479231,27.5048908839235,32077.296
4.1993364228699,0.494983994300726,27.4865723096122,32080.218
4.19969297891916,0.493979415682111,27.4794447339713,32083.14
4.1985689427115,0.482558494444126,27.4725489099377,32086.046
4.19757558693946,0.476250993067224,27.4683454625166,32088.968
4.19777043765681,0.47712609305151,27.4625198192552,32091.906
4.1977478530891,0.478084644069311,27.4569788821819,32094.921
4.1981493249291,0.477757748644612,27.4523124272635,32097.859
4.19810865850623,0.474585427471709,27.4509019385711,32100.796
4.19801859367558,0.47708735985712,27.4486626172231,32103.828
4.1978691342488,0.477310145688035,27.4361191280186,32106.765
4.1982676463099,0.474567245405764,27.4254062665131,32109.796
4.1982034197553,0.472456485659452,27.4187216329705,32112.843
4.19832936064125,0.474190237217576,27.4202301602069,32115.859
4.19821619346938,0.475024445156376,27.412576793891,32118.828
4.19856945577695,0.472997182905831,27.4011093733458,32121.796
4.19828668305712,0.475133124545348,27.397264759812,32124.765
4.1987644753923,0.476028895482306,27.391122244304,32127.718
4.19859166770195,0.475715144355304,27.3754752180565,32130.625
4.19871745760177,0.472372260406459,27.3811898257518,32133.593
4.19875987566429,0.472395758555832,27.3757151193454,32136.531
4.19894595951533,0.471953352397245,27.3656707346076,32139.468
4.1990279317675,0.470192047043897,27.355632051377,32142.39
4.19895413157953,0.472292940259784,27.3441411930878,32145.312
4.19883795866652,0.476234047509421,27.3331258496152,32148.218
4.1990793194097,0.474178234226512,27.3265462667902,32151.156
4.19927630766655,0.472415052149901,27.3248978484101,32154.062
4.19925351711038,0.473343764599144,27.324848490115,32156.984
4.19947126265098,0.470766034002387,27.3151250434907,32159.906
4.19931518891571,0.474855634381629,27.3059399711666,32162.812
4.1995502714448,0.473494806344552,27.3048654933977,32165.734
4.19884496834266,0.460178786394008,27.3010026517824,32168.64
4.19882722365022,0.462118894773039,27.2994643016417,32171.562
4.1988543556545,0.462831687741652,27.2883199522773,32174.484
4.19902551558978,0.461066967919277,27.281028639859,32177.39
4.19871004903988,0.45840307049467,27.2681960278566,32180.312
4.19902819215688,0.45934459668434,27.2750690132641,32183.25
4.1992167061823,0.461289370783968,27.2819305302262,32186.156
4.19924237027772,0.460268434224906,27.2706404736017,32189.078
4.19912458097579,0.457964981061385,27.2634055942671,32192
4.19927204104353,0.460464496327016,27.2526162530848,32194.906
4.19934668697895,0.458972089676504,27.2558388009291,32197.859
4.19916258391027,0.458965402345935,27.2386218414266,32200.765
4.19946355454947,0.458995991634429,27.2244226081176,32203.687
4.19955246057734,0.459311418844042,27.219706307629,32206.593
4.19881256464227,0.452578694196626,27.2146088561944,32209.515
4.198655527365,0.447385944602699,27.215094331546,32212.421
4.19863811744122,0.449677482241751,27.2146051217068,32215.328
4.19926594199233,0.451855304071175,27.2063574548287,32218.25
4.19890319389467,0.449509746903198,27.195885413506,32221.171
4.19908752471152,0.44981325008984,27.1958522444071,32224.078
4.19908775927317,0.445639523757792,27.1867787149073,32226.984
4.19906462154898,0.44917069981472,27.1948614967115,32229.921
4.19893705681509,0.451401651962429,27.1865881979275,32232.843
4.19901691410232,0.450667852895344,27.1712260659199,32235.75
4.19888619138095,0.44675406787299,27.1581371916563,32238.671
4.1995776152846,0.44980073795804,27.1625101109398,32241.578
4.19859977431606,0.438958634632725,27.1536641430386,32244.484
4.19860369998736,0.439701799187336,27.1530843791141,32247.39
4.19894092397758,0.438764102828891,27.1493661543575,32250.296
4.19889849397407,0.437998638941159,27.1461488561066,32253.218
4.1988459580887,0.43560874160585,27.1353276973081,32256.171
4.19851802125855,0.441723798087179,27.1212807412096,32259.14
4.19862494023588,0.44050407304451,27.1124539281248,32262.062
4.19892519350355,0.441516695941239,27.1047159383667,32264.984
4.19867635090591,0.436931616556904,27.1034656419888,32267.89
4.19879151763154,0.434659130261197,27.1019382334921,32270.812
4.19913674223598,0.435326524967124,27.0997232348141,32273.718
4.1990198800211,0.437331875418923,27.093708792281,32276.625
4.19878249506955,0.441071162903003,27.0790338547794,32279.546
4.19949045470029,0.4361921519725,27.0694788367232,32282.453
4.19922272423102,0.438331714887364,27.0651250830973,32285.359
4.19935868941146,0.437375936253796,27.064387958452,32288.281
4.19956570780989,0.438481045687874,27.0640972922862,32291.218
4.19875049441105,0.425612333346003,27.0512905371431,32294.125
4.19750130890287,0.421331485322295,27.0394117373475,32297.031
4.19740356106826,0.419784895472928,27.0276799798711,32299.953
4.19761005805765,0.420466663881182,27.0239410173957,32302.859
4.19773019614725,0.417571166444469,27.02643948325,32305.765
4.19760314955766,0.420737170886497,27.0226040760181,32308.671
4.19764304933747,0.413764770311617,27.018204951344,32311.593
4.19812021690121,0.409225626582756,27.0076089564495,32314.5
4.19789512389041,0.417933006770964,27.007372919574,32317.421
4.1977232886943,0.418141341651533,27.0088159554611,32320.359
4.19797143277852,0.417317679507038,27.0145917309152,32323.328
4.19762969382847,0.418932333096477,27.0057785776927,32326.265
4.19789593175348,0.414992649015569,27.0049510460479,32329.187
4.19760026426313,0.416010952961464,26.9761736165984,32332.125
4.19779608258682,0.417414346696738,26.9770562324681,32335.062
4.19805827296645,0.416969525447574,26.9809568999974,32337.968
4.19812444926756,0.421210245101739,26.9771430309882,32340.89
4.19841249166052,0.421143555662438,26.9665517873634,32343.796
4.19831130038463,0.41831230213784,26.9670985830838,32346.718
4.19858846001095,0.418588168082554,26.9579404321944,32349.625
4.19822591603456,0.418012744563958,26.952683213923,32352.546
4.19872103419252,0.4189423126338,26.9462800596988,32355.453
4.19866307297553,0.410507215367287,26.9484326952727,32358.375
4.19877553490749,0.416430701547464,26.9316125663575,32361.312
4.1990600774047,0.416712030715981,26.9253031984733,32364.265
4.19855417540286,0.411785944503081,26.9136493075466,32367.171
4.1987766664614,0.413941079080091,26.9102849330647,32370.093
4.19880852601351,0.414916599311147,26.9086176526942,32373
4.19906617423236,0.420426145601852,26.9107373991562,32375.921
4.19892528611541,0.413191265639528,26.8941697092087,32378.843
4.19916065987556,0.41259787338135,26.8898495737085,32381.75
4.19876011349212,0.413080962123304,26.8823006833908,32384.671
4.19924898044695,0.414731902975782,26.8741992110212,32387.578
4.19930444342236,0.41133977426288,26.8567571170851,32390.5
4.19943995359709,0.415147114946432,26.8512018573138,32393.421
4.19973003624231,0.418336971749319,26.8494047312808,32396.359
4.19889727265319,0.404844717483561,26.8478313088181,32399.281
4.19866592239698,0.405336294795825,26.8498962891525,32402.187
4.19876628921643,0.403027237906546,26.8404472718838,32405.109
4.19909525346339,0.403003267882538,26.8458037765214,32408.031
4.19907101304257,0.40218876665863,26.8349135028274,32410.937
4.19912495722678,0.39938882934917,26.8267226391763,32413.859
4.19907923962308,0.403245844283291,26.8215860843708,32416.765
4.19884513078547,0.40606577418687,26.8253345432526,32419.671
4.19919075121964,0.406903100049582,26.8169036316684,32422.593
4.19967781342131,0.401158089196491,26.8280107174638,32425.5
4.19806885352503,0.393918661983499,26.813849697591,32428.421
4.19836579928566,0.395992208258456,26.7992316155432,32431.343
4.19857155476213,0.391326196440746,26.7941633534187,32434.25
4.1983900451379,0.392659623432651,26.7840349872091,32437.156
4.19864285330114,0.39317651626855,26.7820663926891,32440.078
4.19822014723616,0.394294451784469,26.774329070232,32442.984
4.19862731754227,0.391999099789541,26.7759122595859,32445.921
4.19855552703981,0.392432006151546,26.770405544389,32448.859
4.19862575202268,0.393958054755449,26.7604453840862,32451.781
4.19865087799263,0.394940930176138,26.7602253571756,32454.687
4.19868522694408,0.396130309468206,26.7566261319941,32457.609
4.19876149071497,0.393723311034307,26.7486859651498,32460.515
4.19893076579531,0.393110137223274,26.7496870389885,32463.437
4.19898699942745,0.392967812322508,26.7388063074671,32466.343
4.19912957159745,0.393803484563692,26.7394650492322,32469.265
4.19899090354428,0.393009861619353,26.7185054539328,32472.187
4.19905949780969,0.393768357082327,26.7025514172293,32475.093
4.19912137185184,0.393871091876031,26.7124375272954,32478
4.19912489506921,0.393891804409564,26.6965655235255,32480.953
4.19926558287585,0.392566988980653,26.6871885059588,32483.859
4.19937869023164,0.392813845503882,26.6881208809468,32486.765
4.19936878420917,0.39073502604764,26.686844164581,32489.687
4.19933413550003,0.391820474899014,26.6934279485768,32492.593
4.19958392797151,0.39197060808468,26.6891101881995,32495.5
4.19863248127579,0.383585311295649,26.6907331109913,32498.421
4.19888363600973,0.381389715774516,26.6828784881562,32501.328
4.19877396616748,0.384048808535339,26.6865628591512,32504.25
4.19859922776314,0.38252165570336,26.6740340522799,32507.156
4.19873020522116,0.382434452839861,26.6728657328392,32510.078
4.1988955378296,0.385644032284802,26.6585192947073,32512.984
4.19897103787364,0.382425422605063,26.6596347107335,32515.906
4.19886392043137,0.382186441230401,26.6587001831622,32518.843
4.19909594167714,0.384549847297271,26.6495233228762,32521.781
4.19887939193157,0.380390635789504,26.6403753712071,32524.687
4.19907363347451,0.378783736830004,26.6305448997191,32527.609
4.19917390554664,0.383251670847524,26.6376055608642,32530.531
4.19927672649666,0.379350934661209,26.6304228442778,32533.437
4.19948830748581,0.377500987406674,26.6268974650527,32536.343
4.19927646651514,0.385621034058019,26.6186506048237,32539.265
4.1994670789798,0.378276793547905,26.6072809902845,32542.171
4.19973620770782,0.378547065597021,26.5941721061096,32545.078
4.19857400862278,0.369706286831158,26.6000567198001,32548
4.19880888459397,0.372498321293279,26.60238019575,32550.921
4.19890833492522,0.371315099366821,26.5916240680338,32553.859
4.19879562103739,0.373634113977925,26.5908095368029,32556.765
4.19879096239061,0.372552657674397,26.5881220956476,32559.671
4.19909124862602,0.373099010821449,26.5967908034678,32562.578
4.19905614597882,0.370198430397403,26.5820267339874,32565.5
4.19903115856482,0.369955382999497,26.5847557937559,32568.406
4.19909942019591,0.368545673313111,26.5749870261874,32571.328
4.19894140020104,0.371023880486988,26.5666979112435,32574.25
4.19902770003889,0.369851978560626,26.560989985222,32577.156
4.1990908143364,0.372915749808178,26.5533675967077,32580.062
4.19923458675205,0.365025476915913,26.548312845816,32582.984
4.19923535765398,0.37059665109811,26.5494047892112,32585.906
4.19909816248597,0.368161644619336,26.5455562460804,32588.828
4.19945456867166,0.366723945635599,26.5399682954374,32591.734
4.19927431688122,0.370914637894974,26.5268399723922,32594.64
4.1992356894899,0.37116237147404,26.5257319807727,32597.562
4.19940423565096,0.371722943904253,26.5249272157609,32600.468
4.19950816443863,0.368328108360477,26.5219204977291,32603.375
4.1997795308205,0.370577552102944,26.5237013359885,32606.281
4.19894412819972,0.361636888898483,26.5141026505312,32609.203
4.19906425831895,0.359139758502679,26.5100276067473,32612.14
4.19889181953726,0.357885897002309,26.5113989728407,32615.062
4.19881751811924,0.358635398900272,26.5074358363207,32617.984
4.19889237413265,0.360199685934105,26.4928053723458,32620.89
4.1990722475714,0.359345648055457,26.4910835116865,32623.796
4.19898979137427,0.36057038787096,26.4880983826311,32626.718
4.19901175295415,0.359779590639057,26.4773971544012,32629.625
4.19908047713043,0.358092650101626,26.4778556214472,32632.546
4.1990094667549,0.358949289768161,26.4725577953245,32635.453
4.19939674970961,0.35766652518732,26.471680308735,32638.375
4.19923166716365,0.360405514456328,26.4655856438024,32641.343
4.19956655131194,0.356160207247189,26.451245241271,32644.359
4.19856486391098,0.354323229135887,26.4450501598327,32647.296
4.19849767517734,0.346969655243274,26.437065715142,32650.218
4.19834855044639,0.347763810446287,26.4321751637604,32653.14
4.19859555348475,0.350379542738571,26.4175047514468,32656.078
4.19838137164803,0.347377527315953,26.4303820197831,32659
4.1982818114516,0.351178704302911,26.4310236451205,32661.921
4.19841675054154,0.347812594910209,26.4230646247343,32664.828
4.19859214647556,0.350124101003568,26.4275677226572,32667.75
4.19874482422883,0.348971344766853,26.4255031703607,32670.656
4.19871593249018,0.348428186621962,26.4167314645119,32673.578
4.19894637151775,0.350047516356044,26.410179533653,32676.484
4.19878676823241,0.349637520714492,26.4111793316378,32679.406
4.19881084572048,0.347986617676448,26.3905785224821,32682.312
4.19915230719679,0.346179045375046,26.3869251982161,32685.218
4.19904564648202,0.345963544746957,26.3805640490501,32688.171
4.19902976484816,0.348876927801609,26.3700278839033,32691.078
4.19906493301684,0.349400868635224,26.3586904616866,32693.984
4.19925562305061,0.346507887317798,26.3414751835482,32696.906
4.1990753393057,0.350137308303608,26.3427938405825,32699.812
4.1991997354076,0.351556464812179,26.3345324720364,32702.734
4.19913429138893,0.345403207255051,26.3357372327675,32705.656
4.19933533220728,0.347062654879336,26.3463627151961,32708.562
4.19926444169665,0.343618772714984,26.346153921691,32711.484
4.19936739301186,0.34880767000174,26.341600910012,32714.421
4.1994342341493,0.345029937450741,26.3449569957979,32717.328
4.19964838282466,0.34641708436265,26.339146264593,32720.25
4.19981909344683,0.348914090052948,26.3383491479053,32723.156
4.19967308305934,0.347495875182032,26.3420062952892,32726.078
4.19962440654478,0.349861237931207,26.3357487152383,32729
4.19948938441587,0.347222119318308,26.3422956488198,32731.906
4.19979365990317,0.348119467327192,26.3395557173809,32734.828
4.19991220595042,0.34672691194122,26.3321918003496,32737.734
4.20001677642911,0.348755298741852,26.3222115920045,32740.656
4.2000804681357,0.34137113335304,26.3112491789194,32743.578
4.20006506893723,0.347392622317809,26.309792341765,32746.515
4.20031604836029,0.346803870665481,26.3035660024511,32749.421
4.20010478931917,0.346741857556382,26.3014929817154,32752.343
4.2004870745454,0.34736405044789,26.2906364124191,32755.281
4.20017488906947,0.346210398716481,26.2796573614816,32758.203
4.20029372618052,0.342343572532016,26.2731234795716,32761.109
4.20080114199618,0.348398862926765,26.2817911721559,32764.031
4.19949226177206,0.334889974832976,26.2791315824079,32766.953
4.19948298944172,0.336496946125173,26.2809055430637,32769.859
4.19969939724079,0.335784672438247,26.2699812802782,32772.781
4.19859815940298,0.325241424399577,26.2598741532367,32775.687
4.19881841533688,0.327695708162439,26.252290670406,32778.609
4.19903659501421,0.327486630679615,26.2562062341432,32781.515
4.19807719684067,0.325505683315907,26.2581042054727,32784.437
4.19865708815472,0.328787608467549,26.2373671961561,32787.375
4.19876839608723,0.324411462954513,26.2437146982842,32790.328
4.19865025955808,0.325024058194818,26.2431082252134,32793.234
4.19843159737412,0.324346823812028,26.2369065455424,32796.156
4.19898147419422,0.320335438411342,26.2492349714975,32799.062
4.19864095573019,0.327836528221056,26.2403557005232,32801.984
4.19918254820731,0.325315916624818,26.2322286019999,32804.906
4.19871127366395,0.321618971144505,26.2193444500333,32807.812
4.19883945586602,0.331474812498799,26.2174485227333,32810.734
4.19905169130218,0.3275414704277,26.216857757608,32813.64
4.19908793918821,0.332015158115863,26.2235893286711,32816.562
4.19900791808341,0.327200546772087,26.220874300517,32819.468
4.19894157283502,0.324319449371486,26.2149145544738,32822.421
4.19892051729046,0.319037977401699,26.2142115980272,32825.328
4.19925596235388,0.324297423614713,26.2061193253462,32828.25
4.1993309711451,0.317156986960164,26.2025891412587,32831.156
4.19935710208682,0.325090554355016,26.1918484083343,32834.078
4.1995797248168,0.328067365486015,26.1825843532291,32836.984
4.19939525396241,0.328013501744881,26.1812197652287,32839.906
4.19948866681635,0.325803522180235,26.1861600713982,32842.828
4.1995016618242,0.330528278709237,26.1769667359664,32845.734
4.1995035929058,0.323320567471195,26.182186535979,32848.656
4.19951041905224,0.32357887606116,26.1742415607741,32851.562
4.19929599669756,0.323150052930534,26.1714277953283,32854.484
4.1997433887021,0.322642682797218,26.1722014585455,32857.437
4.19953290760257,0.322448186809925,26.1554309277999,32860.343
4.19963821480393,0.325112508566209,26.1626773135568,32863.265
4.20024404604035,0.323510603295339,26.1614958979258,32866.187
4.19979806812768,0.32254243812836,26.1648353041831,32869.093
4.20017575338873,0.329257363479645,26.1583649430166,32872
4.19964307024536,0.318526406025568,26.1490510585431,32874.921
4.20005950429115,0.32498942276321,26.1419424066207,32877.828
4.19995887937151,0.323081986920921,26.1423754693491,32880.75
4.19998293705101,0.326270852249449,26.1336442460679,32883.687
4.20004621945682,0.325104964011972,26.1308576907601,32886.593
4.19995878898901,0.32500043622247,26.1222837487778,32889.515
4.1998852137799,0.319076499350394,26.115771524585,32892.421
4.20033948735448,0.323558026693136,26.1193751717733,32895.343
4.20032825804569,0.323419194857727,26.1147534213015,32898.25
4.20036809802933,0.325126256251637,26.105731955104,32901.171
4.20049587349797,0.326442963667933,26.1084180852832,32904.078
4.20109362993246,0.318507133158474,26.1073822050112,32907
4.19979473950654,0.312233231029653,26.1014684278888,32909.906
4.19895535638909,0.302047427872964,26.0953536657736,32912.828
4.19884053889535,0.304503255533332,26.0901053914953,32915.765
4.19882720789968,0.305678145469107,26.0818614352838,32918.671
4.1986427104726,0.302398116817491,26.0760201383081,32921.593
4.19888073822681,0.304885123965097,26.0771939375359,32924.5
4.19874571373187,0.304619788336168,26.0810559579412,32927.421
4.19849265096444,0.301747115236895,26.0730502753652,32930.328
4.19865829476797,0.304656599529264,26.0740743691082,32933.234
4.19871694757254,0.303195744202929,26.0637447350404,32936.156
4.19869356608891,0.302561049222352,26.0637996021185,32939.062
4.1988522170659,0.301196402322253,26.0659619286024,32941.984
4.19894000348523,0.303449862157357,26.0563218157106,32944.89
4.19889948545364,0.301352127713718,26.0597879872184,32947.812
4.19883551683972,0.303159442333677,26.0579897654695,32950.718
4.1989235213099,0.302735008039296,26.0555830847076,32953.64
4.19880707718336,0.303706644226968,26.0469586104606,32956.546
4.19905003778636,0.300908833464254,26.0341544510688,32959.484
4.19900352807724,0.303300247130948,26.0285115575347,32962.406
4.19910350032986,0.30159080499467,26.0285431193505,32965.312
4.19892748763021,0.302774608703215,26.0260063346006,32968.234
4.19902026992132,0.305184087957918,26.0305519934072,32971.14
4.19907418347529,0.302858645942197,26.0157012447654,32974.046
4.19906463074552,0.302946249110639,26.0075211143026,32976.953
4.19896978689443,0.29883852363641,26.0124788257867,32979.859
4.19921371172205,0.303530583629129,26.0069992443057,32982.765
4.19901007303765,0.300943707305359,26.0074974198539,32985.687
4.19944103996536,0.302207658952787,26.0103513740434,32988.593
4.19933716851686,0.306217496865304,25.9961007563344,32991.531
4.19947272481243,0.302921120662841,25.9983049169945,32994.453
4.1993448448166,0.302941353794414,25.994398970174,32997.359
4.19957861398648,0.302887481891223,25.9869257523426,33000.281
4.19862415092928,0.294113553979511,25.9854505890383,33003.187
4.19858738907698,0.291445733534119,25.97096857173,33006.093
4.19853554233959,0.290179702789952,25.96858312801,33009.015
4.19859121982539,0.292390580355424,25.9671333504029,33011.921
4.19862189227125,0.292504038218958,25.9625751460899,33014.843
4.19874264941619,0.293853370528972,25.9579794888116,33017.75
4.19849917992671,0.291540821383902,25.962043327297,33020.656
4.19869329532125,0.292358906754221,25.954142257231,33023.578
4.19873646337083,0.293263334749138,25.953393638018,33026.484
4.19887703080898,0.292441743811919,25.9516836483971,33029.406
4.19889418873018,0.29310760632241,25.9410738740104,33032.343
4.19891500633399,0.292061615879619,25.9378275391655,33035.25
4.1987856452547,0.291695763959562,25.9371930860618,33038.171
4.19891125329013,0.288288749129726,25.9279579896716,33041.078
4.19908778567406,0.290886287576742,25.9322051888098,33043.984
4.19899957453949,0.291385668953755,25.9351659193072,33046.89
4.1988794797324,0.292347173633393,25.9293230677947,33049.812
4.19907772815181,0.290066878301474,25.9257281131425,33052.718
4.19903648072859,0.289931295658752,25.9184370067736,33055.64
4.19925720131792,0.289896120137204,25.9234407272023,33058.546
4.19921875662078,0.291891077835388,25.9287046441438,33061.453
4.19910621490102,0.292767682145134,25.9238878067947,33064.39
4.19927839453607,0.289452351483977,25.9251941526584,33067.312
4.19929545825224,0.293022725101446,25.9215593957179,33070.218
4.19933599208696,0.292654590610936,25.9096367900367,33073.14
4.19926879725965,0.292680811086214,25.9016817601096,33076.046
4.19959359883815,0.290266555681338,25.9066580954068,33078.968
4.19923593359608,0.292288040893713,25.8857887061751,33081.875
4.19954534221223,0.289386872417111,25.9005273237144,33084.796
4.19981471640314,0.293541770735914,25.8903181495354,33087.796
4.19961994221083,0.289768487913729,25.8903832939828,33090.765
4.1995939267675,0.287870380593886,25.8931274830405,33093.703
4.19977755706605,0.288802180561285,25.8851091551866,33096.64
4.1997776415571,0.289961215723669,25.887812079387,33099.546
4.19970614418118,0.288289496869294,25.8784183447574,33102.468
4.19989942040333,0.290287003681461,25.8641581923545,33105.375
4.19979163959891,0.292706385235275,25.8610511717254,33108.281
4.20035928954759,0.292919571891316,25.8673557894008,33111.203
4.20015385609563,0.289083549007643,25.8600542176581,33114.109
4.19974223910596,0.290085388719715,25.8655569279821,33117.015
4.20026122910576,0.296371611860013,25.8618451727772,33119.921
4.19997638730271,0.288915411103983,25.8553767768125,33122.843
4.20036018905249,0.289277419369509,25.8642802846221,33125.75
4.20038748000764,0.283380054499087,25.8568112144549,33128.687
4.2002936821788,0.289927986302295,25.8464121421707,33131.609
4.20040848598195,0.287689741739436,25.8513083117221,33134.515
4.20050709831159,0.287391126432308,25.8415334988302,33137.421
4.20032783003909,0.290964857270728,25.844548213103,33140.343
4.20029351165022,0.287464576531754,25.8340226492693,33143.25
4.2006711994008,0.289865047343449,25.8311676537284,33146.187
4.19946635779589,0.278520600492452,25.8226418749714,33149.156
4.19966909062263,0.277472659809768,25.8311913203164,33152.078
4.19876733121533,0.272486498286407,25.8257473608768,33154.984
4.19881815396387,0.270212147786644,25.8209531020842,33157.89
4.19850030274989,0.270148383757026,25.8172310606582,33160.812
4.19847860738281,0.270682099630904,25.8171366946688,33163.718
4.19845399097347,0.270452836550432,25.8191996746208,33166.656
4.19844733903134,0.268918718747172,25.8131662900127,33169.562
4.19882602212955,0.270571810211953,25.8025535636196,33172.484
4.19863690339741,0.27045383274363,25.806555446394,33175.39
4.19865105373065,0.270849879811247,25.8017358396575,33178.296
4.19840958239662,0.271772516094699,25.7976706398655,33181.218
4.19868446859142,0.271123919275473,25.7791145435107,33184.125
4.19860481169693,0.269160209046207,25.7950145669435,33187.046
4.19841228413885,0.266588584540516,25.7905414852913,33189.953
4.19850453050953,0.272003959483621,25.7799461362048,33192.875
4.19882227115569,0.267558214737096,25.7841847482005,33195.781
4.19861862660525,0.269362212333543,25.780269286849,33198.718
4.19884699897733,0.271319746414065,25.7872074197511,33201.625
4.1988765582026,0.268816305447507,25.7779932913765,33204.546
4.19881936222989,0.268827898718725,25.7724816314746,33207.453
4.19871363418093,0.268432276403845,25.7770160840894,33210.359
4.1987100421875,0.270949675967018,25.772505309238,33213.281
4.19868347014195,0.269377953642867,25.7597416806492,33216.187
4.19866386910053,0.267589066236232,25.7638288232151,33219.109
4.19877681213018,0.270491049159565,25.7640749302334,33222.015
4.19891203661633,0.268629110971006,25.7560527032103,33224.921
4.19907454309727,0.269416125279374,25.7452515039618,33227.828
4.1988497879138,0.270229487485153,25.7405038787305,33230.734
4.1988291294559,0.269175782873667,25.7396546591556,33233.656
4.19907833100496,0.269543944430913,25.7413693209651,33236.562
4.19922361779475,0.268588655542102,25.7396271169344,33239.484
4.19908650142187,0.266113691519575,25.7385569856255,33242.39
4.1990686003989,0.270040959334964,25.7371361876345,33245.296
4.19942116292609,0.266132617455635,25.7305638105917,33248.218
4.19941292122654,0.268986183238444,25.7323336628014,33251.125
4.19912579540457,0.270100590626772,25.7408393081904,33254.031
4.19942254563665,0.267941943353417,25.7345272363876,33256.953
4.19961904534043,0.266586142662364,25.724726682352,33259.859
4.19947187739586,0.268686154763507,25.724736428265,33262.765
4.19950798096036,0.266303301632547,25.7227913973524,33265.687
4.19938608068128,0.267086326374594,25.7185325470434,33268.593
4.19945153233139,0.268235896861322,25.7209012871563,33271.515
4.19954523476783,0.265428984477671,25.7189897010039,33274.421
4.19956717927682,0.26894822797958,25.7209644355823,33277.328
4.19973515373611,0.267110804980642,25.7119046868832,33280.265
4.19987156114637,0.267753168209403,25.7029415067775,33283.203
4.1995966010762,0.26636015135293,25.7031779116417,33286.125
4.19984853406472,0.267919514921859,25.7046206885887,33289.031
4.19972733344759,0.266036526744992,25.7022495927035,33291.953
4.19983784288252,0.267896001669887,25.699070593635,33294.859
4.2000739902822,0.264612494084387,25.7010947906008,33297.765
4.1999468732178,0.267318078820745,25.6876691824566,33300.687
4.19997285450113,0.267785797217074,25.687708645521,33303.593
4.19991750891942,0.265205188186289,25.6924405730819,33306.5
4.2000497653131,0.264690150980753,25.683551951143,33309.406
4.2003637574515,0.265028156150421,25.6862835700397,33312.312
4.20017503142781,0.267969185242675,25.6722822344528,33315.25
4.19993528926596,0.266683294280139,25.676200520196,33318.156
4.20017196198391,0.262306929019273,25.6757097928095,33321.062
4.20014869186932,0.266359702611113,25.6751754865341,33323.968
4.20034477371082,0.265817236682894,25.6671162110462,33326.89
4.20065180698202,0.266184130247515,25.6671420912921,33329.796
4.19918845675866,0.25750773846799,25.6639981858115,33332.703
4.19968299254237,0.256403951655695,25.6657583668005,33335.609
4.19863967335129,0.246817668928837,25.6579256552132,33338.531
4.19867041388359,0.247537637530917,25.6457151027534,33341.437
4.19857339272558,0.251226878020557,25.6490917462046,33344.343
4.19854740601014,0.246818173216854,25.6445383873767,33347.25
4.19828439771029,0.244925982236955,25.6337229857403,33350.171
4.19832474830731,0.243382490969589,25.6320613472806,33353.093
4.19845071136254,0.24603371290572,25.6348425946744,33356
4.19837531466077,0.246481820078557,25.6338274194132,33358.906
4.19866269782668,0.245908573843831,25.627376148258,33361.828
4.1984070406989,0.247924067268043,25.637060157775,33364.734
4.19844601006036,0.247579310762243,25.6367883094427,33367.64
4.19836134316678,0.245472862557441,25.6387712367632,33370.562
4.19828797580695,0.247329023353852,25.6373382386612,33373.468
4.19845083400881,0.249471807101664,25.6341035168328,33376.375
4.19837517019176,0.244879560425718,25.6266785200409,33379.296
4.19845428400167,0.245927434302546,25.631026716358,33382.218
4.19855423732451,0.2468856290436,25.616617654859,33385.125
4.19844551918826,0.248715907420575,25.6137338900977,33388.046
4.19843052685467,0.24780706696136,25.6003531733096,33390.953
4.1985868947476,0.246026860884256,25.6021037604108,33393.859
4.19868927446059,0.245587112321251,25.6056835108457,33396.781
4.19844304614274,0.246896568970376,25.6026084874339,33399.687
4.1987052316369,0.246231384976292,25.5936786255213,33402.593
4.19875904371167,0.248537211053484,25.6019064314502,33405.515
4.19883088802556,0.24577194258021,25.5942798981259,33408.421
4.19868225882535,0.245397831133418,25.5964541550807,33411.328
4.19875128696489,0.245967399559578,25.5961486457116,33414.25
4.19856296457107,0.246582224090056,25.5909525365495,33417.156
4.19854456464082,0.247488401948824,25.5994997056772,33420.062
4.19888198189599,0.24578051650295,25.5909446258344,33422.984
4.19872575214806,0.245285724895041,25.5898171291069,33425.89
4.1987433829057,0.247741618285477,25.5858292294725,33428.812
4.19886828050978,0.248203984967811,25.5800394991203,33431.718
4.19887983472526,0.245915570371459,25.5681523989578,33434.625
4.19902537737372,0.246417093007414,25.574365902492,33437.531
4.19912623952108,0.24714639746305,25.5762565508231,33440.437
4.19886130040296,0.246391442907062,25.5654753155973,33443.343
4.19917033921984,0.244187149483442,25.5679691422105,33446.281
4.19924616177452,0.248236999956024,25.5664276537035,33449.218
4.19915374091569,0.245531824291481,25.5698242860882,33452.125
4.19913828128063,0.239406460639417,25.562039453054,33455.046
4.19937630972664,0.245600302281574,25.5713067487859,33457.953
4.19924121950929,0.246425687805297,25.5637071837071,33460.859
4.19926339333263,0.246144776873635,25.5557486008866,33463.765
4.1997178963888,0.247015116905229,25.554417978934,33466.671
4.19913203279824,0.24571470367086,25.5544870236118,33469.593
4.19922701206534,0.242253427307627,25.5419486417184,33472.5
4.19932128995985,0.249930339661281,25.5467215528887,33475.406
4.19981856955519,0.244118596880175,25.5437980740845,33478.312
4.19953796972038,0.244499841868427,25.5374833832786,33481.25
4.19975284112637,0.243182881918311,25.5411543627489,33484.156
4.19958648896668,0.246866258888291,25.5321957349379,33487.078
4.19967638389413,0.244307892432494,25.5363459051927,33489.984
4.19925537855384,0.244110379188734,25.5267683077495,33492.89
4.19974997292418,0.239978468471374,25.5256958968118,33495.796
4.19990367570779,0.243751252966395,25.528891843118,33498.718
4.19961530742227,0.244627525873764,25.5190834980736,33501.625
4.19993751456686,0.244129326326877,25.5236239120466,33504.531
4.19986430159401,0.244309182688297,25.5219423202766,33507.437
4.19983316724859,0.238124909451531,25.5088373858796,33510.343
4.19948216518454,0.242749738920037,25.5057713299097,33513.265
4.19953743884862,0.247325092423345,25.5077903997904,33516.171
4.19986189654582,0.236927509105854,25.4966882613749,33519.093
4.19996873117978,0.245236526017782,25.4918595335568,33522
4.20006901923014,0.243955779182948,25.4943558543973,33524.906
4.20032144990531,0.244531461184977,25.4958069803241,33527.812
4.20018542323275,0.239441933344342,25.50679879553,33530.718
4.20046386395847,0.247096982685842,25.5026364022753,33533.64
4.20018063013736,0.242793888361342,25.493661843013,33536.546
4.2003154741975,0.244061885375264,25.4959294820706,33539.453
4.20022236479647,0.244728909760555,25.4894622829853,33542.359
4.20001939194232,0.242200683255759,25.4908108159917,33545.281
4.20045733511671,0.241537748538469,25.4842099199621,33548.187
4.2004417632656,0.244431416061522,25.4898962558383,33551.093
4.20047266789144,0.248542996488306,25.4744931523662,33554.015
4.20044547120918,0.238279685782689,25.4773584667317,33556.921
4.20066611950489,0.242881788679053,25.4817276679772,33559.828
4.19974032956152,0.232851938463204,25.4742608181016,33562.734
4.19943169815075,0.234587047880499,25.4725730706668,33565.64
4.19948813446775,0.233768079081337,25.4638875075649,33568.562
4.19954152493532,0.233859132757108,25.4694637064,33571.468
4.19957477221532,0.234677535835429,25.4647314557615,33574.375
4.19954862535759,0.234771647719841,25.468718443931,33577.281
4.1993996286353,0.23288605651542,25.4574871568932,33580.203
4.19982376904908,0.232897795255668,25.4503532749887,33583.109
4.19965441097453,0.230200594117488,25.4599027055019,33586.015
4.19975558352795,0.232438021586999,25.4560695362312,33588.937
4.19987947214142,0.232336668952135,25.4542301408779,33591.843
4.1997446004499,0.232887884573144,25.4433354601134,33594.75
4.19985863049899,0.229810073247596,25.447699293604,33597.671
4.19985307455871,0.231081929702273,25.4508166069498,33600.578
4.19973135570921,0.233714300055241,25.4571681022701,33603.484
4.19994049807006,0.233996117940834,25.451706316991,33606.421
4.19999610792499,0.231036143253819,25.4453313979206,33609.328
4.20010558982536,0.231159543080866,25.4529857247003,33612.25
4.20013245443943,0.231954068754747,25.4472754972488,33615.156
4.20008206237218,0.23013308553155,25.4464571450004,33618.062
4.19985018304087,0.233162359787628,25.436351578111,33620.968
4.19988235906838,0.231316904256091,25.4413028308158,33623.875
4.20010691186829,0.231578617448292,25.4390470820316,33626.796
4.19993439332863,0.23189374407334,25.4358567730859,33629.703
4.20035185329654,0.229862805079976,25.4350581738603,33632.609
4.2000458078146,0.230856016528386,25.431475246435,33635.515
4.2001668928953,0.232236066159106,25.4293891725397,33638.453
4.20041032778704,0.230348876599359,25.4207265985609,33641.359
4.20015678090988,0.231474872597409,25.4286220131041,33644.281
4.2002868479319,0.231324662505374,25.4198688872719,33647.187
4.20038621734814,0.231744029123649,25.4219768150682,33650.093
4.20035002635487,0.232318789018155,25.4156369974225,33653
4.20032601268548,0.229458296126836,25.4277386321354,33655.921
4.20041956016116,0.234235254898308,25.4188535587762,33658.828
4.20068121379694,0.230476486860955,25.4146155881462,33661.812
4.19953117694912,0.218923361412021,25.4110128398699,33664.765
4.19967004897242,0.220522029848742,25.4081022804555,33667.75
4.19950510347092,0.222724297327912,25.4065681439095,33670.703
4.1993800588256,0.220324379703208,25.4059489280965,33673.687
4.19974385216023,0.220893913680296,25.3999165180364,33676.609
4.19961812869486,0.221447875752581,25.4024762105986,33679.531
4.19948359032207,0.221181550500186,25.4012795046709,33682.437
4.19976939898192,0.223603744942588,25.4014826162575,33685.343
4.19951541774959,0.223008833883162,25.3981340145494,33688.25
4.19972611457755,0.223324670455069,25.3905279311255,33691.171
4.19961994095648,0.222481087659411,25.3839274565041,33694.093
4.19964715695957,0.22231739658608,25.3768872218924,33697.031
4.19966706872846,0.221269698597655,25.3837854167933,33699.937
4.19978143143212,0.220709920234275,25.384130831708,33702.859
4.19975066571132,0.221289608269942,25.3777330472564,33705.765
4.20031399891229,0.222247554738142,25.3851146419027,33708.671
4.19987163404194,0.221382687627351,25.3760373068734,33711.578
4.19963184659989,0.221850519539033,25.370627879595,33714.484
4.19986230675403,0.227703005272804,25.3669260849803,33717.406
4.19983609476599,0.219247979484361,25.3666165967105,33720.312
4.20072397996424,0.221057297981264,25.3631042025891,33723.218
4.19872415234813,0.213785569940103,25.3597535779872,33726.125
4.19884876128386,0.215287846246894,25.3625578693921,33729.062
4.19893581920018,0.212616267590836,25.3563339421469,33731.968
4.19878230625275,0.208957100439975,25.3529754036335,33734.875
4.19913010944791,0.20410258139875,25.3552395291481,33737.796
4.19905323781785,0.215953364331901,25.349753038665,33740.703
4.19894773122304,0.208091427497476,25.3591009671586,33743.609
4.19888394732004,0.216041611610632,25.3569591455187,33746.515
4.1988317648747,0.210168017462048,25.3471772366196,33749.437
4.19885599111058,0.211656523931373,25.3481748697617,33752.343
4.19896523984457,0.210917535921503,25.3523386886234,33755.25
4.19858479219654,0.208461609748222,25.3440354637478,33758.156
4.19868416853237,0.212465648542065,25.338996527168,33761.062
4.19888601780329,0.212093031490865,25.3366219204985,33763.984
4.19900817304033,0.210911143439521,25.335898159556,33766.89
4.19907949609549,0.215709722174031,25.3337088527454,33769.812
4.19894572994036,0.213407859084722,25.3418819294983,33772.843
4.19886890295867,0.21241937995561,25.3339238478418,33775.859
4.19904457675487,0.211415055902981,25.340024044716,33778.859
4.19880793534381,0.209745801315712,25.3337838817833,33781.843
4.1991409813858,0.21236983933272,25.3251865319544,33784.828
4.19921529970859,0.210806144622084,25.3298159627533,33787.75
4.19902061971789,0.208389256797889,25.3280344904081,33790.656
4.19924120494633,0.211342618292446,25.326689572002,33793.562
4.19922750031374,0.209536889163567,25.3235991539115,33796.468
4.19918431096842,0.210905172794021,25.3187433827057,33799.375
4.19934156176091,0.210093385261019,25.3219521769548,33802.281
4.19948026104092,0.208593623136473,25.3086765009709,33805.187
4.19942945622135,0.212745265918158,25.3130749231445,33808.093
4.19959332631498,0.212111606865933,25.3142388029191,33811
4.1994863255654,0.211555423719277,25.3121262881343,33813.906
4.1992454887878,0.213487811651427,25.3155327956597,33816.828
4.1993072583599,0.2068493764468,25.3049272033062,33819.734
4.19926177416137,0.212009742027742,25.3079801649735,33822.64
4.19945128164562,0.210674554532668,25.312481271307,33825.546
4.19941819338441,0.211389304307847,25.308043407523,33828.453
4.19931461900537,0.211460404937919,25.3067141551762,33831.359
4.19956457694359,0.208415881352022,25.3087634655425,33834.281
4.19951452730098,0.208646300791599,25.3071384602986,33837.187
4.19927754168562,0.209879034560154,25.3042096692248,33840.093
4.19957420316467,0.210091324981949,25.2992254240257,33843
4.19943690979431,0.208525085144841,25.3031342034849,33845.906
4.19961157392886,0.210210685679723,25.3005093866649,33848.812
4.19982748376945,0.208630571325327,25.293122951192,33851.718
4.19982147974557,0.211102144701355,25.2921306864062,33854.625
4.19980835075731,0.209549807411263,25.2948171151559,33857.531
4.19951528479143,0.211427539623197,25.2876081314536,33860.437
4.19970273398329,0.208609474500697,25.283288510108,33863.343
4.1998879805742,0.212051959394764,25.2903693621612,33866.25
4.19965821090038,0.207922872158117,25.2881346484057,33869.156
4.19999053685747,0.208121604131024,25.2811618384803,33872.062
4.19976367022838,0.210531125570332,25.2731614907369,33874.968
4.19978835409987,0.207422602614303,25.277856279262,33877.875
4.19995250845741,0.209105631501499,25.2777893264833,33880.796
4.2000248452504,0.211068919125278,25.2728992685596,33883.703
4.19995268933516,0.209843231561535,25.2649187097023,33886.609
4.20010519134903,0.210463867568074,25.2701203768585,33889.515
4.20031923253546,0.20984581563806,25.2704753908246,33892.421
4.20017470667288,0.210484343558765,25.2705500170106,33895.328
4.20019734543847,0.208607880911727,25.2649048286852,33898.265
4.20017681164853,0.209427102245061,25.2669152702463,33901.187
4.20014750363486,0.209565235040153,25.260220300301,33904.093
4.20029181425026,0.208080928762517,25.2588811275275,33907.015
4.2004367988879,0.207041798082305,25.2542812620017,33909.921
4.20023124615758,0.208993829912587,25.2570622869237,33912.828
4.20034764428586,0.213579386835629,25.2619345194171,33915.734
4.20045701263529,0.208003287929319,25.2548428042019,33918.64
4.20049281337793,0.205682677723627,25.2414114449575,33921.546
4.2004014016585,0.207469368220237,25.2516635343319,33924.453
4.20047332976081,0.212299105090219,25.2561786301698,33927.359
4.20076987435523,0.210347589061441,25.2506773179337,33930.265
4.19964581500896,0.199089906051703,25.245603994509,33933.203
4.19973187901341,0.199787450517327,25.2464876699317,33936.109
4.19954559800096,0.198518402229819,25.2497364696964,33939.015
4.19973917866998,0.199287384379784,25.2394137266193,33941.937
4.19964312643188,0.198593431351879,25.2406625352464,33944.843
4.19961381043256,0.201155805585573,25.2343284702838,33947.75
4.19946732235273,0.198943368293564,25.2308504540483,33950.656
4.19965041925266,0.199058642010321,25.2217587325803,33953.562
4.19977323425108,0.197678698521078,25.2059315264659,33956.468
4.19960569115206,0.198454505511853,25.2008281609238,33959.375
4.19959575703735,0.199374808392797,25.2144835255802,33962.296
4.19946398117865,0.198263454780643,25.21956753673,33965.203
4.19977069216066,0.196352949501188,25.2141126588569,33968.109
4.19955885552452,0.196192566751602,25.2206759452508,33971.015
4.19975081046287,0.199140672852099,25.2275051843414,33973.937
4.19967641659513,0.197162234125632,25.2248955436877,33976.843
4.19984773549434,0.196445571716352,25.2201374798121,33979.75
4.19967818583013,0.197397136528452,25.2204945579586,33982.656
4.19976185290192,0.199666406274006,25.2101973247639,33985.562
4.19978883095103,0.197337792999822,25.2144148303071,33988.484
4.19993510565653,0.198137622598913,25.2084355896162,33991.39
4.19999523441944,0.198023241230472,25.2110870067885,33994.296
4.2000012339261,0.19856428242772,25.2145333962161,33997.203
4.19987289097629,0.198285955855014,25.2168886605362,34000.125
4.19989909737742,0.196231007681058,25.2140855864216,34003.031
4.19965878406888,0.197953630126164,25.2078854310091,34005.937
4.20003334474998,0.198598250564838,25.2055374648341,34008.859
4.20010985010666,0.195565265843235,25.1990274527629,34011.765
4.19997774084531,0.198360398397324,25.1969857946576,34014.671
4.20018332199987,0.198449706759787,25.1924643894688,34017.578
4.19999110368935,0.199396524284134,25.1953290513387,34020.484
4.20022430917536,0.198266715627836,25.1828766087296,34023.39
4.20014876239745,0.196485471366211,25.1880630989647,34026.296
4.20027627758735,0.19585319302001,25.1820499543871,34029.203
4.20037188159158,0.19789369224337,25.1812017884509,34032.125
4.20028759685388,0.198486561123638,25.1947826143511,34035.031
4.20011799357023,0.196417837402973,25.1834706727274,34037.953
4.20021495847394,0.197963717434863,25.183589010294,34040.859
4.20033725104222,0.196787683046109,25.1837962947571,34043.765
4.20030580240454,0.194559637364078,25.1825295536859,34046.687
4.20050243695961,0.198236449293067,25.1767711432033,34049.593
4.20030731486232,0.197006543207034,25.1766444618656,34052.5
4.2004722784989,0.198567852392765,25.1694891389242,34055.406
4.20041642581082,0.19707421928206,25.1676464212806,34058.312
4.20036074704015,0.197185655761739,25.1685029365954,34061.234
4.20075106186407,0.194607493028254,25.1737150554823,34064.14
4.19955894251173,0.186630728526857,25.1751496073923,34067.046
4.19935844819708,0.190719401151289,25.1690590859489,34069.968
4.19969577264616,0.186227536264659,25.1661529957372,34072.875
4.19957047075308,0.186634362327802,25.1663519478641,34075.781
4.19940717976632,0.18805201085744,25.1612857023581,34078.687
4.19952406529452,0.185457764997215,25.1525066145162,34081.593
4.19962095408603,0.188294617821416,25.1541657417528,34084.515
4.19945462733669,0.188016448725591,25.1597984413821,34087.421
4.19968565794686,0.187078383740249,25.1500107752401,34090.328
4.19952373788386,0.186762460463544,25.1525164996964,34093.234
4.19962396404742,0.186599138539885,25.1512202150861,34096.156
4.19948528560785,0.187669334874534,25.1502830113607,34099.062
4.19977278087067,0.185830861663694,25.1517077575555,34101.968
4.19958429517012,0.187615175696123,25.1554384759348,34104.875
4.19969613209183,0.185807310479934,25.1489789691242,34107.781
4.19973026117353,0.187984702149024,25.1486397254275,34110.687
4.19958183897121,0.187375879582063,25.1471150306883,34113.609
4.19974117018072,0.185689268982979,25.1480560578308,34116.515
4.19984023392174,0.187830855159792,25.1363109328377,34119.421
4.19989447558814,0.18712288134059,25.1392703956613,34122.328
4.19974517693128,0.188766888348719,25.1277636668955,34125.234
4.19958914160198,0.185508634291191,25.1285189575209,34128.156
4.20005403488161,0.187643315884316,25.1291902612967,34131.062
4.19973100021759,0.187015763693582,25.13110577636,34133.968
4.1998195379189,0.18597132320858,25.1301727908768,34136.875
4.1996153560913,0.186481457147424,25.127810750315,34139.796
4.2000431354236,0.181621181946197,25.1326903253923,34142.703
4.19987726117178,0.188826851342192,25.1272449144032,34145.609
4.19999412133428,0.185050226554595,25.1233775578042,34148.546
4.19987712744877,0.189252705871746,25.1291821911437,34151.453
4.20001438070265,0.188103690919948,25.1226594145025,34154.359
4.20003550495124,0.190042321873435,25.1243856991907,34157.265
4.20004560679399,0.186356358192052,25.1227342678073,34160.187
4.200120497908,0.186381461119009,25.1215800911868,34163.093
4.20015317852602,0.187418682873881,25.1231014936869,34166
4.20046113929299,0.186317437902641,25.1179261961915,34168.906
4.20013780201478,0.185178770589437,25.1166058762027,34171.812
4.20026807549053,0.186144684529419,25.1211049858183,34174.734
4.20023615598573,0.188166996345776,25.1180565629193,34177.64
4.20042433064666,0.188373051258915,25.1060936516895,34180.578
4.20059257154045,0.188830500917534,25.1074707766251,34183.484
4.19939195237496,0.173556814214437,25.1075831413685,34186.39
4.1995033694282,0.178475573265602,25.1111151974056,34189.296
4.19938991208109,0.176655993489527,25.1096334225915,34192.218
4.19941713755589,0.177045503793177,25.1029092492566,34195.125
4.19951455495882,0.176084615695441,25.0973722401184,34198.031
4.19930524082068,0.179117941439356,25.0978443317289,34200.937
4.1990543568555,0.175033297510804,25.0892707719911,34203.843
4.1991688515969,0.177242071270537,25.0865281928752,34206.765
4.19922502906161,0.177246529838517,25.0869720372308,34209.671
4.19913926686272,0.177620106551153,25.0874355337558,34212.578
4.19941792168193,0.176535978539254,25.0879564327847,34215.5
4.19917258095539,0.177407408813195,25.0874912460267,34218.406
4.19940897324255,0.177740329740861,25.0888132609054,34221.312
4.19911038852453,0.176563394130666,25.0869073023478,34224.218
4.19942006439198,0.176371494097636,25.0826410600267,34227.14
4.19930614101051,0.175718012331577,25.0756024978918,34230.046
4.1997040866251,0.176757031539305,25.0774418203557,34232.953
4.19917644413196,0.17849123950546,25.08557736579,34235.859
4.19921301011854,0.177279259838266,25.0833736318289,34238.765
4.19931355399659,0.176375281162858,25.0804866662237,34241.687
4.19944765271481,0.177857658136484,25.0866587350834,34244.593
4.19960699630319,0.175268014564448,25.0803068099648,34247.5
4.19942215219916,0.176925533382561,25.0783994431545,34250.421
4.19953826916229,0.175243611300362,25.0777145251026,34253.328
4.19931955018721,0.175902670632552,25.0736140546498,34256.234
4.19936810174477,0.175557684892664,25.0738116284334,34259.14
4.19928383303396,0.175694072858317,25.0784978867259,34262.062
4.19926689534544,0.175735442071778,25.0790525364736,34264.968
4.19940138727241,0.175978250087574,25.0636926374477,34267.875
4.19993605222104,0.17644489434435,25.0583963063313,34270.812
4.19965314431722,0.174509249552249,25.0642135970471,34273.718
4.19963012783316,0.177270045977416,25.0676490408252,34276.625
4.19961714600224,0.17947952750128,25.0584751756088,34279.546
4.19969248361923,0.174411329030565,25.0608908328574,34282.453
4.19965598461055,0.176508852316885,25.0554187657252,34285.359
4.199572865377,0.175592869780984,25.06075224264,34288.265
4.19966535023177,0.175471986968643,25.0569613499721,34291.187
4.19966933090688,0.175026853158408,25.0675109042273,34294.093
4.1997215025362,0.176388089517187,25.06159131248,34297
4.19970264185256,0.177014990413521,25.052565398091,34299.906
4.19982699571872,0.179154045644938,25.0571752685496,34302.843
4.19992625134448,0.172413503747519,25.0598428368734,34305.75
4.19988959890403,0.173171044604404,25.0462585456438,34308.671
4.19990953910027,0.174773165064894,25.0409406641252,34311.578
4.19987921715824,0.1756965456566,25.0430437452331,34314.484
4.19982763203784,0.174614252390102,25.0464856380385,34317.39
4.19985406660551,0.176865070051526,25.0449526673071,34320.296
4.19988499705757,0.177469298674189,25.0460202631425,34323.203
4.19988465144906,0.171597076147626,25.0418089423818,34326.109
4.20008602361571,0.176610556204456,25.0358077336365,34329.031
4.20052670048334,0.176035488500532,25.0481317906814,34331.937
4.20005247669964,0.175824614330738,25.0394128813167,34334.843
4.20011583434895,0.175987987944072,25.0396814788844,34337.75
4.2005178756501,0.176561957743399,25.0291595047564,34340.671
4.20016768938846,0.173552880361615,25.033499110801,34343.578
4.20023373814047,0.173022062587078,25.0243920329869,34346.484
4.20037087513757,0.175483831155278,25.0389364932605,34349.39
4.20011646808237,0.174426614523165,25.0283332440386,34352.296
4.20031103495469,0.175146643416465,25.0329073764402,34355.203
4.20016071967561,0.174384993234618,25.0296297948813,34358.109
4.20040349558943,0.177874839568383,25.0273147806629,34361.015
4.2004160056878,0.173512767236262,25.0246682050409,34363.921
4.2005657772362,0.176874979162208,25.0240568230651,34366.828
4.20058205044016,0.17097553813472,25.0208043834194,34369.75
4.20050074195121,0.174576952368561,25.0186909276738,34372.656
4.20082017939857,0.173690897193492,25.0165021723749,34375.562
4.20058638457556,0.175214103239883,25.0211493927895,34378.468
4.20055279195659,0.172558018656455,25.0162773526015,34381.375
4.20047103680977,0.172975073176666,25.0132675615814,34384.296
4.20066780832174,0.173493116533037,25.0137889229096,34387.203
4.20057091866903,0.174968167709114,25.0129047043477,34390.109
4.20056371200467,0.17269932484165,25.0070393071235,34393.015
4.20051401017929,0.173409212435297,25.0088076494913,34395.937
4.20066644615098,0.174010216509537,25.0135322053902,34398.843
4.20062362939766,0.175151961976196,25.0064295195275,34401.75
4.20061092043535,0.173829318555906,25.0009036724441,34404.718
4.20070067038854,0.173113431688493,25.0018805500092,34407.703
4.20089512837297,0.176467988993983,24.9969820738389,34410.671
4.20081651117569,0.175308603964922,25.007098656808,34413.656
4.20076053669978,0.17589736285617,25.0010931725329,34416.578
4.20076056522925,0.176720043061004,25.0053915669253,34419.5
4.20093878020656,0.173933170454759,24.9988692693921,34422.406
4.20101379982974,0.17209760835225,24.9961732907271,34425.312
4.20088949597026,0.171217216004523,24.9887091918645,34428.234
4.20102944250412,0.172664956308188,24.9972210489466,34431.14
4.20123295672654,0.174239577249618,24.9946634698038,34434.046
4.20097545830476,0.172692407648222,24.9909376632279,34436.984
4.20116203540093,0.175378177898027,24.9864457148447,34439.89
4.20123298272806,0.175691838100489,24.9857981688881,34442.796
4.20114321434927,0.17494072233298,24.9841919414176,34445.703
4.20114557461233,0.173443575321292,24.9822696881026,34448.609
4.20116812343958,0.171262598559017,24.9836673006887,34451.531
4.2013667604123,0.17200573036683,24.9796567676927,34454.437
4.20104286848735,0.171961151089215,24.9818557197721,34457.343
4.20139230793885,0.173700041866092,24.9828939303964,34460.25
4.20115902287258,0.17086746297972,24.9755973088731,34463.156
4.20171669113846,0.172235825405387,24.9778966443244,34466.062
4.20031591456929,0.163287363561794,24.9730099476504,34469
4.20047016471525,0.164002877611498,24.973787301374,34471.921
4.20041976882742,0.164637664358297,24.9740755741985,34474.828
4.20024828506236,0.162811969565916,24.9791500816086,34477.734
4.20037134712011,0.165047723816433,24.9788261564785,34480.64
4.20046653437644,0.162686131406275,24.9781496000423,34483.546
4.20035417403877,0.161878310387127,24.9671480432886,34486.468
4.20036744254022,0.162402977898166,24.9710404893793,34489.375
4.20032396124473,0.165695393322209,24.9722068119149,34492.281
4.20025483197875,0.162026427800592,24.968455315751,34495.187
4.20030556809854,0.164764732475529,24.9672490252838,34498.093
4.20035530874861,0.16381209206759,24.9641282793412,34501.015
4.20026589691067,0.165876728463109,24.9676969454637,34503.921
4.20032172260407,0.163701250537166,24.9638604057387,34506.828
4.20043689754654,0.165035624130616,24.9704209912507,34509.75
4.2003919150771,0.162342885003979,24.9667027496118,34512.656
4.20055233620345,0.163720964490486,24.9692981827473,34515.562
4.19960055574082,0.150162360410263,24.9528172560881,34518.468
4.19971916619751,0.157919179993787,24.9565086212602,34521.375
4.19958452535123,0.156461430617003,24.9618374744007,34524.281
4.19954139482292,0.150067666016052,24.9603752294782,34527.187
4.19932385356678,0.152793562357244,24.9605942489498,34530.109
4.19964486827717,0.15358581856998,24.9659131386141,34533.015
4.19953793302774,0.151214324206137,24.9596214265839,34535.921
4.19942387313293,0.156922360631204,24.9587490117976,34538.828
4.19941975175663,0.151626291137325,24.9529107836325,34541.75
4.19931900793669,0.153271651606813,24.957023766849,34544.671
4.19950796295361,0.1547948340658,24.9492675320025,34547.578
4.19915332811029,0.153092203865485,24.9438357437158,34550.5
4.19938281340413,0.150455589575931,24.9363505745192,34553.406
4.19940066182296,0.153572805009425,24.941182738516,34556.312
4.19926320333379,0.157054556009737,24.9392190619353,34559.218
4.19941038449997,0.152994255821317,24.9365914876088,34562.125
4.19929804461226,0.155823989607017,24.9212309891971,34565.031
4.19964883916726,0.155957861127642,24.9300622665201,34567.953
4.19939843340383,0.153473536227534,24.9347145776448,34570.859
4.1994930629435,0.153207330435589,24.9337630784078,34573.765
4.1996665719578,0.153548802785653,24.9257117980099,34576.703
4.19937310963507,0.153915461527104,24.9289627808282,34579.609
4.19964097544683,0.154827786964766,24.9306440607581,34582.515
4.19958077089626,0.155326035412239,24.9183613128568,34585.421
4.19940728566397,0.153733132618774,24.9223940743655,34588.328
4.199657434338,0.153790269799261,24.9336565762905,34591.25
4.19949422204771,0.152935811656662,24.929624315668,34594.156
4.19943433076408,0.152183375169448,24.925568276426,34597.062
4.19930464193956,0.154207687889573,24.9249936963922,34599.968
4.19949875396929,0.153943214933241,24.9229432349246,34602.875
4.19951310319094,0.15371305980733,24.9231147332242,34605.781
4.19954146092257,0.153713150577288,24.9179236411746,34608.703
4.19975560083511,0.156409981413722,24.9157859744506,34611.625
4.19976054967893,0.15136606492781,24.9204481780542,34614.531
4.19948241316101,0.154787029891299,24.9203613536362,34617.437
4.1997161619114,0.156075318615695,24.9245793064185,34620.343
4.19971177257496,0.153185146696369,24.9159042945102,34623.25
4.19996232625244,0.152992494549614,24.919338798588,34626.156
4.19967979435996,0.154865141659365,24.911452702944,34629.078
4.19972474838895,0.151118038119756,24.9056679377224,34631.984
4.19969304476111,0.148500220993896,24.9118301087748,34634.89
4.19971898509193,0.152621713272842,24.9073947953011,34637.796
4.19977961674711,0.154239614354521,24.8976971852579,34640.703
4.19965504264987,0.155972467859485,24.904758004821,34643.625
4.19953223344841,0.151867156269375,24.9024600138039,34646.531
4.19996529931467,0.153065123555902,24.9088559317262,34649.437
4.19988022390664,0.151413351103242,24.9034630003381,34652.343
4.1997356143519,0.151388560122439,24.9017735357713,34655.25
4.19988836320463,0.150399226541994,24.9072234833535,34658.203
4.1995943131037,0.15750859552023,24.8923322738084,34661.203
4.19990452608057,0.154635245987473,24.9006271846838,34664.14
4.1997742986646,0.153565703663329,24.902444847254,34667.125
4.19979872221064,0.154239949130214,24.9013870931318,34670.062
4.19992641173922,0.153569534266727,24.9003724527504,34673.062
4.20002995077108,0.153095772474726,24.8979244880744,34675.968
4.19997983696495,0.150923216313526,24.9025692416989,34678.875
4.20007276609296,0.15374957844989,24.9062726687395,34681.781
4.19989808607528,0.151636372080311,24.901361508694,34684.687
4.20047116054065,0.154614558693416,24.8988207321978,34687.593
4.20028951791872,0.151364455524845,24.9050544876481,34690.5
4.20003785075694,0.152758707908561,24.8957397178975,34693.406
4.20018903502361,0.150767569007811,24.8936277925292,34696.312
4.20010570643094,0.149877526566235,24.890023071798,34699.218
4.20023915262826,0.153841411132282,24.8931040615812,34702.125
4.20026197076687,0.153729430462227,24.8853974815203,34705.062
4.2004663738256,0.150036451931161,24.8776636222788,34707.968
4.20018405520651,0.152290693946741,24.8881000397402,34710.875
4.20048896965579,0.150106423255176,24.8834953952853,34713.796
4.20064042301056,0.152752846502539,24.8856134452727,34716.703
4.1995260773603,0.1376635902304,24.8859332015558,34719.625
4.19937145031859,0.135515870854083,24.8829263747099,34722.531
4.19929301909718,0.142347511897331,24.8802992615838,34725.437
4.1991122826958,0.142617609291448,24.8827472804413,34728.343
4.19905469408947,0.145058421669375,24.8770244334801,34731.265
4.19901123315902,0.141894294887052,24.8726617977519,34734.171
4.19905887108602,0.141731725867423,24.8749165272574,34737.078
4.19902328435817,0.143762527004359,24.8716297130614,34739.984
4.19914298928228,0.145609886404972,24.8746280740879,34742.89
4.19883280811713,0.144259221710234,24.8746675354091,34745.828
4.19927222450869,0.143958797808147,24.868021607493,34748.734
4.19934064379025,0.147109342212949,24.8654432620633,34751.656
4.19903127967441,0.146223850031137,24.8720682389685,34754.562
4.19909517273475,0.143772585746592,24.8721962661682,34757.468
4.19913316920715,0.14205813063908,24.8723600138569,34760.437
4.19927008807562,0.142292544583729,24.8695884093832,34763.343
4.19908310411215,0.142945017065476,24.8704394741769,34766.281
4.19950310773519,0.140957462314805,24.8729407734056,34769.234
4.19898807118979,0.143528529744638,24.8662132780678,34772.218
4.19892075265232,0.138331984698573,24.8733195027049,34775.203
4.19913950469633,0.141535343841541,24.8679659413027,34778.171
4.19944780775685,0.143505647214337,24.8666222371852,34781.187
4.19913633482257,0.141018708362715,24.8751261278032,34784.156
4.19918458945871,0.143151938810471,24.8693838568225,34787.093
4.19906180371973,0.14537526974481,24.8601059372461,34790.031
4.19951280665682,0.143616783840479,24.8679087067188,34792.953
4.19938388599856,0.140442435738075,24.8705638292474,34795.89
4.19906067407885,0.14341203765221,24.8598765192533,34798.812
4.19972357794264,0.143006499351393,24.8564393998399,34801.718
4.19949603161587,0.140473552201288,24.8624504155684,34804.625
4.1994024730763,0.142243483977465,24.8566112127897,34807.531
4.19848386873121,0.146909527028529,24.8499958369922,34810.421
4.19955021156842,0.144641088552781,24.8532076082816,34813.343
4.19950305844974,0.141155277837525,24.8569429015129,34816.234
4.19957883274359,0.14466866053414,24.8463041914848,34819.14
4.19922489114039,0.140393251215533,24.8496326182359,34822.046
4.19934987939232,0.143691910438763,24.8506927504403,34824.953
4.19956616349748,0.146407731308798,24.8489218981571,34827.875
4.19944392718248,0.141496563063227,24.8425197663637,34830.781
4.19930012699296,0.139359463088393,24.8398591435341,34833.687
4.19932244494981,0.141387485470035,24.8481285964904,34836.578
4.19963922707527,0.144647636633275,24.84659631802,34839.484
4.199337803283,0.138674770219923,24.847911484018,34842.39
4.199788260288,0.142469543731334,24.8401135985382,34845.296
4.19948457570906,0.141316786423789,24.8399988610217,34848.203
4.19984138931955,0.140267442182103,24.8372846305214,34851.109
4.19962600103863,0.141708407621534,24.8351400769573,34854.015
4.19954053419074,0.140011994722688,24.8314707286199,34856.921
4.19940118029766,0.137750995494774,24.8313481787129,34859.843
4.1999498864634,0.140447967748873,24.8286636787606,34862.75
4.19978593410287,0.144315702780817,24.8324204335713,34865.656
4.19976867975642,0.140767123506668,24.8330737088545,34868.562
4.1994703333684,0.132998092929538,24.8327464313568,34871.468
4.19963140245941,0.14335712116102,24.8286674331912,34874.375
4.20003425150002,0.144677046724215,24.8241956614302,34877.281
4.19981717520705,0.136284477573301,24.8191892949135,34880.187
4.19976546685886,0.14455211783734,24.824843497299,34883.093
4.19998833709963,0.140420628888374,24.82508843896,34886.015
4.19990599454835,0.139741154276739,24.828885071585,34888.921
4.19967335803148,0.142589664746087,24.8299450083344,34891.843
4.19974574186457,0.140192938318268,24.8218308722867,34894.75
4.20036961293322,0.140431874839053,24.8167633148548,34897.656
4.19982054319873,0.139305260755059,24.8213707246713,34900.562
4.20008691437735,0.138218361190686,24.8214544459287,34903.484
4.20010535920344,0.143346234243309,24.819400654167,34906.39
4.19992078340204,0.142497058081233,24.8163408255057,34909.296
4.20016517403312,0.140649441341678,24.8133572605447,34912.203
4.20034019374018,0.139481554671177,24.8088265809318,34915.125
4.20022096921187,0.142404145840138,24.8143052150697,34918.046
4.19997321620554,0.139222688655679,24.8073870220756,34920.968
4.19981682466295,0.141767174912864,24.7990890045084,34923.875
4.20015007889053,0.139703928676274,24.8077227642892,34926.781
4.20018163366826,0.141110811645799,24.8075331712273,34929.687
4.20010765190006,0.141138091403124,24.8028932510615,34932.593
4.2002670567461,0.138293140682859,24.8104848410149,34935.515
4.20009397544309,0.142433875290614,24.8046762765274,34938.421
4.200534498164,0.142033942265557,24.8111008486697,34941.328
4.20003708562576,0.140575507573108,24.8046921947977,34944.234
4.20052428754816,0.140351179631561,24.8054270410096,34947.14
4.20020853717863,0.138738618475812,24.8066885400246,34950.062
4.20016594727605,0.139006979067688,24.8026802045283,34952.968
4.20021676723012,0.140484989653799,24.8000308737752,34955.875
4.20029602609729,0.139634869726844,24.7956771768623,34958.796
4.20036914400178,0.140802695629189,24.7937405940906,34961.703
4.2006207846787,0.138089592551859,24.7887360226713,34964.609
4.1993264715674,0.128619596430635,24.7934270669706,34967.515
4.19968711898241,0.130022533388452,24.7899700965771,34970.437
4.1994271607983,0.129967410915297,24.7840470092171,34973.343
4.19922857720876,0.126648248535414,24.7909171336443,34976.25
4.19938970733403,0.129136032268719,24.790511124415,34979.156
4.19925969603804,0.130405801367494,24.7884539255229,34982.062
4.19935197371104,0.131673178498384,24.7926017755255,34984.984
4.19921843521069,0.133034409438389,24.7928288357175,34987.89
4.19932236962958,0.127817919023249,24.7847869767599,34990.796
4.19968329799361,0.129805191414658,24.7825662627247,34993.703
4.19958420061237,0.132191791961337,24.7863610196102,34996.625
4.19937143710138,0.130160543885418,24.7809312680463,34999.531
4.19944829687343,0.130331807430027,24.7895735929898,35002.437
4.19904369707879,0.131067233644182,24.7846551953701,35005.343
4.19933782601973,0.131730605465475,24.7921816944614,35008.25
4.19937579099292,0.131818802755222,24.7816579737315,35011.171
4.19928300732943,0.12938116401536,24.7781967962189,35014.078
4.19950154182016,0.130298911850014,24.7743173386173,35016.984
4.19937825836746,0.131348122418675,24.7757010736343,35019.906
4.19943909743953,0.130771248076522,24.7752354684389,35022.812
4.1994608344404,0.129539610032897,24.7796225939842,35025.718
4.19943486736915,0.12902432862791,24.7790663172106,35028.625
4.19953701160324,0.127671823164118,24.7831372310215,35031.546
4.19954952709,0.130765617162214,24.7764088661712,35034.453
4.19957971816774,0.132572532567328,24.7741552689095,35037.359
4.19955798518746,0.13567114573473,24.771788665757,35040.265
4.19968332502506,0.13165982640198,24.7727852929819,35043.171
4.19933602274364,0.132340901518859,24.7689355003258,35046.078
4.19927540309159,0.130837159566225,24.7640761085623,35049
4.19962931026865,0.131890312510059,24.7603663957053,35051.906
4.19956605318165,0.129627367685829,24.7612923234482,35054.828
4.19980126358062,0.130648093481958,24.7667690220769,35057.734
4.19972042430645,0.132361184119242,24.7642399253299,35060.64
4.19971146528709,0.131042107726695,24.7606069483713,35063.546
4.1996147961323,0.128025871119528,24.7676260909855,35066.453
4.19957945750309,0.128226097135407,24.7580598697005,35069.359
4.19988461505127,0.135066114049207,24.7629349876724,35072.281
4.19977700156794,0.130877043572793,24.7570846846913,35075.187
4.19970569026874,0.132354390014159,24.7517576816341,35078.093
4.19994503359124,0.127947026433324,24.7523202821553,35081.015
4.19988185075905,0.130084443488682,24.7558192034679,35083.921
4.19956776831261,0.129986050352749,24.755379164416,35086.828
4.19997905486189,0.129320203021374,24.7515188483631,35089.734
4.19987136361064,0.130422085765786,24.7562451260095,35092.64
4.19969067934394,0.128413391692984,24.7555284725177,35095.546
4.19994099582665,0.129877673375201,24.7550723744609,35098.468
4.19951076943112,0.12532755259642,24.7493110032762,35101.375
4.20005854743836,0.129829808591742,24.7459781380541,35104.281
4.19982674402971,0.13015948866569,24.7476427472162,35107.187
4.19975709912082,0.129542402545641,24.7551320665183,35110.093
4.19993496422235,0.130407339254741,24.7504012945897,35113.015
4.19991029457498,0.128540272128065,24.7522451131432,35115.921
4.19995673141237,0.132416370191251,24.7496823598532,35118.828
4.2001679022083,0.130895307702192,24.7473938302202,35121.734
4.20002429735225,0.129501223020364,24.7586957317252,35124.656
4.20010545684501,0.12899247759365,24.746537082935,35127.562
4.20020303310591,0.129850826299817,24.7440432378138,35130.468
4.20024369690855,0.130321519258787,24.7578368146002,35133.375
4.19999640972587,0.127059195792219,24.7460535726345,35136.281
4.20022157601186,0.131641229731737,24.7468905835662,35139.187
4.20029639794529,0.131725167259837,24.7418422092005,35142.109
4.20022634833712,0.129284955617986,24.7401931084942,35145.015
4.20035567613913,0.128003444947519,24.7401874000909,35147.921
4.20011376136794,0.131172005952067,24.7409673942965,35150.843
4.20038384841698,0.128264335800649,24.7390004804411,35153.75
4.20018166224269,0.130913359540018,24.734135020287,35156.656
4.20019324559741,0.126718096581099,24.7346798652156,35159.562
4.20011303152017,0.13101279336886,24.7370414247522,35162.468
4.20001621214809,0.126717783470927,24.7372110835034,35165.39
4.20046317977177,0.130012136908238,24.7223843065975,35168.296
4.20041389308824,0.129205555990612,24.7308825146292,35171.203
4.20040243864415,0.131708319435337,24.7334300367934,35174.109
4.20057958071673,0.130530428979699,24.7298701980659,35177.046
4.19923674724228,0.120349385162125,24.727357535541,35179.953
4.19955778115756,0.116583358250513,24.7297473460422,35182.875
4.19936419296914,0.12067091138975,24.7307095685313,35185.781
4.19928832515883,0.120443359919153,24.7352408404341,35188.687
4.19938094333299,0.122035150198722,24.7282092487905,35191.593
4.19910149461212,0.118858677795557,24.7321804615748,35194.515
4.19932952694098,0.119099607003482,24.7235281273844,35197.421
4.19976575753847,0.121793784200787,24.7235272531329,35200.328
4.19927597266855,0.117853292788217,24.7299216325043,35203.234
4.19932276582924,0.120190555785873,24.7206605836885,35206.156
4.19918963534694,0.119677277447506,24.7240075138319,35209.078
4.19941639913941,0.121955394408528,24.7211050065965,35212
4.19928410939192,0.119449755787983,24.7220779860231,35214.906
4.19926909299902,0.116612957568203,24.7147385832634,35217.812
4.19933925675406,0.120336472188363,24.7093028674256,35220.718
4.19919498923467,0.118801152165366,24.7057851950065,35223.64
4.19921205399865,0.121310011977855,24.6993876219904,35226.546
4.19942254397397,0.118983868155298,24.7029739084402,35229.484
4.19955173402088,0.117712975641257,24.7079851738382,35232.39
4.19952849890532,0.118328788032849,24.705331735347,35235.312
4.19929414020595,0.121553609089771,24.7034672193302,35238.234
4.19931356646267,0.120377518681191,24.7074029191914,35241.14
4.19916729866419,0.11961754055154,24.7129314265393,35244.046
4.19918791247284,0.120126410901763,24.7129058790285,35246.953
4.19911418092084,0.117698740100214,24.7092786575781,35249.875
4.19922711884346,0.121738285198156,24.7042233511457,35252.781
4.19954082465249,0.117190028725632,24.7064095208797,35255.687
4.19956899238927,0.118184296951667,24.7038801967191,35258.593
4.19935371553969,0.11826690864135,24.7142885731318,35261.5
4.19935778915599,0.120896506239997,24.7039020507895,35264.421
4.19950990956417,0.1221243015828,24.7000695313652,35267.359
4.19957846125557,0.120287116130076,24.7051599482827,35270.265
4.1995377719389,0.118207224026568,24.7024408857861,35273.171
4.19939899909471,0.119885830776586,24.7019867527543,35276.078
4.1995747623662,0.118626332952443,24.703428410566,35278.984
4.19967853923203,0.120134295023062,24.7008098422351,35281.89
4.1997224606289,0.116203726656875,24.7042952012269,35284.812
4.19938541207844,0.117858702386207,24.7021643190185,35287.718
4.19935945324163,0.117806653006658,24.7004999495724,35290.625
4.19962466637383,0.122403250846354,24.7040841346196,35293.531
4.19955201289013,0.117993211362655,24.7034418300205,35296.453
4.19945073428528,0.121796254537019,24.7031323980127,35299.359
4.19979392705932,0.121026032854344,24.6932427338698,35302.265
4.19964032149198,0.118135634357196,24.697135205862,35305.187
4.19980678508898,0.116376741702775,24.6959479994995,35308.093
4.19983949943121,0.118671510257989,24.6927982646903,35311
4.19955563275463,0.11765560909339,24.6944843596895,35313.906
4.19954257774221,0.118534043006415,24.6967691908953,35316.828
4.19978985962802,0.118162243342647,24.6991102176061,35319.734
4.19972594869949,0.118114722777129,24.691203360359,35322.64
4.19980350511631,0.118361457712461,24.6855508229437,35325.546
4.19973096937164,0.117137177426589,24.6923794648934,35328.468
4.19953927754715,0.11937026955811,24.6919219953398,35331.375
4.19980394097589,0.118696214573596,24.6959598203247,35334.296
4.19933392453353,0.117469881431204,24.6928360384101,35337.203
4.19952287686152,0.116049546838858,24.6889496101964,35340.125
4.19981332714886,0.11905801397647,24.6929544940635,35343.031
4.19994426721568,0.119323716548574,24.6854956249638,35345.937
4.19993182440082,0.118628169932117,24.6891708931175,35348.843
4.19983440699826,0.120992475383279,24.6874390277055,35351.765
4.19977002374493,0.11793836792597,24.6880655907579,35354.671
4.19983767588553,0.11965233683994,24.6922539299512,35357.578
4.19994412420629,0.118758511317491,24.6813553472782,35360.484
4.199880775222,0.118190691752518,24.6829687928161,35363.406
4.19980146223286,0.117954528669351,24.6874902253921,35366.328
4.1999544915206,0.116700155598303,24.682038386018,35369.234
4.19999401593571,0.117039622661003,24.6812862028283,35372.14
4.20001571362686,0.117475920343316,24.6797137147897,35375.046
4.2001241986014,0.116960474628606,24.6765618984683,35377.968
4.20015348708726,0.117048875365032,24.6824732436726,35380.875
4.19972709985199,0.119068569259173,24.6741018089241,35383.781
4.1999998099115,0.115340158223507,24.6757486957944,35386.687
4.2001076688121,0.11985226975561,24.679186459782,35389.609
4.19995404393139,0.117030328765923,24.6733985317034,35392.515
4.20030690591664,0.119349184550391,24.67621853276,35395.421
4.19994812884085,0.119918068918844,24.6749937248665,35398.343
4.20012145298617,0.118514297278819,24.6807499952586,35401.265
4.20014819344841,0.114760887257289,24.6721205763619,35404.171
4.20006755879461,0.117682718001656,24.669207744546,35407.078
4.20041265786416,0.11818934732709,24.6665236657285,35409.984
4.2002903640388,0.118570317642983,24.6722388820774,35412.906
4.20035371406039,0.11771023935315,24.6650509019398,35415.812
4.20021845015063,0.117479435823137,24.6628475047554,35418.718
4.20032969417458,0.116321543146216,24.6690022158656,35421.625
4.2003576546508,0.117129087194554,24.6666500200977,35424.546
4.20032014666857,0.11469643093838,24.6710622872348,35427.453
4.20037423917458,0.117401717138276,24.6668227496372,35430.375
4.20016765242053,0.118329809244264,24.6644228908676,35433.281
4.20028183261655,0.117287013871635,24.6625784044259,35436.203
4.20020077383347,0.114683224368217,24.6649616351332,35439.109
4.20058669760961,0.117203990865275,24.6643991296693,35442.031
4.20039096595823,0.117581876495062,24.6758671643205,35444.937
4.20055892471232,0.119701815958389,24.6734239749371,35447.843
4.20046685791843,0.115712412086159,24.6643990308505,35450.75
4.20080406310896,0.1174360882413,24.6675385816662,35453.671
4.20040896981337,0.117187135277288,24.6645312666687,35456.578
4.20067401563424,0.11709772734666,24.6627282813598,35459.484
4.20067578521175,0.115459532275967,24.6593061420376,35462.39
4.20053515512228,0.116712511113568,24.6558264399515,35465.296
4.20047780880715,0.115186040623934,24.6531563490861,35468.218
4.20065164651712,0.116180908158478,24.6529628454775,35471.125
4.20043949138795,0.117138325066721,24.6527412631327,35474.046
4.20041573044175,0.114903244388273,24.6518942908075,35476.953
4.20055064294864,0.116257573816101,24.6506853202767,35479.859
4.20071915180531,0.118994000397852,24.6513885958308,35482.765
4.20047410560597,0.117736786463358,24.6506915166383,35485.687
4.20047045768561,0.116802201413098,24.6527949270047,35488.593
4.20082849940939,0.115696329198022,24.6513211048481,35491.5
4.20067266839491,0.117268538163441,24.6533006969682,35494.421
4.20112645598209,0.116938986563955,24.6478481539026,35497.328
4.20053395198611,0.114456166656738,24.6552078951706,35500.25
4.20062872156926,0.115676116052518,24.6485543366389,35503.156
4.20080435702792,0.114260440126192,24.6402485818813,35506.062
4.20080667693962,0.115411257877424,24.6507015187049,35508.968
4.20073956262065,0.113455595986073,24.6490310812347,35511.875
4.20091920795684,0.116670886770738,24.6463724763499,35514.796
4.20098616757849,0.114964267483442,24.6542462786766,35517.703
4.20081592013759,0.114025880695774,24.6435208559116,35520.609
4.20093272883749,0.115118760606017,24.637060749118,35523.515
4.20068191781815,0.112220943100901,24.6324890056158,35526.453
4.20100624341136,0.117995331599412,24.6392209385721,35529.359
4.2009057761465,0.115178625998708,24.6383815477682,35532.265
4.2010475144932,0.114645948239955,24.6339263931468,35535.171
4.20081695018894,0.116099255805782,24.6454520852818,35538.093
4.20108406466717,0.116226332227321,24.6370800521844,35541
4.20105687507561,0.117431119288939,24.636727939613,35543.906
4.20104301256929,0.115381117305403,24.6310663551616,35546.843
4.20106857232152,0.115678109662491,24.6336904755198,35549.75
4.20127814688365,0.115052899163474,24.6362818183845,35552.656
4.20124352013231,0.115948290591975,24.6346314612173,35555.562
4.20096770201676,0.115609062353904,24.631066344143,35558.468
4.20124403368942,0.113914409764403,24.6328889850424,35561.375
4.20145905971556,0.115965141075982,24.6384606028615,35564.281
4.20100607877441,0.116948891531223,24.6338812187658,35567.187
4.2011680150201,0.113382098783686,24.6415438437831,35570.078
4.20149589270616,0.115479525373445,24.6297791020574,35572.984
4.20142665448259,0.113192100543735,24.6320821310703,35575.89
4.20130892261865,0.116426477410957,24.6370901237117,35578.828
4.20141776466951,0.113722147250072,24.6320006163026,35581.734
4.20137714355694,0.116537641969745,24.6274328529821,35584.64
4.20114617711162,0.115507552700818,24.625655417648,35587.546
4.20153530953704,0.112908010454623,24.6269526504322,35590.453
4.20138544258347,0.114383225613066,24.6243001722065,35593.359
4.20150503577851,0.110859105819718,24.6257475624123,35596.265
4.2012860341535,0.115864310048251,24.6215689573011,35599.171
4.2017960068705,0.115254341925779,24.6237881969273,35602.078
4.20079105182366,0.106975919619358,24.6287946728617,35604.984
4.19949252298606,0.0963732951857598,24.6315205394872,35607.89
4.19944135241473,0.096947114909801,24.6130249761798,35610.796
4.19924184880676,0.0962824065226453,24.6217007193581,35613.703
4.199250693662,0.0942450357214352,24.6181696190263,35616.609
4.19947341636941,0.0935746011674285,24.626600731892,35619.515
4.19916849526917,0.0953158950326681,24.6265476872724,35622.421
4.19904377658394,0.0970108448508194,24.6174789783353,35625.328
4.19889736484787,0.0935301120294327,24.6226473538859,35628.234
4.19907882420689,0.0964854829076452,24.6220903970535,35631.14
4.19925863049343,0.0942993864393787,24.6278806548349,35634.046
4.19923279962339,0.095238929500123,24.6097557378652,35636.953
4.19914061215406,0.0971197015896583,24.6173265224335,35639.843
4.19911319748379,0.0970465464466143,24.6239325833501,35642.75
4.19918755197374,0.0987831168467836,24.6139260791237,35645.671
4.19907983861427,0.0975723090593413,24.6050773063724,35648.578
4.19914865373465,0.0958298167522516,24.6161394099094,35651.484
4.19906011057731,0.0986660117611607,24.6131706235463,35654.39
4.19810198798646,0.0861289246111913,24.6091855597237,35657.296
4.1978298009828,0.0856822416583524,24.6110220295178,35660.203
4.19807999946422,0.0847662022918634,24.6103447010439,35663.109
4.19792124742518,0.0879494178971693,24.6095803213292,35666
4.19790971664717,0.0853540689471152,24.6133508351119,35668.906
4.19763353174061,0.0875712499011185,24.6107434511095,35671.812
4.19766298825842,0.0864716367453049,24.6087232211537,35674.718
4.19680773644221,0.0786605507041474,24.6100839155771,35677.64
4.19657655115357,0.079648104518891,24.6153867086761,35680.546
4.19641661592718,0.0772795315755335,24.6028376006289,35683.453
4.19647424052456,0.0797669165755433,24.6034835005486,35686.359
4.19661767421993,0.076595477571571,24.6030526336766,35689.265
4.19642106483114,0.0795331074224281,24.6123812548166,35692.171
4.19619347402052,0.0770668290392417,24.600828687568,35695.078
4.19630739440917,0.0828423268331939,24.6036354474784,35697.968
4.19621132666999,0.0801973013642431,24.6050005473343,35700.875
4.19656246100033,0.0777887317486116,24.6005348257549,35703.781
4.19619291437336,0.0788934019135986,24.5994483343428,35706.687
4.19631080733706,0.0800558889611025,24.6030305968522,35709.609
4.19635809882845,0.0789352370914236,24.6018477742421,35712.515
4.19592086452546,0.0787237124983569,24.5971122318041,35715.421
4.19585860618842,0.0813889815758787,24.5998867829138,35718.328
4.19645668461198,0.0792133315004162,24.5939953690948,35721.234
4.19603146808561,0.0794136209696422,24.5880006586475,35724.14
4.19608941173852,0.0803197035653551,24.6072752057865,35727.046
4.19622702365695,0.0797948600949531,24.6023297640535,35729.953
4.19602063658421,0.0818383916359207,24.5911113371994,35732.859
4.19610388501047,0.0833078979889911,24.5968154574203,35735.765
4.19607950566954,0.0829419550272197,24.5871258613266,35738.671
4.19580292845123,0.0781021959087892,24.585160140032,35741.593
4.19566967475972,0.0799411373275965,24.590192912499,35744.5
4.1960144220351,0.0797234739926984,24.5884335057746,35747.406
4.19595758227917,0.08049274189853,24.5888395923771,35750.312
4.19599366669599,0.0800551524785141,24.5902760760812,35753.218
4.19614475394227,0.0800608886059255,24.5901849392559,35756.125
4.19603893585836,0.0809817368612106,24.5897127646259,35759.031
4.19593311621971,0.0802346174414266,24.5909693409861,35761.937
4.19576646565425,0.0815860677157679,24.5889603260901,35764.843
4.19593982556727,0.0800480602503642,24.5921070247313,35767.75
4.19606519173154,0.0787779933395409,24.5845032856063,35770.656
4.19582605537098,0.0826332846347368,24.5899882979111,35773.562
4.19575765126078,0.0779136624757619,24.5883206108186,35776.484
4.19589002858771,0.0810043039728092,24.5791875751326,35779.39
4.19572517204591,0.0814085361108301,24.5796084109948,35782.296
4.19593820483068,0.0820975121226544,24.5808291320268,35785.203
4.19580631629371,0.0805225122693409,24.5831401810075,35788.109
4.19581249653253,0.0807706745095651,24.5856009508951,35791.015
4.19564398083491,0.0783033818655084,24.5857376632406,35793.921
4.19558659797189,0.0801453805669239,24.574178616966,35796.828
4.19558656525651,0.0815166858220932,24.5794718970382,35799.734
4.19549152092479,0.0805172762355388,24.5798554442345,35802.64
4.1966078034426,0.091090233757406,24.5803371967417,35805.562
4.19682898033904,0.0872764013208594,24.578312760403,35808.468
4.19665844199787,0.091131331195418,24.5837837943845,35811.375
4.19662997642734,0.0910997682246243,24.5810423967764,35814.281
4.19674194274065,0.0882617417907148,24.579357459473,35817.187
4.1965966264639,0.089664420066557,24.5751580444932,35820.093
4.19578869755827,0.0812000523623533,24.5696969315834,35823
4.19619867266155,0.0799959934558875,24.570309084896,35825.906
4.19581472976476,0.0791825341099641,24.5738332360453,35828.812
4.19600180963162,0.0768569348090734,24.5705026930676,35831.718
4.19586057112166,0.0819207876444104,24.5734204251736,35834.625
4.19568955182501,0.0799860199197364,24.5726119980658,35837.562
4.19579137528481,0.0810455224966892,24.5729873899066,35840.468
4.19575179219733,0.0804737949873035,24.5681458631849,35843.375
4.19554994419821,0.0787132468011708,24.5696193903907,35846.265
4.1967076905445,0.0888068856695667,24.55780589027,35849.171
4.19676242104098,0.0906694683877871,24.5605075727985,35852.078
4.19695532892074,0.0895269502292858,24.5605708685478,35854.984
4.19689101725757,0.0909046085806923,24.5682291298543,35857.89
4.19606233303839,0.0809627496814201,24.5613845106496,35860.796
4.19559916913464,0.0776315032208394,24.5669252497566,35863.703
4.19569320482644,0.0776261779977321,24.5647075911303,35866.609
4.19582100444827,0.0785650862564292,24.571499980893,35869.546
4.19580557821931,0.0787176530863207,24.5638994992671,35872.453
4.19587637451835,0.0810807923412587,24.5632180480039,35875.359
4.19581016176853,0.0799757175510701,24.5613911935049,35878.265
4.19588170105557,0.0831453424975683,24.564503709693,35881.171
4.19552207536738,0.079336488396064,24.5591036657484,35884.078
4.19659870074771,0.0901353721427944,24.5584832204388,35886.984
4.19695437607819,0.0919488932049191,24.5647190838454,35889.89
4.19688998938482,0.0914201591194021,24.5615809069831,35892.796
4.19668919599685,0.0865319994615043,24.5619164214341,35895.703
4.1967130716456,0.0897663996370125,24.5604108733945,35898.609
4.19704612146128,0.0910634356114324,24.5600735476443,35901.546
4.19702147428442,0.090621238655299,24.5550921132478,35904.453
4.19694682290653,0.0906660818699842,24.5509948285945,35907.359
4.19696492629846,0.0872125658450579,24.5551550515965,35910.265
4.19715832024703,0.087746779137307,24.5558128298274,35913.171
4.19578935207096,0.0791355036684231,24.5555263776216,35916.078
4.19585778917208,0.0794894086148987,24.5603207173037,35918.984
4.19636478665881,0.0809449148696523,24.5477796102191,35921.89
4.19590538446721,0.0802840978044805,24.5506496560954,35924.781
4.19576569488515,0.0793668751240709,24.5528540453146,35927.687
4.19591101192781,0.0770153099518481,24.5540269342313,35930.593
4.1961560027594,0.0814336273575143,24.5534205336854,35933.5
4.19628832642586,0.0797150655934198,24.5544695069471,35936.421
4.19579517023454,0.0807845363549639,24.5552796582993,35939.328
4.1960062239264,0.0779199719899212,24.5612506002305,35942.234
4.19589340950324,0.0791677590771455,24.5556565125482,35945.14
4.19616153192214,0.0789363332091858,24.5473982901696,35948.046
4.19581068161689,0.0807453998099883,24.5489684396462,35950.953
4.19583425664999,0.0780197016421341,24.5534406481747,35953.859
4.19609061008594,0.0796306917877115,24.54555957488,35956.765
4.19581952310933,0.072153032085248,24.5442058237216,35959.671
4.19540627421332,0.0825048556127654,24.5487433286008,35962.578
4.19683150132611,0.0946394169574369,24.5455732568226,35965.484
4.19637191583551,0.088377055414405,24.5508902990404,35968.39
4.19691602786514,0.0916336660580961,24.5483916565108,35971.296
4.19710884075996,0.0893719532857233,24.5466709931069,35974.218
4.19731168736735,0.0878998225270055,24.5513663501239,35977.125
4.19699488972186,0.0889085306804805,24.5548173161135,35980.031
4.19692083386501,0.0925054041362924,24.5460178139758,35982.937
4.19728732544119,0.0876206899290453,24.5421438704158,35985.843
4.19703874346878,0.0894830292694592,24.5436977516732,35988.75
4.19714370586375,0.0906568061670315,24.5422684175331,35991.656
4.19734314023273,0.0909297410223597,24.546769415108,35994.562
4.19721416582259,0.0878688109604753,24.5448691734245,35997.468
4.19757807722542,0.0916521542258223,24.5465846726078,36000.39
4.19726060770613,0.088410407840651,24.5425326706657,36003.296
4.19720756082399,0.0887791063627317,24.556391710405,36006.203
4.19695607738846,0.0893206571799497,24.5433687611935,36009.109
4.19680827658007,0.0883271874777638,24.5358797842271,36012.015
4.19747278369056,0.0890289344539109,24.5402766940073,36014.937
4.19660019844175,0.0808476390531787,24.5351136651995,36017.843
4.19646162978441,0.0785309314679316,24.5382268899625,36020.75
4.19623176888529,0.0813212761916796,24.5391256401435,36023.656
4.19635266138225,0.0793840625232765,24.5391987588389,36026.562
4.19598076986163,0.0784572065242357,24.5428335168061,36029.468
4.19623475751748,0.0815278168690296,24.5387174120875,36032.39
4.19625176885972,0.0799698239509796,24.5321195879084,36035.296
4.19631550525582,0.0779009430330041,24.540180736594,36038.218
4.19621772542286,0.0798037783931476,24.545085575938,36041.125
4.19616207223044,0.079474901803735,24.5361017329041,36044.031
4.19618383404445,0.0778842253772096,24.53144976037,36046.937
4.19637658949755,0.0823977974753871,24.5384660179219,36049.843
4.19625250564241,0.0811200392237336,24.5356847150533,36052.75
4.19607372176426,0.0801193497934413,24.533673675822,36055.656
4.19616915901778,0.0793732431889899,24.5304733771837,36058.578
4.19637069346523,0.0794394155876684,24.5349145631226,36061.484
4.19633558595323,0.0790883894610597,24.5310286884832,36064.406
4.19599574738721,0.0809981962156927,24.531503184532,36067.312
4.19619605367463,0.080652159679167,24.5316195232996,36070.218
4.19641269471148,0.079156240364361,24.5392326941251,36073.125
4.19647086280556,0.0799942320274457,24.5333262832141,36076.031
4.19635651983504,0.0786206480338528,24.5358787011411,36078.953
4.19616751142956,0.0801975139867977,24.5364296273337,36081.859
4.1964094505125,0.0802739258147207,24.5313549479835,36084.765
4.1965640320808,0.0789947270212011,24.5361485154235,36087.671
4.1964914411546,0.0778548245158539,24.5223189841764,36090.578
4.19648212621913,0.079113524090661,24.525521407199,36093.484
4.19653396949359,0.0764036934831399,24.5302207737885,36096.406
4.19625403165197,0.0793801858855688,24.5321706796458,36099.312
4.19645248213659,0.0817453842844426,24.5246480535912,36102.234
4.1963371548835,0.0793704122824589,24.5262131152941,36105.14
4.19628605512563,0.0806648533323728,24.5218867933629,36108.046
4.19648713884081,0.0809909914686881,24.5255687282324,36110.953
4.19619701747056,0.0800713228147028,24.5221946116043,36113.859
4.19657266959811,0.0783629139242601,24.5214536224717,36116.765
4.19670660017937,0.0791889888669795,24.5278065324061,36119.671
4.19609709859523,0.0808680175210907,24.5302111219827,36122.593
4.19658717785083,0.0810356261554318,24.5372903235956,36125.515
4.19651412690854,0.0774339318974224,24.5309591051603,36128.437
4.19607327810272,0.0773480606139517,24.522050451806,36131.343
4.19655256546896,0.0803324504617011,24.5236721712166,36134.25
4.19621212677692,0.0784727880619098,24.5247273546135,36137.156
4.19646764525321,0.0790619164241101,24.5209797849669,36140.062
4.19624700258894,0.0777300639707925,24.5210610384092,36142.968
4.19615697566921,0.082190433572877,24.5210152572898,36145.875
4.19637569468344,0.0792544095653734,24.5300523522248,36148.781
4.1964636384221,0.0792758351848302,24.5245034754782,36151.703
4.19651855082133,0.0779951035099887,24.5242486681796,36154.609
4.19645678663513,0.0812899719864586,24.5131060109551,36157.515
4.19638442137237,0.0822579631284022,24.5149746628956,36160.453
4.19634588459297,0.0795152907657532,24.5209758987716,36163.359
4.19660190554827,0.0777354780452885,24.5204742813355,36166.265
4.19650868232317,0.0802176100900601,24.5212032188502,36169.171
4.19629548107692,0.0794253306861266,24.5180794448716,36172.078
4.19644478356845,0.0791682634975798,24.51353019754,36174.984
4.19652738379701,0.0792090018810533,24.5207229446992,36177.89
4.19688143947079,0.0784536940461711,24.5200751837864,36180.796
4.19653972545902,0.0779392429692972,24.5158342479059,36183.703
4.19648195380103,0.0784224486890736,24.5100696860412,36186.609
4.19628627285635,0.0814424253220207,24.5159916722972,36189.515
4.19650457265791,0.0786525967329925,24.5069657120835,36192.453
4.19657461984419,0.0784335334855956,24.5055694937705,36195.359
4.19672342140813,0.0800853381037981,24.5072210972919,36198.265
4.19690695867825,0.0771745840703391,24.5128409498912,36201.171
4.19662562215609,0.0793015264307907,24.5034737427225,36204.093
4.19685573091371,0.0797396874236043,24.5064762123121,36207
4.19666835910206,0.0783306034916569,24.5124282928099,36209.906
4.19663324270012,0.0818252727587898,24.5114364739602,36212.812
4.19662980214118,0.0804469412623148,24.5138348427069,36215.718
4.19675960461892,0.0801369115327568,24.5059927054423,36218.625
4.19652658621647,0.0798695453018605,24.5068023362488,36221.562
4.19680323016847,0.0763785339830637,24.4973672576627,36224.468
4.19654203975827,0.0807080762137983,24.4972941776173,36227.375
4.19660732984653,0.0791984105578883,24.5107075709204,36230.281
4.19685376317785,0.0795729752129424,24.5070631324321,36233.187
4.19681979229844,0.0805444708627712,24.515809989154,36236.078
4.19688348481314,0.0784252123909625,24.5116343824656,36238.984
4.19669339835674,0.0786578567304507,24.5094162100947,36241.89
4.19680369853878,0.0763072420152987,24.502537504691,36244.796
4.19677304999953,0.075567989195096,24.5036302052273,36247.703
4.1967648330707,0.0805360547592692,24.4961923664485,36250.609
4.19682145480033,0.0775351240549968,24.4951150076009,36253.531
4.19646899817749,0.0794732931183203,24.4990720127276,36256.437
4.19709417428323,0.0797132995906674,24.502136037155,36259.343
4.19686471342539,0.0805129322698374,24.503637299319,36262.25
4.19663869903394,0.0789136754751444,24.5017940980714,36265.156
4.19685307713126,0.0767150375822393,24.5011881431245,36268.062
4.19686999217611,0.0772313773641665,24.4968813903669,36270.968
4.19707804517085,0.0790464871997921,24.5019622463197,36273.875
4.19677903057657,0.0759406870143583,24.4980212516672,36276.781
4.19690129385513,0.0793689743775779,24.4972763362753,36279.671
4.19687590589955,0.078605339639924,24.4943902337869,36282.578
4.19702573668509,0.0782168977006481,24.4902396532114,36285.484
4.19669398075608,0.0788775026428445,24.487578697084,36288.406
4.19679148992123,0.0739047310023355,24.4837675244283,36291.312
4.19714650683784,0.0781101889011684,24.5037832907985,36294.218
4.19665102470692,0.0771872994257198,24.4917488135957,36297.125
4.19662754628594,0.0779718993214889,24.4888704855992,36300.031
4.1968271987824,0.0783236212557308,24.4891771487944,36302.921
4.19724770383659,0.079291762011676,24.4887602763446,36305.828
4.19696042090284,0.0788909012882467,24.4888908536281,36308.734
4.19609256438274,0.0707478420541365,24.4903329235786,36311.64
4.19690958383341,0.0803846112573542,24.4914231977969,36314.546
4.19660485309014,0.0774540475491034,24.4933157891186,36317.453
4.19696252582056,0.0781736437818408,24.4970353967683,36320.375
4.19722006141877,0.0811125077421851,24.4977426214709,36323.281
4.19700150193751,0.0802750485555372,24.4884816025917,36326.187
4.19690787445151,0.0778501631242041,24.4921881767146,36329.093
4.19713600906613,0.0771040151241919,24.4923243024695,36332
4.19718206329531,0.0771914374150705,24.4929937253715,36334.906
4.19725690507595,0.0770786980611096,24.4971481551579,36337.812
4.19701803026099,0.076627050894531,24.4871166244398,36340.718
4.1970685482564,0.0794039227732058,24.4845484780633,36343.625
4.1971306018866,0.077736004243967,24.4863657410129,36346.531
4.19697136168143,0.0797296138410779,24.4846139884628,36349.437
4.19719118840171,0.0775434346639083,24.4802221874188,36352.343
4.19716731064125,0.0775832582657699,24.4824900474714,36355.25
4.19703566207943,0.0791678509714864,24.4950083116997,36358.156
4.19715339012056,0.0751584683042955,24.4890143307255,36361.062
4.19701146447624,0.0785160753607535,24.4830979450964,36363.968
4.19708630035367,0.0774144142159914,24.4893368425695,36366.875
4.19712552208977,0.0791235065648013,24.4844510369058,36369.781
4.19706342010195,0.0787280948853208,24.4918143420517,36372.687
4.19740894298645,0.0793171458740115,24.4960356407918,36375.593
4.19689388777602,0.0781878896537643,24.483852769985,36378.5
4.19704049652464,0.0776260588532571,24.4879857580995,36381.406
4.19730823550357,0.0746326318241219,24.4853422991212,36384.312
4.19716971923842,0.0778630346813587,24.495300760826,36387.218
4.19730541654715,0.0750285826249167,24.485350436593,36390.125
4.19712754112798,0.0781947584951284,24.4807709989501,36393.031
4.19731790806436,0.0763640639287503,24.4743307812351,36395.937
4.19713552256685,0.0764086807142655,24.4862195693381,36398.843
4.1974265224122,0.0765678109036696,24.476363310212,36401.75
4.19745731302249,0.0766437760070107,24.4744928107562,36404.656
4.19740552471845,0.078686091339155,24.4784176969502,36407.562
4.19737410052982,0.0774602807985444,24.4773393090492,36410.468
4.19738414075149,0.0787637769842234,24.4680241687871,36413.375
4.1974201641156,0.0770566510947879,24.4775820037451,36416.296
4.19735543908109,0.0772742926560619,24.4709774222568,36419.203
4.19749144837998,0.0762973826205398,24.4774341458091,36422.109
4.19750197608876,0.0760840720135747,24.4768948972327,36425.015
4.19757195804697,0.0733346513640584,24.4695154251463,36427.921
4.19745834813235,0.0761711782421658,24.4738424296609,36430.828
4.19763307707867,0.0773690102474506,24.4689387151951,36433.734
4.19739916066296,0.0771432036968159,24.4718507832002,36436.64
4.19721085621467,0.0774194467856753,24.4730321098475,36439.546
4.19745846130105,0.0750115073461359,24.4726630434132,36442.453
4.19725602806354,0.0779538987809307,24.4735246799753,36445.359
4.19751304902268,0.0752535585953105,24.4792182818155,36448.281
4.19748818854784,0.0782938645899856,24.4738307374482,36451.187
4.19733660546386,0.0761057574180857,24.4749155571174,36454.093
4.19748468352727,0.0776472842506154,24.4741080737986,36457
4.1976887305628,0.0776951327187976,24.4762530790762,36459.906
4.19768965202507,0.0762879940191868,24.4681218657926,36462.812
4.19730651897294,0.0769328002273599,24.4710297530824,36465.718
4.19756392185422,0.0769166467289898,24.4697614805515,36468.625
4.19745699594041,0.0765484189473534,24.4651170738109,36471.531
4.19738097856657,0.076623265902063,24.4652475810028,36474.437
4.19762888486296,0.074249074601192,24.4758859870316,36477.343
4.19755777309648,0.0739022982337083,24.470662649251,36480.265
4.19762189460352,0.0774999643791925,24.4640616419817,36483.171
4.19777066970333,0.0764079806878529,24.4670114252878,36486.078
4.19779787905968,0.0764996290465642,24.4674181188913,36488.984
4.19765682865375,0.073273508853767,24.4654897432471,36491.89
4.19766243314587,0.0771493684896951,24.4616967959578,36494.796
4.19763804823396,0.0763901194817024,24.4619870923323,36497.703
4.19791907633362,0.0753049184565656,24.4623027593888,36500.609
4.19754811469525,0.0769995931432872,24.4606057467973,36503.515
4.19752091695038,0.0791127622890432,24.4530788592239,36506.421
4.19760128870062,0.0764349488588342,24.4604320757627,36509.328
4.19781795837295,0.0767854721082837,24.4678506719714,36512.265
4.19773511913368,0.0776702770185094,24.4708869990452,36515.171
4.19789914410524,0.0753867199120783,24.4716018693239,36518.078
4.19767032731564,0.0760038567104436,24.4621764810113,36520.984
4.19781003964551,0.0770618666054286,24.4562239739013,36523.906
4.19781845321063,0.0758072833206519,24.4623881004087,36526.812
4.19789796923967,0.0746487104360701,24.4667859023796,36529.718
4.19775350118117,0.0765525867515564,24.4595392279509,36532.625
4.19772216378343,0.0751206310677165,24.4642374609993,36535.531
4.19766201545659,0.0769767934817258,24.4518780443359,36538.437
4.19785124467621,0.0756507286585845,24.4640225733401,36541.343
4.1978198462629,0.0787282598595134,24.4538198689444,36544.265
4.19776281144261,0.0738261543464476,24.4543631900465,36547.171
4.19798111795239,0.0774427714624577,24.4534203935364,36550.078
4.1970778903555,0.0686023310846234,24.4555798815156,36552.984
4.19698334464352,0.0681038973882911,24.4622630079876,36555.89
4.19592071106106,0.0571827861651168,24.4625184440765,36558.796
4.19551123207247,0.0594109324680781,24.4563938116392,36561.703
4.19679604752561,0.0681082518283429,24.4612147186376,36564.609
4.19667286831126,0.0676658524791756,24.4509113997202,36567.515
4.19676365578781,0.0665701222187046,24.451575183048,36570.421
4.19670278552274,0.0678858722804632,24.45524836301,36573.328
4.19697877812626,0.067090488832523,24.4572989999684,36576.234
4.19698706951092,0.0682966702967279,24.4667369068562,36579.14
4.19673178083271,0.0672802044159694,24.4610926697391,36582.046
4.19671892122582,0.0646670416061235,24.4549872696229,36584.953
4.19578074359858,0.056694001252363,24.4621866178195,36587.859
4.19559518211727,0.0566125665140719,24.4550883554737,36590.765
4.19543332367452,0.0589059866273012,24.4458105949433,36593.671
4.19623699338528,0.0680568719522413,24.4550031328467,36596.578
4.19779704101725,0.0771092916705147,24.4487565114501,36599.484
4.19778252311963,0.076635007432007,24.4506985427332,36602.39
4.19774723705692,0.0743687805905344,24.4429395008493,36605.296
4.19774229364502,0.077992190499662,24.4550780658607,36608.203
4.1977138937802,0.0776916073630644,24.4487013567171,36611.109
4.19798251686593,0.0792374618318674,24.4469328756945,36614.015
4.19783862548002,0.0733479318946834,24.4448422606348,36616.921
4.19795374091762,0.075833742030977,24.4428959835425,36619.828
4.19792350936018,0.0769413566461249,24.4399047068012,36622.734
4.1980551957107,0.072574400258215,24.4446701651937,36625.64
4.19788680967799,0.0776398196937494,24.4407488426722,36628.546
4.19771362951084,0.0760969343068749,24.434252638655,36631.453
4.19803828955908,0.074623245943486,24.4327355614324,36634.359
4.1979664765187,0.0765971150369191,24.4286117669326,36637.25
4.19817703941059,0.0726727387346703,24.4352634932498,36640.156
4.19785547436812,0.0720481363040901,24.4427857254115,36643.078
4.19820994883165,0.0715897599119437,24.4358648535752,36645.984
4.1980297849733,0.0771456836901556,24.4438146043988,36648.89
4.1979500223776,0.0778919892855465,24.4429530216898,36651.781
4.1981551659547,0.0760961630240967,24.442657238276,36654.687
4.19801126664462,0.0768394847474098,24.4334761014564,36657.593
4.19799764123278,0.0739820096455238,24.4354595197571,36660.5
4.19833668055627,0.0769512564816249,24.4472621611031,36663.406
4.19840404261295,0.0762245502992792,24.4399544318161,36666.296
4.19804852216605,0.0743426399667279,24.4445084457769,36669.203
4.19805315841587,0.0759590224018617,24.4441627732171,36672.109
4.19815524398164,0.0738951269863934,24.4536534294347,36675.031
4.19812577436727,0.0785503387599301,24.4434099407366,36677.937
4.19811218638244,0.0742170676821664,24.444547408845,36680.859
4.19825677190826,0.0753638515306491,24.4435601766225,36683.765
4.19854688280069,0.0703611570407054,24.4425877172125,36686.671
4.19821552993029,0.0742753918234781,24.4373755779448,36689.593
4.19832998435333,0.0746829378244412,24.443806750066,36692.5
4.19859207075801,0.0735462923686189,24.4300042920375,36695.406
4.19844907927424,0.074361885557351,24.4398512375277,36698.312
4.19827544635063,0.075422201551457,24.4367355461869,36701.218
4.19829978354273,0.0750421932293623,24.4317035890354,36704.125
4.1985871799444,0.076173583748491,24.4309866107775,36707.031
4.19862115701341,0.072760710302615,24.4287700068346,36709.937
4.19845842147069,0.0737804364700247,24.4380460888778,36712.875
4.19844189974446,0.0747370198772482,24.427658965053,36715.781
4.19856494122089,0.0752332912997468,24.4218606273485,36718.687
4.19854369891343,0.0748118976235356,24.4295940693941,36721.593
4.19862163934478,0.076705900924983,24.4194796811601,36724.5
4.19854851777234,0.0759144034932207,24.4366015308213,36727.406
4.19837673454898,0.0744076187052396,24.4260276497306,36730.312
4.19873805569131,0.072801096765669,24.429686619897,36733.218
4.19868319821026,0.0768702338986919,24.4462821923968,36736.125
4.19865746148627,0.074452980877703,24.4364748029473,36739.031
4.19865184324083,0.07342237131717,24.4326361186189,36741.937
4.19854420765851,0.0734716393647973,24.4384072724731,36744.843
4.19870736590753,0.0733250644360331,24.4275028291895,36747.765
4.19899954987128,0.0730708317829865,24.4270723888068,36750.671
4.19858255843796,0.0774274946609758,24.4303797870836,36753.578
4.19876910886769,0.0781888063846524,24.4253948757976,36756.484
4.1986072070504,0.0715487560261727,24.4277777242458,36759.39
4.19878043956531,0.0709760529757485,24.4298917320601,36762.296
4.19876018507381,0.0715745057915095,24.4259072752394,36765.203
4.19894888252654,0.0742764463995881,24.429062295434,36768.109
4.19882093194863,0.0743218882966059,24.4199800267806,36771.015
4.1988148579537,0.0767325387916808,24.4250240289135,36773.921
4.19866942048217,0.0731327321586778,24.425046123337,36776.828
4.19872292399405,0.0754814242120019,24.4257907478779,36779.734
4.19880276254385,0.0774933011255706,24.4307828668381,36782.656
4.19894336304373,0.0792014943086512,24.4342946517482,36785.562
4.19888612572794,0.0738535202447887,24.4286317902838,36788.468
4.1988172846566,0.0752308594874025,24.4294989962634,36791.375
4.19896644611582,0.072968710299561,24.4323380878452,36794.281
4.19879868767903,0.0755500258435753,24.4248359580894,36797.187
4.19886481012826,0.072238126940134,24.4224021816057,36800.093
4.19881748585073,0.0695142007845547,24.4345939101298,36803
4.19910442901672,0.074757982721289,24.4337400587694,36805.906
4.19905288143385,0.0748490587352486,24.4271767025333,36808.812
4.19919859137702,0.072123684587888,24.4273269875457,36811.734
4.19917329453458,0.0717761257515221,24.4170906367771,36814.64
4.19926732672971,0.0713328244970983,24.4158874571274,36817.546
4.19878552792725,0.0724159658869338,24.431871602834,36820.453
4.19920693338161,0.0717609404180712,24.4289472565745,36823.359
4.19896811226815,0.0723015600276604,24.4288364926054,36826.265
4.19885506626369,0.0741626681927723,24.4259893382757,36829.171
4.19901928127444,0.0744436759402508,24.4166604638641,36832.078
4.19884330903927,0.0718892510328549,24.4209612427945,36834.984
4.19919714536863,0.0724606032119541,24.4213620622098,36837.89
4.19816285694623,0.0596003706626299,24.4236166489973,36840.796
4.19800200428853,0.066303952894571,24.4186956711433,36843.718
4.19823422131873,0.0645356512926114,24.4270946323329,36846.625
4.19819321276689,0.0646284881656315,24.4229352858916,36849.531
4.198099797856,0.064867003185174,24.4228564142026,36852.453
4.1978077827125,0.0652933916666832,24.4199499953615,36855.359
4.19827769769128,0.0645379471803535,24.4243238705922,36858.265
4.19711196267479,0.0517928208017397,24.4198641626126,36861.171
4.19705233946265,0.0551371560687667,24.4250781526298,36864.078
4.19674974088587,0.0534622986404135,24.4108667966849,36866.984
4.19684867108523,0.0526799648107055,24.4227211332791,36869.89
4.1969725605828,0.0539089223250046,24.4136029981999,36872.796
4.19704278473794,0.0511345591736075,24.4258277267838,36875.718
4.19686597265085,0.0552029775391778,24.4239055429454,36878.625
4.19674924486468,0.0567539461217103,24.4281257469593,36881.531
4.19669863896348,0.0563876767848656,24.4291669731265,36884.437
4.19679760446343,0.0537018916272493,24.4179282426317,36887.343
4.19655567240785,0.0553067493598575,24.4162259926894,36890.25
4.1967848542212,0.0590139453515387,24.4170849277044,36893.156
4.19554813664777,0.049743293397418,24.4176637441864,36896.062
4.19648994726637,0.0539506765083111,24.4069607702309,36898.968
4.19645544940884,0.0540719216474164,24.4161287158054,36901.875
4.19674518050715,0.0560024725814561,24.4150321105806,36904.781
4.19658575883336,0.0564747175034161,24.4099308038018,36907.703
4.19635512686026,0.058928272242237,24.4183950094372,36910.625
4.19650768319809,0.0571273381055254,24.4113003136084,36913.531
4.196876565389,0.0564130480192745,24.4120764790239,36916.437
4.19640654700128,0.0579249284263591,24.4087236135976,36919.343
4.19603718857744,0.0575579850844896,24.4076290548329,36922.25
4.19640727902016,0.0540795133605712,24.4093491787324,36925.156
4.19634358631221,0.0552738679899911,24.4072233544192,36928.062
4.19636911228393,0.0563130326807188,24.4020767183242,36930.968
4.19658908687786,0.0550667218720621,24.3982765016826,36933.875
4.19637466083079,0.056006911982494,24.4016339376417,36936.781
4.19625178850929,0.0567065292041441,24.4049726638812,36939.703
4.19661632174752,0.0559301497183526,24.4042480216974,36942.609
4.19621291916125,0.055366956948594,24.4056053230658,36945.515
4.1962123670773,0.0554670615935887,24.4038718932108,36948.421
4.19663276856593,0.0562069694911235,24.3996144604724,36951.328
4.1962339136309,0.0597984437235657,24.4009461834045,36954.234
4.19647426688427,0.0559535537700516,24.3998692536134,36957.14
4.19620712947665,0.0575523365627254,24.4090290849466,36960.046
4.1963145317345,0.0557989714289948,24.4019157324858,36962.984
4.19641044991363,0.0571406473993826,24.4057571002773,36965.89
4.19654272644344,0.0573163610548523,24.41080524846,36968.796
4.19628587845866,0.0559327776404477,24.4101968197497,36971.718
4.1963321657931,0.05454741212551,24.413441107807,36974.64
4.19640283013971,0.0544446632502291,24.4025802380677,36977.546
4.19639052312334,0.0534561798462241,24.4033485792535,36980.453
4.19634712297881,0.0591665844532874,24.3987746260215,36983.359
4.19631110568764,0.0541923187080325,24.3978300519225,36986.265
4.1964057580671,0.0555332601325526,24.3936885951872,36989.171
4.19627477713182,0.0552811296427288,24.4034792687825,36992.078
4.19636574868355,0.0561619282092498,24.4031490319311,36994.984
4.19630923878846,0.0556937845648806,24.4037992820009,36997.89
4.19621396061815,0.0574035005222921,24.3996915283253,37000.796
4.19635326824196,0.0561319109680467,24.3979943054234,37003.734
4.19650090742751,0.057343675605139,24.3996499893715,37006.64
4.19622742813298,0.0558624753517359,24.4034059361703,37009.546
4.19658588111465,0.054522830269136,24.395021786257,37012.453
4.19544228684929,0.0497771892772849,24.3923018257772,37015.359
4.19548614278478,0.0487647082137468,24.3939806184629,37018.265
4.19618148334717,0.0573947971138553,24.3892392125463,37021.171
4.19617506728587,0.0537941717803743,24.3987093572771,37024.078
4.19649284074044,0.0551575086903103,24.4028643564673,37026.984
4.19621881375116,0.0583626665850698,24.4032303005503,37029.89
4.19630666146002,0.0584195277248127,24.3955183846171,37032.796
4.19627778795494,0.0570819616226524,24.3971502919415,37035.703
4.19618848651757,0.0559591819741215,24.3953517104172,37038.609
4.19641792809259,0.0577736914441661,24.4034949005463,37041.515
4.1961534981225,0.0547244533376053,24.4065949349413,37044.437
4.19629548252136,0.056567040697386,24.4045080366307,37047.343
4.19633402435079,0.0568475096399136,24.4060708182513,37050.25
4.19622815827145,0.0581093401205115,24.4040591150481,37053.156
4.19629065189967,0.0558388132153886,24.3972826282153,37056.062
4.19626338361399,0.0539419423137749,24.3977608077748,37058.968
4.19620887476709,0.0547874282702371,24.3932060788173,37061.89
4.19624013392348,0.0560761602087943,24.3949310333449,37064.796
4.19600168598757,0.0570957444404341,24.3912382401675,37067.703
4.19635762132398,0.055414268135876,24.3870056405535,37070.625
4.19626932813829,0.0538680749570823,24.3922136888576,37073.531
4.19638477065444,0.0559286261840868,24.3923147993115,37076.437
4.19614908556329,0.0564194032249128,24.3822745234628,37079.343
4.19651886061155,0.0576750274745273,24.3912533539651,37082.25
4.19629657594009,0.0557166532858139,24.3934133293498,37085.156
4.19609376466468,0.0542162016262484,24.3867643848244,37088.062
4.19630903388547,0.0576201996305344,24.3857606816645,37090.968
4.19641377454899,0.0580673337583204,24.3884854874611,37093.875
4.19623279152254,0.0558683891355605,24.383540121728,37096.781
4.19649412923966,0.0554625317168039,24.3886597432488,37099.687
4.19639906398951,0.0562959546427771,24.3919297000126,37102.609
4.19616617932074,0.0557250965818682,24.3893809720518,37105.515
4.19650588513423,0.0580326032836037,24.3906848920977,37108.437
4.19639472992885,0.0578144081317709,24.3903154118724,37111.343
4.19616832605597,0.0569217285928856,24.3931409189316,37114.25
4.19616048445285,0.0588303628995163,24.3920780762148,37117.156
4.19625916696287,0.0552050341424449,24.3823408877232,37120.062
4.19638998891533,0.0553980891740439,24.3881579955111,37122.968
4.19643002867239,0.0564486976483602,24.3935220133343,37125.875
4.19642540813899,0.055296496429961,24.3905090290812,37128.781
4.19652370357912,0.0542215795109669,24.3922769872061,37131.687
4.19638517022776,0.0571962596509949,24.3869043591027,37134.593
4.19641749413265,0.0563427003997935,24.392968878364,37137.5
4.19617806819644,0.0545056402303341,24.382846243624,37140.421
4.19656656062921,0.0585972453745323,24.3823661695427,37143.328
4.19641773905668,0.0572433873070132,24.3919196212447,37146.234
4.19643150135048,0.0583583802761762,24.383178464242,37149.14
4.19631603700629,0.0554121774521998,24.3889404530763,37152.046
4.19644091626543,0.0550524238989932,24.3870454821669,37154.953
4.19669938422236,0.0561676506406099,24.3829828723334,37157.859
4.19637507960834,0.0564708811657548,24.3845437345879,37160.765
4.19661006873835,0.0542565637336625,24.3869359286473,37163.687
4.19629612758018,0.0568718945320075,24.3898547178257,37166.609
4.19639513964147,0.0537323298505213,24.3874086926077,37169.515
4.19670598084839,0.053687989618143,24.3852349918797,37172.421
4.19641593644699,0.0569575008109855,24.3856500998431,37175.328
4.19664211236968,0.0569099119056301,24.3877661386456,37178.234
4.19648327234139,0.05665449614306,24.3839096697382,37181.14
4.196601117545,0.0566130717451955,24.3885782911976,37184.046
4.19665804738593,0.055934129895844,24.3920798537872,37186.968
4.19644871063567,0.0561718386279351,24.3821426771894,37189.875
4.19642529336174,0.054766673314533,24.3836736878128,37192.781
4.19665517340016,0.0566142457663762,24.3877004948905,37195.687
4.19644129124991,0.0550403585237473,24.3811230050549,37198.609
4.1965511451644,0.0548317797666149,24.3840251720146,37201.515
4.19546720692139,0.0440467107191425,24.3812157691062,37204.421
4.19651241579985,0.055386071022601,24.3786919994815,37207.328
4.19643738413809,0.0565468284196311,24.3811901285288,37210.234
4.19645135828106,0.0579055761110769,24.3769438678556,37213.156
4.19679078955328,0.0570010878948457,24.3839600672308,37216.078
4.1967806727287,0.0553008190442467,24.3714249281355,37219.015
4.19658063823344,0.0562367821864964,24.3770109503214,37221.968
4.19661464673943,0.0544913460794832,24.3747052423105,37224.953
4.19666851593573,0.0576602918954537,24.3838335700989,37227.859
4.19652898503759,0.0548130368585118,24.3766630242323,37230.765
4.19661619395191,0.0585345634700961,24.372283918291,37233.671
4.19659148256521,0.0562459508814443,24.3720986492392,37236.593
4.19664189315776,0.0548709184720208,24.3754299136746,37239.515
4.19660827508758,0.0548721716275289,24.3759023356906,37242.421
4.19662733203165,0.0531623422943871,24.3744654547237,37245.359
4.19660790364767,0.0558495282707534,24.3713948226796,37248.265
4.19530095577319,0.0450213468408308,24.3693080356023,37251.171
4.1966579716522,0.0555567629823033,24.3740133857774,37254.078
4.19671574015399,0.0551407059037512,24.3750778168459,37256.984
4.19658739652142,0.0534104444058072,24.3784903432404,37259.89
4.19685313945846,0.0551673036191123,24.3757028527009,37262.796
4.19660208881545,0.054072173595995,24.3848672435703,37265.687
4.19673542555618,0.0542745510451656,24.3788383808364,37268.609
4.19666603941034,0.0593778865686048,24.3763407221343,37271.515
4.19556301160007,0.0462612672360998,24.378437347495,37274.421
4.19651297509763,0.0536022201595595,24.3700197888597,37277.328
4.1967419511358,0.0545431776842318,24.3699521302789,37280.234
4.19665273699152,0.0580972026634867,24.3636214602147,37283.14
4.1968072750395,0.0536465908354438,24.3637324813626,37286.046
4.19687604662552,0.0567164060357456,24.371260032724,37288.953
4.19589773466281,0.0473286076462858,24.3674033885114,37291.859
4.19677705845856,0.0547233648213438,24.3638269383937,37294.765
4.19655364327319,0.0568309992263774,24.3676089531485,37297.671
4.19560139662662,0.0458347277334063,24.369317969767,37300.578
4.19642676417682,0.055197473500039,24.3637333627038,37303.484
4.19677201214249,0.0546872344156161,24.3590230155753,37306.39
4.19582226402936,0.0450915809715905,24.364324389125,37309.296
4.19657291809614,0.0563553970969162,24.3640517658998,37312.203
4.19687231980968,0.0544011385151465,24.3626191748967,37315.109
4.19684155864325,0.0548442972368584,24.3673338865353,37318
4.19667409495904,0.0538852407939616,24.3720426056356,37320.906
4.19672462403226,0.0553970487966452,24.3764197393211,37323.812
4.19645701062821,0.0535651812354702,24.3830369358993,37326.718
4.19675415087479,0.0558742585511627,24.3718355053652,37329.625
4.19660838037151,0.0545925872327761,24.3676855396912,37332.546
4.196823123252,0.0565814283542325,24.3693593881389,37335.453
4.19679058644742,0.0584884313567069,24.3541618861824,37338.359
4.19694478003979,0.0542541295793074,24.3675806252661,37341.265
4.19682714304779,0.0562620156528991,24.3667770843951,37344.171
4.19669906713737,0.0556568445667556,24.3677490473805,37347.078
4.19678934125686,0.0504592816581903,24.3674090442822,37349.984
4.19694599943912,0.0529344722355651,24.3564479515487,37352.875
4.1967271824805,0.05261112068595,24.3717639060251,37355.781
4.19710219450255,0.0555917626703451,24.3615836617106,37358.687
4.19698907362025,0.0560697333174223,24.3626863589625,37361.593
4.19675042317764,0.0576763121714582,24.3611686012149,37364.531
4.1957710673261,0.0463047511805017,24.3743521618079,37367.421
4.19670956552344,0.0563907731281854,24.3689400477521,37370.328
4.19702157821145,0.0546894879314665,24.3694050199469,37373.234
4.19671250198833,0.0508252675595199,24.3736215283052,37376.14
4.19691395633023,0.0545142869862118,24.3708635252351,37379.046
4.19692396503959,0.0565395518774311,24.3667607671749,37381.953
4.19682727396065,0.0562453902595897,24.3725153678751,37384.843
4.19696986042209,0.0548526621148358,24.3628526210408,37387.75
4.19678077399356,0.0560242873556068,24.3630379017113,37390.656
4.19712212484915,0.0550689372019904,24.3657272335257,37393.562
4.196860902797,0.0561931355131273,24.3647928699788,37396.468
4.19693612109093,0.0549404399033552,24.3671128975478,37399.375
4.19692476314171,0.0536731286309506,24.36672145244,37402.281
4.19698569626032,0.0556606265916541,24.3716891557814,37405.187
4.19614186426061,0.0442755274274801,24.3553668652481,37408.093
4.19695686581886,0.05538748642986,24.3578644526043,37411
4.19680529509015,0.0557606075888819,24.3639032712631,37413.906
4.19687451773297,0.0553308322562572,24.3702976286955,37416.812
4.19687792641026,0.0553136255928574,24.3631048097021,37419.703
4.19700957534264,0.0540087337041053,24.3632012843827,37422.609
4.19620199875459,0.045652786438141,24.3574790027505,37425.515
4.19687722555993,0.0545660078780696,24.3522818591801,37428.421
4.19705707043746,0.05470739779456,24.3605854307078,37431.343
4.19708728089127,0.0537585274682586,24.3543665030631,37434.25
4.19702171070716,0.055207043173632,24.3594886189191,37437.156
4.19697333020839,0.0543266680511602,24.3576092330918,37440.062
4.19708907044972,0.0537524223763381,24.3561785823692,37442.968
4.1960290275407,0.0443964127818328,24.3538585486746,37445.875
4.19705815497371,0.0567916525138855,24.3627586004425,37448.781
4.19609230217764,0.0463180702415028,24.359925478687,37451.687
4.19714063756036,0.0562230777506465,24.355497338902,37454.609
4.19587641440188,0.0477377932279028,24.3612273798283,37457.531
4.19682132864834,0.0558264144317346,24.3632372566281,37460.531
4.19609048653963,0.0437449579609437,24.3604809063345,37463.468
4.19689378449911,0.0557632817209038,24.3568134937882,37466.437
4.19698150365633,0.0558646016506819,24.3602418908198,37469.39
4.19628210698987,0.0455075062003772,24.3574144987722,37472.453
4.19708866661029,0.0547518245801048,24.3541632749175,37475.421
4.19612282249527,0.0455027343061373,24.3595443911338,37478.421
4.19693133834051,0.0558478097794105,24.357506625463,37481.453
4.19696496149189,0.057394006407671,24.354477701402,37484.453
4.19695786847355,0.0559864034733455,24.3644171796993,37487.421
4.19612995907691,0.0470070603863786,24.355579951379,37490.421
4.19701907064997,0.0561637858457884,24.3580991705505,37493.453
4.19712368233688,0.057475848189383,24.3563425850147,37496.437
4.19622003281253,0.0473224180898924,24.3544675165279,37499.484
4.19521722142875,0.0345567145685053,24.356265155619,37502.468
4.19594295728957,0.0440959558912427,24.3604506198317,37505.484
4.19706783412731,0.0533764168641642,24.3555600500647,37508.484
4.1969977524856,0.0545573984619673,24.3611246058611,37511.5
4.19597629161484,0.0452695898726062,24.3598850996366,37514.5
4.19704252041736,0.051874232551343,24.354589307354,37517.5
4.19688146261619,0.0561881302031533,24.349191195715,37520.531
4.19731929211771,0.0560017966403699,24.3427922070664,37523.562
4.19695038763041,0.0550883534254661,24.3477323950612,37526.562
4.19723288793869,0.0527993544817114,24.343144320913,37529.531
4.19714235265603,0.0556306663773219,24.3510205151095,37532.531
4.19719946693212,0.0529684828751825,24.3483331819197,37535.468
4.19617251624445,0.0453160454891616,24.3565450537022,37538.437
4.1951376668159,0.0334446052602345,24.3467246061937,37541.359
4.19587184692691,0.0492678089842236,24.3417197059735,37544.265
4.19712185544402,0.0556816155643251,24.3468196473808,37547.296
4.19691499888997,0.0548873492735813,24.3366387804457,37550.296
4.19697320191161,0.0542375903947958,24.3488189703091,37553.328
4.19708041314308,0.0550321277814735,24.3516707131674,37556.296
4.19699587114486,0.0558524147525398,24.3525838904922,37559.203
4.19609660626444,0.0477169186853771,24.3516150321149,37562.187
4.19700277055197,0.0571926594884425,24.3548083417954,37565.109
4.1972215840976,0.056222600351713,24.3463725199271,37568.046
4.19607759692886,0.0456825054842673,24.3514034990622,37570.953
4.19699668892329,0.0552608416989636,24.3522096900486,37573.859
4.19717049110981,0.0544184220650398,24.3539426938598,37576.765
4.19639356388164,0.0448071870319271,24.3545588993774,37579.671
4.19690755459748,0.0535871589455976,24.3498738851644,37582.578
4.1972942297518,0.0550766858912457,24.347498427383,37585.484
4.1973292033453,0.050826924912005,24.3462507553715,37588.39
4.19719975621431,0.0572834571751469,24.3395789327674,37591.281
4.19610529214267,0.0450230099931817,24.3396167219044,37594.187
4.1971532523969,0.0554996421621074,24.3442567101201,37597.109
4.19723818842778,0.0537600883429091,24.350342655212,37600.015
4.19633908521749,0.0434063965317615,24.3355334186173,37602.921
4.19719048047936,0.056559959197582,24.3457363328815,37605.828
4.1960986960924,0.0469306239722564,24.3413607900783,37608.734
4.19722462124373,0.0535679964169565,24.33606119496,37611.64
4.19737537004388,0.053606193863252,24.3417132206956,37614.546
4.19724937086514,0.0579163406872574,24.3468329788984,37617.453
4.19733002927777,0.055106710841101,24.346121768367,37620.343
4.19723834503659,0.0569548759718925,24.3439976195254,37623.25
4.19731201584468,0.0527656671327024,24.341145877677,37626.156
4.19740637558339,0.0543887344392728,24.3291707572501,37629.078
4.19751119016087,0.0561842198006565,24.3402936599087,37631.984
4.19745353442528,0.0528225426764135,24.3443129948172,37634.906
4.19759354909409,0.0517800353937637,24.3449421908624,37637.812
4.19718005181786,0.0543217490620166,24.3339252860011,37640.718
4.1976724308579,0.0512664730960031,24.3344841836761,37643.625
4.1974803533922,0.0558427516949753,24.346734141642,37646.531
4.19747457530727,0.0559088545399823,24.3414658434372,37649.421
4.19717826292028,0.0547656463421196,24.3341698085395,37652.328
4.19741396673717,0.054036539569899,24.3314842988139,37655.234
4.19759708727192,0.0543081574533558,24.3355258198511,37658.14
4.19739722997072,0.0547232266115753,24.3342528325603,37661.062
4.1973829694327,0.0560976580445758,24.3357524440594,37663.968
4.19649135564284,0.0446687226232227,24.3392268425697,37666.875
4.19750023644422,0.0578335689560966,24.3340155173118,37669.765
4.19755706442652,0.0535014429684467,24.3384600239022,37672.671
4.19752665321726,0.0516336308049725,24.3388235107437,37675.578
4.19756013359411,0.0558332027522499,24.339864914916,37678.484
4.19750838828865,0.055165968504073,24.3407993391008,37681.39
4.19739461508797,0.0542280632181346,24.340357242501,37684.296
4.1976308069336,0.0539265912044362,24.3385071143472,37687.203
4.19748077270885,0.0552692974966518,24.3363120302164,37690.093
4.19752813931349,0.0558767727651556,24.3332683505768,37693.015
4.19754429052874,0.0537691869919642,24.3347604813885,37695.921
4.19757785105315,0.0540626620760537,24.3287471100809,37698.828
4.19758367229614,0.0537393832135611,24.3361968252047,37701.734
4.19761189042108,0.0555439779622911,24.3361931051686,37704.625
4.19781238458316,0.0530124108175152,24.3322211377283,37707.531
4.19763400309235,0.0519564239551257,24.3267646898216,37710.437
4.19779568088175,0.0514872725704221,24.3292272590345,37713.343
4.19774289918741,0.0538017705087069,24.3302902704505,37716.25
4.19771554917346,0.0547894180680272,24.3282705928345,37719.156
4.19792420014537,0.0551620539656786,24.3287006914472,37722.062
4.19666895944327,0.0436903966981867,24.3365754277028,37725
4.19673275131389,0.0458331880989779,24.3335604910294,37727.89
4.19662530567925,0.0469667541562303,24.3329082888328,37730.796
4.19671563984406,0.0465035753662215,24.3368110244527,37733.703
4.19662856625706,0.0433420998181212,24.3328643834485,37736.609
4.19647800406208,0.0450945755644226,24.3231180164384,37739.515
4.197593510928,0.0545735904857857,24.3206696028678,37742.421
4.19755767509744,0.0555302848355569,24.3270211075395,37745.328
4.19769271557377,0.0524778046000951,24.3223690302187,37748.234
4.19765910386407,0.0544260455937659,24.3275271351436,37751.14
4.19770102521881,0.0561219063700992,24.3260866920107,37754.031
4.19765644614102,0.0537134181753912,24.3314004245644,37756.968
4.1978769944706,0.0531773335655018,24.3264853285762,37759.875
4.19769168617334,0.0554797050472758,24.3300422590505,37762.781
4.19763966577519,0.0512467860798252,24.3303810689481,37765.687
4.19770199393822,0.0534002853712136,24.3320247846978,37768.578
4.19775596275661,0.0562198476751139,24.3335262353474,37771.484
4.19752958219504,0.0557261390335174,24.333994829344,37774.39
4.19779921450029,0.052009113759664,24.3315248455867,37777.296
4.19693416657659,0.0449496845607651,24.3299614560517,37780.203
4.19659217578388,0.044393590635928,24.3247189538627,37783.109
4.19698036426801,0.0467331286819544,24.3300264831023,37786.015
4.19673573508601,0.0444239465379219,24.3307716430208,37788.906
4.19659418800636,0.0436883034919279,24.3243372370596,37791.828
4.19660748163072,0.0452836000071024,24.331653084476,37794.734
4.19666301148929,0.0440010050096103,24.3313861776071,37797.64
4.1968078220934,0.0439718052454881,24.3292969793422,37800.546
4.19676156376661,0.0482811842923259,24.3355256558368,37803.437
4.19677367988225,0.045600336064217,24.331830646018,37806.343
4.19673818547904,0.0419318221713236,24.328275111387,37809.25
4.19662703516864,0.0460097939683018,24.3372391677506,37812.156
4.19656213426092,0.0429323207862808,24.3310969793039,37815.062
4.19651561333744,0.0465159418583145,24.3250345541175,37817.968
4.19564988122077,0.0343943522399706,24.3291253861477,37820.875
4.19572799138139,0.0356400072021612,24.3320280675406,37823.781
4.19558560107567,0.0359615809241807,24.3292285328532,37826.687
4.19554192986552,0.0353170236813331,24.3187501349885,37829.593
4.19648171192551,0.0442575482232761,24.3204101932507,37832.5
4.19740216438511,0.0548821863831028,24.3183056221942,37835.39
4.19765286222599,0.0533692556596212,24.3213863855468,37838.296
4.19670539280297,0.0434375135261511,24.3327280170948,37841.203
4.19557631366451,0.0347299111274466,24.3274260115752,37844.109
4.19548314062923,0.0349139780192115,24.3316308787827,37847.015
4.19651692867427,0.044906617183196,24.3314313457912,37849.921
4.19765519344643,0.05250168479283,24.3276964872617,37852.828
4.19753912293504,0.0535900096440881,24.3214556627249,37855.75
4.19760511347942,0.0522074843074559,24.333371486604,37858.656
4.19757139117985,0.054372768523476,24.3299515089351,37861.546
4.19762598572285,0.0528583733909066,24.3232913270288,37864.453
4.19785405066357,0.0503917513365551,24.3274214591073,37867.359
4.19783016504833,0.0505216718572588,24.3206668860999,37870.265
4.19778082939544,0.0538808178565502,24.3187068713667,37873.171
4.19696658363688,0.0444212193908353,24.3241766348044,37876.078
4.1968799385195,0.0453151327515003,24.3286587921307,37878.984
4.19644665246247,0.0452887829761113,24.3244215409564,37881.875
4.19794651031501,0.0531335954926736,24.3235105975676,37884.781
4.19780420227234,0.0552097441030771,24.328443024838,37887.703
4.19787451688937,0.0538431173774959,24.3166077271182,37890.609
4.19762293271366,0.0537023904940564,24.3224966942345,37893.515
4.1977413140357,0.0551507971674825,24.3189927828014,37896.421
4.198066334424,0.0519597005196275,24.3213204231191,37899.328
4.19804060861162,0.0533489856420369,24.3213935719438,37902.234
4.19775652002679,0.0546771833849159,24.3189925327575,37905.125
4.19776312657228,0.0517422498846297,24.313985106933,37907.984
4.19812109732954,0.0521048979411377,24.3161430830829,37910.828
4.19802302344193,0.0486964309528994,24.3160713772231,37913.718
4.1970110599545,0.0398452974719773,24.3167830302028,37916.593
4.1970263515699,0.0425993965217446,24.3159626539254,37919.468
4.19709485648321,0.0428196580363397,24.3110621538607,37922.375
4.19697624519342,0.0433525740307824,24.3112632601783,37925.218
4.19695985599967,0.041525414770136,24.3135461209302,37928.078
4.19719794142198,0.0447577915984497,24.3223201835176,37930.921
4.19703326129922,0.0452655943893594,24.3217490924729,37933.812
4.19683108994536,0.0405338515418745,24.3254605575747,37936.687
4.19692637018017,0.0422836294908085,24.3195147217601,37939.562
4.19695587303602,0.0406769385983147,24.3202374923663,37942.453
4.19693462356851,0.0454530720248788,24.3164236257545,37945.328
4.19689400994759,0.0429648233653067,24.3170797452433,37948.218
4.19706574477998,0.0438965972360951,24.3178386076602,37951.109
4.19694351154876,0.0443351083037766,24.3084907042183,37953.984
4.19686879678708,0.0428365098883881,24.3198304821014,37956.89
4.19660486330443,0.0471209182948802,24.3222946562565,37959.734
4.19673130641508,0.0433051652898707,24.3223400922691,37962.593
4.19684671382028,0.0446815416455266,24.3108525105962,37965.437
4.19697640324789,0.0417980127161247,24.3056056664531,37968.328
4.19689166439078,0.0458280406674236,24.3066509420111,37971.203
4.19683166244101,0.0393828446771853,24.3005484406936,37974.078
4.19681732197959,0.049351614495554,24.3072871489803,37976.968
4.19675366433166,0.0446469078526047,24.3060048678736,37979.859
4.1969956800915,0.0455364886313977,24.3099036629679,37982.765
4.19690157130162,0.0438359495927613,24.3135358745161,37985.64
4.19691469545224,0.041379323526747,24.3139017709385,37988.531
4.19701840689857,0.0421383414328806,24.313063572937,37991.406
4.19712972698408,0.0424479764218702,24.324644113436,37994.281
4.19692867896994,0.0426202377882725,24.311443513472,37997.171
4.19590078806359,0.0351960077093198,24.3099154006071,38000.046
4.19580304719792,0.0351905229562108,24.3082261337945,38002.937
4.19616489950677,0.0336463560073097,24.3093900909981,38005.812
4.19575709660488,0.0356337135067486,24.3098482262569,38008.703
4.1959394229513,0.0364437626926349,24.3088584110325,38011.593
4.19566256397561,0.0387254721368343,24.3184344213271,38014.468
4.1955716176131,0.0366680529914473,24.3112570926333,38017.343
4.1956834565104,0.0332518139245659,24.3197491150011,38020.265
4.1957644953472,0.0315465140027012,24.3129607041013,38023.109
4.19600643279641,0.0323784345253976,24.3113401966483,38025.968
4.19544994442233,0.0308655740924487,24.3150693732331,38028.812
4.19680068113269,0.0473973820490885,24.3076405999344,38031.703
4.19567932093119,0.0347501499640286,24.30541998196,38034.578
4.19574741330128,0.0358305347252301,24.3103388760953,38037.468
4.19565321257449,0.0363198661268658,24.3103288679845,38040.343
4.19561180463897,0.0362322863176345,24.3070162551221,38043.234
4.19560095953494,0.0383000901150832,24.3067238971336,38046.109
4.19552782687141,0.036908002651146,24.3069767632736,38049
4.19665261609213,0.0435583131367178,24.3090995330201,38051.89
4.19657423463498,0.0434555318451688,24.3170379169508,38054.75
4.19661272143735,0.0451537954072282,24.3085324126469,38057.593
4.19651669804211,0.04184311839268,24.3129269786509,38060.453
4.19762262719461,0.055420973958222,24.301803206567,38063.328
4.19770879959298,0.0545882625153017,24.3035183969992,38066.218
4.19785423167615,0.053427386154786,24.2986352022656,38069.109
4.19784829578062,0.0506194511059352,24.3021469029652,38071.984
4.19781846766892,0.0523660332861655,24.3044513794451,38074.875
4.1976939677136,0.052752776529598,24.3103461271868,38077.75
4.19796794963659,0.0536747461166273,24.3092828579487,38080.625
4.19800403795221,0.0553315877390078,24.3118144170804,38083.546
4.19805876127676,0.0507240267884372,24.3024012723673,38086.39
4.19823828660034,0.0514854006907949,24.3098421538537,38089.25
4.19812468891189,0.052690985779302,24.3106479928034,38092.093
4.19798741857354,0.0543668518397032,24.2999348867325,38094.984
4.19827940888584,0.0548744704820657,24.3056146730568,38097.859
4.19815270999491,0.054002165263559,24.3016367722257,38100.734
4.19809637594392,0.0531745893457066,24.3063359572629,38103.625
4.19725369778002,0.0424977654294496,24.3032514116627,38106.5
4.19729224703739,0.0420760084405919,24.3076151340719,38109.39
4.19707744473881,0.0424196128874318,24.3033836658107,38112.281
4.19702380484824,0.0465736376477676,24.3134582980882,38115.156
4.19712557589199,0.0465267676971007,24.2979134274495,38118.062
4.19734666917211,0.0443738656862707,24.309072930871,38120.906
4.19725426380537,0.0434100484118565,24.3081168241017,38123.765
4.19730794880115,0.0415949748934036,24.3054687435343,38126.609
4.19718612205255,0.0453163387316973,24.3105214108495,38129.5
4.19727158806537,0.0438865561118743,24.3044305590856,38132.375
4.19723128846547,0.0425240209126415,24.3065548814301,38135.265
4.19697360998172,0.0437447165472361,24.3034723545444,38138.156
4.19695721982594,0.0465574921420699,24.311671228641,38141.031
4.19686170006125,0.0379486475215553,24.3029699681916,38143.921
4.19691047648209,0.0404693407765017,24.3002033257543,38146.812
4.19699592302604,0.0449860201407212,24.3007587051615,38149.703
4.19730154283796,0.0447250441651966,24.3064720568225,38152.578
4.19714516807468,0.0458915753856765,24.2972335116373,38155.453
4.19713276217784,0.0433556646073024,24.300905429707,38158.343
4.19705062202412,0.0458803743660741,24.3022650716592,38161.218
4.19715719847942,0.0428962946076818,24.2887438343096,38164.109
4.1971356523552,0.0451126601751278,24.2934094673946,38167
4.197270606,0.0403891380940823,24.311424981261,38169.875
4.19724218943535,0.0436775941845809,24.2980499637272,38172.765
4.19735363137189,0.0428902229970907,24.2980927587124,38175.64
4.19712474399498,0.0430872162683929,24.2922650044214,38178.515
4.19711727017978,0.0437886942717418,24.294587497669,38181.421
4.19716523841195,0.0421941858291532,24.297687580867,38184.265
4.19688712087216,0.0433041005958374,24.2986620954964,38187.125
4.1961288936079,0.0346517837856303,24.3002015826543,38189.984
4.19614389220875,0.0360094842073556,24.2925457151652,38192.859
4.1962159192918,0.0344955311830534,24.2947669549535,38195.75
4.19620017172001,0.0345863567320658,24.2967566696354,38198.625
4.19607216790713,0.0350994434479636,24.3024662310009,38201.515
4.19595036535186,0.0369565276718808,24.3025392463491,38204.39
4.19590090918417,0.0322061433437006,24.300142156755,38207.281
4.19612661030823,0.0330569008242952,24.2961501271114,38210.156
4.1961132897583,0.0325941124270724,24.3035966419939,38213.062
4.19611356400017,0.0352579971454737,24.2955278398816,38215.906
4.19603201780756,0.0341900629526941,24.2958708791187,38218.765
4.19599811181779,0.0315970565425434,24.2885493116731,38221.609
4.19616900390103,0.0361907905903721,24.2954106498913,38224.484
4.19575271550118,0.0345443901302062,24.2900631184404,38227.375
4.19596295211518,0.0326024713469483,24.2946540117056,38230.25
4.19597415424909,0.0378867869601789,24.2939005953788,38233.125
4.19583618116141,0.0340788354767463,24.2897444360627,38236
4.19584488485514,0.0355195860861816,24.2960927402677,38238.89
4.19591585081048,0.0351309472128365,24.2919980264299,38241.765
4.19601317261767,0.033309325530294,24.2920173317378,38244.671
4.19571579575187,0.0364280975329955,24.3013888152591,38247.515
4.19567223656505,0.0321209655109075,24.2893713833644,38250.375
4.19562015239048,0.0347957136489296,24.298831410576,38253.218
4.19594077044716,0.0349037184813792,24.2948616922635,38256.093
4.19578203005987,0.0326789647835827,24.3027899599103,38258.968
4.19604738262409,0.0343755976302684,24.2934641534494,38261.859
4.19595425461471,0.0352298405220562,24.2973438337953,38264.734
4.19496326151053,0.0253392305177088,24.2966454701905,38267.609
4.19569094307978,0.0343880254134878,24.2966380825825,38270.484
4.19591481332224,0.0385090661895405,24.2987566702063,38273.375
4.19576248593029,0.0361177664818804,24.2992919724568,38276.25
4.19583825251673,0.0359343667870372,24.2997798677741,38279.156
4.19566737714833,0.0359548659096995,24.3022016037695,38282
4.19574659055024,0.0351558409286428,24.2961243205476,38284.859
4.19577053274704,0.0360637885697859,24.2928947681652,38287.703
4.19580609321421,0.0356414242039323,24.2910237731631,38290.593
4.19551915064762,0.039768334845687,24.2970628110467,38293.484
4.19690769500133,0.0427043022707658,24.2962562383957,38296.359
4.19675177828054,0.0444501517316216,24.2934186295201,38299.25
4.19698367109185,0.0409560059140258,24.29781972065,38302.125
4.19683030881579,0.0427845988713597,24.3020171854653,38305.031
4.19676212405654,0.0440064586813482,24.2947584176844,38307.906
4.19594726510963,0.0369493187172832,24.2979322760701,38310.796
4.19589893063702,0.0375799526933961,24.2961791851544,38313.671
4.19575099257571,0.0336965190584965,24.2983377091685,38316.546
4.19591613398383,0.0357134504629746,24.3017860873171,38319.437
4.19564486951859,0.035266826529994,24.2992207404282,38322.312
4.19599859359046,0.0378739168539084,24.3038749119504,38325.203
4.19582353845569,0.0366675725379912,24.2973711755307,38328.078
4.19598041257215,0.0359622726772181,24.2926733616757,38330.953
4.19591016081501,0.0373547674500301,24.291542875651,38333.828
4.1958728007132,0.035270514797651,24.2928849278428,38336.718
4.19548914429358,0.0356712888790504,24.2865525205705,38339.593
4.19655106344168,0.0430028742496339,24.2848062680601,38342.5
4.19677710398697,0.0426204277275029,24.2862740346896,38345.328
4.19685217388982,0.0427622844722844,24.2935154197403,38348.187
4.19722884402275,0.0446695681187191,24.2876377699893,38351.031
4.19660066398825,0.0438162668205482,24.2879683759038,38353.906
4.19706038469513,0.0430101691382528,24.2937245044065,38356.796
4.19722835580473,0.0429880869944243,24.2966441940226,38359.671
4.19695689056951,0.0447565950605407,24.2931848272038,38362.546
4.1970193974322,0.0449608429857876,24.2915705207282,38365.421
4.19707388987901,0.0469219952132055,24.2872405965071,38368.296
4.19683597480947,0.0444861140472683,24.2898212689831,38371.171
4.19688534932078,0.0451141701146145,24.2916183885972,38374.078
4.19726286397926,0.0434736221699905,24.2915451854375,38376.921
4.19722608690085,0.044371457856214,24.2954280583959,38379.781
4.19717691454974,0.0430373474980347,24.2966295801851,38382.625
4.19695936001947,0.0454965489539774,24.3012918077356,38385.515
4.19741433329763,0.0459595218127883,24.2992169578231,38388.39
4.19719000251305,0.0432860918452635,24.2900724657849,38391.281
4.1971165721905,0.0425048012915042,24.2840448888925,38394.156
4.19696021511327,0.0397764873762286,24.2873370053614,38397.031
4.19726770508547,0.0440186106425234,24.2960603541914,38399.906
4.19728321664876,0.0391927475872315,24.2980483602594,38402.796
4.19725142331951,0.0401353561755049,24.2893591287913,38405.687
4.19726764519608,0.0444149769650567,24.2946019337155,38408.531
4.19743542655149,0.0398597729019261,24.2966434542239,38411.39
4.19709753381161,0.0411717951961958,24.295890631623,38414.25
4.19725732137818,0.0391509594285377,24.2952086306665,38417.125
4.19631882898525,0.0323605195088987,24.2855588383708,38420
4.19626682258379,0.0349362939807504,24.286465848851,38422.89
4.19607299587645,0.0338132101019276,24.2808232507715,38425.765
4.19602550658934,0.0345396650792764,24.2752772985595,38428.656
4.19619053304232,0.0343422380239816,24.2794102161885,38431.531
4.1959920799779,0.0329867014527006,24.2872185812673,38434.421
4.19627876409087,0.0382065545047559,24.289556780403,38437.296
4.19608679821345,0.0351919038691506,24.2913902639116,38440.203
4.19606677454433,0.0355382486767302,24.2870229071662,38443.046
4.19620328975356,0.0320310317081998,24.2848410695278,38445.906
4.19625408343157,0.0372883278212271,24.280939865919,38448.75
4.19610612849784,0.0335951654246908,24.2836234342464,38451.625
4.19602293221857,0.0362875043743883,24.2726868080559,38454.515
4.19618410427046,0.032482047840297,24.2916356543963,38457.39
4.19581286616442,0.0347890673803586,24.2814223273563,38460.281
4.1959301110906,0.0343826938454684,24.2845130445156,38463.156
4.19617166723673,0.0352127263472145,24.285447693454,38466.062
4.19609060236688,0.0323205273299386,24.2788374129973,38468.953
4.19574665424501,0.0338909238306648,24.2833606992422,38471.812
4.19567888026446,0.0386371452710481,24.2837954503915,38474.578
4.19550751775163,0.0338738388205901,24.2851469540992,38477.375
4.19687045218592,0.0449104687774092,24.2809380506007,38480.171
4.19671629365882,0.0440472772964387,24.2779296999287,38482.968
4.19687962604947,0.0489228093861238,24.2816412773426,38485.765
4.19682319158114,0.0404167007867552,24.2792933822059,38488.5
4.19727747804338,0.0444072575246044,24.2851354665841,38491.296
4.19696892116068,0.0434066405886313,24.278198344265,38494.093
4.19706120661493,0.0432039819020309,24.284781424602,38496.875
4.19701684780555,0.0455761969355344,24.2865995958277,38499.671
4.19716847048175,0.0404081455730917,24.2825977957256,38502.468
4.19714338498755,0.0404654157891099,24.2803625762496,38505.25
4.19601643390232,0.0340023245533988,24.2846213951314,38508.046
4.19606020115974,0.0339953494196224,24.2813943858396,38510.843
4.19630027359268,0.034226587766591,24.279872301492,38513.625
4.19620438966198,0.0333206215948806,24.2768999891363,38516.421
4.19591126343566,0.0320839951479909,24.2774632538292,38519.218
4.19606641114935,0.0356760561416075,24.2754847275393,38522
4.1959228015689,0.0325445699122886,24.2775301051702,38524.796
4.19637464854631,0.036196713286674,24.2784053590237,38527.593
4.1959184390795,0.0335322360402967,24.2705994487068,38530.375
4.1958487921698,0.03266176111495,24.2742414354988,38533.171
4.19592797925482,0.0355235209071008,24.2714593397969,38536
4.19597198561612,0.0372722210460232,24.2755185391347,38538.781
4.19604051546132,0.031861453498919,24.2869236852195,38541.562
4.19627852410529,0.0362336819692334,24.2751919949054,38544.359
4.19584545829351,0.0306101929562766,24.2802970973241,38547.14
4.19582960693748,0.0362895068415236,24.2876490225646,38549.937
4.19610292272757,0.0345075959783929,24.2720700262927,38552.765
4.19593285662977,0.0318955343087078,24.2692336083281,38555.546
4.19588134618825,0.0340157960064569,24.2707751310079,38558.328
4.19616523905874,0.0396162469214917,24.2844892340929,38561.125
4.19593197045366,0.0349115060420632,24.282809589532,38563.906
4.19594382390269,0.033871067440143,24.2812794806326,38566.703
4.19560964460549,0.032244199203485,24.2766532060945,38569.437
4.19594305636964,0.0366720375922898,24.2791942019014,38572.234
4.19595725413323,0.0371599483536483,24.2792733969806,38575.031
4.19611792049557,0.0364645012421557,24.2746191485951,38577.812
4.19611784856756,0.0337467109642039,24.2710025585211,38580.609
4.19588273208528,0.0341708863871108,24.2841632317376,38583.406
4.19609380923832,0.034524080687085,24.2722220116588,38586.187
4.19463620294523,0.0252044520408205,24.2751347794849,38588.968
4.19589745959061,0.0344826073267967,24.2794415093169,38591.765
4.19604844815138,0.0300547999844615,24.2802871856254,38594.546
4.19563651822706,0.0341023928127035,24.2793090245759,38597.343
4.19579491242664,0.0322640730499686,24.2687155433651,38600.14
4.19587702732282,0.0340698292633235,24.2748282234356,38602.875
4.19586927538075,0.032021935907372,24.2763124685114,38605.609
4.19570950201243,0.0357118853818178,24.2728517523616,38608.343
4.19581124552884,0.0314913223747058,24.2770025038051,38611.078
4.19603064382565,0.0345393280672527,24.2750106635146,38613.812
4.19599839646373,0.0298022665150065,24.2839651955615,38616.578
4.19565764744988,0.0358786667002637,24.2765265214446,38619.312
4.19566490096513,0.0344173242943901,24.285609141867,38622.046
4.19585553828942,0.0342913664031878,24.2827714469664,38624.781
4.19559898846237,0.0350836102571448,24.2728403904363,38627.515
4.19561990099418,0.0350618971980976,24.2831801700302,38630.234
4.19579651094485,0.0338413076935038,24.2788066444606,38633
4.19582986199763,0.0321652117519777,24.27954169554,38635.734
4.19558989455375,0.0311445465850877,24.2667705787711,38638.468
4.19590963870706,0.0336473893345427,24.2682821396895,38641.218
4.19595428565825,0.0355860291227058,24.2683875686556,38643.953
4.19581336828835,0.0313228830313955,24.2713504363641,38646.671
4.19573538583353,0.030952390930593,24.2675489917631,38649.406
4.19600996857744,0.034404327361807,24.2668970281376,38652.156
4.19589467090452,0.0344742463160414,24.2708675119036,38654.875
4.19588513236349,0.0345120828855478,24.2716761567497,38657.625
4.19595044055775,0.0361591900221885,24.268395112096,38660.359
4.19597182886886,0.0366674652416836,24.2664011755561,38663.078
4.19602226191805,0.0319302290016792,24.2713523533112,38665.812
4.19546050453384,0.0349115040170186,24.2667153877495,38668.531
4.19688788177725,0.0412513579262333,24.264051190074,38671.265
4.19684425043289,0.0438411120385366,24.2760258496831,38674.015
4.19668458594738,0.0397268742130299,24.2705359120626,38676.75
4.19666694880794,0.0453673213463273,24.2726169502793,38679.484
4.19707087524607,0.0444328339314516,24.2727724746283,38682.218
4.19703512509371,0.0425049624762231,24.2712290347705,38684.968
4.19624289548672,0.0352768915370057,24.2672033254864,38687.687
4.1959523543628,0.0340356263643231,24.2697132595729,38690.437
4.19620763642744,0.0326680342080026,24.2743397241916,38693.171
4.19604583547216,0.0333881182555101,24.2695411390083,38695.906
4.19580022579212,0.0333150784754385,24.2648117310013,38698.64
4.19594755157499,0.0346799153909296,24.2736012283143,38701.375
4.19595297061843,0.0330115816688851,24.2670253604639,38704.109
4.19581197964555,0.0312176963657382,24.2661579605622,38706.843
4.1959684633974,0.03314836549758,24.2679563972463,38709.578
4.19604565071671,0.0327644526312152,24.2623932379793,38712.296
4.19613082780273,0.0327219436857727,24.2741325243163,38715.031
4.19597301426886,0.0308939078111652,24.2624147034932,38717.781
4.19601219360073,0.0339028708282572,24.2692663579429,38720.515
4.19594049262217,0.0346192420704137,24.2652210290267,38723.234
4.19596421252932,0.0331258854384974,24.2730493038159,38725.968
4.1957634797818,0.0338752536985046,24.2657212276002,38728.687
4.19609627871034,0.0328340993535257,24.2711183168884,38731.437
4.19614300479281,0.0313692246535365,24.272405195927,38734.156
4.195987848273,0.0345967735276173,24.2618530521423,38736.89
4.19576630466899,0.034781669266932,24.265224639802,38739.609
4.19613422938487,0.0334284054514311,24.2640467138442,38742.343
4.1959144677533,0.0320106034884112,24.2694242484416,38745.093
4.19574867740374,0.0349783195504392,24.2592522366559,38747.828
4.19607449255512,0.0322900195725409,24.2567778496451,38750.562
4.19588646928798,0.0339881100467808,24.2592699999109,38753.296
4.19582911227573,0.0322850046539449,24.2563369488415,38756.031
4.19627689882931,0.0314952810913183,24.2587939602942,38758.765
4.19620070893526,0.0346333476471215,24.2560645819205,38761.531
4.19609305095118,0.0318930543010422,24.2697609197904,38764.265
4.19607357606676,0.0353563688674579,24.2673770932217,38767.015
4.19633235395022,0.0337191553274885,24.2754368305235,38769.75
4.19600601519164,0.0333339751944436,24.2681026509135,38772.484
4.19608764901763,0.0343984357056936,24.2647825102322,38775.218
4.1958239823389,0.034129610789592,24.2612783577465,38777.984
4.19609822673296,0.033412792872634,24.2580883789167,38780.718
4.19499703559821,0.0254128368499252,24.2684244092018,38783.468
4.19595580277031,0.0333168404739676,24.2590543781756,38786.203
4.19603459036466,0.0334920002211733,24.2691123803048,38788.921
4.19592054041563,0.0349858009472518,24.2666911584133,38791.656
4.19589010588479,0.0347443219349937,24.2634835381127,38794.375
4.19601763190788,0.0342784024968489,24.256466973885,38797.109
4.19587768852221,0.0326574960048767,24.2488657024379,38799.843
4.19484442114041,0.0228002457623562,24.2610874534823,38802.578
4.19569873418169,0.0354494534664396,24.2535438423651,38805.312
4.19587782549431,0.0343631436547939,24.2664720639482,38808.046
4.19600737697467,0.036485822084674,24.264712805978,38810.781
4.19610444406082,0.0326828701686015,24.2572241242575,38813.515
4.19617368187285,0.033520725618139,24.2520894149733,38816.25
4.19609188052469,0.0365258795929127,24.2537712355511,38818.984
4.19597870444925,0.0347518942297876,24.2559173550291,38821.718
4.19508749907386,0.0241312348920318,24.2597361680712,38824.453
4.19488428713526,0.0260708138568013,24.2546231277869,38827.171
4.19566233825777,0.0312725693877357,24.255114944987,38829.921
4.1959008309492,0.0340087334567464,24.2596192485405,38832.656
4.19600527798901,0.0318062839442677,24.2546212179181,38835.39
4.19576692791957,0.0329695118241825,24.2606054940064,38838.109
4.19595072180615,0.0353792717751953,24.2564732440852,38840.843
4.19600973924542,0.0323913193557286,24.2588466896512,38843.578
4.19604916665274,0.0340747477265931,24.2555674378521,38846.312
4.19624139327304,0.0331498857053563,24.2527215914971,38849.031
4.19607009821504,0.0337574088590541,24.2557672498912,38851.765
4.19599208310184,0.031226355691126,24.262279714313,38854.5
4.19609693168505,0.0343251670809423,24.2526743051103,38857.25
4.1962254682203,0.0317384848218147,24.2554669861166,38859.968
4.19582404338432,0.0342703225774708,24.2570933830786,38862.703
4.19620028110303,0.0340666755218896,24.2555280824537,38865.437
4.19597293204169,0.0329110061140088,24.2545165986374,38868.171
4.19625835899334,0.0341201364228216,24.2619241929075,38870.906
4.19494954218974,0.0240525308305402,24.2505557772063,38873.64
4.19605284504208,0.03439419865848,24.2515360901041,38876.359
4.19494159113419,0.0221902468712253,24.2586112456671,38879.093
4.19590645552037,0.0356189712189746,24.2535401019196,38881.843
4.19578392585146,0.0326726328213271,24.2519206618816,38884.578
4.19586144458951,0.0318038967548831,24.2562476162161,38887.312
4.19583184672243,0.0376068893234985,24.2482016743232,38890.078
4.19613702516595,0.0349557946842391,24.2601312105513,38892.796
4.19611685394975,0.0358352500516762,24.2589315659867,38895.531
4.19588471066913,0.0320927880377269,24.2549016913986,38898.281
4.19608961518484,0.034760072065545,24.2555062232644,38901.015
4.19609880363267,0.0315634968210906,24.2548876030623,38903.75
4.19513010607618,0.0251534348734031,24.2550598571324,38906.515
4.19608213947875,0.0309236303819569,24.2577121010989,38909.25
4.19616863561576,0.0339331911929644,24.2574177738551,38911.984
4.19579417633906,0.0335924574788952,24.2604135781545,38914.718
4.19591666893178,0.0339181077888593,24.2550776204056,38917.453
4.19597630096223,0.0348613696357632,24.2525480560633,38920.187
4.19603149591708,0.0332696005069269,24.2481009138304,38922.921
4.19603288675241,0.0330965953417971,24.2474287314493,38925.64
4.19617974003061,0.0317596212104149,24.2558185408889,38928.375
4.19580566294629,0.0346725951162503,24.2575201073096,38931.109
4.19598059988829,0.0353828572253116,24.2460687750172,38933.843
4.19625923914744,0.0368456486430001,24.2534427721358,38936.578
4.19595784475959,0.033617887012978,24.2476097151562,38939.312
4.19616583865745,0.0331972336921274,24.2438867068414,38942.031
4.19623055436338,0.0319744533122003,24.2475372715644,38944.765
4.19608862870119,0.0320556369896579,24.2489246716143,38947.515
4.19519052922646,0.0260606413035874,24.2527922330639,38950.25
4.19598747392501,0.0337356558736496,24.2589351197133,38952.984
4.19598059875186,0.0336673847827617,24.260656858922,38955.718
4.19607429532716,0.035156583220037,24.2627395739061,38958.453
4.19619341090411,0.0298170793554719,24.2572294742906,38961.187
4.19612050547018,0.0332295910193756,24.2563914658302,38963.921
4.19525210237205,0.0240523290846682,24.2519504103852,38966.656
4.1958559945558,0.0340700820050245,24.2530394216756,38969.39
4.19586760154984,0.0326845090708486,24.258911170745,38972.125
4.19515236880042,0.0264583789648411,24.2529348701252,38974.875
4.19613655467831,0.0350560159592836,24.2571030046311,38977.609
4.19601547401779,0.0298558573661239,24.2544544534924,38980.343
4.19610113115126,0.0326642775948892,24.2618577372051,38983.078
4.19632736985208,0.0305825770449811,24.2577667930705,38985.812
4.19620842731826,0.0332667785986215,24.2527369259205,38988.546
4.19601793981677,0.034146332392184,24.2528355233435,38991.296
4.19591381711636,0.0324383152416004,24.2499931322902,38994.031
4.19634309936758,0.032002011376921,24.2464774833127,38996.765
4.19625348377201,0.0309309991909093,24.2559345040758,38999.5
4.19624907823033,0.0304532010648162,24.2576914446761,39002.234
4.19627457492673,0.031417407474859,24.2557132063288,39004.968
4.19620858967763,0.0325475957271873,24.2545036434154,39007.718
4.1953102146453,0.0226658305236148,24.2600618928344,39010.453
4.19620683230255,0.0322802512280353,24.2580098273855,39013.187
4.19603632369631,0.0361933759356166,24.2505744625169,39015.921
4.19622915260589,0.0345266213333507,24.2473447749267,39018.656
4.19624073849284,0.0309021238000533,24.2482363815079,39021.39
4.19595012712196,0.0346515301644347,24.2419505300004,39024.109
4.19593159556431,0.0319736504563811,24.250196723715,39026.843
4.19599048846153,0.033813945649788,24.2526872331563,39029.578
4.19630377287659,0.0301033252420104,24.2483407797116,39032.312
4.19654259239243,0.0335896249113788,24.250814986104,39035.078
4.19646348601215,0.0342048536398131,24.2456982387156,39037.812
4.19594186054553,0.0340817889541824,24.2427709753653,39040.562
4.19641017679576,0.0322846833363274,24.2449706193158,39043.296
4.19615349629257,0.0339510228120775,24.2397884101706,39046.031
4.19616929206193,0.034897919325768,24.2384011037138,39048.765
4.1965146450946,0.0349507035926834,24.245905580285,39051.531
4.19631218324303,0.0308174947377253,24.249188363756,39054.265
4.19643240928296,0.0323985931638988,24.2466504699855,39057.015
4.19627129369553,0.034375775869733,24.2553229487814,39059.75
4.19644990184052,0.0325439990340298,24.2526965584142,39062.484
4.19626343127843,0.0328526663499263,24.249731786942,39065.218
4.19625704788471,0.0338410471597738,24.246652465146,39067.937
4.19529932484785,0.0263012264499707,24.252439727415,39070.687
4.19621401160632,0.0298898792121419,24.2442173096285,39073.421
4.19652195012596,0.0320658349284193,24.2410530471573,39076.156
4.19612721110488,0.035720239499787,24.2503288773118,39078.89
4.19610447085763,0.0363964262238449,24.2503067285034,39081.625
4.19629977364778,0.0337652305810386,24.245043829184,39084.359
4.19623493943004,0.0348631557234121,24.2541351768105,39087.093
4.19614021021526,0.0344187966986244,24.2538445278271,39089.828
4.19631006418534,0.0301171717706864,24.2534791534366,39092.562
4.19620406353279,0.0302603365312063,24.2517710726517,39095.312
4.19614851355976,0.0323581790709419,24.2521427271651,39098.046
4.19636464765101,0.0320848743720728,24.2431535903739,39100.765
4.19623366676359,0.0300673282738611,24.2459344885998,39103.5
4.19628551274083,0.0318423155549303,24.2507134491055,39106.234
4.19627006376049,0.0328024200414535,24.2486201627212,39108.968
4.19637877299492,0.0310365222073534,24.2578526161345,39111.703
4.19635768550606,0.0318744926381938,24.2550696761376,39114.437
4.1964601721877,0.0307527895979316,24.2503262660784,39117.156
4.19643159359957,0.0332278626177324,24.2440133798231,39119.89
4.1963406342829,0.0329877887671255,24.2537336133689,39122.64
4.19632297214244,0.0307341148584838,24.2572714211492,39125.375
4.19668371014731,0.0346384202810752,24.2539331209557,39128.109
4.19640288562154,0.0297840168279136,24.2533205075556,39130.843
4.19645585748435,0.032800315130483,24.2533419291466,39133.578
4.1960311013849,0.0335944960340731,24.2569506863431,39136.312
4.19647320680406,0.0323921190178314,24.2532413414574,39139.031
4.19637723805412,0.0353783492852567,24.2464402191415,39141.765
4.19640359393946,0.0340651023216769,24.2535970827575,39144.5
4.19611905260052,0.0331836038627718,24.2510569311625,39147.234
4.19655805554152,0.0294613121909542,24.249422793352,39149.968
4.1962720365653,0.0324399356533368,24.2475270568724,39152.703
4.1961425083817,0.0343722108993364,24.2434419600843,39155.453
4.19653337409793,0.030049259205264,24.25056914841,39158.187
4.19631310049424,0.0339610533914867,24.2541857847891,39160.921
4.19632883834548,0.0298261239915154,24.2544116512235,39163.687
4.19635375567678,0.0322408037131316,24.2601604257698,39166.421
4.19625025033554,0.0340533441679269,24.2577039575275,39169.156
4.19635168518225,0.0368371648329825,24.2434199104067,39171.906
4.19643980198158,0.0320862020376702,24.2418467201728,39174.64
4.19636901738787,0.0337438505284716,24.240455201765,39177.375
4.19556619229306,0.0218089470544579,24.2452522258768,39180.14
4.19548445120972,0.0241101753514001,24.2527959465648,39182.859
4.19639164634761,0.0306114621660519,24.2513830894073,39185.593
4.1965408358132,0.0322479775680704,24.2529401724257,39188.328
4.19645754488727,0.0334774963227891,24.2510429288581,39191.078
4.19644088503781,0.0360789133697961,24.2379544182823,39193.812
4.1964063984262,0.0317198768499477,24.2421506982185,39196.546
4.19656328885881,0.0327930024166394,24.2480758505263,39199.281
4.19654825781681,0.0320160513265556,24.2550902783026,39202.015
4.19664836395048,0.0317539002428947,24.2474337391772,39204.765
4.19643128124409,0.0319919609656952,24.2552525579214,39207.5
4.19636620197214,0.0323070287993275,24.2484655796589,39210.234
4.1963512435442,0.0336059783426068,24.2465836572133,39212.968
4.19641779055352,0.0338724323254338,24.2469016694126,39215.703
4.19635200763508,0.0329763240318641,24.2500898372772,39218.437
4.19647712030972,0.0332670157110299,24.2432197695756,39221.187
4.19564613055683,0.0193778200716856,24.2404328866852,39223.921
4.18258838968828,-0.000201223344189505,24.1664225222939,39224.921
4.18248990413419,-0.00161452846552118,24.1787906269415,39234.312
3.94632953745945,-2.0124959214873,24.2293886875162,39244.437
3.9226914312455,-2.00970339671249,24.3406383488275,39253.812
3.90460307665613,-2.01090580605013,24.4379630897759,39263.234
3.88903681712518,-2.00940991118467,24.5427495919903,39272.655
3.87655310636961,-2.01154128779756,24.6613153918999,39281.968
3.86503262035871,-2.00868825710549,24.7657811511793,39291.327
3.85499300738329,-2.00877744330845,24.8766815435145,39300.734
3.84577859313623,-2.00849136506882,24.9897337031637,39310.124
3.83786421547863,-2.01074514780934,25.103457665208,39319.468
3.83035390561676,-2.00990530881709,25.2105110065087,39328.874
3.82357415950078,-2.01106760000237,25.3263533234144,39338.234
3.81717513127737,-2.0108133121721,25.4309772846201,39347.609
3.81126883539049,-2.01039216788938,25.5389217852121,39356.937
3.80607597780945,-2.00944993785434,25.6446915696055,39366.296
3.80088009205383,-2.00896257862697,25.7451452994002,39375.734
3.79605548778085,-2.01013493233667,25.8673489259256,39385.093
3.79155895753166,-2.01061558102102,25.9586058008305,39394.452
3.787191706704,-2.01075776612194,26.0812182281763,39403.827
3.78311710646345,-2.01146163583978,26.1797202143442,39413.187
3.77926579629308,-2.00813507206349,26.2980831659002,39422.546
3.77561915332624,-2.00861818306905,26.3936052879855,39431.905
3.77183357441289,-2.00861713498047,26.5041060799415,39441.265
3.76819752971175,-2.01062945069986,26.6016774372059,39450.64
3.76468530391812,-2.00724159820128,26.7079608004037,39460.046
3.76146502273982,-2.01058721965576,26.7978019756207,39469.405
3.7582696691382,-2.00945070338,26.89372263052,39478.749
3.75463199468368,-2.00942091268167,27.0013056543332,39488.14
3.75127576502771,-2.01222944406839,27.1089880191598,39497.515
3.7480224648107,-2.00940713361313,27.2104486698215,39506.905
3.74464188114573,-2.0095016483405,27.3069439406865,39516.234
3.7414245324011,-2.01151781566504,27.3983100791868,39525.593
3.73810103483041,-2.01080549698954,27.4945463813738,39534.937
3.73453342687355,-2.00982467549319,27.5965949227907,39544.327
3.73145475518604,-2.00982938360453,27.6929956738343,39553.687
3.72766336897675,-2.00974131178649,27.7994786956577,39563.077
3.72410900426236,-2.00814972920149,27.8903138261954,39572.405
3.72063136361769,-2.01010823435861,27.9791096128585,39581.765
3.71684327962191,-2.0111079813892,28.0781597694761,39591.124
3.71309614927203,-2.00969655571856,28.1719432467674,39600.515
3.70921429984561,-2.01297644878803,28.2725498808481,39609.859
3.70556157306268,-2.00982582730313,28.3485814348621,39619.28
3.70158348379344,-2.00986211102225,28.4348236873807,39628.64
3.69770210558386,-2.00985802363736,28.5200634428253,39637.999
3.69370520683175,-2.00941596248992,28.6065312654928,39647.374
3.6898201265184,-2.01147772908658,28.6914444606178,39656.671
3.685840729613,-2.01103995426345,28.7467815337949,39666.093
3.68167980420293,-2.01259424758465,28.8240316976386,39675.421
3.67767708537657,-2.00903541086688,28.892361604354,39684.843
3.67397249739103,-2.00934580978048,28.9492740696404,39694.155
3.66989870230745,-2.00964813457814,29.0022718854746,39703.484
3.66606506897675,-2.00986265126166,29.0504361108966,39712.827
3.66249141623999,-2.01082076719583,29.093570435977,39722.202
3.65857301794569,-2.00847093898605,29.1337068305969,39731.546
3.65488465528275,-2.01152486917896,29.1882090031906,39740.905
3.65123147158171,-2.01140894048197,29.2098149642493,39750.265
3.64776463587448,-2.01111826598144,29.2443772081331,39759.64
3.64435205705063,-2.01015208714119,29.2634716425925,39769.015
3.64114686585147,-2.00826039129206,29.2780554017839,39778.343
3.63772757025045,-2.01060311697998,29.3123594969803,39787.687
3.63444094824241,-2.01272845746777,29.3332974626958,39797.015
3.63109455487719,-2.01022932430337,29.3454574711741,39806.359
3.62806618482007,-2.01112143864183,29.3734607454657,39815.718
3.62512311568392,-2.01122640370592,29.3791692255742,39825.062
3.62190886494336,-2.0106933695747,29.4146887659681,39834.546
3.61887754844714,-2.01168603137358,29.4252360184153,39843.905
3.61577884516349,-2.00831768642109,29.4498162604425,39853.249
3.61273982548792,-2.00904103813774,29.4768301185333,39862.624
3.60981330383495,-2.00979995265086,29.4897792815464,39871.999
3.60676927722822,-2.01015112030958,29.5022414128646,39881.405
3.60378080082903,-2.01166046074153,29.5337632109154,39890.796
3.6006989668281,-2.01154444533923,29.5486208943883,39900.187
3.59787864541476,-2.0104762895461,29.558779633087,39909.53
3.59477688001501,-2.01001704121832,29.5941423615164,39918.89
3.5919881611311,-2.00979144324639,29.61896329627,39928.218
3.58906628743059,-2.00948885195578,29.6313088595154,39937.609
3.58614441528026,-2.00952899607711,29.6634728260409,39946.968
3.58329291586431,-2.00911555036144,29.7230508344218,39956.374
3.58026463176882,-2.01207266953885,29.7568683348708,39965.734
3.57767734099632,-2.0104811336861,29.7899162295941,39975.062
3.57476804551297,-2.00881502382198,29.8181877815471,39984.437
3.57190729978363,-2.01088072926311,29.8482672287233,39993.765
3.56890028443407,-2.01148418622694,29.8896533842178,40003.202
3.56616063469845,-2.01158117436758,29.9359941544676,40012.546
3.56333790839058,-2.00887098011062,29.9544707056707,40021.921
3.56067013358605,-2.01023387067326,30.0056810178237,40031.28
3.55763776487643,-2.01201177007275,30.0636884127988,40040.671
3.55499761707816,-2.0133151159721,30.1136735540216,40049.999
3.55222653040377,-2.00928841141479,30.1423777863911,40059.374
3.54950343316838,-2.01110658920123,30.1992168163947,40068.749
3.54702311813882,-2.01224621367088,30.2422277390312,40078.109
3.54429535176936,-2.01006279296819,30.2765208280747,40087.499
3.54178977182883,-2.01110948287141,30.3363039582457,40096.874
3.53906588246319,-2.00803516202729,30.3804796330272,40106.249
3.53645448757775,-2.01025506448479,30.4242451484574,40115.577
3.53380919560334,-2.01150153635017,30.4773706793525,40124.905
3.53128770458834,-2.01042202788732,30.5430053980112,40134.265
3.52863519990884,-2.01031817952654,30.5824962731706,40143.655
3.52618066970675,-2.0130554153672,30.6370601580176,40153.077
3.52368850905618,-2.01267979579769,30.6799703314001,40162.437
3.52090220948641,-2.01011179921451,30.7241045285775,40171.765
3.51854451039678,-2.01076179081549,30.7803833978014,40181.202
3.51593890644097,-2.00756126368194,30.813680151413,40190.562
3.51338711703542,-2.01179470698412,30.8640001004523,40199.905
3.51111689263714,-2.0117303502855,30.9157583128264,40209.249
3.5086091111036,-2.00925996580699,30.9611012795405,40218.671
3.50631246989186,-2.01018533844311,31.0145052868897,40227.999
3.50378899047104,-2.00995392584792,31.0702607780118,40237.374
3.50144140803401,-2.00982756961871,31.1146408662838,40246.765
3.49916373854335,-2.01001484974817,31.1701131399627,40256.109
3.49666365149277,-2.01393225727512,31.2011142000219,40265.437
3.49426207417774,-2.00904650694707,31.2600077053866,40274.874
3.49216093854534,-2.01277402314266,31.3054054354973,40284.218
3.48966470583614,-2.0083413277027,31.3368168251374,40293.593
3.48757960307398,-2.00724301036643,31.4013039543934,40302.952
3.48503207865927,-2.01388170383795,31.4428775726005,40312.327
3.48297529021788,-2.01110685506347,31.4901375716061,40321.702
3.48077870390245,-2.0121169300937,31.5478377498258,40331.109
3.47851391389619,-2.01176395022426,31.5920808645588,40340.452
3.47629373854208,-2.0127382367556,31.6266959403725,40349.812
3.47416345387396,-2.01035024025964,31.6939469273758,40359.171
3.47201917437782,-2.00935314032839,31.7344277289648,40368.546
3.46961455758291,-2.01021353969386,31.7672077345286,40377.905
3.46781983776051,-2.00944454950448,31.8203438674836,40387.218
3.46529002859963,-2.01228205585384,31.8607556961386,40396.655
3.46315673007058,-2.0097811977729,31.9159862813571,40405.984
3.46115885247595,-2.01132400640979,31.9622944972277,40415.39
3.45925049110911,-2.01089489774387,32.0087718420062,40424.734
3.45709577347289,-2.00741657860533,32.0534036874724,40434.062
3.45478473284437,-2.01433759765413,32.112773158384,40443.53
3.45283620450446,-2.01359912006191,32.1498277708694,40452.874
3.45080313948182,-2.01130488950144,32.1953748958495,40462.234
3.44877980846243,-2.00951909211313,32.242323953275,40471.577
3.44666762594513,-2.0135793454563,32.2916838887996,40480.952
3.44483024787292,-2.01189651173008,32.3341996899839,40490.327
3.44260594843059,-2.01106916381597,32.3766384941428,40499.655
3.44092354919127,-2.01148878587226,32.4314775210641,40509.03
3.43868325729271,-2.01263981661674,32.4822281490899,40518.437
3.43684922530524,-2.0114630891431,32.5305312965454,40527.812
3.43482081143893,-2.01053359263446,32.5715477316324,40537.187
3.43291104252466,-2.01314185069305,32.6167041906096,40546.562
3.43103841236828,-2.00960641195918,32.6754092286681,40555.937
3.42916435179185,-2.00752385304675,32.7091055412546,40565.265
3.42729102756292,-2.01053764112935,32.7546024278815,40574.624
3.42518157803318,-2.00935779819264,32.8098422008646,40583.984
3.42352945539713,-2.01124727668912,32.8306606346596,40593.39
3.42148997572755,-2.01049209062672,32.8706120676994,40602.749
3.41953776275727,-2.00724816339692,32.9341411460699,40612.093
3.41772454991574,-2.00821435158145,32.9740989833712,40621.484
3.41604075989995,-2.00986997817243,33.0347918536642,40630.859
3.4143243512517,-2.01089395175744,33.0799034645461,40640.234
3.41223160602143,-2.01010723622008,33.1191142529941,40649.577
3.41052320426896,-2.01342120797291,33.1578005318367,40658.984
3.40872750162518,-2.01068686586753,33.2002131968599,40668.359
3.40694099340907,-2.01059700310551,33.2454027817221,40677.749
3.40519335168852,-2.01372980434521,33.2845885231955,40687.093
3.40342866277852,-2.0087846762781,33.3512910572641,40696.484
3.40138886598164,-2.00996267505078,33.3883407445908,40705.812
3.39980851541562,-2.01069712485162,33.4260723483175,40715.202
3.39815377395975,-2.00572719241698,33.484322148709,40724.562
3.39630148382899,-2.00968697052254,33.519673706607,40733.89
3.3950105677741,-2.00947956610555,33.5600332478659,40743.187
3.39283498303543,-2.01104453587921,33.6121440662341,40752.562
3.39138543947384,-2.01185042975876,33.651395086023,40761.921
3.38921127631423,-2.01151457218682,33.7013152055703,40771.343
3.38762843962194,-2.008934221623,33.759901620199,40780.734
3.38613276619666,-2.00991806992464,33.7906741738385,40790.155
3.38431379482506,-2.00945730125934,33.84989795096,40799.515
3.38260377474119,-2.0109177498359,33.8996327572993,40808.937
3.38087578290459,-2.01250549208156,33.9565135828827,40818.296
3.37914976576046,-2.00935958223591,33.9740533250676,40827.655
3.37741680794785,-2.01078582011108,34.0191548584225,40836.999
3.37569881395457,-2.01005216104795,34.0782537762543,40846.327
3.37404225101103,-2.00588734308736,34.1235882774366,40855.718
3.37223227395058,-2.00884907755265,34.1936458674546,40865.077
3.37054496742443,-2.00758568657507,34.2101768976832,40874.421
3.36893805015819,-2.01277841009025,34.2584005897225,40883.796
3.36722041006054,-2.01381637275904,34.2962497481973,40893.187
3.36567861846673,-2.01342801625363,34.3425589218663,40902.53
3.36364870325722,-2.00984523530747,34.3877666614526,40911.89
3.36206355960781,-2.01139437579225,34.4256854476959,40921.28
3.36019749298992,-2.00977961193404,34.4651381570058,40930.624
3.35847980926708,-2.01010101034402,34.531885992688,40940.015
3.35675511468997,-2.01119478067352,34.589240619663,40949.374
3.35508413445602,-2.01198695844695,34.6313021769761,40958.749
3.35308922091877,-2.00663547083787,34.6748857888897,40968.109
3.35123769052247,-2.0109180953107,34.7145072013369,40977.437
3.34952081986679,-2.01079786663344,34.7877651642156,40986.859
3.34790344925843,-2.01190452045812,34.7788832955798,40996.187
3.3461559623563,-2.01046500828929,34.8304936248334,41005.593
3.34446058779131,-2.01286490309481,34.8810436987238,41014.937
3.34252677136286,-2.0095902941931,34.9407820564574,41024.296
3.34064914717883,-2.01065082430437,34.9915896766823,41033.655
3.33893029890891,-2.01164839244873,35.0410439584925,41042.984
3.33683101622877,-2.00831640522377,35.0923314846363,41052.374
3.33503454143059,-2.01121449832844,35.1520723954876,41061.78
3.33317549742721,-2.01082318862425,35.1793327372385,41071.202
3.33139284654797,-2.0100233589252,35.2341986023492,41080.562
3.32956342016069,-2.01171378236303,35.2711927177354,41089.89
3.32748131305282,-2.00886962807539,35.3185454537804,41099.249
3.32547183606628,-2.0080565083621,35.368647712905,41108.562
3.3238261827406,-2.01009960946467,35.4272163733954,41117.905
3.32158186353997,-2.00915753206863,35.4586793121022,41127.234
3.31974537458743,-2.01065317653081,35.5039457001378,41136.562
3.31777336177428,-2.01198340482293,35.5725591579031,41145.952
3.31581953312265,-2.00999768701885,35.5971882361976,41155.343
3.3134810117036,-2.01004376910225,35.642950802757,41164.671
3.31172184097447,-2.00966471761684,35.7065993781925,41174.077
3.30952273131981,-2.01069828927659,35.7456307829241,41183.437
3.30739533370568,-2.01281479351234,35.800633239694,41192.765
3.30547527465962,-2.0080743133398,35.846820315863,41202.14
3.30299652404348,-2.00969605786289,35.8947138486022,41211.499
3.30093929901372,-2.01100012335718,35.9565419914552,41220.874
3.29874798200073,-2.01203675190174,36.0044361372798,41230.202
3.29647894345111,-2.00921814663176,36.0526764100893,41239.562
3.2940908099114,-2.01031073830648,36.125271087877,41248.968
3.2916095749492,-2.0093267681056,36.167806468275,41258.327
3.2894294713229,-2.00855241675066,36.2194639810033,41267.671
3.286920823329,-2.01078126415092,36.2513329622772,41277.062
3.28466917556415,-2.00840899610767,36.2992757169229,41286.421
3.28214383309312,-2.01307312754834,36.3606314665133,41295.78
3.27953276159547,-2.00984629501421,36.4101794257346,41305.218
3.2768765392818,-2.01157381629032,36.4556446949462,41314.546
3.27441375612973,-2.00976308186972,36.5204732539852,41323.905
3.27175805779862,-2.01094305965582,36.5676494802671,41333.28
3.26910009148589,-2.01009758411599,36.6164930659101,41342.671
3.26634153265152,-2.00983596212557,36.6799640984322,41351.999
3.26336464559232,-2.01310969536098,36.6827707279968,41361.359
3.26076575435502,-2.01281771670012,36.7799861296669,41370.671
3.25797847744797,-2.0107184477727,36.8167426909791,41380.015
3.254852845287,-2.01038564585399,36.8841452387983,41389.374
3.25193754240581,-2.01065235460632,36.9279615711396,41398.718
3.24871845628452,-2.01062851221521,36.9853394259898,41408.062
3.24556969124415,-2.01172015854834,37.0574643196465,41417.421
3.24211162237033,-2.00901375269904,37.1082532705213,41426.78
3.23875068002998,-2.01113973213396,37.1810485424602,41436.109
3.23548332876871,-2.01025775541329,37.2340107469603,41445.53
3.2317293502882,-2.00935730557083,37.273847912883,41454.874
3.22804502955505,-2.01117269493857,37.325501002137,41464.234
3.22414952907893,-2.01213894089439,37.3886007776958,41473.64
3.22034731999977,-2.00841823558153,37.4429068587296,41482.999
3.21629015607679,-2.00963387256483,37.5006308154116,41492.343
3.2122587810393,-2.00863821174436,37.5316310076948,41501.718
3.20778251209458,-2.01056621637895,37.5860340771047,41511.109
3.20338096455612,-2.01075251141574,37.6448205038288,41520.499
3.19894058273039,-2.01135140318159,37.6801793506762,41529.843
3.19402329615102,-2.00835260964,37.7893335019784,41539.218
3.18887954608969,-2.01143880978984,37.8667356219117,41548.624
3.18373174092505,-2.01053257714555,37.9153395543377,41557.984
3.1782907481321,-2.01064891505768,37.9432708331948,41567.327
3.17291445602537,-2.01250408545946,38.0356909908763,41576.655
3.1670132871073,-2.00813750473043,38.0622909427532,41586.062
3.16094814266987,-2.01196591354992,38.1210768488195,41595.421
3.15471084295561,-2.01043211097794,38.2024940445675,41604.796
3.14816140170331,-2.01145343985715,38.2736958087316,41614.187
3.14129725214012,-2.0110324739531,38.3209569056635,41623.515
3.13438839180375,-2.01050715251974,38.3863442877995,41632.874
3.12648299990775,-2.01018750652408,38.4641661171301,41642.218
3.11837110573247,-2.01363630398983,38.5268985285807,41651.64
3.11020184073613,-2.00845069848742,38.5755111002084,41660.937
3.10159766625648,-2.00948425332754,38.6714020121755,41670.28
3.09249876897335,-2.01035580594359,38.7424501357176,41679.64
3.08261128478691,-2.01075017427439,38.8343852131211,41689.093
3.07227937617032,-2.01453331229386,38.9073837006566,41698.452
3.06161615759839,-2.01011942951015,38.9180081865493,41707.812
3.05042672763596,-2.00992859054565,38.9968136428137,41717.218
3.03839650759457,-2.01179184216218,39.0805162235604,41726.53
3.02610331481665,-2.01170718149683,39.1614836512045,41735.952
3.01356863446214,-2.01017341073143,39.2559262016413,41745.28
3.00006322865216,-2.0122927019659,39.3613743330909,41754.64
2.98646352628073,-2.01085427085709,39.4425819470869,41764.046
2.97231684430995,-2.01392157432326,39.5283810478531,41773.421
2.95726698605552,-2.0117514339018,39.6342560588501,41782.78
2.94074470817108,-2.01252376389828,39.744788284999,41792.14
2.92300526096813,-2.01310642039515,39.8162053462739,41801.53
2.9022507541514,-2.0107687319574,39.9183115513785,41810.89
2.87770928255028,-2.01228683018013,40.0015131979312,41820.218
2.84787884043057,-2.0106812543022,40.0943094052646,41829.64
2.81196125468863,-2.01268758383288,40.1866532352151,41838.999
2.76777655368556,-2.00806068984075,40.2479321719232,41848.343
2.71243318450097,-2.01050119364232,40.3205022453823,41857.718
2.64169853140752,-2.00918212512099,40.4460840008956,41867.077
2.54809324986027,-2.01146261311554,40.5433941460567,41876.468
2.42151398992172,-2.00948937664953,40.6653480961031,41885.812
2.87781125957277,-0.0015570067289678,40.7116261132572,41895.249
2.97194150693119,-0.00069611902169557,40.6519427146283,41904.749
3.03985933793606,-0.00276786336338046,40.573966050319,41914.202
3.0953439674162,-0.00380430226236671,40.4814781530762,41923.718
3.14091827162405,-0.00415666923945269,40.3743195334534,41933.234
3.17828830989239,-0.00365818069402738,40.2456989695155,41942.796
3.2096938265874,-0.00236075515750336,40.0976036850517,41952.312
3.23676465263365,-0.00386619718475714,39.9220580959771,41961.859
3.26032436458409,-0.00024579573512893,39.7717671485352,41971.405
3.28109612027,0.000164200961858433,39.6219363858114,41980.968
3.29945983232597,-0.00334172202559771,39.4903539320714,41990.468
3.31615032194822,-0.00468193236119167,39.3430713498065,42000.062
3.33112810460823,-0.00420687293248446,39.1974724914249,42009.64
3.34461402891626,-0.00338072034182901,39.0043966907044,42019.249
3.35729366406266,-0.00104411619303004,38.8667183005736,42028.952
3.3688904946117,-0.00247109987973102,38.7189542603447,42038.593
3.37932469850372,-0.000585701883486022,38.5222320522365,42048.218
3.38900803931242,-0.00165404864016828,38.3742690637905,42057.827
3.39816851992015,-0.00322380014417229,38.2123077492908,42067.499
3.40630048130048,-0.00418118712957526,38.0492515519388,42077.171
3.41412412249137,-0.000551218386297977,37.9066930812208,42086.796
3.4217979532697,0.000781096784080706,37.722166938229,42096.484
3.4287799980762,-0.00141620820132895,37.5997843967795,42106.093
3.43533816387955,-0.00310239384160759,37.4416189795777,42115.702
3.44150425114211,-0.0028139684581524,37.3064173018769,42125.359
3.44721058103106,-0.00267555887854142,37.1657404308768,42134.999
3.45306100617657,-0.000891586294295254,37.0199770909137,42144.687
3.45802534149342,-0.00327572877637387,36.8840125429612,42154.405
3.46315260653146,-0.000150526288901246,36.711141134517,42164.046
3.4682457825477,-0.00245242524096715,36.5917350546293,42173.687
3.47274681395798,0.001953863417312,36.4248447519774,42183.327
3.47710257673223,1.35156326466339e-05,36.3393044016534,42193.03
3.48123911561438,-0.00387388439585431,36.1523753270559,42202.827
3.4852772541527,-0.00147092068699932,35.9973227975518,42212.593
3.48941849991419,-0.00638295839527431,35.8229030866128,42222.374
3.49318958670047,-0.00401764245438295,35.6912488443127,42232.155
3.49692192710041,-0.00759444238763712,35.5675385617797,42241.984
3.50052046148453,-0.00515230489595292,35.4149805179576,42251.765
3.50374759907141,0.00064978564437864,35.3131031322841,42261.577
3.50709380978216,-0.00170717757557267,35.1494333619069,42271.437
3.50994191249253,-0.000784023579166231,35.0543962377451,42281.202
3.51296272035369,-0.00145864342763485,34.9331123690971,42290.984
3.51597147991364,-0.00287978736545747,34.8188034478548,42300.796
3.51910167584515,-0.00283265697499474,34.7145475420585,42310.546
3.67636490963398,-0.00284015728333392,26.0840696429899,42311.546
3.28561007295432,-3.73143266961733,26.0914486314303,42314.046
3.80848590384772,1.51361586115975,26.1420332271357,42316.733
3.82465619781573,1.51270976030767,26.1510371205318,42319.264
3.83437763312207,1.51535979840012,26.1382238970647,42321.733
3.84160020859435,1.51453955662705,26.1246237082487,42324.233
3.84724094054693,1.51616904462619,26.1231774917357,42326.702
3.85191648238199,1.51207981695735,26.1197449628978,42329.171
3.85638385588505,1.51289594094808,26.1183873492808,42331.702
3.86027158467991,1.51468307998629,26.1119235519238,42334.218
3.86318177016815,1.51412189526087,26.1100885310879,42336.749
3.866497221924,1.51359282952855,26.0998987016722,42339.264
3.86883965186217,1.51142821080341,26.0934618735024,42341.796
3.87173895165199,1.51294296941309,26.0953252269764,42344.311
3.87358019749266,1.51188347172604,26.0797843735421,42346.843
3.875830304078,1.5122378471327,26.0840536345706,42349.358
3.87825564772614,1.51302934303191,26.0821057613084,42351.874
3.87997221446695,1.51239372899872,26.0742844705769,42354.343
3.88190787676895,1.51408918180804,26.0695317707945,42356.827
3.88389033829714,1.51354189892163,26.0731737039442,42359.28
3.88563648083514,1.5138339381131,26.0704044931626,42361.764
3.88735416325317,1.51634319217668,26.0626908450363,42364.233
3.88924934287941,1.51610801774718,26.0594963005474,42366.749
3.89079368475753,1.51081409414207,26.0593863577815,42369.28
3.89232475147986,1.51507222996101,26.0519008358938,42371.796
3.89390701253563,1.51443680976969,26.0433560477454,42374.327
3.89551210398704,1.51495533220358,26.0450846097393,42376.796
3.89692482769189,1.51157965006265,26.0365774105676,42379.264
3.89839178794432,1.51247048022974,26.0340686426667,42381.733
3.89980992921924,1.5119907219411,26.0460405998065,42384.249
3.90127287985417,1.51383718103865,26.0350687644614,42386.78
3.90264305605344,1.51211172059876,26.0407265700863,42389.296
3.90426470903652,1.51203886277774,26.0388586212228,42391.811
3.90547382757628,1.51697040073609,26.040326575894,42394.343
3.90685620438748,1.51292261812975,26.0230672244828,42396.858
3.90831629435429,1.51262228247248,26.0271945411437,42399.389
3.90953236715154,1.51313207271987,26.0266681616586,42401.905
3.91092777087321,1.51327249230603,26.0310620389956,42404.405
3.91227064627403,1.51501343171227,26.0358992286093,42406.874
3.91369879933232,1.51326264561222,26.0348834118759,42409.343
3.91455971575341,1.51559492390106,26.0266665728059,42411.811
3.91580685278348,1.51407431910211,26.0307480577442,42414.327
3.91707623782542,1.51296580721826,26.0209420831071,42416.858
3.91835072212842,1.51295876418726,26.0166625128277,42419.374
3.91941761657091,1.50841767444662,26.0235051845837,42421.905
3.92063195479932,1.51539397563206,26.0202623717887,42424.421
3.92217185335303,1.51079159271472,26.030889217385,42426.936
3.9230878411868,1.5145156463613,26.0333227646314,42429.468
3.92423820188966,1.51317672316779,26.0262210876243,42432.046
3.9252535983931,1.51105652650187,26.0307778377299,42434.514
3.92654571103715,1.5122372860491,26.0255293964872,42436.999
3.9273719098952,1.51512763804836,26.0241870768282,42439.452
3.92863689490143,1.5119098628848,26.0247911819543,42441.936
3.92991612529174,1.51249149809097,26.0334694140588,42444.405
3.93060093422245,1.51387333554067,26.0328129708168,42446.921
3.93152568573115,1.50988964236879,26.0157353962366,42449.452
3.9330753091669,1.51285554956713,26.0154175548622,42451.968
3.93384289787386,1.51480223706973,26.014114230977,42454.499
3.93531121517169,1.5149198732072,26.0119064688276,42457.014
3.93601475037,1.51437848564516,26.0118475784061,42459.53
3.93679039456082,1.51505765938593,26.0193665553187,42462.093
3.93785898013819,1.51247760038518,26.0156592697828,42464.577
3.93905224966307,1.51279217886854,26.0067418180642,42467.061
3.94020100119838,1.51521491172627,26.0090594631664,42469.53
3.94089699334653,1.51465534725903,26.0057047130255,42472.046
3.94217149501543,1.51479875760724,26.0102606515308,42474.577
3.94291394266571,1.51269111411072,26.0114025311648,42477.093
3.9437169568095,1.51439066627736,26.0032231891208,42479.608
3.94512413464093,1.51284059575115,26.004788642169,42482.171
3.94594978635532,1.5112381378637,26.015650027806,42484.655
3.94673530556038,1.5115983644491,26.0189273189045,42487.124
3.94784049066022,1.51593779586013,26.0174665791897,42489.593
3.94843511915617,1.51270332240306,26.0162694029762,42492.061
3.9492056105998,1.51474542785335,26.023684145958,42494.577
3.95029564799642,1.51450713163574,26.0295870563568,42497.108
3.95123626328714,1.51374479420734,26.02271914348,42499.624
3.95204920694651,1.51359043491887,26.0268509873282,42502.155
3.95261593388615,1.51326874074384,26.0331912105408,42504.671
3.95332104184766,1.51185697589171,26.0253745751759,42507.186
3.95454038320211,1.5140881719647,26.0320636398381,42509.718
3.95523727204426,1.51431044296666,26.0260166671701,42512.233
3.95607278870766,1.51189607119315,26.0236626885259,42514.764
3.95666104735163,1.51592089866277,26.031919284592,42517.311
3.95776370285169,1.51375488337818,26.0258605034304,42519.796
3.95851341209412,1.51447149312826,26.0297736938928,42522.249
3.95918924455712,1.51454079397187,26.0354019843099,42524.718
3.95979920650208,1.51424763384783,26.0356950479439,42527.249
3.96048941683031,1.51280364316776,26.0387937789133,42529.764
3.96119205662364,1.51220960437168,26.0340974536524,42532.296
3.96205874762514,1.51187275771546,26.0343954243561,42534.811
3.96290801383453,1.5155124170691,26.0354887678016,42537.343
3.96310993867127,1.51335192620727,26.0363076204414,42539.858
3.964165426181,1.51493063917441,26.0361772535146,42542.374
3.96496935197407,1.50965548136812,26.0543593238604,42544.905
3.96557356887781,1.51571298207615,26.0552520999181,42547.421
3.96617048356756,1.51259974180137,26.0555274792981,42549.952
3.96715402932286,1.51551222489871,26.0529821908418,42552.468
3.96778696502251,1.51475083339752,26.0676333689655,42554.999
3.96826766562302,1.51364959017889,26.0611621437346,42557.514
3.96879118697476,1.51190362061867,26.0710121522516,42560.03
3.96972140424009,1.51393887622406,26.0754059221701,42562.624
3.97002104733864,1.51359420453743,26.0824439801429,42565.093
3.97109567213163,1.51411220275537,26.076710660452,42567.561
3.97161731864642,1.51285826055192,26.0789539587448,42570.03
3.97221415490184,1.51510514613841,26.074960928511,42572.514
3.97279688283468,1.511516278606,26.0807278696056,42575.03
3.97365152604794,1.51160892317079,26.0800256162586,42577.546
3.97426189172917,1.51313306035735,26.0846469829208,42580.077
3.97489804047461,1.51419095797062,26.097598817531,42582.593
3.97511011655188,1.51135979179599,26.090107633564,42585.124
3.97620504074528,1.51061326729597,26.0924104941263,42587.639
3.97662314431521,1.51321491933792,26.0933797564399,42590.171
3.97720954849981,1.51257229785558,26.0934191329836,42592.686
3.97781697698429,1.51316502191991,26.0901360177764,42595.202
3.97860463307477,1.51391618945125,26.0856268630657,42597.733
3.97914551078735,1.51167214089194,26.0902967299991,42600.249
3.9794049577352,1.50930116195135,26.0788867442364,42602.78
3.98040924302807,1.51291568473641,26.078714837123,42605.296
3.98092670009063,1.51276583715738,26.086743419601,42607.827
3.98130099346183,1.51312569752347,26.0858169229551,42610.28
3.98241702782941,1.51271451162957,26.0763014907453,42612.749
3.98237581877581,1.51202595485967,26.0882305145858,42615.218
3.98314610206294,1.51363208928081,26.1033238464285,42617.749
3.98380251557558,1.51238693906161,26.0996290076508,42620.264
3.98437518278329,1.51450389098254,26.1028750343199,42622.78
3.98468892879725,1.51188024259489,26.1151487397139,42625.311
3.98523537906494,1.51289398708094,26.1262243696256,42627.827
3.98597386828297,1.51253518310443,26.1254234142994,42630.358
3.9865914421075,1.5124959382807,26.1322634807935,42632.874
3.98696276066053,1.51429327140812,26.1267170139339,42635.405
3.98746130950561,1.5133572060634,26.1359575438406,42637.921
3.98812719071289,1.51051648068059,26.1407023491086,42640.436
3.98839989241602,1.51144151557121,26.1418413370552,42642.999
3.98908948223345,1.51399573443837,26.1240468839356,42645.53
3.98953291408912,1.51187355082193,26.1269591111814,42648.046
3.98979152006745,1.51511022663504,26.1462250064767,42650.561
3.9904994240435,1.51363574028287,26.1458498835975,42653.093
3.99102549806983,1.51241150611822,26.142034255646,42655.608
3.99117016516539,1.51351721363961,26.1499830106746,42658.139
3.99155202554758,1.5166991507617,26.1386287059782,42660.655
3.99182712971177,1.51468521314744,26.1521761291829,42663.124
3.99266743713799,1.51110042760092,26.1507607508554,42665.593
3.99338443510353,1.51253729749018,26.1533724135226,42668.124
3.99385679790694,1.51521037111512,26.1496800523509,42670.655
3.99415267144842,1.51553535408578,26.1577156390963,42673.171
3.99454606843462,1.5123959190487,26.164130001177,42675.686
3.9952153792509,1.51095019731741,26.1716753358559,42678.218
3.99546039803355,1.51240477529357,26.1680022890216,42680.733
3.99598027129282,1.51209818756465,26.1727721494219,42683.264
3.99652582608864,1.51522038856307,26.1805034733714,42685.78
3.99681065274153,1.51226700214983,26.1805272339558,42688.296
3.99744622055007,1.51109856198054,26.1795470969547,42690.827
3.99780410894594,1.51253465376498,26.181124134536,42693.343
3.9981346309983,1.51390124950218,26.1869564024572,42695.874
3.99867050195391,1.51355125338973,26.1933444763636,42698.389
3.9991630644023,1.51307309018117,26.2000557663997,42700.921
3.99951044917457,1.51366053898246,26.1985415628785,42703.436
4.00002690630868,1.51309926284544,26.1978106878133,42705.968
4.00056968755819,1.51422034667082,26.1980532117034,42708.483
4.0005229169586,1.51267397486074,26.2033346836646,42710.999
4.001222597407,1.5134572607522,26.2080079249579,42713.53
4.00144398499726,1.51365233321875,26.2197633562957,42716.046
4.00184241244465,1.51382972134762,26.2247734150843,42718.577
4.00240727057601,1.51277041280609,26.2321201101817,42721.093
4.00279128116816,1.5144479356627,26.2360899980875,42723.686
4.00319073307861,1.51320351387475,26.2432980085284,42726.171
4.00336305510272,1.51346076722356,26.2404542429825,42728.639
4.00396804721367,1.51346813158338,26.2445026922804,42731.171
4.00431983339314,1.51160432082029,26.2382162670066,42733.639
4.00482675658272,1.51314881024617,26.2367571056632,42736.124
4.00500947840037,1.51439422977169,26.2378602009044,42738.593
4.00559044405134,1.51271855543412,26.2365793242367,42741.061
4.00583341247615,1.51549965138555,26.2361301283756,42743.53
4.00639200117423,1.51369130320741,26.2443109617336,42746.061
4.00658141548569,1.51383009699657,26.2456395249022,42748.577
4.0073794880946,1.51191592323725,26.2624299799853,42751.108
4.00729119598804,1.51422978255001,26.2545164373164,42753.624
4.00808103927141,1.51258579512609,26.2512535755148,42756.155
4.00840981746591,1.5145740701145,26.2617964527348,42758.671
4.00869955248209,1.51426195723968,26.2625093026388,42761.186
4.00902559935958,1.51306603763844,26.2732157676485,42763.718
4.00922213143562,1.5137193433099,26.2776174594888,42766.233
4.00960520390752,1.5163596273962,26.2829545094638,42768.764
4.01021326650605,1.51317017723979,26.2932183247049,42771.28
4.01057020565963,1.51832711542016,26.2952135772955,42773.811
4.01079130543511,1.51159764835823,26.2955296551197,42776.327
4.01163949367623,1.51278678349255,26.2918735739431,42778.843
4.01150908449355,1.51473948712646,26.2931975202722,42781.374
4.01188949316608,1.51182951719667,26.2916297897173,42783.889
4.01254183327787,1.51481927020941,26.2923575514865,42786.421
4.01276353024779,1.51433569853573,26.2964381937414,42788.936
4.01300154320986,1.51385865879355,26.3039892384169,42791.468
4.013173748298,1.5155839594345,26.3113223982751,42793.983
4.01407638238468,1.51617399462908,26.3175568010813,42796.452
4.01410710862455,1.51248684819975,26.3139679991774,42798.921
4.01467417306707,1.51289987518422,26.3141116485219,42801.389
4.01506082406336,1.512453093082,26.3165783805507,42803.874
4.01513443631436,1.51359016815467,26.328117246246,42806.343
4.01555379895539,1.51323443963243,26.3234358993258,42808.858
4.01618909110668,1.51365398512402,26.3317813386587,42811.421
4.01631633438773,1.51353709976384,26.3294667291486,42813.889
4.01657530267046,1.51324586116357,26.3162944107917,42816.374
4.01710330429867,1.51378246837962,26.3255285490804,42818.874
4.01757564149983,1.51194950722789,26.3301745849403,42821.405
4.01786442609676,1.51005127452304,26.3292463741213,42823.921
4.0181497045284,1.51517642536963,26.3286355774879,42826.436
4.01859764983025,1.5151844607928,26.3297827151957,42828.968
4.01887923114973,1.5120163222728,26.3285732849541,42831.483
4.01933296462151,1.51287916527051,26.3396549429492,42834.014
4.01970601421237,1.51450952121292,26.3402420182507,42836.53
4.02005743907335,1.51260529708228,26.3429252337155,42839.061
4.02032327766043,1.51399236282834,26.3466226213541,42841.577
4.02076866445099,1.51307871015231,26.3454998195188,42844.108
4.02134456660559,1.51271702862608,26.3486524501416,42846.624
4.02144152032944,1.51408163218422,26.3632288472243,42849.155
4.02185658129108,1.51392452636356,26.3598735799186,42851.671
4.02229634609483,1.51307195688766,26.3613908740011,42854.233
4.02241644250791,1.51411352632547,26.3588593070659,42856.702
4.02279860790084,1.51517475533444,26.3677247089777,42859.186
4.02332740155222,1.51156807732698,26.36647266372,42861.702
4.02363018783401,1.51433923656448,26.3741767218884,42864.233
4.0240310620257,1.5120100892064,26.3704752301565,42866.749
4.02435385203277,1.51227330436773,26.3760498774968,42869.28
4.02465451286168,1.51335092202008,26.387127148969,42871.796
4.0250264480137,1.51343701658518,26.3961457002184,42874.327
4.02526344426123,1.51602944535297,26.3957512262662,42876.843
4.02570370636839,1.51459127751583,26.4030951513039,42879.374
4.02620744044807,1.51264365739899,26.4135943614356,42881.889
4.02666360040095,1.5132762921115,26.4220637340585,42884.421
4.02694178357202,1.51304731308926,26.4222780955146,42886.936
4.02748554708627,1.51536252784915,26.4171226518185,42889.452
4.02776289950608,1.51117189731591,26.4338251376044,42891.983
4.02765582710756,1.51812933068058,26.4384252831352,42894.499
4.02801389562449,1.51120499069254,26.4397762000955,42897.03
4.02873953542627,1.51505522063022,26.4423034313421,42899.546
4.02924172752121,1.51462592709418,26.4463688826477,42902.077
4.02941949561149,1.51361366819641,26.444610164079,42904.593
4.02969945492715,1.51220285700829,26.4463278151824,42907.124
4.03009818936559,1.51375834120953,26.459269499796,42909.639
4.03056321477932,1.51381059543327,26.4640100225449,42912.155
4.03037071475366,1.51203269124363,26.4622683894781,42914.686
4.03084440235127,1.51218276345546,26.4681895157331,42917.202
4.03126493852302,1.51698815048725,26.4596726837032,42919.733
4.0318610493656,1.51113144671149,26.4672877783321,42922.186
4.03178295510067,1.51710594670195,26.4703319798844,42924.671
4.03207168499886,1.51983228856626,26.4651967921928,42927.139
4.03277163783187,1.51027518148377,26.4687871750297,42929.608
4.03340000751189,1.51979202057875,26.4660150561675,42932.077
4.03312820476325,1.5136411627992,26.480380898185,42934.608
4.03379489753772,1.5124192422679,26.4880012899216,42937.124
4.03416333246422,1.51547412815211,26.4887756064223,42939.655
4.03444589612593,1.51164024548023,26.4914757315862,42942.124
4.03484935010164,1.51214929342895,26.5027344193523,42944.577
4.03505754499091,1.51211409773265,26.493034720802,42947.046
4.03583127722781,1.51257958955476,26.4949666050811,42949.53
4.03593619669989,1.5114103880417,26.495620068755,42952.046
4.03633981141849,1.51436763265968,26.5051848705534,42954.561
4.03656690908092,1.51277006787543,26.5103063693873,42957.077
4.03682055028701,1.51486040389057,26.5178853576481,42959.608
4.03720094455419,1.51222118774508,26.5208264361173,42962.124
4.03774436447217,1.51539041295855,26.5229668404187,42964.655
4.03791651130792,1.51323266592958,26.5206674391572,42967.171
4.03827437731049,1.51338884090494,26.5268303378725,42969.702
4.03867584730525,1.51091718488634,26.5223679684786,42972.218
4.03911530259548,1.51234587580231,26.5313584100064,42974.749
4.03932156172564,1.51292917143663,26.5312093300869,42977.264
4.03935519767675,1.51150677022449,26.5455044960608,42979.796
4.04033119962459,1.51305435016395,26.5527444934156,42982.311
4.04030844567974,1.51202310663508,26.5507505132792,42984.843
4.04077173384406,1.5143137321385,26.5559818606281,42987.358
4.04128540697403,1.51101382543891,26.5587006198616,42989.889
4.04151514815756,1.51538929801717,26.5672308130521,42992.405
4.041838786114,1.51780600133781,26.5584174509969,42994.936
4.04236843187209,1.51457227992225,26.5740410066709,42997.452
4.04271363597107,1.51547936200518,26.5779582765754,42999.968
4.042675959262,1.51498086124511,26.5788904188168,43002.499
4.0431613774858,1.51260434510002,26.5771234134526,43005.014
4.04362957822404,1.51407702302751,26.5828877693202,43007.546
4.04404327550884,1.51369302263801,26.5853095536668,43010.061
4.04415764918661,1.51422176267246,26.5871984363225,43012.577
4.04432673468285,1.51307042509841,26.5841823168365,43015.139
4.04497407089947,1.51257420325208,26.5801437936064,43017.655
4.04552544493825,1.51271989373448,26.5887160279936,43020.186
4.04563240660971,1.51073051156756,26.6034257815435,43022.702
4.04579782672639,1.51510000244268,26.5974671320581,43025.233
4.04648728022551,1.51209481164763,26.604855081781,43027.749
4.04650518558045,1.51234051226534,26.6107033364811,43030.28
4.04698598447296,1.51308399289343,26.6148155309827,43032.796
4.04734735989081,1.51377220540323,26.6259118696258,43035.311
4.04766519502847,1.51233126001157,26.6297330825121,43037.843
4.04799780593233,1.51576892951744,26.6303173916529,43040.358
4.04819689610515,1.51688142257706,26.6401013998101,43042.843
4.04873772357884,1.5140967500978,26.6353128689201,43045.311
4.04883482682111,1.51301008724129,26.641336481701,43047.796
4.04925669290097,1.51747913717966,26.6417316472443,43050.311
4.0497921022472,1.51415554646876,26.6390896567479,43052.843
4.0499975891172,1.51325536290341,26.6466326991988,43055.358
4.05034693959206,1.51290611497456,26.6529906829298,43057.874
4.05086028633345,1.51607082894038,26.6549702135082,43060.405
4.05118627490041,1.5164121838445,26.6559623085629,43062.921
4.05155695757259,1.51346537569256,26.6602093065793,43065.452
4.05173938480858,1.51421877584585,26.663586362825,43067.968
4.05199756919052,1.51802366083577,26.6671506113258,43070.499
4.05266559734035,1.51399505868115,26.6635207213723,43073.014
4.05300476461234,1.51844034789965,26.6540462011824,43075.577
4.05325239616873,1.51277086136828,26.6703063614084,43078.093
4.05378750515421,1.50881797923698,26.6759841012772,43080.624
4.05357092393066,1.51426653101652,26.6836927519238,43083.139
4.05410953530313,1.5100292358988,26.685369112283,43085.671
4.0544379794338,1.50972966751759,26.6934097528277,43088.186
4.05483871632304,1.5128475163643,26.6903018808687,43090.718
4.05531225135719,1.51412620851943,26.7018510161225,43093.233
4.05552992474858,1.51392216859206,26.7107127435658,43095.749
4.05584891570437,1.51457176005624,26.7187720715268,43098.28
4.05607931962241,1.51270121444806,26.7112003726293,43100.796
4.05656897516454,1.51262462312153,26.7006726940661,43103.327
4.05701625859244,1.51140222364541,26.7178223682269,43105.843
4.05711920942391,1.51394145387585,26.7198166486428,43108.374
4.0575695940893,1.51341534067145,26.7252705405708,43110.889
4.05785908424143,1.51241483390497,26.7260456880421,43113.405
4.05808533584571,1.51423389165041,26.7271489899052,43115.936
4.05840850107046,1.51351583874749,26.7437667561008,43118.452
4.05875076252773,1.51372338047794,26.7514195158102,43120.983
4.05925974554602,1.51174383551776,26.7477365723494,43123.499
4.059428548853,1.51483566635546,26.7436095544771,43126.014
4.05960383965278,1.5134906716622,26.7519528965505,43128.546
4.06015881140103,1.51534730843523,26.7532492594318,43131.014
4.06065109820803,1.51219950134421,26.7554041113872,43133.561
4.06073411809473,1.51209615083969,26.7606842177005,43136.061
4.0612433644729,1.51449620836702,26.7597477114797,43138.53
4.06168180938611,1.513466346137,26.7639475421589,43140.999
4.06176932857703,1.51581839378886,26.7663001783543,43143.514
4.06227286948511,1.51244485930504,26.7620574733434,43146.046
4.0624694430198,1.51313951599607,26.7691272398618,43148.514
4.06290895888458,1.51546660634674,26.7649375037327,43150.983
4.06303830049682,1.51160151059356,26.7618739437194,43153.452
4.06346343636081,1.51200350767004,26.7721759422376,43155.921
4.06373159680592,1.51536785487649,26.7791162517319,43158.405
4.06430022652124,1.51700589749443,26.7836333016934,43160.921
4.06450252303779,1.51047498985357,26.7848228747555,43163.452
4.06491169085578,1.51312763202481,26.7993056487821,43165.968
4.06517630177359,1.51244699954721,26.8099062995497,43168.499
4.06552745200683,1.51808554738751,26.8157458540874,43171.014
4.06575432371714,1.51511776323805,26.8146195338358,43173.546
4.0658275062594,1.51455210438698,26.8141930895006,43176.061
4.06643531966343,1.51300069472608,26.8112444713223,43178.593
4.06674211205222,1.51038856146116,26.8237387985184,43181.108
4.06699837034614,1.51103997139059,26.8270098323295,43183.639
4.06748261397297,1.51244568817095,26.8328176544767,43186.155
4.06777923196992,1.51144849151051,26.8344136082633,43188.671
4.06831532172139,1.5133190302005,26.8402648829282,43191.202
4.06879698056252,1.5137682360468,26.8448806592653,43193.718
4.06890262146845,1.51245931868914,26.8559416870144,43196.249
4.06934930877906,1.51300005083344,26.8567076086284,43198.764
4.06940026946993,1.51544701703936,26.8633517093255,43201.28
4.06989482883117,1.51535354054394,26.8664810239932,43203.811
4.07028761620366,1.51449689938763,26.8766732624495,43206.327
4.07025069573354,1.51251816575317,26.8770980456221,43208.858
4.07079348840339,1.51390119749947,26.8842403361994,43211.311
4.07128913845389,1.51153956538423,26.8885949258545,43213.796
4.07150969196877,1.51425821312865,26.8977979443564,43216.264
4.07212499350727,1.51529592919175,26.8884500265003,43218.733
4.07233335445548,1.51205922223698,26.8809357333657,43221.202
4.07251646097054,1.51512267826051,26.8893281675917,43223.718
4.07311251842761,1.51379779730802,26.8961457118068,43226.249
4.07311469224421,1.51465241558943,26.9037811194401,43228.764
4.07329529004243,1.51346726190732,26.9044794313371,43231.296
4.07390993145186,1.51605534744427,26.9037042995844,43233.811
4.07432720208628,1.51274190936215,26.9080438910965,43236.343
4.07448134424729,1.51174025555229,26.9142177477489,43238.827
4.0748931007759,1.51287972808588,26.9184013353902,43241.327
4.0753041416396,1.51295977598957,26.9205894249606,43243.796
4.07555432777057,1.5118871550276,26.9206484669745,43246.264
4.075938443637,1.51455483751958,26.9268347935396,43248.733
4.0765064768058,1.51158450222414,26.9363712591197,43251.218
4.07665911990317,1.51237946563353,26.9388076419887,43253.671
4.07687669893412,1.51321505184904,26.9291822946134,43256.202
4.07731960207056,1.51312588823899,26.9423415292223,43258.718
4.07767441553024,1.51182186371298,26.9482016501849,43261.249
4.07802828331598,1.51576230665508,26.945079705299,43263.764
4.07835388450053,1.51678094236992,26.9553368592131,43266.296
4.07850409007211,1.51605154697379,26.9546571115747,43268.811
4.07903170841697,1.50989896708452,26.9599812003805,43271.343
4.07943845772235,1.51126540491495,26.9651025135112,43273.858
4.07973221167529,1.51163437200404,26.9655031842879,43276.374
4.08002728928178,1.51232381752617,26.9566616869222,43278.905
4.08025418170036,1.51153256428361,26.9578243110517,43281.421
4.08067889858337,1.51354090643192,26.9655175391316,43283.952
4.08100105118509,1.51306989688187,26.967195086295,43286.468
4.08135673655975,1.51614886068206,26.9773219510271,43288.999
4.08170283563216,1.51304963179398,26.9757540042986,43291.514
4.08188951242189,1.51298566010736,26.977082679839,43294.046
4.08255179143081,1.51602574181574,26.9825714985992,43296.561
4.08279686608239,1.51372147882572,26.9887268182339,43299.077
4.08322555566184,1.51307144675122,26.9852668313022,43301.608
4.08335991636613,1.51283244860085,26.9951542567027,43304.124
4.08368941499698,1.51499048006603,27.0082058440574,43306.686
4.08411233108318,1.51247469557631,27.0279683126959,43309.202
4.08451315646232,1.51289352531284,27.02938285026,43311.733
4.08491150833073,1.51426238254996,27.0420188751334,43314.249
4.08515551397583,1.51397375183823,27.0497906854726,43316.78
4.08546754035425,1.51122450662528,27.0573510626833,43319.296
4.08577209163789,1.51449270267301,27.0498411143118,43321.811
4.08618851672717,1.51452322050787,27.0544122372332,43324.343
4.08650267733947,1.51438262403091,27.0590106756766,43326.889
4.08688029982327,1.51500896015645,27.0579668071158,43329.389
4.08742585843342,1.51531066835138,27.0688064186749,43331.874
4.0876699926077,1.51289815459443,27.0700179512234,43334.343
4.08785910202933,1.51550567929548,27.0812751335043,43336.811
4.08820627573321,1.513859883076,27.0789234151845,43339.405
4.08884812585967,1.51375414959133,27.0813167457147,43341.921
4.08904054621195,1.51295371030426,27.0904459207501,43344.452
4.08924257169263,1.51376722016463,27.1006959848121,43346.968
4.08969148673391,1.51063294414934,27.0995397782367,43349.483
4.08986409007427,1.51247665157604,27.0984479269391,43352.014
4.09054992537771,1.5122235420801,27.1052714776919,43354.53
4.09072472494539,1.5165581439718,27.105153207941,43357.061
4.09103163779867,1.51524474450108,27.1120971690289,43359.577
4.09123305275708,1.51378469664259,27.1187084651267,43362.108
4.09178889311099,1.51236688708558,27.1342052647247,43364.624
4.09239966313981,1.51179963786552,27.1363263663273,43367.155
4.09270399835649,1.51214329137001,27.1370774422778,43369.671
4.09263466726005,1.51233728017804,27.1436368972462,43372.202
4.09338434612004,1.51373171940121,27.1458137521409,43374.718
4.09320274659741,1.51347991191671,27.1591012146232,43377.233
4.0937003839547,1.51292938448033,27.1587024249994,43379.733
4.0939610449399,1.51089428115804,27.1555436188695,43382.327
4.0944055211103,1.51326809395665,27.1554309389386,43384.796
4.0949417378433,1.5117791258454,27.1522013074361,43387.28
4.09507145064006,1.51073920299634,27.1577709215578,43389.749
4.09563803042391,1.51234517242549,27.1618224325195,43392.233
4.09584901846487,1.51311254952933,27.1656978645685,43394.702
4.0963329654339,1.51275531102876,27.1816269982869,43397.171
4.09675794795677,1.51293649643074,27.1667726052147,43399.639
4.09700566720514,1.51492782047884,27.1832262748856,43402.108
4.09730671630744,1.51241982152401,27.1859751698725,43404.577
4.0976636718395,1.51350533347165,27.1950742969669,43407.108
4.09819227883673,1.51407971420902,27.1979620440995,43409.624
4.09862619283222,1.51121043649894,27.1915210043611,43412.155
4.09887525848182,1.51300207415352,27.198651676029,43414.671
4.09907870332254,1.51416440970708,27.2050923776412,43417.202
4.09960571014464,1.5117418854504,27.2175682217667,43419.718
4.10000572081469,1.514482976174,27.2195852469918,43422.249
4.10022892877247,1.51262446124484,27.2251668780122,43424.764
4.10055298706135,1.51156241347203,27.2205271909235,43427.296
4.10088641410156,1.51559438779596,27.2267463373171,43429.811
4.10138495991868,1.51413756588145,27.2323414971362,43432.343
4.10165765211266,1.51323177203693,27.2423811913751,43434.858
4.10192771390922,1.51293918880363,27.2488564631496,43437.374
4.10249912230392,1.51396425519625,27.247942744986,43439.905
4.10280495609582,1.51454734571338,27.2483648469003,43442.421
4.10320395541198,1.51093648095947,27.2552102828197,43444.952
4.10319379040022,1.51285178566584,27.2588641528606,43447.468
4.10387265544915,1.51568430939762,27.2674229535082,43449.999
4.10411445336262,1.51489068227686,27.266831319369,43452.514
4.10465394204203,1.51264705016702,27.2765694096147,43455.03
4.1049689338862,1.51273225015139,27.2744432441889,43457.593
4.10540925488546,1.51492601022589,27.2855495163763,43460.108
4.10567149096709,1.51130207792358,27.2769045014085,43462.639
4.10576363737884,1.51578640253083,27.2863355074944,43465.155
4.10638442046992,1.51182495270029,27.3035733100398,43467.686
4.10688976879455,1.51287387413372,27.3029568409981,43470.202
4.10697277827796,1.51642839320053,27.2958211085637,43472.671
4.10771114336063,1.51410526897274,27.3015961770535,43475.186
4.10776225330491,1.51196808454376,27.3160741909944,43477.655
4.10831338769294,1.51325038125791,27.3188877768311,43480.139
4.10883739318541,1.51256115229948,27.3174855548977,43482.608
4.10887424087955,1.51402509440156,27.3256423927645,43485.124
4.10937118788768,1.51102262814578,27.3351117313062,43487.593
4.10978978694793,1.50930132118504,27.3347193979482,43490.124
4.11034995955611,1.51650935923261,27.3485557164658,43492.639
4.11045914478698,1.50903433565179,27.3435199277833,43495.171
4.11087097832291,1.51524918996808,27.3474136731688,43497.686
4.11112252180306,1.51158923701469,27.3632642007866,43500.218
4.11191485439374,1.51210211460021,27.3606790126732,43502.733
4.11190813451262,1.51351972820904,27.3629587204393,43505.264
4.1124618366149,1.51365050122607,27.3717831744225,43507.78
4.11283604767641,1.51396452775794,27.373565170329,43510.311
4.11321696878116,1.51540717432455,27.3838308064726,43512.827
4.11358057512597,1.51067753310816,27.3884542482723,43515.358
4.11386951963286,1.5141244575108,27.3978945697797,43517.874
4.11435024932948,1.50957594761122,27.3951484163758,43520.389
4.1145621798767,1.51352778105801,27.3984889740311,43522.921
4.11515866857899,1.51256958122054,27.4094362577731,43525.436
4.1152299660673,1.51049869580379,27.4033815281073,43527.968
4.11580430105536,1.51697070994692,27.4040512806475,43530.483
4.11593881058578,1.51357923655965,27.4229014786218,43533.014
4.11662228276235,1.51547872428212,27.4340661615938,43535.53
4.11645915554002,1.5140993332816,27.4354199391107,43538.061
4.11706414088744,1.51322616229469,27.4407141905729,43540.577
4.11783859137031,1.51486837320592,27.441617841993,43543.108
4.11788790516326,1.5144660516239,27.4429819713355,43545.624
4.11832146438069,1.51590048131655,27.4414549117238,43548.171
4.1188788132285,1.51317734386315,27.4456591748602,43550.702
4.119268573999,1.51426380225714,27.459157519956,43553.218
4.11931014853138,1.51087297771104,27.4561834269928,43555.733
4.11998910532767,1.51485600126744,27.4550600753535,43558.264
4.12019377955303,1.51416176999531,27.4636565417549,43560.78
4.12083321456906,1.51376309544237,27.4824898299018,43563.311
4.12089958491129,1.51453482311841,27.4865263079678,43565.827
4.12120328047421,1.51322992885338,27.4784076828,43568.358
4.12154490339755,1.51094598338497,27.4796870132344,43570.936
4.12208071201633,1.51202226153458,27.4907479237332,43573.436
4.12229879028541,1.51689649751075,27.4948354598283,43575.905
4.12304947907732,1.51399934752097,27.4950742734121,43578.374
4.12328908655981,1.51426407787636,27.4947700947049,43580.905
4.12373210323495,1.51450680246213,27.5021303881234,43583.421
4.12416540312146,1.51432173723752,27.5135704172268,43585.952
4.12450692352178,1.51419341612092,27.5103051518221,43588.468
4.12458917896835,1.51741958424702,27.52424137518,43590.999
4.125292916984,1.51199469785862,27.5316644797337,43593.514
4.12541502204487,1.51341705301147,27.5434743536273,43596.03
4.12590986217329,1.51343877877302,27.5439110356734,43598.561
4.12635417257357,1.51296428194942,27.5437666672591,43601.077
4.12658025016424,1.51349714838914,27.5570426404616,43603.608
4.12716203288219,1.51366720948528,27.5572609672608,43606.124
4.12778746800344,1.51160725793506,27.5606176663866,43608.655
4.12785288199866,1.51184820763914,27.5604426185866,43611.171
4.12836051141419,1.51444067579669,27.568237460639,43613.702
4.12868907070299,1.51322789584623,27.5645362959179,43616.218
4.12910987045151,1.51354452614763,27.5723752225156,43618.733
4.129650493792,1.51448619170825,27.5773880653426,43621.264
4.12979760334657,1.51264243926116,27.5916616461907,43623.78
4.13011927626926,1.51326036612944,27.5982870595797,43626.311
4.13055597847666,1.51348430929316,27.6034115877781,43628.827
4.13118056101103,1.5145746921252,27.6155744799584,43631.343
4.13142739908225,1.51537128737842,27.6171432406805,43633.874
4.13189150936029,1.51399800229821,27.614844502472,43636.389
4.13216093112639,1.51354973645107,27.620521525089,43638.858
4.13248727536042,1.5134236663412,27.6264355062848,43641.343
4.13293274360838,1.51450930678336,27.6271948765833,43643.796
4.13322605012286,1.51573026733125,27.623121860474,43646.28
4.13370219487321,1.5141303802326,27.6308014841822,43648.749
4.13398598195944,1.51309406253375,27.6328986611015,43651.264
4.134389167406,1.51294623042242,27.6370299876257,43653.796
4.1347383251217,1.51443680531192,27.645986039471,43656.311
4.13490314087908,1.51538127476076,27.6475377960367,43658.78
4.13535344100933,1.51174490850511,27.6564327948972,43661.28
4.13583399388032,1.5111640790116,27.6629467171726,43663.796
4.13626714694526,1.51607223732724,27.6605960748894,43666.311
4.13676078147152,1.51339285538072,27.6615333169793,43668.843
4.13713567025114,1.51199110999597,27.6566028648492,43671.358
4.13755655565606,1.51149972726879,27.6714866125376,43673.889
4.13799178824917,1.51093725877133,27.6901529994258,43676.405
4.1382497976833,1.51273728444122,27.6769983672721,43678.936
4.13865693379998,1.51428900295726,27.6813379655295,43681.452
4.13923363566139,1.51231826353874,27.6926270833568,43683.968
4.13920908227426,1.51201214840001,27.7108134010037,43686.499
4.13968801763176,1.51645831862676,27.7116906833253,43689.014
4.14027677781091,1.51510502570453,27.7254350249428,43691.546
4.14030831069336,1.51508325810776,27.7379147113555,43694.061
4.14082959739234,1.51416073942574,27.7405270520629,43696.593
4.14114636667629,1.51378265665993,27.7462338692436,43699.108
4.14170177784846,1.51334821030667,27.7550915380463,43701.624
4.14229785815389,1.51661225271181,27.7610217386327,43704.155
4.14229594807293,1.51431232002991,27.7657630720455,43706.671
4.14274804782132,1.5102236868001,27.763359396633,43709.202
4.14311712849389,1.51241131917593,27.7718697766602,43711.718
4.1432572767267,1.51413000459504,27.7654820445115,43714.233
4.14409534888404,1.51500322595855,27.7706700443827,43716.764
4.14422711372804,1.51394698016499,27.7793921652469,43719.28
4.14495873163181,1.51393506600087,27.7842287289015,43721.811
4.14500625342554,1.51432555678364,27.7841468983257,43724.264
4.14551002254807,1.51258942988784,27.7906963910002,43726.749
4.1454725396025,1.51358763340405,27.7923587299167,43729.218
4.14572910850866,1.51144755758522,27.7922359120148,43731.686
4.14644667839222,1.51260111704654,27.7964598256941,43734.155
4.14681213539023,1.51395281080218,27.8116440868641,43736.686
4.14724098595569,1.51475662712093,27.809424426201,43739.202
4.1477200640689,1.51322126659365,27.8220307952999,43741.671
4.14801613290955,1.51646241223209,27.8352996833685,43744.139
4.14853076948978,1.51167834984911,27.8513442036969,43746.639
4.14897903996815,1.51408585509929,27.8522814085025,43749.155
4.14904937659916,1.51244659619968,27.8589367893904,43751.639
4.14940912279274,1.51419593962689,27.8614313562506,43754.108
4.14972912954829,1.51298984177924,27.8634668183796,43756.577
4.15026805751373,1.51192458309744,27.861287546088,43759.061
4.15034847383057,1.51473023967553,27.8809992812151,43761.53
4.15094915645217,1.51146353925935,27.8789563079878,43764.046
4.15169558211128,1.51324598239575,27.8784404430888,43766.561
4.15176296553824,1.51150941840919,27.8840030711895,43769.093
4.15205136427134,1.51039800389416,27.8857472666971,43771.608
4.15268636350533,1.51433901019591,27.8932128052287,43774.139
4.15263307174567,1.51506996739134,27.8959411619918,43776.655
4.1536171316919,1.51377271277132,27.8997286452198,43779.186
4.15345824335663,1.51250624959348,27.8945171791345,43781.733
4.15380725022072,1.51338768718305,27.9129766423514,43784.249
4.15432468918548,1.51507873690167,27.911077121222,43786.78
4.15510831499378,1.51397534275246,27.9171980435754,43789.296
4.15490400368084,1.51355306581245,27.9233151329576,43791.827
4.15567460079355,1.51587143295293,27.9274307474791,43794.343
4.15596421789506,1.51215479820354,27.906680856745,43796.874
4.15592010982825,1.51160300376185,27.912866810844,43799.389
4.15665536203681,1.51478842572789,27.9209670042384,43801.905
4.15698563594137,1.5141499545998,27.9363627972958,43804.436
4.15719030846255,1.51335405080906,27.9428028652137,43806.952
4.15773690041169,1.51499035159428,27.9585059682518,43809.483
4.15783935567779,1.51359972281203,27.9601991721013,43811.999
4.15846735055215,1.51244672121989,27.9763282453812,43814.53
4.15874796096021,1.51585092687172,27.9927201991588,43817.046
4.15929299835767,1.51223253827893,28.0016978867577,43819.546
4.1595627474439,1.51721062354517,27.9984966862453,43822.046
4.15982683005259,1.51506419422156,28.000202442323,43824.561
4.16000638543264,1.51142948731718,28.0032622356509,43827.03
4.16058022119207,1.51278136328457,28.0107795004745,43829.514
4.16080584466402,1.51460838862969,28.0099181895624,43832.046
4.16141613696541,1.51392020437606,28.0214026460106,43834.561
4.16161296689296,1.51296528903436,28.0256917630729,43837.093
4.16207404585278,1.51438907901242,28.0142285455733,43839.608
4.16250238747744,1.51108899531267,28.0149551926804,43842.139
4.16293187447845,1.51475777833151,28.0068711753665,43844.655
4.16317161963475,1.51407803714772,28.0003097712572,43847.171
4.16328697564042,1.51381403829686,28.0317027531672,43849.702
4.16388742173799,1.51445354425364,28.0598591511032,43852.218
4.16411722924331,1.51344403191389,28.0611132052463,43854.749
4.16455384206969,1.51433654055637,28.0735925718662,43857.264
4.16496473566923,1.51313551856717,28.0739358651307,43859.796
4.16526982447756,1.5108798841495,28.0833941561558,43862.311
4.16521354854389,1.513747912194,28.0810819066265,43864.843
4.16591175624982,1.51344627563091,28.0861024409391,43867.358
4.16634299947002,1.51506301528715,28.0817850647395,43869.874
4.16656113421609,1.5144289470422,28.0959078504029,43872.405
4.16695696523512,1.51311509236057,28.1017058718659,43874.921
4.16715691129767,1.51338765083049,28.1139361429115,43877.452
4.16771745942141,1.51393590045883,28.1092730787863,43879.968
4.16821299999671,1.5137675268107,28.1096056579056,43882.483
4.16840744110063,1.51249776967679,28.1067750522564,43885.014
4.16861054382575,1.51352284894763,28.1153069849484,43887.53
4.16908481971493,1.51599512172737,28.1165539039692,43890.061
4.16947956641981,1.51592831283465,28.1283420001989,43892.608
4.17005591876152,1.51355711375008,28.1336173582208,43895.139
4.17018969949432,1.51413408256248,28.1343630320046,43897.655
4.17080777603668,1.51257213191901,28.1482389683712,43900.155
4.1708014210619,1.51144746097692,28.1433774892327,43902.655
4.17136203229681,1.51398672848171,28.1510770232541,43905.186
4.17130488980057,1.51515928008558,28.1521342362482,43907.702
4.17198720745028,1.51282272803956,28.1753016007618,43910.233
4.17234588347067,1.51250891734517,28.1824465705739,43912.749
4.1724758646398,1.51382168143853,28.1913454058123,43915.264
4.17297415657892,1.51538538680692,28.1986036247214,43917.796
4.17355868365528,1.51273912274861,28.1981395420761,43920.311
4.17360208472562,1.51020059333325,28.1958310779793,43922.843
4.17392295811716,1.51256352605079,28.2059149266639,43925.358
4.17413398538592,1.51417672581376,28.2096347785881,43927.889
4.17484964161604,1.51430095461501,28.2132923053582,43930.405
4.17501807080216,1.51524184463037,28.2282348978198,43932.952
4.17562336559155,1.51301694405488,28.2309984727856,43935.53
4.17584739032936,1.5116585009816,28.2354357534122,43938.03
4.17625494710744,1.5136714836274,28.2408780135005,43940.53
4.17634651692463,1.51321216684907,28.2419084103775,43943.03
4.17678321799796,1.51306345961527,28.2495616686294,43945.561
4.17706785591127,1.51402787677422,28.2603438919789,43948.077
4.17752841928767,1.51468551408813,28.2641317044406,43950.608
4.17794011689686,1.51478912664648,28.2733166197017,43953.124
4.17825676123018,1.51504065434303,28.2832752255325,43955.655
4.17854693447909,1.51239010626606,28.2767628231432,43958.171
4.1790157196275,1.51548247519604,28.2889755739568,43960.686
4.1791152679991,1.51169892024311,28.2954474396318,43963.218
4.17966312750359,1.51020994331226,28.302820143802,43965.733
4.17991404345216,1.51329881610992,28.3067901952126,43968.264
4.18049771734243,1.51082039023904,28.3134332934343,43970.78
4.18057752710873,1.51425222281693,28.3146577346593,43973.311
4.18083219718396,1.51518547904546,28.3231402668487,43975.827
4.18117646868719,1.51481169892236,28.330921297123,43978.358
4.18163154511761,1.51502628397989,28.3297170443935,43980.874
4.18173452185824,1.51117072898516,28.3359364410156,43983.405
4.18222856221963,1.51394208295934,28.3442653015005,43985.921
4.18235064080529,1.5142558928123,28.3415298133512,43988.436
4.18281682270632,1.51490180153042,28.3428923712938,43990.968
4.18337415292207,1.51066023229223,28.3436375720451,43993.483
4.18343563469519,1.51366759321179,28.3433427344528,43996.014
4.18413971770544,1.51485470714673,28.3514452887751,43998.53
4.18433562419315,1.51335382657329,28.3699413282708,44001.046
4.18499513338059,1.51116222631566,28.3822092198651,44003.53
4.18488023012876,1.51403831537966,28.3902107701964,44006.061
4.18539382724825,1.51535888730817,28.3958697980057,44008.624
4.18571951359781,1.51468430497784,28.3908993045457,44011.077
4.18620075047985,1.51530245214996,28.3976623014983,44013.561
4.18633327497344,1.51424674185528,28.411197418339,44016.014
4.18670048226459,1.51624703963815,28.4121723993869,44018.483
4.187295487002,1.51415935193859,28.4099134548256,44020.968
4.18760822367662,1.51399762209761,28.4198414313464,44023.499
4.18784546182681,1.51165505146137,28.4334351084955,44026.014
4.18787987519109,1.5129532576591,28.4360184970438,44028.546
4.18866473920559,1.51578291859781,28.4380183116182,44031.061
4.18849158543625,1.5146085754267,28.4385168747717,44033.593
4.18925089228017,1.5141997642717,28.4454109642821,44036.108
4.18926830955235,1.51229942180952,28.4482362449341,44038.639
4.18979577243324,1.51363860678479,28.4598563284083,44041.155
4.19027583361883,1.51270076382466,28.4659728647078,44043.686
4.1904954947866,1.51196018806513,28.469168088078,44046.202
4.19087418717598,1.51245570161957,28.4713220584251,44048.718
4.1911827200033,1.51491513154812,28.471576623652,44051.249
4.19137050335274,1.51410775537502,28.479565487765,44053.764
4.19182231788294,1.51308779914015,28.485214242506,44056.296
4.19213405562175,1.51182656748984,28.4928654589896,44058.811
4.19260829306092,1.5140383781557,28.4864213443726,44061.343
4.19281165694079,1.51373932941922,28.4949982581169,44063.858
4.19341779954492,1.51190713119009,28.489232810081,44066.374
4.19332051277308,1.51393210055014,28.4939119637669,44068.905
4.19384713790684,1.51352910866056,28.4946713038856,44071.421
4.19418676346128,1.51293991208808,28.5073178901713,44073.889
4.19439525644059,1.51466232297635,28.5130065498948,44076.389
4.19483355776904,1.51500942298168,28.5196107361933,44078.874
4.19525449841234,1.51216855030393,28.5156329075221,44081.343
4.19544705413077,1.51313049063562,28.5337149500521,44083.827
4.19580767110754,1.51382321610061,28.5492173390286,44086.296
4.19619238143403,1.51213782245387,28.5596247091482,44088.811
4.19639276545288,1.51498255016721,28.5642310195553,44091.343
4.19697512068457,1.51626465485386,28.5665918271753,44093.858
4.19687147683145,1.51529038039697,28.5678754147716,44096.389
4.19725031742599,1.51126509324969,28.5682419964446,44098.905
4.197936005958,1.51352801475817,28.5799255176442,44101.421
4.19820073846533,1.51201623024989,28.5897831048589,44103.952
4.19852337395867,1.51421377704057,28.5934829825712,44106.468
4.19880834729454,1.51730161997369,28.603593665828,44108.999
4.19917782044855,1.51478492465806,28.6036936582542,44111.514
4.19933133871251,1.5141916951336,28.604451306527,44114.046
4.19987035424837,1.51237416665559,28.6092558787273,44116.561
4.20040584584515,1.514043006459,28.6182048029876,44119.077
4.19739423991968,1.48168734687929,28.6173010545653,44121.968
4.19796776905564,1.48450063034987,28.6159406366747,44124.577
4.19803521889138,1.47969853432228,28.631928312144,44127.155
4.19824093724594,1.4829514862222,28.6325490268172,44129.718
4.19833435686836,1.48244200118134,28.6358667119449,44132.296
4.19825852554424,1.47900963536699,28.6455252105828,44134.843
4.19884651792241,1.481299469621,28.6458931537531,44137.405
4.19888288812797,1.48062014951497,28.6556451539427,44139.968
4.19893027071821,1.48020480067882,28.6670238534706,44142.577
4.19936026194338,1.47981858337718,28.6648999693807,44145.186
4.19987139477088,1.47830278420133,28.6765385649256,44147.796
4.19913273237512,1.46616266489966,28.6752655227322,44150.374
4.19926557053243,1.46853047099839,28.6850474738358,44152.936
4.19955903459402,1.47105911801007,28.6924630715759,44155.499
4.19853437226897,1.45810425588902,28.6988507149981,44158.061
4.19860079855364,1.45980290953019,28.6950090729406,44160.624
4.19923869837005,1.45824873509131,28.7046126208738,44163.186
4.19917476394637,1.45655046031826,28.7086545120639,44165.749
4.19928086029769,1.45804519684372,28.7192970958928,44168.311
4.1996689891139,1.4575506596749,28.7150669596051,44170.874
4.19911594187531,1.44877139078967,28.71421637422,44173.436
4.19908227904588,1.44660005716259,28.7157919636378,44175.999
4.19890139031703,1.4451754898932,28.726733502571,44178.561
4.19929521715402,1.44693298122266,28.7313771052127,44181.124
4.19953384567404,1.44712905798718,28.7368859780611,44183.686
4.1996225288432,1.44839187222264,28.7464598031851,44186.249
4.19895166096501,1.43493413987762,28.7504077901855,44188.811
4.1993407770376,1.43488826991367,28.7545432722056,44191.374
4.19936924779653,1.43881763130671,28.7493275779664,44193.936
4.19957266156181,1.43566551669592,28.751262804609,44196.499
4.19860964292505,1.42677339544775,28.7573700624642,44199.061
4.19886148606781,1.4233156339762,28.7646159253371,44201.624
4.19896536838242,1.42766349315304,28.7644372007624,44204.186
4.19944293487154,1.42650471953531,28.7745388698876,44206.749
4.19963281873738,1.4230878970382,28.7726373220042,44209.343
4.19883777536344,1.41351407621275,28.7808267382259,44211.921
4.19855662194291,1.41588949010202,28.7796618516115,44214.546
4.19878208450854,1.41301360888305,28.785045046826,44217.124
4.19914369541014,1.41458710555384,28.7896046118975,44219.686
4.19910305449835,1.41120744154904,28.7963249578268,44222.249
4.19915089169005,1.41318568993793,28.7967493315881,44224.811
4.19942163298398,1.41097504795455,28.7921527085473,44227.374
4.19959633336489,1.41244695781891,28.7902535753965,44229.936
4.19901472924467,1.40099300724914,28.8054103865143,44232.483
4.19929041327189,1.40287582266265,28.8035408775558,44235.061
4.19896130128723,1.40272776823632,28.8030497024682,44237.608
4.19952486185783,1.40339064203343,28.8228298170477,44240.186
4.19959727623603,1.39902455757221,28.8217246609238,44242.749
4.19893298048231,1.39049157425959,28.8249671559546,44245.311
4.1989542086445,1.3912006605205,28.8374606302588,44247.874
4.19911863876671,1.39050128821184,28.8371974848732,44250.436
4.19929860020062,1.39248112041322,28.8465772807513,44252.999
4.19933772679178,1.388410084233,28.8423338810349,44255.561
4.19955921133934,1.38953840315248,28.8475714256428,44258.124
4.2001907789944,1.38734335058898,28.8515058143638,44260.686
4.20011968022833,1.38717482383766,28.8581983385776,44263.264
4.20026571606193,1.3887751818436,28.8579905972955,44265.827
4.20015331386301,1.3897226340702,28.8631382308919,44268.389
4.20059832754044,1.3884523583854,28.8683158225908,44270.952
4.19978254622576,1.3796635244427,28.8597764505145,44273.53
4.19922545033787,1.36946833043358,28.8551012306986,44276.124
4.19928991294084,1.36650764979572,28.8566356031987,44278.718
4.19922354000969,1.36732651949535,28.8691351626381,44281.28
4.19953186717373,1.36483257099491,28.8778519048805,44283.843
4.19916948677569,1.36435764948013,28.8754189700102,44286.405
4.19965425341301,1.36491530711869,28.8765634561058,44288.952
4.20004619845373,1.36371248980453,28.8900976165965,44291.514
4.19972368869281,1.3640956088404,28.8975037896363,44294.077
4.20023736584872,1.36296857554361,28.8921319409739,44296.639
4.20057614167809,1.36516671107137,28.8959517062626,44299.202
4.19969174241311,1.35286816263413,28.9015654311323,44301.764
4.19893683510979,1.34576908624927,28.9035437996837,44304.327
4.19922048329826,1.34505097175986,28.9109116012008,44306.889
4.19932437709503,1.34508103116446,28.9132371044066,44309.452
4.19919849660183,1.34625393404188,28.92191343163,44312.014
4.19973526059652,1.34378678141658,28.914379955976,44314.577
4.19947597332834,1.34350396209528,28.9202182321678,44317.139
4.19950389387035,1.34346614486202,28.9251515486284,44319.702
4.19955941733853,1.34307084115122,28.9208387946329,44322.264
4.2001470319551,1.34357862769923,28.9283749201146,44324.827
4.20017307534886,1.34422317619851,28.92167871538,44327.405
4.20034535085633,1.34251214090853,28.9237393650085,44329.968
4.20063289292047,1.34458872561529,28.9208282584882,44332.53
4.1998728677957,1.33013342760349,28.9264244326704,44335.093
4.1998756579114,1.33424276642724,28.922777509774,44337.671
4.19993320474667,1.33282201542339,28.9289417659409,44340.233
4.20022719052435,1.33020385154771,28.9307051696832,44342.796
4.20056988892715,1.33215547479333,28.93275476569,44345.405
4.19967066298795,1.32382260270269,28.9384168062038,44347.983
4.19987247632314,1.31686143842212,28.9342187597584,44350.546
4.19968247613943,1.32157272884182,28.9467223303987,44353.108
4.20021129913429,1.31995452782831,28.9588487174992,44355.671
4.20042747424715,1.32054940267491,28.9554190270346,44358.233
4.20052120020809,1.32006302016625,28.9557337312367,44360.796
4.20075210592627,1.31845877074821,28.9539543282777,44363.358
4.19965693971442,1.30994481341347,28.9627920814976,44365.921
4.20013490023708,1.30906007293839,28.9687201896994,44368.483
4.19997363211065,1.30810690652074,28.9617885826815,44371.077
4.20054845502072,1.30610041353495,28.9585390055315,44373.655
4.20047161244509,1.30726675673937,28.9637342063233,44376.233
4.20055734135645,1.30757985451149,28.9601820230924,44378.796
4.1999409191503,1.30076034919478,28.9655283143817,44381.358
4.19917837633377,1.2886496437863,28.9783738715465,44383.936
4.19906567215084,1.29008068964958,28.9702371378384,44386.483
4.19955242528892,1.29001769738796,28.969914007146,44389.061
4.19935465191728,1.2870766510107,28.9716883978337,44391.608
4.1994994677,1.28417601673028,28.972242113412,44394.171
4.19987965614149,1.28876556073395,28.9782774340599,44396.733
4.20011108080117,1.28934659268387,28.9842264473472,44399.296
4.19991974651249,1.28526810319907,28.995613012072,44401.858
4.20015119021542,1.28632739402847,28.996109172192,44404.421
4.20054686448758,1.28592406225564,29.0067926908485,44406.983
4.20057940678831,1.28591405744413,29.0004147492441,44409.546
4.19965344198935,1.27596733269517,29.0113016326731,44412.108
4.20007160419434,1.27509756144175,29.0002823855734,44414.686
4.20023550900302,1.27627817565997,29.0037975047562,44417.233
4.20025462137304,1.27724078254852,29.0062320798489,44419.796
4.20057898414282,1.276356237898,29.0089256762034,44422.358
4.19951759272677,1.26412573846668,29.0068965565523,44424.921
4.19978997030537,1.26468118950991,29.0091247126696,44427.483
4.19980798639289,1.26286489536068,29.0157504191791,44430.046
4.20027151159603,1.26337255017711,29.0171654437047,44432.608
4.20035044584266,1.26191301077635,29.0230982789597,44435.171
4.20033708451548,1.26194933904398,29.0344128673291,44437.749
4.20047720569819,1.26157581097214,29.0318861329366,44440.358
4.20083097443926,1.2628965336487,29.0286355259473,44442.999
4.2000252484986,1.25007348586662,29.0155357440843,44445.593
4.20029850217196,1.25202608511383,29.0248128810539,44448.171
4.20026452539612,1.25237833310032,29.0416475252188,44450.733
4.20058477707421,1.25033495980327,29.0409088527187,44453.296
4.19976265577936,1.24135193172742,29.04985190054,44455.858
4.19953292558031,1.24283242188958,29.0433440902622,44458.421
4.19990738854936,1.24454082638792,29.0543682641495,44460.983
4.20017590590597,1.2412697945517,29.0479594151887,44463.546
4.20004264938068,1.24179287094501,29.04213717826,44466.108
4.20046347346434,1.24445622573827,29.0425269051867,44468.671
4.20041834755268,1.24104162340809,29.0511056778657,44471.233
4.20070792767208,1.2377951674099,29.0672017751695,44473.796
4.19994102792486,1.23095325638503,29.0609936765685,44476.358
4.20018796244606,1.22740033567473,29.0614309898503,44478.921
4.20040935418335,1.22820144086203,29.0686726494708,44481.499
4.20012245858511,1.23016055087427,29.0642807412346,44484.061
4.20027045510469,1.23041579412017,29.0586655429307,44486.624
4.2002718604042,1.2306739105625,29.051825382879,44489.186
4.20063777580355,1.22703716820274,29.0440429196763,44491.749
4.19982307074046,1.21673970184081,29.0537895755275,44494.311
4.20040938147632,1.22407007219421,29.0576368893821,44496.874
4.20032485119395,1.2197052213364,29.0672871242445,44499.436
4.20033372356359,1.21842241885944,29.0732142234601,44501.999
4.20061486795396,1.21728647326564,29.0829367987642,44504.561
4.20072662626051,1.21811253790842,29.0843459170531,44507.171
4.20087856198406,1.21892881384911,29.0842142167512,44509.78
4.2012741601345,1.22174446056644,29.0932687339014,44512.343
4.20122271415885,1.21445210492474,29.0936658866665,44514.905
4.20113288998814,1.21206765311939,29.0893742338088,44517.483
4.20148152785636,1.21304059941102,29.0921145450228,44520.03
4.20180072733435,1.21644988516872,29.0902012867288,44522.593
4.20093719671589,1.205899356723,29.0886914575588,44525.155
4.20040611799949,1.19284024177646,29.0919636988485,44527.718
4.2003755605817,1.1963702885634,29.0971729875208,44530.28
4.20019961845831,1.19462576906347,29.0900004644532,44532.843
4.20041729988783,1.19701559921108,29.0878730379315,44535.405
4.2007295067176,1.19449893562151,29.0897374021474,44537.968
4.20073059266172,1.19082824956169,29.0906481565652,44540.53
4.20106046150791,1.19234722703042,29.0936430200412,44543.093
4.20115883430919,1.19453198485248,29.0948464564885,44545.655
4.20145316652703,1.19567836858111,29.0941439554956,44548.218
4.20170077980984,1.19439826512852,29.0932156146988,44550.78
4.20072089188654,1.18032770201589,29.1035603338282,44553.343
4.20014097674211,1.17381597718288,29.1003311234203,44555.905
4.20008903079474,1.17223306595614,29.1031528214271,44558.468
4.20020173143522,1.17400986608434,29.1001785882095,44561.046
4.200306250195,1.1688840308776,29.0941848615648,44563.593
4.19961151214052,1.16439693269079,29.0869454026176,44566.171
4.19894554005565,1.15463497520855,29.0912785470401,44568.733
4.19910832616626,1.15358475678242,29.1009774229165,44571.296
4.19907246424407,1.15113067380488,29.1031105259653,44573.889
4.19897266313166,1.15452247551099,29.1055060152665,44576.499
4.19895625356549,1.15297131350552,29.1070202231054,44579.061
4.19931030593935,1.15261026045542,29.111929292492,44581.639
4.19933409894066,1.15028311314869,29.1052014956853,44584.186
4.19952230460925,1.15360474824905,29.0921632620666,44586.764
4.1997548523032,1.15219064578256,29.0976783077546,44589.327
4.19981593469963,1.15131666032312,29.1047980865339,44591.889
4.19982196928845,1.15153651069498,29.1138615545401,44594.452
4.20020988403637,1.15091957981808,29.1117379977502,44597.014
4.20055810778674,1.14849498622021,29.1086218514913,44599.577
4.19930407015004,1.1369209547603,29.1046072572418,44602.139
4.19868020540698,1.13387701532243,29.1127476056058,44605.093
4.19874179192156,1.13181873897452,29.1026917611405,44607.843
4.19802738687376,1.1228945757996,29.1089040300579,44610.53
4.198167822963,1.11874867687527,29.1224409451245,44613.249
4.19820894882352,1.12256520693859,29.1165043230389,44616.014
4.19777134947159,1.10765945391641,29.1327282875737,44618.733
4.19758312555183,1.11143073236063,29.1300727253629,44621.405
4.19734475978975,1.1094279818673,29.1276501323469,44624.139
4.1978527529376,1.11170754988479,29.1155968142716,44626.811
4.19812222187333,1.11097846493211,29.1266805691668,44629.53
4.19792170643244,1.11061452052941,29.1236260294827,44632.202
4.19815001883115,1.11129842927856,29.1141079984567,44634.936
4.19833192582237,1.10655794316484,29.1312860414168,44637.593
4.19849026449003,1.11266352160858,29.1349033996236,44640.343
4.19856933626808,1.11060624533023,29.1225240772115,44643.014
4.19851156724449,1.10805789182705,29.1271563567132,44645.733
4.19898513109419,1.10839850463083,29.1346270492642,44648.436
4.19899856888031,1.10910825837585,29.1422385186181,44651.171
4.19928601990906,1.10717124282049,29.1388443440391,44653.858
4.19935553399794,1.10927342573137,29.1366701132286,44656.608
4.19951900074344,1.10879023081122,29.1384723167933,44659.311
4.19983441747535,1.10826401739724,29.1310613132048,44662.03
4.19970126041212,1.10319736180298,29.1268096043676,44664.764
4.20015404442477,1.10436821088616,29.1254334192586,44667.53
4.20000041586208,1.10630084563111,29.12115919662,44670.202
4.20022143366475,1.10729173474198,29.1249144435482,44672.952
4.20070245713433,1.104464891681,29.1273071565579,44675.624
4.19981289014082,1.09375739680461,29.1244942748281,44678.358
4.20016882926228,1.09511474509547,29.1277196263979,44681.03
4.20051202801399,1.09244745769899,29.122592859853,44683.749
4.20045444374305,1.09500786657177,29.1291570061254,44686.421
4.2007115875049,1.09505091144622,29.1222463065431,44689.155
4.20080346319029,1.0918340918832,29.1337394760693,44691.827
4.200880962515,1.09265718749644,29.1339974488191,44694.593
4.20122812496746,1.09159755261498,29.133138996328,44697.28
4.20169508939852,1.09181270048111,29.1344601177802,44699.999
4.20071292519021,1.07808998895378,29.1431024773391,44702.671
4.2010336502162,1.08200803481112,29.1447992510991,44705.405
4.20119761973531,1.08024795378891,29.1410302200933,44708.093
4.20043557200374,1.07392245455716,29.1175566393038,44710.843
4.19952990678979,1.06021043606508,29.1133626722705,44713.546
4.19993236278266,1.06270590460385,29.1164586836697,44716.264
4.19987632357992,1.06223270792153,29.1336058682989,44718.936
4.1999720799657,1.06203166800496,29.1416093032578,44721.671
4.19902735731463,1.05090050411481,29.1356861229637,44724.327
4.19926664300886,1.0492395993728,29.1261086045275,44727.061
4.1994808248374,1.05171589947924,29.1413505791289,44729.764
4.19932169415659,1.04938191991785,29.1392324326757,44732.53
4.19883767824985,1.04211150783482,29.1394651364651,44735.202
4.19873689617144,1.03959366465428,29.1429913406882,44737.952
4.19787564114168,1.03057118911747,29.1350447304132,44740.624
4.1972890012855,1.02395917249111,29.1438653858288,44743.358
4.19752123382203,1.0221573771872,29.1389085758213,44746.014
4.19757748047448,1.0225019533799,29.1381893364167,44748.749
4.19752284673338,1.02264533835113,29.1283879937898,44751.452
4.1973735864091,1.02196665284904,29.117396947625,44754.171
4.1975010803806,1.02235555683571,29.128921281096,44756.874
4.19791500641891,1.02320482955494,29.1231263569122,44759.639
4.19697469014869,1.00988925954924,29.1261375610693,44762.296
4.19714927617036,1.01165020218353,29.1292160582337,44765.03
4.1973609075732,1.00872377481731,29.1287998953712,44767.702
4.19747168632705,1.00961651240068,29.1224104713792,44770.436
4.1975650049249,1.00974304071627,29.1294550431606,44773.093
4.19738489608412,1.01133380333401,29.1194618920781,44775.827
4.19791333085541,1.00735432382379,29.1094795142657,44778.53
4.19792787790355,1.00966704734242,29.1121995853037,44781.28
4.19813989030946,1.00905003354213,29.1123740955164,44783.952
4.19809646696278,1.00762840442002,29.1290076548323,44786.686
4.19828317323216,1.00930888672462,29.1183778311386,44789.358
4.19843805250117,1.00470103668033,29.118608276485,44792.093
4.1985812316378,1.00472364910628,29.1064478815917,44794.749
4.19824380293965,0.995653640305752,29.1050352016927,44797.514
4.1973532689899,0.98917644198005,29.1005066451579,44800.186
4.19641193298367,0.97697203050459,29.1054935230725,44802.921
4.19742333817233,0.988861316130095,29.1059285824812,44805.608
4.19734135696487,0.988117186494575,29.1096200391877,44808.343
4.19782768446294,0.984613603978258,29.1123181677051,44811.014
4.19793943461959,0.985755468213083,29.1049224277361,44813.78
4.19797584991433,0.985375435790556,29.0936927977654,44816.468
4.19803277505734,0.986361326299504,29.1000539780814,44819.171
4.19821552771255,0.983780381697532,29.0980375842839,44821.905
4.19837025323519,0.985803145747953,29.1000253479975,44824.577
4.19795497097899,0.973873855933009,29.1107393162404,44827.327
4.19692122883692,0.963822302339327,29.1000494794563,44829.999
4.19607072850931,0.955252227668195,29.0951113739354,44832.764
4.19646305317203,0.957306347707276,29.0979233810418,44835.436
4.1961275013905,0.953758795969369,29.0814978318723,44838.155
4.19618565774186,0.954150221708903,29.0756426766445,44840.827
4.19612649848746,0.95528096452153,29.0825195083209,44843.577
4.19678396503638,0.955576840052979,29.0803583489489,44846.249
4.19668644383108,0.952697527784304,29.0710567292513,44848.983
4.19708933762681,0.952581145360488,29.0682112291641,44851.655
4.19705263538095,0.95544590186924,29.0648193555761,44854.374
4.19721910105732,0.952110607580775,29.0744364731583,44857.046
4.19745155798294,0.952292758443291,29.0738264939701,44859.78
4.19750222283828,0.951513251312541,29.0749747506082,44862.452
4.19771390286329,0.950650494777702,29.0746540014711,44865.202
4.1969222117234,0.942011361396138,29.0803955481226,44867.905
4.1962935087248,0.932396264580527,29.059862721329,44870.655
4.19729937818594,0.942578532993921,29.0542213107146,44873.327
4.19675267397679,0.934112753609954,29.0475321161604,44876.452
4.19557767546348,0.922616663886174,29.0398123178721,44879.28
4.19652777668965,0.932793017047102,29.0502951294212,44882.124
4.19769828096668,0.940511264815612,29.0485680000934,44884.968
4.19702984919079,0.929533216775945,29.045836807236,44887.796
4.19722135552813,0.929653194013788,29.0427472551142,44890.655
4.19731603414363,0.931083257777008,29.0502573621534,44893.499
4.19765537880251,0.930006599822671,29.0468317372484,44896.343
4.19782273097453,0.928646156931383,29.045581064478,44899.202
4.19806802139958,0.92873473108773,29.0447515983875,44902.014
4.19825335238287,0.929342729075404,29.0340695787233,44904.827
4.19848929200993,0.929431442103562,29.0113148353064,44907.671
4.19845176299503,0.925730638422676,29.0140116073426,44910.546
4.19892727622323,0.930239083858467,29.0108361941741,44913.405
4.19878059447258,0.930473799024304,29.0119223030392,44916.249
4.19916170214164,0.926663032368293,29.0206629317837,44919.077
4.19832093541199,0.917000019278194,29.0163291712102,44921.921
4.19864905460285,0.916525654114634,29.0175199050785,44924.796
4.19796600023472,0.906799162434323,29.0151547189399,44927.639
4.19715156726906,0.89786885130803,29.0169134303034,44930.468
4.19744462600845,0.894632162003868,29.0068241210771,44933.296
4.19751299635786,0.894008617961612,29.0002782913261,44936.139
4.19751246839872,0.891222923633946,28.9973890025403,44938.983
4.19775321743762,0.895786470814048,29.0053774459182,44941.858
4.1971062619135,0.884061198606616,28.9973781522371,44944.702
4.19785662977665,0.89723800728781,28.990365476468,44947.546
4.19737660497509,0.884268734177419,28.9904483321056,44950.389
4.19825249617553,0.894108456578814,28.9752922928437,44953.249
4.19774469856833,0.885408013844792,28.9776860438918,44956.124
4.19786690532811,0.886185544965937,28.9799003619287,44958.968
4.1976655242912,0.885064936721404,28.9834099996498,44961.811
4.1979867117084,0.883607936756783,28.9769103502919,44964.686
4.19824036673427,0.882291114728681,28.9653620992714,44967.624
4.19822026644625,0.88263173446487,28.9622535904103,44970.499
4.1984700711212,0.883735491494589,28.9509390026397,44973.358
4.19898959165047,0.882790137633168,28.9587339194575,44976.249
4.19894682909703,0.88162552528106,28.958076987033,44979.093
4.19839317667429,0.869671423682433,28.9544734293157,44981.905
4.19758600597386,0.864363472071746,28.9468907615088,44984.749
4.19697432703723,0.853832854184632,28.9528682740839,44987.577
4.19644927972584,0.852293983889501,28.9494628561718,44990.389
4.1970379783139,0.853024197134901,28.9403183025608,44993.233
4.19782094896719,0.862008787918288,28.9392683613419,44996.093
4.19732027208698,0.849719548178304,28.9433986432807,44998.983
4.1979565855262,0.8642771847885,28.9272545582678,45001.827
4.1976025162006,0.84864384000356,28.9222741143128,45004.702
4.19742268336047,0.852159045832992,28.9138845519118,45007.53
4.19883335398365,0.859869145026982,28.9102066993882,45010.405
4.19787144295284,0.851843568434754,28.9088222035462,45013.249
4.19805728072353,0.853356551164441,28.9143753595826,45016.077
4.1973950697238,0.838813821646296,28.9088850695137,45018.921
4.19831787086826,0.848039898234229,28.9003078471705,45021.796
4.19855757640466,0.848488694263851,28.903506664407,45024.624
4.19876118847065,0.850505979340457,28.9015516976669,45027.468
4.19905147961012,0.846790164816655,28.8971761277625,45030.311
4.19827214394584,0.838051027314593,28.8948170108901,45033.186
4.19859688216052,0.840537317123269,28.8863056611709,45036.03
4.19872986782764,0.836718782723188,28.8919977009775,45038.874
4.19892207248653,0.836574325604055,28.8728888179613,45041.718
4.19890192549899,0.833731028977958,28.8736509886322,45044.593
4.1984144150903,0.824173863887158,28.8744826166126,45047.436
4.19737458016509,0.816030103370986,28.8690076977638,45050.28
4.19754213833119,0.817545439765941,28.8643442185673,45053.124
4.19755664813735,0.817113372985399,28.8469781693017,45055.983
4.19700172166007,0.8070220508334,28.8293023199378,45058.827
4.19803164522792,0.814023181196648,28.8260065319523,45061.671
4.19708149781599,0.808065638162096,28.8212472495685,45064.546
4.19719644193685,0.807292254903298,28.8069866524592,45067.405
4.19710803006712,0.804758236034047,28.8196423161612,45070.264
4.19840038565908,0.815063543541184,28.8184589780815,45073.108
4.19762566778557,0.806169505085304,28.8028593329301,45075.983
4.19686941946544,0.796455146264541,28.795856793646,45078.858
4.19686504971095,0.796270196159994,28.8068697740387,45081.733
4.19712644214741,0.796480558358885,28.8076935595739,45084.608
4.19812320265074,0.803638839219398,28.793786887853,45087.436
4.19711963515898,0.792884109910735,28.7771045917101,45090.264
4.19751161999626,0.796024140231964,28.7670311318995,45093.155
4.19785609893207,0.793238589131987,28.7725936705833,45096.046
4.19699679450656,0.782582663445093,28.7738633587066,45098.921
4.19702073472966,0.7829183669953,28.7601208944444,45101.796
4.19689877467762,0.784269202763569,28.7452577911561,45104.686
4.19736028333444,0.782961136610283,28.740289207223,45107.499
4.19749182956084,0.783364531230345,28.7437823564362,45110.311
4.19775980459671,0.782549868654283,28.737471872103,45113.171
4.19686209154905,0.771584398304808,28.7393994944973,45116.03
4.19693236749265,0.774200216817911,28.7285258794152,45118.905
4.19725223285614,0.777122311182339,28.7343850172696,45121.811
4.19716681679162,0.77083329346775,28.7408895711282,45124.733
4.1972984200282,0.767524925787152,28.7313233112503,45127.608
4.19740669300301,0.769525836853266,28.7314381064299,45130.499
4.19782927941034,0.772628042786039,28.7327812124074,45133.374
4.19668864851896,0.763997316146953,28.7211207551396,45136.249
4.19713996386555,0.757038275839437,28.7107025284171,45139.139
4.19720508922298,0.762423161649499,28.7068849331382,45142.014
4.19731938676708,0.759991552286033,28.7097124408509,45144.889
4.19753416307309,0.758931853800027,28.7148859168992,45147.733
4.19743422419831,0.755254362673962,28.7132545853267,45150.577
4.19766923291915,0.760039088142675,28.6986799696716,45153.421
4.1968319227,0.751938079685178,28.6867415466928,45156.311
4.19676077736528,0.749939710487116,28.6757927795106,45159.186
4.19729896064037,0.751335539213559,28.6785431380232,45162.061
4.19831431427474,0.757348862551992,28.6552080528016,45164.952
4.19752086549932,0.749335084604426,28.642644700589,45167.827
4.19755061177791,0.745394766516194,28.6387223215823,45170.718
4.19782061535084,0.748004129133344,28.6548509649637,45173.593
4.19775448535097,0.744819585850616,28.6443913512978,45176.405
4.19823078456719,0.747750180734434,28.6386275642323,45179.233
4.19824771217911,0.745734627885038,28.6281266229026,45182.108
4.19849624301211,0.751165574657473,28.6139310565983,45184.952
4.19857320643152,0.747248451645712,28.6356089711271,45187.78
4.19771591078803,0.733677286775369,28.632545830145,45190.639
4.1971970770137,0.726999108842186,28.6341594535108,45193.561
4.19699094025029,0.725489452517784,28.6385545497506,45196.436
4.19757132234884,0.726400836101511,28.62385498662,45199.311
4.19729068843166,0.728144322949343,28.6183665319495,45202.186
4.19742174820164,0.727159543575813,28.6082528871399,45205.03
4.1975200720641,0.725225903015052,28.5980020771218,45207.843
4.19813300521316,0.723838246163867,28.5844887634187,45210.702
4.19756992330741,0.727753705295185,28.5821789504984,45213.561
4.19813757182958,0.726695993721701,28.578674052238,45216.452
4.19831964039138,0.722280844230161,28.5581727657831,45219.327
4.19837349199738,0.725442395910771,28.5495719213766,45222.249
4.19852467863709,0.72461766500296,28.5401306334391,45225.124
4.19861454929648,0.724970100947126,28.54619170206,45227.999
4.1978320756422,0.712148860973095,28.5385123187505,45230.889
4.19732198331799,0.701810858036088,28.5357871626847,45233.764
4.19713827923334,0.704334741058532,28.5395444977863,45236.671
4.19705987488477,0.701531965851825,28.5339107296821,45239.561
4.19720970876527,0.706906837856751,28.5284996569772,45242.436
4.1975461461687,0.703761604646212,28.5370189382724,45245.327
4.19790480176502,0.705358167341239,28.5240393116941,45248.202
4.19780612433396,0.701072134650503,28.5181729347158,45251.077
4.19833589571217,0.700926926503099,28.524676836444,45253.999
4.19780533057458,0.701322741517223,28.5208660860915,45256.874
4.1983005475026,0.700794766143949,28.5078122727659,45259.764
4.19840363170491,0.705730058001979,28.5029955131451,45262.639
4.19871244445596,0.701236987497697,28.4778549232296,45265.858
4.19747091791286,0.692225579917468,28.485584674777,45268.874
4.1978731862103,0.691430332645049,28.4884114276905,45271.811
4.19792737824133,0.689224199824709,28.475393897116,45274.733
4.19830876224411,0.688773838061585,28.475066614015,45277.639
4.19829785320667,0.689411265372533,28.4609716819123,45280.561
4.19844197219104,0.688629983686658,28.4601695740041,45283.499
4.19847535537533,0.690683643654604,28.457156040743,45286.405
4.19879824561932,0.687892402602756,28.4535744126889,45289.327
4.19771380606219,0.677150497863453,28.4405113952686,45292.233
4.19683370095205,0.669804019948047,28.4356566393653,45295.139
4.19716064943924,0.666715466090442,28.428066133252,45298.061
4.19734608211522,0.670236692606055,28.4236228206658,45301.061
4.19734788393021,0.666388121094636,28.4137954466602,45304.014
4.19758874745885,0.67132002100291,28.4039892570155,45306.936
4.19745156997049,0.672455546136596,28.4045052203785,45309.843
4.19763143358465,0.669880071974305,28.3946007522842,45312.764
4.19746508203849,0.669014665197067,28.3923064309977,45315.702
4.19799736868455,0.664214282011796,28.3781739880429,45318.639
4.19817754770072,0.671613882974781,28.3719831823208,45321.593
4.19811283117891,0.668662851527209,28.3787518588709,45324.499
4.19813850782406,0.667758201676959,28.3703570235578,45327.468
4.1984554273323,0.667915264921319,28.3750479554036,45330.405
4.19867291340913,0.666081639575658,28.3708177648536,45333.311
4.19779952344727,0.658813181931836,28.3669983105227,45336.218
4.19701312755906,0.649004610108265,28.3496257407868,45339.155
4.19687317358975,0.647420735865505,28.347660366694,45342.061
4.19720858914158,0.647598893059733,28.3442872344292,45344.983
4.19724747194968,0.644988045284638,28.333633085756,45347.889
4.19734194596462,0.645491299479482,28.3237035575168,45350.796
4.19730828503193,0.645583700583297,28.3102232397827,45353.718
4.19737753070621,0.649291722102472,28.3045629428506,45356.655
4.19752135594545,0.647227629307341,28.3135989766046,45359.577
4.1975046713644,0.646635998632201,28.3038956772254,45362.483
4.19799935547466,0.64590803818772,28.3008052781465,45365.389
4.19808611245399,0.644998279274152,28.2931047748957,45368.311
4.19793081354965,0.645848729733309,28.2930042408866,45371.249
4.19827501434056,0.641947005378116,28.2830848009757,45374.155
4.19846698759868,0.644070927426237,28.2823995583908,45377.061
4.19858489021145,0.645517377148362,28.2664552348088,45379.983
4.19767436771824,0.63625853993607,28.2611475739081,45382.968
4.19790676888113,0.633346284014538,28.2566994241481,45385.889
4.19813132345084,0.634929515429799,28.2355887678531,45388.796
4.19804793788556,0.633471542205864,28.245092704324,45391.749
4.19820648577329,0.633605698691009,28.236642602181,45394.655
4.1981157152893,0.6355355663144,28.2241473071054,45397.577
4.19840571140188,0.632541399882355,28.2214258086577,45400.514
4.19839440029507,0.631440060047359,28.2184056335984,45403.436
4.19850433813435,0.632279584280287,28.2092584359774,45406.374
4.19873369358204,0.633203413679907,28.2047545048499,45409.296
4.19802772639035,0.622758616016719,28.2006943165217,45412.264
4.19793329026769,0.625568547043754,28.1976165686425,45415.233
4.19801714171005,0.62201398873731,28.1923798822572,45418.171
4.19823675955699,0.623250452767013,28.1751832408706,45421.093
4.1983202842783,0.623642085991239,28.1815130745073,45423.999
4.1985440307166,0.621658872510787,28.1662536285915,45426.952
4.19876673839249,0.622283619587178,28.1592815561988,45429.889
4.19776445732928,0.612209780998039,28.1478194627383,45432.796
4.19757241855782,0.611735165016461,28.1443676649382,45435.764
4.19785255097884,0.613060400385516,28.1405489282328,45438.671
4.19808211139251,0.610541863846631,28.1335356042646,45441.593
4.19808448064117,0.612803255495008,28.1203357078152,45444.53
4.19833131250618,0.611346557656811,28.1163909235664,45447.514
4.19835788712718,0.613711017227543,28.1112574453705,45450.468
4.1983749461924,0.608252378659591,28.1093048058657,45453.405
4.1985637239468,0.61290163687447,28.1125589489087,45456.374
4.19785849871959,0.6014347132592,28.1004420114431,45459.296
4.19782584781301,0.59948548961249,28.0892642063437,45462.233
4.19770184908048,0.596138204149963,28.092453387942,45465.139
4.19783779333328,0.599122103475736,28.083336022856,45468.061
4.19806740538903,0.598944902608743,28.0759475790009,45470.968
4.19822446881483,0.598955935127548,28.0883441500083,45473.889
4.19839222479937,0.597900463311631,28.072063210748,45476.796
4.19821639978905,0.602503946271736,28.0616514600556,45479.718
4.19852470949394,0.600250139438571,28.0626070471295,45482.686
4.19849912486317,0.599117810037669,28.0578840960016,45485.702
4.19865639058945,0.599253235401148,28.0488372565897,45488.686
4.1977977001869,0.586100324793503,28.036546232296,45491.639
4.19806900653713,0.590914314431891,28.0094204587268,45494.546
4.19793889501218,0.58725215728227,28.0122891052062,45497.483
4.19817647366018,0.587231205091024,28.020045395331,45500.468
4.19837493046925,0.587784526598246,28.019462428865,45503.421
4.1984633578106,0.590003804235396,28.001486441873,45506.374
4.1983112788685,0.589919903640045,27.9934429290136,45509.311
4.19856377967694,0.586696962197381,27.986186479084,45512.264
4.1974265108179,0.578249057663022,27.9823162019612,45515.186
4.19778414590588,0.578171554903481,27.9768569098442,45518.108
4.19785418053252,0.578394517848548,27.9718573449015,45521.014
4.19800731448134,0.575967457305932,27.9750860089447,45523.921
4.1980264477494,0.575654905841243,27.961640874046,45526.843
4.19788696226627,0.575997142940827,27.9607257145289,45529.749
4.19827474835156,0.577721945828871,27.9544261589534,45532.671
4.19856462893271,0.577678556045617,27.9460097905665,45535.593
4.19837109109441,0.577202269529305,27.9447570441859,45538.499
4.19832309737804,0.574990300667741,27.9439215332117,45541.421
4.19848346326289,0.573852938710756,27.9251315473848,45544.358
4.19869609365634,0.574166435262042,27.9059194811754,45547.28
4.19892414000027,0.574630816840665,27.8919363445011,45550.186
4.19871456906202,0.575076121089904,27.8946304865588,45553.139
4.19895341017449,0.576490600855825,27.8937860492656,45556.061
4.19911465314988,0.577223469733191,27.8817488103016,45558.968
4.19952286179721,0.574922594206139,27.8706026161641,45561.889
4.19930530680472,0.573956834679881,27.87650201072,45564.796
4.19958546702558,0.575126198392295,27.8860392107148,45567.702
4.19874205618151,0.563099204231616,27.8859518254694,45570.639
4.1977933874036,0.553482187165775,27.871340419304,45573.624
4.19765330751235,0.555997408556884,27.8624732945911,45576.624
4.19775453875863,0.557972724501801,27.8594999164279,45579.671
4.19800881501439,0.554773836742471,27.8482103577721,45582.624
4.19804891344827,0.557312525357445,27.8291171412922,45585.593
4.19792952213475,0.552335793480738,27.8241368898118,45588.577
4.19818233964463,0.555688153136703,27.8162355883819,45591.53
4.19845338141718,0.553715097944346,27.8015651887231,45594.452
4.19832268995379,0.554030750214377,27.7997829353717,45597.374
4.19845490909138,0.555835377649491,27.7977659348619,45600.296
4.19844900603293,0.55312135462208,27.802928139338,45603.202
4.19845670463297,0.555564753585782,27.7984578125902,45606.124
4.19876551167468,0.550813605111778,27.7918765041081,45609.03
4.19802550126875,0.544327846548798,27.7872786715512,45611.936
4.19767320927381,0.543795649120101,27.7789467773415,45614.843
4.19782989626857,0.543848853004209,27.7555240311316,45617.764
4.19812374854529,0.54418142140927,27.7347162788545,45620.686
4.19795504172202,0.544655139239187,27.7311755390899,45623.624
4.19801457282011,0.542928377348504,27.7405672857618,45626.593
4.19832583909454,0.545108122105286,27.7223827478973,45629.514
4.19841445866853,0.542203896672106,27.7197948685751,45632.499
4.19849623581052,0.541700611065285,27.7169813230442,45635.421
4.19832790090546,0.543207031915146,27.6965523501792,45638.327
4.19854098775745,0.542127178773339,27.691177810889,45641.249
4.19864290781102,0.542280358088695,27.6902239484348,45644.155
4.1976396656196,0.533988307698562,27.6938469559625,45647.077
4.19797919956398,0.530296179445708,27.6846972510211,45650.014
4.19796716093406,0.535793162575978,27.6674013982754,45652.968
4.19838106070128,0.536278823481524,27.6765749809197,45655.905
4.19793352541932,0.533780496482312,27.6745386792006,45658.889
4.19815601108501,0.533476260037848,27.6588170394121,45661.843
4.19755393240534,0.521810096828689,27.6370966140435,45664.796
4.19843520486722,0.536207235207773,27.6439754358761,45667.733
4.1984716352482,0.530381519524769,27.6471464372575,45670.733
4.19875732790327,0.531087763313469,27.6412835682327,45673.764
4.19702687555591,0.524637936280493,27.6388143683794,45676.796
4.1977056326637,0.52405968969889,27.6383407441978,45679.796
4.19783008594957,0.522497180313082,27.6136428259305,45682.811
4.19809316804126,0.528270098569585,27.5837156989888,45685.843
4.19802116150861,0.521016623052967,27.6011268707917,45688.874
4.19796448020059,0.517218776756874,27.5927415410657,45691.843
4.19821697604069,0.522961588949056,27.5978042257689,45694.889
4.19836293647549,0.52329261602241,27.5857968785897,45697.858
4.19854243544102,0.521126767623013,27.5880591561841,45700.811
4.1985443535567,0.520969849173784,27.5718645591583,45703.827
4.19811278544869,0.51863526711394,27.5571501004441,45706.811
4.19823847903195,0.517915979718932,27.5604868360751,45709.843
4.19870107767706,0.517822560514893,27.5525672142145,45712.858
4.1988999208589,0.518384390230738,27.5407206382859,45715.905
4.19874864424842,0.517742948896649,27.5201920132385,45718.936
4.19907399904127,0.519808410776505,27.5201125081177,45721.968
4.1994454271309,0.517721740260053,27.5155441540618,45724.952
4.19889008067726,0.517811350401111,27.5013258851686,45727.874
4.19884492006264,0.517778503303465,27.511944220378,45730.796
4.19953462899122,0.518603011474687,27.50638338861,45733.702
4.19934052850737,0.516976161547235,27.5106203420131,45736.624
4.19980565082812,0.520507847500945,27.5022700367646,45739.53
4.1987351002447,0.506278562344044,27.4987577106754,45742.436
4.1977749314073,0.49619748757954,27.4932770189731,45745.358
4.19793346729446,0.498543138986779,27.4963310066622,45748.264
4.19796860459371,0.497605725578209,27.490003133327,45751.186
4.19801451507236,0.500185427504801,27.4762725176536,45754.093
4.19792078008983,0.500040672130872,27.4724088167072,45757.046
4.19801288607385,0.499058194801488,27.461434841932,45759.952
4.19799107058742,0.499294171676804,27.4614700921635,45762.874
4.19785656687989,0.49809361572705,27.4499894997837,45765.78
4.19822360082374,0.500644222450242,27.4535024490705,45768.718
4.19820799827702,0.494631573854338,27.4340612834893,45771.639
4.1985519935282,0.49782816166624,27.4306909118208,45774.546
4.19843351781144,0.500604429457894,27.4211023090068,45777.452
4.19834861824933,0.496853305200944,27.4228548416384,45780.358
4.19850301659653,0.497415740280447,27.4107068451704,45783.264
4.19862439314527,0.497490885335516,27.4135487473423,45786.186
4.19848130380753,0.496831150137913,27.4024466037617,45789.108
4.1990407784969,0.496944669586214,27.3964261575495,45792.046
4.19897785538692,0.497526925970039,27.3947910493216,45794.952
4.19898550046539,0.503759066815068,27.3914581710709,45797.858
4.19890443224809,0.495678237267338,27.3802526597688,45800.78
4.19919821948239,0.495959910088284,27.3699565066127,45803.686
4.1993641746398,0.496788053297471,27.3553820235223,45806.671
4.19937714818812,0.495494815946528,27.3452175422307,45809.577
4.19942238157089,0.494952162710678,27.3448269042361,45812.514
4.19927670062496,0.497796422426383,27.3375914190898,45815.436
4.19955350410762,0.492754647560066,27.3373494342176,45818.343
4.19887947996854,0.486223459141318,27.3285182020637,45821.264
4.19793794882376,0.478205029437309,27.2985125711955,45824.171
4.19797174188226,0.478433137522046,27.3091522536688,45827.093
4.19812057450517,0.477085530798513,27.3121787137325,45830.014
4.19787098837829,0.476817491590213,27.3108698322977,45832.921
4.19790576542459,0.471468218993251,27.299396897536,45835.889
4.19819974081009,0.475821907289834,27.2986321864235,45838.827
4.19795182329967,0.475276441477939,27.3062907440434,45841.764
4.19808604793089,0.475733827824406,27.3033783320502,45844.749
4.1982671839078,0.477907236290838,27.2854303326757,45847.78
4.1978527408052,0.476671779271864,27.2700300791195,45850.733
4.19818838969734,0.474101639166329,27.2660598147565,45853.671
4.19872744951886,0.476405151997645,27.2590237908423,45856.624
4.19875813922406,0.475033686127727,27.2450083866549,45859.608
4.19874785911387,0.475242061517228,27.239189591321,45862.546
4.19810577151289,0.472696408134612,27.2343565641413,45865.468
4.19874511148583,0.474844574099939,27.231336005777,45868.374
4.19868719468851,0.472944552851922,27.2289113828178,45871.296
4.19900811653619,0.471756011384662,27.2167606239279,45874.202
4.19848653140982,0.470960449296054,27.1963856928299,45877.124
4.19896927263732,0.474144102497543,27.2051229898081,45880.03
4.19909663676824,0.47300056660993,27.1911311551565,45882.968
4.19903127300054,0.471604803772842,27.1960341334482,45885.889
4.19933105123329,0.473672912559214,27.1885490109648,45888.796
4.19942355346313,0.4717565558222,27.1827281987384,45891.718
4.19954696250834,0.472607472689575,27.1773083796765,45894.639
4.19968559582172,0.469993353251602,27.1766202888155,45897.546
4.19836492480291,0.461414264287225,27.1699876538803,45900.468
4.1984719155521,0.461959012783425,27.158527677667,45903.374
4.1987278151221,0.461905876386337,27.1513940959416,45906.296
4.19871515093299,0.460589211124669,27.1492140171458,45909.202
4.19880857671567,0.461777160293539,27.1455909924748,45912.124
4.19901188031779,0.46216788977072,27.1486850770874,45915.061
4.1987647393856,0.461277375370482,27.1437284227927,45917.983
4.19906433453643,0.464156760579361,27.1289108343703,45920.889
4.19889815378621,0.459440954348888,27.1172634254441,45923.811
4.19913738497657,0.459677173088325,27.1180299029508,45926.749
4.19940000816991,0.45864335195163,27.1047920570014,45929.671
4.19952649209602,0.461645876321958,27.1066930001433,45932.593
4.1994480059385,0.459650779962091,27.0998492912513,45935.499
4.19929446325823,0.461637345212298,27.0936143411306,45938.405
4.19949287166696,0.460942575424282,27.0809870159991,45941.327
4.19969036632208,0.461716732602129,27.0722201818597,45944.249
4.19862163108101,0.451942204736902,27.0735231018208,45947.155
4.19905521295023,0.451145283522078,27.0719977977536,45950.061
4.19882070622863,0.45043793773892,27.0716122116113,45952.983
4.19886627195019,0.452767902316709,27.0592798470386,45955.889
4.19923540787262,0.448899195000429,27.0532836286967,45958.843
4.19928960224414,0.449945848076669,27.0505843433466,45961.749
4.19888434253356,0.450302604893434,27.0410861458629,45964.655
4.19929481706147,0.449269433881382,27.0407544236794,45967.577
4.19905197647099,0.44925393798609,27.0326917586398,45970.483
4.19943766354405,0.449470715782424,27.0354819458538,45973.389
4.19901202960205,0.451560110612468,27.0151537499733,45976.311
4.19958478446475,0.446985937658533,27.0121714660361,45979.249
4.19851457678136,0.44212370781936,27.0010923891525,45982.186
4.19873744243475,0.43930757731817,26.985436670685,45985.139
4.19891405727381,0.43727671049652,26.9759335083917,45988.061
4.19892573557134,0.437095055680146,26.9725827510824,45990.968
4.19866663038646,0.438792379546797,26.9574693576611,45993.889
4.19902477883613,0.439334927924864,26.9583962123222,45996.796
4.19898457151434,0.439859651397358,26.9438295376758,45999.702
4.19922804711906,0.438315847811213,26.9390354811666,46002.608
4.19873723274299,0.438852483565073,26.9400817189077,46005.53
4.19904707215307,0.43886160706642,26.9378341992702,46008.436
4.1991830618019,0.438293030626316,26.9460170902383,46011.343
4.19951459288971,0.437243984709591,26.9503847615225,46014.249
4.19916448470725,0.438132703771472,26.9500913671061,46017.202
4.19960316894336,0.436599089879811,26.930162722296,46020.108
4.1984003170587,0.428592993663647,26.9345981791083,46023.03
4.19851057337961,0.428378532481262,26.9234972100996,46025.936
4.19860855189865,0.43145598498157,26.9123397989804,46028.858
4.19759337581037,0.416696979975941,26.8943446572497,46031.764
4.19756332766122,0.421014272332253,26.9033411966759,46034.686
4.19748490279916,0.417989317076708,26.8942660330344,46037.593
4.19767262130877,0.420139029889242,26.8892359969632,46040.499
4.19773244334649,0.417061862494088,26.8800243144356,46043.421
4.19755921782888,0.418635610286041,26.8762383526939,46046.327
4.1975501176603,0.420624558955388,26.8637142335927,46049.249
4.19778486732699,0.416441636439997,26.8584807955965,46052.186
4.19804108931474,0.41947972852182,26.8477116152499,46055.108
4.19769494676085,0.419450172770101,26.8385522104252,46058.03
4.19795391867123,0.41877164345574,26.8206020402074,46060.968
4.19774035675024,0.418245782101518,26.8226053167387,46063.889
4.19810205910761,0.418377670530233,26.8150268248797,46066.874
4.19814170073371,0.418292698769827,26.8129074422546,46069.921
4.19827214054692,0.418074845376025,26.8076604456078,46072.936
4.19826087858962,0.416883655280691,26.8035308638024,46075.921
4.19857164804427,0.415579140541042,26.8061478598573,46078.858
4.19822164155995,0.416739773333333,26.8089799408884,46081.764
4.19828810140444,0.418829780959045,26.8052946841147,46084.671
4.19859756395915,0.417425348109374,26.8006819553275,46087.593
4.19864233347115,0.416610404038893,26.8063001380532,46090.499
4.1986077184219,0.416607486133366,26.7915780351665,46093.421
4.19859201626655,0.413195128342068,26.796249552741,46096.358
4.19859513612087,0.416338796507958,26.8006572775339,46099.374
4.19868422354282,0.415880968730094,26.7767040341415,46102.311
4.19893606105179,0.41577825041651,26.7781151952301,46105.264
4.19881644092101,0.417987916253631,26.7687712993534,46108.296
4.19884927967945,0.415884954896451,26.7779166487276,46111.218
4.19900641196067,0.416284651026841,26.7581072262878,46114.124
4.19895412470075,0.415628391542956,26.7503975637402,46117.046
4.1992128948219,0.416366194491921,26.7492340115378,46119.968
4.19904880100909,0.417038613959342,26.733362531744,46122.874
4.19977412040834,0.416367208486272,26.732470279016,46125.796
4.19852804212382,0.405850255330065,26.7258011884765,46128.702
4.19867952147694,0.405440523698002,26.7201808575862,46131.608
4.19863425671987,0.407643644098756,26.728446832427,46134.53
4.19857685878013,0.405625496093452,26.7169298036377,46137.436
4.19887647116628,0.405887239262761,26.7068116308024,46140.389
4.1987976271911,0.40574234040933,26.6915904119849,46143.296
4.1987594093983,0.403460391615384,26.6937507183508,46146.218
4.19865111889568,0.406366724923764,26.6945358199642,46149.124
4.19912524098371,0.403766304429758,26.6913535836116,46152.046
4.1988570339934,0.405250156516512,26.6870253941292,46154.968
4.19880882968871,0.40571413604968,26.6788400694575,46157.874
4.19899122855325,0.406003371388305,26.6634905833424,46160.78
4.19922524290225,0.405815011284488,26.6696802468624,46163.686
4.19916497548995,0.404211575473439,26.6704872066355,46166.608
4.19939206059579,0.403530539607941,26.6697042687096,46169.514
4.19952856546884,0.403272835300786,26.657177192444,46172.436
4.1996321344004,0.404688145889914,26.6454639224612,46175.374
4.19866792163318,0.394429454357715,26.6375627301611,46178.327
4.19874251803963,0.396223662892392,26.6330014364782,46181.233
4.19881992745236,0.396694440794716,26.6258244657465,46184.155
4.19867867111857,0.392767803755666,26.6260160202456,46187.061
4.1985386000106,0.392581722241959,26.6134028473339,46189.983
4.19867865437012,0.392275782883838,26.6111425391656,46192.889
4.19875747313901,0.392527773967229,26.6174810756512,46195.796
4.19897160000816,0.393383848707408,26.5937256228549,46198.702
4.1991305751226,0.395286472202322,26.5820029853052,46201.624
4.19898922184248,0.395249978060894,26.5737908727972,46204.53
4.19918673949051,0.39351544250046,26.5694776032431,46207.436
4.19919801858753,0.393837372834244,26.5735647985892,46210.389
4.19943154901249,0.391128538374154,26.5762114341857,46213.296
4.19914816164402,0.39291941962005,26.5450141568087,46216.218
4.19937854850017,0.391627190577312,26.5141168309814,46219.124
4.19946210986768,0.394262153937315,26.5276175035307,46222.03
4.1994624225628,0.390611607440173,26.5284918626339,46224.952
4.19967646055164,0.392765423696006,26.5350477921938,46227.858
4.198694002941,0.383259321572598,26.5438749228832,46230.78
4.19884760161663,0.381509634223723,26.5344849919614,46233.702
4.19874076106476,0.38229762145378,26.52717924142,46236.608
4.1986447498497,0.382068116192954,26.5174564435015,46239.514
4.19880867891722,0.381708243373798,26.509241178171,46242.421
4.1988046343684,0.382517873741644,26.509400244728,46245.358
4.19886226036461,0.381065885051893,26.5165211114721,46248.28
4.19913172017658,0.380049746957974,26.5151866061798,46251.186
4.19879551852133,0.384638156625232,26.5093566681217,46254.124
4.19897960793785,0.3817527718512,26.5029081477316,46257.061
4.19899330794894,0.382555571633832,26.4963076728265,46259.983
4.19885914452432,0.382902576342252,26.4984150797839,46262.889
4.19936167865578,0.382921949250339,26.4958134126796,46265.811
4.19928710594454,0.38262276383964,26.491970551324,46268.718
4.19951770737637,0.381549375490873,26.4895292658075,46271.624
4.19917371500107,0.380975760479102,26.4851841304174,46274.53
4.19939232753109,0.382706434562457,26.4848898881211,46277.452
4.19969544281536,0.379023130269511,26.4760041837386,46280.358
4.19860791442491,0.374275627392388,26.459746938746,46283.264
4.19875044418403,0.374353073460173,26.4678545283553,46286.171
4.19895206935406,0.371064181519815,26.4385361761509,46289.108
4.19947558575955,0.373134028208998,26.4477021782775,46292.03
4.19905929022282,0.367797567585975,26.4437407844903,46294.936
4.19928369522672,0.363232734311161,26.4418428241792,46297.843
4.19859963584878,0.372022126403796,26.4347025165995,46300.764
4.19890924854333,0.372086730219792,26.4399323391212,46303.671
4.19880011954082,0.371349569286802,26.4477991581749,46306.593
4.19848022172725,0.371126569082902,26.4332687812718,46309.499
4.19924880186881,0.37233928733521,26.4405153603373,46312.421
4.19905717255108,0.356802915532146,26.4145083376335,46315.327
4.19888734883949,0.371640361422306,26.4116212059211,46318.233
4.19905481367574,0.372287883044291,26.410536948851,46321.155
4.19859014733275,0.372940582143136,26.4106509398529,46324.077
4.19947152295439,0.370012539370751,26.4002078012756,46326.983
4.19958931702896,0.369851625095961,26.3941252322392,46329.889
4.19875574568816,0.362378102197025,26.3902995325919,46332.811
4.19886358145433,0.35736885847982,26.3778539374718,46335.718
4.19871846120856,0.359349929861079,26.3772664769859,46338.624
4.19879860238874,0.359102166060676,26.3745363630184,46341.546
4.19813038124204,0.365861707646194,26.3710560310599,46344.452
4.19882404651567,0.360189094155228,26.3655406855113,46347.389
4.19875988756405,0.361615947949632,26.3748660032125,46350.311
4.19870707046968,0.360768584356728,26.3589203650026,46353.218
4.19872562209506,0.363786714968555,26.350326025418,46356.124
4.19890846686447,0.35994428126024,26.3557507736554,46359.046
4.19877503307519,0.357309364744741,26.350430727026,46361.952
4.19914987335943,0.361238084543037,26.3552038722658,46364.874
4.19899773239586,0.362807188388714,26.3457152884845,46367.78
4.19900081831082,0.360114400304168,26.3349781744595,46370.702
4.19909432362874,0.362051814858287,26.3438282788421,46373.608
4.19871962971837,0.364369468552626,26.3353012607755,46376.561
4.19919745934976,0.358653069613245,26.3293705949583,46379.53
4.19936058907049,0.359371807662332,26.330088609229,46382.483
4.19952739814201,0.357906354993162,26.3219050286711,46385.546
4.19947946206661,0.357872142997714,26.3178302315336,46388.546
4.19975200428061,0.358294715511543,26.2992744739066,46391.468
4.19887641017839,0.346967892234465,26.2998113863707,46394.389
4.19854432540107,0.350316206094234,26.2948200603264,46397.296
4.19866767539768,0.349617608930235,26.288274992091,46400.218
4.19844205008936,0.35216292284577,26.2885957608016,46403.124
4.19866354372597,0.34816232243655,26.282638178836,46406.046
4.19850342724249,0.349398427472963,26.2829770315281,46408.952
4.19879958695851,0.349112598892066,26.2799451813064,46411.874
4.1987321992218,0.350509474445155,26.2710787518368,46414.78
4.19890390518229,0.347663791504645,26.2614590055046,46417.702
4.19883264431805,0.346345054591833,26.2640950796812,46420.624
4.19893329222024,0.345694283723633,26.2596970731008,46423.561
4.19882385478295,0.349125189648858,26.2547657185205,46426.561
4.19895950973127,0.351286202045527,26.2461968658665,46429.53
4.19907646362085,0.348978746093993,26.234303311612,46432.452
4.19903909854134,0.349055735648516,26.2266581514325,46435.421
4.19910104664978,0.347539324744502,26.2230489907565,46438.327
4.19934538431901,0.347861049061612,26.2295656979317,46441.249
4.19917676700688,0.352419403398778,26.2243383909005,46444.155
4.19912830451552,0.34544340545976,26.2286147342275,46447.077
4.1995906626279,0.350055785778754,26.2232130064933,46449.983
4.19950691622185,0.345928480422947,26.2182547063371,46452.905
4.19952748531897,0.350363312329809,26.2129779023314,46455.811
4.19942246906106,0.346991057066516,26.2183456075696,46458.733
4.19969662219166,0.346944443962926,26.2140850429296,46461.655
4.19952751072778,0.348876633168539,26.2101075728928,46464.561
4.19970111433958,0.347822982799218,26.2055865425091,46467.483
4.19994005045397,0.349426570302523,26.19539156761,46470.389
4.19998286943714,0.347823660732669,26.1977169658319,46473.296
4.19983973398929,0.34556364086322,26.1895508871558,46476.218
4.20006123831776,0.34711368925796,26.1930365654573,46479.139
4.1998674135265,0.348036252056325,26.1789429389529,46482.061
4.19980804946547,0.343327499637012,26.1773821263381,46484.999
4.20021668943727,0.346708882200523,26.1729864481177,46487.905
4.20035622556799,0.347915147766414,26.1749798355534,46490.827
4.20016416953954,0.344850850551557,26.1597015696544,46493.733
4.2000635882224,0.349844224075781,26.1537338292235,46496.655
4.20065098814064,0.343859350910874,26.1518842123454,46499.577
4.19951600332604,0.336943858859522,26.1406246197331,46502.483
4.1996573943823,0.336491437490763,26.1454456895642,46505.405
4.19909491755284,0.324085684289237,26.1366633105799,46508.311
4.19858284102238,0.32773069849423,26.1291278623697,46511.233
4.19843727511965,0.326496285672499,26.1308159833357,46514.139
4.19888818475139,0.325898762572017,26.12926102313,46517.093
4.19845358302546,0.325558719426963,26.1215512824822,46519.999
4.19859257850576,0.325357359485601,26.1236303593771,46522.921
4.19887642002013,0.326492872680399,26.1241552691275,46525.843
4.19853591784828,0.324604469250507,26.1177103134608,46528.749
4.19871161421329,0.330036754635078,26.1135153059541,46531.686
4.19854398388269,0.327605495923923,26.0980006738946,46534.608
4.19886705013766,0.326842197833275,26.09298547689,46537.53
4.19886789979203,0.326542658832581,26.0973352611273,46540.436
4.19878454322155,0.325921035550357,26.1000273586963,46543.358
4.19880712410267,0.323282438495454,26.0942741097935,46546.264
4.19877551322851,0.326383984044352,26.0888501007146,46549.186
4.19888732867162,0.326956670386103,26.0847045642471,46552.108
4.19911073114087,0.328267014364497,26.0811753389826,46555.014
4.19911596028212,0.326066001730511,26.0781169110828,46557.936
4.19908345693069,0.328133325488251,26.0692329856475,46560.843
4.19909931541415,0.325286933838819,26.0732684956813,46563.796
4.19927816939343,0.324494434977582,26.0659159737521,46566.702
4.1992274131736,0.324340094378704,26.0683039810372,46569.624
4.19943003698055,0.323736868078695,26.0661231765909,46572.53
4.19920081396776,0.325178040954196,26.0666664454113,46575.452
4.1993822665847,0.324501428613785,26.0478014594758,46578.358
4.19926495732476,0.32738554315152,26.0509802780617,46581.28
4.19931714742916,0.326883078696743,26.0488609415501,46584.186
4.19960980818627,0.327973967350351,26.04886877056,46587.108
4.19941945233286,0.323826522395865,26.0445003443359,46590.014
4.19945836784248,0.323861508513386,26.0393928880773,46592.936
4.19986819677634,0.324622397559864,26.0333046778115,46595.874
4.1996822744814,0.32423020980531,26.0139928290691,46598.78
4.19997901866302,0.323194807028722,26.0135574531622,46601.686
4.19985172849812,0.323657687528507,26.0145418417851,46604.608
4.19985836017066,0.324253984616432,26.0119267654874,46607.514
4.1999275256558,0.322895299732582,26.0076283756978,46610.436
4.19989051408091,0.32406577716768,26.0080532400845,46613.343
4.19993182898221,0.324073187447766,26.013213685528,46616.264
4.19993678028818,0.323281380955359,26.0107160292517,46619.171
4.1999667973743,0.324461189462634,26.0032483634957,46622.077
4.20024862627685,0.322201103065016,25.9981551133275,46624.999
4.20022297606543,0.325269573952206,25.9877904008477,46627.936
4.20046758519186,0.322824296606697,25.9843650525538,46630.843
4.20034542773001,0.321915211926425,25.9717989248702,46633.764
4.2003528185644,0.323189043379986,25.9852982402705,46636.671
4.20048586961855,0.323517520324348,25.9805764830886,46639.577
4.20048741536459,0.322590587330317,25.9729963499845,46642.499
4.20056960688816,0.32333275036871,25.9729628341874,46645.421
4.1995128641195,0.314105793072044,25.9692537922739,46648.358
4.19989198738273,0.310468176354486,25.9615855383759,46651.264
4.19864810343432,0.302121848134849,25.9579708335514,46654.171
4.1986348956247,0.30564018031792,25.9540965055522,46657.093
4.19877075485683,0.303796524275682,25.9464879828851,46659.999
4.19875420735393,0.302927540724938,25.9499784397406,46662.921
4.19867702318923,0.301584206087621,25.9516964036829,46665.827
4.19870570048623,0.303485420202064,25.9493857675708,46668.733
4.19893272535248,0.305354507334967,25.9492418429603,46671.655
4.19854330968882,0.30201786318953,25.935355477228,46674.561
4.19871605214075,0.302774147955638,25.9360036050688,46677.468
4.19897009939783,0.303720311615512,25.9186942158292,46680.421
4.19886323538496,0.304248298486721,25.9140577969874,46683.327
4.19877637230728,0.306483511095681,25.9149284188015,46686.233
4.1987677689292,0.303628539161493,25.9214596978018,46689.155
4.19897522511895,0.30275407912366,25.904723530237,46692.061
4.19893318628324,0.303456456976732,25.8948002011898,46694.983
4.19907457258305,0.305604662117924,25.8828419620794,46697.889
4.19902640804993,0.304868461176972,25.8888450641561,46700.811
4.19899984167547,0.303684316264456,25.8896990295947,46703.749
4.19898068917831,0.304005310983605,25.8965671732887,46706.655
4.19899779268159,0.304508456522319,25.8889241336675,46709.577
4.19902857021429,0.305143405092711,25.8881624181373,46712.483
4.19916576301624,0.301822642232726,25.8790050778601,46715.389
4.19930203535499,0.303449934154106,25.8686184220993,46718.296
4.19923834384753,0.30354349100778,25.8649864206998,46721.218
4.19922355115559,0.301362612732145,25.864669067618,46724.124
4.19926978721039,0.302397728869986,25.8662755464247,46727.046
4.1993208833698,0.303030674309929,25.863749451336,46729.952
4.19950821193316,0.301566894767626,25.8619585728786,46732.858
4.19937913333657,0.305228107156096,25.8581092409259,46735.796
4.19958873506872,0.30011247548554,25.853149042041,46738.718
4.19874594231827,0.291164178803687,25.8540746119055,46741.624
4.19863098320024,0.291105485607964,25.8480779550035,46744.53
4.19859459517641,0.294066268844979,25.8393947105882,46747.436
4.19847164801541,0.294371895074288,25.8335817571421,46750.374
4.19870535007142,0.292038264433359,25.8299166323308,46753.28
4.19866630094922,0.291262367331658,25.8375955384384,46756.202
4.1987132794013,0.294151766313644,25.8320502794553,46759.108
4.1985462078846,0.290256697924523,25.8308970479469,46762.014
4.19854875780409,0.290973035576016,25.8275284170503,46764.936
4.19871784139715,0.293802006934451,25.817692492561,46767.843
4.19898246129829,0.291916463614776,25.8234451684431,46770.749
4.19875822516252,0.294400666172994,25.8107163178458,46773.655
4.19891422527219,0.293507400208491,25.8032844215362,46776.577
4.19882666480261,0.29348203874973,25.7984883022445,46779.483
4.19876820406696,0.290621720581327,25.796049396902,46782.421
4.19901523154445,0.292846551664525,25.7848647031102,46785.343
4.19907099708764,0.289064896720562,25.7846971371425,46788.249
4.19910336886098,0.290250913450792,25.7843596933426,46791.171
4.19902510295397,0.291984641616068,25.784555718529,46794.077
4.19921140736454,0.291222646500392,25.7834974886193,46796.983
4.1992436145714,0.28950194402519,25.7759967782178,46799.905
4.19934505452916,0.29198981098422,25.7803682192162,46802.811
4.19923061649436,0.291828593804263,25.7746492545217,46805.733
4.19901130678643,0.290985439028853,25.7688002276829,46808.639
4.1994005309345,0.289907343366467,25.7640159106279,46811.546
4.19932625481983,0.291165036076933,25.7596763889563,46814.468
4.19937241094336,0.289538412200675,25.7521145451015,46817.389
4.19944092473731,0.289640436511646,25.7515742831569,46820.296
4.1993637853827,0.290318649950284,25.7535354631298,46823.218
4.19924956187145,0.293373347994479,25.7592346523018,46826.155
4.19960985391702,0.291564923089082,25.7497930913069,46829.171
4.19969528953753,0.289262247326176,25.7432524254602,46832.093
4.1995913322915,0.288253223177739,25.739374249933,46835.014
4.19955190991694,0.291266636557868,25.7346039888929,46837.921
4.19990856774046,0.288167987664548,25.7265276589425,46840.843
4.19978469281492,0.290139321475732,25.7271826043397,46843.749
4.19989049445341,0.290092717006766,25.7343518752733,46846.655
4.20006027396157,0.288840838432639,25.7183166380952,46849.577
4.19998517966664,0.285584210253303,25.7141339797349,46852.483
4.19992094491228,0.29011975356761,25.7134890366592,46855.389
4.20002054545994,0.292127436412071,25.7033316255264,46858.296
4.20017422389529,0.29013239961628,25.696878063987,46861.233
4.20025445110985,0.288278730136866,25.705307825664,46864.139
4.20024014031249,0.287377312217237,25.7032010402678,46867.061
4.20018939293531,0.288359573096452,25.7035934082985,46869.968
4.20030894842657,0.287993925522864,25.6987343446951,46872.889
4.20027763146417,0.291951360972556,25.6993788477643,46875.796
4.20042938740571,0.28790455048841,25.704837890066,46878.718
4.20054107179101,0.289429858901563,25.6964637499997,46881.624
4.20064771504846,0.291468934657308,25.6977250887201,46884.561
4.19944264971327,0.275918378833923,25.6925809141519,46887.483
4.19965804129226,0.2787822098182,25.6794129711308,46890.436
4.19870140452271,0.270756902055919,25.6941267171465,46893.405
4.19853228100723,0.268821113587284,25.6803165194925,46896.327
4.19869607836826,0.267817902139911,25.6794526430581,46899.233
4.1981455667212,0.271906310329258,25.675930303867,46902.186
4.19837047582092,0.270044135989693,25.6829186018651,46905.093
4.19865972370116,0.270001939213172,25.6787997428423,46907.999
4.19855102582118,0.266862652280973,25.6708688632715,46910.905
4.19866973526605,0.26937991913793,25.6614072814243,46913.827
4.19859165405258,0.267935483077193,25.6580169359671,46916.733
4.19870356521521,0.271894638297669,25.6649418204354,46919.639
4.19848926358427,0.26812686444023,25.6631126140163,46922.546
4.19906142386863,0.270918147130987,25.6529852610531,46925.468
4.19870705535414,0.268027829458592,25.6477970711374,46928.374
4.19870894260035,0.268817991911782,25.6450985253202,46931.296
4.19847586027065,0.269394156600538,25.6482655466618,46934.233
4.1985463253998,0.268509567811206,25.6446096163444,46937.139
4.19869608854775,0.268637076456202,25.638335191525,46940.046
4.19869521677341,0.269665326411593,25.6357434865939,46942.952
4.19890003963374,0.268394360229277,25.6362476697956,46945.874
4.19870824363349,0.271900998869242,25.6334549915251,46948.78
4.19879610051733,0.269041770440223,25.6240799751629,46951.686
4.19899488110512,0.268051240059174,25.6163950489624,46954.608
4.19902877720906,0.274705465967098,25.6138759561964,46957.514
4.1990204129066,0.269166006155606,25.6013522239179,46960.421
4.19927007530372,0.268313273432499,25.6050483565241,46963.327
4.19909765810277,0.269374227938951,25.6102724435188,46966.249
4.19892172357598,0.269279813709412,25.5996247569825,46969.171
4.19894825337878,0.268885626505829,25.5951616580729,46972.077
4.19883469904914,0.270380866322262,25.5987522467053,46974.983
4.19897725585943,0.268365950981712,25.5950657908495,46977.905
4.19905874934501,0.269393049572465,25.598041756451,46980.811
4.19893854385607,0.268732917152891,25.5973493955882,46983.718
4.19909490737294,0.267797662868973,25.5877117715129,46986.639
4.19936054729312,0.267049055006045,25.5796537079906,46989.546
4.19924677737621,0.271454970970649,25.5841164348356,46992.468
4.19922354734989,0.269116611666746,25.580135969829,46995.374
4.19945745775911,0.265709627970407,25.5814357167118,46998.28
4.19934361107404,0.266071392292431,25.5753893240229,47001.202
4.1995104103716,0.265810109198998,25.5678998783268,47004.124
4.19953530817975,0.267250615548729,25.5602346163814,47007.03
4.19938934752495,0.268700565692935,25.5662908681158,47009.936
4.19951347003822,0.26742581767114,25.5569302803689,47012.843
4.19930140921493,0.268861257444565,25.5542631114355,47015.764
4.19948807128977,0.267266006181552,25.5497622854115,47018.686
4.19972067265616,0.266553751083748,25.5544071992154,47021.593
4.19982406115701,0.268584645174848,25.5643687972378,47024.499
4.19964336032804,0.269234211589936,25.5575156587564,47027.405
4.19967796975106,0.268140004987841,25.5528176490379,47030.343
4.19994795991512,0.267252498432118,25.552018671906,47033.28
4.19968376646715,0.265942011712821,25.5459369527537,47036.202
4.19989939640218,0.266961290363885,25.5478499588448,47039.108
4.20018610254313,0.269358694686661,25.5369844581176,47042.03
4.20002854426433,0.268210584100478,25.5333841534255,47044.936
4.2001478392998,0.266895688961552,25.5192322072781,47047.843
4.20004789985131,0.266428112611475,25.5338251547684,47050.764
4.20016577827263,0.266503247862385,25.5339143665306,47053.671
4.20029582488964,0.264906272298862,25.5170965882367,47056.593
4.2003236798679,0.265001930806076,25.525555599409,47059.499
4.20023922198043,0.268363143910628,25.5199831234318,47062.421
4.200264569,0.264776975343265,25.5260912935938,47065.358
4.20038211757928,0.267429821665056,25.5296371317917,47068.264
4.20055071457132,0.265393433394829,25.5166998848247,47071.186
4.19956465486758,0.256185355679877,25.5233622656636,47074.093
4.19826113499391,0.246699564416714,25.5077348279149,47077.014
4.19826994741578,0.246960164452834,25.5124543312112,47079.921
4.19829453079993,0.246748099116251,25.5074405765551,47082.827
4.19817914462197,0.249138542776548,25.5063330320208,47085.733
4.19834945118538,0.248496133196036,25.4995538044473,47088.639
4.19825988128353,0.245291444746295,25.5015258537225,47091.561
4.19844402082264,0.248087896441836,25.4912228996543,47094.468
4.19846916923839,0.248112915838967,25.4929055219328,47097.389
4.19836888052455,0.247640847006713,25.4809389845378,47100.296
4.19820048305658,0.245820091336866,25.4657602514851,47103.218
4.19829433223193,0.248779494131697,25.4616389347557,47106.124
4.19848514961935,0.246589824473082,25.468828908219,47109.046
4.19795259310847,0.246930434884233,25.4766051086915,47111.952
4.19828516136479,0.247050124831027,25.4627176464042,47114.858
4.19850325528185,0.250225506829364,25.4604857989255,47117.78
4.19857828025194,0.248302203577909,25.4617767106423,47120.686
4.19852119840209,0.247300386809902,25.4707942309669,47123.593
4.19849186266885,0.247523566163915,25.4719298901145,47126.514
4.19852557173556,0.249125598791141,25.4735539631765,47129.421
4.19846640186803,0.249254439797255,25.4595913632559,47132.343
4.19848909735111,0.249363938041263,25.4518776511152,47135.249
4.19866669111064,0.248956450743452,25.451893274878,47138.171
4.19872584192952,0.248280153746384,25.4459148337369,47141.077
4.19887147228477,0.246303577642606,25.4505663163176,47143.999
4.19874375926897,0.24619126643077,25.4375183578168,47146.905
4.19860717783704,0.247438584504751,25.4376707423998,47149.811
4.19859520883999,0.245754576491525,25.430707821598,47152.718
4.19870524892134,0.246289082500395,25.4309203868708,47155.639
4.19886752850752,0.245715636398837,25.431864685099,47158.546
4.19893862824966,0.245700025157164,25.4301760758721,47161.468
4.19868177619791,0.246734946100297,25.433187335472,47164.374
4.1986995391896,0.247041221425869,25.4376335166034,47167.28
4.19850368619945,0.247363259990833,25.4294299441649,47170.186
4.19903343253757,0.247127951015929,25.4295996871789,47173.093
4.19889187433905,0.248407929980296,25.4296473988204,47176.03
4.19900452172489,0.245349328993715,25.4211149502044,47178.968
4.19887305707269,0.247457217512536,25.4234990793573,47181.874
4.19921285049707,0.245946023096624,25.4219608917451,47184.78
4.19896386673418,0.243982748903057,25.4243189134282,47187.702
4.19924577925534,0.246639709264254,25.4198410071316,47190.608
4.19902854421797,0.247498704780451,25.4103590878941,47193.514
4.19916960376579,0.244737192796081,25.4154708380376,47196.421
4.1992155848236,0.246393200321289,25.4138398517651,47199.343
4.19931829373936,0.246052224144662,25.407462181237,47202.249
4.19901028384024,0.247416200963496,25.3987703719222,47205.155
4.19923158990193,0.246568477520071,25.4054961040981,47208.061
4.19948027599558,0.244663537962126,25.3936398844769,47210.999
4.19917292368023,0.245895666136007,25.3914877796967,47213.905
4.19938218217484,0.24481669337962,25.3901473480425,47216.827
4.19950150334234,0.243032112101064,25.3819158145652,47219.733
4.19950788726311,0.24696837566335,25.3770441341588,47222.639
4.19961127925916,0.246803848982441,25.3849660862507,47225.546
4.19962120317087,0.241757306376517,25.3841138124032,47228.452
4.19966339499971,0.245222078829664,25.3847862117947,47231.374
4.19946483514329,0.244791862624084,25.3886452588834,47234.28
4.19987724146176,0.243222765676959,25.3822752147751,47237.186
4.19995703266605,0.244128966960126,25.3844355483029,47240.093
4.20018479057771,0.241566483958601,25.379383015831,47243.014
4.19967182442201,0.246938431787867,25.3695400813475,47245.921
4.19989757748595,0.244089758406107,25.373484427196,47248.843
4.20006283803272,0.243126465205571,25.3735607169966,47251.749
4.19999394294848,0.247929860249837,25.3687507971145,47254.655
4.19995667248085,0.244073259968829,25.3664931996467,47257.561
4.1998223963438,0.24765734554468,25.3652897419008,47260.468
4.19979255506256,0.243767530219845,25.3611995664186,47263.389
4.20019926262039,0.244111682794652,25.3570080962243,47266.296
4.20006865767993,0.242612797335783,25.3583435329902,47269.202
4.20008407321544,0.243513334410451,25.3451986837866,47272.108
4.20002530095545,0.243856661257245,25.3471700905803,47275.014
4.20024983815893,0.245812508817527,25.341528018205,47277.936
4.20038336658302,0.242929645112085,25.333565306422,47280.843
4.20024737403674,0.245416089460228,25.3428647090855,47283.749
4.20018790552257,0.24432864274649,25.3358646245063,47286.671
4.20063276401863,0.241749300310776,25.3332274183356,47289.577
4.19958738779493,0.229093138562613,25.3235310793406,47292.483
4.19960318439778,0.233714075135515,25.3325699119941,47295.389
4.19944008880778,0.233191912205429,25.3372544902275,47298.296
4.19963559415626,0.231572210452016,25.3276336966844,47301.218
4.19964624861477,0.241169186172248,25.3267129798897,47304.124
4.19942248508442,0.232838375692623,25.3210733710098,47307.03
4.19948853022112,0.23423849032096,25.3252763938768,47309.952
4.19948872346016,0.232778566796755,25.3259743838311,47312.874
4.19951748595793,0.233360412329505,25.3249307684237,47315.78
4.19957312615377,0.232540799774712,25.3232822066445,47318.686
4.19939664249532,0.233952375621943,25.3173378280598,47321.593
4.19945226107708,0.231162648773434,25.3131229204679,47324.514
4.19970408635418,0.236542484164547,25.3134043713621,47327.421
4.1995621080327,0.236262648668163,25.311435289464,47330.327
4.19940832605393,0.233751045149188,25.3073416766943,47333.249
4.19970364462824,0.232107609692288,25.2997610670469,47336.155
4.19978478821391,0.235605731381724,25.3018266278386,47339.061
4.19977791524847,0.231385618252278,25.2958126180533,47341.983
4.19963650248558,0.233652820508758,25.2944219178706,47344.889
4.20009396514544,0.232930065473939,25.2842756927052,47347.796
4.19991527609868,0.232541251054052,25.2961892066746,47350.733
4.19995830072515,0.232394759617147,25.2941734201162,47353.655
4.19985270760117,0.233140184986285,25.2895538078094,47356.561
4.20045359237316,0.231224826133496,25.2837812615587,47359.468
4.19975191701618,0.233901571036791,25.2891268988356,47362.374
4.20028190991056,0.230084961485816,25.2819729934954,47365.28
4.20028363440854,0.230789303252949,25.2827223828985,47368.202
4.19978504909962,0.234083890958333,25.2862885122958,47371.108
4.20016691849217,0.234229103583223,25.2854536253864,47374.014
4.20044327029135,0.22922018535675,25.2784574294722,47376.921
4.20005845199218,0.23444457202269,25.27833717972,47379.827
4.20023330308485,0.230256873743817,25.2654340751932,47382.764
4.20027194246099,0.23251843241141,25.260938915181,47385.686
4.20034606544642,0.233520689341866,25.2699055811235,47388.593
4.2005026244754,0.23511361421836,25.2613727714913,47391.499
4.20065718678318,0.231618274967,25.2568709335185,47394.405
4.19970153322294,0.221694288153537,25.2549697024627,47397.311
4.19978634744331,0.222097154857526,25.2560541476986,47400.233
4.19926206220309,0.221944315392996,25.2570637108886,47403.139
4.19955881559457,0.222740305812864,25.2604129826645,47406.093
4.1990670644108,0.223773611679754,25.2564443462443,47409.077
4.19938043136469,0.224830809126428,25.2582787903571,47412.014
4.19975658284032,0.221418110457888,25.2544383045409,47414.921
4.19936334483195,0.224253947911722,25.2465751705422,47417.827
4.19944482466063,0.22038119562313,25.2416888926388,47420.764
4.19943586309281,0.221036408658751,25.2364024820015,47423.671
4.19956146758165,0.22111683977546,25.2363170962794,47426.577
4.19945034601881,0.222418322150413,25.2420849381565,47429.483
4.19937990723518,0.221627030792434,25.2378276025471,47432.389
4.19944419029133,0.220919833485235,25.2433117520778,47435.311
4.19983925527959,0.219584850727827,25.2392321714481,47438.218
4.19979960579878,0.222116122370944,25.2437495350022,47441.124
4.19967106945469,0.222483013355167,25.2322709033716,47444.03
4.19966576742742,0.22047357859105,25.2372076036675,47446.936
4.19955192592208,0.220666702013782,25.2270720381932,47449.858
4.19963022134436,0.224533625846312,25.2374697682135,47452.796
4.19961281286426,0.220308701629938,25.2326315255338,47455.702
4.19985401452973,0.220358968095196,25.2316976566243,47458.608
4.19940453301914,0.221648050859034,25.2216530714879,47461.514
4.19984404367062,0.221612873633227,25.1987827260466,47464.436
4.19974935103131,0.217906259629742,25.2019649869323,47467.343
4.19989977167002,0.220419995706438,25.2163438741951,47470.249
4.19974168034873,0.219351910066924,25.2158076167019,47473.155
4.19998861891528,0.222696523857453,25.2057264290012,47476.061
4.19983285224596,0.223973735856903,25.1997030397922,47478.983
4.19993171853452,0.219865519459266,25.1964065181575,47481.889
4.20030722014941,0.222159664891181,25.1875273919022,47484.796
4.199979816775,0.220423610445758,25.1935230538461,47487.718
4.19988278902204,0.218004211633176,25.1912084153117,47490.624
4.19996049195827,0.221237059182842,25.1941313391104,47493.53
4.20012453853256,0.223472694241554,25.1892208588978,47496.436
4.20017860844558,0.219134313984596,25.1956384381131,47499.343
4.20050541745846,0.220038950209606,25.1863262330334,47502.249
4.20021042959726,0.22072837947957,25.1810117718349,47505.171
4.20035066743856,0.219421445957196,25.1874598304888,47508.077
4.20025422521089,0.222605767694129,25.1885581870406,47510.983
4.20043128289406,0.221038931899416,25.1922214295555,47513.889
4.20020690631263,0.220349208112008,25.1910475368807,47516.796
4.20017224383907,0.219761385905525,25.1838342991024,47519.718
4.20040087338561,0.220165818047447,25.1818911297434,47522.624
4.20051279326647,0.220658877282302,25.1803266378923,47525.546
4.20059954292188,0.218886319409122,25.17410035513,47528.452
4.19974962941455,0.213267346449237,25.1720724860362,47531.421
4.19969570935768,0.207781336143477,25.1729912763603,47534.358
4.19958353353009,0.209531220161353,25.1708973500086,47537.389
4.19933553178371,0.211226915745125,25.1655490348384,47540.405
4.19958416087155,0.209069255393452,25.1554677980892,47543.311
4.19937728967338,0.211148969156077,25.1577362428831,47546.218
4.19947721937735,0.210770178985982,25.1482060733613,47549.124
4.19945772091455,0.212902674926018,25.1511931360514,47552.046
4.1996597758753,0.209482607360796,25.1511280473656,47554.952
4.19962496014617,0.2057667638796,25.1488467524331,47557.858
4.1996371166084,0.209990755957366,25.1576859580327,47560.764
4.19951258277524,0.211916354789164,25.1441825661357,47563.671
4.19968223417345,0.207998056045285,25.1370771627278,47566.577
4.19976984561705,0.207486387944834,25.1426766830488,47569.483
4.19973597233999,0.208635280829544,25.1408056234446,47572.389
4.19972675125377,0.212598760526642,25.1277739245982,47575.311
4.19971290988662,0.212247503338911,25.1269078102422,47578.218
4.19977283769401,0.209331178820045,25.1191981960004,47581.124
4.1996601934279,0.210533584222584,25.1354194336931,47584.03
4.19968699635078,0.207538939100796,25.1255126521548,47586.936
4.19977998007575,0.21141425087201,25.1192622236739,47589.843
4.19970153092693,0.20855331093141,25.1233678524022,47592.749
4.20001200155925,0.210698136468332,25.1198024461459,47595.655
4.19997117052436,0.211811393780235,25.1113481559429,47598.561
4.20002410852871,0.211541343770676,25.1135018746643,47601.468
4.19977976470663,0.207685293227126,25.1202917985247,47604.374
4.20000077821332,0.209684071433271,25.1166411271593,47607.28
4.1998437690875,0.211030952288209,25.1036102356076,47610.186
4.20025548074259,0.209446099358302,25.115017010249,47613.093
4.20020214821999,0.210959538799185,25.1070948718929,47615.999
4.20011040656928,0.208338801987366,25.1163078103578,47618.905
4.20014130089202,0.207698998916362,25.1225781075285,47621.811
4.20016894941153,0.208046568050346,25.1122162041762,47624.718
4.20012638294101,0.212278130283728,25.1039532544226,47627.624
4.20043254063267,0.207778087932523,25.0969860134783,47630.53
4.20035966437005,0.210109872584115,25.0857303452111,47633.436
4.20014051845983,0.209077446955267,25.0818306828015,47636.343
4.20005781091243,0.208403425715515,25.0724224130399,47639.249
4.20041253224447,0.207819875279878,25.0626006489772,47642.171
4.20028180841834,0.207036595555288,25.0656737657565,47645.077
4.20067309099839,0.210494755443832,25.0712368236409,47647.983
4.19921810224154,0.199095150095169,25.0664179149444,47650.889
4.19924248219391,0.198771749009319,25.0726886846224,47653.796
4.19936193520354,0.199330704864485,25.0791134168143,47656.733
4.19957786009778,0.201247057842393,25.0795252398656,47659.671
4.19922033791547,0.195646489087495,25.0863252258875,47662.577
4.19952132465654,0.194462149244612,25.0751462778757,47665.483
4.19907843101174,0.197366211349843,25.0850008896997,47668.389
4.19941467508291,0.199592982434091,25.0767779915274,47671.296
4.19928759705828,0.20044182571568,25.0777096054068,47674.202
4.19918848374189,0.198916284016875,25.0623906700383,47677.108
4.19928046007685,0.202225991166748,25.0682771854262,47680.03
4.19978868719023,0.203334372878409,25.0850146385015,47682.936
4.19954543276687,0.200327849319762,25.071638204223,47685.843
4.19945009973361,0.200395255160688,25.072873793693,47688.749
4.19946075392584,0.19715102987225,25.0701601198681,47691.686
4.19956716934747,0.200767390810813,25.0753135094698,47694.593
4.19954693335391,0.201136140354595,25.0703096940389,47697.499
4.19952150664856,0.200299595227861,25.0728271248925,47700.405
4.1993489199425,0.199885504539162,25.0722563135049,47703.311
4.19950762145151,0.199661700087355,25.0671816459839,47706.218
4.1997721128886,0.198139066674627,25.0685841921579,47709.124
4.19983281541136,0.198453022827271,25.0687896287689,47712.046
4.19976431028665,0.19663247401402,25.06038122656,47714.952
4.19980994039622,0.197856483220025,25.0592594132613,47717.858
4.19990510847182,0.199469370354722,25.0662881809317,47720.764
4.19990382959037,0.198590201903588,25.0525977291818,47723.671
4.20004380687108,0.197058022581073,25.044727592287,47726.593
4.19986575392482,0.199118278217299,25.0477709905785,47729.499
4.19957488757752,0.196653855626682,25.0450496844318,47732.405
4.19993120951619,0.197585051708825,25.0275921914048,47735.311
4.19997072332065,0.200408595866527,25.0373528444777,47738.233
4.20006889003125,0.194746703974464,25.0376959578066,47741.139
4.20000300202469,0.199872387155066,25.0353416950232,47744.046
4.19977141677176,0.199594347278124,25.027977186884,47746.952
4.19980025383687,0.198634721192207,25.0254908620611,47749.858
4.19986872080223,0.196208818324649,25.0260119803103,47752.78
4.19995950541786,0.201779000960037,25.023060698366,47755.686
4.20024454233249,0.198531294656439,25.0223562234821,47758.593
4.20036272662048,0.197964923306734,25.0217424819251,47761.514
4.2000732243286,0.196058085508661,25.0190756699057,47764.421
4.20020370060577,0.196355580135428,25.0143985808301,47767.327
4.20045128106362,0.197779580797936,25.0199146836911,47770.233
4.20021469420051,0.199525074633361,25.0244640889731,47773.139
4.20011824008075,0.199048867174343,25.0195948415256,47776.046
4.20031100181595,0.20232088008973,25.0097983293258,47778.968
4.2002759555263,0.196866048867284,25.0141047686902,47781.874
4.20027112749805,0.198582871298502,25.0135182820088,47784.78
4.20028957283394,0.202112651614899,25.0152253626467,47787.686
4.20009669768416,0.196561068570438,25.0091787051771,47790.608
4.20046576786376,0.197207227729542,25.0068396675734,47793.514
4.20023941470123,0.195026987169064,25.0021698116306,47796.421
4.20038851273289,0.193834880655558,25.0069615493438,47799.327
4.20044085794138,0.200585689678411,25.0057222631061,47802.249
4.20067365193177,0.191720075997727,25.0077000047542,47805.155
4.19925817032248,0.183621984462728,25.0065881129871,47808.061
4.19940316029314,0.191462430622438,25.0063220045796,47810.968
4.1994657021176,0.185312152181762,25.0008080381666,47813.874
4.19951495671517,0.186710165603562,25.0023792952757,47816.796
4.19970407461442,0.187269564856793,24.9919661616597,47819.702
4.19947710553559,0.191067955388782,24.9935355300278,47822.608
4.19954120977405,0.187441720638086,24.9921658566485,47825.53
4.19956225904954,0.18773439047029,25.0007055834164,47828.436
4.19962242417586,0.189604938827181,24.9974983983819,47831.343
4.19951100750001,0.186755013008807,24.9920549079241,47834.249
4.19964169605289,0.188704401969951,24.9912060753944,47837.155
4.19954878658619,0.185498009769672,24.9886505030487,47840.061
4.19980677101428,0.186347568307609,24.986139505475,47842.983
4.19957719821784,0.189246430587982,24.9918515698837,47845.889
4.19959378181106,0.188834941518158,24.9786652565885,47848.796
4.19966130069621,0.188729502787465,24.9841103682077,47851.702
4.1996905966685,0.189482249580325,24.9863305083742,47854.624
4.19962486115843,0.18758442746373,24.9780319179822,47857.53
4.19937586653111,0.187571006436392,24.9754758288315,47860.436
4.19977883952279,0.18492755403079,24.9775244827061,47863.343
4.19954621869385,0.187305363236428,24.9791370538074,47866.249
4.19941618778144,0.187306646914149,24.9792946827665,47869.171
4.19960527981218,0.188810832922955,24.9784832657935,47872.077
4.19985929993243,0.185408833907036,24.977113663593,47874.983
4.19971960748831,0.18729926701302,24.9713854906483,47877.889
4.19992584366345,0.185725263167467,24.9592161442394,47880.796
4.19986119693598,0.18882148233695,24.9637184046972,47883.718
4.1999011126228,0.187714308541091,24.9688954278025,47886.624
4.1997590332766,0.188183025286896,24.9606334364602,47889.53
4.19994073687698,0.188267059600288,24.9607550325155,47892.468
4.20011347827924,0.189825263052049,24.9674916211193,47895.389
4.20002727591931,0.188055056597966,24.9583074230239,47898.296
4.19999358713283,0.188643406216301,24.9623040390397,47901.202
4.20021437549849,0.1848944434155,24.9522986717442,47904.108
4.20020195360589,0.186838117863176,24.9515783726711,47907.014
4.20019263243384,0.186849527558936,24.9511892534832,47909.936
4.20013376486696,0.184883740592296,24.9466166837451,47912.843
4.20015413957902,0.186216256211086,24.9541519231147,47915.749
4.20012182619789,0.189425534182089,24.9518390240999,47918.655
4.19986583364048,0.187256589641975,24.9410510188698,47921.561
4.20025421699824,0.188700409297865,24.9485388398049,47924.499
4.20051633740058,0.184679819178508,24.9532577121387,47927.421
4.20046431329122,0.186714210222878,24.9489650114767,47930.327
4.2003240103334,0.1864570425338,24.9478761270058,47933.233
4.20019477818365,0.185744078678179,24.9471574430215,47936.139
4.20006073999798,0.186341845973719,24.9501127058745,47939.046
4.20044513314484,0.18694700401342,24.9433344564337,47941.968
4.20053449241238,0.183354311595485,24.9408314908512,47944.874
4.20030556859583,0.186506059443275,24.9404799114096,47947.78
4.20044610249149,0.185549674412725,24.9262838059093,47950.686
4.20057554107748,0.187752725040039,24.9364475663601,47953.593
4.19958516457361,0.17238283627395,24.940665343144,47956.514
4.19943967813669,0.177337960743016,24.9326098831203,47959.421
4.1996119844604,0.175356613051853,24.9316288588043,47962.327
4.1996457649011,0.178164426340499,24.929779651748,47965.249
4.19953135150915,0.179133558078036,24.9235442220498,47968.155
4.19953442637358,0.177212060540697,24.9235064056365,47971.061
4.19962165432487,0.175339860615861,24.9077449762948,47973.968
4.19946397013564,0.176092637303512,24.9147745290702,47976.889
4.19948489375214,0.176785650780518,24.9205852528872,47979.796
4.19950488438927,0.177562903700933,24.9157823874177,47982.702
4.19935971676359,0.174838693204948,24.9092803183285,47985.608
4.19926548898376,0.175946648347421,24.8986367137642,47988.514
4.19949733901715,0.175393181359775,24.8968722928178,47991.436
4.1995617191969,0.175696877439467,24.8912284461928,47994.343
4.19958811413259,0.175277074533976,24.8866922881994,47997.264
4.19947782365282,0.17553312037729,24.884632972515,48000.171
4.19963830359634,0.173388543820771,24.8871975384412,48003.077
4.19944755462403,0.17645649926171,24.8964891398633,48005.983
4.19952702836231,0.178426005376163,24.8973893155025,48008.921
4.19969765981935,0.1793583570814,24.9018898343266,48011.827
4.19947523590697,0.175481386391023,24.8975767000825,48014.749
4.19965564121863,0.176088355129199,24.900035985291,48017.655
4.19970637657298,0.176155514220165,24.8912718723514,48020.561
4.19969823962975,0.176678708292944,24.8990054546729,48023.468
4.19989132480074,0.175998361049415,24.8948598588253,48026.389
4.19972857688495,0.177703827944255,24.8857585980627,48029.296
4.19978333512154,0.174867183944962,24.8881248322548,48032.202
4.19975254943484,0.174390168630845,24.8774972153699,48035.108
4.19960172690964,0.173983595427284,24.8621785550255,48038.014
4.1998868446236,0.173853171721614,24.8521519215397,48040.952
4.20000468697975,0.175762227565838,24.8664639538657,48043.858
4.19983859970545,0.176440310757636,24.8530162571987,48046.78
4.19963361401312,0.175490324061227,24.8733137082592,48049.686
4.19990612299242,0.174214418621212,24.8712292567338,48052.593
4.19985065788118,0.178307509572604,24.8710651410982,48055.499
4.19944207535482,0.174509030125298,24.8738582499179,48058.405
4.19998267981616,0.176918398878412,24.8752978735491,48061.327
4.19975433355391,0.172547741720517,24.8667158335883,48064.233
4.20001928299582,0.175331618852309,24.8639441914833,48067.139
4.20002947752214,0.173688642555373,24.8670237996513,48070.046
4.20008813214395,0.175979093763758,24.8649925658168,48072.952
4.2000961631842,0.17518570538564,24.8629790671007,48075.858
4.20009014740665,0.176912559620364,24.8686719950595,48078.78
4.20004814329697,0.174477894102331,24.8606161572085,48081.686
4.20018019856799,0.174232819212801,24.8530551722952,48084.593
4.20011063789624,0.175566593745897,24.8574410524532,48087.499
4.20008742491607,0.173165175613665,24.8503445831648,48090.405
4.20035628808152,0.172146878467356,24.8576723554552,48093.311
4.20025127378169,0.175247498896631,24.8513907271455,48096.218
4.20005238389985,0.174699437257563,24.86027601835,48099.124
4.2001516267189,0.175996156223354,24.8564410397182,48102.046
4.20041400606735,0.173119737661579,24.8520738140827,48104.952
4.20041064452586,0.172700079025995,24.8521702321227,48107.858
4.20045785188572,0.175433513178014,24.8512209343812,48110.78
4.20040261993994,0.175145123038477,24.8466703846882,48113.686
4.20059961316673,0.174553430213837,24.85643657774,48116.593
4.20035239782216,0.172299051294884,24.8612723849935,48119.499
4.20057449394893,0.173556968251208,24.8534786697797,48122.405
4.20069853060513,0.173800582047227,24.8463189028301,48125.311
4.20048954444234,0.173861572449389,24.845823599388,48128.218
4.20053413714779,0.175595076694757,24.8499985563036,48131.155
4.20066333956456,0.172341514043307,24.8546890508664,48134.061
4.20052235899902,0.172480409404682,24.849449707739,48136.968
4.20037206132583,0.174485527870339,24.8543914943845,48139.889
4.20072720422375,0.173013808657733,24.8439298700027,48142.796
4.20082796502462,0.172487027290673,24.832549211917,48145.702
4.20069141573097,0.174078925926342,24.8320829278528,48148.624
4.20062425340724,0.176696364419178,24.837504017709,48151.53
4.20053175301162,0.174786046284729,24.8346547600467,48154.436
4.20112681017972,0.174406951528947,24.8375788054077,48157.343
4.20095567086206,0.175166955983298,24.8298357597792,48160.249
4.20078211658017,0.172276096701288,24.8271549560418,48163.186
4.200914381875,0.172317281606791,24.8253071845238,48166.108
4.20076492825052,0.17182770985421,24.8336266840781,48169.014
4.20096902102419,0.172897728699931,24.8314979979975,48171.921
4.20100807422346,0.175210855687068,24.8395232733662,48174.827
4.20088904873933,0.175511083817458,24.8405320318574,48177.733
4.2008871633793,0.173332495513319,24.8355391149276,48180.655
4.20110135717747,0.173095663859128,24.8266216542995,48183.561
4.20117470348521,0.173411117956285,24.8259344582952,48186.468
4.20112538954054,0.172743640117322,24.8255162583482,48189.374
4.20134642461061,0.173391947517956,24.8279583800282,48192.296
4.20120204786227,0.171359127986081,24.8218677629853,48195.202
4.20112284964509,0.17277453061585,24.8154395131577,48198.108
4.20115308579999,0.17653207776599,24.8275160800759,48201.03
4.20133455160729,0.174032558547486,24.8255887104116,48203.936
4.20143083795449,0.172614762480768,24.8237645494253,48206.843
4.20147185690759,0.174035871572061,24.8217367791503,48209.749
4.20147931440497,0.174145056145944,24.8219536701235,48212.655
4.2014309585547,0.172752966587558,24.8228327925789,48215.577
4.20132986862342,0.172361972496,24.810177283149,48218.483
4.20138855128693,0.171400640228432,24.8041615979709,48221.389
4.20155550787606,0.173346864769835,24.8022722816584,48224.296
4.20048201425453,0.160482329166914,24.8118577295855,48227.202
4.20040699310365,0.162926059787188,24.8099089080993,48230.124
4.20058147270545,0.161802867916294,24.7954806665423,48233.03
4.19961097852936,0.156522186253042,24.7960710962096,48235.936
4.1996839149652,0.152160077847417,24.789966487907,48238.843
4.19972088066335,0.154603916253176,24.7908071960765,48241.764
4.19946027916057,0.155196390424415,24.7926610564028,48244.671
4.19930031771356,0.155751827429526,24.7918995808921,48247.577
4.19937427517049,0.151785783738858,24.7986813050323,48250.483
4.19931380836147,0.154607934736526,24.7943233068938,48253.389
4.19937683846931,0.154465871994844,24.796417804489,48256.311
4.19933582530675,0.154575823850741,24.8035731423652,48259.218
4.19930643474171,0.152410010421356,24.8006215141586,48262.124
4.19930389273067,0.153570806879667,24.8014178137907,48265.046
4.19943046006007,0.157279929395002,24.7988840734975,48267.952
4.19938572534023,0.153452768039725,24.8061855140034,48270.858
4.19944929253264,0.156843225840582,24.8029846974976,48273.764
4.1993893548039,0.152560056745781,24.7955627493479,48276.671
4.19920737560924,0.155831893486286,24.7902025241947,48279.577
4.19933813445209,0.155333564692978,24.790246031157,48282.483
4.19930253102991,0.153862866356217,24.7937442369231,48285.389
4.19932885114854,0.15333825625343,24.795497945059,48288.296
4.19913675498494,0.153996397335954,24.7927632348315,48291.202
4.19911223998157,0.155297618194947,24.793049293828,48294.124
4.19920821500455,0.154761272985659,24.7853311143731,48297.061
4.19941363706378,0.155910482776532,24.7839472186686,48299.968
4.19925374849412,0.156772159519116,24.7792419942459,48302.874
4.1993855730594,0.151904282680543,24.7861113683488,48305.78
4.19924145592904,0.153751968705654,24.778334423627,48308.702
4.19907731709314,0.155039966021471,24.7792881538128,48311.608
4.19941633620734,0.15320960441888,24.7732802235527,48314.514
4.19946044179813,0.156242592565175,24.769913284951,48317.421
4.1993928705998,0.156382520139513,24.7733607222119,48320.327
4.19936988623292,0.155005203530849,24.7754372813934,48323.249
4.19952989537638,0.154772954942143,24.7690991870614,48326.155
4.19941246439484,0.152056078663684,24.7603502465703,48329.093
4.19944242565725,0.154176950769965,24.7621589240879,48331.999
4.19966322101317,0.151375889736892,24.7646728831413,48334.905
4.19960640756303,0.155884277617137,24.7629506813199,48337.811
4.19955927708745,0.152898107681679,24.7699504165556,48340.718
4.19967446441967,0.152898847687517,24.7682125549611,48343.639
4.19965345733871,0.151630321840445,24.7640978526543,48346.546
4.19957622417787,0.151233619328592,24.764176642247,48349.452
4.19934515967523,0.153753983329948,24.7577553179387,48352.358
4.19965567231264,0.151842513947341,24.762563540418,48355.264
4.19957278484162,0.154843016847028,24.7615330129621,48358.186
4.19955563055234,0.153594583023326,24.7603161560972,48361.093
4.19962525075615,0.152826860841353,24.7646696593907,48363.999
4.19943217582303,0.152920305704252,24.7603440566955,48366.921
4.19958974470284,0.153210911899861,24.7660382990729,48369.827
4.19971685326671,0.154117324513864,24.7554211605823,48372.733
4.19975811247505,0.154493929575804,24.7579447335679,48375.639
4.19968438684585,0.154928629208663,24.7592070021074,48378.546
4.19967173980243,0.154641789681484,24.7541933622831,48381.452
4.19992179226574,0.153520004830332,24.7530956165775,48384.374
4.19956591373744,0.154225088927201,24.7566794203036,48387.28
4.19990039539858,0.151933834740532,24.7472255991233,48390.186
4.19962332122518,0.154038648323594,24.7535933262176,48393.093
4.19992866003165,0.153461537487421,24.752684718979,48396.014
4.19989268160167,0.153237514863347,24.7586676312357,48398.921
4.19996497801108,0.153821866035373,24.7497369008159,48401.827
4.19983844575062,0.153781783108816,24.7493140163259,48404.733
4.19999260270028,0.15267171698191,24.7425315528588,48407.639
4.19996834894917,0.153482620737708,24.7403336116775,48410.546
4.20001757375879,0.151544422558074,24.7458540266713,48413.452
4.19996098860942,0.154182888847701,24.7403081110836,48416.358
4.20003781638438,0.15572942262502,24.7397351328712,48419.327
4.20009227671875,0.151443973715991,24.7436788934627,48422.28
4.19993662092811,0.153434348627576,24.7423197833491,48425.28
4.20003927010219,0.153066219805056,24.7392636556684,48428.218
4.20018102454676,0.154480702031479,24.7334962401733,48431.171
4.19980704735965,0.153696373528128,24.7280613003125,48434.093
4.19963043922303,0.151256881379033,24.7255601312052,48436.999
4.20017427183644,0.149308775570903,24.7268454264949,48439.905
4.20008417374032,0.152658661670399,24.7322323126898,48442.796
4.1999679647238,0.152054049648328,24.7243150777799,48445.702
4.20012397470011,0.152013558274913,24.724092792796,48448.608
4.19997797165852,0.154667289375359,24.7237292905957,48451.514
4.20014408643212,0.152654614088335,24.7206980231131,48454.452
4.20048194954776,0.152801756177654,24.7140217954014,48457.358
4.20009790353925,0.151986879324072,24.7181706446059,48460.28
4.20042822131971,0.152061641613904,24.7220433911499,48463.186
4.20028075988913,0.152693042918732,24.7253900304989,48466.093
4.20018940723147,0.150303977667347,24.7081687422573,48468.999
4.20015895705836,0.154106340072781,24.719828955155,48471.905
4.20043444174151,0.149261470079123,24.7139509247002,48474.827
4.20039622583446,0.152547752189452,24.714158408959,48477.733
4.20058475228592,0.150953330945679,24.7105445328713,48480.639
4.19952217650163,0.141588405416573,24.7210103756368,48483.546
4.19959798665059,0.143575934054311,24.7112793386869,48486.483
4.19948727306583,0.142499677525373,24.7089920718552,48489.405
4.19947500924582,0.144162559382403,24.707442776397,48492.311
4.19942619248634,0.140053878874695,24.7074619853311,48495.218
4.19942557735015,0.142836781166934,24.7038344619864,48498.124
4.19925665724901,0.141978187989896,24.7084981977129,48501.046
4.19920112625983,0.142917366779474,24.7078859621402,48503.952
4.19919911016772,0.139641327002948,24.711107211035,48506.858
4.19921473090583,0.139733755306497,24.7068828408382,48509.764
4.19939309833096,0.14339260091156,24.7119437994977,48512.671
4.19923608480054,0.14078970460365,24.7104889728599,48515.593
4.19950288071454,0.137874943923089,24.7067610213246,48518.499
4.19920492325437,0.137461272963392,24.7085658561969,48521.405
4.19931300674654,0.145267958311935,24.7044957317571,48524.327
4.19948234782707,0.14403331440665,24.7070093761817,48527.233
4.19936506870921,0.143301221413856,24.7048415808321,48530.139
4.19954912999795,0.144052213616854,24.7007338191723,48533.139
4.19941030044356,0.142362313113814,24.701196416757,48536.124
4.1992863029736,0.142095862762967,24.697189703574,48539.155
4.19940722004287,0.138207596801349,24.6938718432278,48542.108
4.19936512629743,0.144856687922533,24.6869443850016,48545.093
4.19919692084374,0.140971477806716,24.6841929980192,48548.03
4.19945955778108,0.141389477056272,24.6917626914323,48550.936
4.19934371451551,0.140620041944459,24.6902791996488,48553.905
4.19942968339713,0.144459532139353,24.6936819786519,48556.811
4.1996261072375,0.138625381356669,24.6822360926929,48559.718
4.19968840242848,0.143369853995275,24.6863731508112,48562.624
4.19972775658119,0.143198897310618,24.6805078694778,48565.53
4.1995820584211,0.141495582299955,24.6854846431282,48568.436
4.19928278677472,0.143616774959736,24.6866554712283,48571.343
4.19957930794257,0.141189274579868,24.6797595522271,48574.249
4.19956125377542,0.140826581679196,24.6739143681427,48577.155
4.19967348318028,0.140665223564397,24.6773759819693,48580.061
4.19941934650813,0.140595251962679,24.6814598454541,48582.968
4.19965461292089,0.142767540941798,24.6872518767086,48585.874
4.19951566246905,0.140934768871443,24.6752982938941,48588.78
4.19967442716503,0.141123683402731,24.6805792491905,48591.686
4.19976047997236,0.145285034121713,24.6821012144731,48594.593
4.19969589494722,0.141268424175133,24.6796528090833,48597.499
4.19976213509406,0.139677483096835,24.6770064581628,48600.405
4.19944572863536,0.140495882224977,24.6703808901484,48603.311
4.1996627698142,0.141416564936043,24.6691109871183,48606.218
4.19958438373561,0.140799552971315,24.6723658078403,48609.124
4.19979809760572,0.142340738682166,24.670122251646,48612.03
4.19960762874679,0.140042382438862,24.6644328771673,48614.936
4.19971079038233,0.142259976837203,24.6676165421532,48617.843
4.19989145260015,0.138768612754066,24.6688662778594,48620.764
4.19965081331194,0.141262772746661,24.6679342990114,48623.671
4.19988067799479,0.13778680796143,24.6662555115142,48626.577
4.19997189939372,0.139467104713599,24.6682162398534,48629.483
4.19982209409943,0.140483012375864,24.6629075370569,48632.374
4.20010048207395,0.13933384400074,24.6700487579531,48635.28
4.20001225564204,0.140725604069589,24.6710525172958,48638.186
4.19993297852461,0.141478541861217,24.6657422778347,48641.093
4.19987827401877,0.141232176638282,24.6695895614685,48643.999
4.20000066398183,0.140714017862223,24.6552339012128,48646.905
4.1997789271235,0.1430991145959,24.6590427769474,48649.811
4.20011224313829,0.138750955262335,24.6553501592962,48652.733
4.19999201414914,0.14087951896707,24.6511932615415,48655.639
4.20002755622181,0.140587357058247,24.6537428134961,48658.546
4.20000657638273,0.142740692906242,24.6496326706222,48661.452
4.19992714272404,0.139282474029203,24.6490998504679,48664.343
4.20019691403118,0.141475381793291,24.6462953420612,48667.28
4.20021604790909,0.141112753729901,24.6569774780356,48670.186
4.2001134595726,0.141982799932386,24.6453410994839,48673.108
4.19987516129765,0.141467252561249,24.6509878976675,48676.014
4.20024919049134,0.134609144951063,24.6470334723427,48678.921
4.20036321925584,0.138177545808376,24.6554744893811,48681.827
4.20011811593506,0.141756230222982,24.6571610474882,48684.733
4.20042909382645,0.14205293787052,24.6509709671285,48687.655
4.20041922081077,0.140548505555489,24.6443966549063,48690.561
4.20032375587913,0.138219395289662,24.6513668070518,48693.468
4.20042916895887,0.14224612850379,24.6457441739628,48696.374
4.20030002229322,0.142843978188775,24.6420313495353,48699.311
4.2004169675591,0.141951226847887,24.635606287059,48702.218
4.20022178462608,0.141883875901484,24.6470255900295,48705.139
4.2003557701327,0.139547849684993,24.6407789936471,48708.046
4.2004323806112,0.138312543563307,24.640551843594,48710.952
4.20041574721344,0.139494032356897,24.6393234286889,48713.858
4.20057938120122,0.138848025655111,24.6375654917118,48716.78
4.19939193990243,0.129288110781254,24.6243469398774,48719.686
4.19967394170235,0.128753026505551,24.6280877731235,48722.593
4.19952409478944,0.131285241677886,24.6290470146167,48725.499
4.19926190794026,0.128594830941346,24.6320230633652,48728.421
4.19948022627718,0.129110631014695,24.6316320437932,48731.327
4.19936672609227,0.130180741243347,24.6307654900242,48734.233
4.19945778546942,0.132877543655691,24.6259460472209,48737.155
4.1992564507431,0.129858775163242,24.6275163002714,48740.061
4.19914585909168,0.128950900929303,24.6186252929783,48742.968
4.19943282340357,0.131320699007537,24.6152793153219,48745.874
4.19932789505243,0.131369989817561,24.6117305523064,48748.78
4.19952894880941,0.132206155563897,24.6171480429395,48751.702
4.19939209542566,0.129330387409893,24.6148847029679,48754.608
4.19956704021333,0.129809884401973,24.6182839867378,48757.514
4.19968470941729,0.130582915962556,24.6160578161471,48760.421
4.19940052271896,0.128918637520291,24.6102806243785,48763.327
4.19959359777857,0.130242298801878,24.6179734397841,48766.249
4.19944335288888,0.12980689295952,24.6143511772536,48769.171
4.19948656560409,0.126789964237636,24.6151768433179,48772.077
4.19951791742009,0.129840729451623,24.6076636827373,48774.983
4.19944383497565,0.131300047264227,24.6127319291896,48777.889
4.19959756069637,0.129778830548809,24.605465134732,48780.796
4.19952096436331,0.131035503873651,24.6082419367537,48783.718
4.1996528369864,0.130571058130574,24.6096286386106,48786.624
4.19946269304973,0.127747807194222,24.6071693981156,48789.53
4.19946295488443,0.130125288638988,24.6071360927638,48792.436
4.1994783643381,0.13181003759268,24.6039147086784,48795.343
4.19966626001837,0.130866206186044,24.6014018078993,48798.264
4.19966102161917,0.129758795921312,24.6060396487703,48801.171
4.19961990839783,0.131866260710055,24.5982515685041,48804.077
4.19983669977638,0.13163375624629,24.6004677397065,48806.983
4.19942169748117,0.129986144834525,24.6000312437372,48809.905
4.19979374929486,0.127922168726553,24.6024079560776,48812.811
4.19974718188498,0.130001061341367,24.6017970832756,48815.718
4.19975286657035,0.131510292390136,24.5953759974654,48818.624
4.19958674036975,0.131979289269666,24.5993402045925,48821.53
4.19971308733178,0.132647282870344,24.5977662846087,48824.452
4.19991777329778,0.130671822555749,24.594795164306,48827.358
4.19973823906521,0.130089606479457,24.5958006020527,48830.28
4.19968205026112,0.129793733265751,24.5847812902407,48833.186
4.19973381695563,0.128558661423492,24.5839793662129,48836.093
4.19953015877547,0.130307634394673,24.5811213948213,48838.999
4.19974434037599,0.130346494047695,24.5835945446072,48841.905
4.19987782811905,0.127830535538839,24.5855952291055,48844.827
4.20006319161487,0.129739255157464,24.584082353369,48847.733
4.19997327358024,0.130736884477559,24.5931817773028,48850.639
4.19999408606472,0.131070551232608,24.5926642766921,48853.546
4.19984083896304,0.130966247277959,24.5912318905633,48856.452
4.19993952076343,0.129702139012391,24.5940799008705,48859.358
4.20001805383964,0.129718430016445,24.60402880793,48862.28
4.19994722412274,0.128942166712467,24.5904021551696,48865.186
4.19989062004305,0.129227959461437,24.5978148996588,48868.093
4.19999671060928,0.130516979362667,24.5942000346455,48870.999
4.20011010121461,0.128634003796439,24.5846205231233,48873.921
4.19990387090814,0.130020010104409,24.5893833266351,48876.827
4.20019913997426,0.12755204774571,24.5883344609846,48879.733
4.20014190976706,0.127375295099111,24.5826355955417,48882.639
4.20003372520391,0.133546157492674,24.5873307465164,48885.546
4.19994647625192,0.127725316992958,24.5892568743016,48888.452
4.20022396108915,0.128771401566823,24.585458111501,48891.374
4.20006549835654,0.126965772662817,24.580652445692,48894.28
4.19997402521409,0.128007284668242,24.587168831359,48897.186
4.20015087086344,0.12819893493653,24.580891503665,48900.108
4.2001881200028,0.127984634466311,24.5822192561097,48903.014
4.20011809903765,0.129537231173726,24.5864417656732,48905.921
4.20019482749917,0.129816378572701,24.577883578809,48908.827
4.20012614290649,0.126462604577163,24.5724656020112,48911.733
4.20057499648023,0.128670910971978,24.5823083774594,48914.639
4.19943450800987,0.12128302868481,24.5744928918939,48917.561
4.19924547250331,0.121762824704556,24.5700715123017,48920.468
4.19906720986776,0.117084420250801,24.5736630465568,48923.374
4.19920680190735,0.120601339807148,24.569513182828,48926.296
4.19913710606202,0.118118703232664,24.5696057385322,48929.202
4.19947121552198,0.120854040587292,24.5720509987166,48932.108
4.19922730888036,0.121591751027056,24.5772571645899,48935.014
4.19940653708419,0.118123267940229,24.5687222550364,48937.921
4.19904697775915,0.122031089830969,24.5648012598746,48940.843
4.1992509166197,0.116467464159616,24.5637016646296,48943.749
4.19910203779527,0.122883822282426,24.5669645775139,48946.655
4.19919281640423,0.118272743576693,24.5735935785439,48949.561
4.19926256013199,0.121176327608578,24.5631167435087,48952.468
4.19920358341104,0.120680758321247,24.5723631049491,48955.389
4.19929099379782,0.120287879855198,24.5642544523577,48958.327
4.19931749270843,0.122297856265708,24.5574492738455,48961.233
4.19928350123523,0.117774227281793,24.5639962068426,48964.139
4.19928379426047,0.122875710771493,24.5628997456348,48967.046
4.19954748640749,0.119576826480035,24.564770599145,48969.968
4.19907667748545,0.121990436760643,24.5556525453253,48972.874
4.19934984225113,0.120970355699615,24.5608591554502,48975.78
4.19918563587075,0.118711677273609,24.5601950942357,48978.686
4.19936109087692,0.118774385194603,24.5506154909842,48981.593
4.19916158503149,0.120128537658882,24.5599210492791,48984.514
4.1994000005544,0.120205953908229,24.5596227651074,48987.421
4.19936562857316,0.119517675062093,24.5578426777337,48990.358
4.19935398788133,0.12056588669205,24.5587945793435,48993.264
4.1993473407114,0.123591760221039,24.5605605703757,48996.171
4.19912371237169,0.119382292739788,24.5460402214029,48999.077
4.19929972766775,0.121208690483427,24.5469962103939,49002.014
4.19940820969439,0.120576847415449,24.5523732469661,49004.952
4.19939585461482,0.119265442967771,24.556535443582,49007.858
4.19923485976132,0.119878997218788,24.550542367859,49010.764
4.19952773571386,0.117352956488656,24.5559608564103,49013.671
4.19932242713274,0.120155718298259,24.5563992281902,49016.593
4.19946465812431,0.116504127155605,24.5489816996334,49019.499
4.19945606997839,0.12010011778432,24.5470541329299,49022.405
4.19940774279402,0.121459855600272,24.5424970405703,49025.311
4.19948356598158,0.115514539476455,24.5381394875079,49028.218
4.19947870074134,0.116288093088382,24.5435354687601,49031.124
4.19956343532045,0.119038311323726,24.53710012884,49034.046
4.19929680837528,0.121041949156782,24.538028263414,49036.983
4.19926039421814,0.116779077646199,24.5276893783641,49039.889
4.19943194248643,0.120752349402564,24.5310452822438,49042.796
4.1995905059664,0.121721666600543,24.5321086946571,49045.702
4.19986594332436,0.117885013622746,24.531928581853,49048.608
4.19939267571339,0.118957021260789,24.5328985430128,49051.53
4.19987798881079,0.120348516458246,24.5290840341945,49054.436
4.19945783705147,0.118883905638243,24.5307329101369,49057.343
4.19947803174064,0.118846097793301,24.526142557981,49060.249
4.19963075802295,0.117113368328116,24.530650786683,49063.155
4.1993516618786,0.12006876368676,24.5222928087013,49066.061
4.19983050810022,0.116768782195008,24.5236019580837,49068.983
4.19988701199083,0.120777673650551,24.5293270395402,49071.889
4.19972250279951,0.119228387473161,24.5238492846647,49074.796
4.19963234291953,0.119157872262483,24.526231931712,49077.702
4.1999852193064,0.118987242040582,24.53237725287,49080.624
4.19978657459037,0.11642865932542,24.5338901995344,49083.53
4.19959613184853,0.120211751911311,24.5210189195225,49086.436
4.19963511145034,0.119488644791851,24.5214986684378,49089.343
4.19983706195225,0.118366815774975,24.5255981085653,49092.264
4.19967251732604,0.117851125443764,24.529201263061,49095.171
4.1998001017394,0.118635031293918,24.525325187108,49098.077
4.19998170361381,0.116036292625099,24.5332130247471,49100.999
4.19971820996179,0.116950096946488,24.5208981226017,49103.921
4.19970793483895,0.118621414768081,24.5236401261788,49106.827
4.19999838512045,0.120246021969636,24.5152088931547,49109.733
4.20006596541299,0.118723383702262,24.5213210978149,49112.639
4.19984301104991,0.118269768172184,24.5212988824523,49115.561
4.19986901309205,0.119458022013541,24.5196317088493,49118.468
4.19984358005796,0.116761325450613,24.5206075747141,49121.374
4.20004935718397,0.119402463770808,24.5150506615373,49124.296
4.20014070849176,0.118512325411903,24.5197699771403,49127.202
4.19984718768131,0.118779001696807,24.5143393240976,49130.108
4.20000698024191,0.115616218220969,24.5166073624429,49133.014
4.20047081217124,0.116205508905421,24.5176168108695,49135.936
4.20012563015587,0.118815458630291,24.5161590615804,49138.858
4.19995606654708,0.118301769890679,24.5166509602006,49141.764
4.20027688527956,0.11743724403266,24.5135096921691,49144.671
4.20000717845308,0.120485192895869,24.5141953753344,49147.577
4.20009953712989,0.119529933552411,24.5171545127543,49150.499
4.20006615728304,0.1172141160783,24.5135000365368,49153.405
4.20037246558853,0.116226884152274,24.5093789782767,49156.311
4.19996853520115,0.117088248274455,24.5112062929619,49159.218
4.19984566770286,0.114035802384868,24.5033436896723,49162.139
4.20027403229417,0.12162123232055,24.5060681372726,49165.061
4.20028436576974,0.119259634066928,24.5078818527188,49167.968
4.20028461332274,0.11813644269463,24.494799581731,49170.874
4.20021188774468,0.114920526807543,24.5052546576743,49173.78
4.20047385019448,0.119849108104423,24.5061794136967,49176.702
4.20009058671234,0.11676668390382,24.5074114501103,49179.608
4.20028317722992,0.118187050238247,24.5024413217094,49182.514
4.20019997825062,0.118255945548305,24.5019710872181,49185.421
4.20024300137796,0.117945666520918,24.5059456950432,49188.343
4.20014277515488,0.117220376912361,24.5149287721388,49191.249
4.20058699484188,0.117157599834027,24.4998357119364,49194.155
4.20043769907398,0.115810605910564,24.4987612765285,49197.061
4.2005805415457,0.118192660924209,24.4995728125901,49199.983
4.20028284227209,0.118320473480391,24.4977222847385,49202.905
4.20062384345823,0.116230660487147,24.5039786324274,49205.827
4.20064960465196,0.117686096431472,24.5030854390371,49208.733
4.20047603031386,0.116859592389917,24.5029925412473,49211.639
4.20070943628342,0.117665990079446,24.4976898034008,49214.546
4.20051779602043,0.114543173711805,24.5064415918218,49217.452
4.20053852010615,0.11647190359275,24.4978066465775,49220.358
4.20063883415031,0.117239823970494,24.4871721164613,49223.264
4.20054212706513,0.117408941819309,24.4960089473423,49226.186
4.20067179529121,0.116528540337595,24.5038475722975,49229.093
4.20071211647752,0.117903027418329,24.4985118337852,49231.999
4.20029894308418,0.115880783130897,24.4980396843157,49234.905
4.2007852673081,0.116310771042712,24.5039484761159,49237.827
4.20047407662789,0.112415700941194,24.4938655475866,49240.749
4.20057084348651,0.116309041371621,24.4924351247688,49243.655
4.20079937985292,0.1166706126274,24.4916861130605,49246.561
4.20062128161129,0.11565731415633,24.4922416670391,49249.468
4.20097288957163,0.116241078732832,24.4887072829613,49252.374
4.20053592890869,0.118393385474021,24.4929430724397,49255.28
4.20068623273517,0.115634302738659,24.4890162447138,49258.202
4.2007563727858,0.115919796518456,24.4906023731869,49261.108
4.20077823938672,0.110945317722451,24.4910287269349,49264.03
4.20117462752917,0.117917285425285,24.4879787600464,49266.936
4.20064321475103,0.114617880917761,24.4861932226789,49269.843
4.20103846283679,0.116524578261176,24.4833797206543,49272.749
4.20088794204456,0.115526987340215,24.4821881348813,49275.671
4.20101161693632,0.11817619504052,24.4909817077286,49278.577
4.2010421600007,0.11508517864027,24.4868056196494,49281.483
4.201046537558,0.113699311411075,24.4763249314407,49284.389
4.20098748491417,0.117047076500149,24.4757539898871,49287.296
4.20100337664033,0.117798818890922,24.4761372196416,49290.202
4.20123672994266,0.117908479734304,24.4706288921443,49293.108
4.20123897231553,0.115863560399125,24.4781585724419,49296.046
4.20129368553529,0.115669299039289,24.4876311660441,49298.952
4.20114568538857,0.113746020317669,24.4798749883734,49301.874
4.20127478736167,0.114746138739798,24.4756136118731,49304.811
4.20119962663261,0.11464134542655,24.4727744905799,49307.718
4.20097117220825,0.117964025030127,24.473863248251,49310.608
4.20114708281178,0.111648446188028,24.478223033362,49313.514
4.20086358484268,0.118353719946693,24.4737195193381,49316.421
4.20156157418699,0.118130781286074,24.4743136228699,49319.327
4.20039900675395,0.104931948262639,24.4718580111426,49322.233
4.20029997634926,0.10458813495565,24.4747541194625,49325.139
4.20049481923811,0.106687345943632,24.474722288522,49328.046
4.20039282596026,0.105130499212237,24.4649769392318,49330.952
4.20027762046454,0.106465099635377,24.4721269191047,49333.858
4.20010125592537,0.105447569869324,24.4688331907445,49336.796
4.20036718903253,0.105508515762503,24.4666341561827,49339.702
4.20037579084387,0.107736849798013,24.4723297930542,49342.608
4.20007578710562,0.103998230028129,24.4685568650722,49345.514
4.20032413872169,0.107404840584978,24.4633079468102,49348.421
4.20030813311428,0.107743563043328,24.4636966586891,49351.327
4.19986947172449,0.105405639707029,24.4699178970438,49354.233
4.20024171352184,0.105163471129536,24.4683436935369,49357.124
4.20036459985409,0.105988423160841,24.4628548004141,49360.03
4.20046569143583,0.108160572245895,24.4682859356993,49362.936
4.20009647948137,0.102561085975592,24.4598221278748,49365.843
4.2003392902166,0.104749295140741,24.463072052817,49368.764
4.20041314784101,0.104650513136984,24.4683612889135,49371.671
4.20015669793402,0.109384614594369,24.4574732164358,49374.577
4.20027035201296,0.103090469632842,24.462443791012,49377.483
4.20040155551175,0.106131028192574,24.4641368669606,49380.389
4.20048840196406,0.108097900958376,24.4614996162483,49383.296
4.20045054937019,0.106977790780303,24.4629360231639,49386.202
4.20019663720596,0.103855682085699,24.4618118156082,49389.108
4.20049686406095,0.104436049247067,24.4471244492959,49392.014
4.19992468760159,0.108483117141765,24.4515028607168,49394.921
4.19997611835545,0.101306851445726,24.4540729329165,49397.827
4.2001558817097,0.107094230462688,24.4549168563684,49400.733
4.20009756608349,0.109809029302419,24.449228778939,49403.655
4.20053154909582,0.105033909501193,24.4471502431233,49406.546
4.20016545823231,0.106033863135662,24.4445678454931,49409.452
4.20057076354067,0.103933318181251,24.4500170747121,49412.358
4.19946855861712,0.0957801552083384,24.4419896180363,49415.264
4.19923426555198,0.10027573651175,24.4453148242154,49418.171
4.19930985225746,0.0969036075683389,24.4412628001643,49421.077
4.19924206682192,0.093865719515938,24.4444373018983,49423.983
4.19920126539164,0.0963422786231571,24.4469048798378,49426.889
4.1991528524458,0.098039913895624,24.4401739155786,49429.796
4.1992867520753,0.0946620248866642,24.4394432299452,49432.702
4.19899820560568,0.0970800780585317,24.4383863810274,49435.624
4.19816298752483,0.0885039577071666,24.4325303283046,49438.53
4.19822080557356,0.0884205625554164,24.4402002569111,49441.436
4.19789480882477,0.0869581567965122,24.4360056136553,49444.343
4.19806976189475,0.086980846595254,24.4362624297835,49447.249
4.19785619587009,0.0873728254831121,24.4318562858297,49450.155
4.19803978588473,0.0884080336465916,24.4306034492566,49453.061
4.1969168830167,0.0792357480771809,24.4297361628119,49455.968
4.19668591044485,0.0805163986520871,24.4325399443838,49458.874
4.19686592436286,0.0788419317067281,24.4407865556375,49461.78
4.19664841903248,0.0776445683654372,24.4385516663039,49464.686
4.19651724193845,0.0765335083883388,24.434918572306,49467.608
4.19652874176442,0.0792499123315235,24.4385442248084,49470.514
4.1966514431379,0.0773896497442229,24.4278036175686,49473.421
4.19659680191074,0.0777303813699546,24.4359221015856,49476.327
4.19529091316013,0.0710755257312754,24.4296728928919,49479.233
4.19632585266888,0.0790372135016234,24.4347923993562,49482.139
4.19632682567113,0.077485188949894,24.4243780327826,49485.046
4.19640746268106,0.0789501317028646,24.4286833268872,49487.952
4.1962788387639,0.0804712594206757,24.4305893900285,49490.858
4.1962073577736,0.0795665604189667,24.4335689383383,49493.764
4.19625652235311,0.079376380910537,24.4212914523228,49496.671
4.19652022640198,0.0777628310283829,24.4342786228808,49499.593
4.19619358649438,0.0814639146647086,24.4276817593239,49502.499
4.19602606395747,0.0783831551657265,24.4261974625061,49505.405
4.19611781420369,0.0776377477331415,24.4293624060671,49508.311
4.19608672769789,0.0798773763459186,24.4290066422382,49511.218
4.19616860676152,0.077353088053775,24.4314745341272,49514.124
4.19609100388398,0.0798000418860827,24.4271618361936,49517.03
4.19614861733137,0.0793239322738735,24.4240872488902,49519.936
4.19593479617189,0.0790115590227329,24.4228681852344,49522.843
4.19600616295387,0.0814380747071615,24.4219869308775,49525.749
4.19590851032864,0.078605090026931,24.4194937357842,49528.655
4.19613554347369,0.0784627576548198,24.4125903630031,49531.577
4.19631281831412,0.079876992439401,24.4165736287785,49534.483
4.19582227249762,0.0811192665010612,24.4167588891979,49537.389
4.19608093535088,0.0800535200297168,24.4230343461286,49540.296
4.19593766952417,0.0797823202561658,24.4224355325712,49543.202
4.19596749526183,0.0807560376073987,24.4287716751153,49546.108
4.19585595219516,0.0817709875539762,24.4217283092256,49549.014
4.19589013751043,0.080565799044323,24.4208230176072,49551.921
4.19578519944408,0.0826700780489269,24.4141531336486,49554.827
4.19582079893532,0.0778773465471404,24.4163047474491,49557.733
4.19593451774814,0.0806778816886932,24.4184524246675,49560.639
4.19603043985193,0.0797082351726903,24.4173895156228,49563.561
4.19597166485039,0.0815012602650966,24.4115389881593,49566.468
4.19577021321595,0.0823724384904219,24.4168142863273,49569.374
4.19573672342076,0.0786099561498968,24.4141434340313,49572.28
4.195782113154,0.0829379180816146,24.4188137416295,49575.186
4.19598348980853,0.0812210726688585,24.4225600411341,49578.093
4.19589502492304,0.0804483966156282,24.4165474335377,49580.999
4.19580383139621,0.0781727528590725,24.4117921233154,49583.905
4.19577262783076,0.0805339536346938,24.4190357038055,49586.811
4.19575904463734,0.0786335913917668,24.4180260678061,49589.718
4.19573192346353,0.083338811555452,24.4172827075225,49592.624
4.19574848364346,0.0804986994387365,24.4145482723711,49595.561
4.19596050678135,0.0790051996435066,24.4123211580497,49598.468
4.1957933052366,0.0813832380735631,24.4156526256272,49601.374
4.19596299062999,0.0837838051435742,24.4125919741831,49604.28
4.19576431441616,0.0819153914282214,24.4103078225523,49607.186
4.19549932730783,0.0812945002616918,24.4051687850538,49610.108
4.19660683381158,0.0911244602240296,24.4095988241588,49613.03
4.19681000347804,0.0916402692882162,24.4090668378895,49615.921
4.19587642251512,0.0788738195543293,24.3979191241274,49618.827
4.19599684007335,0.0809447134281215,24.3964370323101,49621.733
4.19589028109996,0.080706502183566,24.3977217922513,49624.639
4.195864266419,0.0806859992302923,24.3932662253304,49627.546
4.1959034606661,0.0815804039743674,24.396042201072,49630.452
4.19612979782723,0.0805716196425434,24.3988815821292,49633.358
4.19598777343001,0.0812909500162605,24.404776085641,49636.264
4.19608903958809,0.0803500200977516,24.3961169789307,49639.171
4.19609576706022,0.0801411531211962,24.4049299222979,49642.108
4.19576106238543,0.0811555467517178,24.3955565314913,49645.014
4.19585775168504,0.0815958779053752,24.3937148497,49647.921
4.19586238660947,0.0804071890212021,24.3916205307979,49650.827
4.19582324185172,0.0833932567008366,24.3945626937173,49653.733
4.19564744037046,0.0815929470984283,24.3958488463277,49656.639
4.19573383445597,0.0812047701420143,24.3964987334016,49659.546
4.19591205312757,0.0828922291246394,24.3936375975507,49662.452
4.19572138758079,0.0779478355196885,24.3970875285701,49665.358
4.19599785225211,0.0785613955137354,24.3974866224649,49668.264
4.1957214462709,0.077920985466515,24.3996602547597,49671.171
4.19569888297691,0.0796092217896922,24.3903750920258,49674.077
4.19556398007605,0.0819885336540821,24.3908648406794,49676.983
4.1957766819851,0.0776468858213155,24.3840069783755,49679.889
4.19577659683986,0.0818904313749271,24.3856923535629,49682.796
4.19597070693227,0.0807201225333214,24.3885653108879,49685.718
4.1957345242715,0.0805273667281464,24.3878717048152,49688.624
4.19580851856852,0.0804099158569949,24.3871056869087,49691.53
4.19574043505842,0.0827484009587894,24.3917724688851,49694.436
4.19582193740182,0.0808133052615485,24.3950072179968,49697.343
4.1960617738945,0.0795503216815626,24.3912028063809,49700.249
4.19566593966556,0.0798900118010867,24.3936591557626,49703.155
4.19563150746425,0.0800292136764701,24.3863028042269,49706.061
4.1957232777696,0.0820191885630907,24.3838926746625,49708.983
4.19592977653486,0.077177744249747,24.3889821385194,49711.889
4.1957101267452,0.08266060257297,24.38317930832,49714.796
4.19590711169237,0.0815892217905524,24.3785830345116,49717.702
4.1959001326262,0.0823260199539903,24.3938336786456,49720.608
4.19599010144853,0.0817287468702379,24.3928892690651,49723.514
4.1957554021246,0.0797150543665826,24.3974771379327,49726.421
4.19601396208621,0.0783438964172284,24.3966534993748,49729.327
4.19569405351502,0.0816927749021107,24.3837365361545,49732.233
4.19561916237425,0.0805263108807895,24.3810949071446,49735.139
4.19599445491982,0.0812021866028791,24.3811322303285,49738.046
4.19597511378251,0.0796344106870498,24.379609225795,49740.936
4.19604918018778,0.0811299701056746,24.3837285473567,49743.843
4.19587057354502,0.0804931699585121,24.385712510546,49746.749
4.195841123382,0.0804346953830048,24.3838197498875,49749.671
4.19584301908704,0.080842343567373,24.3828558295032,49752.577
4.19590926989109,0.0797536334632801,24.3861120645485,49755.483
4.19581104844499,0.0814988132986775,24.3881450056914,49758.389
4.19579857631067,0.0808203686409422,24.389044269861,49761.296
4.19601991215718,0.0815435304976542,24.3860878829198,49764.202
4.19580331165398,0.0800975384776234,24.388080204263,49767.108
4.19602686868629,0.080781006133713,24.3810930306784,49770.014
4.19602336385609,0.0768371069435621,24.3794358062091,49772.936
4.19586858473705,0.080975709789948,24.3788862939312,49775.843
4.19600955381656,0.0800883076240651,24.387464146217,49778.749
4.19600424774097,0.0813459709155946,24.3856106154233,49781.671
4.19603116544101,0.0829890833763354,24.3848814220458,49784.577
4.19596076714686,0.0806921073536317,24.3833893642872,49787.483
4.19563825023461,0.0793676299990691,24.3884560713088,49790.389
4.19609514179257,0.0844191130332107,24.3776589743272,49793.296
4.19589911061088,0.0776077503806579,24.378036875372,49796.202
4.19594273699465,0.0812442091482326,24.3804965582353,49799.108
4.19566718116155,0.075558235041315,24.3773729483569,49802.014
4.19587399956181,0.0794464536544384,24.377265971221,49804.936
4.19591472883354,0.0815621849038142,24.3796763868863,49807.858
4.19615977037848,0.0810887249081596,24.3787441937316,49810.764
4.19572017826803,0.0767712838470944,24.380726332574,49813.671
4.1962191949328,0.0786844596491364,24.3878495762654,49816.577
4.19600487156413,0.0811150286234278,24.3813741677929,49819.483
4.19610678301029,0.0809222225147369,24.3860357707962,49822.389
4.19640109793504,0.0793552737664677,24.3842317668554,49825.296
4.19593305835778,0.077443742336067,24.3844530415189,49828.218
4.1958302406927,0.0834259971018195,24.3738970134916,49831.139
4.19713938762362,0.0789056881985954,24.3743364453337,49834.046
4.19622203611552,0.0812419794630662,24.3731426237435,49836.952
4.1962601975022,0.081607476290139,24.3673428945945,49839.858
4.19623049880547,0.0793054155937793,24.3722182079408,49842.764
4.19644283305095,0.0804936576628417,24.3639801996134,49845.671
4.19609094189239,0.0838569782726337,24.3587848920025,49848.577
4.19591106994922,0.0790078829744844,24.3626646543465,49851.483
4.19569885545501,0.0788700846750197,24.377243156632,49854.405
4.19630796701045,0.0815851239775324,24.3681738240437,49857.311
4.19591952411123,0.0757514266822539,24.3615361344116,49860.218
4.19642475886408,0.0813576962789701,24.358919721665,49863.124
4.19616832243403,0.0797429350814916,24.359623203206,49866.03
4.19610671460152,0.081779209324227,24.3531714831285,49868.952
4.19642252482323,0.0790448210288951,24.3554563363537,49871.858
4.19600560051263,0.0776254562409646,24.3621552802674,49874.78
4.19603416728343,0.0801052164273606,24.3609397519126,49877.686
4.19623418761078,0.0792701649345239,24.3655994989316,49880.593
4.19632029823515,0.0801114910232537,24.3611330878592,49883.499
4.19623426379121,0.0786514692900743,24.358833362695,49886.405
4.19626066040989,0.0817765480033325,24.3536381995433,49889.311
4.19632626521017,0.0811002336368084,24.3602910660715,49892.218
4.19624538559904,0.0824472864955265,24.3613149851435,49895.124
4.1963261194109,0.0787985874194131,24.3619452588284,49898.03
4.1960934409417,0.0807387872711276,24.3586992622804,49900.983
4.19636312480757,0.0802410097815382,24.3575984125056,49903.889
4.19663935779491,0.0767333878757955,24.3589579722429,49906.796
4.19645691316575,0.0788002074404166,24.3563200746289,49909.702
4.19637562522543,0.0795304390447621,24.3591659139865,49912.608
4.19662519751775,0.0769102328695007,24.3570572290431,49915.514
4.19633906455337,0.0815527401669978,24.3591678016838,49918.436
4.19616245186729,0.0803983483592908,24.3558734106367,49921.343
4.19622670394433,0.0756167014624978,24.364443786395,49924.249
4.19631916738024,0.0816660676516748,24.3593991501821,49927.155
4.196130077752,0.0795111118429166,24.3646872539499,49930.061
4.19679397541714,0.0793358139157471,24.3592723919988,49932.999
4.19673499129512,0.080299949639673,24.3590075679212,49935.905
4.19663804094525,0.0768362694772474,24.3606622051854,49938.811
4.19603564848133,0.079038083400366,24.3533781053095,49941.718
4.19657368722067,0.0807220004466955,24.3501451089024,49944.624
4.19655861419493,0.0820052330640282,24.347185442369,49947.53
4.19643028514559,0.0799287307957998,24.3566036219953,49950.436
4.19653878652037,0.078359891340901,24.3468747337693,49953.343
4.1962687777969,0.0794258093265223,24.3509060117934,49956.249
4.1962759739038,0.0792445632059774,24.3530425293698,49959.155
4.1965029687317,0.0793454695793373,24.3528375539166,49962.061
4.19633392729179,0.0769528222216523,24.3470887679268,49964.983
4.19632318749321,0.078091298715293,24.3516320823373,49967.889
4.19656469984703,0.0803809502890529,24.3471879452597,49970.796
4.1965957811269,0.0792381015619357,24.3472417542182,49973.702
4.19651159629661,0.0828712121539358,24.3547980416547,49976.608
4.19622424255807,0.0789234053728109,24.3502148685907,49979.514
4.19651084505347,0.0811786577386299,24.3375469268888,49982.421
4.19686335242522,0.0795914722441736,24.3458304779912,49985.327
4.19684172939204,0.0803136698598494,24.3503955709497,49988.249
4.19648357681659,0.0784958339950521,24.3457538413386,49991.155
4.19648417533637,0.0807103033749829,24.3430107570632,49994.061
4.19638665430349,0.0811995395710742,24.3393024051848,49996.968
4.19654384397827,0.0802121319786213,24.3431413781684,49999.889
4.19640820865709,0.0804532102039166,24.338512071881,50002.796
4.19675527498226,0.0789316009386711,24.3460349975411,50005.718
4.19672846462833,0.0802826553634456,24.3463728913087,50008.624
4.19678612315973,0.0798630888158276,24.336924918366,50011.53
4.19675830815061,0.0809390419266969,24.3417878215905,50014.436
4.19593513863014,0.0712444543041603,24.3333526620216,50017.358
4.19657955976658,0.0761907427470886,24.3348426152331,50020.264
4.19670615427847,0.0821158554726931,24.3333072746291,50023.171
4.19668512316854,0.0794969657668847,24.3392591249345,50026.077
4.19677940719764,0.0769040817859662,24.3312100818731,50028.968
4.19685583895003,0.0815328489029562,24.3442803001031,50031.874
4.19654132524209,0.0788648585615169,24.3434976235869,50034.78
4.19692071880812,0.0765560431219309,24.3373933584629,50037.718
4.19710657214875,0.0792089051431512,24.3351426731558,50040.624
4.19700668881284,0.0789711121301364,24.3429921299809,50043.53
4.19665097454021,0.0784659713689807,24.3338580748388,50046.436
4.19698062676535,0.0782144260661936,24.3300227705602,50049.343
4.19695428639638,0.0779118747441398,24.3228274429627,50052.249
4.19674228571596,0.0772197076321899,24.3208413402368,50055.155
4.19715933823593,0.0793519572925327,24.3282595899832,50058.061
4.19696520303487,0.0749324099768159,24.3190450822058,50060.968
4.19679611958996,0.077746864510924,24.3180590957608,50063.874
4.19706339631632,0.0780200754542052,24.3314023899107,50066.78
4.19689350732595,0.0756018947121448,24.3240565996254,50069.686
4.1957156513204,0.0707335929330903,24.3237157604524,50072.608
4.1967956781541,0.0800578792620023,24.3181523635936,50075.514
4.19710316026165,0.0783967749323729,24.3196422451346,50078.421
4.19677264692167,0.0785335494608388,24.3177333599516,50081.327
4.19679700334235,0.0756055769642374,24.3273048046348,50084.233
4.19688470396821,0.0812050566095376,24.3238792323984,50087.139
4.19690432740926,0.081823417249296,24.3254642928607,50090.046
4.19626110356232,0.0686844842223351,24.3383805336117,50092.952
4.19663783742423,0.0778940846544183,24.3312527837411,50095.858
4.19680521884568,0.0795094136939396,24.3298893246394,50098.764
4.19682210722496,0.0785260234003105,24.3253618312989,50101.671
4.19665183181613,0.0781542391678596,24.33753738517,50104.593
4.19680682743657,0.076861030451155,24.3388967667567,50107.499
4.1972471669008,0.0772762713029716,24.326800025744,50110.405
4.19674493666235,0.0760374148490178,24.3278220268283,50113.311
4.19718423150194,0.0789783903534473,24.3289348700731,50116.218
4.19714481268988,0.0761934242896879,24.3175080824631,50119.124
4.19626466228083,0.0691941098228938,24.3178126194717,50122.03
4.19710875086448,0.0789853485806181,24.3185577748289,50124.936
4.19698468387706,0.0796227945555255,24.3180483093948,50127.843
4.19697156413843,0.0759072662975486,24.3257335973053,50130.749
4.19744834110638,0.0823409369358947,24.3231982303274,50133.655
4.19709971963202,0.0778508250181663,24.3186234335635,50136.577
4.19705979488209,0.0797160871661446,24.3266725833046,50139.483
4.19715219106296,0.0775736499594547,24.3230228325651,50142.389
4.19695219529545,0.0775995062093499,24.3199276693439,50145.296
4.19726904424292,0.0801415241419018,24.3220877625455,50148.202
4.19727718641675,0.0791650424266576,24.3206826790548,50151.108
4.1970675430651,0.0767707132113361,24.3183231393873,50154.014
4.19707988658767,0.0785622035651158,24.3221490077515,50156.921
4.19709319266302,0.0749640447403452,24.3180049313917,50159.827
4.19710425155154,0.0793417964560715,24.3197444477456,50162.733
4.19711478736532,0.079265067316927,24.3162338385143,50165.639
4.19720799023423,0.0808279244364898,24.3167225245114,50168.561
4.19708485354743,0.0757092009047975,24.3154157663496,50171.468
4.19742074646078,0.0798671475253174,24.3148714515599,50174.374
4.1974818294255,0.0770524297596506,24.3118315018925,50177.28
4.19743740110976,0.0775142700033463,24.3105487601403,50180.186
4.19718595168858,0.0775991141942474,24.3052127838733,50183.093
4.19697096178304,0.0763781687176165,24.3141970355359,50185.999
4.1970576526606,0.0740146548329872,24.314048884946,50188.905
4.19740694233704,0.076161320841329,24.307426474811,50191.811
4.19744987227062,0.0786970428820374,24.3038482756731,50194.718
4.19721503498328,0.079906130493079,24.3010769750328,50197.624
4.19739696921556,0.0793851115620336,24.3169642733994,50200.546
4.19643219720851,0.0691909829879465,24.313018220328,50203.452
4.19748457331768,0.0749738909038932,24.3086722355173,50206.358
4.1973023299513,0.0773903501183275,24.3068615818824,50209.264
4.19729692519664,0.0779634316114601,24.3095420647743,50212.171
4.19750435179052,0.0731771785650936,24.3073558287698,50215.077
4.19735250818132,0.075424337860224,24.3108328235421,50217.983
4.1974769981226,0.0787790760998441,24.3096250759219,50220.889
4.19745312432199,0.0768224130231984,24.30413554009,50223.811
4.19772112261773,0.0777495946512455,24.3030147942969,50226.718
4.19735763553995,0.0769918393768759,24.3105002558568,50229.624
4.19739617772732,0.0789776682427605,24.3211145873052,50232.546
4.1976118854927,0.0791042664206755,24.301046319661,50235.452
4.19755343653603,0.0800900595015519,24.3081940024861,50238.358
4.197452058894,0.0765965900205096,24.3064946952969,50241.264
4.19787205233602,0.0762520857860926,24.3106608275063,50244.171
4.19759371640193,0.0768172622733189,24.30999288874,50247.077
4.19773106588357,0.0772586423519286,24.3029416665028,50249.983
4.19759988634821,0.0735576903031994,24.3088708181499,50252.889
4.19750451213982,0.0764683922118504,24.3032445295386,50255.796
4.19768367565865,0.0743613836771292,24.2941779354487,50258.702
4.19786235951502,0.0749647481736381,24.2969876218649,50261.608
4.19763570229804,0.0805867507851662,24.2964951151318,50264.514
4.19746009744136,0.0750940131197672,24.2934342964926,50267.421
4.19776085912769,0.0739536076112401,24.2938846778556,50270.327
4.19732019433926,0.0753159499728149,24.292491775651,50273.233
4.19776327274621,0.0755857843377846,24.2869797005324,50276.139
4.19758066060345,0.0763533931676123,24.2945257839936,50279.046
4.19782463341576,0.0777789579499364,24.2850553297401,50281.952
4.19782116356839,0.0825163091373984,24.2917769926444,50284.858
4.19793469735445,0.0750729064749753,24.2916227663442,50287.764
4.19776416112237,0.0784220269998517,24.2957927759071,50290.671
4.19759969701862,0.0745568256258822,24.2997471730063,50293.577
4.19771014992508,0.0752505174655208,24.2989090940661,50296.499
4.1978636329377,0.0761261009240038,24.2885733459003,50299.405
4.19781436028012,0.0757835225022181,24.2892714081588,50302.311
4.19690309376257,0.0656583057522963,24.2871007987045,50305.218
4.1965940065946,0.0616428308698835,24.2907633637451,50308.124
4.19669999868653,0.069804791082027,24.2949964653635,50311.03
4.19665919034507,0.0672678297885485,24.2915735642088,50313.936
4.19699706286751,0.0678950024779492,24.2872568040898,50316.843
4.19679729668331,0.0643917438772342,24.2892846105938,50319.749
4.19671218363502,0.0699637459819264,24.2913931788716,50322.655
4.19671687420985,0.0671647691474773,24.299198559896,50325.561
4.19650854957536,0.0678499635742316,24.2943627414097,50328.483
4.19760093920748,0.0737143501411992,24.2838028412703,50331.389
4.19779168732197,0.0742843737824602,24.2967301845477,50334.296
4.19813028828104,0.0806377926085101,24.2975429385942,50337.202
4.19763742467301,0.072231400656354,24.2918982471453,50340.108
4.19778106695636,0.0754495700858156,24.294347502573,50342.999
4.19783740272611,0.0779938576035554,24.2819299473719,50345.905
4.19800599268805,0.0746017848607895,24.2811470480378,50348.811
4.19793311133221,0.0761019596892048,24.2770286637626,50351.718
4.19797719836445,0.0761898044347589,24.2783605572197,50354.624
4.19807688847535,0.0775612043731198,24.2938497493186,50357.53
4.19799813416319,0.0727683883860884,24.2845615393109,50360.436
4.19782570102319,0.0778865207235144,24.2891202201014,50363.343
4.19813198293757,0.0748948617960978,24.2883495827363,50366.249
4.19814105798288,0.077996143658306,24.2772051595374,50369.155
4.19794338138413,0.0748274683919818,24.2851814845917,50372.061
4.19815863039859,0.0756655379050925,24.280015087661,50374.968
4.19813434309731,0.0778782125893975,24.2818712649454,50377.874
4.1981365885499,0.0753788209100242,24.281859862919,50380.78
4.19809118274091,0.0746935722739158,24.2856090162498,50383.686
4.19805496967113,0.0770881907209422,24.2774142134681,50386.577
4.19801276266504,0.0738861857113917,24.2785192574687,50389.483
4.19807155272511,0.0759704327456993,24.2847591644671,50392.389
4.19854328100778,0.0783637566589591,24.2772469069702,50395.311
4.19800446549585,0.0740320773898102,24.2782275015184,50398.249
4.19831381304766,0.0751831433869085,24.2744367583168,50401.155
4.19844098159362,0.0768443940821277,24.2821172052869,50404.061
4.19830745889161,0.075407153410041,24.2747488144737,50406.968
4.1981585112337,0.0759776052227418,24.2743083679623,50409.874
4.19821302318439,0.0770701985443628,24.2754329749612,50412.78
4.19838959680063,0.0741045795652155,24.2809388416409,50415.686
4.19831496342447,0.0738843025791825,24.2730966557966,50418.593
4.19822342560281,0.0734799600446255,24.278573527248,50421.499
4.19849928771883,0.0770118560452647,24.274356255741,50424.405
4.19842429195235,0.0752342486577161,24.2673575955674,50427.311
4.19813127401589,0.0751338216671421,24.275179890504,50430.249
4.19847068388946,0.0791460772573148,24.2743204192314,50433.155
4.19833468376661,0.075221314645643,24.2772233581062,50436.061
4.19833812845341,0.0779187265323963,24.272116598981,50438.968
4.19831127650963,0.0723222128789643,24.2763345199463,50441.874
4.19857183621237,0.0766800740213752,24.271219746516,50444.78
4.19853331709274,0.0764262893317055,24.2740544433167,50447.686
4.19832071977254,0.0728042272616213,24.273820904366,50450.593
4.19835740100762,0.0760108203760451,24.2770760473542,50453.499
4.19868452384169,0.0771808321108772,24.2674827632859,50456.405
4.19740678719315,0.0649565779388588,24.2723703840566,50459.311
4.19754694035539,0.0660651385407878,24.2738957113125,50462.218
4.19749757842665,0.0654040328071609,24.2662880905065,50465.124
4.19756801692215,0.0676038323439158,24.269195903358,50468.03
4.19727337017128,0.0653287552084968,24.2619248402127,50470.936
4.1971410044438,0.0661548010694925,24.2626382490978,50473.843
4.19759494259197,0.0693353764077901,24.2575081424246,50476.749
4.19755989693653,0.0655793031115237,24.2600380566228,50479.655
4.19753110706096,0.0673112928433139,24.2611272624221,50482.561
4.19750302947013,0.0685121704132055,24.2583880978576,50485.468
4.19650089287935,0.0543504758720072,24.2699956381009,50488.389
4.19618704556933,0.0552880984584913,24.2697013258947,50491.296
4.19624760064413,0.0586320771215691,24.2724367849204,50494.202
4.19580610316327,0.0514943982632586,24.2699402380342,50497.124
4.19625022315943,0.0554816017332656,24.2801796471122,50500.03
4.19601107406606,0.058355526005692,24.2748889541705,50502.936
4.19604680614724,0.0566572127395758,24.2618513636753,50505.843
4.19563696923596,0.0582590503119498,24.2654840654975,50508.749
4.19596412982982,0.0563850807625946,24.2757396320416,50511.655
4.1962783298735,0.058674276568942,24.2609479235096,50514.561
4.19618653209395,0.0554396895786522,24.2670886832927,50517.468
4.19595653566417,0.0593982675008821,24.2638373283233,50520.374
4.19573956239521,0.052247648949736,24.2658337902156,50523.28
4.19601765623241,0.0560779191976566,24.2583213828511,50526.186
4.19599750573091,0.0533408962474572,24.2634466569721,50529.108
4.19598874561533,0.0582864683191588,24.2555804179802,50532.014
4.19551319153686,0.053478930074007,24.253734526205,50534.921
4.19695597701604,0.0683841755087223,24.2548831866964,50537.827
4.19703364053459,0.0706221916365205,24.2411975803696,50540.733
4.19662394136868,0.067413535630767,24.234374829109,50543.639
4.19701732146643,0.0696468333548715,24.2459124368391,50546.546
4.19723963690116,0.0676240061610853,24.2462840276074,50549.452
4.19725369328273,0.0650746645379963,24.2518294327816,50552.358
4.1970911225334,0.0678941976578712,24.2509938483482,50555.264
4.19715234096684,0.0640198693218249,24.2515531325877,50558.171
4.19573919323311,0.0564101839510206,24.2524637682193,50561.093
4.19609086768551,0.0567964047043247,24.2601529765693,50563.999
4.19600216054673,0.0589998827924956,24.2566090276729,50566.905
4.19608753460838,0.0559589512312679,24.2554742375391,50569.811
4.19566270462111,0.0577487041277677,24.2588182241865,50572.718
4.19595111077386,0.0571412968658505,24.2593976541084,50575.624
4.19585617984987,0.0565547012121829,24.2574984135619,50578.53
4.19577030359111,0.0563994096941726,24.261096099384,50581.436
4.19570959554231,0.061937073236559,24.2629423954904,50584.343
4.19593416429092,0.059914378361931,24.2571605966812,50587.249
4.19569899828447,0.0584935408339313,24.2632624736307,50590.155
4.19582760702416,0.0576790058823529,24.2495338756204,50593.077
4.1958835743554,0.0573606660651456,24.2419695136333,50595.983
4.19556021445839,0.0556573601584248,24.2555086696943,50598.889
4.19574362789393,0.0581292281561278,24.2609398483132,50601.811
4.19604031639667,0.0560780508127764,24.2566826945067,50604.718
4.19568168771843,0.0562994503301475,24.2576468321563,50607.624
4.19596700218476,0.05617173238183,24.2609461572448,50610.53
4.1960885438455,0.0583588950471014,24.2574593058581,50613.436
4.19605900232899,0.059084676329842,24.2584438051133,50616.343
4.19584074342131,0.0560361043331115,24.2493283465585,50619.249
4.19594074610504,0.0583879073858346,24.2543646010028,50622.155
4.19583582383266,0.0569194530018265,24.2523145698662,50625.077
4.19580876797499,0.0597512848518374,24.260039050436,50627.983
4.19573956530322,0.0566234459600971,24.2517595501759,50630.889
4.19610863204231,0.0579297166850966,24.2537957785047,50633.796
4.19579656285006,0.0566709823036686,24.2550643700383,50636.702
4.19588674463085,0.0588332624584894,24.2510840827876,50639.608
4.19565732865708,0.057505728316524,24.2428832815428,50642.514
4.19585387186172,0.0586372558485841,24.24361479257,50645.421
4.19600530521198,0.0602443989915914,24.2519694831206,50648.327
4.19582980829049,0.0570180049721836,24.248433623744,50651.233
4.19551246957184,0.0601006050881978,24.2506693127846,50654.155
4.19681689760293,0.0678591785608936,24.2441985690502,50657.061
4.19674839765507,0.0667029716334162,24.2474301864494,50659.983
4.19705706259323,0.066647970596658,24.2461313394246,50662.889
4.19584000247853,0.0577017000418451,24.2516480209392,50665.796
4.19585872113565,0.0560827216828672,24.2560023096952,50668.702
4.19582797584922,0.055797497371132,24.253140417477,50671.608
4.19563898222895,0.056302750948051,24.2403273132539,50674.514
4.19573799043732,0.0578441816264252,24.2514762339162,50677.421
4.19624785474489,0.0603102019322369,24.2510590791753,50680.327
4.1959061065533,0.0549093330480953,24.2406436919179,50683.249
4.19586093590352,0.0547102222671523,24.2405783804448,50686.155
4.19585640306484,0.0573368150857976,24.239334955818,50689.093
4.19571428473874,0.0585736261741661,24.2370462055454,50691.999
4.1955862076022,0.0592731984330725,24.2439798388339,50694.905
4.19608773229492,0.054171402164112,24.2567458379547,50697.811
4.19586767179892,0.0568519449577286,24.246189477562,50700.718
4.19622981719689,0.0540855726175938,24.2545203617916,50703.624
4.1958165117353,0.0584746825358618,24.2486191061276,50706.53
4.1960058736628,0.0581979392498862,24.2489231112412,50709.436
4.1959845863821,0.0574925080905207,24.2438103954472,50712.343
4.19558388818745,0.0557456852157415,24.2361691043299,50715.249
4.19588103437724,0.0555639259807305,24.2454411779794,50718.155
4.1958612385845,0.0544898428291804,24.2510365476324,50721.093
4.19571428268703,0.0582364278395991,24.2484260302012,50723.999
4.19569240429361,0.0555091119276143,24.2484261285486,50726.905
4.19573791923032,0.057494542265647,24.235238925646,50729.811
4.19578127546184,0.0589357915808207,24.2374468798972,50732.718
4.19586354862716,0.0571554605599377,24.2373481749717,50735.624
4.19615180921891,0.0579236288314178,24.2384313302046,50738.53
4.19560705642134,0.0566366524572596,24.237312421004,50741.436
4.196082559177,0.0587624565487885,24.2425858426977,50744.343
4.19580579792298,0.0591481830976618,24.2431554678339,50747.249
4.19561448824549,0.0540108900522808,24.2431671291362,50750.155
4.19589450051121,0.0576340456336482,24.2473155653563,50753.061
4.19585581496838,0.0568443102076457,24.2292240247135,50755.968
4.19580434548232,0.0545704329652693,24.2354547078129,50758.874
4.19597650007041,0.0576994188533685,24.2393289732742,50761.78
4.19586500266555,0.0568645402585813,24.2301602608631,50764.702
4.19587188052161,0.058015679411264,24.2380801044727,50767.608
4.19593530924045,0.0560369938663255,24.2414316579472,50770.514
4.19592858996762,0.0582537622197113,24.235232224441,50773.421
4.19556449372551,0.0568386523512207,24.2339590192349,50776.327
4.19580055335519,0.0575538155434915,24.2268749649219,50779.233
4.19606923638158,0.0575428149221198,24.2238634424708,50782.139
4.19596298436471,0.0576454667820542,24.2282515964128,50785.046
4.19618826229205,0.0568698973058321,24.2343150339809,50787.968
4.19556660823034,0.0586412415724949,24.2406377569892,50790.874
4.1959721387407,0.055525417999607,24.2379312642111,50793.78
4.19577816654055,0.0564937478219685,24.2332643400327,50796.686
4.19576325125369,0.0586370218351174,24.2375949975707,50799.593
4.196017228783,0.0603738166228092,24.234127732443,50802.499
4.19565203110208,0.0591528800317661,24.2239565516592,50805.405
4.19582823226755,0.0558368507158226,24.2311439779821,50808.311
4.19581599037184,0.0571958596187713,24.2347688399453,50811.218
4.19594261292062,0.0591689175335204,24.2260464934007,50814.124
4.19597268532487,0.054575869263515,24.2334284348439,50817.046
4.19611306681166,0.0552234785969628,24.2265183848711,50819.952
4.19574301705105,0.0538675726211131,24.2334430632005,50822.858
4.19567696643839,0.0571620784392977,24.224706068787,50825.764
4.1960192406998,0.0575247677021064,24.2326323750943,50828.686
4.19603582082894,0.0586829091200109,24.2302778906126,50831.593
4.19590285441854,0.0581085574376055,24.2274682781017,50834.499
4.19592886618419,0.0550154704683056,24.2285706230912,50837.405
4.19574750932265,0.0584676237494209,24.2259792232472,50840.311
4.19582348381192,0.0558793341554916,24.2242678556546,50843.218
4.19574245466681,0.0604068135371288,24.2236076158375,50846.124
4.19571566456231,0.0569592956308691,24.2204749654359,50849.03
4.19623530708667,0.0580288126713161,24.2170871380601,50851.952
4.19610965713068,0.0571334903752994,24.2285452035729,50854.858
4.19609117711289,0.0536745274518906,24.2254234335302,50857.764
4.19601795549817,0.0577819625050693,24.2179375842959,50860.671
4.19576395460145,0.0551751663392967,24.228376321173,50863.577
4.19606071604096,0.0561226189740366,24.2273616125963,50866.499
4.19617098423351,0.0559369349706053,24.226327981217,50869.405
4.19610458770798,0.0552361154349094,24.2290877715342,50872.311
4.19627111192041,0.0567172365731207,24.230711880037,50875.218
4.1958487082399,0.0557932564809293,24.2230396494938,50878.124
4.19611682725537,0.0575605669883271,24.2265344006,50881.03
4.19628732027657,0.0587248807234554,24.221724985299,50883.936
4.19647748928736,0.0567700513379788,24.2162873762167,50886.858
4.19601599289928,0.0578428395352939,24.2188415057629,50889.764
4.19618427401842,0.0594614943956548,24.2170035498366,50892.671
4.19591779706983,0.0576726579148604,24.2085315760772,50895.593
4.19577247085846,0.0572497198847213,24.214392781437,50898.499
4.19606103895977,0.0562556205672658,24.2187532605401,50901.405
4.19619187218966,0.0574788841630792,24.2136671195908,50904.311
4.19607878944609,0.0590611815997513,24.2191933372893,50907.218
4.19619553031489,0.0561285219718335,24.2195218513523,50910.124
4.19614436997813,0.054420666550447,24.222999078264,50913.03
4.19631837195498,0.0559659894866076,24.2127051415851,50915.952
4.19617723962,0.0577265598916183,24.2058110680462,50918.858
4.1961117212252,0.0541524396128425,24.2072165195324,50921.764
4.19611338114597,0.0566011555730231,24.2121523206742,50924.671
4.19586475542353,0.0595949814541758,24.200806406896,50927.593
4.1960345969078,0.0557508565292922,24.1986837736608,50930.499
4.19603967891141,0.0553082501499982,24.2098811781265,50933.405
4.19620241474867,0.056689171644516,24.2067637221246,50936.311
4.19624281731934,0.056327815668463,24.2109643337826,50939.218
4.19625414547186,0.0596763603519272,24.2039396434784,50942.124
4.19634950820131,0.058399374757631,24.2140283140011,50945.03
4.19633109453608,0.0551775850902477,24.206245754073,50947.952
4.19605872605239,0.0584092252357987,24.2040072340802,50950.858
4.19603963199364,0.0575233719410443,24.2047600822366,50953.764
4.19616929628406,0.0582444008085245,24.2097512409664,50956.671
4.19612937332652,0.055756532157771,24.2148651507694,50959.577
4.19628598267851,0.055156184078274,24.2039692767368,50962.483
4.19627190127525,0.0557529257839413,24.2143311477858,50965.389
4.19609227129936,0.0570545818570962,24.2116802109075,50968.311
4.19648021758948,0.0558462354890664,24.2201305556938,50971.218
4.19629311517664,0.0575038455890364,24.218887202868,50974.124
4.19610607176217,0.0523425738405709,24.2194035421613,50977.03
4.19614250564051,0.0557380358148463,24.2100003728941,50979.968
4.19631078937251,0.054468625775677,24.2094611695445,50982.874
4.19617480459833,0.0555860137548167,24.2089490810933,50985.78
4.19643377962424,0.0541883976399344,24.2107899306142,50988.686
4.19615897977315,0.0531307048665143,24.2079290423257,50991.593
4.19646404454901,0.0543877400624631,24.2119912104261,50994.499
4.19653824785267,0.056291604233105,24.2137345069971,50997.405
4.19634458693401,0.0573828891889996,24.2118056273682,51000.311
4.19622586496462,0.0560931952577853,24.2152325790359,51003.218
4.19625179697899,0.055965508356252,24.2178597366852,51006.124
4.19636855350489,0.0558434986973132,24.2137088485373,51009.046
4.19643228592384,0.0551965764888817,24.2018357378199,51011.968
4.19631552414636,0.0584022772101334,24.2026416810049,51014.874
4.19656786438083,0.0600913671717121,24.2148521441589,51017.811
4.19638646109526,0.0538218234279752,24.2220843995986,51020.718
4.19635925444588,0.0576966655538294,24.2100252830786,51023.624
4.19621982402995,0.0551307288486268,24.2132096051353,51026.639
4.1964010419385,0.055234251426783,24.2069147056343,51029.686
4.19659040498893,0.0592487629201886,24.1957465257191,51032.702
4.19657031667496,0.0532493060921464,24.2022314831,51035.702
4.19651581473134,0.0553739594333002,24.2008370592549,51038.702
4.19599121351362,0.0572637904601473,24.1951674155048,51041.655
4.1965464847079,0.0556336051514754,24.1894133953538,51044.593
4.19642069921068,0.0566781904403945,24.1980060270382,51047.499
4.19649686285884,0.0554029848927825,24.1863952224784,51050.421
4.19647235295879,0.0568503202260332,24.1943030133276,51053.327
4.19648626515494,0.0572623598680803,24.1949706421982,51056.249
4.19637126849024,0.055199322850178,24.1938814078619,51059.171
4.19644980487037,0.0541385609697737,24.2024136637326,51062.093
4.19669031779276,0.0591880482114102,24.1992307767067,51064.999
4.19645674247013,0.0532618441551199,24.202176168422,51067.921
4.19649833820562,0.056759276562969,24.1986318213891,51070.843
4.19663532635156,0.0549048684626658,24.2006583117297,51073.749
4.19636680932152,0.0553356807256443,24.2122436645965,51076.671
4.19653192229657,0.0547431674354262,24.2034415184503,51079.608
4.1965579090506,0.0555729940899097,24.206396762239,51082.53
4.19650290421748,0.0578376025784068,24.2027833949902,51085.436
4.19660587951628,0.0564960512053592,24.1933195458428,51088.343
4.19647764127569,0.0540176286656148,24.2018288160468,51091.249
4.19645230384554,0.0539714182615252,24.1932324821207,51094.139
4.19642942615814,0.0550764111601549,24.2040428547778,51097.046
4.19667376110932,0.05751939685049,24.2047362736207,51099.952
4.1966332332452,0.0538164282168025,24.2053393669796,51102.858
4.19666036100279,0.0547582312212883,24.2113509184378,51105.764
4.19667875355102,0.0562053333830439,24.2060549807285,51108.671
4.19672057463849,0.0545219220624651,24.1981011714085,51111.577
4.19665701046395,0.0568215372518405,24.1904539789594,51114.499
4.19696211176423,0.0556146430603728,24.1926024720804,51117.405
4.19662605162146,0.055500928798478,24.1971568282395,51120.296
4.19662482273421,0.0561762478668315,24.1897221866332,51123.202
4.19660899042989,0.053230699345681,24.1991506784213,51126.108
4.19677354491031,0.0590326450105974,24.1927356754313,51129.014
4.19667044182027,0.0556640342342117,24.1923679970109,51131.936
4.19553857752522,0.0463610621996212,24.194945968533,51134.843
4.19689277688433,0.0517150057217155,24.1958022976357,51137.733
4.19688688670861,0.054332601577277,24.1966939592795,51140.639
4.19668284372894,0.0552394978057286,24.2086025929441,51143.546
4.19674056745195,0.0597873737679831,24.2098803150291,51146.468
4.19684776066233,0.0552558372894895,24.2068007405408,51149.374
4.19666020495028,0.0570912910110665,24.2032707860202,51152.28
4.19683149997387,0.0559006971291066,24.2056497101863,51155.186
4.19661590200004,0.0572967416444794,24.2134793961735,51158.077
4.19678560695209,0.0542951265668309,24.213593825833,51160.983
4.19666844910394,0.0562841980981003,24.2030046370777,51163.889
4.19685078851494,0.0564567141532769,24.2039806933993,51166.796
4.19677189023421,0.0549959305648351,24.1981074701378,51169.702
4.19684819106926,0.0547872511584951,24.1927589280179,51172.608
4.19662830511073,0.0556008887261812,24.2008258730804,51175.514
4.19676570345425,0.0575855695354166,24.1903791303439,51178.436
4.19689571761488,0.0555837199733468,24.1937040776792,51181.327
4.19667744705423,0.0562705908733505,24.1892466461455,51184.233
4.19660017047533,0.0571314640910175,24.1898130219016,51187.139
4.19689887964885,0.0530682352981144,24.1870567065784,51190.093
4.19693920285781,0.0534653405209196,24.1958474334715,51192.983
4.19676493046249,0.0578615779040669,24.1966859128674,51195.889
4.19695791592565,0.0571128212120302,24.1935485048511,51198.858
4.19692323094504,0.0554535112875047,24.1903626625644,51201.827
4.1967379956123,0.0545069510178644,24.1977137087162,51204.733
4.19695801492803,0.0558002938791052,24.1989095315591,51207.639
4.19669846060781,0.0555962502542046,24.1911061066835,51210.577
4.19681378155198,0.0551650263176535,24.1963880319276,51213.483
4.1969897115599,0.0536669429071882,24.1978087602494,51216.389
4.1970769627752,0.0576370290133825,24.1910550633928,51219.296
4.19646009749529,0.0515246394642897,24.1992917397578,51222.218
4.19692954343192,0.0553167803584715,24.1922035066512,51225.124
4.19687517391973,0.055369381368465,24.1923751909133,51228.093
4.19707013640763,0.0551833590333993,24.1966433021488,51231.014
4.19680508623211,0.0522312092848301,24.1975144785874,51233.936
4.19614399913389,0.0437985686233533,24.1976631569736,51236.905
4.1969868377095,0.0542213518410136,24.1966136571626,51239.811
4.19707514930838,0.0605457704841401,24.1923507562385,51242.749
4.19668494919049,0.0559316299114853,24.1832064574046,51245.796
4.19703216026691,0.0565783152052961,24.1759853253787,51248.827
4.19706753467674,0.0563228659624649,24.1786369174809,51251.858
4.19703867837598,0.055986107835792,24.1865118546107,51254.827
4.19699663117655,0.0548944222654339,24.1936264920257,51257.843
4.19689005047191,0.053835151218631,24.1994536963676,51260.874
4.19697946862839,0.0534598290402232,24.1895360408221,51263.874
4.19688109293497,0.0530620791580301,24.1875362187791,51266.874
4.19707407307456,0.0573239689720769,24.1773456891598,51269.843
4.19584578152314,0.0436339741448044,24.1867458462242,51272.749
4.19700094209901,0.0530727170057909,24.1785718204102,51275.702
4.19706200685171,0.0527977570061298,24.1878925104625,51278.655
4.19697745834026,0.0551238363252262,24.1914758036308,51281.624
4.19724161704949,0.0559491660962804,24.185401971593,51284.561
4.19700413604845,0.0541736962910419,24.1831762930754,51287.53
4.1969860217259,0.0582605611141664,24.1759196529286,51290.577
4.1970095808211,0.0539483046553314,24.1846990147065,51293.577
4.19701560067687,0.0533427274151159,24.1786897652906,51296.561
4.19718342865337,0.0538506860028295,24.1805533151112,51299.546
4.197175711686,0.0536181211264513,24.1789017448674,51302.514
4.19700116609483,0.0542794617228156,24.1765096834003,51305.514
4.19712449146161,0.0544337929732809,24.1781841816825,51308.514
4.19716362389568,0.0531801448010904,24.1758298624606,51311.499
4.197091931838,0.0536716078755494,24.1759382347107,51314.468
4.19611423316083,0.0458601501928607,24.1807008087843,51317.468
4.19701765102795,0.0549631978314217,24.1805129085439,51320.499
4.19685886746236,0.0545854382202167,24.182397446443,51323.514
4.19601260142036,0.0462354514394765,24.1789936254569,51326.483
4.19704232941311,0.0548531166877041,24.1741106181718,51329.483
4.19606067469436,0.0439049580692523,24.1732428925499,51332.436
4.19716608687743,0.0536668184829919,24.1809782779164,51335.358
4.19708727348392,0.0554179492571195,24.1745400137484,51338.264
4.19689030964185,0.0542346733386892,24.1869437071137,51341.186
4.197289749479,0.0567146838212942,24.1816308516793,51344.108
4.19738593722145,0.0549779369814953,24.1742950793016,51347.014
4.19718740258868,0.0524289651804833,24.1724648866217,51349.936
4.19741526048294,0.0534029091794193,24.1715905817002,51352.858
4.19627095301303,0.0438794200710541,24.1725399076411,51355.78
4.19713625087731,0.0559707356556754,24.1700453991551,51358.686
4.19712322485037,0.0549807425847122,24.1745605954776,51361.608
4.19731988922993,0.0562418608558316,24.1768578315259,51364.53
4.19721127717199,0.0521066136054812,24.183510889041,51367.468
4.19730135975062,0.0494833228933115,24.1763570615247,51370.374
4.1973808256351,0.0538064079387103,24.174917005216,51373.296
4.19757401426828,0.0526513946979872,24.1626086683029,51376.218
4.19719019220515,0.05338122678108,24.1630159335863,51379.139
4.19734123446522,0.056110678493085,24.166850019476,51382.046
4.19740784795301,0.0522114890683899,24.1702696203937,51384.968
4.19745886827653,0.0547388835311793,24.1640330819848,51387.889
4.19622969607653,0.045180260520669,24.1659134579752,51390.796
4.19694251682243,0.0552405876176143,24.1576573280465,51393.718
4.19723210270153,0.0551491617697604,24.1639853181874,51396.639
4.19629034129176,0.04536656102322,24.1628845178496,51399.577
4.19541570672807,0.0370145122007571,24.1582785696494,51402.499
4.19572822734568,0.0360915376633297,24.155044466899,51405.405
4.1952322095822,0.0352102618679671,24.1590733427432,51408.327
4.1959730582527,0.0439809116493374,24.1591408496706,51411.249
4.19729631800652,0.0536520367118389,24.1661027887176,51414.186
4.19728696650609,0.0533099989533029,24.1601723416787,51417.077
4.19733026535917,0.0545972354410872,24.160841199981,51419.983
4.1974239333917,0.0535726321660765,24.1612532443201,51422.889
4.19742815657403,0.0534849793291511,24.1641328595775,51425.796
4.19734728832175,0.0542924383184693,24.1588896423662,51428.702
4.19736655903168,0.0558952901450129,24.1654736287562,51431.624
4.19748162623919,0.0527723652545152,24.1596725414479,51434.53
4.19744036785604,0.0552461197485322,24.1617509994028,51437.436
4.1964244649291,0.0458536524739566,24.1660432977663,51440.343
4.19730111935798,0.0535750081827578,24.1611463373213,51443.249
4.19745128056282,0.0524211665672735,24.1714028440999,51446.139
4.19731268475034,0.0527615120543046,24.1646437923117,51449.046
4.19751060312354,0.0557675433510222,24.1666648085446,51451.952
4.1974433943111,0.0525738995217179,24.1684045577013,51454.858
4.19766311780657,0.054655864740321,24.1643977752574,51457.764
4.19746918189106,0.052472196798658,24.1557610633335,51460.671
4.1973900460017,0.0535839423717622,24.1609895579795,51463.593
4.1975302060043,0.0505488174954167,24.1542551121127,51466.499
4.1976685764031,0.0533457384209953,24.1650174935904,51469.389
4.19719163092736,0.0575392743631302,24.1656944368689,51472.296
4.1976213985754,0.0550796739415799,24.1693969369102,51475.202
4.19750399337859,0.0552457757918447,24.1661551610338,51478.108
4.19752386570743,0.0522079488793265,24.1681359161776,51481.014
4.19750420182385,0.0562390677521942,24.1680775297885,51483.921
4.19657562408147,0.0424950629567755,24.1741596809266,51486.827
4.19666488932699,0.0463968044428974,24.153663821265,51489.733
4.1966392003269,0.0466814642471893,24.1634676439205,51492.639
4.19699172268638,0.0441196413612182,24.1613340200204,51495.546
4.19641199402453,0.0459170156426823,24.1650071951946,51498.452
4.1974054877877,0.0531196019672601,24.1613943511676,51501.358
4.19763423505447,0.0542080819108455,24.1715075605806,51504.264
4.19724241175581,0.0549132859091341,24.1634147236788,51507.171
4.19748912543623,0.0534567916873727,24.1639750242028,51510.077
4.19735781733446,0.0522570762430343,24.1535738874368,51512.983
4.19768460526392,0.0546641988658022,24.1542603514473,51515.889
4.19756837593546,0.0542728806452688,24.1608157506044,51518.78
4.19733410640161,0.0534434669970993,24.1591176952138,51521.702
4.19780592522221,0.0523572572183725,24.1692617888809,51524.608
4.19750824896835,0.0547233620337438,24.1615996911032,51527.546
4.19750022862318,0.0551442713397014,24.1509714926029,51530.436
4.19648015917037,0.0461893082135589,24.1529724724162,51533.343
4.19756424072833,0.0544422891188271,24.1411252903807,51536.249
4.19763832879563,0.0566094885381208,24.1494398195328,51539.155
4.19784002272553,0.05072718251498,24.1483392555213,51542.077
4.19653076360266,0.0482385708372862,24.1604878953997,51544.968
4.19806360068967,0.0520192578171689,24.1556915620591,51547.874
4.19769904059928,0.0554272412487336,24.1561407677912,51550.78
4.19656302440499,0.0412220684399849,24.162393358271,51553.686
4.1968197092486,0.0434841825938072,24.1546891787757,51556.593
4.19654156611265,0.0439079823695661,24.1553115319051,51559.514
4.19787759715347,0.0552698542170109,24.1497005931069,51562.421
4.19744879058637,0.0503015333774738,24.1525826347639,51565.327
4.1974276679602,0.0578405141370474,24.1466575333564,51568.233
4.19748802588233,0.0560542281250501,24.1402471002092,51571.139
4.19784909846855,0.0523419156890761,24.1451021536521,51574.046
4.19763803083403,0.0545854694195089,24.1448293828282,51576.952
4.19680625627413,0.0444170814867929,24.145887135773,51579.858
4.19676993827796,0.0431446418041989,24.1524770522965,51582.764
4.19677903214247,0.0452669350957449,24.148751075187,51585.671
4.19584755361278,0.034145815243106,24.1546490315738,51588.561
4.19582843505391,0.0357057407019541,24.149321133528,51591.468
4.19535711108392,0.0368306933843977,24.1537905377368,51594.374
4.19681055963725,0.0445780571235581,24.161452239893,51597.28
4.19670236059104,0.0425848340577845,24.1516578334291,51600.186
4.19664824732855,0.042449290691821,24.1465934672829,51603.093
4.19638766128799,0.0451325390234137,24.1629338213558,51605.999
4.19750869283294,0.0556186887253791,24.1524178130071,51608.905
4.19657298608372,0.0456744041672958,24.1444314260997,51611.811
4.19675842276522,0.0449102281942297,24.1446590054002,51614.702
4.19663620469745,0.0427803198184586,24.133053309964,51617.608
4.19560463836102,0.0338261606006124,24.1318288597026,51620.53
4.19555361471476,0.0325669376591317,24.1339544281277,51623.421
4.19566746728818,0.0354439447545507,24.1344139130481,51626.343
4.19518692786158,0.0377008694632011,24.1281390593319,51629.249
4.19669427008781,0.0433467516649726,24.1306772577932,51632.155
4.19663292357925,0.0419309557811369,24.134528446927,51635.061
4.19665153612638,0.0446218283456391,24.1391883941462,51637.968
4.19637825655251,0.0450767219064868,24.1423252054079,51640.874
4.19736354029165,0.0543392985884039,24.1407205338882,51643.764
4.197323906439,0.0513810748708682,24.1335761607344,51646.671
4.19659233898339,0.0443130834343305,24.1328863839262,51649.577
4.19655549974237,0.0444075055667882,24.130617377914,51652.483
4.19656551850025,0.0440020227935198,24.1410081815779,51655.389
4.19651107533004,0.0410600986101645,24.1390733905884,51658.296
4.19745186532113,0.0536952000198733,24.143335988954,51661.202
4.19760768250823,0.0556999276298752,24.1432588504616,51664.108
4.19767074177205,0.0538018927634951,24.1448045663425,51667.03
4.19762335040243,0.0546512220442556,24.1437364362192,51669.921
4.19674665740707,0.0475543078833101,24.1488140922657,51672.827
4.19680983158147,0.0453656768522526,24.1514491554325,51675.733
4.19566119904403,0.0360604841148559,24.1480194654999,51678.639
4.19566582733487,0.0363792825087966,24.150265263904,51681.546
4.1956761818276,0.0363593472555335,24.1513725191192,51684.452
4.19553415584532,0.0343177322147271,24.1470629654837,51687.358
4.19631575247833,0.0422105561551771,24.1556758559228,51690.28
4.19756200402415,0.0537479905344185,24.1454553976489,51693.186
4.19784685374514,0.0551375884956845,24.150619405891,51696.093
4.19773405659785,0.0518057375722401,24.1541525368056,51698.999
4.19680305427225,0.0444089648585302,24.1516440995763,51701.889
4.19679146733752,0.0451325441256941,24.1577466314692,51704.811
4.19665566138338,0.0443266227891297,24.1530458328458,51707.718
4.19595533003063,0.0352700991187997,24.1529726280152,51710.608
4.19464502177282,0.0271739470135292,24.1442583019246,51713.514
4.19571616788468,0.034104129607728,24.1471151282345,51716.421
4.19547305284795,0.0386931873392041,24.1472226161459,51719.28
4.19655969404333,0.046106634653332,24.1413369539043,51722.139
4.19676683769979,0.0424604529860188,24.1482744892958,51725.03
4.1962522698175,0.0439039736056788,24.1449236556705,51727.905
4.19763736446963,0.0519052612978471,24.1389244355599,51730.796
4.19761091305423,0.0524879945643598,24.1465432670266,51733.671
4.19784454157726,0.0551967861061684,24.143184671907,51736.561
4.19796633097709,0.0554621851179373,24.1503075382494,51739.452
4.19763301222934,0.0532941685796005,24.1398123761174,51742.327
4.19763577522227,0.0524464111171216,24.14834350852,51745.202
4.19759081304205,0.0503549887976457,24.1402237568165,51748.093
4.19732085321057,0.0524097172262468,24.140376289737,51750.968
4.19760689174943,0.0561946839868549,24.143190352845,51753.858
4.198035076762,0.0545236525283508,24.1467043101883,51756.764
4.19791380339742,0.0538219342118941,24.1473350423111,51759.608
4.19768832984835,0.0533583240804287,24.1503005615874,51762.468
4.19796145760533,0.0539673398201208,24.1524225040991,51765.311
4.19762303046896,0.0541658018668646,24.1520128068939,51768.186
4.19795727004582,0.052700949566672,24.1521654171181,51771.077
4.19795343921554,0.051832348991173,24.1501948027923,51773.952
4.19805041960044,0.0536296285722995,24.1528052432908,51776.827
4.19723203344167,0.0427596766194127,24.1458282254825,51779.702
4.19704714501622,0.0413998031010911,24.1393965226336,51782.593
4.19683881789419,0.0445866305196976,24.1291882263798,51785.499
4.19612273791645,0.037745222802126,24.1435585997647,51788.374
4.19582722243793,0.0335889102467803,24.1358006688776,51791.249
4.19604700004099,0.0325729861407618,24.1365550507026,51794.139
4.19605268571261,0.029693359475718,24.1352571247046,51797.014
4.19582752731695,0.0372605604557463,24.1276653655582,51799.905
4.19566567364467,0.0348958498476255,24.1342190386319,51802.78
4.19597355168947,0.0346369535134904,24.1236648648388,51805.671
4.19573901175571,0.0342092916717291,24.1300334652713,51808.546
4.19575836632209,0.0371001361274173,24.1330799925046,51811.421
4.19597512914067,0.0372767411407999,24.1268271502782,51814.311
4.19558779065492,0.0343329971395851,24.1406640710548,51817.218
4.19559446196584,0.0351607194860405,24.1333817658339,51820.093
4.1944264080876,0.0243066007134699,24.1352035243026,51822.983
4.19593242919848,0.0358350399483521,24.1326130520311,51825.858
4.19550074562603,0.0359812480576516,24.1328626741962,51828.749
4.19607982762315,0.045709827810022,24.1398490247572,51831.639
4.19753424502076,0.0537715513300874,24.134677556293,51834.514
4.19759245620028,0.050810479187183,24.1342871996572,51837.405
4.19782171953137,0.0547856265243871,24.139459982302,51840.28
4.19680033336628,0.0421933103457608,24.1311523397411,51843.171
4.19706212358349,0.043899465346229,24.1410511206049,51846.046
4.19666468439194,0.0464214839702892,24.1412256318858,51848.936
4.19655774869499,0.0462853369592045,24.1365710113182,51851.811
4.19593624943164,0.0367123411651187,24.1364134958965,51854.718
4.19593435753661,0.0345823415279346,24.1438271377049,51857.577
4.19579885396595,0.0349462073958907,24.1459544475567,51860.421
4.19567443951485,0.0381601186303318,24.1482373781639,51863.28
4.19538681818332,0.0344926695960766,24.1379977029311,51866.155
4.19665120421622,0.0431975953334947,24.1422083921314,51869.046
4.19596221110328,0.0360309824418305,24.1333848541423,51871.936
4.19579434169492,0.0346232296951976,24.1374205730411,51874.811
4.195423912373,0.0301896274797963,24.1450015614984,51877.686
4.19570565407372,0.0369170909835799,24.1474429367274,51880.577
4.19550870766682,0.0321551595461591,24.1423381398099,51883.452
4.19670640275375,0.045906866393361,24.1323225362374,51886.358
4.19667367961555,0.0470943302830869,24.1382522003873,51889.202
4.195903170134,0.0348159403256504,24.1336579671714,51892.061
4.19533338168312,0.0319350412112197,24.135508746722,51894.921
4.19678872126624,0.0436290477827488,24.1446413046761,51897.796
4.19603149862465,0.03688451090304,24.1417387746371,51900.686
4.1955276562947,0.0357469531459362,24.1367064017332,51903.561
4.19526292550445,0.0344007849912065,24.1402835069138,51906.436
4.19647800700267,0.042510193985323,24.1302820259121,51909.327
4.1958214424025,0.0357420341801677,24.1367675311106,51912.218
4.19553973145452,0.0379737010929504,24.1410027140035,51915.093
4.19666444554889,0.043316838786207,24.1378081088807,51917.999
4.19666808229116,0.0442941436581796,24.1469219940045,51920.843
4.19673153780299,0.0438909925491972,24.1447777155913,51923.702
4.19669016091687,0.0455697102919172,24.1345744343824,51926.546
4.19693942960007,0.047701393925832,24.1359285711953,51929.436
4.19677083262589,0.0446459260196343,24.1322933718412,51932.327
4.19664347859376,0.0444746679592414,24.1433590054336,51935.202
4.19663292601323,0.0459953491790912,24.1377403778174,51938.093
4.19676763273101,0.0411133534880232,24.1363947513936,51940.968
4.19659919573909,0.0395998635219118,24.1435714913654,51943.858
4.19700895603941,0.0429990324555416,24.1328142399348,51946.749
4.1964380412926,0.0443461653832956,24.1225047758253,51949.624
4.19758868911845,0.0557865931516663,24.1214647680809,51952.53
4.19766929808363,0.0512981041006946,24.1241840108984,51955.358
4.19795880637043,0.0524634260202167,24.1115173989402,51958.218
4.19796446002472,0.0536521330167595,24.1231695004213,51961.077
4.19673129704528,0.0476070270545926,24.1278662945774,51963.952
4.19677485994539,0.0440243858520769,24.1228912987679,51966.827
4.19580901402941,0.0348755902047665,24.126127531536,51969.718
4.1963141874187,0.033163423069362,24.1234048384051,51972.593
4.1957802474753,0.0360859273491757,24.1174927914129,51975.483
4.19596074678077,0.0341078914699472,24.1203256559118,51978.389
4.19580565381206,0.0321634700463294,24.1081648509044,51981.264
4.19564458705552,0.0342553170160561,24.1100436806952,51984.155
4.19580522812315,0.0331795860868746,24.1187288292807,51987.03
4.19562658491497,0.0351616536176853,24.1194212042332,51989.921
4.19599042356874,0.029120520638775,24.1270961238584,51992.811
4.19563077739965,0.0313719863419656,24.1226086923251,51995.686
4.19567299449822,0.0361220074578841,24.1268894104072,51998.561
4.19591162482651,0.0351306208118575,24.1220003944193,52001.452
4.19558762220651,0.0385547398241318,24.121802636693,52004.327
4.19559314917787,0.0337085728234163,24.1155053367653,52007.218
4.19572396405307,0.0320694884373636,24.1186284164037,52010.108
4.19544857652809,0.0369749326061017,24.1099458850614,52012.983
4.19673526338419,0.0410179578633985,24.1053479368791,52015.889
4.19660706602546,0.0479982711044095,24.1058796469952,52018.733
4.19578025661561,0.0371586114395554,24.1104447625133,52021.593
4.19573512493911,0.0376686905503917,24.1030612181671,52024.436
4.19568225907039,0.032199363033101,24.0876563155617,52027.327
4.19599477807663,0.0387040461791656,24.0957617923061,52030.202
4.19550843236298,0.0317038877607528,24.1046499129117,52033.077
4.19664323466633,0.0466169104173355,24.113692749778,52035.968
4.19709397264324,0.0468550381409528,24.11468760203,52038.843
4.19676596078726,0.0473799187846869,24.1084605328687,52041.718
4.19695550661852,0.0437078745959077,24.1090656675601,52044.593
4.1968218628823,0.0447309248088823,24.1119992936062,52047.499
4.19697532196857,0.0425353800410358,24.1160599108745,52050.358
4.19551877750829,0.0336126975333339,24.1185182473365,52053.202
4.19669939881346,0.0420743398005573,24.1243128122206,52056.046
4.19703491928669,0.0453755292146644,24.1213652075235,52058.936
4.19702007753806,0.0439682029206544,24.1260179720622,52061.811
4.19681411914937,0.0429226465304254,24.1248383701092,52064.686
4.19685898214405,0.0415751709468892,24.1272418631247,52067.577
4.19667498311946,0.0453721285735608,24.1268636461507,52070.452
4.19698947621945,0.0461926370778577,24.126556283939,52073.343
4.19682790868787,0.0421074712711423,24.1248155810449,52076.218
4.197051105055,0.0424551676447437,24.1256888289101,52079.124
4.1970509048296,0.045592027450136,24.1254088483649,52081.968
4.19691542905043,0.0425889840567168,24.1215300964049,52084.827
4.19710016621157,0.0430629667677901,24.1186766886363,52087.671
4.19717125696952,0.0427922141863336,24.121373562564,52090.561
4.1972560294502,0.0431015155583272,24.1260822386849,52093.436
4.19717061851863,0.0438511741999735,24.1224984348119,52096.327
4.19718852781719,0.0423770835526742,24.1157061095656,52099.218
4.1971222702995,0.0441886824499138,24.1209585552809,52102.093
4.19702288252167,0.0422041295218,24.1212226268978,52104.983
4.19653225838496,0.0406933461710688,24.1264341962576,52107.889
4.19801721621205,0.053506898883501,24.1221681679337,52110.764
4.198043089542,0.0526938019370602,24.1293332407818,52113.639
4.19839535665365,0.0508188715880855,24.1230291619122,52116.53
4.19841904318011,0.0533612631375651,24.1124477968679,52119.405
4.19820170518437,0.051482923608584,24.110676108025,52122.296
4.19854651390028,0.0538776685467988,24.119198636544,52125.171
4.19838728811225,0.0502858022636398,24.1185708055315,52128.046
4.19844285313982,0.0518325017609701,24.1231772273863,52130.936
4.1982590564188,0.0541193561284831,24.1169192575577,52133.811
4.19861947273914,0.0511382709200927,24.1241753476358,52136.702
4.19837530733006,0.0520379466108157,24.1208748647119,52139.608
4.19844077025951,0.049381350155336,24.1173552054023,52142.483
4.19741085466246,0.0422835447365851,24.1215296561943,52145.358
4.19751176014701,0.0428470331333393,24.1189019660859,52148.249
4.1975800723435,0.041202272016988,24.1228737979459,52151.124
4.19714039081453,0.0390751043745406,24.1279116927516,52153.999
4.19742223981942,0.0425026802662294,24.129296342201,52156.889
4.19741495349742,0.0443485892191914,24.1296487285302,52159.764
4.19744383361169,0.0422942110576571,24.1281925574822,52162.639
4.19762673442114,0.0410548816503354,24.1213483762607,52165.514
4.19641846600251,0.0337861715306019,24.1133059989837,52168.405
4.19666309236102,0.0331892834268528,24.1151100990531,52171.311
4.19656208331507,0.0332231858574975,24.1156569308848,52174.186
4.19627217753756,0.0333895043051012,24.1171346964251,52177.077
4.19642961489669,0.0357967862325801,24.1134899839843,52179.968
4.19635519336209,0.0316178118194081,24.115479921385,52182.843
4.19607792160166,0.0340399448359506,24.1178338364038,52185.733
4.19625206624874,0.0329221212722937,24.1130677985673,52188.608
4.19622392452789,0.0358773999817383,24.1130614395066,52191.483
4.19612230620442,0.033806704356439,24.1102645129243,52194.374
4.1952326132145,0.0235664157624606,24.1047889869776,52197.264
4.19621581352194,0.0341424895927833,24.1103068398027,52200.139
4.19608267828639,0.0342663314515771,24.105756144346,52203.03
4.19600085187562,0.0367714145966084,24.1124389543163,52205.905
4.1950840052203,0.0254839192735419,24.1165993402039,52208.811
4.19606414899691,0.0359807805037677,24.1111747562283,52211.655
4.19608459349527,0.0369793247810184,24.1135560330909,52214.514
4.19605863998655,0.0349343976437374,24.1215304338635,52217.358
4.19607184724749,0.0327097842059238,24.1183015116397,52220.249
4.19623948838042,0.0320535770631822,24.1246868212439,52223.139
4.19609985359077,0.0330043855219935,24.1174986970306,52226.014
4.19598344213776,0.0304099985135746,24.1123992655509,52228.905
4.19605282379217,0.0308250357433614,24.1135889300332,52231.78
4.19609820898484,0.0347129612044791,24.107983766117,52234.655
4.19626843332323,0.0337574504372569,24.1069428575872,52237.546
4.19611887002522,0.036230782374783,24.1163876429542,52240.452
4.19599840456853,0.0345260176510788,24.1126927033464,52243.296
4.19615827408188,0.0355512739327356,24.1161623300513,52246.155
4.19600848643919,0.0376855913839888,24.1086705393356,52248.999
4.19618158594599,0.035781068179645,24.1154627983093,52251.874
4.19630350178759,0.0368989769258054,24.1102334734406,52254.764
4.19605276052404,0.0337056645043013,24.116270741575,52257.655
4.19567011283007,0.0349595689823334,24.116786227074,52260.53
4.19636748966523,0.0319002099448837,24.1093412006369,52263.421
4.19597814420333,0.034167012318054,24.1123781359477,52266.296
4.19575606983043,0.0374056453944791,24.1105027039886,52269.171
4.19594140743109,0.0317686452994525,24.1124689326132,52272.108
4.19646506746364,0.0329743871155476,24.1108215541368,52274.952
4.19617872800759,0.034965975230953,24.098907474649,52277.811
4.19611714586167,0.0339970818746385,24.0924503727047,52280.655
4.1960179745953,0.0334425169702361,24.1087045025587,52283.546
4.1953570445588,0.0318490002661787,24.1058743530335,52286.405
4.19660745534224,0.0454742746336883,24.1087704466518,52289.186
4.19675525359327,0.0450455883383368,24.112343616986,52291.968
4.19700943037754,0.0457937419682152,24.1147749961323,52294.718
4.1967569353294,0.0410412651859742,24.1135833746856,52297.436
4.19684451655885,0.0433165321152146,24.108993505462,52300.171
4.19667534471919,0.0425595739317577,24.107926246513,52302.889
4.19658452549863,0.0436047994160269,24.1078558651165,52305.624
4.19739035593073,0.0468303862694601,24.1158994260967,52308.374
4.1970291987594,0.0428028367472251,24.117592676434,52311.108
4.19694794725665,0.0416662311319498,24.1159324357728,52313.827
4.19608413194611,0.0338212870993087,24.1151603777559,52316.561
4.19585625315298,0.0341803272487761,24.1137108369994,52319.296
4.19594517697147,0.0334736235216432,24.122344799727,52322.03
4.19582086166287,0.0350955551915043,24.1195906003245,52324.749
4.19563289737822,0.0331728923504281,24.120330673608,52327.483
4.19564027915303,0.0315721126123038,24.1205150056815,52330.233
4.19563715589273,0.0371044509054159,24.1245088630269,52332.968
4.19581595017255,0.030308309682682,24.1104974245043,52335.686
4.19593780621369,0.0337149099424325,24.1200826968791,52338.421
4.19553938428709,0.0381019712377979,24.1221754214468,52341.155
4.19666747375728,0.0423241667489895,24.1139057402745,52343.889
4.19683054348739,0.0459527664513411,24.1134846248744,52346.639
4.19700120497852,0.0440988224189296,24.1220221602634,52349.374
4.19699769617677,0.0444166469725301,24.1198004609897,52352.093
4.19708309667503,0.0428752272594911,24.1175761635565,52354.827
4.19682291961209,0.042240993864188,24.1127182128443,52357.561
4.1970324084648,0.0415626711938339,24.1107191770993,52360.296
4.19691885323449,0.0425673647931005,24.1156250294681,52363.03
4.19701604747419,0.044650319045549,24.117998764084,52365.764
4.19703271504294,0.0416497301134868,24.1171847994808,52368.483
4.19723189121814,0.0457267135591843,24.1130876445176,52371.218
4.19710559872286,0.0406390410787772,24.117410842457,52373.952
4.19714411298051,0.0430566832810675,24.121628784478,52376.686
4.19720869810309,0.0419727910235248,24.1136772060316,52379.436
4.19715227173004,0.0440119648169094,24.118777419363,52382.171
4.19686009730652,0.041369160635082,24.1182308934758,52384.889
4.19689925968799,0.0438009744400191,24.1145030780538,52387.624
4.19728063127353,0.0412674452286703,24.1271939127881,52390.374
4.19743988648856,0.0437660137225665,24.1206839039604,52393.108
4.1972398084533,0.042268363613807,24.1210407887468,52395.843
4.1971307606553,0.042874852197022,24.1185393000484,52398.608
4.196014166951,0.0319521844306008,24.107704269544,52401.343
4.19571259234141,0.0356556063643387,24.1105648077646,52404.077
4.19617315299392,0.0365255295743603,24.1132450077424,52406.796
4.19628137723141,0.0265029700781356,24.1241076985112,52409.53
4.19662516077356,0.0212128698385814,24.111250810221,52412.28
4.19602303367816,0.0368275524287862,24.1098443405618,52415.046
4.19664619305086,0.0355302140336704,24.1084353143633,52417.764
4.1961686383697,0.0330398879071234,24.1084667309481,52420.499
4.19628829818431,0.0314935412611643,24.1122572294368,52423.233
4.19589623396211,0.0326464352614868,24.1150489971289,52425.968
4.19522961420971,0.0171883178869848,24.1093939703342,52428.718
4.15754497444837,-0.00248195852590573,24.6985979624861,52429.718
4.1575524997258,-0.000526842482207883,24.7006861989907,52439.093
3.90068276586261,-2.01239996444475,24.7633857435032,52449.312
3.87482287287688,-2.01173102418775,24.8575138352306,52458.702
3.85444575283921,-2.01076723428602,24.9528266787514,52468.062
3.83704124115845,-2.00908175981758,25.049936428741,52477.452
3.82167378635897,-2.01317357262809,25.1752029118665,52486.812
3.8078694906122,-2.00963314438549,25.2742039496501,52496.187
3.79511590219914,-2.01128808036217,25.3905561452562,52505.562
3.78355324395964,-2.01278705845602,25.496320099593,52514.906
3.77300213002074,-2.01126765675927,25.6322205753146,52524.281
3.76311917509713,-2.01117073575769,25.7446098792947,52533.624
3.75434553867266,-2.01126753541213,25.8452545874435,52543.031
3.74595251850271,-2.01120577307771,25.9740509414378,52552.421
3.73837234926483,-2.01250290390244,26.0969430746975,52561.796
3.73112205784864,-2.01151949989632,26.2047762729163,52571.156
3.7244303731659,-2.00795890969611,26.3190312228959,52580.546
3.71817683493391,-2.00914438589054,26.4523613689453,52589.906
3.71182741427367,-2.00971612922101,26.591650325574,52599.281
3.70583657738594,-2.01076426316974,26.6752290279465,52608.671
3.69992314831012,-2.00907084810298,26.8090266561433,52618.031
3.69434069641642,-2.01178596673374,26.945946961698,52627.39
3.68884625877232,-2.01199459496573,27.0798846900952,52636.749
3.68315780626636,-2.01047306849362,27.1027764481551,52646.109
3.67756407293088,-2.00735971352733,27.2453462508113,52655.468
3.67197302211818,-2.00877098513255,27.3725478365932,52664.827
3.66633422657593,-2.01029032339927,27.5354542594302,52674.187
3.66087229920564,-2.01002321699813,27.6395722905251,52683.562
3.65535098640266,-2.0108849198321,27.723075641959,52692.937
3.64960732304245,-2.01006442510529,27.8542874097536,52702.312
3.64403269033759,-2.0098846546678,27.9532909369831,52711.671
3.63841908391968,-2.01058974846238,28.0613666998138,52721.031
3.6328443104206,-2.00912802740989,28.179149578751,52730.374
3.62721917526978,-2.00934467525905,28.2255261514723,52739.734
3.62181058750164,-2.00950617731029,28.3231418348484,52749.109
3.61651311032434,-2.01261436949736,28.4095061291046,52758.515
3.61136743571062,-2.01073377903289,28.5079742963995,52767.843
3.6064494566484,-2.01260481190459,28.5403431872652,52777.202
3.60170287077559,-2.01011350167253,28.6114086510414,52786.546
3.59697663935558,-2.01011651157666,28.6528899407996,52795.937
3.59239851451162,-2.01353327260544,28.7327552695282,52805.359
3.58799341610607,-2.01033894922775,28.7760927812444,52814.718
3.58360173291205,-2.01038530507098,28.8706814112722,52824.093
3.57955348374508,-2.01201606087271,28.9104259927111,52833.452
3.57536697222175,-2.01025805714626,28.9180885284856,52842.765
3.57123233542056,-2.00992118011818,29.0216398969936,52852.187
3.56731449070348,-2.01138003432035,29.0545848374635,52861.531
3.56326323399891,-2.00858166570663,29.0923061307319,52870.952
3.55927301262197,-2.00818804878251,29.1142470892365,52880.327
3.55540645372836,-2.01082641608008,29.1699964217876,52889.687
3.5514764015985,-2.01201521370517,29.2104549610865,52899.031
3.54752693969721,-2.01010676092612,29.2586313281777,52908.359
3.54371091168913,-2.0106103778327,29.3124006198909,52917.734
3.54013888144908,-2.00827405610883,29.3121683238304,52927.109
3.53617028089445,-2.01021282968759,29.3890303603507,52936.499
3.5325705430292,-2.01014799917639,29.437753521527,52945.843
3.52876629071099,-2.01180096092407,29.5127920446364,52955.234
3.52493076863136,-2.01079853539643,29.5391908797781,52964.593
3.52136458807599,-2.00944696950608,29.5875217126742,52973.984
3.51768093447348,-2.01299286144571,29.6819122601267,52983.327
3.51400859169023,-2.01099798705693,29.7376636111256,52992.687
3.51028268232354,-2.01164010414216,29.764652732602,53002.109
3.50650634833851,-2.00969186075365,29.795970671049,53011.437
3.50320199466673,-2.01302628475823,29.8970319835044,53020.812
3.49969594002111,-2.01254220782171,29.9451094907376,53030.171
3.49610480010845,-2.01272444161411,30.0452107588698,53039.593
3.49275603560959,-2.01211205403003,30.057543204245,53048.937
3.48922006562957,-2.01114504285779,30.1749657386186,53058.327
3.48589878788738,-2.00997058651472,30.1969199432397,53067.671
3.48258665367446,-2.01145590757563,30.2936453901373,53077.015
3.47918234330252,-2.0123603337439,30.3225921388718,53086.39
3.4758353234315,-2.01061727383286,30.355511446059,53095.734
3.47274772884733,-2.01147738726134,30.4628204391247,53105.093
3.4693680860565,-2.0108697832529,30.5446631297683,53114.484
3.46624901302799,-2.01373631659488,30.5860540860832,53123.812
3.46322747373163,-2.01173098758599,30.6211037410783,53133.218
3.45991459616885,-2.01219201921071,30.7197273252758,53142.577
3.45672868170452,-2.01142053020146,30.7316374155921,53151.906
3.45362806961474,-2.01070849482805,30.8095718831441,53161.359
3.45054412356682,-2.00926777468213,30.9313856766251,53170.734
3.44763675097805,-2.01233698525016,31.0040743271942,53180.093
3.44457072985091,-2.01131592079664,31.0686058252487,53189.452
3.44144761351353,-2.0094325729565,31.0654457163346,53198.827
3.43847287047087,-2.01107034930765,31.1245755484654,53208.124
3.43564645352325,-2.01087414162381,31.1930294002318,53217.562
3.43271981972081,-2.01000887360363,31.268455036347,53226.906
3.4298806074627,-2.01059831864074,31.3426256005039,53236.218
3.42705691187602,-2.01123588627622,31.3522201395674,53245.609
3.42405283900349,-2.01052482003551,31.4232595847164,53254.968
3.42135657511165,-2.00968271755845,31.4864527370809,53264.374
3.41852569543589,-2.01084899636825,31.5922244531163,53273.702
3.41602586861442,-2.00986700916833,31.6501673828664,53283.14
3.41318218588138,-2.01127292304074,31.7102570442163,53292.484
3.41049661680221,-2.0100928230924,31.7676438114923,53301.812
3.40785171124524,-2.00964857613786,31.8188426002606,53311.202
3.40508022765561,-2.00988341954201,31.9016012808186,53320.546
3.40253475758612,-2.01088372170119,31.9469090030777,53329.874
3.3998197574431,-2.01091894101859,32.019984742324,53339.218
3.39722565516483,-2.01185526104372,32.075400844996,53348.562
3.39466661008887,-2.01224552312948,32.1249716727361,53358.046
3.39213932314727,-2.01180222032011,32.189357985367,53367.39
3.38976976891299,-2.00998625202644,32.245438696577,53376.781
3.38704687081143,-2.01177682190144,32.2828181308695,53386.124
3.38468352030098,-2.0107602150567,32.3941627298268,53395.515
3.38205544139369,-2.0110442056468,32.4546486599459,53404.952
3.37954616242936,-2.00975602857631,32.4911962341438,53414.296
3.37714252842667,-2.01048449487346,32.5549329906567,53423.687
3.3746293398575,-2.01324703366634,32.589958630243,53433.031
3.3724099830534,-2.0093485088647,32.6520388050543,53442.39
3.36993517473321,-2.01117169913661,32.7357711022361,53451.765
3.36763633452941,-2.00829880347393,32.7801879786063,53461.156
3.36531611450055,-2.01103705086937,32.8356756140942,53470.531
3.36296024508296,-2.01144985520672,32.893279004463,53479.859
3.36054018935797,-2.01069987400553,32.9667434842798,53489.218
3.35840047231384,-2.0126977557631,33.0236884049867,53498.577
3.35613509022165,-2.01182418546724,33.064033035448,53507.906
3.35384859390359,-2.00918021923387,33.1474884562731,53517.327
3.3517348722873,-2.01043916334406,33.2380937973867,53526.702
3.34950256370697,-2.01015410848989,33.2675050233369,53536.062
3.34716982254033,-2.01128116783318,33.3287848462866,53545.452
3.34496135720599,-2.01154355985541,33.3671016718744,53554.843
3.34282178431602,-2.01163476509247,33.427957579004,53564.218
3.340617052983,-2.01122012632932,33.5161263713179,53573.593
3.33842452645542,-2.0126967923299,33.5726094990721,53582.952
3.33636753360737,-2.01206845983389,33.6077393146003,53592.312
3.33405084417564,-2.01202155008481,33.6522782119004,53601.64
3.33194870799446,-2.00918449222588,33.7226131156411,53610.999
3.32983810511846,-2.01344806705005,33.7675419741503,53620.359
3.32776136188692,-2.01119837858314,33.8695613189395,53629.734
3.32551595591745,-2.01081267219465,33.8930279366451,53639.062
3.32356250212997,-2.01110101554942,33.9692317275574,53648.437
3.321425918986,-2.01137795910985,34.0376278117848,53657.765
3.31912565443383,-2.00909812736898,34.068929000848,53667.202
3.31711037483362,-2.01167541710974,34.1172580137342,53676.577
3.31482981975982,-2.01150808851125,34.1623984979745,53685.968
3.31284384801458,-2.01125758985299,34.2326512922299,53695.359
3.31081624820121,-2.01299366180356,34.3268083752675,53704.702
3.30856707218252,-2.0092094903608,34.34418488807,53714.077
3.3063819839124,-2.00927826603315,34.4504355925265,53723.421
3.30429132447931,-2.01101397622724,34.4766931082659,53732.781
3.30221797484574,-2.00920433066874,34.533682149517,53742.156
3.30011757210152,-2.01173598290202,34.6092661555649,53751.499
3.29775644876528,-2.01101590024504,34.6913367285387,53760.859
3.29558962642687,-2.0107465941192,34.7241078308069,53770.218
3.29344972900246,-2.01012541692967,34.7841992571893,53779.593
3.29122956271029,-2.01068996579838,34.8406057777949,53788.999
3.28918179013888,-2.00994327960437,34.8830516120748,53798.327
3.28702979170373,-2.01055652346783,34.949132557502,53807.656
3.28488789240537,-2.01017857229784,35.0120601890172,53817.062
3.28257289118455,-2.01225496174149,35.0548042845075,53826.421
3.28033269893619,-2.01252797264017,35.1174586768014,53835.827
3.27813160996529,-2.01304629805988,35.1894338832028,53845.187
3.27575573077789,-2.01358503367888,35.253258539201,53854.546
3.27349525639056,-2.01266760503661,35.3008810425912,53863.89
3.27094264644581,-2.00895416691857,35.3652848896063,53873.265
3.26869900050308,-2.00941958212831,35.403361258488,53882.671
3.26632812686448,-2.01023783566541,35.4557177440331,53892.015
3.26405252685832,-2.01079545458961,35.5229216245283,53901.359
3.26173415346978,-2.00917885602729,35.6170751824139,53910.749
3.25918751532126,-2.01043403003419,35.6525673381308,53920.14
3.25691218006576,-2.01169963163819,35.7137199760373,53929.484
3.25433654925927,-2.01047743885268,35.7688073457529,53938.89
3.25191338847188,-2.01071623011248,35.8770658691608,53948.234
3.24939578476604,-2.0105104250141,35.9016363188099,53957.593
3.24686718691163,-2.0100382618649,35.9692323236561,53966.968
3.24432036775886,-2.01038557123588,36.0908589454096,53976.343
3.2418444208297,-2.0084395051521,36.0927425568613,53985.702
3.23911856033537,-2.01010804032294,36.1881193719607,53995.077
3.23634554254311,-2.0097287126463,36.1931888014329,54004.468
3.2336911974566,-2.01146524340339,36.2388750132463,54013.859
3.23096267341773,-2.01078374144525,36.2890145293827,54023.265
3.22807545278821,-2.0107008077703,36.3876271111356,54032.609
3.22541266420337,-2.01063749020854,36.448449587424,54041.968
3.22235478441884,-2.01108276755294,36.481433497077,54051.343
3.21950557067877,-2.01093675116013,36.5985901631054,54060.671
3.2166064110861,-2.01234686443,36.6350323758853,54070.046
3.21343326266467,-2.008819159041,36.7130230157712,54079.437
3.2104594335049,-2.01193932285999,36.7459966369754,54088.734
3.20734943564111,-2.01099497853637,36.8398564459149,54098.156
3.20414634278172,-2.01106284582545,36.9048026129252,54107.484
3.20088582973694,-2.01042699548021,36.9680894955481,54116.859
3.1975536682506,-2.01033863811271,36.9953103774346,54126.218
3.19413567567326,-2.01241521466168,37.0484476296063,54135.624
3.19088010333562,-2.00980937010425,37.1032622679953,54144.952
3.18722353018233,-2.01011055071633,37.170264159929,54154.343
3.18352051671151,-2.00845952804918,37.2647083313325,54163.749
3.17977226388671,-2.00963818025458,37.2850440475016,54173.109
3.17604650879733,-2.01032028925708,37.3713827945461,54182.468
3.17213796825399,-2.01124868807014,37.4566691825427,54191.859
3.16809037046542,-2.01031262455048,37.4995693005129,54201.234
3.16385220719167,-2.01076004287306,37.5488069701619,54210.624
3.15962243442299,-2.00907295422168,37.6502717088806,54219.968
3.15533706100555,-2.00954700341685,37.7192473437846,54229.343
3.15091265991273,-2.00996269084985,37.7643927115804,54238.702
3.14615844141462,-2.00904678696444,37.8160360678121,54248.093
3.14135808190175,-2.00876403976909,37.9587135190694,54257.468
3.13653004162775,-2.0107140368915,38.0224955348956,54266.859
3.13106615873746,-2.01060501272602,38.1067143126892,54276.187
3.12598341343731,-2.0121596464527,38.1205747103483,54285.499
3.12033947437796,-2.00873567933138,38.2244076384264,54294.843
3.11455198289174,-2.01206595157243,38.2626612827875,54304.234
3.10858220405027,-2.01111905936143,38.2693924137035,54313.609
3.10214776966787,-2.01086476714117,38.3649336125594,54322.999
3.09547169321929,-2.01293178248319,38.4751546940456,54332.359
3.08863638755749,-2.0111847103378,38.5232608136771,54341.718
3.08128942915045,-2.0105166354692,38.611005750246,54351.14
3.0736713349336,-2.00933539769658,38.6783669169739,54360.484
3.06581139058291,-2.01175867930403,38.7302286489118,54369.812
3.05730559394892,-2.0106198599461,38.8600698409649,54379.202
3.04793686231036,-2.01145361762381,38.9265258692805,54388.562
3.03835094916274,-2.00976471448687,38.9923912799923,54397.952
3.02811459272069,-2.00982957374251,39.0804329722175,54407.327
3.01732856134917,-2.00933233787222,39.1193556370427,54416.656
3.00602741941613,-2.01283905652487,39.1801250856866,54426.015
2.99368068578858,-2.00998722156136,39.2870691851768,54435.374
2.98100027140911,-2.01107099397384,39.3477262814887,54444.781
2.96730007390251,-2.01132223384777,39.4685569808902,54454.171
2.95243497482245,-2.0114230591902,39.561857450445,54463.531
2.93633153896447,-2.01094053028722,39.7399590042657,54472.874
2.91869005849207,-2.01061435566382,39.7936331822909,54482.249
2.89873355617329,-2.01246283822502,39.9232484934042,54491.593
2.87571559642292,-2.0119870075324,40.0923819466237,54500.952
2.84860305912957,-2.00691868484732,40.0757755659439,54510.359
2.81793629727705,-2.01049752825208,40.1749244512577,54519.702
2.78131517948587,-2.009978984523,40.4069214227983,54529.093
2.73845226950087,-2.0088149381223,40.4451646934633,54538.468
2.68809062019911,-2.00925159612535,40.6035194368689,54547.827
2.62819414318919,-2.01111051828816,40.7856618689044,54557.218
2.55769524690083,-2.01211284237594,40.8950487121446,54566.577
2.47576764553035,-2.01100965993741,41.0174627468871,54575.89
3.05421184716864,-0.000423769574389527,41.1166621407068,54585.437
3.1850938698235,-0.00294065674474082,40.9797734120133,54594.937
3.2690002077533,-0.00316745368756825,40.8201010575633,54604.452
3.32944260865948,-0.00503203206353241,40.7382606480871,54613.921
3.37562695842005,-0.00232239361053133,40.5268302847076,54623.39
3.41207800225474,-0.00213585116695135,40.343091016801,54632.859
3.44247905208198,-0.00266492948323753,40.2526055753867,54642.421
3.46725817531076,-0.00172911928721635,40.0816665568963,54651.968
3.48865011140359,-0.000642824547630651,39.851985783803,54661.484
3.50723921264392,-0.00368876764474203,39.7159254679244,54671.093
3.52298070587466,-0.00243208415395363,39.5876626858934,54680.624
3.5371857784412,-0.00329379586449348,39.3798062772079,54690.171
3.54920262676054,-0.00449674061198369,39.1753427070078,54699.718
3.56045054572925,-0.0013001598108412,39.0614509246362,54709.202
3.57026533347758,-0.000864108109016771,38.8202761155616,54718.718
3.57894832808039,-0.000647879549684808,38.6255024284033,54728.218
3.58683147369543,-0.00345150468835384,38.485214721294,54737.734
3.59413153728245,-0.0034262267230244,38.3550402091854,54747.296
3.60066681718893,-0.00289017322743969,38.2140449439564,54756.859
3.6065231872932,-0.00235778688443057,38.0127207067934,54766.296
3.61197439640432,-0.00242443674989655,37.8606726150046,54775.765
3.61719652384487,-0.00676004193794164,37.6907821933577,54785.327
3.62189605170028,-0.00289217014570404,37.5469870365401,54794.937
3.62602874560692,-0.00301006762529158,37.4838790438299,54804.609
3.62991511553316,-0.00391404175042504,37.3070896208885,54814.296
3.63369089879611,-0.00479894231348378,37.0949572560811,54823.921
3.63700850560596,-0.00422412750569098,36.9747987294084,54833.546
3.64033636165388,-0.00223418558636377,36.7605599668567,54843.202
3.64342522447772,-0.0042404219657073,36.6530742078849,54852.859
3.6462069058666,-0.00125802532967877,36.5466622227365,54862.515
3.64859948149808,-0.00391526182519259,36.4235249559508,54872.124
3.65120143977793,-0.00114944154731754,36.2631884358044,54881.749
3.65361968562471,-0.00332194877925371,36.1377386799233,54891.359
3.65584121513372,-0.00325748022132901,36.016573403401,54901.046
3.65790275865782,-0.00198629892968341,35.8296335781182,54910.702
3.65995333998036,-0.003425779419574,35.6955048020314,54920.343
3.66167891204588,-0.00182144080171956,35.6476178411033,54929.968
3.66347323909456,-0.00362088240467472,35.4767096556677,54939.609
3.66542956824479,-0.00319946812676834,35.4125217923245,54949.281
3.6670873911987,-0.00326442973963353,35.2355362149042,54958.984
3.6685117516179,-0.00400431190052624,35.1177066125028,54968.656
3.67027282367482,-0.00521234849352417,35.0010657430483,54978.249
3.67154085176849,-0.00317545356308131,34.8557488978855,54987.921
3.67283032134201,-0.00335149587274821,34.7668209703752,54997.546
3.67426532058296,-0.000722451851340085,34.7308059619238,55007.187
3.67517545585696,-0.00321259973402152,34.5791419102854,55016.827
3.67689947940283,-0.00535475890947626,34.4435262925171,55026.531
3.67775271411085,-0.00235073923990705,34.3679334837326,55036.124
3.6788205165315,-0.00513664772132941,34.2026654874742,55045.781
3.67994390367895,-0.00175339309629413,34.1746442582693,55055.39
3.68092886727687,-0.00347371044285947,34.041021636328,55065.234
3.6821060633652,-0.00234550786542226,33.9898299110118,55075.046
3.68298580390691,-0.00483419099752375,33.8130482923813,55084.827
3.68387797272146,-0.00532303001467329,33.7325354883823,55094.593
3.68474918041267,-0.00353321584597611,33.6045044467041,55104.421
3.68552486313289,-0.00135420794859192,33.4920272094029,55114.202
3.68636655800692,-0.000571259461471736,33.3786737281555,55123.937
3.68719222439568,-0.00337761571797419,33.2706964795286,55133.796
3.68768400311884,-0.00388803763409328,33.1494290664478,55143.546
3.68853676333268,-0.00237617833305961,33.0780828589229,55153.312
3.68926577123913,-0.00344384047101565,33.0545246123013,55163.171
3.69002579875635,-0.00384563284380349,32.9136411357869,55172.952
3.69039164303949,-0.00428501301259436,32.8057238868249,55182.702
3.69119791027808,-0.00260507414374975,32.7591537726336,55192.546
3.69164305584995,-0.00193926002077975,32.6934823481306,55202.296
3.69210228666289,-0.00191437825319023,32.5964492745291,55212.077
3.69261701294785,-0.00342249332846492,32.4716159240891,55221.921
3.69305943579077,-0.00124476857382908,32.3710969957057,55231.734
3.73199278167429,-0.00318345827515951,24.6856818354636,55232.734
3.31444983877797,-3.80542243113595,24.6827065140794,55235.218
3.87208510726245,1.51762165512633,24.715427807443,55237.843
3.88869116655296,1.51163276259868,24.7351712878589,55240.343
3.89857017010132,1.51376327029639,24.7348811343324,55242.874
3.90583670291399,1.51335155775381,24.7394931462393,55245.343
3.91173060860304,1.50975256805307,24.739741850364,55247.812
3.91699204716258,1.51275594651415,24.7483467140623,55250.312
3.92155156076214,1.51429743004752,24.7446008280226,55252.781
3.92541639832651,1.51558395374092,24.730210640068,55255.249
3.92982642732265,1.51472385856406,24.7424310932686,55257.781
3.93359472484637,1.51376611881571,24.7343470480026,55260.296
3.9371987879631,1.51313400427513,24.7173899918502,55262.827
3.94046282280389,1.51129886631774,24.710216629094,55265.374
3.94339558396525,1.51872500651871,24.7048212076939,55267.89
3.94660006806318,1.51564929953937,24.6908287547493,55270.421
3.94941205616064,1.51286108729905,24.6893710725314,55272.937
3.95238147568104,1.51411086773466,24.6968430593951,55275.437
3.95473445645065,1.51643032931193,24.7117130001554,55277.906
3.95748581197523,1.51332833756935,24.7232210347462,55280.374
3.95997948742137,1.51065174295674,24.7113674140404,55282.859
3.96238654031723,1.50975391692084,24.7140027526683,55285.39
3.96430759729653,1.51637920901559,24.7170518141525,55287.906
3.96714796325427,1.51488669229505,24.6993990831079,55290.437
3.96909021580876,1.51452304969587,24.7176574275369,55292.952
3.97094142764405,1.51475168661332,24.7295737839699,55295.421
3.97315105277987,1.51308840411818,24.7236345557568,55297.906
3.97509049373064,1.51498189366739,24.7195783882012,55300.359
3.97680241513101,1.51316997960844,24.6894383245952,55302.827
3.97860103385861,1.51255727034172,24.6822366424495,55305.312
3.98033464979555,1.51401830395202,24.6826824988333,55307.843
3.98207056037538,1.51559710017688,24.6956449639342,55310.359
3.98439211698343,1.51223894338957,24.7230401193855,55312.89
3.98554697104976,1.51560613092602,24.7301523736059,55315.406
3.9874074524386,1.51452008808832,24.7225833054283,55317.921
3.98883665252731,1.51702980367913,24.7226144664933,55320.452
3.99021740567578,1.51289423432603,24.7228754046316,55322.968
3.99167142666491,1.51203982969235,24.7501722286574,55325.499
3.99290379499394,1.51717200379913,24.7659205070342,55327.952
3.99471691840554,1.510324856516,24.7687529621532,55330.437
3.99593212858601,1.51170542588413,24.7684551550227,55332.906
3.99726059786356,1.51041327392109,24.7589100602602,55335.374
3.99886246817855,1.51806135685977,24.7666025670527,55337.843
3.99993110404434,1.51089947860227,24.7668262428065,55340.374
4.00151506721063,1.51322952165976,24.7586217110537,55342.89
4.00252679378384,1.5145992461397,24.7612200884121,55345.421
4.00390567414579,1.51204599680377,24.7733196093006,55347.937
4.0050540308984,1.50955847980289,24.7924568843169,55350.468
4.00598141499416,1.51262994441758,24.7931424790133,55352.984
4.00724376241473,1.51276542251075,24.7942107209579,55355.499
4.00833035301008,1.51579702097515,24.7856631463534,55358.031
4.00901554385696,1.51162214654237,24.7983840311016,55360.546
4.01025406381415,1.51391852359889,24.8010765013381,55363.077
4.01134779716241,1.51278650167929,24.8111398955272,55365.593
4.01253623386093,1.51453013102268,24.8164332525996,55368.093
4.01356580663031,1.51112150351037,24.8312867967405,55370.546
4.01423488876516,1.51211816374917,24.8150470697412,55373.077
4.01543399434296,1.51505602545496,24.8002910101024,55375.593
4.01665740137014,1.51195629730518,24.7923361339222,55378.124
4.01729189951753,1.51083236548094,24.7854686787203,55380.64
4.01803941855392,1.51088261137469,24.7951252872724,55383.171
4.01861844501376,1.51397598663252,24.7887181473446,55385.687
4.02003206890496,1.51139116074205,24.7998478949756,55388.218
4.02068731819839,1.51467111227803,24.7916044883785,55390.734
4.02162055927618,1.512223706608,24.7922623559266,55393.249
4.02226016816261,1.51430028006645,24.8067060079006,55395.781
4.02329308486913,1.51202569195417,24.8372665174759,55398.296
4.02399742427627,1.51478291566056,24.851680471346,55400.827
4.0246902207216,1.51455944614198,24.8595271474594,55403.343
4.02523154064974,1.51485715410118,24.8790066732073,55405.874
4.02624944756119,1.51606770413198,24.8943798846905,55408.39
4.02657999138094,1.5147777797737,24.9101253132786,55410.906
4.02736915968022,1.5176912359825,24.9229012580055,55413.437
4.02848875563089,1.5106092976626,24.9325167770844,55415.937
4.02923961648569,1.51375228133933,24.9446737503182,55418.437
4.02994840706678,1.51265462777909,24.9543076918819,55420.952
4.03042821972805,1.51192752103836,24.9697019481721,55423.468
4.03144157480052,1.51165469711285,24.974893301263,55425.999
4.03191449128305,1.51619255081984,24.988921705342,55428.515
4.03279962492923,1.51337142219785,25.0024603069614,55431.046
4.03330431038015,1.51224407633614,24.9986335836017,55433.562
4.03398366572387,1.5113678205899,25.0011620356004,55436.093
4.03466675797966,1.5123085455271,24.9853395004182,55438.609
4.03544832811271,1.51480115785567,24.9986190040046,55441.124
4.03606046678677,1.51156187539575,24.9999652553917,55443.656
4.03676238747066,1.51226164550336,25.0092302573912,55446.171
4.03770135145861,1.51235027483188,25.0267300386271,55448.702
4.03781155460872,1.51294778673318,25.0262622337444,55451.218
4.03835552113667,1.51632538256434,25.0391778761074,55453.702
4.03912277205392,1.51076851081613,25.0495415618218,55456.156
4.03989314671612,1.51350457952945,25.0657229946331,55458.624
4.04023718316926,1.51617964383448,25.059676129152,55461.109
4.04104415631773,1.51782741258048,25.0695923468288,55463.64
4.04159239194902,1.5136207626369,25.0618047278188,55466.156
4.04229410094619,1.51379819825585,25.0721708380895,55468.687
4.04292237683131,1.51444194180564,25.0874888509049,55471.202
4.04329431103815,1.50858897241984,25.0820072010624,55473.734
4.04376302895821,1.5135297113688,25.0896965614962,55476.249
4.0441244086282,1.51467715172834,25.0904507905345,55478.765
4.04494208846572,1.51453490556179,25.0881667002599,55481.296
4.04520672723748,1.51676553839466,25.092370027821,55483.812
4.04594330964846,1.51578290327491,25.1015253434904,55486.343
4.04665749711844,1.51417852243148,25.1094618163933,55488.859
4.04798302736668,1.51116997962591,25.1136563746545,55491.39
4.0480995115186,1.51015496959961,25.1263786221615,55493.906
4.04868360194096,1.5151057222966,25.116943429377,55496.421
4.04925833734181,1.51161408481666,25.1146501658979,55498.952
4.04937564692196,1.51530076384493,25.0962109674533,55501.468
4.0501171814608,1.51453297492092,25.0909503164415,55504.062
4.05090005650499,1.51361957840361,25.1027601757034,55506.515
4.05145903713742,1.51173679504481,25.119491722592,55508.984
4.05200325402319,1.5136552624588,25.1319068874104,55511.452
4.05256268211652,1.51115115450982,25.1504979699637,55513.984
4.0529684302056,1.51317331231874,25.1472005011722,55516.499
4.05334638778274,1.51468406715966,25.1468002931626,55519.031
4.05395869485396,1.51401392190901,25.1573728289204,55521.546
4.05458762309208,1.51620789801222,25.163481809766,55524.062
4.05520464149115,1.51102018954944,25.1787729188517,55526.593
4.0556655095243,1.51256211211701,25.1974053030667,55529.109
4.05616729132124,1.5122105994878,25.201033088945,55531.64
4.05674494160063,1.51357438028024,25.1958761399554,55534.156
4.0572216126287,1.51346400673882,25.2137095607222,55536.687
4.05773572103202,1.51313794660512,25.2108374722546,55539.234
4.05840910676279,1.51319812378734,25.2117516252836,55541.749
4.05915672574588,1.51417760903854,25.22677717389,55544.281
4.0594095464413,1.5125664018196,25.2387981329552,55546.796
4.06011371474011,1.51192980599077,25.2469300928327,55549.312
4.06068622016058,1.51342538009547,25.25504072866,55551.843
4.06090760076655,1.51396460481084,25.2829315246417,55554.359
4.06162698177425,1.51104044246947,25.2902098291799,55556.89
4.06194714730754,1.51386382807962,25.2921231653394,55559.406
4.06219634899558,1.51456290493389,25.2961627894709,55561.906
4.06316947442687,1.51133921614038,25.2764043429815,55564.39
4.06363371160827,1.50954353231541,25.2957947522204,55566.859
4.06426891975849,1.50905824088676,25.279082454717,55569.359
4.06481863977775,1.51250669448435,25.2711902513632,55571.843
4.06512354490861,1.51089052792136,25.2782158286111,55574.312
4.06517023508304,1.51593926051215,25.3156422944944,55576.827
4.0658102490075,1.51004277060322,25.314036986217,55579.359
4.06649346774172,1.51241708823507,25.313348062691,55581.874
4.06711530765133,1.51110504309868,25.2917942212183,55584.39
4.06768022670676,1.5108301759599,25.3049675975936,55586.921
4.06796799102196,1.5174822283163,25.3239097360643,55589.437
4.06827009311258,1.51071722450276,25.3409893654541,55591.968
4.06904717440344,1.51634868426458,25.3438394319094,55594.484
4.06933253773177,1.51260187954528,25.365541227963,55597.015
4.06974542221403,1.51517098344225,25.3867075148869,55599.531
4.07069775717507,1.51305469977259,25.394077377737,55602.062
4.07091674852881,1.51719852280446,25.3840471504844,55604.577
4.07154845391944,1.51348463226483,25.377137112358,55607.093
4.07189075783147,1.51192934920317,25.3706150260191,55609.624
4.07273153246802,1.51016665818028,25.3791854676441,55612.14
4.07298277145669,1.51190642263023,25.403652418175,55614.671
4.07365889689373,1.51337411439935,25.4206465059238,55617.187
4.07390435019776,1.51173821165272,25.4211376037581,55619.718
4.07449373513908,1.51267301166497,25.4276683391876,55622.234
4.07538838945864,1.5144717350783,25.4500196904033,55624.749
4.0752568743431,1.51323108275729,25.4704291487366,55627.281
4.07581451309063,1.51020882794046,25.4856603760982,55629.796
4.0760527925234,1.51861572214838,25.5003712270847,55632.327
4.07655720067049,1.51124416328797,25.5174844240026,55634.781
4.07730868768813,1.51232160228167,25.5332795735531,55637.249
4.07804765580489,1.51467038650123,25.524883212965,55639.781
4.07803844917613,1.51389173605429,25.5164169096809,55642.296
4.07877772442997,1.5147633871114,25.5265274094974,55644.812
4.07893296455421,1.5191541807599,25.537759789471,55647.343
4.07945826597977,1.51483092439281,25.5334111289175,55649.859
4.07986131320947,1.51509871392242,25.5225160284011,55652.39
4.08053403602453,1.51225671662212,25.5201087983882,55654.906
4.08105915426358,1.51606282092263,25.518283238908,55657.437
4.08151091532598,1.51321938852998,25.5239486827896,55659.952
4.08217366946151,1.51113041522913,25.5484014927738,55662.484
4.08291884612607,1.50949721976738,25.543060625149,55664.999
4.08283835201548,1.51382617108369,25.5575724817581,55667.515
4.08352525715086,1.51042718882218,25.5768578516996,55670.046
4.08415223473316,1.512563205095,25.583388603189,55672.562
4.08410816469683,1.51848381444084,25.597821945863,55675.093
4.08462103135395,1.51367401178323,25.6108342216318,55677.609
4.0849702541169,1.51761494277666,25.6117641131738,55680.14
4.08602690246737,1.51076696256123,25.6068420084312,55682.656
4.0862099369824,1.51640180309789,25.577770009156,55685.187
4.08665778096714,1.51157337809534,25.5846008673102,55687.702
4.08708454486422,1.51666265613845,25.6114107787073,55690.218
4.08790100945703,1.51047868125921,25.6107308412632,55692.749
4.08834256373414,1.51391707360667,25.6161807582078,55695.265
4.0885384841165,1.51183213222331,25.6243617742777,55697.796
4.08924161707326,1.5129775461037,25.6420124999254,55700.249
4.0894889415199,1.51341158233846,25.6430516549549,55702.718
4.08996759425494,1.51038660974298,25.6341298139396,55705.281
4.09025351126739,1.5125465705923,25.6327736597631,55707.749
4.09119415566235,1.51147148550853,25.6502847413447,55710.218
4.09152347646347,1.51280311884692,25.6423310583028,55712.734
4.09173393545783,1.51323283585965,25.6547722442266,55715.265
4.09221352716654,1.51455837059093,25.6779406053551,55717.781
4.09285479935267,1.51308850733276,25.6740917607057,55720.312
4.09337159107749,1.51114204273755,25.671745620018,55722.827
4.09343374172006,1.51453308486043,25.6744583661945,55725.359
4.09381333090924,1.51458990559389,25.6791085475463,55727.874
4.09447468534942,1.51544558910236,25.6778305147808,55730.39
4.09521681953145,1.51321891194061,25.7055014984997,55732.921
4.09570331538297,1.51174548895205,25.7346034823333,55735.437
4.0962663977701,1.51298992126649,25.7655962163617,55737.968
4.09663062936632,1.51082744186406,25.7632257053395,55740.452
4.09657574173262,1.515220964372,25.7425667809298,55742.952
4.09750116900604,1.51453848068861,25.7238839621159,55745.421
4.09800526702157,1.51529843236218,25.7478237761958,55747.921
4.09869087111492,1.51234754468907,25.7455383088364,55750.468
4.09895835791445,1.51497699114987,25.755634022621,55752.999
4.09917755874246,1.51123151187193,25.776135872041,55755.515
4.09988461019376,1.51241428475727,25.7791430534377,55758.031
4.1000998530532,1.51328800617896,25.7919332415562,55760.562
4.10044117275952,1.51623237501961,25.7933810705622,55763.077
4.10158352136588,1.51079208369379,25.8033876617051,55765.609
4.10169653708965,1.51251567623822,25.8145576642985,55768.124
4.10208712452861,1.51252070115506,25.822739039274,55770.656
4.10278407344711,1.51226814775865,25.8341964890731,55773.171
4.10319975929653,1.51454857008417,25.8330142298438,55775.702
4.10376928063239,1.5122941318732,25.8115583682453,55778.218
4.10397330395124,1.51245604097534,25.8216877855101,55780.734
4.10437232235789,1.51539179569679,25.8300754414522,55783.202
4.10498571789295,1.51459999393608,25.8413594437705,55785.687
4.1053422576824,1.51412819443294,25.8622365816134,55788.156
4.10583215018634,1.51309028727846,25.8731172565259,55790.624
4.10621439088649,1.51399107698224,25.8946612003266,55793.109
4.10684535529428,1.51010343843462,25.9070585452599,55795.624
4.10733112446676,1.51307090502715,25.9108371213146,55798.14
4.10770292904785,1.5146176927511,25.8799478746874,55800.671
4.10842741316479,1.51075534110207,25.8749630622626,55803.187
4.10864308519214,1.51045028872713,25.9029995115164,55805.718
4.10905459897514,1.51586961400729,25.9358299607524,55808.234
4.10967456300853,1.51273928207518,25.9600930737495,55810.765
4.11051257665385,1.51052881690331,25.9759244487915,55813.312
4.11068603956155,1.51258918638615,25.9606065712185,55815.796
4.11098149772402,1.51315829668445,25.9589932132202,55818.359
4.11141747428157,1.51198990230913,25.9735110090311,55820.874
4.11237128980095,1.51429212083704,25.9978337959529,55823.406
4.11280128692749,1.51554168702298,25.9647393209345,55825.874
4.11287635004894,1.51233630187347,25.9647094987122,55828.343
4.11334265166443,1.51163227668608,25.986306059189,55830.812
4.11412893247841,1.51285762429753,25.9659791366638,55833.281
4.1141866982442,1.51415313789933,25.9598060792327,55835.749
4.11446823140002,1.51630083297315,25.9938125163322,55838.281
4.11528087894977,1.5169741688281,26.0165999819999,55840.796
4.11611861347385,1.51549562719383,26.0398803842063,55843.327
4.11645795000394,1.51365925974823,26.0473133298561,55845.843
4.11679319693622,1.51324431595466,26.0446677002476,55848.359
4.11734637335381,1.51969581706848,26.0406383583677,55850.89
4.11779460225482,1.51240377559186,25.9964059330373,55853.406
4.11827712449835,1.51626228452069,25.9802286114949,55855.937
4.11928879979219,1.51313379421412,26.003672049184,55858.452
4.11957253984219,1.51129314412552,26.0363103585627,55860.984
4.12006241308114,1.51219809170585,26.0773744136454,55863.499
4.12042918436573,1.5098064717917,26.0915676493874,55866.031
4.12075094256961,1.51279249385292,26.0931389413314,55868.546
4.12145724978881,1.51189086836385,26.103221594402,55871.077
4.12152756757698,1.51799843148205,26.1088915850014,55873.593
4.12231340603896,1.5140021605213,26.1496240913508,55876.109
4.12284413177716,1.51183728000084,26.1625929389233,55878.64
4.12318765900089,1.51375876629956,26.1729518856432,55881.156
4.12346817243433,1.50974725563206,26.1914483471853,55883.687
4.12405960929457,1.51399401899964,26.195135719473,55886.202
4.12490149963346,1.51105797269432,26.1817687697215,55888.687
4.12528418422342,1.51071367221139,26.1686431861065,55891.156
4.12545506730875,1.51453583129708,26.1729256692926,55893.624
4.12603913838283,1.5147433762712,26.1943617682165,55896.171
4.12658910449297,1.51609341418732,26.224810970165,55898.671
4.12688361744734,1.51540630998821,26.2284336138583,55901.14
4.12766542467095,1.51226622032709,26.2314948928361,55903.656
4.12820318282926,1.51555168407171,26.2447251693292,55906.187
4.12861866044439,1.51091967104247,26.2609155807852,55908.702
4.12882780005017,1.51440170229396,26.2691369326221,55911.234
4.1294833244752,1.51409213651141,26.2948528019511,55913.749
4.13017053893621,1.51482355096769,26.3029244714841,55916.265
4.13042450265499,1.51482091187285,26.3117530105187,55918.796
4.13104007576329,1.51142858639341,26.3116917033544,55921.312
4.13179467721935,1.51338570569031,26.3120006110035,55923.843
4.13190051952181,1.51178818028956,26.3296305235222,55926.359
4.1322758563753,1.51125636925605,26.3297287462359,55928.89
4.13306922869609,1.51762117188694,26.310122511514,55931.437
4.13343871730025,1.51401626724194,26.313412200817,55933.952
4.13397922653579,1.51660306870765,26.3362026329428,55936.484
4.13471021344993,1.51364064558057,26.3239328498847,55938.999
4.13465243032774,1.51695248359471,26.3473648856558,55941.531
4.13557612661569,1.51278837524826,26.3429317270293,55944.046
4.13615682849735,1.51179564384831,26.3454531964029,55946.562
4.13660922633681,1.51256234368232,26.3625738001477,55949.093
4.13695147397716,1.51604322759604,26.3709252264225,55951.609
4.13760655796098,1.51345194489706,26.371535531924,55954.14
4.13821419710556,1.5118261789816,26.3840886583662,55956.656
4.13859098742064,1.51206843871227,26.3879953628264,55959.187
4.13907858933457,1.51261258617291,26.394923235653,55961.702
4.13981064776557,1.51305264393836,26.3953132481205,55964.218
4.1400530604418,1.51300580576008,26.3808566661398,55966.749
4.1405855033342,1.51100374663357,26.3839326655215,55969.265
4.14121290122283,1.51472574522042,26.424008288647,55971.734
4.14146924711964,1.51514703107529,26.398875171984,55974.234
4.14208416510265,1.51242884464881,26.438955959148,55976.749
4.14244522844896,1.51136063232188,26.4556029624977,55979.218
4.14292285977038,1.51513361497886,26.4663241047224,55981.687
4.14345324981632,1.51344933388849,26.4528967780435,55984.156
4.14423083798957,1.51044380264635,26.4243463560429,55986.671
4.1447780083256,1.51376243331708,26.4465143949204,55989.202
4.14518310702088,1.51249107367032,26.4368553572333,55991.718
4.14592642158112,1.51300300040419,26.4618208412811,55994.249
4.146134991903,1.51387587523093,26.4923252595264,55996.765
4.1465674284235,1.51290146501885,26.5197260112926,55999.296
4.1472005003382,1.51257122534815,26.5445482010487,56001.812
4.14762756999917,1.51256962379202,26.5540300603585,56004.327
4.14846708392871,1.51051874573177,26.5485739222444,56006.859
4.14874117684597,1.51268357778734,26.5548755202094,56009.374
4.14922807417143,1.51404481721179,26.5600562739374,56011.906
4.15012386562433,1.51033595459091,26.5505686264558,56014.421
4.15022636850541,1.51323879577547,26.541647067349,56016.952
4.1506866846023,1.51451903545995,26.5490926357822,56019.468
4.1513485602232,1.51472058355573,26.5576396745709,56021.984
4.15183296177386,1.51306074809136,26.5816925228143,56024.515
4.15246162974392,1.51447336596228,26.6140643586352,56027.031
4.15300288642065,1.51433002472296,26.6424640050473,56029.562
4.15327391562265,1.51393400074436,26.6657263067142,56032.077
4.15371260638337,1.51062902236104,26.6747299132648,56034.593
4.15440531051557,1.50918343701712,26.6859186750817,56037.124
4.15479730664986,1.51336366614449,26.6636230162236,56039.64
4.15558894816548,1.51422409241903,26.6680152960155,56042.109
4.15597839178435,1.51476673954288,26.6771840204773,56044.577
4.15639092325207,1.51417785422929,26.682690074903,56047.046
4.15659739568472,1.51305091070288,26.6773410285252,56049.546
4.15768083565645,1.51331542286924,26.6908060845627,56052.077
4.15793348167142,1.51278037813501,26.7067134361327,56054.593
4.15862097715574,1.51268650499007,26.7155353634403,56057.124
4.15959699864084,1.50971321552277,26.7266759202467,56059.64
4.15958666207413,1.50888203080689,26.7287588894133,56062.171
4.15992471396722,1.5132173352063,26.7433805339671,56064.687
4.16047662615708,1.51258785703626,26.7484688024177,56067.202
4.16087503096836,1.51722973181597,26.7346498551977,56069.734
4.16176484853038,1.51500244383059,26.7546252044477,56072.249
4.16199788520335,1.51217948785347,26.7449244045161,56074.781
4.16256511270681,1.51168565367786,26.7801260104437,56077.296
4.16303962806077,1.51332470947462,26.8026679122978,56079.827
4.16397697378281,1.51296694350331,26.8010458602918,56082.281
4.16399971465792,1.51277390761774,26.8153309703248,56084.765
4.16480021171103,1.51421988216231,26.826341643829,56087.234
4.16515282521376,1.51250357944589,26.8031594275286,56089.702
4.16552834739585,1.51768735626623,26.7667949858637,56092.187
4.16623460964621,1.51138169604059,26.7570868502896,56094.702
4.16659546890119,1.51286409888708,26.7878526503757,56097.218
4.16745069681606,1.51302861921974,26.8087500839553,56099.749
4.16782042662223,1.51316072706922,26.7758237557071,56102.265
4.16857148347085,1.51096323586724,26.7817610029629,56104.796
4.16883742371356,1.51275854981545,26.8053747373692,56107.312
4.16914722170929,1.51394412258505,26.7759768816411,56109.843
4.16974989841389,1.51414613485565,26.7966606014732,56112.359
4.17026300430431,1.51514122503722,26.8142578359475,56114.827
4.17107649931532,1.51220286737283,26.8359641732936,56117.374
4.17119133611899,1.51310619946841,26.8225447618058,56119.859
4.17175259970638,1.51441668833289,26.8414055958335,56122.312
4.1724625845223,1.51515892664282,26.8172544974456,56124.781
4.17282672746946,1.51476450157527,26.8159840255322,56127.281
4.17324123874387,1.51523916437549,26.8614710835423,56129.796
4.17390804828309,1.51203654351274,26.8761833525507,56132.327
4.17403597263801,1.5139373186652,26.8721972850212,56134.843
4.17460890006078,1.51629046392001,26.8931684177894,56137.359
4.17533376273228,1.5167655456465,26.9104656965177,56139.89
4.1759980044195,1.51193809028267,26.9192760408004,56142.406
4.17640754529264,1.51186903196542,26.8943302996426,56144.937
4.17716187322703,1.51262799471822,26.9297970146274,56147.452
4.17742844906133,1.51458335205065,26.946019558143,56149.984
4.17801175385966,1.51291698455629,26.9588324317391,56152.499
4.17862322534482,1.51147534602962,26.9817815818867,56155.031
4.17906210860525,1.51279237567875,27.0099332558669,56157.546
4.17932277968316,1.51358159112969,27.0081777672123,56160.077
4.18011520471714,1.5136580312217,26.9795991208585,56162.593
4.18059846984411,1.51244797486169,26.9961994362708,56165.109
4.18092004958315,1.51617925062628,27.0197973587477,56167.64
4.18129232420486,1.51559375994553,27.0166086984054,56170.156
4.18198617615332,1.51531999883314,26.9820582317031,56172.687
4.1824321474092,1.51432196235912,26.9663477385941,56175.202
4.18352793659292,1.5129858527528,27.0049158056903,56177.718
4.18360856270284,1.51429298734242,26.9998732100476,56180.249
4.18415120324596,1.51391514571979,27.0342101669218,56182.765
4.18435814954297,1.51073638809412,27.052233680156,56185.296
4.18499432469199,1.51498795872714,27.0933992515818,56187.812
4.18555826078573,1.51255226746124,27.1252614351252,56190.281
4.18593188339507,1.51338779312286,27.1359709885229,56192.781
4.18652705112723,1.51145939316898,27.122407598722,56195.312
4.18714593526366,1.51069983773604,27.0518440779331,56197.765
4.18733676439739,1.512395820996,27.0692656782398,56200.249
4.18800986674485,1.51166435945588,27.0597735932826,56202.702
4.18824944044311,1.51372052625023,27.0953545475966,56205.171
4.18884984824593,1.51293905383756,27.1357129607045,56207.656
4.18934862505168,1.51189210001068,27.1362102398307,56210.187
4.18989200577086,1.51280299472143,27.1061213115169,56212.702
4.19031636402863,1.51370192010782,27.0952757924385,56215.218
4.19098345045883,1.51267819888919,27.1004056768765,56217.749
4.19102369295526,1.51215880669369,27.1092993027386,56220.265
4.19181925833771,1.51156921607318,27.139820429044,56222.796
4.19236618113235,1.51317820123592,27.1744468911837,56225.312
4.19273329983356,1.51260832652414,27.1689145705123,56227.843
4.19309013883027,1.51638914718505,27.1697223585264,56230.359
4.19374795018915,1.5107783979965,27.2057438980959,56232.952
4.19434716271511,1.51133299188469,27.2411989682042,56235.468
4.19492484169059,1.5124143570628,27.2606715260774,56237.984
4.19539067610939,1.51389250283141,27.2569204473581,56240.515
4.19568024924535,1.51209108364117,27.2360919741978,56243.031
4.19629428819022,1.51184890454213,27.2622862672222,56245.562
4.19689978717029,1.5122825474296,27.2589657765023,56248.077
4.19709455565696,1.51343200090364,27.2613727247452,56250.609
4.19769934812918,1.51285981064481,27.2221028058398,56253.124
4.19783549929586,1.51413494480876,27.2473570224326,56255.656
4.19853984473016,1.51350700282926,27.2652199273424,56258.171
4.1989128838643,1.51300607198563,27.2324936258249,56260.687
4.19966597280245,1.51322235360614,27.2691496149674,56263.218
4.19988749479903,1.51192776275006,27.2757041520141,56265.687
4.20031404307379,1.51666852807696,27.3084177771796,56268.156
4.19717960143505,1.47960201977622,27.3030462213461,56270.999
4.19729692433961,1.48339786494669,27.3286596207518,56273.562
4.19749390331635,1.48105325196274,27.3677017086899,56276.109
4.1978169207819,1.48030102422918,27.4179016033386,56278.687
4.19807531330426,1.47823402000969,27.4437078419027,56281.249
4.19831287287593,1.4781960506364,27.4499246116179,56283.796
4.19820326654786,1.47827099114662,27.4202332231709,56286.359
4.19837535809892,1.47807049690803,27.4011850373064,56288.968
4.19903050959512,1.47658779202975,27.4095453906525,56291.624
4.19933517463212,1.47597286029196,27.4233445511051,56294.234
4.19956094702038,1.47497733361437,27.4294631451276,56296.796
4.19880447953499,1.46852411500364,27.4140867881805,56299.359
4.19898082638664,1.46767821381629,27.3968318407947,56301.921
4.19927123020773,1.46581198887663,27.4345799317319,56304.484
4.19941680195196,1.46431361994146,27.4284731155065,56307.046
4.19975378452666,1.46409367680173,27.4204686484826,56309.593
4.19900993489186,1.45640775187564,27.4532240498941,56312.156
4.19899949986996,1.45538954250103,27.4300639504728,56314.718
4.19946274222884,1.45537659334615,27.4527703116601,56317.281
4.19963985413449,1.45549408792986,27.440044401212,56319.843
4.19905390084941,1.44530808829116,27.4474670389692,56322.406
4.19908145894289,1.43975814162775,27.4637417717829,56324.984
4.19926535725593,1.4438187315751,27.4884639113569,56327.546
4.19926420023218,1.44296596715044,27.4703354580966,56330.109
4.19963874933964,1.44102142856267,27.4720050927828,56332.671
4.19888706010496,1.43233820541496,27.4897482797322,56335.234
4.1989006566893,1.43254555149302,27.4909404665331,56337.796
4.1991658003601,1.43222166376852,27.5284203819103,56340.359
4.19933426783019,1.43174307483463,27.5336463793023,56342.921
4.19964095269778,1.43247080819855,27.5724998996403,56345.484
4.19857065699023,1.42304821254449,27.5946697396006,56348.046
4.19868303133707,1.41903210220092,27.5617425684075,56350.593
4.19904298143509,1.42201149313849,27.5637966680221,56353.156
4.19901772608593,1.4194920824772,27.582442229638,56355.718
4.1992885664897,1.41998942201987,27.591545577759,56358.312
4.19969741448962,1.41934570322004,27.6105788472901,56360.874
4.19865944385047,1.40946528155656,27.6169839059176,56363.437
4.19885406533587,1.41244667994281,27.6010378123678,56365.999
4.19901155309518,1.40867946759221,27.6083010365861,56368.562
4.19921351986897,1.41128270600313,27.6346655324784,56371.124
4.19948446049448,1.41019265856013,27.6382134599536,56373.671
4.19963221445545,1.40731089671907,27.598402770238,56376.234
4.19904050246665,1.39980173304286,27.6384921068201,56378.796
4.19886167240434,1.39777779175785,27.6555112126241,56381.359
4.19892251346482,1.40010154876888,27.6156212066348,56383.921
4.19924571125913,1.40010224766283,27.6200077440145,56386.484
4.19968158849974,1.39711207778565,27.6522617945305,56389.046
4.19951005736785,1.39839627580933,27.6680553064302,56391.609
4.19966994452266,1.39877432639892,27.6922863178158,56394.171
4.1998783628238,1.40006265785802,27.6959242824821,56396.734
4.2003699380952,1.39499360331011,27.7104895117513,56399.296
4.20031809378523,1.3967410130262,27.7119461350175,56401.859
4.20050712619991,1.395112091161,27.7183010717406,56404.421
4.20111269819933,1.39519703482767,27.7288844280418,56406.968
4.20007047775879,1.38610259966391,27.6974165838484,56409.531
4.1993222951418,1.37598639324795,27.6947719592335,56412.093
4.19934116085322,1.37387903163684,27.7008464154447,56414.656
4.19936792135414,1.37476770671013,27.6942831890957,56417.281
4.1993388182986,1.37479386738936,27.7097790030617,56419.89
4.19959596130661,1.37349278607055,27.7260888947621,56422.484
4.19940115152205,1.37280613021795,27.7399407794325,56425.046
4.20021078459366,1.37277038973767,27.7493007308913,56427.609
4.19984144654412,1.37276497684043,27.7385096859702,56430.171
4.20037432044028,1.37204445212148,27.7513502521758,56432.734
4.20046299806205,1.36912262543254,27.7328501060121,56435.281
4.2005862415382,1.37250159591957,27.7538844742197,56437.843
4.19984302769789,1.36559578947139,27.7635897149916,56440.406
4.19919685612568,1.35533038954323,27.7757974083344,56442.968
4.19886792735642,1.35249373815613,27.754850324724,56445.531
4.19928721506036,1.35251806679108,27.7821044223833,56448.093
4.19924576779856,1.35337972938531,27.7629439557333,56450.64
4.1992972951131,1.35012906339795,27.7674490600632,56453.202
4.19967516070171,1.34931658066095,27.7668268019178,56455.765
4.19967584521777,1.34874341444317,27.7723151822399,56458.327
4.20004222629665,1.3527785391454,27.8108818713551,56460.89
4.20015507464963,1.35274723572247,27.8123168972378,56463.452
4.20025256427566,1.34664857673953,27.8152001583674,56466.015
4.20041910579263,1.34965969316983,27.821286878513,56468.577
4.20072875010101,1.34908352533875,27.8060300779638,56471.14
4.20000666904694,1.33944166834407,27.7415706791996,56473.702
4.2000534217872,1.34112119350233,27.7137238258074,56476.265
4.20008726514592,1.3401548478416,27.7461075815095,56478.827
4.20034907386994,1.33728866316032,27.8048997386694,56481.39
4.20025506123114,1.34015014862096,27.8555658849558,56483.952
4.20074734416838,1.3382633422857,27.8611043026092,56486.515
4.19969308736257,1.32926506051813,27.8826261598063,56489.077
4.19982165110618,1.32615712176618,27.8948997561145,56491.624
4.19987789178685,1.32834361326047,27.8944915695772,56494.187
4.20008552284368,1.32759127937672,27.8738102617659,56496.749
4.20033693850772,1.32756292440102,27.9075147052707,56499.312
4.20059191807137,1.32872226950087,27.9145069791016,56501.874
4.19973576710849,1.31764398817524,27.840459434911,56504.437
4.19953285406255,1.31961920861909,27.8153640518176,56506.999
4.1996429980539,1.31611900853487,27.8278038538472,56509.562
4.19998284563833,1.31714887046565,27.8274644064502,56512.124
4.20000583951998,1.31696537490887,27.849643024247,56514.702
4.20035514899657,1.31472075541446,27.8899331151054,56517.249
4.20043318234015,1.31354736509408,27.916877657864,56519.812
4.20084027749348,1.31522938150532,27.9045732900135,56522.374
4.20018550521714,1.30843092983359,27.8707963199798,56524.952
4.19919623619951,1.29615399324092,27.8807051667102,56527.515
4.19907978291563,1.29782211439012,27.9046715204925,56530.077
4.19912023113339,1.29727345128251,27.903833680112,56532.64
4.19917209378312,1.29375894106526,27.8961192535121,56535.202
4.19944354785424,1.29675019087531,27.9269139407365,56537.765
4.19948348617839,1.29741812392687,27.8354413447898,56540.39
4.19955530963344,1.29344813541764,27.8820502053237,56543.031
4.19992472762441,1.29636576063369,27.8836026292,56545.64
4.20012988504885,1.29432012605219,27.8647936205758,56548.202
4.20039806637515,1.29271040184605,27.9057946691665,56550.781
4.20031027119154,1.29420126407948,27.9276286629675,56553.327
4.20029865796114,1.29204567125936,27.9292811094036,56555.89
4.20057151361785,1.2926876110434,27.9257233076585,56558.452
4.20024260718151,1.27920357092715,27.8762135880765,56561.015
4.19995299980836,1.2831946271884,27.7691784025164,56563.577
4.1998970496439,1.28206165797016,27.791765685629,56566.14
4.20010918905683,1.28250385254432,27.8582010708261,56568.702
4.20038012829673,1.28311287812553,27.9195102292798,56571.265
4.20051489181774,1.28280094821582,27.9682797958367,56573.827
4.20073665868419,1.28057832793333,27.9533489224549,56576.39
4.19994350094386,1.27225969473104,27.9576741400491,56578.952
4.19983945287308,1.27226951389139,27.9887006570709,56581.515
4.20029690732136,1.27113028323531,27.9429137832564,56584.077
4.20023880862087,1.27190311031698,27.9531767410968,56586.64
4.20028947338918,1.2708237369121,27.9540579691314,56589.202
4.20049658411298,1.27106883924567,27.9847604869752,56591.765
4.20077768531869,1.27273058837809,27.9967494112022,56594.327
4.19997948322109,1.2597329105036,28.0172630479601,56596.906
4.200048123941,1.2575055359745,28.0232491518978,56599.468
4.20017532554616,1.25851595922862,27.9540916127839,56602.031
4.2002187955113,1.25955405778946,27.9801501888385,56604.593
4.20033304792858,1.25812652157358,28.016197965391,56607.156
4.20053410480724,1.25941148476178,28.0370111039201,56609.734
4.20069235681354,1.26042185828236,27.9984746939766,56612.281
4.19999051739478,1.24767683761372,28.0392025617799,56614.843
4.19985470552858,1.25140566310576,28.0326337758978,56617.406
4.19994021747562,1.24908532074264,28.0056168031829,56619.968
4.20015998275393,1.24680912425168,28.0248057760588,56622.531
4.20042797316851,1.24943054343429,27.9880798770248,56625.093
4.20061753292171,1.24491121800787,27.9597987155827,56627.687
4.19984309049458,1.2353856826136,27.9466884541459,56630.249
4.19959032809651,1.23706322460238,27.9470398850281,56632.812
4.20000477621616,1.23679493088735,27.9510511097095,56635.374
4.19994062872047,1.23657058072918,27.9902619983131,56637.937
4.20008576352126,1.2371093906334,28.0139601462068,56640.499
4.20022468997705,1.23639176892395,28.0160006006647,56643.062
4.20021877145647,1.2354380026671,28.0606097361538,56645.64
4.20043170768866,1.23543996722206,28.0818719602104,56648.187
4.20063563566774,1.23569631025682,28.0879771981591,56650.749
4.19982563867488,1.22534862411427,28.0829549976379,56653.312
4.19982446943379,1.22528378826967,28.0699621459008,56655.874
4.19996583661629,1.22362233337415,28.0851288487937,56658.437
4.20034066266707,1.22391265626959,28.0302412077307,56661.015
4.20027525550967,1.22474017964345,28.036721616887,56663.577
4.20046579316597,1.22337507536708,28.0577773301204,56666.14
4.20048326559358,1.22352725024801,28.0607048069548,56668.702
4.20080862514618,1.22336960354336,28.0460003813037,56671.265
4.20108687022664,1.22051730127905,28.07282703818,56673.827
4.20100482175115,1.22122835539162,28.0780279673516,56676.39
4.20130510285961,1.21796194949198,27.9882755308763,56678.937
4.20139804996768,1.22392133659796,27.9872301691003,56681.499
4.20131808197705,1.22131333003526,28.0239093235535,56684.062
4.20188175270591,1.21936966362587,28.0409844222764,56686.656
4.20115237983248,1.21197975052596,28.045522321919,56689.281
4.20018753359569,1.2017630300094,28.0862659146529,56691.843
4.19975532131662,1.20190459154582,28.0979543572603,56694.406
4.20039508629285,1.20277715207541,28.0794492145657,56696.968
4.20036157554967,1.20030058009001,28.013347780406,56699.531
4.20044015394001,1.20332494788877,27.9934169832284,56702.093
4.20071853338241,1.20162377591927,28.0131756116039,56704.656
4.20071009111839,1.20203458906656,28.0680081281398,56707.218
4.20073051224489,1.20000472908392,28.1302933138315,56709.781
4.20131479576456,1.2007135228361,28.1283827831173,56712.343
4.20121348670409,1.2015555620167,28.090323961128,56714.89
4.20164983724825,1.20177851844138,28.1040111332025,56717.452
4.20046022556736,1.18970206886355,28.0893983677734,56720.031
4.2004715302863,1.18962694519673,28.0930336867537,56722.593
4.20066385815078,1.18899238637676,28.0845530978781,56725.14
4.19992849959338,1.18053123667995,28.1228773841938,56727.702
4.19900747600951,1.16992598935051,28.1366635389992,56730.265
4.19889667816594,1.16952850720534,28.1478524382166,56732.827
4.19918012132451,1.17125005292245,28.1661964252406,56735.39
4.19905174160248,1.17077261091399,28.1714926427342,56737.952
4.19932295622149,1.17011491479702,28.1450729469081,56740.515
4.19946905475057,1.17113672927697,28.1323541468172,56743.077
4.19963656098302,1.16937332860773,28.1368717036871,56745.64
4.19960790492837,1.16775819154286,28.1368916929898,56748.249
4.19958081584402,1.16931222961878,28.1425982566815,56750.843
4.19999929272497,1.16878346458345,28.1390513751967,56753.406
4.19996027414586,1.17230474257229,28.1402916158288,56755.968
4.20009457740772,1.16770173953268,28.1399388232722,56758.531
4.20021502000448,1.16785376219871,28.1587637131243,56761.093
4.19941893115,1.16007583269697,28.1631262283762,56763.656
4.19945048088849,1.15910989757286,28.1452449006791,56766.202
4.19962273051815,1.16088656676269,28.1530266226837,56768.765
4.19951131367919,1.15721990225376,28.1418107525686,56771.327
4.1998401143173,1.15720333376841,28.1552489685666,56773.89
4.2002444880357,1.15769304948802,28.1707844818321,56776.452
4.20027335448002,1.15692361651964,28.1331801582957,56779.015
4.20007800038725,1.15519140115597,28.105630392458,56781.577
4.20070402134628,1.1555609151324,28.0692498679119,56784.14
4.1996681947473,1.1454463615014,28.0981313995948,56786.702
4.19976175033616,1.1448605349605,28.0972311424144,56789.265
4.19847758808796,1.13588282141375,28.0922230951194,56791.827
4.19792961975201,1.12816452158615,28.0628528201864,56794.39
4.19787580756037,1.12764715244995,28.0574673015052,56796.952
4.1981865678463,1.1289399339657,28.039223890748,56799.515
4.19819469423389,1.12524035618105,28.0718324603981,56802.093
4.1987720528839,1.12524774091395,28.0790360147043,56804.671
4.19841527851999,1.12205874894477,28.0476997538458,56807.249
4.1981144387182,1.12882456209393,28.076525654132,56809.796
4.19747988451232,1.1207455837904,28.1208192443584,56812.374
4.19729051001338,1.12016756459953,28.1423012109134,56814.937
4.19789571110921,1.11208923637809,28.1725657810006,56817.859
4.1977493282139,1.11850369530602,28.180203580562,56820.593
4.19769531778239,1.11383753949748,28.1910327634831,56823.265
4.19804782818272,1.11553044985913,28.1769242685439,56826.015
4.19807498032641,1.11558057655718,28.1572586256768,56828.687
4.19778327663359,1.12327071884008,28.1755808981513,56831.406
4.19839422559576,1.11418761544599,28.1765597990354,56834.077
4.19818570946522,1.10980279089003,28.1330574961839,56836.812
4.19773226316451,1.10537527816801,28.0283013159956,56839.577
4.19778568738355,1.10388119632967,28.0849725236961,56842.296
4.19749339954905,1.09218813661224,28.0953383702621,56845.031
4.19710066017091,1.0946263926465,28.1031484968435,56847.749
4.1965828002719,1.0817811737028,28.1413261860236,56850.421
4.19635603688479,1.08020346134145,28.1100070150015,56853.14
4.1962296006681,1.08470027001306,28.1041671587786,56855.812
4.19616073786131,1.08607073908905,28.1350102574829,56858.562
4.19611982610376,1.08995223712467,28.151105256911,56861.265
4.19635786085902,1.08237687449245,28.1725659430403,56864.015
4.19642702909918,1.08585426233927,28.1851497798502,56866.687
4.19645700721077,1.08760355856213,28.1953118944057,56869.452
4.19681191664813,1.08915116353635,28.1858784123054,56872.124
4.19688770951068,1.08552347812651,28.1743236626262,56874.843
4.1970273526023,1.08435801563347,28.1841638757897,56877.515
4.19707640171137,1.08443618143369,28.1811555559309,56880.249
4.19724492582211,1.08454995488128,28.1824715177808,56882.952
4.19732747557121,1.08500235868621,28.1861155829303,56885.671
4.19763466146805,1.08138265128155,28.1854747750609,56888.343
4.19761335468663,1.08468925835936,28.1686516067884,56891.062
4.19758814989184,1.08231856903423,28.18038704058,56893.734
4.19786074576722,1.08007590693648,28.2254410182454,56896.499
4.19806992855193,1.08128718069194,28.2295694549586,56899.249
4.19829732320864,1.08103998276966,28.1883286945132,56901.999
4.19764671022971,1.07097376490761,28.1913423823722,56904.734
4.1977136042942,1.0722433829577,28.19650272937,56907.468
4.19797157915232,1.07305734168791,28.1399319398831,56910.124
4.19810277408968,1.07179109977548,28.1077966352585,56912.859
4.19785813705601,1.06979655705448,28.1348516526252,56915.531
4.19835425454178,1.07042524123571,28.1626018164218,56918.296
4.19850944233588,1.06962106889463,28.1637830143095,56920.984
4.19873577976034,1.07093320572754,28.1674907133233,56923.718
4.19863081458045,1.06934761473897,28.1748500762707,56926.39
4.19788954999574,1.05860267338031,28.1636928426346,56929.109
4.19825648399751,1.06221259234753,28.1953074697519,56931.781
4.1980859938339,1.05784948527073,28.1904470895734,56934.515
4.19757792593262,1.05146869396266,28.2048671139325,56937.187
4.19749315526758,1.05041624469526,28.1642369298843,56939.937
4.19632000722777,1.04240864731885,28.1475484269121,56942.64
4.19529705433794,1.03327106199081,28.1417115007857,56945.359
4.1965902029234,1.03875355088248,28.1611541304473,56948.031
4.1964742604865,1.04161021147743,28.1668815565466,56950.765
4.19781522105178,1.04971629197471,28.1734429019769,56953.437
4.19804155112587,1.04687842048,28.1260312076122,56956.156
4.19809121804448,1.04868493994836,28.1248792874114,56958.827
4.19832377869017,1.04809679331048,28.033781511903,56961.593
4.19853339151815,1.04714366256307,28.0426021404216,56964.265
4.19856336522978,1.0458728364048,28.133004914012,56966.984
4.19871924968551,1.04562532885697,28.1634460072499,56969.687
4.1987516442248,1.04603564845935,28.1640465602757,56972.452
4.19898511174784,1.04776086935655,28.1447908369704,56975.124
4.19842273353572,1.03525591880748,28.1658182598961,56977.859
4.19755621572864,1.02485356894968,28.1693706617197,56980.531
4.19639032217099,1.0172788351127,28.1702432242774,56983.249
4.19738124865871,1.02883389798746,28.1611403772022,56985.968
4.19771019058757,1.02729389165434,28.1843603418737,56988.64
4.19765124433067,1.0243715629441,28.1869984875064,56991.359
4.19814853801034,1.02594043789195,28.1750716870515,56994.031
4.19799401699103,1.02377517226835,28.1631321580625,56996.781
4.19854252074666,1.02711018414757,28.1834804350257,56999.484
4.19819398557203,1.02835842518541,28.1905928907196,57002.202
4.19872007104905,1.02561027086902,28.1844712362174,57004.937
4.19892601168238,1.02581697261465,28.183959144948,57007.671
4.1989393437623,1.02551271747928,28.1305493218172,57010.343
4.19906552853851,1.02443974062477,28.0565758887274,57013.062
4.19924910523539,1.02437111533177,28.0501959158786,57015.734
4.19932068578707,1.02586383176651,28.0868570657353,57018.468
4.19966859875062,1.02097465447062,28.0843127759318,57021.156
4.19988589678426,1.02102375994386,28.1195291765185,57023.874
4.19982232472393,1.02341207526173,28.1423394308886,57026.546
4.20023001192946,1.02284236408909,28.129118143426,57029.312
4.20044055554602,1.01971291280207,28.1275962252862,57031.984
4.20057170463146,1.02043991059377,28.0834211396864,57034.702
4.20060650253992,1.01844401093002,28.1373639683066,57037.39
4.20074785461069,1.01715169860647,28.1602314383844,57040.109
4.20096351656281,1.02029292736319,28.1599213684441,57042.812
4.20133602118332,1.01717758860751,28.1717788078549,57045.546
4.20042483669376,1.00674370911189,28.1568575512906,57048.218
4.20069155948686,1.00702988054613,28.1777164279681,57050.968
4.20093650980011,1.00854655458843,28.1580525040001,57053.64
4.20081567737894,1.00941598325589,28.1410840115008,57056.374
4.20063640381093,1.00773630456992,28.1332692220674,57059.062
4.2016921240333,1.00669876892925,28.146321960279,57061.781
4.2004068543442,0.997384565462204,28.1476895746513,57064.484
4.19929604973929,0.989264438154205,28.1322576479388,57067.202
4.19948248604302,0.99059073415843,28.1665807037175,57069.874
4.19945383595356,0.989162083001752,28.1728355554067,57072.609
4.19963395248494,0.98663497971555,28.1529503115484,57075.296
4.1989343076843,0.978304265170202,28.1730182912838,57078.031
4.19768558494951,0.968557037808864,28.1653411867756,57080.749
4.19699291353289,0.95879739904519,28.1097129271608,57083.421
4.19697336593457,0.956794075062583,28.0919011290485,57086.156
4.19707055132267,0.958247577765502,28.1381608257974,57088.827
4.19698358619202,0.958715457198324,28.1645891345147,57091.562
4.19686339363308,0.959770524042361,28.1576022068598,57094.234
4.19714514690258,0.95777091878432,28.1434141339252,57096.984
4.19710079831866,0.955767963137239,28.0913443745046,57099.687
4.19715679254056,0.957921496783092,28.0506753210855,57102.406
4.19771618448934,0.959897228316619,28.040001017102,57105.109
4.19691082966456,0.949931415351532,28.0218548193191,57107.827
4.19580752841718,0.941680130327619,28.000251070621,57110.499
4.19645384650964,0.948349086164945,28.0265410483071,57113.218
4.197017327052,0.951507056968524,28.0665125890837,57115.89
4.19581113408189,0.938639070404526,28.0989279711011,57118.624
4.1968661926198,0.949148498307404,28.0970343219358,57121.296
4.19625430734415,0.937083177286621,28.0977644348989,57124.062
4.19732058052576,0.949646634541097,28.1086659610553,57126.734
4.19620033067019,0.935501733952316,28.1223174416993,57129.452
4.19707944244166,0.946259112384363,28.1231262912573,57132.156
4.19638295014491,0.938028471453014,28.1352427961083,57134.89
4.19759372935316,0.947207733737347,28.1391117064761,57137.546
4.19660679514264,0.936677934481704,28.1472579153744,57140.281
4.19684055155636,0.937382563343026,28.1377091772778,57142.952
4.1972986707003,0.935380725045237,28.1244391793806,57145.687
4.19704721225424,0.938482434204822,28.0927638613084,57148.343
4.19732761188499,0.933926613245523,28.0816508641296,57151.077
4.1962794236003,0.92587980693118,28.09325305135,57153.765
4.19659262223034,0.927629094651474,28.0987183837072,57156.515
4.19657111421543,0.922049716866958,28.09074620479,57159.218
4.19664295759546,0.924268079173231,28.065694066548,57161.937
4.19684844349108,0.926775475912948,28.0447843552258,57164.609
4.19692100601065,0.926423359798767,28.0104791949668,57167.327
4.19702176934411,0.924213697939742,28.0240898791221,57169.999
4.19705910702462,0.923123742460738,28.0408886287894,57172.734
4.19691823819751,0.922983898371395,28.0700777070086,57175.437
4.1975223057363,0.923385762702839,28.0606355112253,57178.218
4.19759189034403,0.924083561088998,28.0310404258272,57180.984
4.19683598500891,0.915058993868111,28.0683034657695,57183.765
4.19592376304395,0.906007728330192,28.0869051588303,57186.468
4.1961398002944,0.904608540876268,28.0810891226668,57189.202
4.19596615564026,0.904299052465257,28.0600648834884,57191.874
4.19634810584959,0.904007729044092,28.060091966024,57194.609
4.19632066904924,0.903697610371378,28.0845070328283,57197.281
4.19623828925814,0.901397553603773,28.0529945733409,57199.999
4.19649694131939,0.904628481759428,28.071922417131,57202.702
4.19639693196448,0.902600954415227,28.0697762380834,57205.437
4.19667077247604,0.901446787279496,28.0030245838634,57208.093
4.19693876809704,0.902114931028272,28.0483662376987,57210.827
4.19727329441745,0.902199099716787,28.0779601605016,57213.515
4.1973560965988,0.900549098441511,28.077825124096,57216.281
4.19744143016594,0.902905065005276,28.0881624213943,57218.937
4.19751006767644,0.902131374043449,28.0635006992909,57221.671
4.19755893701818,0.901373816658531,28.0508113904853,57224.343
4.19697332470466,0.89298815076953,28.0230048600912,57227.109
4.19610359004263,0.8809648517522,28.0271817263362,57229.781
4.19585748598027,0.880701577387208,28.0462680027244,57232.499
4.19588343473443,0.880289468431147,28.0471417365569,57235.171
4.19621621378688,0.879291492987205,27.9617103934635,57237.89
4.19620616501281,0.881665755682952,27.9851803339302,57240.593
4.19634536118162,0.879598003146838,28.0157815979887,57243.343
4.19652009974825,0.879827817324198,28.0248742258684,57246.374
4.19652570372121,0.880326586195232,28.023754186884,57249.202
4.19652612672673,0.877746869235085,28.0496897102755,57252.031
4.19687428835762,0.879523691808304,28.021817901426,57254.859
4.1969311881437,0.876872522807091,27.9832802541738,57257.687
4.19717921344613,0.876997127496795,27.9842231752812,57260.515
4.19717283393175,0.879433866309616,27.973947177757,57263.39
4.19758753587319,0.878017753140187,27.992942961318,57266.218
4.19672083769678,0.868210714133712,27.996133677102,57269.046
4.19686718512246,0.867873860425176,27.9612848831763,57271.874
4.19697833962285,0.870154779558303,27.9830799133718,57274.687
4.19721684203458,0.870679361557667,27.99432752985,57277.562
4.1971800893859,0.865977598548972,28.0144820397884,57280.39
4.19747987422072,0.866838106422477,28.0176464506089,57283.234
4.19739771118168,0.867459882665785,28.0154256506233,57286.077
4.19757934371572,0.866885818349588,28.015264608248,57288.968
4.19633878854617,0.861936893990963,28.0197614974489,57291.796
4.19715572446545,0.857509055955509,28.0042534828577,57294.624
4.19825385514813,0.862981826344976,27.9580031226532,57297.452
4.1971304332932,0.858193532598709,27.9000964492635,57300.296
4.1983289269738,0.864995013694101,27.8421085061339,57303.187
4.1975551595396,0.85357046001951,27.8756419143765,57305.999
4.19637444431104,0.843059762835541,27.9314267862548,57308.812
4.19758775462536,0.855036940151532,27.9932161993184,57311.687
4.1980185802325,0.854793850693779,27.9497832413485,57314.515
4.19696478250868,0.843651564505418,27.9343585089547,57317.374
4.19835953387784,0.85445123459763,27.9070660559074,57320.218
4.19841826086427,0.851561026928256,27.9252420559501,57323.077
4.19872978814372,0.853609828558548,27.9342947481384,57325.921
4.19897895417125,0.851703871115118,27.9110247669196,57328.749
4.19863215108115,0.852447160769732,27.8878457117581,57331.593
4.19812819697352,0.843843744289511,27.8629555880438,57334.437
4.19844362499443,0.838605827208131,27.9108546180977,57337.281
4.19832057982428,0.840569651543842,27.9403145457028,57340.109
4.19859409325487,0.842706450056668,27.9308699879241,57342.952
4.19770580968562,0.832941783560139,27.9263663223477,57345.796
4.19694579325162,0.821538437977056,27.9277229170779,57348.64
4.19697628125869,0.822002315492893,27.9234963423895,57351.499
4.1971526231769,0.819898377522367,27.9279365699838,57354.359
4.19743325441386,0.818591587617454,27.9596499975888,57357.187
4.197198824935,0.822808121770007,27.9248560957713,57360.015
4.19718080407691,0.821845887166515,27.9096500506128,57362.843
4.19742866170864,0.821159855961953,27.9338421090094,57365.687
4.19760093976562,0.821454951083202,27.8951294734564,57368.515
4.1970382558771,0.812524497199132,27.8567692662805,57371.359
4.19667324834984,0.812301911014335,27.8533825378418,57374.171
4.19693559798827,0.810372796531686,27.9001903218136,57377.046
4.19711210406484,0.809809613568841,27.8940171440651,57379.906
4.1983551771051,0.821143598900865,27.8988269089723,57382.765
4.19733611511311,0.809491721220082,27.8629708175602,57385.656
4.1974726088278,0.808197223559654,27.8830384802878,57388.546
4.19739132957365,0.808167522893138,27.8898260162788,57391.452
4.19772073023007,0.809385664141179,27.8813120036364,57394.327
4.19694055313836,0.800197833384864,27.9025528396249,57397.202
4.19786272876429,0.809357399400595,27.8548485576123,57400.046
4.1981413477666,0.808980235714522,27.8953425635403,57402.874
4.19727035110228,0.798210739695576,27.8818914957266,57405.734
4.19748966347734,0.796728533859062,27.8534321791124,57408.624
4.19776269826045,0.795981053935909,27.8883483926456,57411.499
4.19685803512257,0.790784432585307,27.8835522864353,57414.374
4.19689682442248,0.786574746706557,27.867861572498,57417.249
4.1966007279844,0.788817726350435,27.9031771067041,57420.124
4.1970278277716,0.789120738552114,27.9140500157174,57422.952
4.19717249924493,0.783951044313925,27.8804950442766,57425.781
4.19719788832429,0.786811609622038,27.8575390705854,57428.671
4.1972368208472,0.787542130020818,27.8844090532169,57431.531
4.19728362005229,0.784930681933529,27.8587302018165,57434.406
4.19790134589873,0.78593661915321,27.8298883275605,57437.296
4.19692715765042,0.774667234077575,27.7217249486353,57440.171
4.19703717779093,0.777278869202951,27.7506859172502,57443.046
4.19703501878452,0.774851954495585,27.7548320406767,57445.921
4.19709691475609,0.776828716669699,27.7789807760068,57448.812
4.19758115185231,0.776906983753456,27.826858650763,57451.624
4.19663511906114,0.767917049050743,27.8377549496561,57454.437
4.19681947014766,0.767979356767508,27.8125783400809,57457.312
4.19688273688249,0.766898927197881,27.7804659309843,57460.218
4.19664617805317,0.76719356747239,27.758662322557,57463.093
4.19694235533202,0.766863006143997,27.7963564455464,57465.968
4.19711126100561,0.768397982908822,27.8302500846975,57468.859
4.197279924422,0.766333384310871,27.8335067332087,57471.734
4.19743188943033,0.761371564403877,27.8062993771006,57474.609
4.19753075955072,0.764809222793524,27.7823917484378,57477.499
4.19738701663832,0.762627045914587,27.7793297844616,57480.374
4.19789526917251,0.762420119149779,27.7679270180859,57483.249
4.19701329095026,0.751051199484573,27.7380121488506,57486.171
4.19739031478176,0.753938326308267,27.7346392812679,57489.046
4.19719929780168,0.753361208390174,27.78368734155,57491.921
4.19743474727033,0.75281286268762,27.7976882488368,57494.734
4.19731021572615,0.751790666746881,27.7595781825962,57497.546
4.19788652530043,0.752831468014268,27.7603989128036,57500.437
4.19791624879775,0.753566225144637,27.7679724412409,57503.296
4.1978471091985,0.753822340142115,27.7603581326416,57506.171
4.19810719691308,0.751281604529107,27.7679000609459,57509.046
4.19828198739873,0.74862337575707,27.7954701765097,57511.859
4.19860646272286,0.750989295945496,27.7774584936032,57514.671
4.19757000155111,0.743617915069401,27.7486456148453,57517.531
4.19663108944173,0.732705109068225,27.7545623649439,57520.421
4.19664110014163,0.733426556396936,27.7746676419907,57523.359
4.19694406130527,0.732826519177422,27.7575826300707,57526.171
4.19708752189831,0.733361011530043,27.7240688912017,57528.984
4.19720475324412,0.731700009093328,27.7310258012736,57531.827
4.19728642476841,0.730352032043455,27.761501180957,57534.687
4.19748880412058,0.732540968169891,27.7668255608158,57537.64
4.19753053946933,0.73118470860893,27.7704670552455,57540.515
4.19775224262049,0.728131160378566,27.7365300515376,57543.406
4.19805030690809,0.730272488620986,27.7342409760655,57546.281
4.19810933151084,0.734424589569343,27.7306709445721,57549.156
4.19816009821654,0.731697843236111,27.7244890015638,57552.077
4.19829526024194,0.730295062448171,27.7310699274316,57554.952
4.19847277228577,0.726667215815488,27.7474697909563,57557.827
4.19868184078884,0.728351586006414,27.7428226314752,57560.702
4.1976558002949,0.717112558582371,27.7248394262861,57563.515
4.19697148832392,0.707584896016783,27.7219135831677,57566.327
4.19718345897772,0.70892560685552,27.6958845928198,57569.171
4.1972799488169,0.708273208710493,27.688641876696,57572.093
4.1972438373036,0.707017665354987,27.7115670232177,57574.968
4.19744102151017,0.711821783990377,27.7236626063651,57577.843
4.19729627867243,0.707813943642572,27.7069892618047,57580.656
4.19749505321955,0.709601722660645,27.713407867731,57583.468
4.19752188337637,0.705622191684608,27.7050484483682,57586.343
4.19818693448242,0.707716049363921,27.6744942217588,57589.202
4.19814285930985,0.706199520513334,27.6805378488195,57592.093
4.19789498327946,0.703782827226304,27.6372235401627,57594.968
4.19865588564718,0.706826922468664,27.6254921876861,57597.843
4.19727752053306,0.693082386587072,27.6197021730649,57600.656
4.19743254260832,0.698533810002782,27.6459060491864,57603.468
4.1974112849895,0.697514734950373,27.6481295677295,57606.359
4.19766395362538,0.693928837014318,27.6432570609223,57609.218
4.19786249341475,0.69181189063899,27.5817954146097,57612.093
4.19809313513731,0.694863911335975,27.5504245972183,57614.968
4.198328866928,0.69359629870131,27.5238957963373,57617.859
4.19853675493233,0.693963031442155,27.5272644695927,57620.734
4.19867431171259,0.694242962250692,27.5554910082256,57623.609
4.19772095114766,0.685649399213843,27.5312256429865,57626.499
4.1969513537457,0.672995653844294,27.5532436813942,57629.406
4.19701052937377,0.675241578849079,27.5157687420109,57632.281
4.19714623305659,0.673541736210383,27.4938916595589,57635.156
4.19804934299466,0.683852287026075,27.5076482001737,57637.984
4.19729036689912,0.675633479334023,27.5247498453633,57640.796
4.19715185067279,0.673789044718221,27.5185189518153,57643.64
4.19732311803016,0.672175265303733,27.5161017026271,57646.499
4.19749404362121,0.675253135690443,27.5294387003804,57649.421
4.19757734826943,0.672787451240905,27.5532173424473,57652.359
4.19781982543385,0.6720493342613,27.5581742717992,57655.171
4.19795244499399,0.673642777043271,27.5239233630496,57657.984
4.19808697128441,0.671768318661218,27.5130918422496,57660.827
4.1982342153218,0.670045218457033,27.5490678798778,57663.702
4.19830189037744,0.672501955293548,27.5634220750256,57666.593
4.19868834053837,0.671926646286774,27.5643333977733,57669.468
4.19785707637029,0.661128102237108,27.5742215755096,57672.359
4.19681913905652,0.650722172609926,27.5701457044861,57675.218
4.19685829689482,0.650419655888704,27.5589999277654,57678.109
4.19681789992874,0.651148896450475,27.5414136716857,57680.921
4.19707766280747,0.651531683532871,27.5400513091473,57683.796
4.19722572614472,0.650533166405702,27.5364490059913,57686.64
4.1974495666962,0.652091113951478,27.5349577362728,57689.452
4.197456320466,0.650620325669263,27.5439265021642,57692.312
4.19720431144574,0.649197470498481,27.5566135004551,57695.171
4.1977246338966,0.651938267778475,27.53605376411,57698.046
4.19777220078003,0.651992419287506,27.5228553855054,57700.859
4.19786258453804,0.65036037321938,27.5269397734928,57703.671
4.19793459307448,0.649144701007887,27.5305438955521,57706.546
4.19819771695744,0.649542385166561,27.5271982151007,57709.452
4.19845568617108,0.648506072118423,27.511144180436,57712.312
4.19839211436812,0.647478294213591,27.4631719989163,57715.234
4.19854556046061,0.64788641076386,27.4388100673474,57718.109
4.1988670725426,0.647987088645846,27.4501258844614,57720.999
4.19813153120107,0.639526353447805,27.4485692630076,57723.906
4.19828084624539,0.636455919320964,27.4488094865603,57726.718
4.19814807342577,0.636878907237381,27.426191110176,57729.531
4.19828608771037,0.637377250617824,27.4296489631969,57732.421
4.19828230278561,0.636075605712989,27.4130680505586,57735.281
4.1986311338147,0.636167074763363,27.3993948806406,57738.171
4.19780039539448,0.627383123469313,27.4288927431219,57741.015
4.19776486639658,0.626234494495266,27.4319667067479,57743.843
4.19792351416511,0.624966080109277,27.4382065112241,57746.702
4.19792711744749,0.625243647620341,27.4255804147382,57749.609
4.19809120391982,0.626122634033686,27.4105752957218,57752.827
4.19819306272113,0.62483455770869,27.4159560677457,57755.812
4.19851164524096,0.626609390883299,27.4120907304522,57758.812
4.19841983823653,0.625659447591601,27.3901214671049,57761.827
4.19856158469851,0.623731732742804,27.4078012174507,57764.749
4.19751082652834,0.614454182841162,27.405009203257,57767.656
4.19795929545159,0.616201373004503,27.3960658340242,57770.562
4.19802322670488,0.613365321497846,27.3653423779856,57773.499
4.19817529880096,0.613974513893128,27.3536362224834,57776.437
4.19827218203123,0.614230348394933,27.3723445606231,57779.406
4.19861937592805,0.612961484388116,27.3724913944569,57782.406
4.19740418640561,0.603922201866296,27.3712512421665,57785.327
4.19773211586197,0.602298712004113,27.3667251555107,57788.234
4.19760723650065,0.605764298694002,27.3640214711439,57791.156
4.19754785802022,0.60561840334859,27.3336559086879,57794.077
4.19787692177247,0.602713180631351,27.3157444635212,57796.984
4.19806587997559,0.603467420934112,27.2580436018864,57799.89
4.19778925794783,0.604226104325424,27.2382949501351,57802.812
4.19808575354666,0.602309761134181,27.2067125921732,57805.718
4.19829868853544,0.601923468584613,27.2212682173515,57808.64
4.1985275318397,0.600166175330226,27.2728995868829,57811.577
4.19867356736305,0.602125431324541,27.2946454643079,57814.515
4.19778083972778,0.59368111110461,27.2690301723808,57817.452
4.19773164393841,0.592607977775487,27.2427075616383,57820.374
4.19825008725653,0.589605003967299,27.201522417174,57823.281
4.19785932199779,0.591362667245266,27.2596118047663,57826.234
4.19841217671034,0.591526363954089,27.266224711111,57829.156
4.19840393964559,0.593116203849267,27.2889561072508,57832.077
4.19856495164133,0.591839918559602,27.2975760472963,57834.984
4.19761762200464,0.581610013366062,27.2629520556025,57837.937
4.19760227235516,0.579328931955829,27.2135811448463,57840.952
4.19764966621046,0.581071090880754,27.180835344774,57843.859
4.1978105530057,0.582601994327993,27.1053985728597,57846.796
4.19791282921606,0.580335325543473,27.1360344626745,57849.718
4.19791913052116,0.582700753491199,27.2069675037503,57852.656
4.19808926397231,0.58160267447255,27.2491725684428,57855.577
4.19814430812097,0.578136356661804,27.2455278131259,57858.531
4.19829650721915,0.582625785490321,27.2305283615219,57861.577
4.19886857350113,0.580065936184781,27.2367163878603,57864.546
4.19881442033381,0.577909926548757,27.2228948755496,57867.484
4.19881311671147,0.578095035214496,27.2220891790409,57870.406
4.19882391536558,0.576333970014391,27.2226952929287,57873.312
4.19926489063202,0.575668656113348,27.1931322574762,57876.218
4.19908911571342,0.578770612085847,27.2029371914911,57879.14
4.19952747442647,0.575038429571741,27.1904104999197,57882.046
4.19970260177412,0.578409007566843,27.2035627637527,57884.968
4.19882842875187,0.568036778236461,27.192922883387,57887.874
4.19772337203741,0.556987276498278,27.1528915227548,57890.812
4.19809971914977,0.556010525376632,27.1476578192126,57893.749
4.19799513435537,0.556292909445126,27.1356719481834,57896.687
4.19801167499386,0.552634177826482,27.1371368175288,57899.64
4.19836660862597,0.55890172390975,27.1664202207517,57902.577
4.19799812339409,0.558960025501716,27.1458842169758,57905.531
4.19812216127797,0.558134492741278,27.1032600737484,57908.499
4.19842380440963,0.5560304574629,27.0861355577115,57911.515
4.19842588905008,0.556609891316281,27.0426689463968,57914.468
4.19833680753268,0.55628804161099,27.0388013256147,57917.406
4.19876382475436,0.560657377951111,27.052319489404,57920.359
4.1979286195293,0.544047660275714,27.0906476217284,57923.327
4.19798825987538,0.544139169966011,27.10963606625,57926.249
4.19786529955599,0.54604849153735,27.1248930519404,57929.156
4.19788154143171,0.546507606686676,27.1199960638446,57932.077
4.19824660776579,0.547525683255218,27.1127965529491,57934.984
4.19814646365074,0.544565094230878,27.0258132309556,57937.89
4.19828258944886,0.547039882397649,27.0240731360624,57940.937
4.19830731256515,0.545749195025421,27.0348021136567,57943.859
4.19866235853764,0.545526456840292,27.0272474739843,57946.781
4.19761298905426,0.536586933001421,27.0455579129399,57949.687
4.19799703913736,0.534755282889745,27.046521450654,57952.593
4.19769890891884,0.532950968100144,27.0582600389043,57955.499
4.19794911702561,0.535648721395139,27.0657190955839,57958.406
4.19787703179581,0.536402959023098,27.0440536440493,57961.327
4.19780507065875,0.536928105642164,27.0472970631516,57964.234
4.19823999731162,0.532593048771031,27.0258443288166,57967.202
4.19813584847124,0.535398449479721,26.9922062828174,57970.202
4.19854862813779,0.535307466883366,27.0007198047895,57973.187
4.19851346019026,0.536101165662267,26.991744243088,57976.187
4.19838962844069,0.533780855171267,26.991341245777,57979.156
4.19857280358689,0.533567875170895,26.9799179712484,57982.077
4.19775344678558,0.521094443706691,26.9205304637552,57984.984
4.19796936664595,0.525156598063266,26.9262428762361,57987.937
4.19785932540341,0.525376605318858,26.9230055260522,57990.859
4.19793800730628,0.52133364176355,26.922130115011,57993.874
4.19826423465104,0.52190590503516,26.9217585386193,57996.843
4.19841223610527,0.523263118901344,26.9292114530008,57999.781
4.19841311661951,0.521306560945758,26.9099852363799,58002.734
4.19852044161536,0.523202639289926,26.8859389435364,58005.718
4.19865731011454,0.523459902484403,26.8842351187783,58008.687
4.1985959348705,0.521455693358611,26.9080975359849,58011.687
4.19892450722243,0.523506710500529,26.9282219116028,58014.624
4.19892510906841,0.523830876049589,26.8725567478794,58017.593
4.19911842922463,0.525745628929899,26.8499650407253,58020.671
4.1992863711318,0.523348300746777,26.8566347803719,58023.656
4.19929714547375,0.522126010328555,26.8282523152969,58026.687
4.19918092544614,0.521648288117525,26.8152512694549,58029.749
4.19942505411101,0.520395144235685,26.8474714835688,58032.796
4.199568684606,0.521614164223461,26.806131787652,58035.827
4.1988460175842,0.508637176495498,26.800397192187,58038.859
4.1978174938061,0.502883298488711,26.7926603938302,58041.843
4.19780807142416,0.500862354712982,26.8238842971699,58044.89
4.19771508352855,0.500505386079308,26.7825566858231,58047.906
4.19806393248729,0.498164429530919,26.7678913556758,58050.874
4.19800615462925,0.500843358918511,26.7751465333745,58053.812
4.19814640241276,0.501693666694089,26.7479342274536,58056.796
4.19797899618111,0.498948100417059,26.7049462898808,58059.718
4.19811499725198,0.503025989651579,26.7467190383336,58062.624
4.19808842873067,0.500044259749131,26.771473490261,58065.531
4.1983239468397,0.4995995011333,26.7893643330421,58068.437
4.19839614135379,0.500281101043708,26.7775200708359,58071.343
4.19854562676472,0.497013069054582,26.7894134966894,58074.249
4.19863931536678,0.499388824038063,26.7780406194642,58077.171
4.19881386887736,0.50119382670307,26.7758129577743,58080.077
4.19887405562913,0.497366086710719,26.7420799904365,58082.984
4.19903673123059,0.500798039257908,26.7540423878457,58085.89
4.19891585037729,0.494708996801493,26.6893007035257,58088.827
4.19882280159485,0.495097139670097,26.7253693636247,58091.734
4.19933663453576,0.499357539464975,26.7196700119774,58094.64
4.19918217308769,0.495568833113811,26.7321424341067,58097.562
4.19951965401402,0.497838519743835,26.7498988147873,58100.468
4.19955016862948,0.499070395916464,26.7475012213656,58103.374
4.19879377431443,0.49070851462849,26.743245060482,58106.281
4.19791160621882,0.478647510901842,26.7194183507084,58109.187
4.1978447316854,0.478655919700156,26.6997487905355,58112.109
4.19756622978526,0.476197367030706,26.6791466664625,58115.031
4.19758060006044,0.481285108257383,26.651699151091,58117.952
4.19802131101573,0.477591815683641,26.6650027866737,58120.859
4.19765612020851,0.478762170623232,26.6967075854645,58123.765
4.19815148344877,0.479702670835384,26.7192516431328,58126.687
4.19813051397122,0.476112424600631,26.7067654107772,58129.593
4.19807323100506,0.477215905445858,26.6650951849783,58132.499
4.19822991511913,0.474190346371841,26.6816713142575,58135.421
4.19811907728319,0.478323191055723,26.6691889005572,58138.327
4.19829744553374,0.475628740626145,26.6448768289309,58141.265
4.19833220933522,0.475820621261397,26.6345668226843,58144.187
4.19849053515344,0.477808894738977,26.6278279092224,58147.093
4.19850344524161,0.473626798441196,26.5875893447428,58149.999
4.19850612741702,0.472043776682935,26.5965568163316,58152.921
4.19871286487831,0.477150114429614,26.5989187278075,58155.827
4.19908393530947,0.475506543484222,26.598023091631,58158.734
4.19896138495453,0.475326724494516,26.5701139665513,58161.64
4.19903857376587,0.47616990914469,26.5747025014739,58164.546
4.19963386699453,0.477129636273738,26.5984767890953,58167.515
4.19819465096958,0.464164821249794,26.6176563519597,58170.499
4.19834828276956,0.469330734296506,26.6103990783348,58173.499
4.19845752424471,0.464420588942235,26.595891214207,58176.484
4.19840471033918,0.464711187978314,26.578213207207,58179.515
4.19837496129603,0.466845377418739,26.5888476697012,58182.452
4.19856270000343,0.465628050434852,26.5818838828945,58185.39
4.19838880158648,0.464469678029381,26.5779664506042,58188.359
4.19853084896789,0.464619982632873,26.5662604860266,58191.343
4.19892930445248,0.465584544745455,26.5556539285095,58194.312
4.19883642047383,0.46279260536481,26.542430762271,58197.374
4.1988271965833,0.464687113978862,26.511195205,58200.374
4.1988136651827,0.461554519494986,26.509039073548,58203.359
4.19912354480906,0.463561421603422,26.5061027425502,58206.296
4.19924946166999,0.461789466813033,26.516121414826,58209.202
4.1993724681744,0.46204197962717,26.519316794505,58212.124
4.19932339804775,0.460940127535794,26.5207892388341,58215.046
4.19933360171074,0.458544252007332,26.5178518090932,58217.952
4.19952431711752,0.460937616576649,26.5087924190632,58220.859
4.19972375762832,0.462360264679603,26.4816526294338,58223.781
4.19889291552083,0.453767330187568,26.4889788426047,58226.687
4.19874870088646,0.453355895972618,26.4924149139699,58229.593
4.19886569580063,0.452232638056173,26.4554468077804,58232.531
4.19912408821711,0.453328278682016,26.4618407144362,58235.452
4.19900495627937,0.453594533057345,26.4728460338045,58238.359
4.19928281496543,0.45244465296344,26.4777760876642,58241.265
4.19900614363754,0.455055306252227,26.4576191365149,58244.187
4.19917956587867,0.453333278237849,26.4543016167204,58247.093
4.19924709784592,0.45221631652654,26.4444230611393,58249.999
4.1995066222794,0.452611756851157,26.4410105407404,58252.906
4.19967558428996,0.445041067541895,26.4356840319644,58255.812
4.19859945032511,0.440603013237938,26.4422764735689,58258.718
4.19866529104419,0.443460714877297,26.4325829438823,58261.671
4.19858462811414,0.440022068031522,26.4312571653761,58264.577
4.19884270104857,0.442177821606294,26.4197531131168,58267.484
4.19859090980683,0.44111613944326,26.3643465938302,58270.39
4.19883199173096,0.441456714043385,26.3689606185175,58273.296
4.19879093163867,0.441990569070573,26.379905505629,58276.218
4.19881810376513,0.442206004110313,26.3946827211345,58279.124
4.19889045021306,0.43989231268449,26.3745148168518,58282.031
4.19924902195016,0.441048561505122,26.3854206937723,58284.937
4.19919954348541,0.440311259510582,26.3511613119978,58287.843
4.19924779979209,0.44053121337341,26.321191386274,58290.765
4.19914991550203,0.438257716702341,26.3194793868389,58293.687
4.19935784920032,0.441599381222451,26.3111798087639,58296.609
4.19940626398729,0.442045703188515,26.3293349363098,58299.515
4.19938303873757,0.44135998991615,26.3438372796765,58302.421
4.19976264926915,0.441694360690941,26.3534997313039,58305.343
4.19886571454963,0.429278464935569,26.3680551126409,58308.249
4.19790534462317,0.424501757372651,26.3653448115829,58311.156
4.19790004430077,0.422085387083399,26.3527419148286,58314.077
4.19774618552193,0.421896773277748,26.3524766932314,58316.984
4.19792924713379,0.422515294044768,26.3421034705594,58319.89
4.19749265475506,0.418190445801372,26.3434931636332,58322.796
4.1978586876772,0.423168350955293,26.3321792456163,58325.718
4.19787871826767,0.417288588433112,26.3436125777745,58328.624
4.19774733297338,0.418608809214911,26.3293346060286,58331.531
4.19797049005973,0.416948369481008,26.324829616065,58334.468
4.19814065621436,0.420009679609734,26.3142253206651,58337.406
4.19793767290467,0.422897657083253,26.3041464789032,58340.312
4.1980276693785,0.417042878920353,26.287362386886,58343.234
4.19780016103566,0.41582503398866,26.2820971186036,58346.14
4.1984124794428,0.419846674645888,26.2764934345525,58349.046
4.19822804700609,0.421005782284593,26.2862884505552,58351.968
4.19827652945395,0.418022231138274,26.2863127257431,58354.874
4.19841107760025,0.42278994849257,26.2829961142188,58357.781
4.19853809970873,0.422369868586307,26.2771789797329,58360.702
4.1985118427468,0.41979904188031,26.2505464648877,58363.609
4.19866455251324,0.421935283689862,26.2508572977894,58366.515
4.19888878818366,0.416831091437941,26.2596300502396,58369.452
4.19857522311931,0.415679989275099,26.2468093050354,58372.359
4.19864514898191,0.418398709075158,26.2439797403867,58375.281
4.19911319623276,0.420317606744048,26.2331126171613,58378.187
4.19930258310622,0.417315945375358,26.2469445954693,58381.093
4.1991290483393,0.419097045945761,26.2546832806315,58383.999
4.19919686195836,0.415583336012085,26.2470700229706,58386.921
4.19931912995755,0.418544520216391,26.2381797836905,58389.827
4.19935647120495,0.417177685650045,26.2374592879716,58392.734
4.19939911311467,0.415100332486555,26.227157119458,58395.64
4.19927370523242,0.417466309638262,26.2233797416679,58398.562
4.19953104379334,0.417679057938493,26.21526794952,58401.468
4.19950599965618,0.414988829747237,26.19560734728,58404.374
4.19987678950839,0.416716488313676,26.1965698769252,58407.312
4.19880218081417,0.407859565924678,26.1838080250427,58410.265
4.1990345988409,0.400964015493722,26.1860174097551,58413.171
4.19850586537567,0.408582052082917,26.1737287845422,58416.093
4.19880750885154,0.406467009616251,26.1516197366528,58418.999
4.19873252461593,0.408331045885317,26.1434804206879,58421.906
4.19913080399882,0.405382701079398,26.1579745769629,58424.827
4.19910627663867,0.407044430451182,26.1382137996382,58427.734
4.19935522331719,0.40716530179941,26.1209733104596,58430.64
4.1992691499565,0.407551192330494,26.122276310907,58433.546
4.19938337942826,0.405141402547901,26.1285672958735,58436.452
4.19950332847341,0.405829866144768,26.1362679561982,58439.374
4.19957955871766,0.402667361317336,26.1363352511448,58442.374
4.19872761343614,0.394019022595364,26.1291246658221,58445.359
4.19836010529434,0.395719853652972,26.1105484764055,58448.265
4.19868776554917,0.393646205411219,26.0891664911105,58451.202
4.19883174230398,0.394677002395357,26.0873497326629,58454.109
4.19852283760717,0.397796501401276,26.0673017240352,58457.015
4.19887260727895,0.396353106223637,26.0822574642659,58459.921
4.19872833990959,0.393245279085765,26.0858866543349,58462.827
4.19853887630232,0.397076810812742,26.0990126659337,58465.749
4.19875831516331,0.394514375705152,26.1018818923656,58468.656
4.19892426811562,0.396747808089938,26.0862643359486,58471.624
4.1990939078548,0.394310963901557,26.0292690894877,58474.546
4.19887093980135,0.394605637434447,26.0010226446004,58477.531
4.19889481185884,0.394638652810203,26.0218673556603,58480.452
4.19917035759641,0.395288851766743,26.0424258538806,58483.359
4.19910563648985,0.394352537177842,26.0778923429011,58486.281
4.19918950267043,0.393832763628344,26.0800797344132,58489.187
4.199520914509,0.393186697761067,26.0836276473168,58492.109
4.19954220409669,0.394841306155626,26.0647783576446,58495.015
4.19969585975735,0.394342072859305,26.0181317876993,58497.921
4.19868980330112,0.384901902316378,25.9815675163376,58500.843
4.19817542428989,0.383410429095417,25.9775960356612,58503.749
4.19846115594005,0.386320297718603,25.9681864179902,58506.656
4.19844411957232,0.38394699614369,25.9554760082349,58509.577
4.19864639353794,0.385739380674684,25.9670572361793,58512.484
4.19871927679092,0.385978159761708,25.9618303064956,58515.406
4.19873913619421,0.384932425144892,25.978802430733,58518.343
4.1988500089896,0.384192052578812,25.9788681660747,58521.281
4.19883481427882,0.381613668497619,25.9776257747773,58524.187
4.19884574282513,0.381256259499756,25.9895824987464,58527.109
4.19895270642539,0.383801492180731,25.995453573033,58530.015
4.19933658679478,0.383678801892915,25.9964385789329,58532.921
4.19923344208385,0.383385051050352,25.9734502389396,58535.827
4.19932177044128,0.383892126565028,25.9642628003054,58538.749
4.19932390432427,0.383828068552287,25.9697801605997,58541.656
4.19929812504132,0.383999555585719,25.9215576191303,58544.577
4.19958447964745,0.383820341968488,25.9275184499391,58547.484
4.19853009339342,0.372885906365591,25.9450870341806,58550.39
4.19841303623475,0.373706787386761,25.9499339868564,58553.327
4.19846317853599,0.373727164460793,25.9378814676504,58556.249
4.19860085416413,0.372977006776773,25.927042747151,58559.156
4.19819992834892,0.370153758621722,25.9113020671038,58562.062
4.19854516870328,0.374758829887844,25.9167355205226,58564.984
4.19880095599799,0.372554459604454,25.9275701358039,58567.89
4.19845084824712,0.373236645419522,25.9183630468141,58570.796
4.1986567579001,0.372277020164226,25.9268310364254,58573.702
4.19866521439664,0.370075419105005,25.9280229332586,58576.609
4.19897121305179,0.370392213539424,25.9200438598638,58579.531
4.19879342932671,0.373940763750428,25.9062003165434,58582.437
4.19910681423579,0.37235599970114,25.8812624643047,58585.343
4.19922637449518,0.371468582713073,25.8850408550086,58588.265
4.19896024728053,0.372436454381863,25.8848794697283,58591.171
4.19926981783204,0.372600398563535,25.8914822462149,58594.077
4.19939923586225,0.372093490336466,25.8800582596952,58596.999
4.19952754371558,0.37136035805861,25.8791896727003,58599.906
4.19912480843472,0.372105340121654,25.8692800171037,58602.812
4.19933544497406,0.371247894060862,25.8491370809147,58605.718
4.19951634260273,0.368111713622949,25.8483540818339,58608.656
4.19937099885046,0.3693441704452,25.8523445069261,58611.593
4.19971135272958,0.369927969610968,25.8192428157204,58614.499
4.19899504053777,0.363904424373955,25.8436309902432,58617.406
4.19871352726881,0.360839644008595,25.8351285630239,58620.327
4.19897955152469,0.361262856924974,25.8339630141565,58623.234
4.19865799461298,0.360470496825205,25.8104069018827,58626.156
4.1986148305061,0.361400533117903,25.8032080955242,58629.062
4.19890030115987,0.36129952045042,25.8184800172772,58631.984
4.19891751013748,0.363268415952771,25.8368854101535,58634.89
4.19868013169099,0.361870236148687,25.8281378009495,58637.796
4.19890535967681,0.363222773720505,25.8394661482571,58640.718
4.19899010230244,0.362172212396076,25.8275123922738,58643.656
4.1991134695645,0.361217735921938,25.8207824191679,58646.562
4.19900443192832,0.358363866631002,25.8266259830193,58649.468
4.19884717590685,0.359975689495875,25.8221056609293,58652.374
4.19944999702262,0.357632418746674,25.8222961824555,58655.296
4.19935079404576,0.362214447600947,25.7990502416196,58658.202
4.19949868080125,0.358712308279835,25.7761737952975,58661.109
4.19951419207792,0.360684219299591,25.7775429328026,58664.015
4.1995845526758,0.362097000875534,25.7534968803401,58666.937
4.19851870648318,0.350050852991868,25.752663506745,58669.843
4.19821749592427,0.352941392706519,25.7592153175948,58672.749
4.19803969464112,0.350107488479663,25.7791547785647,58675.656
4.19859740273365,0.350395979498937,25.7704568410738,58678.577
4.19867306353877,0.348581318512264,25.7744697578595,58681.499
4.19867918618603,0.351747444322522,25.7479974746878,58684.406
4.19879609547121,0.347733260541768,25.7789795646342,58687.312
4.19877246947088,0.351404681094967,25.7704351198229,58690.234
4.19880591405708,0.349828889298531,25.7575725249528,58693.14
4.19870612111061,0.35125120322274,25.7296315017186,58696.046
4.19903007407173,0.351607373101273,25.7050287447262,58698.952
4.19874506179546,0.349004790612686,25.7095979659028,58701.89
4.19886930160466,0.350898770128757,25.7030678534552,58704.796
4.19821949406442,0.339820788612683,25.6839446406784,58707.702
4.19900751594284,0.352011699794258,25.7158935032016,58710.624
4.19902707158632,0.349083890739207,25.7066042341861,58713.546
4.19913343212175,0.350440013652552,25.7215993298328,58716.452
4.19935479818811,0.351518005743413,25.7139394294143,58719.359
4.1993869313725,0.350758903380312,25.6961942696474,58722.265
4.19939792075793,0.348028307820008,25.7019156250271,58725.187
4.19943865856457,0.349069835305363,25.7052597719415,58728.093
4.19990535531902,0.346202489383451,25.710565014763,58730.999
4.19971336119513,0.349214147983856,25.712400903454,58733.937
4.19957758034827,0.350712718469598,25.6892758624748,58736.843
4.19987595724727,0.348362942625015,25.6950822300568,58739.781
4.19980213830158,0.347154849508935,25.6771511767793,58742.687
4.19996268443603,0.346435525341684,25.6745712360369,58745.593
4.19961308631259,0.348862802698589,25.681471062659,58748.515
4.19992044318022,0.347507150183647,25.6716761398845,58751.421
4.20011909575619,0.348159551865333,25.6592031711685,58754.343
4.20011733778985,0.348954112771414,25.6518952428023,58757.249
4.20018047827157,0.349038807713881,25.6298991554091,58760.156
4.20013797759842,0.349097051513863,25.6212088875127,58763.077
4.20016030666834,0.348873260874611,25.630132443465,58766.015
4.20050457249608,0.345698989123162,25.642356670888,58769.031
4.20044922062069,0.347402888484942,25.6288617535693,58771.952
4.20048866312752,0.347773616426865,25.6316973380267,58774.874
4.20085790901273,0.345951356512894,25.6309521770184,58777.796
4.19977480093455,0.335702631199904,25.6113991974869,58780.702
4.19885648528683,0.328373939909453,25.6088813551704,58783.624
4.19857352317844,0.325488843840434,25.5737257651407,58786.531
4.19859472493765,0.3294789597736,25.5686978354137,58789.452
4.19843936765874,0.328084340397087,25.5673728457785,58792.359
4.19868279086393,0.327635280961926,25.563850126495,58795.296
4.19851739422479,0.328481899213294,25.5799951112378,58798.234
4.19846876621559,0.329143738399137,25.5899329436215,58801.234
4.19849834317744,0.326982122204618,25.5887059641153,58804.202
4.19908680623597,0.325679950084237,25.5907359181386,58807.218
4.19873123120795,0.329497143388167,25.5760669525651,58810.171
4.19887978721552,0.324963048162589,25.5459736652953,58813.077
4.19860646549961,0.330905016526407,25.5251660992045,58815.984
4.19867698105116,0.329155615816157,25.5302517953462,58818.906
4.19881988882592,0.326575535126533,25.5193389933543,58821.812
4.19881976076454,0.328957479113949,25.510890718485,58824.734
4.19891534299481,0.327383201695852,25.4989190487678,58827.64
4.19910169292743,0.324935512967227,25.4821370598555,58830.546
4.19895956625365,0.327160951526109,25.5084660089382,58833.452
4.19897213626186,0.32621630452462,25.4994911177118,58836.39
4.19906313862128,0.322345845466178,25.493034916682,58839.312
4.19921974379551,0.326999512536688,25.4999879039642,58842.218
4.19904173383202,0.326609941958407,25.5001306539041,58845.14
4.1994236682599,0.325497044519833,25.5024332190215,58848.046
4.19946749587312,0.32852989443637,25.4882011446899,58850.952
4.19962762453689,0.325864950667721,25.4591644434915,58853.859
4.19924885278124,0.326008337897517,25.4273026051259,58856.781
4.19928910305341,0.328093728073261,25.4392414301536,58859.687
4.19957815537036,0.32593112966657,25.4670614279274,58862.609
4.19945221988123,0.32419653385431,25.4964916504798,58865.515
4.19934147149421,0.32813170802176,25.5083435253828,58868.452
4.19995912771928,0.328827759314448,25.507980722543,58871.374
4.19959814270779,0.32763744182354,25.5130359072622,58874.281
4.19989872778878,0.325590628508116,25.5043332174016,58877.202
4.19990790291819,0.329068165310885,25.4935328283296,58880.109
4.20007138878571,0.323414489513473,25.5036544741387,58883.015
4.20016717241738,0.324485569689014,25.4771271865341,58885.921
4.20029306175965,0.324169350639216,25.477026258945,58888.843
4.20024442852899,0.324589782259698,25.4788334288118,58891.765
4.20035616346934,0.323207430868745,25.4925998028604,58894.671
4.20035833177359,0.323081233208108,25.4826789185125,58897.577
4.20048046687296,0.325655198826625,25.4903580452298,58900.515
4.20027658366107,0.324137751357009,25.4932790309386,58903.437
4.20037906841277,0.321334209103594,25.4906941799705,58906.343
4.20041194441371,0.324221816737622,25.4756830304604,58909.249
4.20078581289737,0.323759709540409,25.470057266183,58912.171
4.19935648968052,0.313012867648562,25.4522303850631,58915.077
4.19974128531161,0.312289560118669,25.4567087898898,58917.984
4.19854354682074,0.305841633914945,25.4522256377994,58920.906
4.19873476868816,0.305974181112873,25.4544223830973,58923.812
4.19831839994191,0.306054449848698,25.4477427802717,58926.718
4.19854127348309,0.307319508259455,25.4552142428301,58929.624
4.19863966564832,0.305937651884393,25.4624805903654,58932.577
4.19848635183194,0.301654535314965,25.4356683075188,58935.484
4.19873452330671,0.304494941132257,25.4136883307387,58938.406
4.19864926108898,0.303836930438242,25.3840625519437,58941.312
4.19883042452801,0.304188643719691,25.3763446556243,58944.234
4.19865186191127,0.305683248075378,25.3712765571391,58947.156
4.19886348355473,0.302901966038019,25.3720403190318,58950.093
4.19877544511315,0.305588306563198,25.368440257057,58953.015
4.19870024236689,0.303339655076503,25.3611343179397,58955.921
4.19893247869904,0.302221100787927,25.3728481502011,58958.827
4.19850004698925,0.305967650939645,25.3600541986515,58961.734
4.19893392701337,0.306393164828134,25.3493187595164,58964.64
4.19881384095119,0.304065437902571,25.3386670752345,58967.562
4.19902558130402,0.303936968862328,25.3614084843251,58970.468
4.19912116953643,0.305420928567999,25.357531638286,58973.374
4.19894218377912,0.305583104672418,25.356771780231,58976.281
4.19906421767496,0.30289264203271,25.3589823517266,58979.202
4.1989092770937,0.304652335918086,25.3563218194101,58982.14
4.19926704656298,0.302487555183118,25.3584813739023,58985.046
4.199227485706,0.303512544057651,25.3517365541893,58987.952
4.19915840527793,0.303288688784944,25.3453478923948,58990.874
4.19934072662995,0.302780375437515,25.3361752928377,58993.781
4.19930059400192,0.302267902083575,25.3422990066794,58996.687
4.19938132773412,0.305112501056861,25.3279042486391,58999.624
4.1995711875884,0.304358319483619,25.3135902285844,59002.546
4.19838068706111,0.296692780947285,25.3190856737415,59005.452
4.19838904504241,0.292760266535544,25.3300999937955,59008.374
4.19827237518323,0.294313218724218,25.3452887025152,59011.281
4.19845777218489,0.295069724248572,25.3263911966807,59014.187
4.19850789622874,0.295316707506465,25.3211348968509,59017.093
4.19840664173475,0.293923630409357,25.3157394421739,59020.015
4.19836407875992,0.294612089332728,25.3168735361424,59022.921
4.19837048908005,0.291202988781724,25.3101222504907,59025.843
4.1986735297816,0.292495607468434,25.2909585906873,59028.749
4.19860981356776,0.293303435028902,25.3088882751526,59031.702
4.19852571008129,0.294984138946447,25.3135619629798,59034.609
4.19873948455458,0.294321115642926,25.2960611012378,59037.515
4.19864239260606,0.293630264819079,25.2725048921644,59040.421
4.19903689746358,0.293468039746838,25.2770328157972,59043.327
4.19889283201155,0.291448826001373,25.2758761857661,59046.249
4.19879624469697,0.290557177579438,25.2848097066379,59049.156
4.19869733736354,0.292680762290449,25.268575723679,59052.062
4.19907038057388,0.292647543880595,25.2900167497242,59054.984
4.19890324100908,0.292468174162906,25.2759520905914,59057.89
4.19890794832641,0.291700651208992,25.2545759591085,59060.796
4.19901149075098,0.294574153187968,25.2246309868477,59063.718
4.19907093714906,0.294662093790169,25.2085351107841,59066.64
4.19901677851272,0.290484451337519,25.2114595926437,59069.546
4.19921044685463,0.293680653326886,25.216361624959,59072.484
4.1991340069384,0.295566326982007,25.2111564917423,59075.406
4.19913901030869,0.294258023769528,25.2408300822271,59078.312
4.19942167295652,0.288604506630396,25.2138169134146,59081.234
4.19926259130848,0.292730680102939,25.2283285022263,59084.14
4.19950168697866,0.294270879724343,25.2401412401345,59087.046
4.19942045278448,0.289855335475107,25.2478161746273,59089.968
4.19943785869986,0.29231939330691,25.2513723601241,59092.874
4.19949961974042,0.289728210789061,25.2553672390452,59095.796
4.19939814573243,0.292687323832533,25.2518811962072,59098.702
4.19956893117973,0.29203406095718,25.2217760533795,59101.609
4.19992981172186,0.291333214391667,25.2503432171195,59104.546
4.19999055883371,0.292423064777526,25.2538061865212,59107.468
4.20011438210931,0.288898422911365,25.2376829124272,59110.374
4.19978326505911,0.288989596774282,25.2186117141984,59113.281
4.19981054901183,0.291123443398306,25.2216238183212,59116.187
4.19988931562133,0.292618275731697,25.2319206356467,59119.093
4.20032170536305,0.290372770315897,25.2331828555301,59122.015
4.20066792944734,0.291251636751222,25.2247044951446,59124.921
4.19892480590467,0.280035069692732,25.2283894376345,59127.827
4.19919210487181,0.281065698584984,25.2022053554429,59130.765
4.19899052342822,0.282258068124031,25.1790663378462,59133.671
4.19903666132155,0.281185060794338,25.1747604971847,59136.577
4.19903881501894,0.282044722968211,25.1605333742645,59139.484
4.19898049071589,0.279573076291426,25.1661338158414,59142.39
4.19940645287235,0.280495157501377,25.1719223402866,59145.296
4.19936023200001,0.279720976853946,25.1898106448004,59148.202
4.19901697598787,0.280796357233641,25.1915311229792,59151.124
4.19921200028203,0.279655062557065,25.1951261208253,59154.031
4.19921574933496,0.280501794673089,25.1717580222669,59156.937
4.19939139108897,0.276185690306063,25.1872932040906,59159.843
4.19925411020724,0.276006264908711,25.1885067102163,59162.781
4.19943606457889,0.280586935522787,25.1588979212402,59165.702
4.19952268078294,0.280010647026226,25.1602978039945,59168.609
4.19945550519259,0.280489470320471,25.1648848306356,59171.515
4.19931616559011,0.279028775852682,25.1611417406646,59174.437
4.1998202691899,0.278735911102456,25.1338349958013,59177.343
4.19872672503452,0.26990251050862,25.1214659149168,59180.249
4.19858832551096,0.270604150433546,25.1080989093366,59183.156
4.198424982617,0.267061398360701,25.0970276153741,59186.077
4.19858303486175,0.268042645427873,25.0753721499417,59188.984
4.19872053019659,0.271667919660044,25.0572723748578,59191.89
4.19849513315204,0.268653596988113,25.0950942294035,59194.827
4.19856664526661,0.269848669901402,25.0784782025174,59197.734
4.19841707922018,0.268902118422363,25.0752772354484,59200.64
4.19855033567799,0.268893529623565,25.0732299726161,59203.546
4.19880862224754,0.271115205569892,25.0768573054553,59206.468
4.19879417280972,0.272133615555207,25.1050745146934,59209.374
4.19896460045534,0.268129230525839,25.1157227849363,59212.296
4.19904578135677,0.2702266608641,25.1345759944957,59215.202
4.19870663309677,0.268016153018344,25.1238116556196,59218.109
4.19870930874796,0.269203292568941,25.114953950215,59221.031
4.19888083516867,0.271314542654656,25.1081680173616,59223.937
4.19879537848888,0.271687234864563,25.1059196169887,59226.874
4.19901259705838,0.27319529713097,25.0868495689253,59229.796
4.19909861513535,0.27043197914076,25.0833509719975,59232.702
4.19922984512021,0.270283625838844,25.1046020269757,59235.609
4.1991840149656,0.270363332486422,25.1080127658439,59238.515
4.19923232544607,0.269697562186936,25.1201706690281,59241.421
4.19934659978785,0.27274523274938,25.1146028271341,59244.327
4.19931021046993,0.266282958714212,25.0997386253604,59247.249
4.19904765307679,0.266898699181725,25.0925038588545,59250.156
4.19927039060971,0.265774870206059,25.0999362528744,59253.062
4.19933621825488,0.271057111837971,25.0945223274158,59255.984
4.19957293890466,0.268420169811201,25.0925814131042,59258.89
4.19964184371461,0.270262667297903,25.090689690099,59261.796
4.19929726192692,0.26823528165893,25.1006603201145,59264.734
4.19945005425734,0.266754590870954,25.0726772603131,59267.64
4.19953790016208,0.266824115091055,25.0296895460229,59270.546
4.19961579475312,0.269046091895109,25.053953446058,59273.452
4.19947313424196,0.270365544981541,25.0393302219728,59276.374
4.19976427889675,0.267972145096164,25.0595930285724,59279.312
4.19971030158055,0.270573865940424,25.078104733691,59282.249
4.19987700124811,0.266128600721899,25.0736060224438,59285.187
4.19997941966345,0.268318996066368,25.0846620528523,59288.156
4.20009133595337,0.267498927534263,25.0860444819176,59291.093
4.199818072441,0.267348726549335,25.0679762336895,59294.015
4.20018579367205,0.268392236386206,25.0709568705138,59296.921
4.19989224856041,0.269545559274435,25.0639746774041,59299.827
4.20041867816536,0.266628067888564,25.0620883482954,59302.734
4.19999558874482,0.26559909376611,25.0451947961282,59305.656
4.20025905018625,0.266470160979571,25.0313184363329,59308.562
4.20009396168389,0.268842718314847,25.0178860630843,59311.468
4.200107211762,0.268353401265784,25.0212511231022,59314.374
4.20026391615015,0.266503389344489,25.0232852816423,59317.281
4.20032144321307,0.268023055922735,25.0211998070066,59320.187
4.20054479570727,0.261313393186611,25.0186978484434,59323.109
4.20032170086218,0.265071316736279,25.0343536487672,59326.015
4.20074699448643,0.266923682811329,25.0315010863077,59328.921
4.19940745359407,0.259049032491584,25.0129810717484,59331.827
4.1993644785835,0.258281559697522,25.0070242726547,59334.734
4.19946061165388,0.255328881474884,24.9948428525186,59337.64
4.19953609556037,0.256902887839604,24.9851789740166,59340.546
4.19964873428521,0.257254195182166,24.9630866956578,59343.452
4.19873026631737,0.242855194855431,24.9775497705619,59346.359
4.19857713585124,0.246831253877697,24.9806974055934,59349.265
4.19850069447752,0.248437792742514,24.9837778918277,59352.171
4.19857231276545,0.248420501940424,24.9867984076871,59355.109
4.19857680484973,0.246812321989207,24.9810742082032,59358.015
4.198696969795,0.245116123413933,24.9773218675391,59360.921
4.19846274567981,0.248577841866671,24.9607838049306,59363.843
4.19836064177164,0.24922056170355,24.9660047308994,59366.749
4.19836249156257,0.249832197701934,24.9764747718181,59369.656
4.19857183525975,0.248730011457124,24.982768916716,59372.562
4.19865974110078,0.248782121475178,24.9829166436365,59375.468
4.19872991774585,0.246299738266937,24.9915945234216,59378.374
4.19850826104073,0.246786608683129,24.997570206914,59381.281
4.19884865614069,0.249006180816814,24.9918862617066,59384.187
4.19853505501125,0.25170995138234,24.9811647340006,59387.124
4.19884665217465,0.242418998583987,24.9613281635745,59390.062
4.19855986968235,0.245866575813936,24.9807600005472,59392.968
4.19895642552328,0.245140288085511,24.9780077881371,59395.906
4.19853305713279,0.250300772326628,24.9721813221881,59398.812
4.19894188411931,0.244222082503894,24.9733955805801,59401.718
4.19850824833378,0.247472642816691,24.9490309373265,59404.624
4.19878820962494,0.249177788593358,24.9458681368113,59407.531
4.19887587372241,0.241891065547528,24.9450438053142,59410.437
4.19884314665134,0.247295273064795,24.9150103304196,59413.343
4.19906788400936,0.246726924321091,24.9264417722671,59416.249
4.19934362293222,0.245050116312803,24.9201014522864,59419.156
4.19924767844487,0.247217764616641,24.9273394695797,59422.062
4.19896910331086,0.249017911090916,24.9204359878444,59424.968
4.19920760310601,0.243611521668819,24.9292438359583,59427.906
4.19899148379038,0.245885199560794,24.9422837128114,59430.812
4.19928803499192,0.242215885952082,24.9457473472759,59433.718
4.19944429787168,0.244299493696314,24.9290147570061,59436.624
4.19917161122607,0.246677455836725,24.9351810678109,59439.531
4.19895100499424,0.248526491422388,24.9128654650604,59442.437
4.1995796811995,0.244048196974877,24.8993836527124,59445.359
4.19922691883567,0.24780116513085,24.90341137379,59448.265
4.19933850419786,0.243660836878444,24.9064927811369,59451.171
4.199552537709,0.245750698447198,24.8975656077545,59454.077
4.19946361840425,0.247954751491287,24.9044881514401,59456.984
4.19946739251348,0.244717301296784,24.8874158188821,59459.89
4.19992286765849,0.241218328899385,24.8926174856091,59462.812
4.19961034780464,0.244423729708237,24.9133161339288,59465.734
4.19956162627179,0.243458783458185,24.926563964489,59468.64
4.1995478832149,0.243893723637114,24.9325222241611,59471.546
4.19996865492497,0.243187297214084,24.9455040202936,59474.452
4.19991505375858,0.246845948300993,24.9219376220959,59477.359
4.19999756305174,0.240171485349636,24.8936650345883,59480.265
4.1998766902032,0.248065014224548,24.8933060466648,59483.187
4.19967043102348,0.248595008231061,24.8922419292945,59486.093
4.1999514940933,0.241584655717877,24.8783779693951,59489.218
4.20001603348958,0.240814796446977,24.8823861954265,59492.156
4.19971321442878,0.243985165379552,24.8792782470114,59495.077
4.19996646087514,0.248540184136395,24.8667947164812,59497.984
4.20016315083719,0.241658496273883,24.8619533160213,59500.906
4.20025167851569,0.244884061994722,24.8739711425346,59503.812
4.20049954862533,0.242002243150556,24.8789945013519,59506.718
4.20013868593274,0.240732772965922,24.8721111043281,59509.624
4.20007057187565,0.24777753927133,24.8694699569602,59512.531
4.20024521894926,0.242660443673074,24.8691844039051,59515.437
4.20044528695648,0.243228726619216,24.8683710457573,59518.359
4.20054871602257,0.246480954611344,24.8610572829048,59521.265
4.20048683156013,0.242406141814087,24.8682246484149,59524.171
4.20082769635798,0.243274187031981,24.856811688863,59527.093
4.19926457313227,0.233351076105262,24.8512930624962,59529.999
4.19934762942808,0.235030373090119,24.83857557129,59532.906
4.19960812590588,0.237858188326462,24.8277456137201,59535.827
4.19945468325467,0.230457708755485,24.8136834497551,59538.734
4.19953875569381,0.235026219268854,24.8152068900843,59541.64
4.19925602719022,0.233634210242602,24.8312933134275,59544.546
4.19945580597366,0.238371641736461,24.8241357887861,59547.452
4.19910095375317,0.237567886273977,24.8070855771517,59550.359
4.19970145834747,0.233117262409509,24.8068057754892,59553.265
4.19938916739072,0.233264692178826,24.8182025031273,59556.171
4.19980820683144,0.235841450965013,24.8282176232464,59559.124
4.19967923128109,0.232987177381111,24.80247964895,59562.046
4.19958345538549,0.236331184192674,24.8082147188308,59564.968
4.19977010960129,0.233547086715204,24.8114737330074,59567.874
4.19970149041277,0.23247788817948,24.8095899920315,59570.781
4.19937792142599,0.234772078583663,24.8359520806871,59573.687
4.19937111485419,0.235762550008056,24.834499310015,59576.609
4.19968381519335,0.234521313310862,24.8289769408404,59579.515
4.19998455411801,0.233397582740557,24.8219114925304,59582.421
4.19991052949948,0.236672841261797,24.8108283843431,59585.327
4.19988738667264,0.231075139753047,24.8186762180204,59588.234
4.19990827329478,0.228652687784322,24.8179592956101,59591.156
4.19997761686511,0.230743549953268,24.8324441628031,59594.093
4.19987626178326,0.23009966423039,24.836961159646,59596.999
4.20016980870747,0.232239332645621,24.8179752755302,59599.906
4.1999298188081,0.234145977321111,24.8121652676417,59602.812
4.20018521855685,0.231474569934059,24.8060749319308,59605.734
4.19986914745635,0.238022280574188,24.7766869877959,59608.64
4.20063343690838,0.229224584640061,24.7677945142019,59611.546
4.19927422567458,0.222856973520682,24.7641836527269,59614.452
4.19937704207492,0.217103600569242,24.7608728516686,59617.374
4.19892727794143,0.228249057169439,24.7636077233903,59620.281
4.19931947101568,0.223250110000494,24.7672769591525,59623.187
4.19933850358202,0.220835050652003,24.7601704594412,59626.093
4.19936902921651,0.222244652209664,24.7453362847434,59629.015
4.19887518889115,0.224570536358831,24.7684714002064,59631.937
4.19944908409,0.223180280676832,24.7626637598887,59634.843
4.19928771229061,0.223320368338077,24.7560911786834,59637.749
4.19945052255748,0.22288414453215,24.760882193242,59640.671
4.1993512117967,0.220944410245037,24.7681580399797,59643.577
4.19937179815318,0.220448284335533,24.7654887618291,59646.484
4.19931092822375,0.222075454639941,24.7678844828704,59649.39
4.19964054461361,0.221236083432916,24.7761100326613,59652.312
4.19953836966619,0.221189148402247,24.7700433758698,59655.218
4.19934251695513,0.220561415525296,24.7702964343609,59658.124
4.19939808703806,0.222599341846093,24.7730815670621,59661.046
4.19926759294924,0.224625099678169,24.7817094360313,59663.952
4.19951997558098,0.22341107138299,24.7811603009427,59666.859
4.19959514011953,0.220309679286698,24.7672762350398,59669.765
4.1993252420923,0.219104979052048,24.7594934027623,59672.687
4.19936120364903,0.218626507897341,24.7468965481505,59675.593
4.19952595617642,0.222242168961104,24.7433570380637,59678.499
4.19903647387598,0.224669507677607,24.7355189482577,59681.406
4.19967946999202,0.224841518049909,24.7133078495714,59684.312
4.19958566264177,0.221733457119151,24.7015769016572,59687.218
4.19938117705159,0.226055058703843,24.702123706122,59690.14
4.19952281317191,0.221606066307648,24.7095240636332,59693.046
4.19973639958676,0.219682087964987,24.7287559222818,59695.952
4.20001977823216,0.221311989692403,24.7340907271936,59698.874
4.19984376181783,0.220350310301387,24.7400663639472,59701.781
4.1997452193173,0.224124620860142,24.7558252192265,59704.687
4.19995258192448,0.222237397323311,24.7339697477006,59707.593
4.19984546568195,0.22095488784659,24.715577388577,59710.499
4.19994447662195,0.219899571510808,24.725729035532,59713.406
4.20027541103798,0.220517222478243,24.7284292435447,59716.327
4.19973901779939,0.224085347178145,24.7243841071345,59719.234
4.20010824570686,0.21988536302155,24.7283112361378,59722.14
4.20019022898477,0.223517413917247,24.7288711303753,59725.062
4.20019432394288,0.221675227533262,24.7409998317648,59727.968
4.1999808477797,0.222688035945928,24.7345433731325,59730.874
4.19994335475115,0.225055628187573,24.7362463542756,59733.781
4.20016120325431,0.222722223053056,24.730546611139,59736.718
4.20032851220213,0.215108421632875,24.7243910269944,59739.624
4.20057108744583,0.220878258959975,24.727242834399,59742.546
4.19945089053931,0.213551888831945,24.7321619133664,59745.452
4.19953080383309,0.212025980259999,24.7345876743924,59748.359
4.1991838828262,0.213244931140872,24.7300118117042,59751.265
4.1991098015518,0.212073619131081,24.7248433315205,59754.187
4.19931752224888,0.209369593267021,24.7237613498109,59757.093
4.1989100042218,0.210631910825516,24.7285834351425,59759.999
4.19963200241121,0.207873561640105,24.7239391364018,59762.906
4.19938487563301,0.209722879635161,24.7222482020101,59765.812
4.19978712905247,0.21082537547096,24.7210350440979,59768.749
4.1994970150478,0.209307764264056,24.7126637917013,59771.656
4.19912095258568,0.210667922567684,24.6936685353789,59774.577
4.1995845721158,0.208449021252406,24.7035067549117,59777.484
4.19945858794054,0.209922582020632,24.7028698191837,59780.39
4.19935335721245,0.211808541945065,24.6925231146396,59783.296
4.19942342781609,0.210648087046873,24.6969065121016,59786.218
4.19981244064225,0.210910447818401,24.694855430219,59789.124
4.19922909483872,0.214239367781548,24.6797321404281,59792.031
4.19997822638296,0.208267916802359,24.6747057077535,59794.937
4.19972381657474,0.206905676125654,24.671651540888,59797.843
4.19970993780207,0.209864862837899,24.63977733415,59800.765
4.19958807684966,0.209694795327697,24.6557953327195,59803.671
4.19980733315789,0.211574397299553,24.6557820137674,59806.609
4.19989482671113,0.209480937880996,24.6479631798914,59809.515
4.20000081614551,0.21113001628648,24.6501055338784,59812.421
4.19951692730046,0.212898957118402,24.6568012483264,59815.343
4.20031061666831,0.210050987890869,24.6472101959978,59818.249
4.19980096886662,0.213411962806807,24.6494022135154,59821.156
4.20003703280169,0.209227746907387,24.6430333270698,59824.062
4.20000576396157,0.207354423028293,24.6369143420289,59826.968
4.19982462649651,0.209682605029746,24.6467526075114,59829.906
4.2001725116496,0.20903203290764,24.658732315454,59832.812
4.19990928515297,0.207103949118998,24.6568150713587,59835.734
4.20009126018697,0.210301048564001,24.6610629617093,59838.64
4.20016966461042,0.211465124865012,24.6475260621702,59841.546
4.20010512165867,0.211424489034136,24.6356798377923,59844.452
4.20040337884651,0.208336434958563,24.6429073585329,59847.359
4.20009004577655,0.209627408944555,24.6494435219811,59850.265
4.20041128504804,0.209558118446253,24.6214698485108,59853.187
4.20038605501895,0.208909604163372,24.6037495814735,59856.093
4.2002066737843,0.208487529675765,24.5961871665125,59858.999
4.20038146866237,0.209265700639077,24.5956175491741,59861.937
4.20064579822383,0.20734539180604,24.5923675237637,59864.843
4.1995012366941,0.200257177346609,24.5826341767286,59867.749
4.19929712990809,0.199665112412201,24.5874037204418,59870.656
4.19897690192336,0.199864037283223,24.5908687164915,59873.562
4.19907087564384,0.19850712996784,24.571893678802,59876.468
4.19940508309648,0.200656609862037,24.5495078901697,59879.374
4.19961672646184,0.197848358232033,24.5368264601651,59882.281
4.19935166099052,0.199317058368088,24.544630903956,59885.202
4.19946174842726,0.201639661697975,24.559078543117,59888.109
4.19923720524939,0.199685342196098,24.5639973241299,59891.015
4.19916074557844,0.200135184217738,24.5806711796171,59893.921
4.19953238998715,0.199847488478727,24.5820808428475,59896.843
4.19945353731134,0.199956214475887,24.5858848915951,59899.749
4.19956081838288,0.19900030096086,24.5985108340564,59902.656
4.19938836040465,0.197871732379212,24.5967978828719,59905.562
4.19960174656807,0.197870901880696,24.5908751593994,59908.468
4.19942451123185,0.199219346502304,24.5853816792146,59911.374
4.19958239537667,0.19788091754336,24.5675676136998,59914.281
4.20013310834002,0.195780798897522,24.58916507828,59917.202
4.19976099133218,0.200870266013729,24.5858517943763,59920.109
4.19958558803818,0.20208576020424,24.594723011942,59923.015
4.19964403860521,0.199826437851847,24.5983878430325,59925.921
4.19987113232695,0.198098619663253,24.5969673410795,59928.843
4.19952294172309,0.199155646444534,24.5720569501858,59931.749
4.19984571904503,0.19703184342175,24.5665093966505,59934.656
4.19989714819369,0.196445644699816,24.579399468367,59937.562
4.19985144011272,0.199336664030266,24.5954593133079,59940.484
4.1997819885487,0.199147736614807,24.5838333813543,59943.39
4.19981770061937,0.200105687718337,24.5769382743674,59946.296
4.20012037250281,0.199494131966952,24.5879063427767,59949.202
4.19985367495975,0.200304361920549,24.6028393043911,59952.109
4.19993813665906,0.196919065943777,24.6076216034026,59955.031
4.20005204248368,0.200202474093825,24.5973919856578,59957.937
4.20013365009267,0.19922969877423,24.5736693336694,59960.859
4.20001905757198,0.199283870514757,24.5647254373918,59963.765
4.19978435457875,0.201647747312378,24.5564015701712,59966.671
4.20010561129209,0.198120512899555,24.5645791975345,59969.577
4.19975553635533,0.197603528387241,24.5324450295155,59972.515
4.20027781762373,0.197258386914278,24.5193343932694,59975.484
4.20038807081568,0.194732744020698,24.5271858434632,59978.421
4.20009186637956,0.194897215242394,24.5200488777897,59981.374
4.20052001170561,0.193988267440903,24.5179028007468,59984.343
4.20013692664958,0.200113104449561,24.5442643631882,59987.281
4.20012767328089,0.19896622113945,24.5297054029817,59990.187
4.20059054768666,0.200294159318768,24.5383099917714,59993.093
4.19969060682049,0.184750579686007,24.5580150764936,59996.015
4.19894146665652,0.189174854297487,24.5507391367297,59998.921
4.19887216795973,0.190288652931735,24.5070358594415,60001.827
4.19962253063775,0.184949120783383,24.5150042461639,60004.734
4.19949110000039,0.18857506188131,24.5168112889376,60007.64
4.19924571397615,0.187536771450691,24.5210645470019,60010.546
4.19941253939903,0.189364358243257,24.513570061562,60013.452
4.19942721731673,0.188677722277835,24.5228272111678,60016.374
4.19908400126334,0.186872974321158,24.5277030483909,60019.281
4.19948553261486,0.184613390530522,24.4992731331446,60022.187
4.19962737967309,0.183614789171353,24.5084410771993,60025.093
4.19942074519463,0.187967304212844,24.5194233186183,60027.999
4.19961199002346,0.183340001368023,24.5085889726977,60030.906
4.19953252337955,0.182667098867903,24.5127186668799,60033.812
4.19973309824611,0.187638638003722,24.5015725146048,60036.718
4.19932603616491,0.187347978670281,24.5151812582015,60039.624
4.19944502144038,0.194863813388785,24.5354388416645,60042.531
4.19948496282811,0.190079757453749,24.5544736309622,60045.437
4.19910998046364,0.185019553504005,24.5370120677554,60048.359
4.19939112110944,0.187920543690953,24.5092563562302,60051.265
4.19957162066303,0.189136223253418,24.5109929398553,60054.171
4.19950723336129,0.187167243357721,24.5143423304289,60057.077
4.19987470293873,0.183233921920304,24.5131023587076,60059.984
4.19956792775347,0.191011280295432,24.4979804290785,60062.89
4.19965059741403,0.187782083648068,24.4877361065666,60065.796
4.19943331387987,0.189935290001581,24.471781681291,60068.702
4.19955223418894,0.188185647611632,24.4703189385741,60071.64
4.19970484705153,0.183730740282897,24.4847162519031,60074.546
4.19940230847941,0.192536648281016,24.4954683320307,60077.452
4.19982805876983,0.189245675520062,24.4902102971989,60080.39
4.19958032189773,0.187450458843808,24.47965065453,60083.296
4.19966000302265,0.187590390984741,24.4968125534685,60086.218
4.20011659994791,0.182609126908854,24.5100636417714,60089.124
4.19987193544642,0.186220258781382,24.4848004980285,60092.031
4.19992614877919,0.186794876604513,24.4898039848966,60094.937
4.20022147705365,0.186293989057376,24.4968333464831,60097.843
4.2002032297395,0.18385798722449,24.4667607444455,60100.749
4.20034140181901,0.187672203297309,24.4642233495944,60103.656
4.19980751512697,0.187559264424294,24.4525260761702,60106.562
4.1999509475547,0.190311727291538,24.4403716527774,60109.484
4.20025016090557,0.184567621909354,24.4409297760633,60112.406
4.20005337976427,0.187411320214306,24.4330232098173,60115.327
4.20009380032073,0.18435443447723,24.4360168518494,60118.234
4.1999893202083,0.188945316304038,24.4685991686517,60121.14
4.20054103913673,0.185058893599368,24.4678413219332,60124.046
4.20032690818326,0.189741710301801,24.4679519883322,60126.952
4.20037856385423,0.186487343075806,24.4640954918344,60129.859
4.20015220904476,0.187906774484653,24.4492081539334,60132.765
4.20027916283386,0.183760987867548,24.4384147316602,60135.671
4.20038837706914,0.188182890748903,24.4275419281284,60138.593
4.20038778854125,0.184632087694796,24.4045164468066,60141.499
4.2005959805053,0.180973171646509,24.431726118161,60144.406
4.19911811657561,0.185010308894626,24.4399808640518,60147.312
4.19929723126898,0.176239275246893,24.4410396377353,60150.218
4.19935746955291,0.175581226592067,24.4531973205276,60153.124
4.19919652468686,0.178182676321286,24.4460511384619,60156.046
4.19935537431867,0.177731579737824,24.4639847892344,60158.952
4.1994373992146,0.178879110338446,24.4772652576613,60161.859
4.19974408612037,0.174891593003392,24.4664454182908,60164.765
4.19927974029256,0.180441724292224,24.4492570146824,60167.671
4.19940007432853,0.174818282032682,24.4527496719122,60170.577
4.19910992325108,0.182703366991795,24.4446754055213,60173.499
4.19926361915172,0.17855289247196,24.451747325516,60176.406
4.19943343705364,0.1778074256323,24.4483147114246,60179.312
4.19954164952931,0.176110386934605,24.4504184003633,60182.234
4.19973393601951,0.176215524230332,24.4553482047861,60185.14
4.19928623239807,0.177012373667893,24.4561617567325,60188.046
4.19964972685821,0.1733897178419,24.4579331017368,60190.952
4.19918809650502,0.176926047268881,24.4585556971087,60193.859
4.19937861622009,0.179282102595509,24.4566280994163,60196.765
4.1995569322058,0.176577978248249,24.4521256782537,60199.671
4.19921463629867,0.178430942181115,24.4572667530589,60202.577
4.19955223484445,0.177689773154345,24.4639915690855,60205.499
4.199617740061,0.176229656476638,24.4584293179533,60208.406
4.19955982377515,0.174890907152177,24.446990107789,60211.327
4.19984945456634,0.173340878117984,24.4084937005541,60214.234
4.19958163414634,0.176934636382935,24.4182215960372,60217.14
4.1995830604622,0.178766694620247,24.4229773689171,60220.046
4.19959056377842,0.17898314927934,24.4140100042482,60222.952
4.19981692060936,0.17449627718512,24.4157649830466,60225.859
4.19992033683531,0.173386714889772,24.4277020042459,60228.781
4.200048266963,0.177004902221284,24.4271363233429,60231.687
4.1996134813319,0.177262629591757,24.436702693913,60234.593
4.19980398173764,0.176566202204617,24.4215341605553,60237.499
4.19987377297246,0.174594195129717,24.4210926215592,60240.406
4.19966860722106,0.173745191371802,24.4112734371898,60243.327
4.19976051318209,0.177496639004513,24.4190228048237,60246.234
4.20000421716806,0.176259438195893,24.3868939578096,60249.14
4.19981700285475,0.173937803499394,24.3851296693602,60252.046
4.19981238870843,0.181413042781306,24.4047423589407,60254.968
4.19984513797351,0.174867710902997,24.3992997355196,60257.874
4.20020371140477,0.173836144569487,24.4012384516377,60260.781
4.20050892658297,0.172435139934134,24.4215433323011,60263.687
4.20027300014134,0.174665671382533,24.4246359196336,60266.593
4.20013065463985,0.1770108079137,24.4353539634232,60269.515
4.20010272354973,0.172123812319739,24.4422286774675,60272.421
4.20013094468106,0.17498112503878,24.4385382449738,60275.327
4.20044076356217,0.175338045663284,24.429391002918,60278.249
4.20041747032211,0.174154873078712,24.4287291619666,60281.156
4.20039788422397,0.173949312349555,24.4114361740862,60284.062
4.20014530742504,0.175332492507121,24.4041728419877,60286.968
4.20055173256209,0.175713445743257,24.4092739307658,60289.874
4.20021482062385,0.17533237794438,24.4034381280307,60292.796
4.20017481502834,0.172812561960937,24.3981632472027,60295.702
4.20036722214855,0.178389664035804,24.3951471718426,60298.609
4.20041523783117,0.177355631010533,24.3869607465597,60301.515
4.20023508792091,0.180459894462968,24.3805743777039,60304.421
4.2005371311812,0.173462892305009,24.3815247736653,60307.343
4.20063921549141,0.175519186676807,24.3743362982571,60310.249
4.2003216461068,0.176098220003838,24.3578585398472,60313.156
4.2005145410745,0.17430833861047,24.3406879192708,60316.062
4.20078094274126,0.172485724591326,24.3491935201309,60318.984
4.20066431082215,0.173529616699903,24.3583278476328,60321.89
4.2006100361633,0.173421636464767,24.3678868772391,60324.796
4.20084324027177,0.175222471069539,24.3803249703257,60327.702
4.20064556220502,0.177281881621803,24.3921806038978,60330.609
4.20066986487769,0.176809412535206,24.377437430448,60333.531
4.20102152466367,0.174258758913123,24.3793088786894,60336.437
4.2008219983438,0.175726070955387,24.3831738630671,60339.343
4.20075447410606,0.176244075272772,24.3796149311041,60342.281
4.20108608402831,0.173276623064653,24.3823743022527,60345.202
4.20115733504214,0.175175229505047,24.3886147114027,60348.109
4.20086530474096,0.173163619341432,24.3608914149728,60351.015
4.20115929000644,0.17206758727458,24.3632225657261,60353.921
4.20118278682117,0.172943536971798,24.3440874980457,60356.843
4.20079990151872,0.173816422142449,24.3602749982413,60359.749
4.20113101714868,0.172862067608924,24.3496253140865,60362.656
4.20083838749593,0.173652681995393,24.3437332254525,60365.562
4.20132630259326,0.171726510506014,24.3569086560968,60368.484
4.20110495891332,0.173348476648659,24.3591446116905,60371.39
4.20105817585663,0.1757062286138,24.3621294431091,60374.327
4.20144261674693,0.171237153863398,24.3733459465032,60377.234
4.20133793147926,0.173426165823733,24.3747375868462,60380.14
4.2011390454071,0.173946649311445,24.3714683627176,60383.046
4.2013298100547,0.174425812168375,24.3833938398286,60385.968
4.20134546920151,0.173293623284245,24.3791198367465,60388.874
4.20128016026112,0.175155812607582,24.3594507538128,60391.781
4.20146457205364,0.174071504922836,24.3584235892392,60394.687
4.20114221435388,0.176104596667147,24.3683057094278,60397.609
4.20139534949736,0.173214053078358,24.3786979112788,60400.515
4.20151242132365,0.173907442541874,24.3790542035223,60403.421
4.20163084864962,0.173268781387075,24.354329066717,60406.327
4.20063490711889,0.15856582104311,24.3457492598814,60409.249
4.19936912476452,0.155418075673938,24.3581111794532,60412.156
4.19946271003655,0.153012793377762,24.3630716293246,60415.062
4.19908337039737,0.155769915466055,24.3526450253589,60417.968
4.19920740653729,0.154072159646879,24.3513156701826,60420.874
4.19919161658549,0.156837095988328,24.3546031379096,60423.781
4.19930057314598,0.155983673736042,24.3714348169283,60426.702
4.19951600209427,0.154976088521798,24.3690475473467,60429.609
4.19920780624816,0.154348144710968,24.3586293175073,60432.515
4.19892722241604,0.154071302408254,24.3613409050281,60435.421
4.19892708865482,0.157863147984552,24.3594334770759,60438.327
4.19915430584118,0.156864200210387,24.3557284929145,60441.249
4.19929918473249,0.153307588795509,24.3402644741251,60444.156
4.19913939238373,0.157266188571204,24.3415768323521,60447.077
4.19902837496481,0.153365181212138,24.3265104482527,60449.984
4.19914229684641,0.154627984822546,24.3236217207103,60452.89
4.19911932055521,0.154979547322072,24.3243884991719,60455.796
4.1991653897479,0.155804652470612,24.3335694614166,60458.702
4.19906890818105,0.154941097614189,24.34758958043,60461.624
4.19933153691345,0.151375893037826,24.3428849366887,60464.531
4.19923578573868,0.154542287486787,24.3336884227332,60467.437
4.19908259686272,0.153054463368478,24.3365668275913,60470.343
4.19925013486195,0.155604514504855,24.3379578905231,60473.265
4.19927204606134,0.155624629652089,24.3471335131675,60476.171
4.19906135344244,0.154571147866643,24.3246762352669,60479.109
4.19883361471228,0.155064197783898,24.3302007464756,60482.015
4.19918411464032,0.157554678213569,24.3370760285385,60484.937
4.19907665429256,0.151745704885723,24.3312212565997,60487.843
4.19938680799339,0.152496525600686,24.3173300213509,60490.749
4.19887833325178,0.154625942779958,24.3191189470998,60493.656
4.19924464338927,0.15334340203251,24.3125497833016,60496.562
4.19933765681524,0.152154492341881,24.3161239670114,60499.484
4.19950601842619,0.151559887404598,24.322861702735,60502.39
4.19903530848753,0.157435566465653,24.3180853509446,60505.296
4.19924287338988,0.151451202383717,24.2976940741756,60508.202
4.19893972590896,0.153472653994411,24.2883014796375,60511.14
4.19944077269935,0.156197143686943,24.2837639576776,60514.046
4.19938736767055,0.154084900858656,24.2707617700368,60516.968
4.19937549151197,0.149633054303897,24.2588371018491,60519.874
4.199329102435,0.15529090391573,24.2523640478324,60522.781
4.19946644629053,0.155724012605286,24.2716697702701,60525.687
4.19914405985426,0.155558398827016,24.2885585977948,60528.609
4.19935262826356,0.15738484827208,24.2958605999455,60531.515
4.19893994523455,0.151320558078279,24.307336046797,60534.421
4.19965173352304,0.155827843871823,24.303539310649,60537.327
4.19957649640888,0.154388857257842,24.2882110660183,60540.234
4.1994907149847,0.154599067078732,24.2750274693891,60543.156
4.19941823452818,0.157751530748796,24.2844299675082,60546.077
4.19952135637376,0.152325483843945,24.3009482770103,60548.984
4.19998822395504,0.152253074479691,24.3085047079116,60551.89
4.19949349169147,0.155310172777783,24.317480225812,60554.796
4.19963409595989,0.154621081970749,24.3133112653069,60557.718
4.19936175254049,0.145337605324107,24.3009492088673,60560.624
4.20026778220457,0.152335914501873,24.2976271335696,60563.531
4.19942491240024,0.154311685267628,24.3092075596598,60566.452
4.1996567759798,0.154533030036665,24.3073771586796,60569.359
4.19959491684117,0.158594201074585,24.308229736087,60572.265
4.19971662038785,0.151929480847289,24.2888396624236,60575.171
4.19972566166202,0.153062527775048,24.2935086469882,60578.093
4.19987037458105,0.154621541139409,24.2913345318606,60580.999
4.19969085338823,0.153172004410335,24.275516288699,60583.921
4.19961178159691,0.152853401171508,24.2885247002024,60586.827
4.19983915395737,0.15423179462041,24.2834147373205,60589.734
4.19983191684373,0.150973317831449,24.2853912156534,60592.64
4.20001504977105,0.152469072542917,24.2927262369266,60595.546
4.20031962382758,0.152563648372129,24.2981938544668,60598.452
4.19968621001886,0.152145656413157,24.2912654742804,60601.359
4.19977653481462,0.152927414398845,24.2965343041543,60604.265
4.20015572275264,0.154189553188832,24.2905402895104,60607.202
4.19987867232893,0.151705752085804,24.2855328527587,60610.109
4.20007519157941,0.153268343137374,24.2792967158988,60613.015
4.20003627157218,0.15304085317802,24.2642971246393,60615.937
4.19993514251693,0.154429741502205,24.2444113938216,60618.843
4.20013823440646,0.153058763077638,24.2319189211717,60621.749
4.20017856412425,0.152754941889647,24.2435031289651,60624.671
4.20011965266435,0.154295761165125,24.2514338786597,60627.577
4.2001526834684,0.15253145629793,24.2555434434249,60630.484
4.20031929873218,0.152960253203141,24.2629285630434,60633.39
4.20016125759604,0.155975032492056,24.2522736540497,60636.296
4.20027543456527,0.154140396265433,24.2510935321792,60639.234
4.20042226331821,0.154871677071796,24.2360394411982,60642.156
4.200380824596,0.156267291154077,24.2275061571744,60645.062
4.20079255165785,0.15185215196382,24.2303683332614,60647.968
4.19910738361239,0.13891277945834,24.2364636819789,60650.874
4.19895641177372,0.143268617989877,24.2409085607339,60653.796
4.19855600204511,0.143137432940045,24.245806027357,60656.702
4.19914161140329,0.142666775560879,24.2510826160469,60659.609
4.19933209614905,0.145065972681992,24.2470056664853,60662.515
4.19939969357574,0.139959513177345,24.2534203466829,60665.421
4.19877792809957,0.14406401831726,24.2526909494266,60668.343
4.19898278802822,0.142353378683728,24.2735367367743,60671.249
4.19937505407428,0.140047906605995,24.2626401132669,60674.156
4.19887618134586,0.142057772973786,24.2659234463547,60677.077
4.19970939221438,0.144847025826981,24.2709780263936,60679.984
4.19909034204122,0.141684307087819,24.2640892922847,60682.89
4.19880742883423,0.147109342827662,24.2583558009245,60685.796
4.19914475391958,0.138418007145917,24.2519959447791,60688.718
4.19894978389466,0.142202226062293,24.2493717513339,60691.624
4.19963711741797,0.144868168994435,24.24388786593,60694.531
4.1991642471217,0.145669926174461,24.2391576634071,60697.437
4.19906517328018,0.143405699882876,24.2290103508136,60700.343
4.19936655937642,0.141559622269851,24.2340705651569,60703.265
4.19926792778999,0.145887677509667,24.2203294139489,60706.171
4.19936327461158,0.143391128403016,24.1959326786759,60709.093
4.1991963682019,0.143996329346443,24.2037183559721,60711.999
4.19885232872703,0.14423615127817,24.2183582023345,60714.906
4.19946219076796,0.140059445244111,24.225001278283,60717.812
4.19917208810875,0.141890334509371,24.2194251199351,60720.734
4.19939407687278,0.14296801826711,24.2238280917828,60723.64
4.20005802103766,0.139127979811986,24.2230571175048,60726.546
4.19946058069091,0.145138481737066,24.2356495987291,60729.452
4.19946209859052,0.146569383689832,24.2294990852144,60732.359
4.19930574225916,0.146535510162322,24.2407224580692,60735.281
4.19954499503646,0.145342528506467,24.2398090452428,60738.187
4.19898535568039,0.143398950902741,24.2459188435018,60741.093
4.19935468430178,0.144954537163415,24.2313718729452,60744.015
4.19961121117691,0.14089481955646,24.2343115229578,60746.921
4.19940090996156,0.140668652374547,24.2191706723912,60749.827
4.19939215317851,0.141834373822656,24.2227437389848,60752.734
4.1991088750973,0.140549569539731,24.2227514088758,60755.64
4.19961283657633,0.142249366750437,24.1971157342669,60758.562
4.19918882594964,0.143752464262395,24.1971648721047,60761.468
4.19927995048236,0.143987256967501,24.2054829903608,60764.374
4.19974096531879,0.140744137580333,24.2195559154444,60767.281
4.19947077297705,0.140969066322616,24.223333431593,60770.202
4.19986857021936,0.141531365824699,24.2294188687228,60773.109
4.19974823981291,0.140277923082522,24.2373496606964,60776.015
4.19939453583852,0.142221635205766,24.239922890341,60778.921
4.19953510067504,0.139375646916025,24.2514152152576,60781.843
4.19932143668,0.142305274682686,24.2458797368636,60784.749
4.19967601556569,0.142324429638152,24.244520128352,60787.656
4.19951826648836,0.142256521077425,24.239242823261,60790.562
4.19982402523342,0.143228692517513,24.2412713526612,60793.468
4.19966273319247,0.140320668780651,24.2463622883079,60796.374
4.19991405634789,0.140817668596705,24.2478650472006,60799.281
4.19981613913848,0.142653015659676,24.2493902086086,60802.202
4.1997119061483,0.141641779146991,24.2393976016449,60805.14
4.19982733105484,0.141967042825606,24.2401377721256,60808.046
4.199770852121,0.142187122988019,24.2414485864148,60810.952
4.19993001479847,0.141752826991003,24.2357615014423,60813.874
4.19984591933122,0.142160084772675,24.2367808384035,60816.781
4.20019815304447,0.141650620380056,24.2313197127506,60819.687
4.19986245109096,0.141179930555302,24.2401738279626,60822.593
4.19976538301828,0.141564770824796,24.2314064449282,60825.499
4.20021929332061,0.141328434997178,24.2343214248745,60828.406
4.20003706047368,0.142949548176426,24.2314472811469,60831.327
4.20018864506033,0.139224778481095,24.231622430164,60834.234
4.20000702098509,0.137591678599695,24.2189206419582,60837.171
4.20016639550599,0.140719802450138,24.2176986657746,60840.077
4.20010270988596,0.143292152158292,24.2170366994487,60842.984
4.19993259405775,0.140254227059324,24.1984434765275,60845.89
4.20029382838742,0.14082724568854,24.198254013732,60848.796
4.19984062196717,0.142168424842919,24.1971933276362,60851.702
4.20006252137175,0.138311982424724,24.1969735819834,60854.624
4.20014859325593,0.14225775503741,24.1716166269566,60857.531
4.2002974020943,0.139981677473605,24.1734891841258,60860.437
4.20008355917748,0.139945924885059,24.1682360318884,60863.343
4.20007967814564,0.141650766696192,24.182628073013,60866.249
4.20020861803748,0.142452186617451,24.1797409618358,60869.171
4.20032471573105,0.137574705789433,24.1848491951695,60872.077
4.20040284532934,0.14369881264446,24.1834359730478,60874.984
4.20029021273372,0.143372054033015,24.1788262110542,60877.906
4.20028048021727,0.142877242234011,24.182702475093,60880.812
4.20018577296266,0.142095491091147,24.1667938415908,60883.718
4.20020696751617,0.140648060727521,24.173311074594,60886.624
4.20036206717813,0.141219705433174,24.1706153848827,60889.531
4.2004240942729,0.138469913460251,24.1786732186497,60892.452
4.20041377582808,0.140570086827411,24.1655766473676,60895.359
4.20044199174929,0.137854097472079,24.1786212409438,60898.265
4.20063830186471,0.136902386950103,24.1887523795115,60901.171
4.19952022068312,0.133963809223915,24.1822695165611,60904.093
4.19915338731045,0.132522359429295,24.1975686494557,60906.999
4.19963061082764,0.132579359150267,24.1936881113808,60909.906
4.19943744419323,0.130565412515142,24.1995613871006,60912.827
4.19976128427138,0.128128437347497,24.190062278888,60915.734
4.19968138621143,0.132311339690516,24.1919452382276,60918.64
4.19979150333076,0.128014816778549,24.1934291042378,60921.546
4.19954527677741,0.130577263909671,24.1896984827479,60924.452
4.19943962339013,0.132263680616165,24.1910958376917,60927.359
4.19915873919276,0.129508037886491,24.1887711510414,60930.265
4.19934960996727,0.131738691212211,24.186720500543,60933.187
4.19924255775745,0.128822452566608,24.1920759880298,60936.109
4.19938583869777,0.129899816683043,24.1832499287344,60939.015
4.19950589528589,0.131842164455424,24.1831671005783,60941.921
4.19958091878033,0.133305266008784,24.1831932253557,60944.827
4.19921735956636,0.128991471469606,24.1815368479713,60947.734
4.19931600920744,0.130406493781679,24.1721586387894,60950.64
4.19970616482266,0.127881016064693,24.1784044521414,60953.562
4.19941479538802,0.130784607291148,24.1696562062066,60956.468
4.19953327037324,0.12734150444445,24.1753432815628,60959.374
4.199598811422,0.127779623962055,24.1773199921625,60962.281
4.19964545515308,0.13114976245093,24.1784508684748,60965.187
4.19953149617259,0.12986215848337,24.1756104752419,60968.109
4.19930302631306,0.131747426626858,24.1820247251824,60971.015
4.19958028358087,0.131983208917565,24.1878350163591,60973.921
4.19970572631867,0.128851043021877,24.189888425783,60976.859
4.19962275672754,0.130365340731089,24.1744464385247,60979.874
4.19956147558527,0.132278579025638,24.1699049698623,60982.781
4.19946900380897,0.13057169786998,24.144465816213,60985.734
4.19978751361601,0.130640325559934,24.1562965971466,60988.64
4.19952066505252,0.130196020272895,24.1644042786626,60991.546
4.1994345581796,0.128493064364617,24.1607935932933,60994.468
4.19966606926117,0.128653291635171,24.1607300052128,60997.374
4.19961724920782,0.128183647332664,24.1575255764552,61000.281
4.19980091247282,0.124365035068668,24.1562703575837,61003.187
4.19994494687559,0.133980927261815,24.1496989955384,61006.093
4.19978666958722,0.130188246571325,24.1574385465539,61008.999
4.19986740245862,0.13162075819774,24.1541728690433,61011.906
4.19976247505341,0.130851378738893,24.1547649674559,61014.827
4.20001019652387,0.129586501106959,24.159036215347,61017.749
4.19969099097606,0.128836772569383,24.1457668757001,61020.671
4.19994211156453,0.130385419451043,24.1466944045349,61023.577
4.20006895873121,0.130182111156844,24.1289291200748,61026.484
4.19988409151756,0.128441678326235,24.1210570247303,61029.39
4.19954801761584,0.131009275045594,24.1219393174684,61032.296
4.19957907315456,0.128887080864735,24.1224150931789,61035.202
4.19971097293298,0.132877027024957,24.1190277652195,61038.124
4.19982578122844,0.1329529697885,24.1184496338654,61041.031
4.2002658631799,0.136504038902627,24.1230179639429,61043.937
4.1999195163032,0.126007911240359,24.1343526116824,61046.843
4.20012985829583,0.128560137889587,24.1356042084773,61049.765
4.20014365228403,0.13149475333161,24.1492663361289,61052.671
4.19994453366116,0.129312816865179,24.1576963111932,61055.577
4.1999501921252,0.131001356151573,24.151149387482,61058.499
4.20006662548384,0.130272014871461,24.1666296663091,61061.406
4.19997812799185,0.128685175101217,24.1637765998679,61064.312
4.19999850368801,0.131621928234553,24.1656253513339,61067.218
4.20005892030822,0.131331784821689,24.1544966002541,61070.124
4.20008367556045,0.127200725349928,24.1569132363769,61073.046
4.20005368754817,0.128340678806406,24.1510753957066,61075.952
4.20018019205857,0.129390789375737,24.1445981797819,61078.859
4.20001121811282,0.129306961228423,24.1439409644161,61081.765
4.20006102517396,0.129079968489982,24.1320201860275,61084.687
4.1999484960841,0.131155491468326,24.1255736593243,61087.593
4.20056533925952,0.129061151385267,24.1184683011717,61090.499
4.19926095913808,0.121737182727287,24.1174969838021,61093.421
4.19931361322074,0.120536833044062,24.1112663650771,61096.327
4.19908981005272,0.122659516961565,24.0909839296411,61099.234
4.19910087363754,0.11867717313459,24.089020356011,61102.14
4.19900331622789,0.121335672524156,24.1018431204894,61105.046
4.19896217708458,0.119392032584112,24.1007848298124,61107.968
4.19905753711306,0.120913014105376,24.104632249285,61110.874
4.1991558668,0.1199451118649,24.1208480557763,61113.781
4.19937647201317,0.118629154194578,24.123557721204,61116.702
4.19899394237645,0.122336558098189,24.1018366648898,61119.609
4.19919528460178,0.120252998102124,24.1102172501622,61122.515
4.19916342440371,0.116896576366525,24.1120389755157,61125.421
4.1991047130335,0.117427485085632,24.1131209893336,61128.343
4.19918300389676,0.12366547864772,24.1093462898886,61131.249
4.19896957116445,0.121722992090573,24.1060015062792,61134.171
4.19908851590382,0.119499579270998,24.0964467971352,61137.171
4.19916429642222,0.12059782911485,24.0860827019541,61140.187
4.19904485515944,0.120752764206395,24.0977628108347,61143.187
4.19915166576175,0.120363158374289,24.1004787500354,61146.187
4.19884558965019,0.121042055593051,24.0912752962786,61149.171
4.19921411423771,0.120344689531401,24.0900166531783,61152.14
4.19897426668793,0.119381874810554,24.0996398667714,61155.109
4.19890477274399,0.122298571130037,24.0915499105819,61158.077
4.1990327298356,0.121251835662521,24.0797135973703,61161.062
4.1992504736131,0.119801540598358,24.0913934286301,61163.984
4.19905180644018,0.118460116564391,24.0965899612113,61166.906
4.19899615124892,0.121914036500926,24.0932569685365,61169.812
4.19919376179728,0.121321011771248,24.0988435831242,61172.718
4.19908508309828,0.12013183959929,24.1080771152693,61175.624
4.19931129175035,0.122541862999008,24.1123792138694,61178.531
4.19927451901908,0.118119377734672,24.1183836879731,61181.437
4.19937065302723,0.120807829454014,24.1190529986709,61184.343
4.19918376385217,0.118851349029461,24.1283035106371,61187.249
4.19942230215537,0.117382727639196,24.120989642382,61190.156
4.19923455929068,0.120028189847548,24.1125455507896,61193.062
4.19921647880325,0.119210589757343,24.1065648020501,61195.968
4.19910501256853,0.120777633875807,24.1008758720822,61198.874
4.19927192379025,0.118950087346913,24.1030658681636,61201.781
4.19930501036115,0.120720624639113,24.0936844647595,61204.687
4.19919890465859,0.118518256129271,24.0937071613745,61207.593
4.19953314037252,0.120465122475793,24.0886732899466,61210.499
4.19916508613105,0.121825654335809,24.0918343015149,61213.406
4.19945991303636,0.119054469708019,24.0860236156188,61216.343
4.19943856828899,0.120244096560168,24.0972490717945,61219.249
4.19938892645669,0.12003257503308,24.0883663776946,61222.156
4.19921556469273,0.121986898281374,24.0827968900929,61225.062
4.19951608740089,0.117243645943865,24.069945985604,61227.984
4.19939075678617,0.121203237183635,24.0668138187496,61230.89
4.19942308156844,0.120073705540738,24.0553969473877,61233.796
4.19957126352595,0.121550290296549,24.047140969064,61236.702
4.19942892850592,0.119797100076871,24.0496453407129,61239.624
4.19961738092829,0.11873510533762,24.0607923451045,61242.531
4.19940512356871,0.119889131922798,24.0753124884744,61245.437
4.19977801455075,0.120770670683885,24.0865908719918,61248.374
4.19958625243718,0.120764588421096,24.0985990169906,61251.281
4.19969914174608,0.117561278501029,24.0878382776094,61254.187
4.19970432393085,0.118846088846869,24.0890482183009,61257.109
4.19977118469191,0.118778028060374,24.093148608156,61260.015
4.19966718880831,0.118718880499607,24.0940311074709,61262.921
4.19981831709806,0.120268427637826,24.0975929854599,61265.827
4.19988274571022,0.118523481069376,24.0939740940079,61268.749
4.19967794488538,0.118414627745594,24.0815962147167,61271.656
4.19977524208021,0.119666248883466,24.0806374021349,61274.562
4.19957852039445,0.121530073951129,24.0852657739249,61277.468
4.19952916101253,0.119121922145615,24.0782945947906,61280.39
4.19987682850481,0.117730836760652,24.0783312434064,61283.296
4.199779950937,0.122138015180638,24.0667049454856,61286.218
4.1998986091296,0.115832032211592,24.059944856085,61289.124
4.19973936603135,0.119372904596109,24.0485862791362,61292.031
4.19975876925666,0.116743585740422,24.0574227993661,61294.937
4.19973776488298,0.118711294204049,24.0620822378967,61297.843
4.19965538934369,0.119483540743001,24.0588900166222,61300.765
4.19969227427614,0.119174682935832,24.0615418463809,61303.671
4.19983584053834,0.117538837571388,24.0527106683601,61306.577
4.20001720690243,0.118529580935684,24.0427458687047,61309.484
4.19984259020803,0.118226411952721,24.021411524466,61312.39
4.19978159308987,0.119284862190896,24.036788691948,61315.312
4.199937479856,0.115698607020801,24.0534482761456,61318.218
4.20002483786108,0.120035560474678,24.0581498420673,61321.124
4.19984475746461,0.119066825016123,24.0583661312106,61324.031
4.1999059583031,0.117452276253543,24.0508581358428,61326.952
4.19997028356737,0.118676263472075,24.054505947028,61329.859
4.2001290862744,0.12065830912075,24.0580482788896,61332.765
4.20012454137325,0.118317014132316,24.0639912191865,61335.671
4.19999357970126,0.116098879595971,24.0780590621887,61338.593
4.20022678182372,0.11886836058341,24.0666138648913,61341.499
4.20004321267288,0.117692806577786,24.0422980359345,61344.406
4.20000112195115,0.116928962020344,24.0438407641694,61347.327
4.20020644496336,0.117908218872938,24.0382482946602,61350.234
4.19995688904728,0.118791987887399,24.0318251001426,61353.14
4.20021235510906,0.121383637378252,24.0396905129712,61356.046
4.20025607219286,0.119428630020832,24.0445566951229,61358.952
4.20019851442963,0.118339424884748,24.0567715793496,61361.874
4.20029441365408,0.11740738700701,24.0514978442659,61364.781
4.20018989235273,0.120129270562962,24.0484237112515,61367.687
4.20043294754468,0.117882178670064,24.0502785361269,61370.593
4.20041815925318,0.118722046931545,24.0572663286406,61373.499
4.20034207405692,0.119237303549379,24.0601451910205,61376.421
4.20044704719526,0.120852036159982,24.051386370204,61379.327
4.20038991932654,0.116625395603726,24.0551958048245,61382.234
4.20050838384221,0.11754556977268,24.0443409626125,61385.156
4.20045857373533,0.118041468358169,24.0363403686205,61388.062
4.20067669755412,0.120809276258306,24.0385298034534,61390.968
4.20038532848956,0.118652225511503,24.0318694424062,61393.874
4.20039182916234,0.119319564108329,24.0356747127042,61396.781
4.20046328469128,0.116878171718104,24.0408764238499,61399.702
4.20039483675299,0.118137478707227,24.0457929641589,61402.609
4.20058353269546,0.117909608183522,24.0485128209224,61405.515
4.20053659759826,0.115791419914599,24.043860484053,61408.421
4.20069192082389,0.117094772711873,24.033987118309,61411.343
4.20048077559216,0.118001618383911,24.0282437682873,61414.249
4.20046123204986,0.11983086569838,24.0241421771404,61417.156
4.20074734211185,0.117029272404474,24.0243885341264,61420.077
4.20054625167259,0.113600871535831,24.0198874276692,61422.984
4.20081319762476,0.116590957712371,24.0242597262057,61425.89
4.20084499811903,0.117481435394395,24.022420037709,61428.796
4.20068276251025,0.117257525387612,24.0275770925442,61431.702
4.20072532190911,0.115373651112173,24.0275384734952,61434.624
4.20072468335454,0.117835872126646,24.0210818705119,61437.531
4.20069387586299,0.119573906492045,24.026953904897,61440.437
4.20081482473889,0.116747233309867,24.0247689562017,61443.359
4.20055075724355,0.113685914747652,24.0221661636061,61446.265
4.20092590743545,0.116087661241302,24.0165663650374,61449.171
4.20081905361655,0.116397592369263,24.0126980612108,61452.077
4.20093228878225,0.115384048145193,24.0133974711441,61454.984
4.20088953312389,0.115917578846105,24.0096791117738,61457.906
4.20069739531129,0.118767902369949,24.0044983993844,61460.812
4.20089139491817,0.116893032125456,24.0085565260207,61463.718
4.2008520049972,0.117536688851639,24.0200637125605,61466.624
4.20094153624235,0.114978381853352,24.0183583227462,61469.531
4.2012289484925,0.114187122445916,24.0188385522727,61472.452
4.20092727146348,0.117929177177274,24.0202820922336,61475.359
4.20114618602649,0.116867438684971,24.0245672898822,61478.265
4.20114339209435,0.116975672870314,24.025563708758,61481.171
4.20089270691882,0.117734788060867,24.0289336512264,61484.093
4.20101805142127,0.117879913794314,24.0312046802995,61486.999
4.20113647533777,0.112009530371499,24.0402825883223,61489.906
4.20118393080756,0.118199540683567,24.0319668112454,61492.812
4.2012858148494,0.116471744532,24.0304533379169,61495.718
4.20122005364654,0.11389139451384,24.0355873949357,61498.64
4.20113741829938,0.117971683409342,24.0284270770263,61501.546
4.20122003169655,0.116711315754906,24.0211099363729,61504.452
4.20123722553701,0.115987381666796,24.0058161693665,61507.39
4.20114851406299,0.110380449871347,23.9907990110309,61510.296
4.20143231596717,0.117389372233499,24.0037627967987,61513.202
4.20139081951292,0.117851043779224,24.0074649126066,61516.109
4.20137963349453,0.117121223531672,24.005993391321,61519.015
4.20109643298119,0.114813022238892,23.9967509716406,61521.937
4.2014174570494,0.114309450686446,23.9962789687845,61524.843
4.20128259529256,0.114274090412872,23.9902589480654,61527.749
4.20145202243452,0.116033926892889,23.9946759972339,61530.656
4.20145142105367,0.115928642400796,23.9988505510657,61533.562
4.20186631966396,0.112375898230919,23.9990011096106,61536.468
4.20021896342554,0.105562427946162,24.0000065573328,61539.406
4.20040667427903,0.107216871557125,23.9966464387564,61542.312
4.20044599815138,0.102832049237284,23.995997932239,61545.234
4.20031904743425,0.103282680089513,23.9875503427536,61548.14
4.20033409050896,0.106832266200032,23.9955491546909,61551.046
4.20036154276029,0.10741588357984,23.9935236563091,61553.952
4.20026157467526,0.105601405655934,24.0000521334706,61556.859
4.20037447817034,0.104888745834159,23.9993448119864,61559.781
4.20056273758244,0.103290555038211,23.990133974235,61562.687
4.19907906730193,0.0953374071134575,23.9958772199308,61565.593
4.19918295807876,0.0963907284492771,23.9971971045624,61568.499
4.19896686345497,0.0943902183761438,23.9924136052138,61571.406
4.19910921553428,0.0973887927049437,23.9860533327838,61574.327
4.19922816372358,0.0988631647332966,23.9877351499124,61577.249
4.19807931676405,0.0890548650175277,23.9902383253477,61580.171
4.1978148372667,0.0894245924654562,23.9831984588301,61583.077
4.19758527440763,0.0849777877350505,23.9839184282007,61586.015
4.19805286456367,0.0884209435559304,23.9919527504112,61588.921
4.19760955092124,0.0877781514110259,24.0012911936167,61591.827
4.19750553827219,0.0918118367611539,24.0007943114208,61594.734
4.19755756461709,0.0874294644737149,23.9943071053825,61597.64
4.19669924101398,0.0781199980530116,23.995686672133,61600.546
4.19626039864425,0.0820482403496627,24.0016348195738,61603.452
4.19627194717415,0.080209506163842,24.0064733867724,61606.359
4.19622291279518,0.0791608354171547,23.9960614805015,61609.265
4.19613708015769,0.0803675470118772,23.9952509368946,61612.171
4.19626367643284,0.078767440242324,24.0078877457979,61615.077
4.19623719590396,0.0796990015263409,23.9996736052536,61618.015
4.19612574518108,0.0786155031994951,23.9905214940247,61620.921
4.19611326483102,0.0791937525456746,23.9991928002734,61623.827
4.19604399082111,0.0777524440427478,24.0035573484035,61626.734
4.19590862857765,0.0819724081753509,24.0149350401614,61629.64
4.19596802715754,0.0810061994562062,24.0104605921293,61632.562
4.19581715025671,0.0792073725338917,24.0062423947038,61635.468
4.1960026291196,0.0824231808052724,24.0062082518903,61638.374
4.19595681484435,0.080398003737278,24.0083081080188,61641.281
4.19580431402707,0.0802879416706022,24.0034893668473,61644.187
4.19567995552434,0.0812010114074538,23.9971711415829,61647.093
4.19587157570599,0.0787279669536941,23.9970728906673,61649.999
4.19557582581157,0.082533219943016,23.998935969919,61652.921
4.19557892429772,0.0833504719342924,23.9980070776285,61655.827
4.19558866238558,0.0799134535494086,23.9781846092361,61658.734
4.19562123548533,0.0803271284013913,23.9790131425732,61661.64
4.19543133379421,0.0832613986340406,23.9853064647174,61664.546
4.19635320046814,0.0920161386792078,23.9821564907797,61667.452
4.19665602348259,0.089998729051009,23.9939460478446,61670.359
4.19663245625572,0.0905199655572882,23.990979565516,61673.265
4.1966703328201,0.0902737664222812,23.9767100862945,61676.171
4.19674163978748,0.0905248017610608,23.9823311011979,61679.077
4.19678082786757,0.090541623140874,23.9872238056794,61681.984
4.19673345323477,0.0898135243568376,23.9786328472364,61684.906
4.19696848918868,0.088898161179509,23.955675980614,61687.812
4.19696291236529,0.0888136979109769,23.9623656775517,61690.718
4.19679569885321,0.0904328838566622,23.9629367679311,61693.624
4.19681146859901,0.0922660221879497,23.951261027516,61696.531
4.19677826388247,0.0898050329064489,23.9534995230631,61699.437
4.19680829556491,0.0897853198536563,23.9546150039761,61702.343
4.19666414866609,0.0892050502164081,23.9622436846327,61705.249
4.19679319232313,0.0896575817334954,23.9731000593923,61708.171
4.19696936556815,0.0917846035108686,23.9664938207673,61711.077
4.1967353904424,0.0898580284339045,23.9721898630953,61713.984
4.1966552499457,0.0885291145829678,23.9750678455145,61716.906
4.19681838711909,0.0881635772678799,23.9702669228331,61719.812
4.19678322027707,0.0915655681363853,23.9692016551313,61722.734
4.1967588766872,0.0914180351726491,23.9616994909924,61725.64
4.19709874816223,0.0892834343415368,23.9551711014539,61728.546
4.19677157271928,0.088472030869461,23.9644013417488,61731.452
4.19667696552741,0.0895199603468348,23.9668352795259,61734.359
4.19701446530133,0.0886948151717703,23.9651710639047,61737.265
4.19686364771632,0.0908091152586758,23.9544762467822,61740.171
4.19691846623053,0.0881448141186428,23.9451279967537,61743.077
4.19704639300044,0.0893024434826311,23.9584769144264,61745.984
4.19712006596115,0.0926984832008308,23.9589778162041,61748.89
4.19683607111715,0.0897658762022437,23.9367063550213,61751.812
4.1969949466997,0.089854290805595,23.9328842016871,61754.718
4.19666703133426,0.0931638336498795,23.9301691816599,61757.624
4.19693886938037,0.0896708367957223,23.9366681558072,61760.531
4.19703378627904,0.091317041530607,23.9323004717575,61763.437
4.19682212116857,0.0911384549489676,23.946662373194,61766.343
4.19588170533385,0.0810700724980341,23.9526807888989,61769.249
4.1957026019494,0.0782420780549939,23.9675813946234,61772.156
4.19577587214977,0.0813810334064567,23.9703221141285,61775.062
4.19603083513084,0.080960990000656,23.9655736816256,61777.968
4.1958835654021,0.077405810471117,23.9499302013703,61780.89
4.19565116060108,0.0814317734717613,23.9511416842185,61783.796
4.19588977947381,0.0816503338207606,23.962288856437,61786.702
4.19559922049979,0.0813985524541962,23.9561581770908,61789.609
4.19550296539519,0.0809869994227492,23.9623303137042,61792.515
4.19673352871301,0.0903961967437494,23.949471532899,61795.437
4.19553885382064,0.0821986495230714,23.9500589675566,61798.343
4.19656568644906,0.0896676156770566,23.9493668845373,61801.249
4.19576632897642,0.0809451199367932,23.9538315107594,61804.156
4.19577960100111,0.0799473257217764,23.9563858405042,61807.062
4.19570677122166,0.0808158777246315,23.9502650710615,61809.968
4.19551874755531,0.0812816103109984,23.951383331168,61812.89
4.1965799071672,0.0903393561559445,23.952903642019,61815.796
4.19666906725559,0.0903725850476425,23.9542929863273,61818.702
4.19663782608603,0.0919550758351374,23.953424272591,61821.609
4.19679727992421,0.0906346320308373,23.9532773796877,61824.531
4.1958251557543,0.0816082099775706,23.9601250955917,61827.437
4.19576361696232,0.0801731911226627,23.9496220254541,61830.343
4.19576185446942,0.0826335495882868,23.9491323731741,61833.249
4.19575251518079,0.0822647749063751,23.9547370813853,61836.156
4.19566021383901,0.0835246795260185,23.9505865494904,61839.062
4.19553971127161,0.0794514838173969,23.9488855960392,61841.968
4.19668440567701,0.0906054469729443,23.941997495709,61844.89
4.19682456830307,0.0886479638343572,23.9453261210832,61847.812
4.19676845618618,0.0908202303422155,23.9555145658885,61850.718
4.1966353804654,0.0936091639888454,23.951795483906,61853.624
4.19687210285055,0.0914481486863151,23.945169970612,61856.531
4.19673860738625,0.0870129315278311,23.9515063643163,61859.437
4.19706630741436,0.0913661453346332,23.9535574096018,61862.343
4.19574641142444,0.082269282981776,23.9559074785046,61865.249
4.19578294585251,0.0817806455073091,23.9559621281602,61868.171
4.19571440321099,0.0832295882577634,23.9561404882085,61871.077
4.19603946590484,0.0800671987106331,23.9483211758196,61873.984
4.19561106507258,0.0820100886943193,23.9522468710599,61876.921
4.19576612255025,0.0797106537510365,23.9497473864492,61879.827
4.19573452959369,0.0812888027561638,23.9533701839724,61882.734
4.19581783597016,0.081402596297058,23.9532924909687,61885.64
4.19562080659119,0.0775408906540678,23.9587548054921,61888.546
4.19580088212714,0.0803606425005971,23.955160942869,61891.452
4.19566219809849,0.0792766260851155,23.9598697733353,61894.374
4.1956551718395,0.0808904273187995,23.9547711159489,61897.281
4.19587411491885,0.0783486517345296,23.9559311751108,61900.187
4.19573238213621,0.0806686036872751,23.9548469819847,61903.093
4.19569667442022,0.0779944741854705,23.9508101685502,61905.999
4.19555615237191,0.0816517700156436,23.9549410519692,61908.937
4.19564079550858,0.0786527436779564,23.9359712931792,61911.843
4.19567949802843,0.0801606258153877,23.9217946803348,61914.765
4.19559727851659,0.0821092466737473,23.9265374821829,61917.687
4.19564835897703,0.0818895393099765,23.9126093135801,61920.593
4.19565347299603,0.0820541473420192,23.8868936953567,61923.499
4.19585794634167,0.0797250650525596,23.8981163814851,61926.406
4.19579626801939,0.0798652985368233,23.9060097999513,61929.312
4.19561464344954,0.0817125734674177,23.9140702768911,61932.218
4.19564406112681,0.0816134665623119,23.9141562282224,61935.124
4.19585748609768,0.0810877245548304,23.9200328820211,61938.031
4.19578557722869,0.0811672319749654,23.9227527026755,61940.937
4.19558939268615,0.0775585491431348,23.9196568144558,61943.843
4.19573540877251,0.0795622464712728,23.919727862022,61946.749
4.19620385081613,0.0835970117103553,23.9171657803936,61949.671
4.1955459013092,0.0817667762524149,23.9178785672089,61952.577
4.19683140183415,0.089495734637852,23.9108622630678,61955.484
4.19679461721049,0.0893993359282196,23.911234629085,61958.39
4.19674212018642,0.0905785295300387,23.917870964653,61961.296
4.19582237429436,0.0696416193593245,23.910529287765,61964.202
4.19591912973096,0.0667340539260218,23.9322852422601,61967.124
4.19593383721786,0.0800227452287994,23.9102989153015,61970.031
4.19599947240674,0.0814364423560114,23.9165074434852,61972.952
4.19578630778318,0.0843661122323936,23.9161387951858,61975.859
4.19569956794326,0.0838728604287343,23.9141759193594,61978.765
4.19631385812678,0.0781090350011535,23.9202295886421,61981.671
4.19570809539409,0.0815484005834643,23.9241839685899,61984.577
4.1957723072074,0.0801645531497306,23.9173145215404,61987.484
4.19573759965798,0.0835284856581458,23.9239104825576,61990.39
4.1959744438958,0.0821035567636247,23.9316910967087,61993.296
4.19585472109823,0.072696812830441,23.9277818105161,61996.218
4.19594814837717,0.0813376295045475,23.9346857216831,61999.124
4.19575091593874,0.0802073881678369,23.9395584475663,62002.031
4.19585553599974,0.081650202638848,23.942769188729,62004.937
4.19601571239866,0.0773443827857847,23.9375963356114,62007.859
4.19584408975335,0.0811753250040715,23.9249432785005,62010.765
4.19586380658905,0.0842104014945087,23.9270243542302,62013.671
4.19583066133415,0.0819146484498532,23.9252218194076,62016.577
4.1958103694343,0.0788638135851309,23.9234720609059,62019.484
4.19568884151299,0.0814759672967743,23.9199917296179,62022.39
4.19574596097364,0.0797511232391348,23.9243140264839,62025.296
4.19584766547952,0.079131614976705,23.9258213860489,62028.234
4.19600149597549,0.0821697856866625,23.921590930623,62031.14
4.19590755032638,0.0804415837530308,23.9278019651992,62034.046
4.19588045331654,0.0811990579861481,23.931860476094,62036.952
4.19594121894243,0.0822651149675643,23.9301730417615,62039.859
4.19572858934889,0.0825534285578237,23.9222134559352,62042.765
4.19593328293576,0.0824888705315175,23.9239658283137,62045.671
4.19602540689847,0.0830225446936751,23.9250516335759,62048.577
4.19602511651828,0.0798892916637145,23.924961558863,62051.468
4.19610134294652,0.0777683702505048,23.927320228838,62054.374
4.19603743100511,0.0802185842046496,23.9355249614987,62057.281
4.19610865655683,0.0802671525119139,23.9305460521709,62060.218
4.19567403441116,0.0811662199766636,23.9284241151748,62063.124
4.19588083340762,0.0770137468841617,23.935605301792,62066.031
4.19597921250692,0.0820490204288459,23.932434184956,62068.937
4.19593174898563,0.0797201399087466,23.930011622032,62071.843
4.1958674823056,0.0784536139520429,23.9191808243876,62074.734
4.19601748872695,0.080621110141203,23.9299742015791,62077.64
4.19604606225632,0.077956443267528,23.9250103475307,62080.546
4.19576733382356,0.0822452315050815,23.9341193617358,62083.452
4.19597963345876,0.0801844559770958,23.923429518794,62086.359
4.19596753816236,0.0784512991915746,23.9277620612676,62089.265
4.1963500968184,0.0782498861131752,23.920596265343,62092.171
4.19614014388464,0.0819704995150904,23.9137967813158,62095.093
4.19599393171197,0.0802549989208505,23.9109717175962,62097.999
4.1962998077253,0.0775410370773649,23.909169023973,62100.89
4.19614375908882,0.0792923440083539,23.9149293499492,62103.796
4.19618924032852,0.0805567571951497,23.9166920578457,62106.702
4.19621898070264,0.0806269588758334,23.919479464721,62109.609
4.19614223811523,0.079460883821215,23.9127298061126,62112.515
4.19637940457168,0.0780023140094818,23.9159458479082,62115.421
4.196177483128,0.0797697155938039,23.9115812861132,62118.327
4.19626543895167,0.079218795009373,23.9190422823037,62121.234
4.1957914185022,0.0812928561638163,23.9093156212184,62124.14
4.19620091346833,0.0779271468147901,23.9168925057965,62127.062
4.19610457459632,0.0791611641118852,23.9274883023884,62129.968
4.19599976946071,0.0790155427704409,23.9281172855317,62132.874
4.19628734859657,0.0741562128570629,23.9291713644426,62135.765
4.19620327540696,0.0789652045396161,23.9245167840327,62138.671
4.19599476519266,0.0787619765951427,23.9321776658963,62141.577
4.19617137998206,0.0797066375202832,23.9275541226588,62144.484
4.19589671853445,0.079159850292185,23.9267647303652,62147.39
4.19623051034925,0.0781990210583428,23.9379183649979,62150.296
4.19603591001997,0.0791071271325325,23.925018244747,62153.202
4.19618184127529,0.0796552515012213,23.9149065173449,62156.109
4.19617068388294,0.0797582014490087,23.9103671607167,62159.015
4.19623683464408,0.0786720595951641,23.8987576267029,62161.921
4.19612702184209,0.0791263885149545,23.8869609144474,62164.827
4.19612008277092,0.0808364521956644,23.8984042926235,62167.734
4.19607722868609,0.0800623541464357,23.8998705254109,62170.64
4.19624793952985,0.0781663986954734,23.8996056532811,62173.546
4.19623576022931,0.0785296199912274,23.9038570681758,62176.452
4.19610116855067,0.0788219784402115,23.9058238997761,62179.359
4.196506718455,0.0795649709537031,23.9124783600866,62182.265
4.19649829546283,0.0779037017373942,23.9060880046682,62185.171
4.19597736051792,0.0779751274028358,23.9062557949842,62188.077
4.19644415350471,0.0790704403219965,23.9023750200503,62190.984
4.19633775991843,0.0805102364894772,23.9144009518547,62193.89
4.1964418301026,0.0776197571189414,23.909986801322,62196.796
4.19609787132753,0.0785995759099766,23.9133176684526,62199.702
4.19655381920178,0.0779696946972576,23.9127738267378,62202.609
4.19632510122029,0.0816627785647671,23.9116137401902,62205.515
4.19643128697911,0.078117929610737,23.9190860016809,62208.421
4.19620718996752,0.0787534884505952,23.9199905037361,62211.327
4.19675276304686,0.0766117315910168,23.9191472348168,62214.234
4.19614587992862,0.0801483073649468,23.9152472903747,62217.14
4.19628945171647,0.0767159206875155,23.9215827270035,62220.046
4.196391661107,0.0798137915499851,23.9190198610481,62222.968
4.19662634866772,0.0804889449335146,23.9131534374029,62225.874
4.1966651716554,0.0770639487940476,23.9131845257503,62228.781
4.19636606869682,0.0802611371344556,23.9053392987206,62231.671
4.19646792050638,0.0808234484785081,23.9168888264097,62234.593
4.19615411413086,0.0787696407182155,23.9130896379579,62237.499
4.19655502412495,0.0800750880786173,23.9137291343194,62240.39
4.19668025732635,0.0787766450996545,23.9134400581913,62243.312
4.19650824115701,0.0786601572938324,23.9223174289856,62246.218
4.19644649731484,0.0796149416467683,23.9138141557584,62249.124
4.19641138411452,0.0765931447748463,23.9155363061818,62252.031
4.19674910033818,0.0749962792171984,23.9083614543954,62254.937
4.19672285082171,0.0798840131546326,23.9082317708833,62257.859
4.19652900722203,0.0786816292528335,23.9251072049712,62260.765
4.19649896028952,0.0788682853984578,23.9175372633227,62263.671
4.19668133645181,0.0766035204944197,23.9303168320551,62266.577
4.19643655444847,0.0798458070298018,23.9281054245319,62269.484
4.19684684000061,0.0779747437386353,23.9318401069684,62272.39
4.19673128155787,0.0783179584607304,23.9328632161002,62275.296
4.19665059709888,0.0806410233133825,23.9309443083918,62278.202
4.19560841012093,0.0709546177728262,23.9357004130219,62281.109
4.19672672593037,0.0763128355330671,23.9347929331486,62284.015
4.19665369893443,0.0810401460121478,23.9271962296142,62286.921
4.19665461727513,0.0777050299673123,23.9366741473679,62289.827
4.19564502260698,0.069431223536458,23.9378440712985,62292.734
4.19444385714386,0.0607562206956935,23.9527427389739,62295.64
4.1953026086443,0.0689476005442985,23.9595144450186,62298.546
4.19640726933179,0.0774677586978596,23.94914019139,62301.452
4.19664301252359,0.0806890534187368,23.9471569510463,62304.359
4.19658640496507,0.0791685507688305,23.9534698616062,62307.265
4.19649982142948,0.0773712264233266,23.949982112151,62310.171
4.1965276188705,0.0790888680533968,23.9495143844604,62313.077
4.19676190545519,0.0804715220975475,23.9475652770915,62315.984
4.19670855180226,0.0796738322906516,23.9544225944706,62318.921
4.19674391800296,0.0802681866791843,23.9656212754133,62321.827
4.19667635704185,0.0796189239873954,23.9604675034333,62324.734
4.19671400378923,0.0775799442580376,23.9676453038822,62327.64
4.19669562442138,0.0784114004286854,23.9523193165825,62330.546
4.19662129048629,0.0774212479007075,23.9507973496124,62333.452
4.1965455329293,0.0814017724193466,23.9543096151458,62336.359
4.19674949386006,0.0819138252648113,23.9570868000513,62339.265
4.19670827067355,0.0768436240528996,23.95760440794,62342.171
4.19661453303215,0.0762356662803972,23.9603231918617,62345.077
4.19596116465159,0.0700188679227639,23.9540929999124,62347.984
4.19675681066598,0.0783037801970353,23.9636799486529,62350.921
4.19651978392778,0.0826569164687946,23.9625215689503,62353.827
4.19703083724086,0.0751359987010601,23.9668686538895,62356.734
4.19675737906034,0.0759011621556608,23.9654926173438,62359.64
4.19661425968085,0.0794361358568666,23.9660866151031,62362.546
4.19694184027733,0.0771335063052618,23.9637181859934,62365.484
4.19655426433052,0.0793015642638393,23.9620502433989,62368.39
4.19698739400816,0.0768959736468169,23.9581057090994,62371.296
4.19677092435988,0.0784071580786311,23.9698073909465,62374.202
4.19685362552279,0.0789147725441433,23.9752536753051,62377.109
4.19670558841597,0.0775917475753191,23.9716009879645,62380.015
4.1970504759235,0.0803947891720023,23.9710496819584,62382.921
4.19691016583303,0.0795469625907567,23.9599720110831,62385.827
4.19669263627218,0.0783675676109149,23.9693272468922,62388.734
4.19674148448257,0.0788015230744251,23.9657731075352,62391.64
4.1971297812414,0.0775721839972988,23.9680682465161,62394.546
4.19609039063744,0.0684859319267406,23.9698401418094,62397.484
4.19700023352948,0.0784328752419739,23.9795110098029,62400.39
4.19695057338105,0.0787625625158655,23.9783725533404,62403.296
4.19714122701064,0.0811685459524244,23.9705445084859,62406.202
4.19604205218942,0.0684183998078851,23.961106689221,62409.109
4.19710716813168,0.0790999890806442,23.9697216171839,62412.015
4.19718569867184,0.0781942697543321,23.9738463055158,62414.921
4.19689286391235,0.0785126236118245,23.9683199905815,62417.827
4.19712801056312,0.0778092872434994,23.9818176699465,62420.734
4.19709219917023,0.0796176628824917,23.9816861826078,62423.64
4.19691361297814,0.0788140188618361,23.9863033275757,62426.546
4.19724079575927,0.0793310052288836,23.9752754479945,62429.452
4.19695175803245,0.0789361513939497,23.966159988848,62432.374
4.19707871033707,0.0776542296052753,23.9799938438126,62435.281
4.19722480160668,0.0781591786884017,23.9753141024263,62438.187
4.19686496348407,0.0767719807253512,23.9781004513978,62441.093
4.19720583746647,0.0776638292171225,23.9738033340394,62443.999
4.19724325807607,0.0760333544343996,23.9711159054305,62446.906
4.19724910269495,0.0773101551255874,23.986082030801,62449.812
4.19710466064118,0.0774795979996967,23.9883614468926,62452.718
4.19715268854545,0.0788711036332136,23.9900145287796,62455.624
4.19725910812813,0.0777295589079157,24.0084104530899,62458.531
4.19714746712509,0.0788186053903575,24.0031563101564,62461.437
4.19728826417105,0.0789632749214813,24.0019052035968,62464.359
4.19753840151984,0.0760903957977844,23.9993623277725,62467.265
4.19741800272939,0.078590993312111,23.9907123441134,62470.171
4.19758644164624,0.076385622098265,24.0088966219552,62473.077
4.19734542918029,0.0763770734647466,24.0036936849934,62475.984
4.19733376322128,0.0779362104621973,23.9997706707123,62478.89
4.19730964442989,0.077773190825168,23.9979153853927,62481.796
4.19734181002294,0.0810153242098848,23.9865506398791,62484.702
4.19730192576401,0.0785728830394972,23.9849666257208,62487.609
4.19741696615391,0.0767620394205502,23.9931551998085,62490.515
4.19745737975607,0.0793158047879904,23.985578030035,62493.421
4.19756900015849,0.0755100214247569,23.9799223063903,62496.327
4.19721768918587,0.078278570720596,23.9860006716432,62499.249
4.19731651854598,0.0763044355813169,23.97947768468,62502.156
4.19625998535991,0.0677094602350201,23.9786387169508,62505.062
4.19758750557475,0.0777761671293839,23.9820644978406,62507.968
4.19715171944919,0.0767080535507305,23.9973198616862,62510.874
4.19749212987371,0.0761422027255692,23.9924656226746,62513.781
4.19744156107425,0.0799168925453624,23.9899821436785,62516.687
4.19757367217159,0.0776169280182541,23.98957219893,62519.593
4.19649776347556,0.0669137633320835,23.9853423257038,62522.499
4.19754123355612,0.0776561653855457,23.9889322865284,62525.421
4.19744026560506,0.0768482732548756,23.9919051130697,62528.343
4.19754080439756,0.0786172359859347,24.0012029658948,62531.249
4.19747054942812,0.0761519557028036,24.0042246542134,62534.156
4.19780641462845,0.0741924854229453,24.003418798106,62537.062
4.19735272657136,0.0784884003817715,24.0073792408679,62539.968
4.1976695528427,0.07642525836004,24.009374929757,62542.874
4.19749073279266,0.0765296644937232,24.0148862446636,62545.781
4.19755394618638,0.075341596263405,24.0042782236256,62548.687
4.19755916721196,0.0795458473365027,24.0516350167817,62551.593
4.19795461686186,0.0788598358006331,24.0624914184852,62554.499
4.19768596435874,0.0755466620033222,24.0552848568588,62557.406
4.19764694291151,0.0778485404562998,24.0535979527639,62560.327
4.19649517474699,0.066234109993813,24.0556958898659,62563.234
4.19775547667249,0.0780971969548405,24.0602406888922,62566.14
4.19749456976141,0.0776216656698089,24.0476726844052,62569.062
4.19758596761149,0.076719652255987,24.0429483375897,62571.968
4.19774579400985,0.0773609981714267,24.0253984556708,62574.874
4.19748811975339,0.0782687843563763,24.0315012021194,62577.781
4.19760288607879,0.0738376660195965,24.01875759232,62580.687
4.19779842895556,0.0751755628561517,24.0298859740302,62583.593
4.19792038176745,0.0737677184398821,24.0385373083375,62586.499
4.1977860311756,0.0751276595801954,24.0336769250626,62589.406
4.19760655731835,0.075233979976202,24.0315671158809,62592.327
4.19774684456124,0.0789114142389922,24.0226756765765,62595.234
4.19771678374908,0.0740485170864542,24.0212125909458,62598.14
4.19772097377072,0.0777125062673275,24.0248058740264,62601.046
4.19794434577869,0.0769067408116315,24.0264765939103,62603.952
4.19810408537271,0.0776654535753186,24.023614788789,62606.874
4.19784213237676,0.0744761068101217,24.0286035117095,62609.781
4.19796783750664,0.0754600472252178,24.0314799814428,62612.687
4.19819046087248,0.077167869096598,24.0171696441498,62615.593
4.19812077564634,0.0775996187849436,24.0187459875919,62618.499
4.19800803358134,0.0770276243951699,24.0206508581536,62621.406
4.19794059161957,0.0762713480046753,24.0242944328185,62624.327
4.19771260445658,0.0750787862893597,24.0246587698124,62627.234
4.1979645678021,0.0776719301505815,24.0096669638065,62630.14
4.19801815754314,0.0793979279590568,24.0089854947271,62633.046
4.19790580212396,0.0766955120097841,24.0222613015612,62635.968
4.19810348878237,0.0752072339039075,24.0196348609849,62638.874
4.19820070421874,0.0755715381461915,24.0167493518586,62641.781
4.19793551859096,0.0753059643997168,24.0200276607156,62644.687
4.19817508708911,0.0776366010809576,24.0202715367336,62647.593
4.19816624890042,0.0769832351832542,24.0181630731564,62650.515
4.19772310994169,0.0730858316119968,24.018114257578,62653.421
4.19811036701512,0.0757858901506527,24.0234960631089,62656.343
4.19770591679982,0.0757695114737626,24.0289664831421,62659.265
4.19793738528354,0.0720019964860107,24.0227200089672,62662.171
4.19816640665104,0.0729268217118756,24.0546715540872,62665.077
4.19806265687742,0.0731798891588401,24.0842043989924,62667.984
4.19815428719104,0.0754322368778177,24.0882730575337,62670.89
4.19829350773091,0.0765405627265094,24.104943862876,62673.796
4.19793124820745,0.0743542341697177,24.0967717641908,62676.702
4.19711890662787,0.0641801227483668,24.0955373035872,62679.609
4.19701918329066,0.0654236122438891,24.0799151137485,62682.515
4.19702124538268,0.0673698724918551,24.0784642847834,62685.421
4.19697859948295,0.0686011872730594,24.0648714712831,62688.359
4.19675166240982,0.0650590765781767,24.0892071324844,62691.265
4.19682450452001,0.0644854114649191,24.0881772643367,62694.171
4.19663582051902,0.0656308015723623,24.0686442756676,62697.077
4.19686094756917,0.0623720980499367,24.0737554273557,62699.984
4.1968066771458,0.0661502910670384,24.0677746665335,62702.89
4.19692650312854,0.0679425778913586,24.0794263204524,62705.796
4.19683414700822,0.0714756925201279,24.0703354734292,62708.702
4.19700157863348,0.0644336037206003,24.073481160924,62711.624
4.19645254913493,0.0647972293305823,24.0717746158627,62714.531
4.19782776319465,0.0704331244331245,24.085491551899,62717.437
4.19822184114869,0.0776288247857699,24.0687279633877,62720.343
4.19807616220318,0.0767390933895941,24.0802971607789,62723.249
4.19810818280544,0.0744593715292639,24.0904374794197,62726.156
4.19700910036588,0.0658530981927244,24.0850458471226,62729.062
4.19693740359943,0.0639445816465576,24.0807750700957,62731.968
4.19697485823618,0.0671543517002742,24.0867131696401,62734.874
4.19692833993231,0.0646491090376682,24.0857827477417,62737.781
4.19705475139106,0.06737006550456,24.105184707826,62740.687
4.19683750705572,0.0686076324947906,24.104511121464,62743.609
4.19682683656551,0.0670139831801332,24.095467518179,62746.515
4.19682071104318,0.0685667696353244,24.0848958196083,62749.421
4.19719727343286,0.0693421608866452,24.0680179173129,62752.327
4.19671099072173,0.0677796364308662,24.0964537132061,62755.249
4.19726210026525,0.0666133549001458,24.0840478966177,62758.171
4.19699815798168,0.0632683821744086,24.0793489210062,62761.077
4.19686444913347,0.0656852559872724,24.087402624483,62763.984
4.1970387263128,0.0684288391287863,24.0913282498982,62766.89
4.19667864541767,0.0662884367099221,24.0911668808249,62769.796
4.19739692238548,0.0690785040635348,24.0678938583128,62772.702
4.19697824689734,0.0689032311740087,24.0545490521733,62775.609
4.19692897071735,0.0671066710710773,24.0613417553391,62778.515
4.19666649362994,0.0640110314092687,24.0981785886652,62781.421
4.19719102809006,0.0666078314637414,24.1262294665887,62784.327
4.19708548729775,0.0653371269115412,24.1313716090777,62787.249
4.19674449905394,0.0688714788207147,24.1243663912302,62790.156
4.1967834718493,0.0672384576425684,24.1031365903434,62793.062
4.19705676419573,0.0652696241331807,24.0814473440747,62795.968
4.19705728927465,0.0689352217529422,24.0896140029009,62798.874
4.19578779432904,0.0559880501585917,24.0759138152971,62801.812
4.19575096454763,0.0581476310479275,24.0726210921608,62804.718
4.1957427238542,0.0534005640100475,24.0703130717985,62807.624
4.1956450184057,0.0587894356677788,24.0678620000454,62810.531
4.19537485436161,0.0540214604302322,24.080576041055,62813.437
4.19670576260893,0.0693769568840983,24.0745879282506,62816.343
4.19699063081851,0.0668716560066202,24.0710533728345,62819.234
4.1966798331378,0.0678166686975838,24.0678424610204,62822.14
4.19561394510067,0.0551580585481454,24.062657281206,62825.046
4.19548775701519,0.054111671321411,24.0734610852272,62827.952
4.1967081681852,0.0655297132843169,24.0690208292785,62830.859
4.19676199727174,0.0682226493481881,24.0646739974454,62833.781
4.19676167772042,0.0644904606906016,24.066900545385,62836.687
4.19710002564719,0.0702096686141658,24.0557785278769,62839.593
4.19658044931597,0.0677055952347443,24.0529145522368,62842.499
4.19708877973511,0.065960081079224,24.0515924773898,62845.406
4.1968333878735,0.0668471743164083,24.0434133496076,62848.312
4.19686599659968,0.0683033771395053,24.0548188775689,62851.218
4.19695340825084,0.0679639153277379,24.059478572687,62854.124
4.19699168100833,0.0667595800491335,24.0651637047903,62857.015
4.19685772904684,0.0640257161339777,24.065373332798,62859.921
4.19676155309967,0.0683014316122847,24.0640689774975,62862.827
4.19693055343304,0.0665461556254006,24.0684375891353,62865.734
4.19680735542419,0.0646330098142141,24.0685608128966,62868.656
4.19715416323974,0.0674780376631505,24.0708148360079,62871.562
4.19699334348054,0.0684760024566161,24.0596054764906,62874.468
4.19720051504164,0.0632297166960219,24.0573076030087,62877.359
4.19696021452473,0.0661876458570546,24.0825031743762,62880.265
4.19702603206421,0.067697407337407,24.1054686980392,62883.171
4.19711070381091,0.0681538842267281,24.0999191816889,62886.077
4.19724578642072,0.0655782776180734,24.0836501417247,62888.984
4.19666549087219,0.0677243137113719,24.0736371492439,62891.89
4.19714948071016,0.070398761745726,24.067596810285,62894.796
4.19713988238144,0.0697964903836676,24.0702049096716,62897.687
4.19710805658189,0.0621480914511623,24.1028109050577,62900.609
4.19695626561084,0.0657738168146331,24.0924040994016,62903.515
4.19704677792278,0.065082632527301,24.0850604539491,62906.421
4.19709190951978,0.0659567941478043,24.0933847192803,62909.327
4.19702590470577,0.068272555344638,24.0951656261165,62912.234
4.19712674796522,0.0668112702389016,24.0980528111209,62915.14
4.19713744524342,0.0669210511868058,24.1083901588737,62918.031
4.19704056031167,0.0673853616521919,24.1187322476082,62920.937
4.19711644992886,0.0691301992263587,24.1287386581258,62923.843
4.19697548633608,0.0672552939002084,24.1207043439782,62926.749
4.19578696319786,0.0574402674353477,24.0959932263767,62929.656
4.19617619318019,0.0576203784467606,24.0945530712538,62932.577
4.19593402775926,0.0578075161253137,24.0885947235582,62935.484
4.19557141567542,0.0580751129772315,24.0875220086098,62938.374
4.19613089949523,0.0539171608808963,24.1023152211975,62941.281
4.19586745083056,0.0587367471542862,24.0969759475754,62944.187
4.19562451613849,0.0541567626496474,24.1070306660756,62947.093
4.19595522741391,0.0564202483845449,24.1242038361242,62949.999
4.19591260121407,0.0560151021870544,24.1255591921426,62952.906
4.1958891911694,0.0554904809021637,24.1237833987008,62955.812
4.19562837969816,0.0580244400038994,24.1141666214232,62958.702
4.19574544045515,0.0548949931311109,24.1091737866115,62961.609
4.19560478432732,0.0571640604306188,24.105761367625,62964.531
4.19556820872973,0.0554993393407083,24.0983436347155,62967.437
4.19569802032826,0.0567608046084677,24.0876404842959,62970.343
4.19569885597439,0.0542451407495625,24.0821668082709,62973.249
4.19570463965186,0.060180739738004,24.0751343313441,62976.156
4.19571430274686,0.0566412149369806,24.079133076677,62979.046
4.19551924131653,0.0570323586647095,24.082297600111,62981.952
4.19684140763555,0.0675643517557972,24.0880663237953,62984.859
4.19573414732224,0.0540449151694646,24.0844743511376,62987.765
4.19571492371185,0.0541770991819053,24.0915399513876,62990.671
4.19573594988565,0.0581504383048783,24.0855914006413,62993.577
4.19569177116409,0.0589188966231773,24.0892161983606,62996.499
4.19571819407838,0.0543313021833809,24.1050890400658,62999.406
4.19568427162454,0.0590928504548721,24.1145487541763,63002.296
4.19597557805257,0.0542454641596091,24.1271941135144,63005.202
4.19538474820948,0.0564039267036018,24.1242173248649,63008.109
4.19691488894545,0.0677000223480431,24.124580696861,63011.015
4.19675786409241,0.0677064444711108,24.1069265630886,63013.921
4.19659129142039,0.0666651462925439,24.1039926325221,63016.827
4.19678714452573,0.0702242922670326,24.1008912960421,63019.734
4.19701284301004,0.0661312493890522,24.0956153121643,63022.624
4.19686675047245,0.0656402614427672,24.1001977641451,63025.531
4.19697553938795,0.0665951163435914,24.1043796904568,63028.452
4.19696694476045,0.0655856716836967,24.122487877475,63031.359
4.19695039394209,0.0701943182891278,24.1271268636664,63034.265
4.19723453075268,0.0691232439995346,24.1237386986258,63037.171
4.19704766366408,0.0652845228983898,24.133335955522,63040.077
4.19691754266798,0.0650963582510834,24.1550356377125,63042.968
4.19714636240398,0.0682853165912458,24.1584858322543,63045.874
4.19620000708891,0.054584194789693,24.1670350823602,63048.781
4.19584189614479,0.0568004678974026,24.1814048915091,63051.687
4.19595596673902,0.0577945806878095,24.1951935525408,63054.593
4.1957864847559,0.0560503931580201,24.2032490920523,63057.499
4.19591926358337,0.0554940115597115,24.1843217196772,63060.421
4.19584105517952,0.0578741545238955,24.1712548369823,63063.327
4.19562273132101,0.0566585568518148,24.1641469400912,63066.234
4.19585571622411,0.0590810446097403,24.1589319544749,63069.14
4.19579722580489,0.0579317756979183,24.1360053343264,63072.031
4.19586589852117,0.0554156902753438,24.1266002596872,63074.937
4.19616472538316,0.0539170469720854,24.1271588505443,63077.843
4.19589501191522,0.0559356688321588,24.1205414941779,63080.749
4.1958155292089,0.0568973512236987,24.1278786021715,63083.656
4.19599975196601,0.0550307238271063,24.1239145340307,63086.562
4.19587602402508,0.0604844676166639,24.1183283801027,63089.484
4.19557258232501,0.0521609821810967,24.1132821855046,63092.421
4.19609519104417,0.0591323562756698,24.1039268539979,63095.327
4.19580710277367,0.0559745652793623,24.1107856005234,63098.234
4.196237329834,0.0546217475482633,24.112848500889,63101.14
4.19567076000792,0.0579787548471332,24.1313405070877,63104.046
4.19602009880662,0.0561352438400006,24.1471018191186,63106.952
4.19603411758985,0.056464209910988,24.1477079740095,63109.859
4.19601966022559,0.0538265527942936,24.1480989416748,63112.765
4.19577559145751,0.0550580227851666,24.1375648650512,63115.656
4.19569665613292,0.0586495542570247,24.1439749481428,63118.577
4.19595546287464,0.0573216260953072,24.1381134095682,63121.468
4.19561570974061,0.05865910111857,24.1398166393641,63124.406
4.19572360345222,0.0567331188496386,24.1504635884145,63127.312
4.19581428125478,0.0562760607580573,24.1442373854912,63130.218
4.19578046290529,0.0612999551026118,24.1427150815396,63133.124
4.19585000162197,0.0569595468593247,24.1301156826941,63136.031
4.195772705031,0.0542537958272095,24.1288001594827,63138.937
4.19582837851992,0.0552321419296621,24.126733636649,63141.843
4.19582971612175,0.0556540708912781,24.1140921590027,63144.749
4.1956208438785,0.0557852787648381,24.1251544720988,63147.656
4.19583927432672,0.057294625333545,24.1239047655498,63150.562
4.1958456567781,0.0577850877071476,24.1200430912215,63153.468
4.19555133522379,0.0545966042128911,24.1222311757573,63156.374
4.19580836745607,0.0561641004945085,24.1305138574735,63159.296
4.19573214188015,0.0574732937703757,24.1365843408726,63162.202
4.19611429332393,0.0571966000689145,24.1353187798347,63165.109
4.19629696888064,0.0581263748888955,24.1349049936545,63168.015
4.19589171568006,0.054410916406079,24.1309525199411,63170.921
4.19601747069264,0.0559786620493541,24.1225599586704,63173.812
4.19577141602047,0.0563066632022579,24.1268119898939,63176.718
4.19553548639191,0.0571501028986184,24.1272939748101,63179.64
4.19604930125579,0.0580378303300835,24.129337204175,63182.531
4.19598364974434,0.055806297948638,24.1407416379718,63185.437
4.195818373922,0.0572010126707003,24.1501751823287,63188.343
4.19593456838578,0.0596093265312831,24.1521136656871,63191.265
4.19590094728139,0.0565734075201952,24.1379470033918,63194.171
4.19581152387037,0.0561269453026121,24.1372863225014,63197.077
4.19594258913184,0.054220760671495,24.1339037137667,63199.984
4.19575167688535,0.0557953606254449,24.1344110391943,63202.89
4.19599399442285,0.0568021710625963,24.1320090095811,63205.796
4.19599440481799,0.0555498015466994,24.1334496933184,63208.702
4.19581363013856,0.0570111077126144,24.1393168482278,63211.609
4.19571245039109,0.0555202040417365,24.1294831941551,63214.515
4.19568087165064,0.0587120713050564,24.124645357888,63217.421
4.19596574637196,0.0558411979936816,24.1418640598348,63220.327
4.19569141515091,0.0580198219102187,24.1484289050975,63223.218
4.19576450323137,0.0541700630936044,24.139637560491,63226.14
4.19589876556176,0.0557515990192298,24.14749923218,63229.031
4.19598885845317,0.0559126643975548,24.1412144019982,63231.937
4.19573115954869,0.0566608324662253,24.1370608618395,63234.843
4.19592339196706,0.0587089793370985,24.1396799940323,63237.749
4.19596476021963,0.0569918698091902,24.1460987659221,63240.656
4.19592388160967,0.0624095714692773,24.1444457726661,63243.577
4.19582316326475,0.0568136699230541,24.1497079639343,63246.484
4.19593949582408,0.0555745339173253,24.1481798208568,63249.39
4.19589183672279,0.0550902412211945,24.1374371480784,63252.296
4.1958549909542,0.0560113615532787,24.1436443643391,63255.202
4.19587328877443,0.0585403418240753,24.133572095307,63258.109
4.19578995195186,0.0562681528407769,24.1544694148592,63261.015
4.19591970682016,0.0570900814948851,24.155584308871,63263.921
4.1958403615169,0.0571390202571271,24.1659644420805,63266.827
4.19599711536074,0.0577126481332918,24.1699831028492,63269.734
4.1960453117643,0.0528416032351329,24.1626688583681,63272.64
4.19615438016961,0.0556939102901141,24.1477159915791,63275.531
4.19608080604362,0.0558197812505312,24.1532907711494,63278.437
4.19600952317018,0.0558207704004385,24.146023738856,63281.343
4.1958672146485,0.0578468920366338,24.1708684715371,63284.249
4.19611554176549,0.056410109829864,24.1625540005852,63287.171
4.19581692983066,0.056926024905891,24.1649598606297,63290.077
4.19593682066207,0.0572018097057147,24.1687514173494,63292.984
4.19609297927853,0.055444302140405,24.1751659938095,63295.89
4.19619825439403,0.0565778410520904,24.1699117620567,63298.796
4.19614268630805,0.0562073398257942,24.1704793129473,63301.687
4.19594144048136,0.0588744849330652,24.1632025899911,63304.593
4.19599795353596,0.0566566807138572,24.1648039179721,63307.499
4.19618397178152,0.0557270363842816,24.16238255184,63310.406
4.1959758919945,0.057264417731748,24.1782046878359,63313.312
4.19614492926424,0.0553196423544494,24.1818835680094,63316.218
4.19601428002866,0.0548535010417758,24.1812589279465,63319.14
4.19626743341063,0.0533738145746447,24.1791497832293,63322.031
4.19614128084958,0.0549931980977644,24.1766655146885,63324.937
4.19592326080699,0.0549935946596391,24.1827299465733,63327.843
4.19593915036241,0.0566063780763527,24.1778022328132,63330.749
4.19624627424284,0.0538389406839012,24.1782849660188,63333.656
4.19612442059262,0.0582146151537666,24.1860893005788,63336.562
4.19593877993551,0.055015844375958,24.190086426548,63339.468
4.19606867021678,0.0561712062939633,24.1885822763146,63342.359
4.19623642680506,0.054988890897963,24.1751487792873,63345.265
4.19627465610051,0.0573931089629158,24.1797291200228,63348.171
4.19613898225647,0.0559279902789867,24.182617595247,63351.093
4.19604369925322,0.0541619289179203,24.1921257749437,63353.999
4.19598221315733,0.0566630560613987,24.1943892313861,63356.906
4.1964907937398,0.0552712101252432,24.1890663701642,63359.812
4.19600935580417,0.0543435112274797,24.1912294021132,63362.734
4.19593063548069,0.0573208600363223,24.1931646775889,63365.64
4.1960904648138,0.0532404511509607,24.1830739835692,63368.546
4.19629608882596,0.0589266048948685,24.1846972766827,63371.452
4.19641498556857,0.0544695663070444,24.1740787192339,63374.359
4.19621290783561,0.0566666772863534,24.1918478393391,63377.265
4.19633129663475,0.0570802835101994,24.2080410208951,63380.171
4.19623120424079,0.055893286427991,24.2002161231024,63383.077
4.19628107519036,0.0553728766797024,24.1959372078374,63385.984
4.19619768214562,0.0561311180654798,24.1983489385906,63388.89
4.19620950446545,0.0580800975895521,24.1968411068743,63391.796
4.19628584991673,0.0528087545764762,24.191929799516,63394.718
4.19629985132742,0.0574030986397682,24.1934682049661,63397.624
4.19623106151734,0.0568300580258434,24.1861077938869,63400.531
4.19620946927059,0.054851880890061,24.193261868682,63403.437
4.19607786848007,0.0568639587787154,24.1882336111278,63406.343
4.19634042284474,0.0571595667550011,24.178220449888,63409.249
4.19611127649097,0.0527639842380488,24.185086196177,63412.156
4.19650661500494,0.0566729684359135,24.17965045207,63415.046
4.19603868650826,0.0561462947846805,24.1817149597139,63417.952
4.19622128173747,0.0555072530260792,24.1925142269058,63420.859
4.19626163968539,0.0572612615160967,24.2021455451857,63423.765
4.19621463188894,0.0544531488207947,24.2014084154994,63426.671
4.19619563293522,0.0590570788517186,24.2087937848186,63429.577
4.19632013931932,0.0544174395413935,24.206626320542,63432.484
4.19634206731245,0.0594616051289641,24.2098508538421,63435.39
4.19639715788134,0.0541956849884717,24.202972804906,63438.296
4.19643866714908,0.0574402423242138,24.2014145661473,63441.202
4.19631764974484,0.0570590647918887,24.2064396192496,63444.109
4.19628994085347,0.0539509390699367,24.2043711380547,63447.015
4.19645265075088,0.0581653855537957,24.197787991962,63449.906
4.19630587662748,0.0557686281919775,24.2041213096579,63452.812
4.19620341944969,0.0546959005955521,24.2074647078998,63455.718
4.19643903795535,0.0529810771618112,24.2050129022626,63458.624
4.19622558337788,0.0568563112131466,24.2001150132853,63461.531
4.19659274307037,0.0584153611100497,24.1961942818587,63464.437
4.19615029851406,0.0562951229028987,24.2047583904333,63467.343
4.19648434987492,0.0524643228728197,24.2112661560028,63470.249
4.19619192549467,0.055351131379,24.2099553556472,63473.156
4.19662012118985,0.0579807069177091,24.2088238263496,63476.062
4.19660230887108,0.0555766264390662,24.2202157182954,63478.968
4.196610961324,0.0563689598621483,24.2165452444436,63481.874
4.19566919862044,0.0443713652571629,24.2207561754164,63484.765
4.19440942520248,0.036620827693244,24.2124977076278,63487.671
4.19509779333887,0.0476577348789472,24.2174384161685,63490.577
4.19641445245232,0.0572007966216288,24.221513119803,63493.499
4.19603627794723,0.0552966345527334,24.2301857238264,63496.406
4.19644110696581,0.0543087160813559,24.2442990926767,63499.312
4.196277938658,0.0538276003670395,24.224128173547,63502.218
4.1963544370575,0.0568929637965736,24.2202469615174,63505.109
4.19623091647945,0.0571089352517544,24.2240644016012,63508.015
4.19645503795317,0.0596829307181202,24.2232180313183,63510.921
4.19631606056929,0.0552412601841833,24.2273261393429,63513.827
4.19638064622297,0.0582407124767948,24.2127957239086,63516.734
4.1966269225777,0.0576824313232672,24.2118124932977,63519.64
4.19635297853751,0.0547575533964448,24.2096280784149,63522.546
4.1963125296238,0.0585291148596493,24.2259572001943,63525.468
4.19609288024641,0.0562699537445902,24.2369168915603,63528.359
4.19638980754854,0.0564041010936457,24.2326879792758,63531.265
4.19657303304275,0.0534801097509594,24.2312421919682,63534.171
4.19667733288938,0.0545391021856383,24.2319759062119,63537.077
4.19662323146022,0.055645593734854,24.2338150083899,63539.984
4.19662459947646,0.0545964857683728,24.2585408344023,63542.89
4.19666200220885,0.0550562108803075,24.2488708358514,63545.796
4.19639979039854,0.0535414775988329,24.242035938416,63548.702
4.19650491259881,0.0550964248263916,24.241780259424,63551.609
4.19662990152762,0.053322910901375,24.243619479244,63554.499
4.19649668190936,0.0578615230405894,24.2539017767428,63557.421
4.19627366187339,0.0578569170102612,24.2381923476379,63560.327
4.19652326358377,0.0557451234378714,24.2328361724973,63563.234
4.19655847250203,0.0564265910306997,24.2406759060755,63566.14
4.19627050826064,0.054122961417837,24.2417090578792,63569.046
4.1966869957771,0.0552765498250751,24.2523661173535,63571.937
4.19634995823224,0.0559555256332967,24.2377772674515,63574.843
4.19676038045858,0.0554269030768302,24.2402075372855,63577.749
4.19639008639493,0.0547075449237741,24.2371243568281,63580.656
4.19638783962232,0.0549076924212036,24.2332102446152,63583.562
4.19631765197679,0.0557525999976373,24.2867000070571,63586.468
4.1968612275895,0.0591465983526408,24.3265385113793,63589.374
4.19680470399904,0.055452176872455,24.3366321332367,63592.281
4.19661347754372,0.0551879372492832,24.3239823511452,63595.187
4.19670844710075,0.057479088496099,24.3392018740527,63598.093
4.19567434675886,0.0458360524919606,24.3208509861158,63600.999
4.19631715179437,0.0575339970649172,24.2867416920895,63603.906
4.19659721701128,0.0556413922485995,24.2910398088597,63606.812
4.19669083147381,0.0531641905004735,24.286192055053,63609.718
4.19668628153828,0.0526082041624623,24.2853930393953,63612.624
4.19679644763721,0.0555573421786021,24.2730731206382,63615.531
4.19664962370725,0.0557182588939265,24.2770963137167,63618.437
4.19667884272319,0.0530937489710947,24.2655302667826,63621.343
4.19679420275862,0.0547089353907103,24.2704043645535,63624.249
4.1967112657583,0.0553247465352237,24.2718292166136,63627.156
4.1963925023055,0.0557354192995714,24.2716183595855,63630.062
4.19663511477408,0.0543173785860154,24.2769165081511,63632.984
4.19663607703536,0.0555895036987854,24.2726013316171,63635.89
4.19679978879828,0.0551357163259509,24.2715491948854,63638.796
4.19681485110247,0.055617056123506,24.2727266756811,63641.702
4.19669866647286,0.0538493369942392,24.2613666115156,63644.609
4.19662002470176,0.057409172838107,24.2671441150754,63647.515
4.19687347751589,0.0547953041041873,24.271332370187,63650.421
4.196663790546,0.0522760521956902,24.2753651016617,63653.359
4.19693091790198,0.0530327123416254,24.2679612944383,63656.265
4.19680756348259,0.054713995342117,24.2784884827474,63659.171
4.19684005374899,0.0551417465071268,24.2771175829458,63662.077
4.19675393183048,0.0534580205274973,24.2916592340459,63664.984
4.19672854864973,0.0545283090681444,24.2931656708677,63667.89
4.19597707495041,0.0450811433656081,24.2900393844308,63670.796
4.19684548479259,0.0552980702975656,24.2801259756399,63673.702
4.19673209173228,0.0533586636725339,24.2704367702885,63676.624
4.19684918419349,0.0531143670486254,24.269728877851,63679.531
4.1967815912266,0.0536330316203826,24.2616915191412,63682.437
4.19677297586919,0.0540356057106789,24.2589521850413,63685.359
4.19654486602369,0.054358445065959,24.2613067303143,63688.281
4.19666516305125,0.0551023050957138,24.2558948341373,63691.187
4.19691623106406,0.0533955533828624,24.2744271219261,63694.093
4.19612404227932,0.0418484987429507,24.2873254997684,63696.999
4.19678118153416,0.0562306422266485,24.3185049924551,63699.906
4.19658256969498,0.0534236198900233,24.3387494764256,63702.812
4.19677105524479,0.057924385015404,24.3423931543422,63705.718
4.19661075914517,0.0566211930837812,24.3404394551795,63708.624
4.19710798426184,0.0557251002556459,24.3216037327991,63711.531
4.19677433511965,0.0551088997006228,24.308382538365,63714.437
4.19682509615314,0.0541280703399364,24.3051323488037,63717.359
4.19696980827919,0.0532473896357484,24.2970600999336,63720.281
4.19675364530854,0.0549209576157189,24.2980877482029,63723.187
4.19684655202328,0.0526048641030529,24.2943604337654,63726.093
4.19685393660172,0.0560567116758328,24.2994736204686,63728.999
4.19700119140259,0.0543937450924468,24.3135876192142,63731.906
4.19664916535278,0.0534935113729007,24.2943668746774,63734.812
4.1969013036533,0.0518724002374871,24.299111988778,63737.718
4.19704487035836,0.0554224240981871,24.2991489613757,63740.624
4.19683966670532,0.0518539396537356,24.3022233965352,63743.531
4.19712876490854,0.0520830612337223,24.3024569354076,63746.437
4.19693075876898,0.0550025114277539,24.2967030261526,63749.343
4.19592219007634,0.0472555894739018,24.299569411438,63752.265
4.19679424046604,0.0515764462597513,24.2866819162033,63755.171
4.19604424767264,0.0423515069203729,24.2878040714068,63758.077
4.19675551584546,0.0570279138835576,24.2914807760748,63760.984
4.19682020069828,0.0529357910315991,24.3030096096389,63763.89
4.1971018791016,0.0524031448860292,24.3016089165879,63766.796
4.19691473070958,0.0523928409573784,24.2983790225141,63769.702
4.19685815119682,0.0561332821262093,24.3018505541699,63772.609
4.19703868935678,0.0545313325274836,24.2944641739752,63775.515
4.19714612735774,0.053511504511568,24.3082035055628,63778.421
4.19700611025497,0.052833811128481,24.30457191504,63781.327
4.19699353439212,0.0541720363424006,24.2949034936431,63784.249
4.19717082530765,0.055046037033701,24.2983961711537,63787.156
4.19729026079062,0.0562130201494906,24.3352612134492,63790.077
4.19697370571901,0.0543025481538137,24.3324169217046,63792.984
4.19702657443671,0.0534147956501896,24.3316993974355,63795.89
4.19715802450625,0.057191096177747,24.3738065783831,63798.796
4.19731491851225,0.0535665813412373,24.4129373419552,63801.702
4.19732996431089,0.0555958518807527,24.43339996958,63804.609
4.19706943279471,0.0531593406144382,24.4196181959886,63807.515
4.19715816390872,0.0542933727043258,24.4094170383618,63810.421
4.19708400449749,0.0536318777138644,24.3954746435566,63813.327
4.19713434926428,0.0519974356709068,24.3725450255497,63816.249
4.19611156707073,0.0457511798529537,24.3565792757316,63819.156
4.19697881236259,0.056937456687982,24.3631693636012,63822.062
4.1968810125902,0.054799922880641,24.358187166859,63824.968
4.19709199156999,0.0552979452758545,24.3488594568082,63827.89
4.19714785643449,0.056048445952993,24.3418837852651,63830.796
4.1971754132126,0.0562113547661193,24.3425543537573,63833.702
4.19729368283113,0.0560367795868744,24.3496767059087,63836.609
4.19595358641544,0.0459052962522252,24.3423435588508,63839.515
4.1972335500211,0.0550723635943766,24.3383951994186,63842.421
4.19744719772871,0.0534193619820243,24.366742119118,63845.327
4.19715980259511,0.0525639581251829,24.3497331468758,63848.249
4.19728255765747,0.0522695941269433,24.3536209761928,63851.156
4.19730282499731,0.0529105447191444,24.3436462740413,63854.062
4.19710557900288,0.0513602881829558,24.3556459369671,63856.968
4.19731137904629,0.0542330813963023,24.3448974686598,63859.89
4.19728751663835,0.0506292983631785,24.3545221890206,63862.781
4.19736167428751,0.05125952503064,24.3546044554639,63865.702
4.19725316288544,0.0540610628818837,24.358333252451,63868.609
4.19603498576149,0.0484412888792598,24.3530738856407,63871.515
4.196940499387,0.0553827143330542,24.3430648141942,63874.421
4.19711973773813,0.0533448989178194,24.3379258155727,63877.327
4.19732382164268,0.0541272559421908,24.3291324122831,63880.234
4.19637988567704,0.047003541003803,24.3268656798131,63883.14
4.19723515406198,0.0506118889228174,24.332210608047,63886.046
4.19713662408509,0.0539762287094811,24.3363099638598,63888.952
4.19711181148632,0.0524571651169343,24.3299352812056,63891.859
4.19722158048681,0.0530973050290186,24.333998583693,63894.765
4.19606632291528,0.043932833348397,24.3628085475449,63897.671
4.19731746754669,0.0543340545064261,24.3455667658998,63900.577
4.19634564090135,0.0427022961416306,24.3472623583675,63903.484
4.19499597000674,0.0341184816759304,24.3572762160129,63906.39
4.19584513784923,0.0436961473375852,24.3594030344875,63909.312
4.19709061143545,0.054004590133396,24.3475372605757,63912.218
4.19613585929937,0.0465657485232725,24.3572158218518,63915.124
4.19715554767888,0.0524146996522845,24.3627910445556,63918.031
4.19713799835926,0.0549435767687888,24.3682536795983,63920.937
4.19638929372037,0.0504748398173082,24.3704085148975,63923.843
4.1970391248113,0.0536502030474569,24.3615144153915,63926.749
4.19723067779224,0.05564581390667,24.3411674148355,63929.656
4.19602856864824,0.0438474516751021,24.3243496750032,63932.562
4.19494398800091,0.0372504769295791,24.3419637366198,63935.468
4.1962858726483,0.0448005699624407,24.348014768949,63938.374
4.19724478568615,0.0514560632787947,24.3460481171278,63941.281
4.19720124108051,0.0521260778247182,24.3499411337028,63944.218
4.19616417736122,0.040807182778155,24.3536591053526,63947.124
4.19506356091022,0.0336362958666758,24.3591978391825,63950.031
4.19611842269632,0.0447207282085773,24.3548948257272,63952.937
4.19710225123157,0.053577885580811,24.3597953250529,63955.843
4.19697677126907,0.053296600119372,24.3618692111478,63958.749
4.19743185241743,0.0503594447624736,24.3694171097988,63961.656
4.19631239422253,0.046692788751923,24.3798772875024,63964.562
4.19704885830627,0.051723137281425,24.3803285750125,63967.468
4.19721343455828,0.0525395673486885,24.3975347705453,63970.374
4.1962886097913,0.0421653476002413,24.3926949407272,63973.281
4.19756130053087,0.0535932106012655,24.3929340555446,63976.218
4.19621461920567,0.0435968115625382,24.3932370265336,63979.124
4.19525886713515,0.0351857537441411,24.3983545963512,63982.031
4.19606883589941,0.0461181200625694,24.4046043814733,63984.937
4.19710205846465,0.0524084978498458,24.4042110351911,63987.843
4.19731948721846,0.051913965653653,24.3918943471465,63990.749
4.1969542578447,0.0533060139907815,24.3918714376981,63993.656
4.19715053227459,0.0524008546276651,24.3958897002569,63996.562
4.19707875139098,0.0546709361912344,24.3948156030003,63999.468
4.19611148413393,0.0435182541222751,24.4052809223658,64002.374
4.19696618313623,0.0525420861820512,24.4013298121969,64005.281
4.19647599506001,0.043704567225327,24.4063270423083,64008.187
4.19726574928158,0.0557278280413582,24.4009647020891,64011.109
4.19736497212599,0.0517139261051985,24.4193737321551,64014.015
4.19734089881973,0.0540785328749348,24.4172768721172,64016.921
4.19767286569357,0.0533714678787239,24.4191743524289,64019.827
4.19726157290343,0.0539896104989744,24.4148485122342,64022.734
4.19755012525141,0.0557370987513455,24.4202683494658,64025.64
4.19741840925763,0.0536074555587459,24.4289563736463,64028.546
4.1972972691697,0.0534179376195281,24.4184435572456,64031.452
4.19739737773731,0.0530485734547301,24.4188086065128,64034.359
4.1965859576092,0.046214584051693,24.429541157186,64037.265
4.19645874181015,0.0465657821643047,24.4198107983479,64040.187
4.19746019170463,0.0531901494375515,24.4114223230009,64043.093
4.19764880647925,0.0532291557761898,24.4090576434757,64045.999
4.19739589112164,0.0559770101728381,24.4015513808755,64048.906
4.19727139546866,0.0530218201456357,24.4008758812199,64051.812
4.19755700125085,0.0544706925261886,24.4088827080678,64054.718
4.19754698816542,0.0543267637194074,24.4152222954127,64057.64
4.19782677030899,0.0537184985673712,24.4174952731417,64060.546
4.19755070548394,0.0546551631020414,24.4176806447609,64063.452
4.19767351080161,0.0537747505282446,24.4165925071466,64066.359
4.19761318539947,0.0532477581965839,24.4096107206578,64069.265
4.19662993280409,0.0447482088225741,24.4209960791415,64072.171
4.19641153193733,0.0418373718947748,24.4166072506771,64075.077
4.19765878832435,0.0469286406443544,24.4224678596021,64077.984
4.19775594881765,0.0527808467466033,24.4313016557535,64080.906
4.19731151450497,0.0531339321065161,24.4194493281017,64083.812
4.19783553859463,0.0507963688454455,24.4103154860397,64086.718
4.19768203816939,0.0512046989275068,24.4079354631589,64089.624
4.19779843986638,0.0541784746344974,24.4066265539194,64092.531
4.19790677280975,0.0522823899434359,24.4042685963321,64095.437
4.19802361235371,0.0556698791224175,24.40573510744,64098.343
4.19778698113554,0.0519598287292349,24.4203970074078,64101.312
4.19779488296598,0.053900400107236,24.4328863582355,64104.218
4.19760382097442,0.0564983440700037,24.4285213231289,64107.124
4.19775157714424,0.0490612915870972,24.4297976312767,64110.031
4.19790673349043,0.051279910440904,24.4245917485287,64112.937
4.19679003671806,0.0418970837815562,24.4204182802917,64115.827
4.19669767378407,0.0422270154524534,24.417061356872,64118.734
4.19579600915957,0.0351172150285968,24.4144257371222,64121.64
4.19516014823535,0.033403604346989,24.4028041601963,64124.562
4.19672973556496,0.0435322802928483,24.411760630381,64127.468
4.19657125757663,0.0483350112037975,24.4260043905,64130.374
4.19656373604603,0.0427224383499556,24.4242137550579,64133.281
4.19645518955334,0.0445203312138219,24.439637958988,64136.187
4.19747891055533,0.0551078580343028,24.4491693540246,64139.093
4.1963479867194,0.0436880771356275,24.452893788977,64141.999
4.19770414191293,0.054129247864907,24.4456096386062,64144.906
4.19752674158187,0.0532850168544016,24.4393291220945,64147.812
4.19776138311143,0.0515542814460429,24.4483928843832,64150.718
4.19776273952235,0.0495770506484893,24.4393206148165,64153.624
4.19773709846632,0.0518622387780063,24.4539639247554,64156.515
4.19778255190537,0.051306396857703,24.4687685759714,64159.421
4.19762511956195,0.0534255054104715,24.4661554336761,64162.327
4.19665675591938,0.0426590231980611,24.4568947684446,64165.234
4.19656372798205,0.0435165064715181,24.4563412386255,64168.156
4.19580496074659,0.0316676113905049,24.468980031209,64171.046
4.19572726814497,0.0359635356781387,24.4684636010923,64173.952
4.19570358900001,0.0323308932201949,24.4584994873641,64176.859
4.19566541879861,0.0316538573692805,24.4515704750396,64179.765
4.1954148907592,0.0359093258119426,24.4399983956462,64182.671
4.19640064030431,0.04579685554145,24.4405940769019,64185.577
4.19738703622666,0.0516568755461626,24.448573020145,64188.484
4.19764695698151,0.0521593578750397,24.4559465021555,64191.374
4.19644288422155,0.0443739853424321,24.4760610605752,64194.281
4.19751560456313,0.0514948163137239,24.4688912975397,64197.187
4.19742852507966,0.0524760919043309,24.4553682328262,64200.093
4.19747404460318,0.0534461835619158,24.459041381396,64202.999
4.19770521939529,0.0515413684029333,24.4580816506044,64205.906
4.19780988446846,0.0516139543616066,24.4633327633166,64208.812
4.19821093956549,0.0539617902236393,24.471244333443,64211.718
4.19792773053281,0.0514080861801138,24.4602054683086,64214.624
4.19762901974178,0.0536684611075129,24.447896253592,64217.531
4.19693489212556,0.0441497168464968,24.4589065400662,64220.437
4.19590193202871,0.0357150386270759,24.4633017985622,64223.327
4.1953068788067,0.0323912267643118,24.460851190139,64226.234
4.19648769719397,0.0433493996520839,24.4613338288511,64229.14
4.19755220348024,0.0521002792916807,24.4596939227036,64232.062
4.1976672436683,0.0510040799944316,24.4599480216976,64234.968
4.19785530239081,0.0553248820194641,24.467022701415,64237.874
4.19773070281584,0.0533569827919443,24.460170465857,64240.781
4.19791860805973,0.0529450282131856,24.4598583225084,64243.687
4.19781300576739,0.0522269867424404,24.4605539539847,64246.593
4.19781790957508,0.0514555690630731,24.4689846972135,64249.499
4.19777725152554,0.0538564889843459,24.4720690136315,64252.39
4.19801971111853,0.0523096111556422,24.4732111691018,64255.296
4.19807996503358,0.0521182347273878,24.4723700639527,64258.202
4.1975207328318,0.0534049400031096,24.4776051217953,64261.109
4.19760119272146,0.0569538818606344,24.4679120418263,64264.031
4.19798095760837,0.0537471618400158,24.4748958469552,64266.937
4.19793879833165,0.0485914521920765,24.477324097342,64269.827
4.1978688176489,0.056706199141502,24.4759074491936,64272.734
4.19799814060833,0.0554224982536002,24.4779830433858,64275.64
4.19817442567443,0.0502329473155063,24.4639731913221,64278.546
4.19827590349624,0.0518232786839982,24.4717815937685,64281.452
4.1982191982069,0.0512458433789076,24.4740263576965,64284.359
4.19821100077562,0.0515699476344636,24.4809166967504,64287.265
4.19799151158975,0.052294159257493,24.4867011747138,64290.171
4.19809786197367,0.0514238187042448,24.4799534280437,64293.062
4.19799856175723,0.0517000545513223,24.4749009886771,64295.984
4.19793316960088,0.0540470328143937,24.4819209807347,64298.89
4.19715006415457,0.0401663674171408,24.4921668854587,64301.796
4.19683081443317,0.0439306713659117,24.5022855070389,64304.702
4.19686785041595,0.0420646816359254,24.5098712496613,64307.609
4.19692076354228,0.0418672556802297,24.5163007247251,64310.499
4.19684412205523,0.0437987773852573,24.5037491512489,64313.406
4.19713595354953,0.0392703180445207,24.5008718006543,64316.312
4.19599756232759,0.032867153704811,24.4941587540544,64319.218
4.19580486970347,0.0353469199488256,24.4825912488658,64322.124
4.19561127490837,0.0332794750595153,24.4767986237749,64325.031
4.19567223822435,0.0340479727836531,24.4754313538901,64327.937
4.19566780940594,0.0352828000418115,24.4732788578408,64330.843
4.19570242434229,0.0338709178710413,24.4711577328545,64333.749
4.19440187981383,0.0253637633767219,24.482926101685,64336.656
4.19555447480544,0.0349506114651656,24.488612056192,64339.562
4.1955566916898,0.0358652143769958,24.498543257014,64342.468
4.19538251409024,0.0287160039611005,24.5235891893234,64345.374
4.19651277182168,0.0427334993953802,24.5330057290808,64348.265
4.19772061618109,0.0517936363703197,24.5231575719653,64351.171
4.19769127313797,0.0495566737217277,24.5250848393902,64354.077
4.19762955982132,0.0553034332014364,24.513199183613,64356.984
4.19765116255363,0.0544159615637754,24.5210099958853,64359.921
4.19790211943129,0.0529213241219108,24.5353948054352,64362.812
4.19793219035711,0.0512391081943495,24.5407218245856,64365.718
4.19786242966031,0.0534543452114092,24.5364505395916,64368.624
4.1979962309514,0.0535074458812975,24.5414952090377,64371.531
4.19789743259687,0.0494195120566075,24.5324500130886,64374.437
4.19797033343099,0.0513033636479562,24.5196777262017,64377.343
4.19806974671196,0.0485685297410799,24.5247827888996,64380.249
4.19813799169975,0.0487834085928358,24.5165535385637,64383.14
4.19821312953677,0.0532464681513398,24.5124064690819,64386.046
4.19813274138695,0.0505220182403222,24.51813772335,64388.952
4.19833137745694,0.0491903510001876,24.5126853203371,64391.89
4.19852616651719,0.0527674254141236,24.5077856353562,64394.796
4.19813685870829,0.0520520705193127,24.5075942902348,64397.702
4.198257577841,0.0489647766782627,24.510145716575,64400.609
4.19833520943059,0.0511322477914182,24.5007593110583,64403.515
4.19814093890406,0.0536455595231474,24.5295458935992,64406.421
4.1981467043335,0.0517702451983118,24.5251635612777,64409.312
4.19818537396954,0.0510324469922746,24.512751475659,64412.218
4.19813196349432,0.0517884738573987,24.5159222353882,64415.124
4.19821097526263,0.0504372127173656,24.5041061859562,64418.031
4.19818345952793,0.0525165467007936,24.5222874453483,64420.937
4.19835914515764,0.0524784656332448,24.5314068150337,64423.843
4.19838940545432,0.0500172362336009,24.5293006368634,64426.749
4.19845474956313,0.0528526348666431,24.5347527471531,64429.656
4.19854891695543,0.0490609432028438,24.5308324457146,64432.562
4.19851492799029,0.052094915797704,24.5272300476791,64435.468
4.19851537076222,0.0487915176174431,24.5316227067684,64438.359
4.19861947029987,0.0492325347605675,24.5330674589517,64441.265
4.19842500350874,0.0504014508983818,24.5429690672485,64444.171
4.198558694778,0.0494544787288754,24.5444057155669,64447.077
4.19849587026326,0.0512502245151796,24.5389595238871,64449.984
4.19832089487621,0.0519156042313931,24.5289737382028,64452.89
4.19812745918662,0.05208971169886,24.5338401825628,64455.796
4.19850251436312,0.0532398492496335,24.5246250839586,64458.718
4.19730910558227,0.0431395973963183,24.5366569530307,64461.624
4.19723933126897,0.0418585143831195,24.5317614607467,64464.531
4.19740437389044,0.0451562860815287,24.5433693690205,64467.421
4.19689734132733,0.0418236271818081,24.5555043285031,64470.327
4.1973934856407,0.0422338866263921,24.5461864634211,64473.234
4.19739348009015,0.0392251790761425,24.5412693508826,64476.14
4.1971537301888,0.0412530232779574,24.5470121768251,64479.046
4.19726199737417,0.0396802517672694,24.5519547772597,64481.952
4.19728917915844,0.0386920235833598,24.5511491008475,64484.843
4.19713526931971,0.0442150532152087,24.5486855872221,64487.749
4.19739649188058,0.0409477897698128,24.5509849834412,64490.671
4.19746015294484,0.0406859069811712,24.5599110711667,64493.577
4.19625892308734,0.0323581154503192,24.5602341434027,64496.484
4.19602912301257,0.0341651875328122,24.5614316394736,64499.39
4.19589337706041,0.032973196962048,24.5571446291587,64502.281
4.19596073302554,0.0351313798502489,24.5461975945273,64505.187
4.19629751067992,0.0319803692970186,24.5631977697192,64508.093
4.19609436122997,0.0324925656392003,24.5676425080961,64510.999
4.19604579515608,0.0306572136472046,24.5561134512623,64513.906
4.19590158296799,0.03726544394059,24.5503216149202,64516.812
4.19605275440221,0.0340830546936963,24.5679179568516,64519.702
4.19584841396027,0.0360516509362587,24.5695113306272,64522.624
4.1959211021659,0.0334622010193122,24.5714556397577,64525.531
4.19579562211631,0.0355417029630949,24.5599181816021,64528.437
4.19567752700159,0.0361611668673243,24.5469606910663,64531.343
4.19560381931897,0.0346069214177032,24.5500392045443,64534.249
4.19577290213542,0.0322974662888988,24.5474831442033,64537.156
4.19565618051457,0.0327392236704016,24.5530665745675,64540.046
4.19562315383488,0.0334455276989943,24.5529956166956,64542.952
4.19448747758049,0.0220962194611548,24.5704459943224,64545.859
4.19455795186804,0.0232514441454185,24.5706483383438,64548.765
4.19571023149904,0.035152876164846,24.5661179536575,64551.671
4.19558417570545,0.0360011365811356,24.56716850096,64554.593
4.19581482631823,0.0346551001206576,24.5761450710465,64557.499
4.1955984800424,0.0351548618363017,24.5690149574426,64560.406
4.19585111366016,0.0354526054792957,24.557372805505,64563.296
4.19568788938495,0.0325085603724225,24.5544854154845,64566.202
4.19565085071352,0.0361181903937982,24.554007508181,64569.109
4.19554521092818,0.0351717816094549,24.5663611815485,64572.015
4.19656621298919,0.0440213424778179,24.5658241527157,64574.921
4.19666926011843,0.0435228874868461,24.58122941195,64577.827
4.19644220886456,0.0432025284147668,24.5845227826993,64580.734
4.19795883516773,0.0516865402475052,24.5790709434992,64583.64
4.19778280537366,0.0529176866623959,24.5687369635572,64586.546
4.19789925558668,0.0514124666348513,24.5644834807756,64589.468
4.19777295650148,0.0516548302996112,24.5818479615677,64592.374
4.19785916562519,0.0524348054457905,24.5863702900739,64595.265
4.19811484974879,0.0508681595579856,24.5793306935267,64598.171
4.19820386680132,0.0513766736002912,24.5830350642615,64601.093
4.19836103525014,0.0508059191330473,24.5815183482257,64604.015
4.19829153410995,0.0530954576593939,24.5724781970212,64606.937
4.19833787650517,0.0517607008609319,24.5801469248545,64609.843
4.19813733859971,0.0502365778766168,24.5673937820925,64612.812
4.19828880130195,0.0515732904086538,24.5907480135705,64615.765
4.19741874599644,0.0406012599960455,24.6069636900002,64618.796
4.19723907292029,0.0408902933631573,24.5882972059539,64621.827
4.19623837407446,0.0361490515667444,24.5978542995866,64624.859
4.19612744250687,0.0342889960417593,24.5874627683004,64627.89
4.19598097132192,0.0320783643967321,24.5724615615673,64630.89
4.19599471450397,0.0348977228706641,24.5660850582554,64633.921
4.19619958708665,0.0327697515524557,24.5631518469245,64636.859
4.19639496003415,0.0302890422735979,24.5741999905113,64639.827
4.19579470069878,0.0360885492083246,24.586606960574,64642.843
4.19602015719939,0.0364734629193145,24.5883616208213,64645.89
4.19583625473723,0.0341379421213246,24.5834532009949,64648.921
4.19580644630122,0.0322885948509816,24.5810202525275,64651.906
4.19567680935175,0.0354901384517946,24.5736222591485,64654.952
4.19583913797225,0.0342879979196004,24.5957580310765,64657.906
4.19558919827173,0.0355182655280252,24.6167331966,64660.859
4.19586705961762,0.0346092879717263,24.6035081900006,64663.859
4.19554731830281,0.0310359399860092,24.5913462790667,64666.89
4.19699113364941,0.044305548890946,24.5787507750789,64669.874
4.19673217612279,0.0413374820117438,24.5818988114357,64672.843
4.19680093067455,0.0422676719617745,24.5866606538304,64675.906
4.19675960378342,0.0439052630521862,24.586767121512,64678.906
4.19685683953192,0.0428459374931755,24.5917407417709,64681.89
4.19724322278514,0.0434959269884748,24.6032947700812,64684.859
4.19579613605556,0.0324179431670215,24.6088791500693,64687.796
4.19591956875178,0.0328526243427865,24.6150884300649,64690.749
4.19575130158348,0.0348016452623476,24.6156779961056,64693.656
4.19544137156384,0.0349634646561292,24.6124418818936,64696.577
4.196860828127,0.0432575669681198,24.6044731151877,64699.499
4.19663711498193,0.0424212853742361,24.6199403292311,64702.468
4.1967812449667,0.0397309825602034,24.6135026297989,64705.39
4.19686257100955,0.0435685384070499,24.6260974997363,64708.312
4.19710107336137,0.0419245025814257,24.620577933244,64711.218
4.19691876978304,0.042753840448187,24.6248522866807,64714.14
4.19700209399462,0.0411277106413811,24.6212338943393,64717.062
4.19704210538607,0.0427986470171889,24.6426408677892,64719.999
4.19716718212946,0.0423146529418036,24.6333324083033,64722.906
4.19678193375525,0.0447731684672675,24.6311183900854,64725.812
4.19596816968062,0.0329243600135185,24.6201340244988,64728.702
4.1959555494089,0.034118713543994,24.6198851565036,64731.609
4.195870874974,0.0371448972031777,24.6260557089306,64734.531
4.19582418519651,0.033919584718876,24.638504999039,64737.437
4.19580916105013,0.0339289533629669,24.6466257795538,64740.343
4.19600900321732,0.0302590782329535,24.6383390556877,64743.249
4.19568369299817,0.0359339258857183,24.6363911889644,64746.14
4.19607214282113,0.0326699720085282,24.6321643213299,64749.046
4.19567691938035,0.0356374551027147,24.6260979552378,64751.952
4.19471520874494,0.0239691019917068,24.6209322831507,64754.859
4.19462933428,0.025787104196801,24.6313795667341,64757.765
4.19545187095242,0.0347483806912251,24.635920472572,64760.671
4.19683523326283,0.0446582990661783,24.6294843864969,64763.577
4.19579679078811,0.0344460454289374,24.6286062109252,64766.499
4.19591320504962,0.0348649072384913,24.6391914311763,64769.39
4.19565330540863,0.0357284712612446,24.6360054152722,64772.296
4.1948518423701,0.0255268478711344,24.6344869820915,64775.202
4.19568971996062,0.0335806767962091,24.640730861397,64778.109
4.1957387946327,0.0365869064962681,24.6546962976486,64781.015
4.1954777805793,0.0330536096636493,24.6573117790326,64783.921
4.19639645420379,0.0450416021828209,24.6831975071631,64786.827
4.19568414782311,0.03413734612536,24.6946359753784,64789.734
4.19578368789019,0.0355123850540884,24.6879250814796,64792.64
4.19473696338361,0.0257678583933999,24.6858113778061,64795.531
4.19552837842275,0.0346897858868038,24.6827523013475,64798.452
4.19655400696529,0.0423455779710849,24.6697422906452,64801.359
4.19556467808628,0.0369631828340941,24.6787742893572,64804.265
4.19557531887481,0.0341448581550475,24.7007112410302,64807.171
4.19461897721416,0.0241863834461328,24.6989306249194,64810.077
4.19569983799486,0.0335984498275042,24.7004588139331,64812.984
4.19566626920386,0.0342476875286613,24.7006779554498,64815.89
4.19562332539597,0.0364725800607706,24.6942002110354,64818.796
4.19556569531988,0.0334712338894417,24.6934336957361,64821.687
4.19566444767237,0.0337896067150325,24.6938558033341,64824.609
4.1954615027737,0.0318541681435752,24.6905207888268,64827.515
4.19651973533098,0.0460224689267467,24.6821407395665,64830.437
4.19778309178718,0.0522389616858755,24.6880808941451,64833.327
4.19756453566453,0.0505559407797034,24.675715348531,64836.234
4.19772335975588,0.053361869217175,24.6751387433099,64839.14
4.19815248727391,0.0525849796134507,24.6753703271922,64842.046
4.19786220496711,0.0537614185149496,24.6654485179309,64844.952
4.19790172452864,0.0528838059129827,24.6675987701617,64847.859
4.19806431599643,0.0527241152911652,24.6638471395742,64850.749
4.19726169399525,0.0427144504309663,24.6594232082437,64853.656
4.1971591823303,0.0426074298080206,24.650575887895,64856.562
4.19716540954421,0.0424661029224871,24.6465633827938,64859.468
4.19680652021089,0.043584971753809,24.6617870781579,64862.406
4.19725405188552,0.0457231320297184,24.6833611568357,64865.296
4.19704795116177,0.0420762393019089,24.6814844200469,64868.202
4.19721655394224,0.0418461141409883,24.6889803732909,64871.109
4.19743296207486,0.0404529479607308,24.7006169627156,64874.015
4.19727718169486,0.0432733043642825,24.6968750551809,64876.921
4.19703541468114,0.0403463240374498,24.6935229637661,64879.827
4.1972960237383,0.0414744313386138,24.6864435905532,64882.718
4.19707868812659,0.0417211993807336,24.7006488471366,64885.624
4.19707271581494,0.0391880126531466,24.7112410977577,64888.531
4.19699906384675,0.0412217256174613,24.7067999304052,64891.437
4.19700705877876,0.039784098608838,24.7151556912018,64894.359
4.19715911299117,0.0405157939205368,24.6923894385543,64897.265
4.19617630661178,0.0352980429846482,24.6895236004047,64900.171
4.19632403872567,0.0344189467236181,24.6796403238876,64903.077
4.19597177474423,0.0305325683511706,24.6965154067588,64905.984
4.19616408426289,0.036213239514683,24.7108603183864,64908.874
4.19633169035131,0.0361335768604602,24.7226571913713,64911.781
4.19603041996614,0.0381811328646823,24.7155056228262,64914.687
4.19605675670056,0.0353888440564322,24.6940353985651,64917.593
4.19582116837439,0.0343053810118549,24.6898395399122,64920.499
4.19638050310564,0.033870695853682,24.6908793601038,64923.39
4.19559084080485,0.0344037100898818,24.6879780504292,64926.296
4.19576649072155,0.0306562018647647,24.6976939163923,64929.218
4.19564353554856,0.0344690007521266,24.7073849831485,64932.124
4.19612547072151,0.0350751485408501,24.7006664124375,64935.015
4.19596711170603,0.0341976223780034,24.6956337041259,64937.921
4.19624884252125,0.0331279810472135,24.6945830693711,64940.827
4.19621237601329,0.031790658820605,24.7021431386404,64943.734
4.19579543429143,0.0355003342402738,24.7002113539875,64946.64
4.19569148946327,0.0320571421984021,24.7041950188393,64949.546
4.19586103671916,0.0322508280000215,24.7044640769655,64952.452
4.19566391040129,0.0344344971270125,24.7059498449685,64955.343
4.19478781025015,0.0228713790652795,24.7011256933742,64958.249
4.19590291347807,0.0338534703281161,24.6939848586773,64961.171
4.19580273617365,0.0316454469326241,24.6988842647025,64964.062
4.19494186781521,0.0233758461901504,24.693536240351,64966.968
4.19581728503786,0.0330475268028553,24.6961073179541,64969.89
4.19561103627327,0.0363307313392716,24.6881626742806,64972.781
4.19584915792649,0.0309073960136827,24.6926910715624,64975.687
4.19620263466895,0.0316441234779016,24.6998877530322,64978.593
4.19591682572756,0.034750878450572,24.6961227862625,64981.499
4.19584518489768,0.0327653556218739,24.713424807909,64984.406
4.19592618127299,0.0326826571762631,24.7168546251838,64987.312
4.19583904210153,0.032919617485988,24.7177455127539,64990.218
4.19596949702609,0.0348301101512189,24.71623554604,64993.14
4.19569394812237,0.0321749287495783,24.7274357692021,64996.046
4.19561509704661,0.0352241819421527,24.7315613583699,64998.937
4.19583688046052,0.0330300585789523,24.7306706042379,65001.843
4.19565230076004,0.0282278370368685,24.7300542031386,65004.749
4.19569048331209,0.0344926944931369,24.7191998460802,65007.656
4.19583044505572,0.0351569583129802,24.7223089110562,65010.562
4.19615354328469,0.0330379344773257,24.731120835912,65013.468
4.19581308650888,0.0349049780949473,24.7282178031889,65016.374
4.19581832010205,0.03309768285441,24.7369705291776,65019.281
4.19581391266322,0.0356946391372363,24.7296067598851,65022.171
4.19610472614935,0.0353341120542251,24.7290255175142,65025.031
4.19554008669147,0.0357038509033068,24.7299746194158,65027.906
4.19691773436782,0.0436131578402719,24.7339306857594,65030.781
4.19704037674221,0.0433459504647094,24.7327999725835,65033.671
4.19679968384076,0.043638465286573,24.7347678971551,65036.546
4.1967387930111,0.042532981616391,24.7328454246875,65039.437
4.19724104801861,0.0430651545376906,24.7363647389316,65042.312
4.19712491085111,0.0439244788003147,24.7409365405959,65045.202
4.19714290272847,0.0432600532081958,24.7357114111409,65048.077
4.19717603849038,0.0401673167136035,24.7515371112409,65050.968
4.19677831522301,0.0439750290982194,24.7545972965433,65053.859
4.19611899481478,0.0338258750113386,24.7427068931341,65056.734
4.19597044234075,0.0336294732100049,24.7515726744451,65059.64
4.19618166894215,0.0281118009815135,24.7553964310008,65062.484
4.19575811621323,0.0364065424899304,24.750209193,65065.327
4.19480969328131,0.0293071761669106,24.7425637415252,65068.187
4.19581869071074,0.0360913605802991,24.7325490581903,65071.062
4.19611275631474,0.0359329751728536,24.7415303300759,65073.952
4.19582498750867,0.0376782217553808,24.7364035256073,65076.827
4.19593463575313,0.0332871333401944,24.7401914973148,65079.718
4.19612861947427,0.0317376347602145,24.7343649864518,65082.593
4.19603820141571,0.0302052633786563,24.7416269181137,65085.484
4.19598996573866,0.032191063062073,24.7480471909586,65088.374
4.19593549783333,0.0331677489717588,24.7468032095669,65091.249
4.19583078664546,0.0328478322443935,24.744984454058,65094.156
4.19596364912492,0.0326439190306683,24.7461226196026,65096.999
4.19562698287753,0.0336360291894921,24.747452334948,65099.859
4.1960219265741,0.0321397000149501,24.7458859062669,65102.702
4.19572931401846,0.0323998703163443,24.7468869783943,65105.577
4.19597707320801,0.0334737576152301,24.7596465870109,65108.468
4.19591310399624,0.0364686335388383,24.7579756476789,65111.343
4.19599468391016,0.0332037918599779,24.7595957962277,65114.218
4.19595047519101,0.0353157988438819,24.7565670872788,65117.109
4.1962498066609,0.0347926048528401,24.7489626235969,65119.999
4.1962102801175,0.0351453189218202,24.7578217826037,65122.89
4.19600526185075,0.0309037656887754,24.7520338972152,65125.781
4.1957160425861,0.0342453563390476,24.764334621649,65128.656
4.19587606487672,0.0312660657727656,24.7647617029938,65131.531
4.19617268500385,0.0323550352632316,24.7692836537905,65134.421
4.195908168052,0.0336524614509873,24.762065733448,65137.296
4.19592571306988,0.0310279220494361,24.7574263453085,65140.187
4.19591368335521,0.0363472054096315,24.7529587909843,65143.062
4.1960123313919,0.0335063395561595,24.7609262510517,65145.952
4.19611416776121,0.035387812405465,24.7760448877807,65148.827
4.19607321794199,0.0339701340201352,24.7816987943708,65151.718
4.19596627520209,0.0340904400137371,24.8002656107582,65154.593
4.19573518382931,0.03118858750914,24.7956682181061,65157.499
4.19606084066992,0.0326988788702325,24.8010106291476,65160.343
4.19566872034682,0.0324603480827863,24.7991243858456,65163.202
4.19604680478819,0.033521518685194,24.8045004564299,65166.046
4.19621366564745,0.0363825726757085,24.8095017303576,65168.921
4.19579586813021,0.0321731493575955,24.8038981349225,65171.812
4.19596985171564,0.0338894141738305,24.794434588719,65174.687
4.19580215101324,0.0352260998088709,24.7947356306062,65177.562
4.19592337968814,0.0338854255760318,24.7980416034473,65180.452
4.19493804687609,0.025494943404787,24.7983259219986,65183.327
4.19573934723764,0.0328391051825037,24.7983566788072,65186.218
4.19594245258246,0.0354536750709678,24.7957312691159,65189.124
4.19611490739171,0.0341875992866812,24.7908256159866,65191.968
4.19595120252329,0.0362593678013021,24.7987539003545,65194.827
4.19588212609869,0.0322822220526069,24.7982389209985,65197.671
4.19595343827088,0.0331145592303294,24.7972159478615,65200.562
4.19605384691898,0.0368469123046808,24.7950921783612,65203.437
4.19604940731433,0.03552392235067,24.8065331905195,65206.312
4.19600274033622,0.0336526947315864,24.7997676124984,65209.202
4.19605721552515,0.0330546624999303,24.8010963809392,65212.077
4.1959207360939,0.0331793589749335,24.7921512907193,65214.952
4.1962095114756,0.0348148827283806,24.8024716379532,65217.827
4.19616020872941,0.0328799879930354,24.8126087321847,65220.749
4.19578011111481,0.0331961474110232,24.8103691561041,65223.593
4.19596935679435,0.0328190449467225,24.8090249416908,65226.452
4.19597112734147,0.0348400078287519,24.8044012202224,65229.296
4.19595919612532,0.0322411539103274,24.7877641771916,65232.171
4.19610818042456,0.0333903873110626,24.7915980688771,65235.046
4.1947180438869,0.0232249518176075,24.7931667062683,65237.937
4.19568213127082,0.0339338709762491,24.7864712340708,65240.812
4.19609322115588,0.0312385877800966,24.7892482293444,65243.702
4.19586125765285,0.0353429484556193,24.7910893758618,65246.577
4.19601706139946,0.0337946310293162,24.8056123035547,65249.468
4.19593627141573,0.0352570200366609,24.8529602445475,65252.343
4.19602042340656,0.032423940325838,24.8374377556162,65255.249
4.19586089984899,0.0322774817258607,24.821639154992,65258.093
4.19586183186851,0.0342202542206631,24.8151824108562,65260.952
4.19610514438893,0.0350130226210378,24.8216625966749,65263.812
4.19520572676643,0.0248875905879444,24.8230447421452,65266.687
4.19578912435146,0.0332145867857358,24.8191935498176,65269.577
4.19570597942263,0.0344238827131509,24.8144617015126,65272.452
4.1960724430648,0.0332485233417302,24.8156105457324,65275.343
4.19595561231898,0.0337534505584404,24.8093999463653,65278.218
4.19492189164313,0.028371670688664,24.8088135187212,65281.124
4.19585261151813,0.035559322507573,24.8031521096962,65284.015
4.19504843033196,0.0239839093429741,24.8025525339953,65286.89
4.19584190721814,0.0338419681400172,24.8048557529034,65289.765
4.19569483875825,0.0350549578402828,24.8084744423196,65292.656
4.19589329244571,0.0345375580404869,24.823764977568,65295.531
4.19601320003763,0.0304806580517691,24.8249847669046,65298.421
4.19589514994068,0.0314408913189052,24.8192998744918,65301.296
4.19612301494422,0.03393149153252,24.810254484919,65304.187
4.19595519162625,0.0348883603056202,24.8154001255583,65307.062
4.19588668191246,0.0349190777928297,24.8221349770432,65309.937
4.19575267818896,0.0322613512056383,24.830055930214,65312.827
4.19602626954967,0.0311435128056939,24.8334492164263,65315.702
4.19591450886975,0.034467282624466,24.8333057736224,65318.609
4.19591472290086,0.0335884781107493,24.8364353456408,65321.452
4.19502382263767,0.0231844971447645,24.8363140255272,65324.312
4.196045577102,0.0334637280555583,24.8224643844794,65327.156
4.19607067123447,0.0325623965449621,24.8231884608898,65330.031
4.19513214286962,0.0221220632746,24.8125491469047,65332.921
4.19565969163443,0.0349860227379206,24.81337423116,65335.796
4.19588343631662,0.0329601840398598,24.82029753634,65338.687
4.19600361049021,0.0342552670833036,24.8303925217357,65341.562
4.19583132260057,0.0315952715916255,24.8353161682329,65344.437
4.19612387082013,0.0345910766166147,24.8309932605725,65347.327
4.19498658352299,0.0241847700276526,24.8357105229357,65350.234
4.1958976786748,0.0339116420674296,24.8328667191261,65353.077
4.19584994458758,0.0326210860732022,24.8304499175383,65355.937
4.1962383937949,0.0319184938210463,24.8458831601748,65358.781
4.19586232407223,0.0320739448357489,24.8410235927005,65361.671
4.19573967565785,0.0341395256329239,24.835330865639,65364.546
4.19590577527928,0.0337367730531689,24.8422637999885,65367.437
4.19604357329402,0.0348702964706511,24.8559766107104,65370.312
4.19628827704238,0.0328879990401784,24.8651154909015,65373.187
4.19613137977554,0.0354771832661917,24.8602594720252,65376.077
4.19574621172976,0.0352704023556663,24.8654945437823,65378.952
4.19601030283509,0.0334339623605768,24.8580721478532,65381.859
4.19596890800333,0.0339613521906923,24.8805362964814,65384.702
4.19584904203948,0.0343552705591563,24.8681196592915,65387.562
4.19598924551548,0.0360324105225691,24.8723415015793,65390.406
4.19579509405743,0.0356686173598451,24.8637097994082,65393.281
4.19597290646622,0.0365779521044895,24.8795602878328,65396.171
4.19598896359377,0.0347808871889826,24.8822541225464,65399.046
4.19592532952768,0.0348678779641211,24.8900884777031,65401.921
4.19600941121421,0.0336373270782433,24.8832868370515,65404.796
4.19620649611399,0.0325821512550804,24.870251573917,65407.671
4.19615201594261,0.034490082522233,24.8658378439056,65410.562
4.1961867547739,0.0332116313986116,24.8738028067113,65413.452
4.1958824821582,0.0327339146358344,24.8775760725167,65416.359
4.1958189983761,0.0283288208412956,24.8707440112062,65419.202
4.19620652491273,0.0322540291046595,24.8730827170461,65422.062
4.19587873276121,0.037808037825366,24.8709921923015,65424.906
4.19598260779833,0.0314903430410479,24.862887164715,65427.796
4.19621630233789,0.0325955337947621,24.869550926434,65430.671
4.19573114271936,0.0330667671124389,24.872577604006,65433.546
4.19613240992898,0.0327024877371995,24.8696618238471,65436.421
4.19665716555629,0.0441000467425331,24.8608484739608,65439.312
4.19640109218031,0.0344596554170994,24.8686787651014,65442.14
4.19580465858114,0.0144018678907978,24.8801986827732,65444.968
4.18851152782815,-0.0012281447149011,24.9077258607062,65445.968
4.18817736562827,-0.00143919276652031,24.9224693915092,65455.296
3.93245601901748,-2.01205622149217,24.9666229667837,65465.483
3.90559541561009,-2.01192225190844,25.0547502407029,65474.905
3.88463193987754,-2.01353978986777,25.1697007517618,65484.28
3.86709911062331,-2.01135877483403,25.2767426058072,65493.655
3.85163133447973,-2.01166246795618,25.4076456425691,65503.014
3.83764097162152,-2.01066434296264,25.5117735379958,65512.327
3.82461956474333,-2.01143702256474,25.631692742421,65521.718
3.81297674749677,-2.01360265349714,25.7551264719836,65531.077
3.80242458271545,-2.01114560905961,25.8754726054836,65540.499
3.79232062515093,-2.01023428385819,26.0016757775201,65549.827
3.78297948043577,-2.01129118821814,26.1321143172167,65559.186
3.77425290693041,-2.01076306604485,26.2451740203593,65568.577
3.76620247180386,-2.01314435605065,26.3777331529471,65577.921
3.75846043581884,-2.01172638705629,26.5233938701274,65587.311
3.75154954257681,-2.01338952300036,26.6270997850707,65596.686
3.7444893845743,-2.01306962342257,26.740921433295,65606.046
3.73814565965232,-2.01303636316401,26.852209793733,65615.421
3.73209275909501,-2.01042640653074,26.988799343429,65624.811
3.72613506768772,-2.01274861820281,27.1013829382503,65634.186
3.72042425241778,-2.01438082957221,27.1816740350736,65643.546
3.71453658564459,-2.01178054645313,27.3344775937051,65652.921
3.70900923473626,-2.01219046277346,27.4448384606891,65662.264
3.70329047466476,-2.01191348172541,27.5481050493672,65671.655
3.69798166272208,-2.00918336612394,27.6473235011102,65681.014
3.69227926248484,-2.00919003072214,27.7691338690082,65690.327
3.68689869789287,-2.00849450371102,27.8812751012379,65699.733
3.68143444488697,-2.00779987329377,27.989212291855,65709.061
3.675993159757,-2.01124417831801,28.0948630317103,65718.468
3.67041130624019,-2.01252515929677,28.2325608301987,65727.858
3.66459713642034,-2.01377502618033,28.3402753329272,65737.218
3.6591307911544,-2.01381196786062,28.4462104742847,65746.577
3.65361482485147,-2.01368507545035,28.5320041170902,65755.936
3.64813186243643,-2.01137154100297,28.5690408220451,65765.296
3.64266639510117,-2.01395743842736,28.7043914759008,65774.702
3.63672188500296,-2.01101293792143,28.8555699385845,65784.046
3.63129137240877,-2.01314043997764,28.9322237235756,65793.374
3.62587116209946,-2.0133176202666,28.988692749739,65802.702
3.62067513035129,-2.01214350763701,29.0347759654789,65812.139
3.61550977554578,-2.01038301892276,29.1043956106128,65821.499
3.6103782012595,-2.01422674935417,29.1899001668745,65830.858
3.60577362897976,-2.01182547525582,29.2352449378341,65840.171
3.60072564993412,-2.00985221937842,29.2972113032717,65849.577
3.59627391873997,-2.01265893801247,29.3125503893025,65858.952
3.59183638512768,-2.01118256023107,29.4162151687894,65868.358
3.58742808604621,-2.01170219681542,29.4629699059154,65877.702
3.58330430316195,-2.01282984016398,29.5058479298887,65887.014
3.5790672655142,-2.01367285937602,29.5820566718578,65896.374
3.57475669742021,-2.0090442918144,29.6586892390006,65905.702
3.57101568915182,-2.01256658441342,29.6941931691435,65915.061
3.56676760839993,-2.01219818015495,29.6314495490925,65924.389
3.56289119379823,-2.01045665674522,29.729710698285,65933.718
3.55891146418213,-2.00950189587639,29.7845702956351,65943.061
3.55501921897767,-2.00818204175771,29.7407090274194,65952.483
3.55115295788999,-2.01262900842579,29.8844151300169,65961.874
3.54731736875237,-2.01368077035688,29.9344916640596,65971.249
3.54354464379433,-2.00996857616954,30.0271909843004,65980.561
3.53965634747121,-2.00939355274964,29.9451923276151,65989.936
3.53597570251952,-2.00923377538696,30.0080496103068,65999.343
3.53197500568306,-2.01228060141743,29.9540093456909,66008.702
3.52822055557716,-2.01340208385634,30.1100424711369,66018.03
3.52462958843171,-2.01285522008811,30.1908374951888,66027.405
3.52077507256705,-2.01048458999282,30.165007549347,66036.796
3.51715701503578,-2.01195243937536,30.2559223829941,66046.155
3.51340781888203,-2.0114594726656,30.3409773137616,66055.577
3.50961272393907,-2.01106576952842,30.3585288749678,66064.968
3.50617798404753,-2.01081201194313,30.4211882801006,66074.358
3.50244487209682,-2.01255138738708,30.546468695505,66083.78
3.49902188756001,-2.01032634907212,30.5573762920904,66093.171
3.49551218096714,-2.01170896139151,30.6146041836658,66102.514
3.49197165471552,-2.01279476047874,30.5643026532091,66111.843
3.48866555812308,-2.01078569068921,30.6312529115552,66121.202
3.48532030038896,-2.00819545290915,30.7527376150726,66130.593
3.48180260716336,-2.01163638532923,30.8296000262205,66140.046
3.47842352844433,-2.00915882485191,30.8895731742116,66149.389
3.47535828341466,-2.01230234671315,30.963425432733,66158.749
3.4721342730367,-2.01300494559908,31.1100865601343,66168.108
3.46872579786877,-2.01293086911434,31.072370312505,66177.514
3.46546869170633,-2.01286853226572,31.2409035687608,66186.874
3.46239193960101,-2.01096082044708,31.2381897548917,66196.264
3.45943316840208,-2.01236034696167,31.26443700676,66205.577
3.45618687257681,-2.01326530141331,31.3069914844262,66214.952
3.4531204456778,-2.01002932616745,31.4372147333197,66224.311
3.44984985114711,-2.01056577063472,31.5447907825184,66233.639
3.4468377406988,-2.01068182601204,31.55420367785,66243.077
3.44386898657942,-2.01088681066018,31.5647519237676,66252.421
3.44072631431905,-2.01104302521171,31.6784820343259,66261.811
3.43785105640643,-2.01219837833783,31.8010879257345,66271.171
3.4350103722381,-2.01180701883786,31.7825786466434,66280.53
3.43172833774828,-2.01140216153688,31.8974438201331,66289.889
3.42918026380396,-2.01071400110124,32.0116794572037,66299.28
3.42622108041892,-2.01043070087546,32.0737253228453,66308.655
3.423066542843,-2.01376242018488,32.0790963262177,66318.014
3.41942367140878,-2.01464308039867,32.0874212930786,66327.389
3.41763070148742,-2.01142864309462,32.1816593018496,66336.749
3.41486316391395,-2.0148748200133,32.1934856413051,66346.077
3.41216499564795,-2.0128087014553,32.2539282048006,66355.499
3.40931120654553,-2.00896363526259,32.2602268410929,66364.889
3.40664029142289,-2.01390915808467,32.3985661485133,66374.28
3.40377514823348,-2.01125497787377,32.419886565382,66383.639
3.40091480166783,-2.01190777902777,32.5606939624348,66393.03
3.39875091798065,-2.01171814007516,32.6046936142857,66402.436
3.39569856564636,-2.0120717937076,32.5846985352468,66411.796
3.39329395633822,-2.01223896325366,32.6728328689225,66421.155
3.39051618147677,-2.01197561221138,32.740990439311,66430.483
3.38801777290187,-2.00991049496328,32.9065421871484,66439.843
3.38555149416564,-2.01143881294762,32.9057194728283,66449.202
3.38282006322641,-2.00890098006892,32.8242798900349,66458.577
3.38051600582875,-2.01279023589602,32.9309055191655,66467.936
3.37784076554502,-2.01004422509849,33.0939240751452,66477.264
3.37528572419767,-2.0124060097054,33.1210340664274,66486.624
3.37292570243726,-2.00946980694068,33.0375406225681,66495.983
3.37043992315623,-2.01030794722128,33.172150905057,66505.311
3.36793282795719,-2.0124784158882,33.3220783686697,66514.764
3.36548848028068,-2.01156570837302,33.3780012665063,66524.124
3.36324810746791,-2.01124862037579,33.3450982315018,66533.483
3.36069149489205,-2.01079769066365,33.2928878887093,66542.843
3.35837160385544,-2.01095109068499,33.3320688225068,66552.218
3.35615666021377,-2.01062832261782,33.520813498217,66561.546
3.35378043641154,-2.00952495507349,33.487923749917,66570.968
3.35144751061715,-2.01223957207714,33.6475907600916,66580.296
3.34881950554527,-2.0106189523846,33.7499224365528,66589.639
3.34657098138815,-2.01012496837586,33.7566599454317,66599.077
3.3442150320712,-2.01098364121985,33.8701055223526,66608.468
3.34194917130798,-2.01106168210627,33.9343915442214,66617.858
3.33956059990941,-2.01186335757221,34.024493345571,66627.343
3.33755787645998,-2.01122328138938,33.9814198475568,66636.686
3.33519133988536,-2.0125439174526,34.0379337067535,66646.108
3.33294003090175,-2.01289973011198,34.1251887011999,66655.468
3.33071311204641,-2.01347384618278,34.2284781640294,66664.827
3.32855303474721,-2.00934650766441,34.1684490434976,66674.171
3.32640056437386,-2.01225917843573,34.3261632194404,66683.593
3.32402879827244,-2.01268658716411,34.3086320613202,66692.921
3.32179924214974,-2.01022111992063,34.3863808161298,66702.249
3.31930713495939,-2.00891336219761,34.4212974432866,66711.686
3.31715271971453,-2.01230696573977,34.5653108269814,66721.046
3.31494837779168,-2.01269317035745,34.4105113680839,66730.421
3.31279815488613,-2.0100872810248,34.6277687420589,66739.811
3.3105452581659,-2.00944833443717,34.5198133396899,66749.155
3.30829832595457,-2.011452998824,34.7027242369539,66758.514
3.30609834602074,-2.01240576662455,34.7825932188346,66767.874
3.30378452981565,-2.00993699405884,34.8986077914454,66777.233
3.30145648693241,-2.01308487585926,34.6983260238353,66786.593
3.29919613322481,-2.01205637173593,34.8573554569585,66795.983
3.29687277108156,-2.01052189212,35.0218035970747,66805.343
3.29475053660452,-2.00826414147012,35.0699370937733,66814.733
3.29260515598865,-2.01071965648275,35.0980386639798,66824.077
3.29004780693582,-2.01345437985437,35.1513438172974,66833.436
3.28778576853067,-2.01178028183417,35.2161017254812,66842.827
3.28555609634,-2.01042627102864,35.3091982134963,66852.233
3.283395804845,-2.01217461553733,35.366162404624,66861.561
3.28084013973959,-2.01430054981976,35.3724998281384,66870.921
3.278538002394,-2.01125274215982,35.3989679865951,66880.311
3.27597605667276,-2.0097925502868,35.4937310398155,66889.686
3.27355536992227,-2.00909539691016,35.5580361609526,66899.046
3.27120400990349,-2.01010307308661,35.5802344285258,66908.421
3.26872825976401,-2.00818235876626,35.6183835371895,66917.749
3.26631376465711,-2.01206976713834,35.5855226935563,66927.139
3.2638311501151,-2.01178105187754,35.7728983771259,66936.468
3.26140476383019,-2.01156383702433,35.7101207401681,66945.764
3.25859986147169,-2.0117960746951,35.8893895989343,66955.077
3.25607044357107,-2.01090071922659,35.814858227409,66964.421
3.25347841528633,-2.01239317266076,35.9077460297662,66973.78
3.2509587709093,-2.00855253002071,36.1064509918801,66983.155
3.2481983114943,-2.00900471076809,35.9988011456416,66992.514
3.24570037310265,-2.01009559541202,36.2169562829132,67001.874
3.24277992352697,-2.01352543882684,36.2343492376041,67011.28
3.23987428573307,-2.01364267575972,36.2608870268577,67020.639
3.23709448769881,-2.00988953091337,36.4445443767074,67029.968
3.23421797164793,-2.01170244975467,36.1454086143324,67039.374
3.2313344449375,-2.00834732404711,36.4949322334278,67048.749
3.22849445866264,-2.01137087400161,36.5806941852865,67058.124
3.22544360932072,-2.01110996687928,36.6376446063025,67067.452
3.22247510811014,-2.01163600456083,36.6715825424589,67076.843
3.21942029108948,-2.01487636449806,36.6338621809865,67086.202
3.21657628941637,-2.00927020417656,36.7838542723577,67095.546
3.21339190629748,-2.01329324240209,36.8346960903697,67104.889
3.21025488135399,-2.0110706130138,36.8326376362822,67114.327
3.20690505977914,-2.01189357684789,36.6548924911783,67123.702
3.2036172905854,-2.0107379829225,36.9816346465727,67133.093
3.20006359826761,-2.01173387734757,37.0926759712778,67142.452
3.19685970710104,-2.01014109465148,37.1067373863284,67151.764
3.19337760286588,-2.01122779805634,37.2735452982215,67161.171
3.19010560307894,-2.01160974734364,37.1928218429635,67170.561
3.18599650290665,-2.01137468572365,37.3135377687565,67179.921
3.18259273984287,-2.01220244281922,37.3322723039896,67189.28
3.17870237629346,-2.01009101135434,37.5142242840985,67198.671
3.17465125115556,-2.01193289833798,37.5202585489229,67208.03
3.17074845828471,-2.01175249049916,37.3781110695139,67217.389
3.1669027513603,-2.01143353625888,37.5345180898445,67226.733
3.16256675435618,-2.01021076965078,37.5849754135776,67236.093
3.15822065081775,-2.01125994706128,37.7330746221476,67245.483
3.1539396754906,-2.00824267159536,37.7707448031116,67254.874
3.14946432784501,-2.01179252779267,37.7750283711758,67264.233
3.14463935932843,-2.00792042665389,37.9849613975837,67273.593
3.13991518343085,-2.01219942257593,38.0518983606859,67282.952
3.13485981511898,-2.00931047255243,38.0658953189239,67292.311
3.12988567666679,-2.01369480999572,38.1149940971519,67301.702
3.12436456857634,-2.00920651902037,38.2784149319363,67311.061
3.11872894078616,-2.01123070990456,38.2040628609879,67320.405
3.11320268271804,-2.01197968439114,38.253623463849,67329.718
3.10728811978222,-2.01029657526701,38.3998934516903,67339.046
3.10098862244304,-2.01194279456476,38.3789405900623,67348.436
3.09452637747189,-2.0112484548549,38.4420907716756,67357.796
3.08765307737956,-2.01164009254625,38.5359627985511,67367.186
3.08054797809071,-2.00815351384221,38.6822676909523,67376.577
3.0730975490483,-2.00976844452989,38.6613151264094,67385.999
3.06516379760402,-2.01031234860163,38.7108164702972,67395.374
3.05706431981634,-2.010540485946,38.638743385166,67404.764
3.04810811043939,-2.01159216173939,38.8678219536422,67414.139
3.03882656853691,-2.01037449631949,39.1622543950135,67423.499
3.02904246501708,-2.01412778258008,39.1244985630623,67432.827
3.01819541752719,-2.00845091863732,39.1806811243496,67442.218
3.00698937391001,-2.00789933961397,39.3970221227862,67451.593
2.99509470006079,-2.01031755748662,39.3153788115842,67460.952
2.98278643286267,-2.01017545785776,39.4095558383816,67470.311
2.96899464219213,-2.01404539318208,39.4447774546357,67479.655
2.9543888090097,-2.00969898755373,39.6199070542624,67489.03
2.93894113601726,-2.01242311615499,39.8029647490683,67498.421
2.921844563562,-2.01167714292308,39.817032337902,67507.811
2.90299335115676,-2.00888224982521,39.9309443210068,67517.171
2.88187802231953,-2.01076971220801,40.0297825709261,67526.499
2.85728541037201,-2.01191928514183,40.1221268222508,67535.858
2.82903217008849,-2.0140053456604,40.1836736634595,67545.171
2.79568470871496,-2.00895710702626,40.4175984778097,67554.499
2.7560603982359,-2.01012214309023,40.4206510513433,67563.858
2.70905149211453,-2.00860434289227,40.5812921518768,67573.186
2.65299011101349,-2.01109610809006,40.816034558558,67582.561
2.58653339037024,-2.0121778273738,40.911528063621,67591.889
2.50699889590395,-2.01144008448078,40.9350312757878,67601.264
2.41604417241337,-2.0120968941262,41.3626376617417,67610.655
3.03281602322646,-0.00111602717773877,41.2320034214295,67620.249
3.16666334484544,-0.00358976586067749,41.1681969673424,67629.733
3.25334014824291,-0.00450807423164328,41.0560853530929,67639.311
3.31527945067276,-0.00210153024451604,40.8320727403055,67648.858
3.36213141806554,-0.000216507430820648,40.6735223052147,67658.358
3.39953147812201,0.00059867356056724,40.6628735848057,67667.827
3.43006561044362,-0.00185638213463275,40.2632933551623,67677.358
3.45584190001733,-0.00148710712104496,40.1622541132681,67686.889
3.47750737986121,-0.00177217971400709,40.0998488277061,67696.452
3.49626507015709,0.00108839657069225,39.8301372782909,67705.952
3.51259353599518,-0.00376440852311425,39.6454905103306,67715.514
3.5271419121337,-0.00455543337953152,39.4014848130273,67725.108
3.53971666620858,-0.00171275768871604,39.1457404078442,67734.655
3.55107422630656,-0.00508363874810944,38.799438799779,67744.186
3.56147392215934,-0.00535762678129174,38.9785208353057,67753.749
3.5703349794768,-0.00463135960049619,38.8926871255027,67763.296
3.57871720387936,-0.00356561518048244,38.4763474776219,67772.827
3.58610858752554,-0.00375091919678809,38.2365302247138,67782.358
3.59262758973986,-0.00115570043181233,38.0139227419474,67791.843
3.59892825529468,-0.00436714861061603,38.0294498657679,67801.374
3.60454887947416,-0.00348120235638723,37.823080011254,67810.843
3.6098200595021,-0.0024575355043506,37.8225556251782,67820.436
3.61469427998793,-0.0033526683529256,37.5305389612072,67829.921
3.61903834275637,-0.00495581624023976,37.2521672326432,67839.546
3.62338697291104,-0.00286965093529448,37.1324670979234,67849.218
3.62719808722539,-0.00243877362459772,36.9437910110501,67858.827
3.63095405705594,-0.00415544977976204,36.7625734342633,67868.499
3.63415073481898,-0.00485491158748416,36.8453985101471,67878.108
3.63741992698825,-0.00237946071381492,36.5407512135682,67887.827
3.64036490604791,0.00322061724270559,36.3838037833119,67897.436
3.6432226056234,-0.00384050388470081,36.4139935650636,67907.108
3.64571206654238,-0.00309074945357702,36.1598436148981,67916.764
3.64815025225063,-0.0011332878059677,35.8558513305303,67926.389
3.65077262816203,-0.00204373576965903,35.7928070417476,67935.983
3.65275845854481,-0.00274310530468353,35.6750388596216,67945.686
3.65529264491245,-0.00395378032212816,35.7115707747059,67955.28
3.65697869509788,-0.00306517604833343,35.3744202122287,67964.983
3.65885938165142,-0.00207976045944289,35.3852639579561,67974.561
3.66086529140218,-0.00382078033539234,35.3844681963191,67984.233
3.66270961285238,-0.000317866738483917,35.134298948622,67993.858
3.66431726811822,-0.00339572095774668,35.0750278318091,68003.53
3.66596471737181,-0.00261866659655791,34.7009470125438,68013.155
3.66763132970447,-0.00452913839124803,34.6352837578786,68022.811
3.66919218121442,-0.00362953439415192,34.5652285424143,68032.452
3.67015614872046,-0.00292919926062198,34.4035399624058,68042.124
3.67181100150462,-0.00245282656918748,34.4519723090618,68051.733
3.67327489821376,-0.00390342133603507,34.2794322590837,68061.405
3.67439995109272,-0.00122655466231526,34.2040081504183,68071.014
3.67583846028633,-0.00287052813230057,34.1246084702161,68080.686
3.67679852349761,-0.00184333055984405,34.0538622470644,68090.296
3.67810101725539,-0.00284139077131372,33.8840510194381,68100.077
3.67935807260291,-0.00430596214033764,33.6306004000223,68109.936
3.68021397672384,-0.00178552412342843,33.4921424297265,68119.718
3.68135720507498,-0.00261343595892706,33.4543592400995,68129.514
3.68217382554622,-0.00229488898856658,33.4259729534546,68139.28
3.68312120598684,-0.00651374803094879,33.084677851627,68149.03
3.68407382011219,-0.00317345267479688,33.0766296519356,68158.796
3.68482362604874,0.00103970058118051,33.150673053391,68168.561
3.68592309471722,-0.00303260077029212,32.9124661042716,68178.327
3.68651187796016,-0.00390026016222935,32.8207426972292,68188.061
3.68745097608116,-0.0040030125278851,32.6824281601834,68197.811
3.6880814979921,-0.00460297218002839,32.5073689659264,68207.655
3.68903752921928,-0.00183893437180341,32.5951318990278,68217.468
3.68957661576873,-0.00167098999596428,32.3679464895676,68227.28
3.69002010682888,-0.00191425995274512,32.4644851952377,68237.03
3.69070781681142,-0.00270615036502916,32.3371867027934,68246.796
3.69135593613366,-0.00295197033613509,32.2525983511255,68256.608
3.69180898291409,-0.00312712884303584,32.1923241277653,68266.358
0.979649961435542,-0.00515728903268036,22.9844331560497,68267.358
-0.00142215653841049,-0.00132589786837741,22.9840994753582,68269.905
4.98508893643415,0.000203315059531785,22.9861480262061,68272.858
4.98534527746033,0.000329425612437477,22.9946247370774,68275.67
4.1860104208294,-0.00106244802710558,22.9906767994446,68280.014
