Voltage_measured,Current_measured,Temperature_measured,Time
3.873017221301,-0.00120066069829791,24.6553578339151,0
3.47939355937927,-4.03026847753879,24.6664798117748,2.532
4.00058782242977,1.51273064747454,24.6753944700602,5.5
4.01239519378372,1.50906328192998,24.6938650938556,8.344
4.01970805934895,1.51131819290878,24.705069460327,11.125
4.02540946668817,1.51277913030508,24.7181397169436,13.891
4.03063626607813,1.51183834291577,24.7311441467293,16.672
4.03534895868925,1.51024540359745,24.741289654482,19.5
4.03971636673129,1.50779576230267,24.7590114137171,22.282
4.04354120958279,1.50732202593623,24.7668910946495,25.063
4.04672406852512,1.5102259388806,24.7783390761184,27.828
4.05032083217424,1.51185336042836,24.7956534090934,30.641
4.05347775737346,1.5101392891692,24.7956088630964,33.453
4.05687947405308,1.51281771358362,24.8075917860851,36.219
4.06020401031697,1.50957766109772,24.8266462528865,39.735
4.06309147952341,1.51277214556455,24.8374213327908,42.578
4.06606363625821,1.50976949432885,24.8467593027849,45.438
4.06810568123858,1.51136776968995,24.8491666584376,48.297
4.0709108908745,1.51339798430863,24.8529499815138,51.188
4.07314062402393,1.51119735245983,24.8650739852707,54.047
4.07531197734173,1.51124417298243,24.8750624728474,56.922
4.07798650841431,1.50811263104578,24.886489825324,59.797
4.07976022217648,1.50885266566507,24.9065392281085,62.688
4.08180211544134,1.51034530654232,24.9093029771151,65.657
4.08379322199138,1.51388071807625,24.9140030695592,68.547
4.08535887571047,1.5075492173309,24.9263850317659,71.453
4.08707793389497,1.51128716435571,24.9378728948095,74.344
4.08886989552398,1.51206330759896,24.9514677083522,77.235
4.08991840838302,1.51258570808728,24.9507894417961,80.188
4.09204117364619,1.50939482163725,24.9815381494247,83.172
4.09327340577232,1.51015524284551,24.9921471499287,86.094
4.09462341419862,1.50618316097048,24.9974922129566,89.016
4.09636786981934,1.51109600547263,25.0028967555398,91.922
4.09755211494234,1.512965269792,25.0095366961397,94.907
4.09852259263541,1.50963281108801,25.0236457319541,97.844
4.09990152895377,1.51144181296304,25.0363629252489,100.766
4.10107397043679,1.51111947298452,25.0450956375724,103.75
4.10186053149476,1.51439323219826,25.0567594036521,106.703
4.10303833541416,1.5123904801109,25.0639003396854,109.641
4.10433761433719,1.51002406341279,25.0689234040114,112.641
4.10518719293287,1.51073994952071,25.0822131893318,115.594
4.10617750603159,1.51006865367835,25.0958309424231,118.547
4.10713401930684,1.50981504617895,25.1034397361502,121.532
4.10807399516449,1.51192984580926,25.1164980128814,124.5
4.10876114522434,1.51071286756576,25.1249454994815,127.532
4.10971156637429,1.5112489393719,25.1392043788293,130.516
4.11073785453294,1.51053305165643,25.1423180704678,133.563
4.11153769561125,1.51009452965148,25.1543998857542,136.563
4.11216994046285,1.51252205409579,25.1708013742954,139.563
4.11307996839053,1.50954569882896,25.178837855516,142.563
4.11363282005587,1.51010640543327,25.1869797859976,145.594
4.11455500125386,1.51369699381679,25.1964115730664,148.578
4.115402387521,1.5118107149574,25.209359776169,151.61
4.1157930037621,1.50907771379549,25.2135263392711,154.672
4.11674636324052,1.50916830726631,25.2274981344529,157.735
4.11724499983453,1.5086648778122,25.2372671112775,160.782
4.11794270526696,1.50697007379598,25.2474225593616,163.844
4.11864259602656,1.51141690728354,25.2500318892958,166.922
4.11943650619743,1.51100970164102,25.2666041089625,170.032
4.12004755194866,1.50839478595109,25.2694216383698,173.11
4.12062053033263,1.51225148578795,25.2860847815257,176.188
4.12120232673742,1.50960245862411,25.2941498634567,179.266
4.12214375969164,1.51295925874786,25.3048210009344,182.422
4.12223722407496,1.50933224180992,25.3161402155983,185.563
4.12330380911955,1.5109514387627,25.3311564066301,188.703
4.12376398612757,1.51227180967629,25.3438262179123,191.86
4.12442084456227,1.50966364534433,25.345845055548,195
4.12507380690431,1.50882160716127,25.3549088683883,198.188
4.125678262248,1.50866220235498,25.3697806447267,201.36
4.12616805117582,1.50940984397044,25.3771490777295,204.5
4.12656626663619,1.51161260164807,25.3798266598337,207.657
4.12731237829241,1.51388045570734,25.3833185195023,210.813
4.12808140885758,1.50816626213915,25.3967204957683,213.969
4.12845744118844,1.51154155761895,25.4073758033202,217.11
4.12895829189114,1.51107593621033,25.4211163785324,220.297
4.12946203365535,1.50970040353378,25.4284806131463,223.485
4.13002417664602,1.51136649388744,25.4349501399774,226.672
4.13053061314549,1.5112985977566,25.4461792170742,229.86
4.13123540582292,1.51100255172923,25.4615186780828,233.078
4.13183215492713,1.50970820997429,25.4711749588843,236.36
4.13231608689743,1.51223371105508,25.480218072642,239.594
4.13280769764054,1.50900434541158,25.4844135416017,242.813
4.13349745706599,1.5140210303977,25.5051996650007,246.11
4.13410548056704,1.50948745242564,25.5037082484707,249.375
4.1344661203494,1.50883184743604,25.5210212207499,252.641
4.13522207232654,1.51149842563702,25.5260423580486,255.938
4.13578464876351,1.50755877867852,25.534547065622,259.219
4.13639025869312,1.5086183135293,25.5524154793545,262.547
4.13682957150915,1.51209634749597,25.5560376712336,265.828
4.1372518379046,1.50843130916651,25.5804781033333,269.157
4.13790207429061,1.51112137734998,25.584793706726,272.469
4.13828628772721,1.50824526740736,25.5905725778855,275.875
4.13879658144864,1.50852250710947,25.6035393749538,279.219
4.13954397799855,1.51014076099993,25.6157969911554,282.594
4.14007414565298,1.51094820237748,25.617327387539,285.953
4.14058272343969,1.51254086945097,25.635361186168,289.344
4.14118116878041,1.51267089014526,25.6486033955933,292.719
4.14166599530002,1.51199282649715,25.6603757584368,296.141
4.1424848608294,1.50999385584121,25.6709505513289,299.547
4.14261515238685,1.51225024963809,25.6698283575679,302.969
4.14332359655211,1.5107857234076,25.6905555679122,306.375
4.14398458270807,1.51313621512949,25.6998012140892,309.797
4.14459878678747,1.51126898310971,25.7130866065098,313.25
4.14499283229304,1.51012014542547,25.7250383110868,316.703
4.14562704478375,1.51188606789291,25.7328324005733,320.157
4.14591739319035,1.51012506022855,25.7363549468072,323.625
4.14674408380923,1.50750450784915,25.7436077042141,327.078
4.14719297234337,1.51074951880405,25.7529609040825,330.563
4.14776014653413,1.51163443363974,25.7540237314573,334.047
4.14829618432431,1.51211630194843,25.7665947272825,337.547
4.14900685473479,1.51172293096363,25.7857916999323,341.063
4.14909233624329,1.51070668008001,25.7920682691494,344.594
4.15021081549377,1.50789052634257,25.8066027509992,348.203
4.15044108874668,1.51320345690062,25.8051595600353,351.735
4.15103602594837,1.50988564891736,25.8281980904533,355.282
4.15173828955743,1.50792120329312,25.8409238012012,358.891
4.15215892378449,1.5130807588419,25.8459769841106,362.485
4.15275288628462,1.51142691777908,25.8563870409218,366.125
4.15368218074462,1.51038781360978,25.8685748762588,369.719
4.15422337751887,1.51162282008008,25.8689426727188,373.36
4.15452911161896,1.51001541217039,25.8778391347865,377
4.15491907287901,1.51035199212917,25.8926239218866,380.641
4.1556742041156,1.50910767322279,25.905303481355,384.297
4.15609371793831,1.51238907854837,25.9210124084664,387.985
4.15675294435671,1.50937415440849,25.9275922572831,391.688
4.15726275695793,1.5105374637281,25.9353124395004,395.438
4.15790866417739,1.50994662112723,25.9368638825259,399.203
4.15872851533946,1.51168295747572,25.9549121890159,403
4.15914432345134,1.50803756550851,25.969578917112,406.735
4.15956944630827,1.51153306254022,25.9717492174787,410.5
4.16044238030319,1.50967069917989,25.981966637621,414.266
4.16121855759041,1.51221934960333,25.9910885494548,418.047
4.16140535272663,1.5098053514484,26.007129293927,421.844
4.1623013313804,1.50711528352889,26.0192855714609,425.641
4.16252916720143,1.51283167472549,26.0290491236958,429.469
4.16331402298373,1.5094196970196,26.0439251034987,433.282
4.16394672362786,1.51167381660143,26.0596950826965,437.219
4.16439436494819,1.51178706291165,26.073227146913,441.078
4.16510153274087,1.51103411717121,26.0840369728414,444.938
4.16601540041421,1.51133439030261,26.0954636214898,448.875
4.16613688365616,1.51383197103148,26.1112156492332,452.766
4.16711583242627,1.51071722321161,26.1274017950625,456.75
4.16736891447415,1.51057920349913,26.1455504049853,460.672
4.16781386365134,1.50993955128529,26.1513998743506,464.625
4.16883821943071,1.51185472964797,26.1675919418074,468.563
4.16935556899665,1.50980083327567,26.173092866202,472.547
4.16993745918902,1.510251644746,26.1849000954944,476.578
4.17033736888067,1.51247453847843,26.1942751645346,480.547
4.17100193917899,1.50976569787278,26.2155552912286,484.547
4.17161334219535,1.5093604484526,26.2352949454715,488.594
4.17245082137131,1.51047253194465,26.2529672099159,492.657
4.17294094615739,1.50555468348658,26.2620660861712,496.735
4.1735994739804,1.51094554594127,26.2742950154244,500.813
4.17412686503887,1.5123670535468,26.2884948076118,504.907
4.17505497451508,1.51120142188734,26.3104722312391,508.985
4.17538316758491,1.51081522501501,26.3132368904126,513.063
4.17621239783471,1.51229468221797,26.3377340665553,517.172
4.17663518435006,1.51065690406415,26.3512593839696,521.344
4.17743180349749,1.51073823103701,26.3689747436156,525.532
4.17789255333739,1.51156631287461,26.3883211487589,529.766
4.17861842121385,1.50892196026403,26.3961691456591,533.953
4.17919248555979,1.51052197382605,26.4052425134662,538.141
4.17974086377633,1.51087685142865,26.4289233861365,542.391
4.18061306680926,1.51255672633364,26.4437860246532,546.61
4.18137753517276,1.51205507142062,26.4614267544484,550.844
4.18190593886572,1.51045704170994,26.4730243048344,555.125
4.18264291647281,1.50987401619505,26.4912272047947,559.422
4.18328701092841,1.5106555364455,26.5110908675916,563.766
4.18392567087343,1.50788650228298,26.5235897571708,568.11
4.18465678598267,1.50705960258873,26.5354511234733,572.5
4.18544823744261,1.50916355953647,26.5566149378493,576.907
4.18599683438091,1.51132574161191,26.5818826395454,581.344
4.18670036641294,1.51182034129102,26.5967675972724,585.766
4.18775289350391,1.50849971783694,26.6052463934731,590.157
4.18815659704633,1.51144535658425,26.6439223021834,594.547
4.18881850022963,1.51342129573678,26.6626203605787,598.969
4.18968800561422,1.50814375690066,26.6849020091886,603.422
4.19038027641118,1.50733889831552,26.6977895164196,607.907
4.19105180391111,1.51342662122789,26.7195015418133,612.516
4.19181776049244,1.51341502870778,26.7375098221866,617.141
4.19267806335621,1.5086873357802,26.7583069119584,621.641
4.19349704548027,1.51036141025106,26.7744152673276,626.157
4.19467685070467,1.51087094573324,26.7927272251578,630.719
4.19500638367256,1.50916703958789,26.8038883636547,635.266
4.19597436320836,1.51190910105353,26.8277613216856,639.875
4.19680799499958,1.51043453146752,26.8499759369411,644.532
4.19747064234439,1.51027939977552,26.8673701434409,649.188
4.19811077455754,1.51289422141167,26.8877293733569,653.828
4.19921956884681,1.51124448999193,26.9129450964572,658.485
4.19993820914556,1.51248783723012,26.9319309255662,663.172
4.20061891971139,1.51039058990034,26.9547888729504,667.891
4.20133727698248,1.50860610262527,26.9680908393703,673
4.20212858707177,1.50921604941637,26.9878352425312,677.891
4.20311194651628,1.50753296346521,27.0220826866576,682.75
4.20363496158386,1.50597660582144,27.0422971593498,687.672
4.20427755761623,1.50066827935562,27.0537115551427,692.547
4.20486847601666,1.5002150501445,27.0684963691995,697.5
4.20549433661245,1.49798191440327,27.0922811414661,702.5
4.20737407312208,1.5060491047961,27.1064040497946,707.422
4.2075092253683,1.49615905154883,27.1226853801477,712.453
4.20727911908675,1.483595042678,27.1401810313736,717.516
4.20684673923377,1.47417101353904,27.1694879249731,722.907
4.20693307918687,1.46365783932038,27.1820302663633,728.078
4.20687103256776,1.44940184816666,27.1949775866055,733.297
4.20626332273519,1.43931642750786,27.2255598854411,738.516
4.20724487798342,1.43849768512208,27.2380290958578,744.141
4.20709273001869,1.42602717863165,27.2516609264459,749.532
4.20655382743609,1.41711032916927,27.267882699348,754.907
4.20605664657842,1.4055241655836,27.2809951050562,760.344
4.20686054682758,1.40557807627072,27.2922041425511,765.75
4.2065235799083,1.38977240256072,27.3024118328127,771.282
4.2064204129717,1.38001311838958,27.3194960537556,777.203
4.20699784718017,1.38091534885097,27.3368307810408,782.891
4.20684008765851,1.37000507589155,27.3387122369223,788.547
4.20645506762038,1.35685732212582,27.3541071048859,794.235
4.20705641363229,1.35712355084566,27.3637723304488,799.907
4.20707980550014,1.34626840802397,27.3736187425466,805.594
4.2064512077126,1.3357755400947,27.3828872766623,811.344
4.20708863076951,1.33563525394341,27.392652154837,817.063
4.20705343198598,1.32048900432312,27.4075188230062,822.844
4.20695865760155,1.3072573017707,27.409752858679,828.61
4.20654905110059,1.29920293190026,27.4158776312688,834.469
4.20709908985611,1.29866200403294,27.4245516219526,840.282
4.2068541101117,1.2910015171741,27.4290057809488,846.188
4.20751110438986,1.28687825309163,27.4349275657173,851.985
4.20826539688961,1.28421155195691,27.4371899743465,857.938
4.20818551881172,1.27480325579743,27.4426184530143,863.797
4.20790326927379,1.26201274918281,27.4451340315907,869.766
4.20749380071985,1.25223588383301,27.4426798816133,875.766
4.20737412631467,1.2415167114831,27.4420557352138,881.766
4.20695505348036,1.22883029718062,27.4406247286601,887.782
4.20778702465865,1.22670409275196,27.4438935575414,893.782
4.20725070515197,1.21814793565657,27.4379370413799,899.797
4.2072583274326,1.20184729680428,27.4388021824424,905.844
4.20782153364402,1.2017779248423,27.435295526867,912
4.20765402564994,1.19352009306359,27.4402343611717,918.172
4.2074664740198,1.17844837731588,27.4278750684368,924.297
4.20823531524004,1.1802440581621,27.4265790510126,930.453
4.2078289346672,1.1674998798062,27.4159786801582,936.61
4.2076313580115,1.16135801276585,27.4074560443809,942.86
4.20709431149822,1.14791869411108,27.3967036722655,949.032
4.20755004396819,1.14567269875476,27.3840630690755,955.297
4.20730812161781,1.13409542256919,27.3885481976995,961.594
4.20708833610156,1.12449293714718,27.3758145232642,967.922
4.2076656706953,1.12428383751239,27.3691504419839,974.203
4.2071344988428,1.11112392728916,27.3554545163706,980.5
4.20798814992104,1.11195298274384,27.3504488452056,986.813
4.20786509872193,1.09770200817051,27.3388238247851,993.188
4.20764096605671,1.09121054736992,27.3280472145595,999.641
4.20731924227225,1.07634467668664,27.3176087502294,1006.094
4.20764563031979,1.07656034036143,27.308762272948,1012.547
4.20749450121198,1.06762570343376,27.2927759852738,1019
4.20778581128022,1.06459546807154,27.2802931300547,1025.516
4.20739675760806,1.05381983702501,27.2732037696808,1032
4.20821189182012,1.05282745773256,27.259647507976,1038.594
4.20871100872215,1.05277620179881,27.2496344423855,1045.188
4.20850663370405,1.04032351732957,27.230214934923,1051.797
4.20803879120453,1.03164436172724,27.2084284285184,1058.438
4.20886692060935,1.02856811112497,27.2011206769626,1065.078
4.20844146819937,1.01809562919456,27.1706200199595,1071.782
4.20785585737403,1.00909216025984,27.1556252769683,1078.453
4.20762726404328,0.995384621558278,27.1381945138776,1085.125
4.20805272969495,0.995391850254076,27.128704754367,1091.813
4.20842600915495,0.993779844176538,27.1177711142196,1098.532
4.20900398281303,0.991555152142978,27.0943972005936,1105.282
4.20864013282446,0.98295847778085,27.0788408884316,1112.157
4.20801920172817,0.971776696451731,27.0624689264581,1119.032
4.2087567533991,0.972408184915031,27.0425666036867,1125.844
4.20836958383874,0.959235206867338,27.0349059143452,1132.688
4.20767745450569,0.948276674776732,27.0047049337125,1139.657
4.20834920922881,0.947926830316841,26.9957800754592,1146.594
4.20897528036655,0.948272636655972,26.9852386336695,1153.469
4.20856966409557,0.939604891704666,26.9636989482559,1160.516
4.20788714972662,0.924715471576976,26.9456959288677,1167.578
4.2082826388612,0.925471416278977,26.9217771887534,1174.594
4.20865857626801,0.92433511828792,26.8974269027741,1181.61
4.20820869151607,0.912821947150904,26.8832729844872,1188.688
4.20869807371419,0.910708283820437,26.8663456998172,1195.75
4.208526125757,0.901020097647718,26.8511665748072,1202.938
4.2086203502755,0.900222609683162,26.8386929650616,1210.094
4.20835054012143,0.890647623718995,26.8159984460845,1217.297
4.20885665383578,0.886584612970134,26.7997509305834,1224.532
4.2083268226197,0.879580991726169,26.7823582876341,1231.719
4.20860620336269,0.876987081355638,26.7739182125382,1239.016
4.20818147088132,0.865326848329603,26.7521561698332,1246.328
4.20857017046413,0.866684924802877,26.7388255110547,1253.641
4.20834662255178,0.854809375539927,26.713728630477,1261.016
4.20858803048046,0.852756622381849,26.6917710567187,1268.407
4.20816889581947,0.843897498023751,26.6799631896641,1275.797
4.20855857438281,0.845605128510244,26.6527209221506,1283.219
4.20811759420795,0.832810463326217,26.6478338195181,1290.641
4.20837086661143,0.828367681771162,26.63782099557,1298.157
4.20903911416715,0.827249545758666,26.6224975980139,1305.703
4.20849141646485,0.81755059567096,26.6092906546733,1313.203
4.20867740443223,0.81783367655831,26.5888563827781,1320.797
4.20949963593978,0.818331642689032,26.5707473867053,1328.297
4.20964008026724,0.813864850232131,26.5504304657764,1335.938
4.2086797566836,0.796659879891187,26.5385881503023,1343.578
4.20888490864994,0.795201875460988,26.5160480111413,1351.25
4.20930870427557,0.791373609149066,26.5135300325286,1358.907
4.20977200925317,0.792810044706733,26.4972721619128,1366.61
4.20917712465878,0.783686827939461,26.4806045907404,1374.422
4.20849549541703,0.77080248297462,26.4679220473821,1382.203
4.20886943250053,0.773038215097443,26.4464975990178,1389.969
4.20961912838714,0.771615358797589,26.4370974996032,1397.719
4.20905623236686,0.75916599643815,26.4248567467543,1405.657
4.20767428356079,0.74204622200919,26.4142908378987,1413.547
4.20779663602799,0.740237922594372,26.4006940386582,1421.485
4.20802169920829,0.738624357159261,26.3838408347215,1429.375
4.20848557734882,0.739818260350497,26.3722538442972,1437.203
4.20888258973802,0.736531543233528,26.3537544706995,1445.188
4.20929257395018,0.738586660467412,26.3426456448487,1453.094
4.20978139426667,0.736749231613613,26.3282519262509,1461.141
4.20958168896163,0.726763139529809,26.3216855244838,1469.25
4.20910017425732,0.716598686592532,26.3060354371436,1477.344
4.20938387795306,0.71458838541197,26.2950606726334,1485.422
4.2081149464959,0.693248287105196,26.289999175218,1493.625
4.20823451986341,0.694530007099668,26.2663740720615,1501.782
4.2085093209254,0.69281881340916,26.2418735766369,1509.922
4.20880889554712,0.691973132854359,26.2325094661048,1518.032
4.20934643883983,0.692037210894573,26.2176243441778,1526.219
4.20994869950356,0.691475822584618,26.2069381201656,1534.328
4.20910718852461,0.67957509109989,26.2002834036419,1542.547
4.20969046063012,0.679007891851537,26.1792394586277,1550.813
4.20824729805966,0.659871663928092,26.1737992967077,1559.078
4.20857072183066,0.656401629691522,26.1669648472525,1567.391
4.20777002360195,0.643066890279304,26.1451784832092,1575.782
4.20798943245945,0.644711551252198,26.1375953453441,1584.157
4.20858852823752,0.648054106630238,26.1211579755908,1592.532
4.2079804933437,0.632867638478675,26.1130621366902,1601.016
4.20815757467903,0.632661010299508,26.0973383365527,1609.344
4.20793274364563,0.623557220807886,26.0807682508797,1617.594
4.20719212456711,0.613362517692182,26.0765305545003,1625.938
4.20659441263011,0.603936633820784,26.0568590860716,1634.313
4.20703221137371,0.603466822354635,26.0477696828515,1642.625
4.20705608718723,0.601564232800723,26.0347201638681,1651
4.20735058073084,0.600745153445536,26.0217027498087,1659.532
4.20689467134458,0.588899141676955,26.005347972396,1667.953
4.20625509181869,0.581286296650124,25.9998997883682,1676.438
4.20546780945255,0.570476413303866,25.991624612755,1684.922
4.20482628934995,0.560475759637461,25.9777280567781,1693.532
4.20411238091729,0.55071297207215,25.9680297263921,1702.078
4.2040912178226,0.551089626323668,25.9642991347796,1710.688
4.20438422829138,0.548613943591935,25.9497253447891,1719.282
4.20451139349209,0.549182676430663,25.9357148122841,1727.922
4.20566667480658,0.558695503148432,25.9240382756828,1736.641
4.20522704806592,0.548134130042457,25.908467317305,1745.391
4.2046358999852,0.538209541524012,25.9042802848916,1754.125
4.20386405232816,0.52651062275054,25.8859461973717,1762.953
4.20403796190122,0.529841084765429,25.8779248095182,1771.688
4.20435135720725,0.525321852970747,25.8554144628282,1780.563
4.20465582657988,0.525044106375051,25.860452771136,1789.344
4.20491254883028,0.524218867849464,25.8454246565922,1798.235
4.20531748346341,0.523812456646847,25.8287703276558,1807.172
4.20538712522616,0.526991353989365,25.8117631648371,1815.828
4.20606896727453,0.523034545968086,25.8062581247134,1824.485
4.20541766891932,0.511690362701325,25.7868984860936,1833.313
4.2046753953407,0.502006781292429,25.7709321788503,1842.11
4.20511944221801,0.5020659786356,25.7677202669189,1850.953
4.20519195635055,0.500692357782555,25.7585933376567,1859.719
4.20542040966393,0.498338929609653,25.7514783155119,1868.625
4.20607076926059,0.503025086159694,25.7352821236346,1877.547
4.20502523875892,0.489960914388551,25.7272981924051,1886.516
4.20459927899508,0.480903547838023,25.7103883372967,1895.485
4.20383054019782,0.469857522312794,25.6982246516494,1904.5
4.20396727986512,0.47091151346943,25.6844508788711,1913.578
4.20420865735372,0.46649600704774,25.6760334389793,1922.688
4.20470227009224,0.4687825134779,25.6685143247379,1931.813
4.20474591531809,0.467547576541657,25.6590684608754,1940.969
4.20509449013493,0.471079090357786,25.6434382082045,1950.172
4.20544755779746,0.467953050864056,25.627825664384,1959.344
4.2055647988613,0.469675173800388,25.619914620815,1968.547
4.20497304242393,0.455706303883011,25.616780468591,1977.828
4.20442318056323,0.444160345899046,25.5979188880066,1987.11
4.20466749700368,0.443923042028385,25.5824845211105,1996.407
4.20487295014355,0.441873060245435,25.5795535710327,2005.797
4.20511126354118,0.443702657089481,25.5719566353114,2014.516
4.20523328374369,0.442610706008891,25.5618140054533,2023.266
4.20558081821612,0.442635039633343,25.5527947277524,2032.11
4.2049417205392,0.434004070059697,25.5475615355303,2040.985
4.20431483374889,0.420340857348026,25.5224918224516,2049.813
4.20442653843228,0.424043293142435,25.5203477694219,2058.703
4.20466600264774,0.423353513005801,25.5072916348778,2067.641
4.20477292407066,0.422211284023161,25.50277708049,2076.532
4.20502581022006,0.424976460969518,25.4923308445558,2085.469
4.20518939444577,0.420335718720699,25.4854707521581,2094.469
4.20563256463015,0.422307271324585,25.4779282095745,2103.563
4.20486704948589,0.410257686251288,25.4643508437667,2112.641
4.2052449479705,0.406320475836273,25.4555439882254,2121.766
4.20544127943835,0.409485333919297,25.4456620967582,2130.828
4.20582210325463,0.409839566272484,25.4340383318788,2139.985
4.20501265194431,0.396085287955223,25.4280827249574,2149.235
4.20505675420211,0.395272862896423,25.4138567827348,2158.5
4.20525483674124,0.394764747244774,25.4111765759028,2167.797
4.20547254893762,0.395631656072534,25.3991195136873,2177.047
4.20598177494441,0.395957094406755,25.3888569984316,2186.344
4.20522055298615,0.387115038377585,25.3795426257424,2195.782
4.20570998555238,0.383583421995922,25.3734190400986,2205.141
4.20483584396059,0.374843477755772,25.3628026121566,2214.625
4.20503448440906,0.377355942248306,25.3570408550154,2224.032
4.20533270811544,0.373564200481128,25.3466571008133,2233.516
4.20535943648731,0.377143358733651,25.331483366427,2243.047
4.20524524543367,0.373078603293067,25.3192208303383,2252.532
4.20579635131437,0.372073115637411,25.3224632571472,2262.094
4.20528906682159,0.363081576487812,25.3038898963243,2271.797
4.20534699569097,0.360144402821458,25.2977973924829,2281.453
4.20555790859498,0.358405640222033,25.2949921456186,2291.11
4.20482726617361,0.350288213662093,25.2874609680502,2300.844
4.2050073101261,0.35042486789863,25.2782716399566,2310.563
4.20540662180285,0.352454170980105,25.2621086757682,2320.375
4.20545681082248,0.349249852728759,25.2548715520108,2330.11
4.2055333283461,0.349630343239885,25.2494364374201,2340
4.20586758190435,0.350441513070925,25.2345325879508,2349.844
4.20507828663285,0.340337068787026,25.2200788040562,2359.766
4.20543110864436,0.337050609961846,25.2192782298039,2369.672
4.2057101097547,0.34158927512357,25.2059517252262,2379.688
4.20469248746221,0.328330993253277,25.2017630787154,2389.735
4.2049472727047,0.328376067038755,25.1943126299732,2399.813
4.20534653056466,0.330970072684068,25.1875365427182,2409.875
4.20512574727983,0.324949447144655,25.1842382751558,2420.016
4.20571044055926,0.32895607695198,25.1751734962238,2430.157
4.2050187301418,0.316892201026061,25.1586995095908,2440.375
4.20510611240121,0.317253325865491,25.1466049384032,2450.563
4.20531714066313,0.315349322279468,25.1405735011824,2460.844
4.20542484331659,0.316747246820368,25.1258256775532,2471.125
4.20565479998336,0.313419327600892,25.1153221487624,2481.407
4.20486423602111,0.307443307871134,25.1039265794518,2491.828
4.20500810961947,0.303125523803943,25.1008568510849,2502.157
4.20518464451526,0.30635414696566,25.0888805750237,2512.016
4.20535946294637,0.304347846780657,25.0873183983884,2521.938
4.20568391279043,0.302146699442354,25.0773821424359,2531.86
4.20482607438847,0.294138100104139,25.063919572885,2541.782
4.20498289623782,0.293963379944567,25.0609472227477,2551.688
4.20503984738888,0.291325736471639,25.0587232424536,2561.735
4.20512295976767,0.292866580198613,25.0505235157758,2571.75
4.20542888922569,0.28748230224317,25.0526311773673,2581.828
4.2056707776181,0.293265128454696,25.0320963769171,2591.875
4.20571921041624,0.292057427113987,25.0291695522907,2602.016
4.20626329744352,0.291945063629365,25.0293271343865,2612.219
4.2063054900811,0.292087151615101,25.014421903907,2622.422
4.20649845403874,0.289007519645072,25.0068176848603,2632.672
4.20657497943018,0.288392857322993,24.9990068015886,2642.938
4.20608525085751,0.280210660442464,24.9898880350093,2653.282
4.20537760197764,0.267342540593878,24.9888444638561,2663.672
4.20535231644917,0.268812518635263,24.9754349532154,2674.016
4.2055945426977,0.270927001680812,24.9777419332462,2684.438
4.20526536477096,0.268129599929482,24.9667949639299,2694.813
4.20557065521926,0.267871875935549,24.9609529399516,2705.328
4.20597034924591,0.265865492368721,24.9516841359204,2715.828
4.20593847909061,0.266033685653877,24.9542496732197,2726.375
4.20623360342531,0.267783115338474,24.9449037580378,2736.969
4.20631604131771,0.265251723015615,24.9374182050828,2747.703
4.20651786046458,0.264668553623385,24.9385272935111,2758.391
4.20674169128365,0.265467817168655,24.9276074173404,2769.078
4.20621729046301,0.252068981273788,24.9219591763545,2779.875
4.20552254854675,0.245603863797712,24.9040003211893,2790.657
4.2054537676668,0.244891116203783,24.901758297163,2801.344
4.20572679402492,0.246694756369289,24.8937679209528,2812.172
4.20552981228584,0.249097171338153,24.8923773953591,2823
4.20594674965709,0.243824099326194,24.8819760679262,2833.891
4.20587458602786,0.243643504915513,24.8708648964826,2844.891
4.20616971885611,0.244017300471166,24.8689630860632,2855.86
4.20631147002342,0.245958328107212,24.8687448373356,2866.875
4.20655316589655,0.242575971216873,24.851508074404,2877.875
4.20568090921922,0.234029617944517,24.8434737182575,2888.969
4.20585162669826,0.234142148970299,24.8444394690068,2900.094
4.2060581209619,0.232482466945188,24.8361592352307,2911.235
4.2060502410427,0.231957358977515,24.8209736049628,2922.407
4.20646843847417,0.233311887941266,24.8190931514701,2933.61
4.20642732158589,0.231642239156542,24.8182164319218,2944.891
4.20664242809444,0.232107625164936,24.8071700467674,2956.188
4.20581669214434,0.220901544397545,24.797576788356,2967.5
4.20493724165544,0.211097802987044,24.8025132568356,2978.891
4.20514408929128,0.21190955059808,24.7866989306408,2990.344
4.20506394821342,0.208701459708573,24.7741916759962,3001.828
4.20531838721623,0.210570452871227,24.7744939562132,3012.719
4.20528678021497,0.213573955273219,24.7782082747766,3023.625
4.20550598719614,0.210461983393088,24.7622612325835,3034.547
4.20544379297437,0.211914384156652,24.7687224447997,3045.594
4.20549547455957,0.210094521852846,24.7620327339886,3056.578
4.20588622563057,0.210458790729101,24.7533643687168,3067.657
4.20588312435463,0.210460774041975,24.7492982510894,3078.766
4.20633324599939,0.208974915407565,24.7334703550872,3089.922
4.20625808364768,0.208752858441814,24.7350754916898,3101.125
4.20615228367501,0.208143284405823,24.7330398225855,3112.344
4.20631788462342,0.209376297969562,24.7227177546211,3123.625
4.20629167767671,0.210892705474437,24.716584248692,3134.922
4.20669152192049,0.209682538976391,24.7047491670318,3146.282
4.20619494067219,0.194842183959958,24.7056472046545,3157.578
4.20523422014855,0.189591022929504,24.7049425663685,3168.985
4.20528599698289,0.188772053968064,24.6912050465379,3180.438
4.20565608952491,0.18783734682722,24.6918116575112,3191.938
4.20550436504216,0.184690718765644,24.6944015775321,3203.438
4.20553818716868,0.183303744126841,24.6759395777997,3215.016
4.20574621065054,0.186799241905677,24.6789378942659,3226.516
4.20560801414867,0.187582973548811,24.6760262570726,3238.188
4.20576305940484,0.184152676374449,24.6650145100319,3249.797
4.20589827538578,0.185582752602891,24.64621622625,3261.453
4.20665970362237,0.186858040266475,24.6533228019813,3273.157
4.20542430002889,0.175655463250808,24.647629733545,3284.969
4.20522813809115,0.175223056188118,24.6426437680236,3296.797
4.20556749675332,0.174888244646014,24.6417005282902,3308.657
4.2054492643346,0.174924582015208,24.6377203957892,3320.532
4.20559728734535,0.173183502799311,24.633736538833,3332.36
4.20584081423483,0.176881061875071,24.6324528280811,3344.297
4.20610014400701,0.172960517997374,24.6230210236678,3356.266
4.20598669793849,0.17307923283246,24.6191015073575,3368.313
4.20636189875408,0.174795897003659,24.6040467147919,3380.391
4.20612941034025,0.171865979028728,24.6039405663137,3392.516
4.20658370694076,0.173953260089218,24.6024664401974,3404.688
4.20575075497939,0.164930038186179,24.6041788394472,3416.86
4.20581262780929,0.161805908154404,24.5910678679451,3429.078
4.20578678209406,0.164457870331822,24.588294562725,3441.313
4.20598612104128,0.165051370920316,24.5880061124145,3453.594
4.20600535255624,0.160459695069965,24.579763187625,3465.969
4.20625537615673,0.164542982096156,24.5807093430705,3478.36
4.20638853934895,0.161487441840058,24.5777131518876,3490.641
4.20639690814339,0.165118194616317,24.5645064454866,3503.047
4.20653829402107,0.162565684970315,24.5599275250821,3514.938
4.20671316775494,0.161415342209397,24.5574863632827,3526.844
4.20583084756411,0.154387264031167,24.556799173889,3538.875
4.20592550642526,0.150292238178329,24.5519177016853,3550.922
4.20616459510876,0.15185934562103,24.5406924274462,3562.985
4.20618555408943,0.151079774971547,24.5373568393156,3574.938
4.2060227958406,0.148961836686503,24.5378924101758,3587.016
4.20640341618175,0.150265506200553,24.5315170644714,3599.125
4.20632530711637,0.148659839361957,24.5310313945915,3611.36
4.2066261563989,0.149294532483001,24.5301161889955,3623.61
4.20569073587312,0.140842327494751,24.5270498686435,3635.938
4.20591400641805,0.139336330061923,24.5178613848547,3648.188
4.2058921282409,0.140102822915854,24.5119396466863,3660.547
4.20597962346341,0.141227015831663,24.5161163108611,3672.891
4.20611611315119,0.13765052374888,24.5206750911667,3685.297
4.20605369755477,0.139694391116554,24.5072067755808,3697.703
4.20620047615752,0.139576000514949,24.5017897851068,3710.266
4.20630550352837,0.138558460514297,24.4960027784066,3722.813
4.20638899786841,0.139451204699453,24.4951482689492,3735.438
4.20628241749504,0.140063094406098,24.4866065234343,3748
4.20651830058013,0.140076794349177,24.4827589009087,3760.703
4.20676132540961,0.138688739319003,24.4900764585901,3773.438
4.20594960972351,0.128625400898133,24.4753956990403,3786.172
4.20600704600959,0.128703039192838,24.466652505555,3798.891
4.20593020404936,0.127440706845963,24.4706175182659,3811.735
4.20606898261406,0.130221041034986,24.4659545521607,3824.61
4.2060040994773,0.129141758281939,24.4576730780838,3837.516
4.20623167204896,0.127569657498143,24.4701398405327,3850.391
4.20603643950469,0.130016550950796,24.4640621019967,3863.391
4.20630483317296,0.12610511170861,24.4588909808907,3876.407
4.20640630396373,0.122880586904839,24.4558062615008,3889.516
4.20649455090156,0.126351049751474,24.4542161363852,3902.641
4.20662282381497,0.127066293471704,24.4540852581971,3915.75
4.20585860176746,0.11362512441535,24.4537863530384,3928.844
4.20559322893861,0.115124185167334,24.4435499638092,3942.032
4.20583089959394,0.115487877761636,24.4331415311205,3955.219
4.20592499909635,0.115588885560733,24.4391739879527,3968.5
4.20597773157034,0.117046352681276,24.4274135973082,3981.828
4.20574503470846,0.115016384254445,24.4295474787201,3995.235
4.2060338512463,0.113640058771535,24.4195333218804,4008.641
4.2062834899814,0.11488265031258,24.4223478564852,4021.438
4.2063586309672,0.115238492952847,24.4145244382573,4034.313
4.206276112024,0.116784054135492,24.4235329172599,4047.235
4.20652419154059,0.113846251480466,24.4140937034285,4060.11
4.20679814850747,0.114507519215345,24.4140789674815,4073.141
4.20654956157457,0.115483564649469,24.4040192575089,4086.219
4.20653371056162,0.112556806113722,24.4042402500574,4099.282
4.20693328625586,0.113999980312469,24.3981842097131,4112.375
4.20699335789593,0.113094563294658,24.3905923024176,4125.578
4.20703662592582,0.114353865128012,24.3939345546636,4138.766
4.20706067125219,0.114393933247033,24.3899671200195,4152.016
4.20731871387236,0.114367946588278,24.3901053272097,4165.25
4.20722753657306,0.113863033052084,24.3860537890709,4178.578
4.20729319333295,0.112004594003528,24.3818909331731,4191.938
4.20785033560342,0.114734771038961,24.3741413799779,4205.375
4.20670822729588,0.103796582754896,24.3672969871175,4218.782
4.20574530595097,0.0915103006285749,24.3659594104779,4232.328
4.20592044603007,0.0955835621804134,24.3687068581729,4245.813
4.20569874614427,0.0935059935319845,24.3703516299977,4259.391
4.20589344243751,0.099631381167704,24.3618587876852,4272.953
4.20571034340851,0.0927760317231639,24.3620072988924,4286.547
4.20575046790993,0.0924082131529621,24.3567611816709,4300.297
4.20582999090959,0.0923652046642161,24.3518764821038,4313.985
4.20588473260043,0.0921678677643322,24.351403731954,4327.735
4.20591861831574,0.0932615267085593,24.3486675685771,4341.516
4.20614004767694,0.0937221760890502,24.3482851344172,4355.344
4.20617068142974,0.0916322324073519,24.3447937480769,4369.235
4.20620770438274,0.0944609474750876,24.3433816118044,4383.219
4.20625799228114,0.0939509798729735,24.337735573802,4397.157
4.20633991980623,0.0905236243562973,24.3401393643707,4411.125
4.20643669464999,0.0917619045898288,24.3388529407909,4425.157
4.20633149775752,0.091550369848248,24.3318684914608,4439.297
4.20653921731821,0.0908901698792527,24.330821815568,4453.469
4.20677721818654,0.0945431160845155,24.3392263706531,4467.703
4.20583505236358,0.0829189132097905,24.3368089274665,4482
4.20579785055652,0.0810795932797138,24.3339191422921,4496.282
4.20604423569455,0.0844969275615882,24.3296829003082,4510.594
4.20583653681169,0.0852555883433074,24.3411335608556,4524.297
4.20564672084035,0.0801120132863,24.3306045708264,4538.063
4.20569176029085,0.0805393456041738,24.3256007723463,4551.828
4.20573988856084,0.0793287427724676,24.3261981954162,4565.719
4.20576851291211,0.0808209605026777,24.3165065925727,4579.594
4.20597090067282,0.0819940075002302,24.313040026941,4593.469
4.20610183738665,0.0796267744836404,24.3087871903908,4607.438
4.2060186840573,0.081185221656829,24.3101078045219,4621.391
4.20612861687391,0.0792300159382704,24.3130712265853,4635.5
4.20611046914638,0.0779026284009764,24.3056513226523,4649.594
4.20642459436391,0.0796923335767902,24.3051954046439,4663.703
4.20596535257401,0.0844351083755829,24.308320601901,4677.953
4.20662396613007,0.0797234043593656,24.2924975127579,4692.172
4.20576697431796,0.0688179556627367,24.2975010034615,4706.407
4.20540460306178,0.0699336527886886,24.301719638684,4720.641
4.2054820995273,0.0709209050223348,24.3001785915553,4734.985
4.20569743395189,0.0718623506574508,24.297314277214,4749.422
4.20585300358388,0.0702031826414441,24.307086554144,4763.86
4.2052847423019,0.0691948475926688,24.3090177726561,4778.25
4.20565781541858,0.0685413126273901,24.3032362897377,4792.813
4.20573127934458,0.0706904796866995,24.2956787923007,4807.407
4.20542447850774,0.0703550065771242,24.2991404437304,4822.047
4.20564727399649,0.0703859803295484,24.2953500264013,4836.766
4.20588740182778,0.0694282888598439,24.2885222870079,4851.407
4.20598528348261,0.0682252401891706,24.2873717778995,4866.078
4.20611852102204,0.0676708282743701,24.2767701835414,4880.782
4.20610300904717,0.0683658684190385,24.2879036823979,4895.594
4.20564504566511,0.0671463531489384,24.2800674024988,4910.375
4.20602910311095,0.0716634583739241,24.2865532527324,4925.328
4.20639054498902,0.0689756656104553,24.2790747064856,4940.297
4.20600337145626,0.0690481944034045,24.273275066126,4955.266
4.20625309972026,0.068745609985823,24.2764157060479,4970.297
4.20641591967879,0.0701468120406879,24.2729842254526,4985.438
4.20623888850335,0.0691200751363383,24.2718859325399,5000.516
4.20646365370397,0.0664145853149892,24.2696986145449,5014.438
4.20661728161857,0.0684690277935234,24.27513494469,5028.282
4.20564460445186,0.057807623642184,24.2808894857796,5042.25
4.20563665973469,0.0590514370333246,24.2726348062647,5056.313
4.20561887095658,0.0599787387136788,24.2604702828558,5070.297
4.2056650731718,0.0592945050147768,24.252490583221,5084.328
4.20588337824807,0.0588014250010917,24.2485109754806,5098.407
4.20559319676676,0.0597329369651918,24.2584738971745,5112.5
4.20571702499321,0.0567400357178483,24.2529935928464,5126.641
4.20564430818481,0.0629926253070495,24.2563101596958,5140.86
4.20581932008785,0.0571415676951139,24.2551370441541,5155.172
4.20583204514069,0.0589522186584109,24.2521365029998,5169.516
4.20547526062315,0.0555910048319093,24.2572823150668,5183.907
4.20581008400335,0.0556124231565983,24.2519773770691,5198.25
4.20595627839078,0.057198553634928,24.2561870079473,5212.735
4.20579761735861,0.0615786522825999,24.2530213722381,5227.188
4.20591452498614,0.058509900068381,24.2496664220524,5241.766
4.2058636125579,0.0547732252067192,24.2423921848212,5256.297
4.20587222929404,0.0540947870248754,24.2488867152855,5270.813
4.20615318645203,0.0565030248373904,24.2366385992773,5285.391
4.20621476060435,0.0575247709855481,24.2317565991931,5300.016
4.20646601185349,0.0601361406097477,24.241570642759,5314.703
4.2065575305769,0.0572093093562433,24.2304572641232,5329.485
4.20551187390582,0.0501938526334146,24.2419839131756,5344.282
4.20530098771806,0.0470041007268414,24.226731578243,5359.141
4.20540004112459,0.0485371582649985,24.2211058183196,5374.063
4.20520813898809,0.0490964814148714,24.2329600670706,5389
4.20534315553959,0.0464331867230438,24.2250335834348,5404
4.20547100046935,0.0490234737044017,24.2292006573814,5418.969
4.20505368565227,0.0473713294932467,24.2332691732732,5434.016
4.20544993470358,0.0496985053811798,24.2350824217223,5449.078
4.20552658900791,0.0503146431250106,24.2319234971269,5464.157
4.20576065371152,0.0459140646542478,24.2351267300752,5479.235
4.20529308679819,0.0450748312245598,24.2346831085376,5494.422
4.20568479173205,0.0512975540484866,24.2344834425252,5509.657
4.2055577454172,0.04686506199186,24.2294240738311,5524.985
4.20549918121734,0.0491940987680265,24.2228280840733,5540.282
4.20576344986414,0.0485124049861857,24.2208184916281,5555.578
4.20566253430892,0.0456892428948019,24.2235184628334,5571.032
4.2056508543252,0.0450449529999656,24.2177816889443,5586.453
4.2056754173205,0.0457080950197598,24.2185693035102,5601.953
4.20551433535432,0.0458482719779193,24.2236788383734,5617.516
4.20544400904194,0.0480718793573819,24.2159560926178,5633.094
4.20565406913134,0.0477494808616449,24.2246053622012,5648.688
4.20588062251842,0.0470368221756081,24.2129889241243,5664.313
4.20584180651719,0.0472372554370816,24.2158034011416,5680.094
4.20592724627874,0.0466773686348522,24.2130452572091,5695.828
4.20602287737821,0.049138362103088,24.2232245867011,5711.657
4.20615631932843,0.0468686807450407,24.2067782076395,5727.547
4.20606532014065,0.0473635421846517,24.2158348351594,5743.485
4.20597807151036,0.0495525559616365,24.2136401720548,5759.422
4.20585904218313,0.04885640390079,24.2282497596761,5775.438
4.20607340291436,0.0458326717410258,24.2092087659901,5791.36
4.20628002999291,0.0446411535779442,24.2079745837857,5807.422
4.20635658729219,0.0449584184197727,24.2052423563472,5823.532
4.20643358751364,0.0436617598253686,24.2127401373647,5839.657
4.20635065109776,0.0446465893497024,24.2072487261937,5855.875
4.20635865405683,0.0441099819268056,24.2092058097313,5872.11
4.20634805166821,0.0470754771338903,24.2046574195935,5888.407
4.20634702134213,0.0458361453058284,24.2010709580993,5904.625
4.20640135676992,0.0478223537685991,24.1975398247626,5921.016
4.20665372851333,0.0438702025910752,24.1906421043214,5937.453
4.20592919754219,0.0323801262632588,24.1915008980647,5953.969
4.20585145123122,0.0331785271914327,24.1971574193043,5970.516
4.20565734241993,0.0371507488034734,24.2075578619311,5987
4.20562043351923,0.0390353653971384,24.2029403194218,6003.532
4.20534852210767,0.0344402350833955,24.1903905511658,6019.063
4.20548293121094,0.0374308352065955,24.1967840976199,6034.469
4.20537687870527,0.037665490300918,24.196301520393,6049.985
4.20546731965457,0.0346859744628728,24.1915551735615,6065.547
4.20562353857301,0.0335769632274627,24.1927444861888,6081.157
4.20559203664264,0.0373902673533125,24.2009077090942,6096.75
4.20573822570888,0.0363087417022344,24.1949644574508,6112.36
4.2057181294822,0.0331537391682792,24.1993407260038,6128.094
4.20576910181899,0.0339703596990981,24.1942546795043,6143.782
4.20579774475407,0.0351673334201199,24.1940963474781,6159.641
4.20573033955374,0.036155674919553,24.1875969620508,6175.547
4.20578899496832,0.0360840665765015,24.1978175312049,6191.422
4.20553262152085,0.0332976502611164,24.1965288209733,6207.407
4.20579817335753,0.0355500968484574,24.1921143204839,6223.407
4.20588904143454,0.0368906827769293,24.192721408531,6239.453
4.2058072842583,0.0344256100610601,24.1936162894055,6255.485
4.20595893948843,0.0345202183036124,24.201516780888,6271.688
4.20591016686029,0.0365640238810361,24.1921915053681,6287.953
4.20593487353446,0.0351408793344125,24.1877573869173,6304.188
4.20619414661552,0.0348104588670674,24.1877109302333,6320.532
4.20594634653494,0.0370380897167019,24.188399700189,6336.86
4.20569841496413,0.037208903051535,24.1886245737354,6353.235
4.20602867074416,0.035745022230073,24.186938269049,6369.657
4.20602076897859,0.0349090275130683,24.1824107609171,6386.016
4.20621348550372,0.0361536392907116,24.1870496151921,6402.5
4.20598211171639,0.0361503555121967,24.1891798102475,6419.032
4.20599763007148,0.0351963167823277,24.1777201352157,6435.61
4.20609244133014,0.0335819694043686,24.178178369056,6452.235
4.2062691225032,0.0324105478606577,24.1867260295496,6468.907
4.20639318348748,0.035542823946244,24.1716002606096,6485.61
4.20634632746409,0.0349185048618721,24.1737782316603,6502.344
4.20648105422095,0.0313382808804656,24.1759380365863,6519.094
4.20646350024093,0.0337295519185693,24.1748434519362,6535.953
4.20622577087419,0.0325042552992473,24.1870476355556,6552.797
4.20621267088159,0.0331547851430177,24.1763387774702,6569.672
4.20641744902928,0.0343881206372867,24.1739298308112,6586.594
4.2063489363237,0.035312163886625,24.177563661987,6603.61
4.20635171791732,0.0325710254671784,24.1862263875155,6620.61
4.20661658613999,0.0335000801897238,24.1856883117915,6637.703
4.2064859012248,0.0342237215438859,24.1888729689955,6654.86
4.20678914598611,0.0314857329540061,24.1883264597638,6672.063
4.20646968386925,0.0340628642428077,24.1820411432499,6689.266
4.20656436705972,0.0340194533944495,24.17740198346,6706.641
4.20654085193066,0.0360401200134923,24.1732855645009,6723.953
4.20696909556644,0.0338365092366179,24.1800061071641,6741.391
4.20704426915562,0.0330528526099921,24.1822902313404,6758.813
4.20675653903863,0.0354057522318628,24.1837467486538,6776.313
4.20699969325079,0.034253721675264,24.1853530656035,6793.875
4.20687946516883,0.0344207457923223,24.1804828953539,6811.297
4.20694806595952,0.0352225293605038,24.1760758094498,6828.828
4.20689004904342,0.0306191615299643,24.1820567708101,6846.375
4.20697163051597,0.0332390898132783,24.1691396191406,6864.047
4.20688651932817,0.0322522051940632,24.1670618808059,6881.719
4.20704595249473,0.032811414430697,24.1709896911355,6899.422
4.20719024894999,0.0311218760839418,24.1719975661511,6917.188
4.20709369371337,0.0336632872514224,24.1723066302381,6934.969
4.20724251314163,0.031169216223246,24.1806191674626,6952.844
4.20698446872691,0.0320836679055509,24.1759824543016,6970.75
4.20728056530391,0.0334838962294185,24.1783019359187,6988.735
4.20750887264527,0.031138735257609,24.1903490936464,7006.766
4.20729355146729,0.0298876170956639,24.1855313143001,7023.578
4.20746955475074,0.0309711450494699,24.1834450856869,7040.36
4.20734197683408,0.034537123609793,24.1833955872426,7057.266
4.20740341858764,0.0342967714484646,24.1801854196917,7074.157
4.20771241601534,0.0325929302871062,24.1877671946696,7091.172
4.20685291152986,0.024036235247763,24.1720437644251,7108.188
4.2056012283435,0.0111602216542072,24.1820599066707,7125.25
4.13560691014186,-0.000347027949984981,24.4645469045721,7142.282
4.16748106370293,-0.00319665758847235,24.7299187674368,7159.172
4.17596639053681,-0.00278431886048148,24.768309354088,7176.235
4.18072221326857,-0.000370081430176359,24.7577774172585,7193.328
4.18354651785376,-0.0028237916834498,24.7485471119508,7210.485
4.18557368432219,-0.00427117174588695,24.7396655257138,7227.625
4.18711484139018,0.000633490859740153,24.72235444727,7244.828
4.18799981651757,-0.0010559213440312,24.6985048214946,7262.11
4.18866542676157,-0.00175735415797255,24.6839175921507,7279.297
4.18937661468013,-0.00135290178219755,24.6758638366935,7296.61
4.18950409720076,-0.00118803975546709,24.6498614594621,7313.969
4.18992934989144,-0.000980390869617877,24.6514220273314,7331.391
4.19039339764219,-0.000672934960173503,24.6455055765759,7348.875
4.19038472665687,-0.00233421183923724,24.6235176792457,7366.328
4.19037884805604,-0.000585054454874253,24.6067947045446,7383.813
4.19088542845538,0.00166965239240655,24.6067700461602,7401.391
4.19103086559357,-0.00519602031106074,24.5965952874239,7419
4.19084885245013,-0.00131944726054101,24.5931622876176,7436.719
4.19098209980588,-0.00267139684978806,24.57598626898,7454.375
4.19083893634414,-0.00200329339068276,24.5675754256341,7472.11
4.19085954561673,-0.00187706505598586,24.5560428090257,7489.891
4.19117480835044,-0.00329235713967974,24.5484975198514,7507.86
4.19082169589584,-0.00339135418490738,24.5393972895358,7525.782
4.19129900116523,-0.000942382137392054,24.5324979494391,7543.797
4.19138815949231,-0.00035058934384185,24.5186725989278,7561.75
4.19145297803654,-0.00185593256166973,24.5143627247609,7579.813
4.191077562802,-0.00289244415825233,24.5070404981243,7597.875
4.19149180750529,-0.00490158920746269,24.3300338855705,7598.875
4.1907490677761,-0.00147800555164251,24.3259934240225,7615.656
3.97487091222999,-2.01252832408604,24.3890851275649,7634.578
3.95171670751089,-2.01397936209874,24.5447523167272,7652.656
3.9343524894326,-2.01114359599115,24.7313852009341,7670.797
3.92005844166791,-2.01300662781294,24.9098163973038,7688.969
3.90790350991309,-2.01439965705264,25.1058841525274,7707.156
3.89703572169109,-2.01160288530172,25.3170185607883,7725.328
3.88747658054044,-2.0180146876333,25.5094231004899,7743.516
3.87895859247514,-2.01313475351151,25.703603451474,7761.719
3.87101598480779,-2.01316220224595,25.8872081935672,7779.891
3.8634796774934,-2.01303023418461,26.0778148560613,7798.094
3.85666050703146,-2.01371049851857,26.2543146245632,7816.266
3.85001357916834,-2.01415013745466,26.4367106868944,7834.469
3.84384190541381,-2.013463983241,26.6112789099098,7852.625
3.83768797571906,-2.01264583638753,26.7813476537748,7870.859
3.83193825298352,-2.01340930058713,26.9574588509864,7889.016
3.82641444300992,-2.01314549982481,27.1298001424599,7907.234
3.82109573438256,-2.01204128943031,27.3058240756151,7925.375
3.81589666466862,-2.0144632529994,27.464816676941,7943.625
3.81069682190636,-2.01314002971595,27.6179645227552,7961.781
3.80583738096969,-2.00922643619629,27.7754778254587,7979.922
3.8011216334633,-2.01466618038391,27.9313299791523,7998.062
3.79629313055025,-2.01321832884032,28.0789694815712,8016.156
3.79144890639008,-2.01151422011174,28.233503103315,8034.359
3.78662468670613,-2.01220227981274,28.3787794093877,8052.547
3.78206292303341,-2.01385334477125,28.5225241950898,8070.687
3.77717540186865,-2.01213146011162,28.6658983307403,8089.078
3.77240629397936,-2.01070173140752,28.8167182889576,8107.219
3.76793745919496,-2.01208603752232,28.932748936688,8125.5
3.76322930364035,-2.01229391932774,29.0704460950252,8143.797
3.75851149202913,-2.01346597836118,29.1845862659112,8162
3.75421321007525,-2.01358796093004,29.2924441073276,8180.281
3.74962920289956,-2.01284705723582,29.4027458081941,8198.531
3.74516885963638,-2.01242628276702,29.4989650951487,8216.75
3.74100500876119,-2.01245565050621,29.5937029268963,8234.922
3.73669982885741,-2.01338480049785,29.681428273132,8253.297
3.73248270531015,-2.01262885734551,29.7667014154257,8271.469
3.72835255440004,-2.01550536193371,29.8390810144007,8289.687
3.72453323547867,-2.0113296575729,29.9108757310954,8307.812
3.72065102608771,-2.01087904153185,29.9822443190752,8326.141
3.71640900822778,-2.01299613028587,30.0326427784002,8344.453
3.71279183783938,-2.01075794856787,30.0943578503626,8362.672
3.70842761443677,-2.01370126925639,30.1385033025236,8380.984
3.7047917716546,-2.01114443646185,30.1867640211383,8399.359
3.7006825777963,-2.01217407576836,30.2378291918477,8417.672
3.69675771477012,-2.01231592461865,30.2805147429291,8435.891
3.6930393322124,-2.01201237565114,30.3348373139885,8454.125
3.68917679669778,-2.01208037472717,30.3862846045558,8472.453
3.68521448154197,-2.01071108108784,30.4225886747345,8490.687
3.68149374141573,-2.01334411961785,30.4742900707527,8509.016
3.67779221378976,-2.01103073973055,30.5216390363265,8527.266
3.67406181318209,-2.01268369370295,30.5656425598449,8545.594
3.67030176499603,-2.01144124181049,30.6143425402744,8563.922
3.66673391153022,-2.0127904770485,30.655398564595,8582.266
3.66299804950626,-2.01156919175811,30.7035124118093,8600.641
3.65966438680144,-2.01266319129602,30.7586168707735,8619.047
3.65589413612439,-2.01390538807608,30.8059086555575,8637.469
3.65232651300318,-2.01071577554447,30.8597146006205,8655.797
3.64876348229365,-2.01202154557025,30.9101040918583,8674.078
3.64554685927165,-2.00921432744165,30.9551582034418,8692.562
3.64207625483732,-2.01370984965265,31.0063113131639,8710.875
3.63846406305335,-2.01281710553717,31.0615188273207,8729.203
3.63507606938654,-2.01406265698721,31.1214014942371,8747.625
3.63166482425027,-2.0110737646568,31.1624258097232,8766
3.62857853646882,-2.01089290844406,31.2248065383162,8784.516
3.62501259928352,-2.01240394459316,31.2769115546178,8802.859
3.62158222681123,-2.01323590772332,31.3290213547672,8821.281
3.61846125166182,-2.01419384651964,31.3775838380078,8839.672
3.6150672519375,-2.01263667547701,31.4393293495537,8858.031
3.61188180875812,-2.01221031969746,31.498754191257,8876.422
3.60857867726732,-2.01155223845763,31.554685554736,8894.781
3.60553494110992,-2.01406420553574,31.6039426157207,8913.172
3.60218589935641,-2.01189939235907,31.6581151604487,8931.562
3.59885714511492,-2.01541865942173,31.7009176861845,8950.078
3.5957670937938,-2.01274965002258,31.7585632753747,8968.562
3.59301666356893,-2.01385129522284,31.8113830261897,8987
3.58971009399727,-2.01355408336219,31.8692435029812,9005.453
3.58665220327661,-2.01630990968773,31.9158461749664,9023.937
3.58344203823537,-2.01277099624401,31.9644173877232,9042.484
3.58048534434714,-2.01282271630919,32.0131588176493,9060.922
3.57725047813026,-2.01251995347493,32.0667188732448,9079.422
3.57436883391113,-2.01158502785775,32.1193124143706,9097.906
3.57128512768717,-2.01622851328796,32.1618264610705,9116.547
3.56872066550615,-2.01222751351201,32.2198455812961,9134.984
3.56555467329979,-2.01382425980576,32.2652599456474,9153.656
3.56259540878202,-2.01388780465926,32.3143720514147,9172.156
3.55978447041058,-2.0108430845976,32.3708398827313,9190.734
3.55689375383135,-2.01067819804807,32.4120245292469,9209.281
3.55397358754084,-2.01347742984303,32.4470874338899,9227.828
3.55119782742195,-2.0132865668224,32.5030455207621,9246.437
3.54851559957747,-2.01174038327055,32.5530650519869,9264.937
3.54580583110077,-2.01302220679742,32.5989989552268,9283.531
3.54311072155012,-2.01341143203016,32.6435172888597,9302.094
3.54029355759787,-2.01369895987642,32.6903001955788,9320.766
3.53740100559044,-2.0130641417786,32.7300744551023,9339.312
3.53518704275422,-2.01105141466717,32.7799186552468,9357.891
3.53250894116367,-2.01281524432994,32.8218146993122,9376.516
3.52990333773161,-2.01484013680141,32.8657862686428,9395.203
3.52754753455626,-2.01296867524278,32.9091581854594,9413.922
3.52501550598722,-2.01375543740492,32.9555557305401,9432.625
3.52260335738846,-2.01199770761214,32.9837562233623,9451.266
3.52011277923015,-2.01126505496849,33.0281574827928,9469.953
3.51796894567226,-2.0101869809793,33.0673638525034,9488.719
3.51538624843045,-2.01252046603508,33.1149521939097,9507.453
3.51328369043578,-2.0135954787602,33.1602794766829,9526.156
3.51113986209176,-2.01306955725642,33.2037634771587,9544.906
3.50880484091507,-2.01212855894781,33.2371559736088,9563.766
3.5068911484709,-2.01165083343349,33.2833657180047,9582.578
3.50471159524183,-2.0109261555754,33.3189301391039,9601.359
3.50278636905226,-2.01508274597528,33.354143538104,9620.062
3.50064119243639,-2.01250901677532,33.3976334830985,9638.781
3.4988403247245,-2.01533995414952,33.4416714679555,9657.516
3.49651009173077,-2.01178460382067,33.4850145365121,9676.281
3.49476208394121,-2.01414060527905,33.5312826957184,9695.187
3.49264904176421,-2.01195543862615,33.5673161733715,9713.922
3.49090381147511,-2.0117008155469,33.6077194810053,9732.844
3.48884863255138,-2.0122905398569,33.6626678497965,9751.687
3.48686928955369,-2.01129035042103,33.7083635514767,9770.5
3.48499587233813,-2.01162470119891,33.7703376463285,9789.422
3.48317381201077,-2.01361557545006,33.8156218701867,9808.297
3.48099635282812,-2.01193090976318,33.8539421304,9827.172
3.47932882883719,-2.01518164543474,33.9043875252823,9846.094
3.47721288139096,-2.01404367333818,33.9530969978635,9864.844
3.47531054138315,-2.01321776062893,34.0023837556958,9883.812
3.47344329038601,-2.01166963894326,34.0477983016684,9902.734
3.47118790190817,-2.01289334202513,34.0993435705065,9921.672
3.46915803990222,-2.0119443831543,34.140884767723,9940.641
3.46715799430632,-2.01242748450159,34.1928948727782,9959.469
3.46509799303156,-2.01029962998185,34.2442321616041,9978.453
3.4631974854449,-2.01265850112307,34.3002337379549,9997.547
3.46076570511258,-2.01396821918466,34.3476221983212,10016.672
3.45852954324684,-2.01445353476959,34.4037155027466,10035.781
3.45637594635014,-2.01075963984222,34.4552007473828,10054.844
3.45382105374173,-2.01217799840737,34.5309695508688,10073.859
3.45159071222752,-2.0087093465325,34.5790121799728,10092.906
3.44934341523932,-2.01667912857894,34.6419334131685,10112.062
3.44691177545508,-2.013858670854,34.7197904424384,10131.266
3.44433708002687,-2.01157581274602,34.7746907783456,10150.422
3.44186104809679,-2.01111904367465,34.836805177331,10169.453
3.43894026608122,-2.01352387230768,34.907722402973,10188.578
3.43636103495106,-2.0112922215929,34.9683403278451,10207.672
3.4336708090485,-2.01389014130306,35.0390443072811,10226.828
3.4308965803729,-2.01266874049439,35.0955677898069,10246.109
3.42782089757862,-2.01284143757402,35.1702156401569,10265.391
3.42484405913391,-2.01109682920084,35.2465914739535,10284.687
3.42175726911613,-2.01176990089421,35.3226408517967,10303.844
3.41874632404291,-2.01056085398907,35.3964626242883,10323.078
3.41545780861659,-2.01244788793771,35.4585631488119,10342.328
3.4117760087145,-2.00991454145122,35.5480173327343,10361.5
3.40829396937228,-2.01524819475563,35.6092806543475,10380.797
3.40435779393306,-2.01509534741295,35.6849600792217,10400.125
3.40023624064031,-2.01287592478801,35.7566251428014,10419.5
3.39613071787179,-2.00971985804389,35.8236747419886,10438.812
3.39181337842552,-2.01252560977573,35.9094485971755,10458.109
3.38704829198639,-2.01247177160775,35.9955666603447,10477.453
3.38203092034683,-2.01239144498529,36.0680270107693,10496.812
3.37654809410201,-2.01177114049426,36.1517992391747,10516.156
3.3704516808092,-2.01305721063971,36.2262079731765,10535.562
3.3637870289545,-2.01312977446971,36.3175839844401,10554.953
3.3568521938161,-2.01050450679999,36.4017526858026,10574.328
3.34867749480244,-2.01344675453145,36.481211620705,10593.844
3.3395908974646,-2.01199821133029,36.574010141026,10613.328
3.32963512743319,-2.01407644805371,36.6776268552164,10632.766
3.31820790626283,-2.0100685422582,36.7674701803068,10652.25
3.30494144277741,-2.01386694513532,36.8618549904158,10671.734
3.29037736566309,-2.01101273322598,36.9759823697988,10691.203
3.27371569393002,-2.01231137821328,37.0692161840065,10710.703
3.25451646129461,-2.01109019781861,37.1810726027764,10730.109
3.23310264309898,-2.01123506748447,37.3095796004662,10749.547
3.20827869027007,-2.01171702739523,37.4204443769423,10769.062
3.17996176471995,-2.01106145318504,37.5617272448969,10788.609
3.14722299323229,-2.01168998518774,37.6933818063299,10808.172
3.1093305814329,-2.01339607190516,37.8404274412126,10827.891
3.0653815793591,-2.01480817601455,37.9825248595211,10847.5
3.0130612235669,-2.01109469569165,38.1332549112527,10867.203
2.94920549054709,-2.01421697020321,38.3030312126006,10886.844
2.86601801412344,-2.01060914921418,38.4764457178716,10906.5
2.75725191265609,-2.01411159372913,38.668603538518,10926.109
2.61246734790709,-2.01263909909732,38.904112238536,10945.812
2.99812519730241,-0.00420062513414368,38.982181331488,10965.656
3.07035107039746,-0.00292880440280358,38.7504430159543,10985.516
3.11626935891479,-0.000231200171749473,38.4451695448228,11005.531
3.1486527065601,-0.00123136610093889,38.1190086214085,11025.5
3.1729060552867,-0.00101438395288505,37.767350430935,11045.75
3.19102610813801,-0.0016545973537362,37.4450587151611,11065.859
3.20603613243278,-0.00306905502911012,37.1117464765506,11085.953
3.21844940269493,-0.00155671726282023,36.7987898182167,11106.203
3.22875341147208,-0.00345773355377072,36.4791648262756,11126.437
3.23809513428383,0.000231405806106993,36.1801449236176,11146.656
3.24584399920062,0.000728585272845447,35.8747646994102,11166.937
3.25261433963303,-0.00265918084987476,35.5858439354707,11187.203
3.25870451344492,-0.00151257983033383,35.2967112267174,11207.469
3.26412058058012,-0.0015316912571288,35.0217378011417,11227.828
3.26902995262555,-0.000405677789241946,34.7548714196558,11248.25
3.27320673224271,-0.000387595838485931,34.4900784794945,11268.75
3.2771699768252,-0.00652835125160699,34.230852841541,11289.109
3.32505465684485,0.000302046731143229,29.3418505091955,11290.109
3.0019505707765,-3.36198290868823,29.3357231382262,11292.625
3.43464431526881,1.50866965795979,29.3347172508793,11295.609
3.4548571248845,1.51004305265905,29.3419489577748,11298.5
3.46878815957312,1.50870448343723,29.3314619221132,11301.375
3.48095405881532,1.51162546537982,29.3228977772231,11304.25
3.49193109994486,1.50918231909586,29.3023534205382,11307.14
3.50185108554857,1.51218026299991,29.2839514726814,11310.015
3.51143742476867,1.51016661853275,29.2637951729095,11312.906
3.52041057082367,1.511071728047,29.243620261694,11315.781
3.52910034534173,1.51102712780418,29.2217143283869,11318.671
3.53738005979676,1.51157079543061,29.1954637062758,11321.562
3.54539578777519,1.5106862913865,29.1725470778824,11324.437
3.55303458442327,1.51125880858392,29.1412119729254,11327.312
3.56005984227838,1.50921680738214,29.1123643280477,11330.171
3.56732547821171,1.51063458002565,29.0801101406397,11333.015
3.57404323075767,1.5107102367864,29.0640071696726,11335.875
3.58058902788268,1.51050488921772,29.0440654884839,11338.734
3.5870079686821,1.51070788140363,29.014883920303,11341.593
3.59326129829637,1.51224075100374,28.9866955472459,11344.468
3.59935587984101,1.51302195782317,28.9721585132336,11347.343
3.60509599715578,1.51282342284421,28.9410536170747,11350.203
3.61158233005607,1.5137330794355,28.9168532627859,11353.109
3.61698342547622,1.51255950707312,28.8980257764807,11356.015
3.62235040518747,1.51201151323941,28.8680213793905,11358.968
3.62772857748162,1.51173489117738,28.8435701732441,11361.89
3.63328252531541,1.51223663165801,28.8215726213572,11364.796
3.63830794547567,1.51051602511607,28.7918483770939,11367.671
3.64346634838032,1.51171779093169,28.7723880317338,11370.578
3.64822096863319,1.51392016123356,28.7469316029735,11373.5
3.65308848644411,1.51007589540389,28.7191813090973,11376.515
3.65800581308533,1.51211390001662,28.6944746421589,11379.437
3.66274337113414,1.51026278209095,28.6676796868055,11382.375
3.66733743574968,1.512418391556,28.6520062193506,11385.296
3.67174706462684,1.50947560374538,28.6255428068335,11388.281
3.67613415289462,1.51185464536364,28.6071716278365,11391.234
3.68043125825798,1.50991054565276,28.588318092459,11394.171
3.68476598774558,1.50970988887233,28.562576063653,11397.187
3.68903239308514,1.51178989756785,28.5445248834473,11400.14
3.69294619893621,1.51086487890585,28.5163775853363,11403.156
3.69705845030649,1.50862768220757,28.4997887849475,11406.125
3.70085476068079,1.51317633731922,28.4827812402835,11409.078
3.70493604341717,1.50923414255174,28.4544860399501,11412.078
3.70911142591202,1.50950506340469,28.4297878682164,11415.078
3.71260302063891,1.51099041018806,28.4057164378101,11418.093
3.71644489960634,1.50882077146471,28.3882001882672,11421.109
3.72011072737751,1.51284475082105,28.3702619348932,11424.125
3.72362216768924,1.51158344630414,28.3466895914687,11427.14
3.72709510098175,1.51051515246339,28.3224282182455,11430.156
3.73077399482459,1.51041694220286,28.307680173456,11433.156
3.73439805057579,1.51188686861855,28.2844310051199,11436.203
3.73752011093757,1.50879201489059,28.2727335716205,11439.218
3.74071808056239,1.50725388985988,28.2485548135362,11442.265
3.74395121296219,1.51054950596272,28.2247088516447,11445.343
3.74752108722446,1.50924021388349,28.2056901032893,11448.39
3.75060173481414,1.50887107861562,28.18669608672,11451.453
3.75388958668831,1.50740897364609,28.1673444346856,11454.562
3.75686761284843,1.5107251591458,28.1404187383846,11457.687
3.7603427754686,1.51212935034291,28.1322253804288,11460.75
3.76330012650173,1.50910230402391,28.1073380479727,11463.859
3.76611589700668,1.51149026726139,28.0929526565163,11466.984
3.76934519736558,1.51278715288906,28.0667707686824,11470.125
3.7724359557635,1.50756584286474,28.0476421970652,11473.265
3.77533241952069,1.51210770273865,28.0353523117931,11476.437
3.77795615455127,1.5101016912539,28.009485063558,11479.578
3.78080496745984,1.51232235811271,27.9880001981565,11482.812
3.78389986273182,1.50895366680694,27.9749752819655,11486
3.78623236103104,1.51050603008451,27.9477510316943,11489.156
3.78918478397089,1.51109387546903,27.9308217379976,11492.296
3.79182332417903,1.51030289415849,27.9056830899402,11495.484
3.79451856288118,1.51210943798748,27.8871632959841,11498.64
3.79719438491176,1.51249826178522,27.8718003474157,11501.796
3.79984682081011,1.51121052380216,27.8486278109949,11504.953
3.80198420069575,1.50834121596066,27.8442823374452,11508.14
3.80463739261062,1.50847210629647,27.8207154426901,11511.375
3.80702940780269,1.50896052935113,27.8002614810794,11514.562
3.80918755753128,1.50935837845403,27.7821473058134,11517.734
3.81195025724999,1.50854927210146,27.7560947776214,11520.937
3.81407880962957,1.51007303963637,27.7397270800968,11524.187
3.81610441111421,1.5116674021049,27.7253312099425,11527.484
3.81827609901073,1.51002475598719,27.704402071043,11530.718
3.8202234442323,1.50856204414344,27.6897654376235,11533.953
3.82195639833183,1.51309898633427,27.6698637070502,11537.265
3.82396710570826,1.51184282867405,27.6562279830152,11540.546
3.82557451907666,1.51098065498926,27.6364479303833,11543.796
3.82732877839625,1.51055174418888,27.6198291470691,11547.109
3.82899611867119,1.50873443679223,27.6002757785637,11550.375
3.83064448631264,1.51198707642628,27.5906166842477,11553.718
3.8319759235662,1.51013482492058,27.5750190272707,11557
3.83328138806724,1.51113172024446,27.5517137190131,11560.343
3.83431809670788,1.5082673246591,27.542458212892,11563.656
3.83562448475556,1.51316747082178,27.5286538601119,11567.031
3.83648944825558,1.5111745657713,27.5148634548522,11570.39
3.83757398194714,1.5124038862187,27.4978295095361,11573.75
3.83869776103364,1.51082691564116,27.4806587688865,11577.14
3.83949336983838,1.50888767618371,27.4754864465797,11580.484
3.84031660658067,1.5095139359664,27.4586287518058,11583.875
3.84114458448651,1.50967764849597,27.4425183154648,11587.265
3.84219067779567,1.50850468922892,27.4273275057315,11590.703
3.84317181609623,1.50810433993372,27.4195686768075,11594.187
3.84346021317902,1.51517840935356,27.3998625862277,11597.671
3.84428731217009,1.50659410734326,27.3869520308145,11601.156
3.84561929787666,1.50275109576319,27.375632855055,11604.656
3.84590513765923,1.5107633180307,27.3651737411599,11608.109
3.84631654865476,1.51365139173389,27.3565514556906,11611.609
3.84708969879895,1.51047109143748,27.3339412869529,11615.078
3.8474468601821,1.51020118979357,27.3261944934684,11618.531
3.84825766144454,1.51051014399906,27.3127953642974,11622.015
3.84899998798288,1.51422121979124,27.3001720153452,11625.515
3.84961077785336,1.51456682747813,27.2918808250691,11629.031
3.85031016510198,1.50965375824712,27.2791582157833,11632.64
3.85086246628569,1.5116956734684,27.2609105034322,11636.187
3.85147971269608,1.51105327531218,27.2503411174901,11639.765
3.85250839714732,1.50879405947995,27.2455348819896,11643.328
3.85294741031445,1.50881357310612,27.2384568387352,11646.968
3.85327718002318,1.51237014948399,27.2237352835915,11650.546
3.85399764922047,1.51287273527247,27.2265881120994,11654.187
3.85479720565783,1.5116703323648,27.204976663519,11657.781
3.85550097291161,1.51202704154819,27.1914077601811,11661.437
3.8558482181103,1.5090471392037,27.1886657614322,11665.062
3.85659683725754,1.51068417773001,27.1753243516871,11668.718
3.85734069457182,1.51290453268254,27.171491448373,11672.359
3.85780277740866,1.51199595001482,27.1564869096142,11676.031
3.85870962472926,1.50940061190996,27.1434094663151,11679.75
3.85941891731862,1.51355922934481,27.1310822618643,11683.484
3.85992293056794,1.51156364343777,27.1223990346774,11687.265
3.86094446617008,1.51276277687112,27.1211903023309,11691.046
3.86164468300676,1.51314914281636,27.108283170779,11694.875
3.86238783976468,1.51045225850508,27.0916179454398,11698.656
3.86288609531426,1.51133496288625,27.0876634432705,11702.437
3.8633794765951,1.51167424023887,27.0840628621741,11706.203
3.8640988146572,1.51105323166605,27.0733659395275,11709.984
3.86494380003349,1.51065975159493,27.0587827973772,11713.781
3.86558210359063,1.50980600744745,27.0514940105472,11717.593
3.86639815875634,1.51157528923427,27.0510988397492,11721.406
3.86727157873385,1.5095761726925,27.0411072209612,11725.25
3.86795587436843,1.51000716655423,27.0349977240429,11729.171
3.86880918762126,1.51050988373567,27.0224381746235,11733.078
3.86948331300288,1.51173045771183,27.009149037419,11736.937
3.87036281692489,1.50972258259248,26.9957612364867,11740.875
3.87091505727663,1.50976527172527,26.9947364975667,11744.781
3.87173370592029,1.50893910866008,26.9902146340031,11748.718
3.87251975484631,1.50904533910345,26.982221173522,11752.656
3.87318341106085,1.50937969013394,26.9714829836723,11756.64
3.87410295350081,1.51034317551279,26.962192019758,11760.656
3.87465028009628,1.51152147007836,26.9569815005553,11764.609
3.87546382357564,1.51079546938736,26.9470410256912,11768.609
3.8761551945225,1.51042284314011,26.9365245442743,11772.625
3.87715091906066,1.50942120626779,26.9281389958878,11776.687
3.8777337156744,1.50982629155554,26.9251129412659,11780.781
3.87849700002544,1.51082659354505,26.9139078187073,11784.875
3.8790414315332,1.50940122772767,26.9143302731215,11788.984
3.87995188184878,1.51296584433014,26.8999489136697,11793.093
3.88070361021131,1.51047354125629,26.896975720638,11797.187
3.88168604803258,1.50922685809986,26.8903040362949,11801.265
3.88229431631874,1.51027736030235,26.87952649674,11805.375
3.88311435870532,1.50960604152304,26.8768009069624,11809.5
3.88379288453832,1.5104680984085,26.8636579011609,11813.64
3.88461455127445,1.51001676948637,26.8526165079559,11817.781
3.88516885348608,1.51132216764142,26.8539750422111,11821.968
3.88628630834736,1.51170606343819,26.8466381771878,11826.203
3.88691727310802,1.51056014369537,26.8366130799583,11830.39
3.88766542448298,1.51106638539323,26.8324286493313,11834.687
3.88850890616784,1.51018192021822,26.8148118437335,11838.937
3.88903542896651,1.51007513317699,26.8183729096352,11843.203
3.88984011420717,1.50813831234204,26.8122175265421,11847.515
3.89073269997387,1.50858847897786,26.7996724680402,11851.812
3.89172726556776,1.50987632773968,26.7995246567071,11856.14
3.89228678152036,1.51166107802065,26.7921757087256,11860.484
3.89285251270773,1.51029623527146,26.7837443201007,11864.843
3.89381761063767,1.50973751318994,26.7802182632683,11869.234
3.89477274635817,1.51080865831218,26.7782432927195,11873.625
3.89522269752427,1.51013760450932,26.7673022649355,11878
3.89595106543614,1.50900033531938,26.7638208694712,11882.421
3.89698485910916,1.50963667099334,26.7563237806873,11886.859
3.89744794627398,1.51116482239883,26.7475967935699,11891.359
3.89846428403101,1.50942760759131,26.738203285719,11895.812
3.89915403936905,1.50936341801178,26.7370126718447,11900.281
3.89975644432361,1.51069253928957,26.7344125140957,11904.781
3.90075886676544,1.50718743857837,26.7321483768414,11909.343
3.90155783351195,1.50867581157716,26.7362039748144,11913.843
3.90243461879753,1.5135079950539,26.7225180467807,11918.453
3.90298808019789,1.51113008513953,26.7122683305349,11923
3.90390305494731,1.50967456660692,26.704822974609,11927.609
3.90464982417383,1.50922780153116,26.7041681448328,11932.25
3.90529757629956,1.51373906917323,26.6945611887738,11936.89
3.90638973543642,1.50935474795635,26.689726060397,11941.546
3.90688014491291,1.50968512657291,26.6802719367225,11946.25
3.90780272553766,1.51186605047205,26.6698005777014,11950.937
3.90836952924245,1.51057370237501,26.6685437956752,11955.64
3.90918050264641,1.5094722784115,26.6661161010073,11960.343
3.91027618672876,1.50761609173542,26.6573898971607,11965.062
3.91085006803883,1.51123216771781,26.6560518522285,11969.812
3.91146064732336,1.50670322816103,26.6507010401615,11974.656
3.91239275074001,1.50990038417044,26.6505793475571,11979.453
3.91317413026374,1.51144178640217,26.6397751116832,11984.234
3.91393464002162,1.51144902557996,26.6423028791714,11989.062
3.91456573791507,1.5111535960124,26.6384490325106,11993.906
3.9153340088019,1.50642221006415,26.6318352430321,11998.75
3.91634754668763,1.51075314453155,26.6220928172973,12003.64
3.91706316456813,1.50878534728765,26.6184277060776,12008.5
3.91809475607945,1.51170805137837,26.6103161561701,12013.421
3.91850272520363,1.50954227250305,26.6077487870948,12018.39
3.9193242033376,1.51181162006866,26.6005772536187,12023.375
3.92040509972107,1.51174667059085,26.5959106288047,12028.39
3.92096238814689,1.51125970302351,26.5925465437708,12033.421
3.92133470173476,1.51254780367107,26.5899019616464,12038.5
3.9224553729714,1.5140985787474,26.5854377877559,12043.546
3.92305739764598,1.50889031448916,26.5773670952945,12048.609
3.92380890958587,1.51138908166229,26.578783693885,12053.687
3.92441093467306,1.51221777972648,26.5712162702106,12058.828
3.92517932975672,1.51072289538468,26.5590036232886,12063.937
3.92569155054294,1.50956670779348,26.5618724077741,12069.062
3.92650300241163,1.51025807116296,26.5544620944601,12074.25
3.9273475573404,1.51256340572684,26.5504463448625,12079.421
3.92767982311322,1.51278602956192,26.5403270026033,12084.625
3.92844461885574,1.50886179173015,26.5529374564549,12089.812
3.92933551385199,1.51144280705841,26.5486459490189,12095.062
3.92997911522612,1.51085028090283,26.5486458756552,12100.312
3.93041756116003,1.51323705278697,26.5386796724279,12105.64
3.93133042440584,1.50935367601473,26.5362143794218,12110.984
3.93177002709547,1.50872724285676,26.5374893785776,12116.328
3.93247361018992,1.51011912557276,26.5295065340033,12121.671
3.93301368527663,1.50902587968089,26.5265823260468,12127.046
3.93387567369457,1.50977170845874,26.5232451772098,12132.437
3.93440710557881,1.50778912905437,26.5156950408785,12137.828
3.93521968383896,1.51139275031618,26.4998090511188,12143.234
3.93560060187946,1.51051669183794,26.5008320727585,12148.687
3.93601768786489,1.51202117237728,26.4941455821235,12154.156
3.93663242370425,1.51053898902737,26.4860928434196,12159.64
3.93724097546052,1.50874734645312,26.481944402397,12165.171
3.93782134952204,1.50753729910969,26.4712824006753,12170.765
3.93835143562445,1.51060629721061,26.4711134549738,12176.281
3.93920309533499,1.51158653509281,26.4713041530531,12181.859
3.93966751182389,1.50964562550197,26.4699775713703,12187.468
3.94010415581791,1.50925716249641,26.465583218158,12193.062
3.94057013222062,1.50998566535508,26.4579614497166,12198.703
3.94111476426476,1.51307679318751,26.4553952162346,12204.359
3.94195907238889,1.5090269909103,26.4574299839566,12210.031
3.94225339021677,1.51032421268041,26.4543600209869,12215.75
3.9430831207435,1.51228503408393,26.4501621669031,12221.468
3.9434101323543,1.51244916473914,26.4435771649019,12227.265
3.94414824895151,1.50862879778025,26.4417802807823,12233.062
3.94443842522482,1.51104063208559,26.4403555983977,12238.937
3.94514461255151,1.51293571550049,26.440680292213,12244.734
3.94549988244678,1.51111716892472,26.4376083216963,12250.609
3.94591914843073,1.50988024634089,26.4305723544341,12256.484
3.94647342957534,1.51091382899989,26.4296768830376,12262.39
3.94709548573518,1.51232822986411,26.4303931125433,12268.343
3.94763320683251,1.51054549239436,26.4254415813461,12274.312
3.94827807245498,1.51024030566972,26.4194900324981,12280.296
3.94866976106456,1.50849917364674,26.4127217496467,12286.281
3.94928428935256,1.51151212706639,26.4121213865025,12292.265
3.94965670390192,1.51052941645108,26.409049076563,12298.281
3.9503135063791,1.5103512691217,26.4073032523855,12304.328
3.95075062807202,1.50917755399471,26.4096512680279,12310.437
3.95136692528972,1.51070476261086,26.3999975720178,12316.515
3.9517970842665,1.5114075804069,26.4098933701179,12322.656
3.95243268122307,1.5104073857529,26.4053980792438,12328.781
3.95309659114347,1.5105653292243,26.4068662898393,12334.953
3.95352383808754,1.50758235652322,26.4074704530135,12341.156
3.95389255098726,1.51204015371773,26.406026046436,12347.421
3.9543257528011,1.51243733247824,26.4180059223671,12353.718
3.95522415387226,1.50882523746702,26.4130009719448,12360.031
3.95551808842184,1.51049883193857,26.4136838197911,12366.328
3.95593876218314,1.5097962004552,26.4039375220691,12372.718
3.9563552330276,1.51305314464538,26.4077794480053,12379.046
3.95700434048759,1.5117325672284,26.402490931891,12385.406
3.95743750880002,1.51267624368089,26.3994717955467,12391.812
3.95803940922575,1.50940117828435,26.4013433938497,12398.203
3.95871387663639,1.51076747258787,26.396503882872,12404.671
3.95939060799506,1.51106157346871,26.4011250978527,12411.125
3.95988710848536,1.50814684773509,26.4041894609806,12417.609
3.96025334050532,1.50851647942139,26.4010147972979,12424.156
3.96074977696788,1.51216159354224,26.4023176025276,12430.703
3.96128264197526,1.51434207074358,26.3962439805493,12437.296
3.9620100683883,1.5100874642579,26.4048861269299,12443.875
3.96258562152112,1.50683442998607,26.40714355731,12450.5
3.96304735166212,1.51221794237862,26.4117627263212,12457.156
3.96350220964766,1.51019225609594,26.4097080435266,12463.89
3.96417107799306,1.51136553612764,26.4104204847078,12470.593
3.96483753906985,1.51048065446044,26.4097767891009,12477.375
3.96524965919394,1.5142623996753,26.4073306606095,12484.156
3.96565614839839,1.51035747197769,26.4173641350204,12490.937
3.96630709522632,1.51011848062053,26.4259428938434,12497.75
3.96715585718885,1.51064138102254,26.4244514056815,12504.578
3.96755392887201,1.50970062233885,26.4195486769656,12511.468
3.96818652712155,1.51162004368704,26.4200465913483,12518.343
3.96882600742149,1.51164691976107,26.4188479975843,12525.234
3.9694036004758,1.50883673503119,26.4180902784727,12532.156
3.96996169752723,1.51072665753701,26.4284917353902,12539.093
3.97025314292003,1.51223580495807,26.4366118611692,12546.093
3.97108406603604,1.51056709942648,26.4324652588573,12553.125
3.97199425103741,1.51349406588945,26.4273582069347,12560.125
3.97217468030486,1.50891984032069,26.4438543444257,12567.218
3.9728922991009,1.51126544603978,26.4488411159096,12574.265
3.97346269774254,1.51234078192682,26.4446730161933,12581.406
3.97418718264981,1.51128602508516,26.4553393984134,12588.578
3.97458655305318,1.51108629304748,26.4542729932633,12595.75
3.97537114431409,1.50739403478229,26.4578466298758,12602.984
3.97589117458403,1.51143021458126,26.4579707427042,12610.234
3.97661541824425,1.50870280865506,26.4694084871635,12617.578
3.97704702461594,1.51022802748724,26.4632370445498,12624.89
3.97776984600248,1.50958074849059,26.468017038766,12632.265
3.97824886090471,1.51294236645816,26.4723308239639,12639.593
3.97881100346931,1.51063230349921,26.47481233778,12646.984
3.97960541999837,1.50655863469794,26.4769337359372,12654.375
3.98003224554373,1.50973684130387,26.4859821457708,12661.796
3.98066980795745,1.51011702565011,26.4819795449785,12669.265
3.98115639171597,1.51119894684542,26.4919289740685,12676.75
3.98212316711033,1.51299269177819,26.495825147187,12684.265
3.98237416728683,1.50842622592166,26.4962700292999,12691.859
3.9831437484381,1.51083204479037,26.49952663359,12699.453
3.98395874221001,1.50996377220764,26.5118135965178,12707.015
3.98448814500156,1.50976243392359,26.518610070721,12714.656
3.98513074794926,1.51157525796068,26.529322311988,12722.234
3.98566536984718,1.51311703431876,26.5259577465266,12729.89
3.98633422220497,1.50804049869407,26.5291139458975,12737.578
3.98691735364535,1.50961667393851,26.5404002560354,12745.343
3.98760056895784,1.51050908360825,26.5411225608831,12753.062
3.9882701795351,1.5089119210681,26.5617826426356,12760.843
3.98878260547131,1.50907918426624,26.5572018431942,12768.687
3.98924779401713,1.51013755036723,26.5607038872637,12776.546
3.99001837263867,1.50883216727628,26.5736661618284,12784.468
3.99035260798873,1.51273453731401,26.5756414518759,12792.343
3.99132994230328,1.51052567011568,26.5823586126395,12800.187
3.99171289903277,1.5065934995996,26.5763699277305,12808.078
3.9924620557,1.51028227804871,26.5867106334656,12816
3.9931071489675,1.51430795696014,26.5911928725648,12823.906
3.99377811443141,1.51097635182534,26.5987241232386,12831.875
3.99434669691783,1.5123349492559,26.6112308973951,12839.828
3.99470265480494,1.51008956539031,26.6155099377474,12847.859
3.99570358910929,1.51112223963891,26.6272708370587,12855.953
3.99633023030941,1.50987139079997,26.6339045439221,12864.078
3.99702092264252,1.50799432413118,26.6330055788893,12872.234
3.99775255666891,1.50869998556523,26.643793946694,12880.359
3.99811034677637,1.50950438882294,26.6477344917911,12888.515
3.99909491401687,1.51474599274835,26.6617352350739,12896.75
3.99948476769312,1.51268101474789,26.6622820010449,12904.796
4.0001886414272,1.51093213415203,26.6747147417433,12912.828
4.00089544649687,1.51227166684467,26.6773450666468,12920.937
4.00163350275213,1.50958332820767,26.6826975024853,12929.062
4.00219427335393,1.50903914591394,26.6924624210841,12937.218
4.00280255028958,1.50677619932783,26.7049863620173,12945.39
4.00351964912193,1.51269879448916,26.714555565215,12953.64
4.00416601989711,1.50989170546344,26.7168709748886,12961.953
4.00478660231232,1.51168537505157,26.7267724637086,12970.203
4.00545917112834,1.50942691914503,26.7307143915211,12978.515
4.00627550435817,1.50516876319505,26.7383541839786,12986.875
4.00681792027908,1.51160375530272,26.7549289260382,12995.265
4.00777519230671,1.51160768277711,26.7597023446183,13003.703
4.00828007882315,1.50610625592085,26.7663937850191,13012.156
4.00920941530331,1.51072967658514,26.7701225314972,13020.609
4.00962501956486,1.51164010172929,26.7826019105905,13029.078
4.01027823426151,1.51411182520804,26.7925081828784,13037.64
4.01104675085882,1.51096294420379,26.7937693763439,13046.25
4.01167333531253,1.50932122370506,26.8180532511147,13054.828
4.0124334245341,1.51057509313862,26.8231251641315,13063.453
4.01324450259377,1.50907422652038,26.8341021132559,13072.156
4.01399916492503,1.51016684084409,26.841986023836,13080.812
4.01478566871823,1.50642102567644,26.8545422034631,13089.531
4.01554065488811,1.5108943753616,26.8691730644733,13098.375
4.01653572703755,1.50827853579972,26.8706772059039,13106.843
4.01700428391059,1.50553517195476,26.8867601940562,13115.39
4.01786351482059,1.50333304134125,26.8996688482475,13124
4.01828763863634,1.51481936129342,26.9141250972712,13132.593
4.01927846454428,1.51207155131848,26.921303621467,13141.25
4.02018426854759,1.50869286913653,26.9217638421234,13149.937
4.02087684487116,1.51266196627379,26.9267227439459,13158.687
4.0216819902031,1.51323452193809,26.9435609208934,13167.468
4.02223808254197,1.51020479396538,26.9566001537568,13176.25
4.02334106702904,1.5087348672143,26.964364143575,13185.093
4.02397950395594,1.51072256561984,26.9711588500297,13193.937
4.02487836186822,1.51306769705555,26.9816009432819,13202.828
4.02578467258544,1.5097761173345,26.994823574289,13211.718
4.02671091793069,1.5120746109701,27.0020483078709,13220.656
4.02738284797349,1.50857560741987,27.0204131702506,13229.687
4.02826391982648,1.51094442974688,27.0264485279901,13238.75
4.02913881875539,1.509395303135,27.0383199304272,13247.812
4.0297802069008,1.51243066742242,27.0472127341434,13256.906
4.0307360915595,1.51148930365279,27.062778756797,13265.984
4.03204314017997,1.50931205032026,27.0731002861811,13275.125
4.03277871985821,1.50814697250443,27.0881451236512,13284.296
4.03360638712523,1.50773249567639,27.0925264770236,13293.515
4.03420580773998,1.51271334682329,27.1010764353322,13302.109
4.035267329391,1.51059489284972,27.1081839425658,13310.718
4.03636792641707,1.51104048984842,27.1236792747486,13319.343
4.03676751400852,1.51258780907643,27.1412778016711,13328.015
4.03798341481715,1.51269266593826,27.1508118554185,13336.734
4.03872775672,1.50817809004712,27.152888076586,13345.484
4.03957738780029,1.51253096814234,27.162979539473,13354.234
4.04060307615994,1.51171489600158,27.1784887836579,13363.031
4.04148222928047,1.51292718232126,27.1945425097595,13371.859
4.04215051694799,1.51081648485877,27.2030413366045,13380.718
4.04329019600888,1.51207505879251,27.2192574467435,13389.593
4.04424801324731,1.512068918338,27.222189460919,13398.484
4.0456720567893,1.50756231295181,27.2382381718989,13407.453
4.04615816376432,1.50695596395056,27.2390912371036,13416.484
4.04668833378611,1.50837203715946,27.2519581621952,13425.453
4.04789274608233,1.51023778143014,27.2649665655625,13434.515
4.04933167752266,1.51048408000408,27.2798522226859,13443.609
4.05011685065486,1.51061906154998,27.2899944385079,13452.703
4.05101804533431,1.51055731503083,27.3043019319599,13461.89
4.05229859793072,1.50980502341053,27.313528608355,13471.14
4.0535821074958,1.51098904360633,27.3228136265302,13480.312
4.05438799375901,1.50995957625568,27.3432228433602,13489.562
4.0552055998404,1.50905853427582,27.3459180708857,13498.812
4.05619609564198,1.50905750931534,27.3653810796114,13508.156
4.057194017088,1.51300963575343,27.3752964101872,13517.531
4.05845870956452,1.50932856498671,27.3864561809597,13526.906
4.05952649794876,1.5077901265847,27.397099676081,13536.281
4.06051819466384,1.51204801406542,27.4039453413301,13545.703
4.06172350525722,1.50946855955735,27.4251717270354,13555.203
4.06289776385212,1.50994537728556,27.4323926327105,13564.75
4.06387670199297,1.50960898842855,27.4478647751668,13574.296
4.0650566078547,1.50489926786769,27.4558902804736,13583.875
4.06639196581102,1.51050055776076,27.4680726618965,13593.5
4.06736942247714,1.51014945803864,27.4804349570661,13603.187
4.06877784042926,1.51174719362589,27.4874337894842,13612.89
4.06968393625719,1.5132862782055,27.5060431282866,13622.578
4.07066714477429,1.51108742480544,27.5232784494585,13632.343
4.07244424913923,1.50940921078248,27.5304601198407,13642.109
4.07359395956758,1.51010913104601,27.5448081607583,13651.953
4.07443297581903,1.51212920977095,27.5623786267645,13661.875
4.07616190488514,1.50832666089712,27.5709194455941,13671.765
4.0772563301848,1.51113088623828,27.588428059765,13681.718
4.07857147275704,1.51225477287412,27.6004572638508,13691.687
4.07988400078219,1.50894172788855,27.6113048917572,13701.64
4.08095642566566,1.51134132837998,27.6165640007272,13711.687
4.08261740995263,1.50866655315486,27.6275635908163,13721.812
4.08390966105248,1.51213230485166,27.6411590224615,13731.906
4.08505267496778,1.51081531466121,27.6586667981122,13742.031
4.08639989079089,1.5105613064752,27.6686177589101,13752.203
4.08799495571827,1.50892388346034,27.6842094539976,13762.375
4.08839204114412,1.51319529011148,27.7017761302333,13772.687
4.09041542697934,1.50957027149583,27.7145941036785,13783
4.09189150056437,1.5088845482189,27.7174056584475,13793.328
4.09308157614636,1.5119361375612,27.7334853980191,13803.046
4.09443945979276,1.51155281523286,27.7398168091858,13812.796
4.09583435582717,1.51210292891202,27.7542274668644,13822.593
4.09718606651182,1.50885966457164,27.7722090340285,13832.328
4.0986028256466,1.51097530217648,27.7824159947378,13842.156
4.09969551697159,1.50936065379662,27.8003429857261,13852
4.10153329149599,1.51251193099194,27.802938872885,13861.968
4.10297652729883,1.51103867489556,27.8171117570246,13871.859
4.10421621777976,1.50997931048795,27.8333912374182,13881.796
4.10556535426804,1.51092638737096,27.8466691348725,13891.796
4.10723051284817,1.50954387102914,27.8556995087742,13901.843
4.10842147662962,1.50882546312734,27.8692162378886,13911.875
4.10978149286651,1.50920121757358,27.8775873415439,13922
4.11142463176339,1.51118738559964,27.8929695638762,13932.078
4.1127611766797,1.51199555489779,27.9124667366849,13942.25
4.11430048878869,1.50849755903509,27.9234211535353,13952.437
4.11584292553599,1.5098488483893,27.9247452759418,13962.64
4.1174560371202,1.50653075904506,27.9489419418484,13972.906
4.11866209910099,1.50756905803688,27.9671766647078,13983.218
4.12022632962848,1.51164603425174,27.9818358669621,13993.546
4.12187342170395,1.51036132010564,27.9871832685775,14003.921
4.12342286077333,1.51140247290347,28.0072293556463,14014.359
4.12486935587374,1.51025246846782,28.0187794098994,14024.812
4.12648631025506,1.51331270667131,28.0344447623264,14035.296
4.12807706137291,1.51251531510205,28.0479363946756,14045.765
4.12967216210429,1.51427509513586,28.059220306009,14056.312
4.13126769526098,1.51021090323061,28.0691806540931,14066.921
4.13290443296378,1.50493628812562,28.0899762785643,14077.578
4.13445753786261,1.51097991716002,28.0940299328336,14088.25
4.1360353816509,1.50914090330759,28.1172353556778,14098.953
4.13737646454126,1.51140101778439,28.1174189473746,14109.656
4.13916982985565,1.51057877678339,28.1289351235815,14120.515
4.14074284350545,1.5104374706409,28.1494161566969,14131.312
4.14255393409351,1.50976694137614,28.1663296784633,14142.14
4.14421441554478,1.50948541890427,28.1758097698164,14153.062
4.14558812930318,1.51235551247062,28.1877921698152,14164.062
4.14735586776927,1.51122153579238,28.2004193535182,14175
4.14908773308149,1.51196676425632,28.2105669185276,14186.015
4.15093370189969,1.51244334021844,28.2263533535954,14197.062
4.15224001909899,1.50999028431929,28.2392832674983,14208.14
4.15387535225323,1.51096464580952,28.260217510103,14219.265
4.15564039997021,1.51391769017799,28.2710529417805,14230.421
4.15730789801923,1.51199929175098,28.2854702151031,14241.656
4.15905460849943,1.51143367349448,28.3079849284158,14252.906
4.1604903618467,1.5092178643969,28.3275009937296,14264.187
4.16222295696106,1.51104881377134,28.3405961039581,14275.484
4.16414824856401,1.51186245183761,28.3533207972756,14286.828
4.16554005879933,1.51102501649382,28.3830056681548,14298.265
4.1672232228969,1.50906170449474,28.3987201659087,14308.984
4.16833925275454,1.51272327031681,28.4213605000319,14319.781
4.17020680389132,1.51422006943019,28.4324354486363,14330.593
4.1716136375139,1.51142219983948,28.4580834873129,14341.484
4.17357858564736,1.50938333742578,28.481790834084,14352.406
4.17522256998294,1.50814098691262,28.503636102427,14363.375
4.17662439806669,1.50952507859944,28.5159322336092,14374.359
4.17818179740688,1.5091449777414,28.5388535800359,14385.406
4.17963008338404,1.50752492326553,28.5698347473513,14396.453
4.18148378753658,1.51008587266096,28.58932990298,14407.515
4.1831636631968,1.51113379276459,28.6184328283431,14418.671
4.18475978160488,1.50921695720816,28.6317341404658,14429.843
4.18649092295382,1.51160996148941,28.6621778275835,14441.078
4.18836765724148,1.51298016842931,28.6898164401914,14452.281
4.18975001361604,1.51225479164298,28.7219092184191,14463.562
4.19144403953584,1.51223202070743,28.7404977698718,14474.875
4.19313281483666,1.51106020694987,28.7702243403186,14486.203
4.19490886478193,1.51292684300168,28.7959986856284,14497.546
4.1963316799164,1.51105710260226,28.8298663948881,14509.015
4.19839484343148,1.50921891352569,28.848608311685,14520.453
4.20053403940374,1.51077960189731,28.8771232780517,14531.906
4.20203241237306,1.50816063491067,28.9061153779353,14543.812
4.20337514736241,1.5081428530571,28.9324482231091,14555.484
4.20498134386458,1.50525889563144,28.95575928648,14567.187
4.20647526082046,1.50203870558828,28.9956397177091,14578.953
4.20730984168852,1.48671922342302,29.0217320878146,14590.812
4.2079724851361,1.47637263944197,29.0469637444162,14602.656
4.20840550985791,1.46130643179135,29.0755198563265,14614.593
4.20918044831029,1.44891955265551,29.1023583743109,14626.5
4.20969132428354,1.43740229667962,29.1124023060723,14638.468
4.21023849569263,1.42322097735001,29.1224035320452,14650.796
4.21066294543848,1.41218542568932,29.1438796357593,14663
4.21127285863323,1.39736681316107,29.1655029350748,14675.218
4.21176959757319,1.38726886165164,29.1725798629539,14687.781
4.21156016744409,1.36341817479696,29.1918715615828,14700.187
4.21094617339305,1.34106572710955,29.1910162296733,14712.656
4.21123502558254,1.32817114069576,29.1958608375745,14725.171
4.2115538311923,1.31773027853411,29.2030482334174,14737.718
4.21119972872551,1.29491987019658,29.2030182800855,14750.312
4.21166982663307,1.28053752751111,29.2004859666725,14762.937
4.2117964247986,1.26970930004232,29.2002460895967,14775.656
4.21265445052708,1.25662649570469,29.1913780384652,14788.343
4.21236600717886,1.23557898073946,29.1817029690141,14801.046
4.21187044036862,1.2145837337705,29.1724274416577,14813.14
4.21196472638336,1.20272243263784,29.1584337426862,14825.25
4.21223501798689,1.19137930018592,29.1325240904844,14837.468
4.21259674769641,1.17677319741003,29.125260285598,14849.687
4.21216712466131,1.15383264384893,29.1018805677272,14861.937
4.21227505928258,1.14499846324059,29.0768417122523,14874.234
4.21244652822539,1.13210738568251,29.0479165592434,14886.515
4.21296747013929,1.12034757149551,29.0243355282779,14898.921
4.21214395368934,1.09639235952528,28.992532506565,14911.703
4.21261164346073,1.08442099572199,28.976411152055,14924.312
4.21208076820055,1.06457011148309,28.9444703946392,14936.921
4.21211551981136,1.05379104195586,28.9110028129301,14949.578
4.21250058612259,1.04012893148755,28.8766157771026,14962.234
4.21248638324925,1.02777189425615,28.8356906049316,14974.906
4.21260249652201,1.01339336607754,28.8106258951063,14987.703
4.2130163704444,1.00675004148336,28.7562344135206,15000.5
4.21209608492576,0.985224293406032,28.7197056751212,15013.359
4.21211177329471,0.972259683145166,28.6845612783675,15026.234
4.21211799807197,0.960471420750791,28.6440265279686,15039.109
4.21222169531824,0.947325987281346,28.6188712676882,15052.093
4.21220117003953,0.935466040197623,28.5732129909387,15065.031
4.21217160412735,0.923111353396702,28.5337996167018,15078.062
4.21224027162786,0.914801934335707,28.4941718235398,15091.187
4.2119613051673,0.900156056596974,28.449825973642,15104.265
4.2118621772011,0.891316356720384,28.4096823295904,15117.484
4.21195074097834,0.881387529355844,28.3729398956694,15130.656
4.21222201525665,0.871427422427951,28.3387844896085,15143.89
4.21170948899003,0.85622731620341,28.3035186244589,15157.296
4.21169802478823,0.845432727434418,28.2643666280458,15170.859
4.21157847292264,0.834614133008517,28.2235190798911,15184.437
4.21170462737244,0.824853124467146,28.1902806873529,15198.125
4.21124356152019,0.809946450782999,28.1445205908051,15211.843
4.21094999587499,0.799940640195303,28.1117793795226,15225.562
4.2114885776144,0.789520174575294,28.0770116482638,15239.296
4.2106735755481,0.778060148115332,28.038266435978,15253.156
4.21059723772978,0.765401729019057,27.9874017900046,15267.015
4.21055652871049,0.757658985437127,27.9645353939914,15280.906
4.21011888065224,0.744683154217775,27.9221413495298,15294.828
4.20982650505046,0.731936392171921,27.8915546663316,15308.218
4.20958906314981,0.7224795725184,27.8635942720618,15321.64
4.20918857766676,0.714266491860566,27.8238214903603,15335
4.20954056064209,0.709212720214514,27.7872366716016,15348.39
4.21023049571469,0.709898462007946,27.7595437598533,15361.859
4.20929292446051,0.688830500459946,27.7264347291275,15375.265
4.21000617276502,0.689342335631804,27.6987844398817,15388.875
4.20943378944688,0.673089787204409,27.669001048358,15402.328
4.20920775771826,0.668403650387385,27.6410355809726,15415.984
4.20895372769286,0.653285783745998,27.6003162931214,15429.734
4.20920786148189,0.657462066956364,27.5777795288427,15443.437
4.21015200030387,0.654566543368356,27.5385889272096,15457.187
4.20893816556536,0.634865948281976,27.5120172843263,15471
4.20836481638787,0.62171237745755,27.485610623511,15484.875
4.20799958655728,0.605758510155215,27.4472085681223,15498.843
4.20767949744721,0.600007178259332,27.4233703706864,15512.843
4.20797334466384,0.599485979770805,27.3940879279139,15526.734
4.20854047058542,0.597237004454691,27.3709148255566,15540.75
4.20818541170744,0.588055559922263,27.3467513884703,15554.734
4.20778848458119,0.574068555984301,27.3099816477299,15568.796
4.20719193317928,0.564476434106814,27.2860352472716,15582.984
4.2072390897374,0.555465009162054,27.2626988730927,15597.093
4.20655762023676,0.542494428537857,27.2385607524422,15611.031
4.20597477962982,0.536430694025644,27.2054451197868,15625.062
4.20557963194503,0.521596347815111,27.1882296680941,15639.015
4.20499677503012,0.512078260411161,27.155062951809,15653.062
4.204533626348,0.502777022842542,27.1235071093562,15667.156
4.20461185764735,0.502367003917329,27.1008676458545,15681.203
4.20490545356557,0.502111260670865,27.0622938357035,15695.39
4.20535414371494,0.501209616608591,27.047456169604,15709.609
4.20570605676438,0.4974233016575,27.0139315361607,15723.906
4.20547163382009,0.491236666669993,26.996510823115,15738.25
4.20505781733729,0.478769674773085,26.971070419867,15752.64
4.20458378550196,0.467713673866031,26.943361116574,15767.062
4.20469789407069,0.464719574776482,26.9214970009912,15781.468
4.20513617929023,0.467526693193555,26.8951575005362,15795.906
4.20571818583842,0.467608984959235,26.8786259751922,15809.984
4.20502178302186,0.455595116781879,26.8587959176587,15824.14
4.20459066993788,0.443033754447789,26.8252890662851,15838.328
4.20470692343059,0.446733217175229,26.8026830155405,15852.546
4.20521178297221,0.443573903948519,26.7794238287843,15866.75
4.20542740259619,0.443779614791426,26.7566920783629,15880.984
4.20599113356432,0.440944646880098,26.7346997308603,15895.343
4.20540285482517,0.428765034410669,26.7154351925338,15909.718
4.2050758883508,0.419829377442006,26.6884329097973,15924.156
4.20510945696421,0.420656544681105,26.6688926158846,15938.609
4.20551569713367,0.418794028491297,26.6348941117847,15953.125
4.20607164796752,0.417448816839927,26.6269439013127,15967.718
4.20551414016384,0.406708376293104,26.6017526259708,15982.296
4.20572475336286,0.40838418704806,26.5864071370177,15996.89
4.20513341802786,0.392966742446612,26.5608353205159,16011.546
4.20567966270719,0.394328999305114,26.5519253758373,16026.25
4.20499378539157,0.384098000558936,26.5152177174628,16040.89
4.20521053672215,0.389612736336218,26.4978738005861,16055.562
4.20556719649695,0.383058642326249,26.4769350954554,16070.265
4.20510805606475,0.37287775926848,26.4641857363878,16085.218
4.20530716982278,0.374895491660625,26.438664016126,16100.093
4.20564144690522,0.371736126343035,26.4207877412099,16115.062
4.20516197615979,0.362026115279034,26.40771651161,16130.14
4.20531705818827,0.358014401948992,26.380769223666,16145.14
4.20560825097918,0.361784503090293,26.3608625609333,16160.14
4.20539045626479,0.348408225963218,26.3389543295857,16175.187
4.2052700324785,0.349595515203258,26.3231195327447,16190.312
4.20553193103234,0.350143665707588,26.2897093987467,16205.593
4.20597372144845,0.345264733165424,26.2836833452577,16220.859
4.205676639766,0.337428903730363,26.264591684514,16236.234
4.20510354583096,0.327097514179104,26.2399038439815,16251.578
4.20481190818578,0.328052854693599,26.2242554148767,16266.921
4.20530959362525,0.328610272487946,26.1981233141924,16282.343
4.20554548169967,0.324083165199565,26.1846010017407,16297.859
4.20582620031509,0.327002505927404,26.1625419094598,16312.062
4.20496661966799,0.31352184384493,26.1461414603966,16326.281
4.20533696348488,0.31476099107953,26.1395177409213,16340.609
4.20558640454053,0.314250514318594,26.1215313082245,16355.015
4.20503692924759,0.303980389715955,26.1031913519371,16369.406
4.20529912653071,0.302939858192509,26.0846556207114,16383.796
4.20523432227425,0.299593967642051,26.0705787523321,16398.156
4.20561424753471,0.303564916728644,26.0539176178807,16412.515
4.20484372706287,0.291370228704422,26.0404143973305,16427.031
4.20511747093218,0.292281636483685,26.0214238414685,16441.515
4.20526686662729,0.290161643130825,26.0079683265477,16456.109
4.20546391054096,0.293278668495759,25.9935546733792,16470.765
4.20576580659556,0.291432366138655,25.9746244366898,16485.421
4.20592247572997,0.290789797210992,25.9564663419448,16500.031
4.20644034589204,0.287330580427124,25.9472345055184,16514.687
4.20654455447799,0.290527967098465,25.9280420949634,16529.234
4.2067693536857,0.288306019830211,25.9193952169169,16543.984
4.20625270763137,0.279996890081848,25.9002946262383,16558.843
4.2056920304704,0.267589941370377,25.8879335037753,16573.656
4.2059586725495,0.263139986233099,25.8749445110003,16588.609
4.20583409604053,0.268141007151511,25.8550600713848,16603.546
4.20621084062485,0.266426332905738,25.8470723704418,16618.468
4.20616273289498,0.270900030524717,25.8277905399097,16633.468
4.20642546025426,0.267975234068107,25.8157372973464,16648.546
4.20655943319526,0.266227374943586,25.7991174041813,16663.64
4.20616704754895,0.257633842983229,25.7904672242985,16678.828
4.20523371596639,0.245651456910492,25.7797096647873,16694.062
4.20564006284004,0.244520298390359,25.769802572883,16709.125
4.2054836070646,0.242647894825959,25.7514196348467,16724.406
4.20562005935124,0.243075515157937,25.7325043150746,16739.656
4.20593160170858,0.244729837025068,25.7235426432173,16755.062
4.20598257058935,0.244969461695742,25.716874349814,16770.359
4.20643566174014,0.243897485475077,25.7003695168689,16785.781
4.2064719417728,0.245432290975327,25.6835634085875,16801.203
4.20691480451878,0.243320720565142,25.6796204703083,16816.656
4.20629140485326,0.23101876607395,25.6691809560025,16832.015
4.20649367228885,0.233691458172438,25.6483278858082,16847.406
4.20670103875169,0.232993697677136,25.6430576684257,16863.031
4.20568248569062,0.221963322376296,25.6439014917984,16878.671
4.20492564487272,0.212370019422289,25.6246857668132,16894.421
4.20493912078859,0.210565727979387,25.6060631000217,16910.125
4.20492357918413,0.211603895125762,25.5961612620018,16925.765
4.20524249522826,0.210754959303958,25.5801318409729,16941.562
4.20536757515465,0.208754056457313,25.5724142814645,16957.484
4.20559914483728,0.208844678685862,25.5621927540055,16973.375
4.20557669862364,0.210508562101504,25.5429623158805,16989.375
4.20584537988025,0.21002789755067,25.534729934393,17005.265
4.2057664023628,0.211273230997466,25.5282433849709,17021.343
4.20605748991692,0.209812906767552,25.5157196389194,17037.406
4.20646397122454,0.210185145656996,25.5084812543945,17053.578
4.20666051494966,0.207846209847076,25.4813718559123,17069.765
4.20593777107356,0.196290117011782,25.4779155705417,17086.015
4.20515041988947,0.185704724259156,25.4658161145186,17102.187
4.20517791872782,0.188913397118877,25.4573671007715,17118.484
4.2050891262236,0.188845917104718,25.4463414439712,17134.843
4.20494903724694,0.188118262873048,25.4380927824483,17151.218
4.20546604153775,0.190116695105241,25.4336529085004,17167.656
4.20577696884609,0.187305041158734,25.4125372859319,17184.171
4.20570434329594,0.186374508424071,25.404980224622,17200.781
4.20609372509324,0.186493690781334,25.3901574204773,17217.421
4.206097176133,0.188679772313632,25.3841813709174,17233.859
4.20633163142672,0.183192115810184,25.383025872136,17250.484
4.20637135087354,0.183980348992313,25.3666905060985,17267.171
4.20689944638108,0.18196633366754,25.3558626978069,17283.906
4.20597985962638,0.175288018942978,25.3465222828722,17300.796
4.20556369143519,0.174912521854473,25.3421712671245,17316.468
4.20602633707779,0.172561104576166,25.329490074648,17332.125
4.2063980601949,0.174051612218127,25.3215362861385,17347.812
4.20627534576814,0.172202141907578,25.3152657516382,17363.562
4.20640900745641,0.171632669183385,25.3015551840791,17379.39
4.2068579663168,0.172478322503681,25.2946668311412,17395.343
4.20607817544746,0.159045867318965,25.2875325841267,17411.281
4.20617371857892,0.162409254633748,25.281886761777,17427.234
4.20634754734705,0.158620360015283,25.2814723719853,17443.25
4.20625634038335,0.162493743133533,25.2659767653982,17459.312
4.20651150561978,0.162854709050207,25.260087319004,17475.343
4.20646253149315,0.160356081166612,25.2456791142815,17491.484
4.20719953854066,0.164381678372712,25.240031126494,17507.703
4.20604151530767,0.152010341779641,25.2400491211924,17523.921
4.2061434404844,0.14919732514089,25.2301897136391,17540.171
4.20604358374912,0.150933693957861,25.2221687168479,17556.39
4.2062626969222,0.148563633025526,25.2190918039412,17572.812
4.20617265498608,0.155475215939329,25.2025422550281,17589.171
4.2063515172508,0.147323474294733,25.1955336332891,17605.5
4.20647106885753,0.150521168716124,25.1784999624943,17621.921
4.20687004726557,0.151269180238902,25.1710285141974,17638.39
4.20595228965376,0.140332158302213,25.1668987412773,17654.921
4.20562206615281,0.141040748887185,25.1611200619194,17671.578
4.20598701364718,0.143150708778461,25.1542724897007,17688.218
4.20637224465559,0.140188213749052,25.1486240980125,17704.921
4.2062680017304,0.135565564557872,25.1501334930572,17721.625
4.20645325104116,0.142498559914516,25.1352821102965,17738.406
4.20610208289341,0.140338658362573,25.1305683961025,17755.25
4.20663058719659,0.140328670341935,25.1245503596827,17772
4.20570284812483,0.127089508636178,25.1154717548467,17788.734
4.20568956350946,0.128816179906402,25.1038315649571,17805.593
4.20564905723119,0.131362012711098,25.1010306979537,17822.562
4.20603789694824,0.130730710699177,25.1054909530249,17839.593
4.20591916399965,0.125745522281763,25.091736516599,17856.687
4.20594317355575,0.128838773888085,25.0882098013713,17873.796
4.20645511471192,0.127322144441239,25.074429577792,17891.046
4.20626749733393,0.127280944962571,25.0642837418298,17908.203
4.20632982538937,0.128455807030584,25.0579539116366,17925.406
4.20649585304031,0.129590782372382,25.0435686200384,17942.531
4.20656654689494,0.127976236247399,25.0392688419916,17959.843
4.20601834828662,0.116513066102545,25.0272052759636,17977.328
4.20600899074433,0.117744216206727,25.0267720877468,17994.718
4.2060222006054,0.115002104107886,25.0195790315049,18012.171
4.2058173766432,0.114863349016471,25.0173274677483,18029.656
4.20606844590168,0.118495231879365,25.0068082612882,18047.203
4.20597198931229,0.117754618501009,25.0032929242908,18064.859
4.20621751627745,0.11588227245641,25.0033400969595,18082.515
4.20595933528055,0.113266992190955,24.9965028558201,18100.312
4.20665795118197,0.119102153874215,24.9819902258667,18117.859
4.20632219574274,0.117208236452475,24.9797297915014,18135.625
4.20661885403332,0.11541347417516,24.9760747791196,18153.484
4.20686293945484,0.116655078522241,24.9653798112418,18171.421
4.20682130229073,0.112272847641438,24.9686231217583,18189.484
4.20686064401161,0.116201523762196,24.9595386996633,18207.578
4.20720196282084,0.114330588343995,24.9481214770651,18225.593
4.20735649261345,0.115244772837067,24.9416877943464,18243.671
4.20746329059345,0.113266057445096,24.9350317674562,18261.781
4.20754230217292,0.112540307265539,24.9296667400033,18279.625
4.20775385255779,0.112033427805983,24.9347809078362,18297.843
4.20669504918611,0.102015770563828,24.9273978961141,18315.031
4.20629102991224,0.096313645012764,24.9262611854424,18332.265
4.20602157706299,0.0905928894162403,24.9130396144772,18349.515
4.20630753854283,0.095541771309012,24.9151443859702,18366.734
4.20609343890031,0.0950690746669421,24.9118480972393,18383.921
4.2063187177808,0.0957945812632383,24.909846017558,18401.265
4.20598704120892,0.0913492499571901,24.8969094218596,18418.609
4.20617393718918,0.0933044000946611,24.8910440945759,18435.968
4.2061701801526,0.0927066064395697,24.8880154733606,18453.265
4.20601642113001,0.0892707760388249,24.8792805678934,18470.609
4.2062737694746,0.0900736178783138,24.8690483776337,18488.187
4.20628051439949,0.0946086412633898,24.8797306726107,18505.812
4.20640148018539,0.0915801337695679,24.8759149850526,18523.484
4.20651687680147,0.0935724914820409,24.8698494157865,18541.171
4.20667525442523,0.0944311509706708,24.8682021980152,18558.953
4.20573380140183,0.0812183989132079,24.8616784266128,18576.75
4.20593174394938,0.0833125241809011,24.8520780976463,18594.546
4.20568635791125,0.0826045528232281,24.8433948404198,18612.328
4.20561571572982,0.0818847646500354,24.8403301184143,18630.25
4.20580243513096,0.0811186714912377,24.8399203254269,18647.875
4.20586717457845,0.0798239001561073,24.8432917310112,18665.921
4.20592585798377,0.0831771922702387,24.8311077536666,18683.812
4.20595164496874,0.0812743450059601,24.8325235917947,18701.906
4.20589120218701,0.0847490996789835,24.8231060284215,18720.031
4.20615305321248,0.0796590395487263,24.8162336243465,18738.218
4.20630485707559,0.0796552631204807,24.8200655184529,18756.484
4.20649913849859,0.0819973191397042,24.8095878416534,18774.796
4.2064045038976,0.0815493116434393,24.8024944047052,18793.14
4.20645361520297,0.0813513930825338,24.8105956832969,18811.546
4.20659650978065,0.080045733248602,24.8128067316279,18829.953
4.20596884816023,0.0723546377198039,24.7946382385025,18848.421
4.20590966258068,0.0683211410650135,24.8025576832372,18866.859
4.20552252287369,0.0715434880129061,24.7920774184175,18885.421
4.20551261352807,0.0721907931279474,24.7881796774587,18903.984
4.20553827879829,0.0699727998419218,24.7848153727334,18922.687
4.20583888756593,0.0724980763227173,24.7789542128493,18941.421
4.20592195569681,0.0669455150855191,24.7767066964406,18960.171
4.20591588005699,0.0685621410073275,24.7724501316901,18978.984
4.20586371881108,0.0707875359031671,24.7853952557524,18997.843
4.20566732297944,0.0719811069452496,24.7581369020615,19016.656
4.20579507240074,0.0714300394555238,24.7605978803422,19035.609
4.20604562174532,0.0728536211860599,24.7630321410797,19054.609
4.20603870775011,0.0728141521788214,24.7506675699771,19073.578
4.20577180703133,0.0753182066551967,24.7529256353269,19092.578
4.20624898279782,0.069735199446237,24.7548524776508,19111.703
4.20653024007685,0.0696306256287651,24.7449307818032,19130.734
4.20630445987131,0.069445532863015,24.7433569718586,19149.843
4.20640013162654,0.0746402614850412,24.7388375410892,19169.109
4.20636518289824,0.0700169456552965,24.7330657658427,19188.5
4.20631975102103,0.0696132364257771,24.7255436261339,19207.796
4.20705992110614,0.0656102425459809,24.7237860679529,19227.156
4.20604388153123,0.0600047271294504,24.7176663991957,19246.578
4.20611427866856,0.057132100723891,24.7217668729187,19266.109
4.20569813510884,0.0637873774335702,24.7243806901541,19285.64
4.20570210092539,0.0606555070778104,24.7144886847976,19305.281
4.20600270780156,0.0549447571707099,24.7140384647758,19323.718
4.20600341582129,0.0590562389103868,24.7171522989731,19342.187
4.20582876404826,0.0574031272269408,24.7018142711267,19360.734
4.20583754515966,0.0563460480235104,24.7093775937213,19379.296
4.20607203537909,0.0573892400921813,24.7155570022458,19397.906
4.20607329653944,0.0605992868241104,24.7020968466668,19416.562
4.20627678210721,0.0599865675598936,24.7003441044296,19435.234
4.20620490656236,0.056175260197955,24.6978704518627,19454.015
4.20653667309811,0.0548460543576601,24.6957077305926,19472.812
4.20650528229758,0.0580959656437254,24.6938583106545,19491.593
4.20642928232516,0.0563394848748549,24.6892960901793,19510.484
4.20654591359347,0.0570357422918973,24.6813635428793,19529.39
4.20643159528559,0.0584424095488224,24.6849651889492,19548.359
4.20658183330044,0.0577514047876244,24.6799456352085,19567.328
4.20574116323283,0.0450693096060094,24.6765182841495,19586.375
4.20552737576451,0.048672425335466,24.6825670460127,19605.453
4.20586732629057,0.0487324631636525,24.681903376764,19624.64
4.20573416598834,0.0494991558104857,24.6718181298554,19643.812
4.20590444811867,0.0470453852381214,24.6684740534729,19663.109
4.20584927762805,0.0453923414223327,24.6661357619251,19682.468
4.20566056943139,0.0463723908344241,24.672255291026,19701.859
4.20557948747443,0.0473730367341064,24.6628555689334,19721.25
4.20592869670335,0.0483487516539196,24.6612023446404,19740.703
4.20576703228178,0.0481478524038418,24.6602502432019,19760.109
4.2058509809445,0.0492734015027468,24.6571150541404,19779.718
4.20596506739135,0.0489248173479189,24.6508941229023,19799.25
4.20606046939521,0.0482514927494209,24.6478608789088,19818.875
4.20593968621658,0.0458729964128803,24.6592913427779,19838.484
4.20600007947495,0.0526845545438252,24.6442905238508,19858.281
4.20620396780296,0.0475476638320172,24.6434236382377,19878.015
4.20602425511752,0.045971513305475,24.6477866913742,19897.734
4.20614562479175,0.0468018038476323,24.6475044557294,19917.531
4.20597007170192,0.0461421343502217,24.6390352466658,19937.375
4.2062677177394,0.0474032558317008,24.6359501203045,19957.437
4.20628768762506,0.0475722751785159,24.6389538918591,19977.531
4.20624134781878,0.0463424728397769,24.6386527360626,19997.562
4.20641998243069,0.0472093643336436,24.6368762798204,20017.718
4.2064220880631,0.0471595594054505,24.6221727735814,20037.781
4.2063309036876,0.0440893284416313,24.6294341087642,20058.031
4.20684016104028,0.0452758013549283,24.632293696538,20078.265
4.20610010508841,0.0354250668561939,24.6183838547282,20098.593
4.20565407873268,0.0363366387296554,24.6269231363636,20118.906
4.20553333069467,0.0364177842179627,24.6239346164002,20139.265
4.20552715581386,0.0368876580479268,24.6272993983982,20159.734
4.20526231808507,0.0341753028569991,24.621317279172,20180.218
4.20555934411399,0.0357969522088436,24.6230482448347,20200.75
4.20560762237089,0.0353800115604609,24.6169899460684,20221.234
4.20554237131446,0.0346602603300555,24.6160721451372,20241.859
4.20564606159823,0.0330379259946388,24.6083768124484,20262.515
4.20556984497563,0.0353394041305942,24.6049825766809,20283.171
4.20529447786343,0.0363101150690929,24.6043455066621,20303.859
4.20574454614399,0.0389516641691988,24.598528689849,20323.546
4.20580932405727,0.0384236756382621,24.6017008781041,20343.25
4.20574340609003,0.0362271995665076,24.5918469221076,20362.968
4.20572231610365,0.034235342082165,24.5885979266366,20382.812
4.20565253961816,0.0337597430665084,24.5823160611406,20402.687
4.20594870518543,0.0331365699747845,24.5847500494696,20422.64
4.20568388790833,0.0393167347672269,24.5890093242432,20442.265
4.20587838396956,0.0348940861756245,24.591907932738,20461.843
4.20581619679633,0.0375420740542247,24.58873669597,20481.468
4.20598507954081,0.0337052055173268,24.5856612274165,20501.171
4.20588441157599,0.0363846531322742,24.574371084071,20521.046
4.20580532757494,0.0341056384998641,24.5760488925942,20540.968
4.20617525983248,0.0338581815542177,24.5702025458786,20560.843
4.20619568872657,0.0337639827494218,24.5755234747459,20580.734
4.20625218267465,0.0337892632001232,24.5792661161274,20600.671
4.2061867352319,0.0330093872800406,24.5778075265434,20620.64
4.20612907278832,0.0351580746754825,24.5767887004448,20640.656
4.20620937716441,0.0353079196619358,24.5734005161674,20660.687
4.20616701541861,0.0358016227435291,24.572487709517,20680.906
4.20639215271685,0.0340068404250494,24.5691380700416,20701.203
4.20593877130744,0.0369512779635014,24.5697247031845,20721.406
4.20656893782346,0.0345360349226679,24.5626692633972,20741.718
4.20649205653323,0.0326496409317022,24.5619450130893,20762.078
4.20651416376747,0.033609368605618,24.5632657857307,20782.5
4.2064643408137,0.0326238923916433,24.5682528156319,20802.968
4.20663355795374,0.0363435344593229,24.5604997205956,20823.39
4.20666377089626,0.0322155751836714,24.5585533442801,20843.921
4.2066916145946,0.0330684639231442,24.5571476342643,20864.437
4.20635895821427,0.0318445039525699,24.5616615020355,20885.125
4.20657157562625,0.0312699001374932,24.5464012983667,20905.843
4.2067074803111,0.0324521180785532,24.5591859562202,20926.5
4.20668200919767,0.0299559946804188,24.5537513022859,20947.218
4.2071460871794,0.0342890386288719,24.5576567787128,20968.031
4.2070686774178,0.034515332404707,24.5511047005052,20988.859
4.20708813781078,0.0346226700698614,24.5678317687822,21009.781
4.20689361235889,0.0313073840164639,24.5599339978336,21030.718
4.20683717200217,0.0340465132966882,24.548835635108,21051.687
4.20709897563508,0.03478417084046,24.5520780221257,21072.703
4.20722773420991,0.030293793574914,24.544181066971,21093.89
4.20717811561195,0.0308967486162309,24.5452490439631,21115.093
4.20725957492279,0.033295825915778,24.5389683128357,21136.171
4.2071363748785,0.0316546683761784,24.5408277304913,21157.39
4.20719497270264,0.0321195024813483,24.5443598742902,21178.687
4.20727864791826,0.0274979394065891,24.545132794296,21200.031
4.20713397517214,0.0325081679751688,24.5433488596748,21221.281
4.20733849335047,0.0327228727364807,24.5401276911816,21242.656
4.20768954693609,0.0316879864881698,24.5429236809797,21264.109
4.20653981899034,0.0230670519520089,24.5337675582323,21285.546
4.20637088862375,0.0228001745785006,24.5351028063419,21307.031
4.20595865159851,0.020724882810709,24.5379754710908,21326.546
4.20631642345281,0.0245398008432645,24.5333912903225,21346.093
4.20651959166457,0.0233436270496864,24.5285152004371,21365.656
4.20664156451782,0.0257990760823833,24.5295317598498,21385.203
4.20558204159877,0.0109457625906225,24.5334378884511,21404.937
4.12906738089323,0.00285429610224935,24.8680502005683,21424.64
4.16480028316043,-5.47756094205727e-05,25.1757554745308,21444.375
4.17410458530959,-0.00347587402015842,25.1993558026294,21464.093
4.17902432442207,-0.00404125425034745,25.1789811188295,21483.875
4.18214211114383,-0.00261768158458978,25.1577248785512,21503.64
4.18405987483671,-0.00585757025660275,25.1401845798981,21523.484
4.18552012854258,-0.00201113611173054,25.1322016023746,21543.406
4.18593849246095,0.00130876016881887,25.1050722733168,21563.328
4.18713867548481,-0.000837728548788343,25.0849121213279,21583.39
4.18735900595873,-0.0001661849074593,25.077343915753,21603.453
4.18803003713874,0.000533098204932695,25.0609053199789,21623.562
4.18814960282872,-0.0024053964847417,25.0426003382987,21643.593
4.18836182924928,-0.000884572267879076,25.0269248688488,21663.781
4.18837061381971,-0.00184987418555211,25.0133481430244,21683.921
4.18864051303611,-0.00377766620151825,25.005903159268,21704.203
4.18888518354125,-0.00394001131718575,24.9899773128487,21724.437
4.18887031407869,0.00219739259281635,24.9827170879197,21744.75
4.18918185860772,-0.00428158499953052,24.9690789659678,21765.109
4.18907996462003,0.000788529981507901,24.9566483083859,21785.562
4.18906184108551,-0.00183322363389314,24.9499520335793,21806.109
4.18977321384661,2.12511798108076e-05,24.6977519357293,21807.109
4.1888813802791,-0.000879471266340727,24.685948163596,21823.781
3.97915670481403,-2.01465403121755,24.7381320836957,21842.812
3.95692418189976,-2.01370334502855,24.8970708143898,21860.937
3.94005383903764,-2.01279705188151,25.0847500526479,21879
3.92609559525109,-2.01127253875064,25.2646292760759,21897.156
3.91431914599392,-2.01162141739134,25.4541895305045,21915.422
3.90387308760485,-2.01258001954657,25.6458958203159,21933.5
3.89466158820666,-2.01338887353671,25.8331131708057,21951.734
3.88613136163628,-2.00970626161112,26.0252707706718,21969.828
3.87816368953955,-2.01230205652846,26.1985649275788,21988.062
3.87063485330999,-2.01514991764918,26.3747516119115,22006.125
3.86368451981456,-2.01444542649629,26.5676786911575,22024.406
3.85710447533125,-2.01298457670089,26.7408544380879,22042.578
3.85076206433054,-2.01299075932395,26.9109214332703,22060.844
3.84465289394362,-2.01290973228242,27.08152146195,22078.922
3.83882596566234,-2.01313699346091,27.2557355233249,22097.172
3.83306264654902,-2.015490249621,27.4082143618202,22115.375
3.82771135283844,-2.01332453234535,27.5658220396653,22133.531
3.82251633839596,-2.01456404331919,27.7390649669079,22151.703
3.81738838595983,-2.01270660312503,27.8958886283775,22169.891
3.8124135100229,-2.01579390532156,28.0449068960307,22188.125
3.80719107196535,-2.01192881614883,28.2006901494217,22206.359
3.80246050526167,-2.01373211247959,28.3416695627609,22224.531
3.79735793127958,-2.01215675435526,28.5011012842445,22242.672
3.79256484896708,-2.01048314181807,28.6433005850114,22260.859
3.78769384580467,-2.01157860733592,28.7826594406385,22279.141
3.78267928436688,-2.0123674886017,28.9243642093845,22297.437
3.77788332197127,-2.01248648067235,29.0500581029145,22315.625
3.77278907040883,-2.01067238633944,29.1767399639159,22333.75
3.76811259236578,-2.01193741105159,29.2826675531795,22352
3.76342040245702,-2.01682054290145,29.409699409202,22370.187
3.75882310736174,-2.01218145029115,29.5246936128833,22388.344
3.75445766446479,-2.01365723806193,29.623566886658,22406.609
3.75002026843124,-2.01197950022704,29.7115158269012,22424.812
3.74562623202063,-2.01209576368279,29.7917739662236,22443.141
3.7412772040257,-2.01367116739699,29.8851164555213,22461.281
3.73716760928781,-2.01410194276763,29.9580035610426,22479.453
3.73308126615078,-2.0124500999274,30.0317967175007,22497.656
3.72907946469789,-2.0123401949872,30.0925491035826,22515.953
3.72502103992106,-2.01250157807154,30.1488277011684,22534.156
3.72089881213036,-2.01186981945891,30.209811008449,22552.375
3.71710973006507,-2.01043686366635,30.2744357480528,22570.812
3.71318680526432,-2.01333013266532,30.3266117166051,22589.109
3.7092345016455,-2.01257044824293,30.3708172609278,22607.359
3.70540647274281,-2.01073884416894,30.4114816147238,22625.672
3.70125174634268,-2.0123171837264,30.4513192359953,22644.062
3.69747161074653,-2.01391757382779,30.5004370263287,22662.453
3.69363331121753,-2.01347552081468,30.5354627443765,22680.687
3.68983571902464,-2.01067743954728,30.5795312131909,22698.937
3.68592410235273,-2.01267621330247,30.6260299954255,22717.359
3.68216640242274,-2.01028509536543,30.6750856647546,22735.734
3.67821426023281,-2.01179512075669,30.7295535584897,22754.109
3.67465797524142,-2.01194021669952,30.7740866763822,22772.453
3.67095608773872,-2.01457482955585,30.8099411388178,22790.797
3.66742567684995,-2.01223526938216,30.8736765891901,22809.109
3.66378458392333,-2.01272603687386,30.9334734538224,22827.453
3.66024143739687,-2.01216376050352,30.9769713383579,22845.812
3.65674621984502,-2.01380248133821,31.0295128822776,22864.187
3.65305435354433,-2.01239974890524,31.0791753112102,22882.531
3.64966615888454,-2.01271397490799,31.1299391561348,22900.859
3.64632605981774,-2.01031460843544,31.1853584287737,22919.172
3.64285510251911,-2.01233475689822,31.2438839585605,22937.594
3.63958476653654,-2.00900713786377,31.2844741571007,22955.859
3.63589583673964,-2.01357525675443,31.3308052498911,22974.203
3.63267293225079,-2.01345084295254,31.3846032199809,22992.547
3.6293561291053,-2.01315327532222,31.4462026473435,23010.984
3.62604805042852,-2.01149414017973,31.4895111247683,23029.281
3.62257782064575,-2.01128438335765,31.5485922292291,23047.672
3.61943150484475,-2.01010564307741,31.6005805803609,23066.203
3.61613278322198,-2.01258485317569,31.6469965672464,23084.562
3.61287109296199,-2.01434461387369,31.7139909557141,23102.953
3.60977073514384,-2.01563090413612,31.7508955353675,23121.5
3.60626303059466,-2.01137617880321,31.8142323884066,23139.875
3.60320730044034,-2.01279759331323,31.8599924018316,23158.344
3.60010994954015,-2.01198702294559,31.91161044876,23176.797
3.59697378255833,-2.01453617828744,31.9642306863652,23195.25
3.59394365971345,-2.01183144347514,32.0126648814607,23213.719
3.59084621253224,-2.0145654077258,32.0568687824487,23232.297
3.58774334116155,-2.01446235438761,32.1042778799674,23250.812
3.58466897365137,-2.01238978343991,32.1613795364813,23269.391
3.58179675767894,-2.01428484117491,32.221892082693,23287.781
3.5786281442657,-2.01073768919383,32.2628199692773,23306.312
3.5758298253211,-2.01218723117821,32.304541473906,23324.875
3.5728178969401,-2.01584632095288,32.3508024436715,23343.422
3.56974268083935,-2.01238457093652,32.396655495373,23361.937
3.56683294055801,-2.01258957620396,32.4507230270745,23380.531
3.56408610391319,-2.01183577974349,32.5046006414406,23399.078
3.56099380249461,-2.01314653517006,32.5457098372746,23417.641
3.55833233071005,-2.01275361344105,32.5887037887925,23436.344
3.55553212861491,-2.01318083360467,32.6285734874077,23454.953
3.55291404136396,-2.01026651420898,32.6765429132504,23473.609
3.55030456862959,-2.01555465523566,32.7215963946901,23492.203
3.54722655603349,-2.01352704225583,32.7770273736267,23510.828
3.54468992396154,-2.01236795054806,32.8167282762965,23529.453
3.54198909267301,-2.01207492286551,32.8589294735007,23548.125
3.53951367974047,-2.01343863330208,32.9151803979997,23566.812
3.53687742147609,-2.01155695818753,32.9449466563372,23585.469
3.53459602817501,-2.01077211599099,32.9926241042483,23604.078
3.53189746628341,-2.01252775397548,33.0383739016439,23622.734
3.52964910253504,-2.01190077520033,33.0736978407148,23641.406
3.52720328579523,-2.01456201262384,33.1221483550403,23660.062
3.52503174570972,-2.01303062178332,33.1646761808748,23678.766
3.5225856804072,-2.01258735100485,33.2041401201914,23697.422
3.52008743270252,-2.01169515064679,33.2553069656687,23716.281
3.51791631926431,-2.01453503293097,33.2920032690534,23734.984
3.51604217952126,-2.01410847168066,33.3470616114618,23753.781
3.51388710879101,-2.01354289762445,33.3894928784341,23772.516
3.51172882928127,-2.01219850668026,33.4264163966727,23791.297
3.50948656590789,-2.01317979586973,33.4734667031902,23810.016
3.50735407691786,-2.01372059444676,33.5201498365837,23828.734
3.50549635939667,-2.01467382365678,33.5534539413008,23847.469
3.50370182326263,-2.01125046479119,33.5981212810918,23866.187
3.50161466511833,-2.01038420365155,33.6439535276686,23884.969
3.50006609900076,-2.01300095672862,33.7003760844611,23903.75
3.49795316916649,-2.00968335209837,33.7472143369524,23922.797
3.49592443696798,-2.01416593294351,33.7917473304294,23941.703
3.49429091348552,-2.01545920655731,33.8324173197782,23960.672
3.49217866381462,-2.01190794527361,33.8781827233658,23979.516
3.49043923137743,-2.01114362324549,33.933735854051,23998.359
3.48882382446829,-2.01152647421055,33.9786688015156,24017.219
3.48660097938986,-2.01136340396582,34.0379515067188,24036.047
3.48500291498121,-2.01149571918572,34.078340559359,24055.062
3.482830047934,-2.01155329639661,34.1314894792697,24073.984
3.48088980864152,-2.00882939462728,34.1823939577711,24093.109
3.47898462350998,-2.01252416548513,34.2246181271903,24112.141
3.4770033498203,-2.0135416265842,34.2796263983213,24131.094
3.47515056459579,-2.01319987869435,34.3270804398173,24150.016
3.47325496848567,-2.01337164618312,34.3875450858693,24169.125
3.4711195254869,-2.01246541613008,34.4408022285122,24188.234
3.46898698509362,-2.01244398977604,34.4904350949562,24207.187
3.46702442428633,-2.0119023019627,34.5471196237679,24226.172
3.46493627252793,-2.0119096757771,34.6064889647048,24245.187
3.46237014590274,-2.01411914026085,34.6559493629744,24264.281
3.46032258989506,-2.01258781234257,34.7156725153648,24283.375
3.45799823709731,-2.01174464571773,34.7859573751564,24302.469
3.45574504821859,-2.01034097794012,34.8525649012496,24321.547
3.45328386409141,-2.0131155413583,34.9049784462222,24340.547
3.45098841961067,-2.01492133987106,34.9582114600879,24359.625
3.44842620687734,-2.01423163255455,35.0234914713,24378.687
3.44574223891163,-2.01123350753311,35.090232934205,24397.844
3.44330219446643,-2.01338663136405,35.1519540984384,24416.922
3.44078971954062,-2.01355971476793,35.2175924015044,24436.078
3.43755021325709,-2.01287724250297,35.2899857771456,24455.375
3.43486338434505,-2.01266356317196,35.3594729959034,24474.625
3.43175836694429,-2.011369132254,35.4315896891526,24493.844
3.42854210158567,-2.01247749533738,35.5088379533764,24513.156
3.42518938198246,-2.014338644458,35.5770291966428,24532.437
3.42187794875845,-2.01317835308669,35.6463521185041,24551.812
3.41827255464187,-2.01564978650446,35.7286580426582,24571.016
3.41462751347306,-2.01255983858521,35.7988779604059,24590.156
3.41086608311083,-2.01179242134602,35.8751717382559,24609.453
3.40691765939658,-2.01176508426716,35.954695923855,24628.75
3.40255516421398,-2.01053677639004,36.0172001605545,24648.031
3.3978276437398,-2.00948400253771,36.0976646582792,24667.516
3.39342099185095,-2.01108530172582,36.1823047724244,24686.875
3.38810350435798,-2.00973138362064,36.2466547135635,24706.25
3.38243793993499,-2.01429885814261,36.3314379485482,24725.547
3.37619591470665,-2.00923606004642,36.4129252861722,24745.031
3.36956489575653,-2.01158246243711,36.4960806131139,24764.516
3.36203080158707,-2.01439021818056,36.5796369016566,24783.922
3.35378132811308,-2.01446543824987,36.6599249096007,24803.297
3.34423547580501,-2.01325160081781,36.7410580738608,24822.75
3.33358238088461,-2.0100883671959,36.8445290636075,24842.203
3.32132552656667,-2.01063897016743,36.9415701721071,24861.687
3.3072115855506,-2.01245122242629,37.0417798384786,24881.125
3.29087762520424,-2.01169518477034,37.1493196499011,24900.641
3.27239209767631,-2.01194408451555,37.2379536416099,24920.203
3.25060537159087,-2.01362226332666,37.3692950727907,24939.75
3.22631970200791,-2.01170830227243,37.4800915634442,24959.344
3.19810323718904,-2.01229452084876,37.6077822561301,24978.875
3.16567063593681,-2.0114272213299,37.7480894875349,24998.359
3.12795141033021,-2.01163402180317,37.8869883506087,25017.812
3.0833135847148,-2.01033892674128,38.0200761469498,25037.484
3.03043105359015,-2.01162954244906,38.1792732994632,25057.141
2.96520147098385,-2.01277192827476,38.3456277316658,25076.797
2.87829076150213,-2.01396673099888,38.5232833169634,25096.641
2.75786842219349,-2.01368630945163,38.7078373480526,25116.297
2.58720872894073,-2.01095989111356,38.9345898962704,25135.937
2.98758629879392,-8.25168765306453e-05,39.033397966787,25155.844
3.06616344114231,-0.00276919733686807,38.7975899868487,25175.797
3.1172367591856,0.000486650915713571,38.4969358161682,25195.844
3.15336164506985,0.00156966374768591,38.1935265513553,25215.859
3.18000260054684,-0.00028266792395542,37.8691273445059,25235.828
3.20089112138302,0.00188301780630782,37.5440786141469,25255.906
3.21769987587239,0.00134874742281972,37.2173386182034,25276.062
3.23201453482994,-0.0031653147597515,36.909254609862,25296.328
3.24425218899791,-0.000895234397078224,36.5859366421373,25316.719
3.25458458490818,-0.00266517201327566,36.2879580817419,25336.937
3.26375221481155,-0.00241107009020505,35.9935018115629,25357.266
3.27186464694437,0.00292740335908034,35.7134064184722,25377.562
3.2787679080153,-0.0070119118083831,35.4329425953362,25397.906
3.28479808229239,-0.00254828177434115,35.167388903734,25418.281
3.29048406219031,-0.00187219004772708,34.9024992614673,25438.547
3.29560914209319,-0.00167557715443261,34.6415628450641,25458.984
3.30024488712225,-0.000447552579117187,34.3921365871887,25479.453
4.19832028826495,0.00152691090551174,24.332016492732,25480.453
4.19774701890135,0.00515912391663653,24.3398795742701,25489.813
3.99563683266376,-2.00987142519925,24.3613111771809,25500
3.97766192274651,-2.01329358451371,24.4261347351625,25509.375
3.96373775839629,-2.01138032137677,24.5196783995297,25518.719
3.95179610815403,-2.01451593360855,24.611099387938,25528.109
3.94111362494454,-2.01154987169998,24.7102148087242,25537.547
3.93182966556336,-2.01264623967752,24.8190302792077,25546.938
3.92287742565627,-2.0132743268816,24.9211795667766,25556.281
3.91527651555164,-2.01381316190312,25.0244898280446,25565.609
3.90834278249776,-2.01279254256628,25.1325670251519,25575.047
3.90153791483722,-2.01427781089754,25.2458062176717,25584.406
3.89492619419633,-2.01266694925096,25.357138848964,25593.797
3.88899514198698,-2.01517403294395,25.4639536119672,25603.188
3.88360403431084,-2.01270062992405,25.5684986459675,25612.563
3.87831921790904,-2.01581326457159,25.6671950225166,25621.922
3.8732347219058,-2.01060989411226,25.7651544944138,25631.281
3.86836634800738,-2.01288374624214,25.8802701243726,25640.609
3.86388964520438,-2.01117547208451,25.9918254441244,25649.969
3.85935709466603,-2.01691161388111,26.0887576953563,25659.359
3.85525563955937,-2.01451925927407,26.192753459253,25668.703
3.85098632429082,-2.01160929286619,26.3020863760979,25678.047
3.84709437522211,-2.01456680042379,26.4042166939421,25687.469
3.84333094109166,-2.0154689658624,26.5062430061514,25696.828
3.83965297157522,-2.01512027782951,26.6111329841443,25706.219
3.83632370013966,-2.01385099735322,26.7154326482664,25715.578
3.83282208002926,-2.01640008819646,26.8294159055415,25724.922
3.8292340120156,-2.0138897279176,26.9329877221673,25734.297
3.82606835919924,-2.0153999347368,27.0231649791407,25743.656
3.82267185334368,-2.01401048756883,27.1183317254144,25753
3.81973630622986,-2.01038861590127,27.2236285188534,25762.359
3.81654571366832,-2.01099660469293,27.3192289633536,25771.781
3.81349508664206,-2.01534271590681,27.4222767230094,25781.094
3.81027895729436,-2.01390099267327,27.5201263869669,25790.531
3.80731839097052,-2.01113232014995,27.6110886967944,25799.906
3.80426503815096,-2.01336975921747,27.7146307747738,25809.234
3.80111821123189,-2.01308264484477,27.8081255734813,25818.641
3.79791789750886,-2.01229668265851,27.9039153468987,25827.984
3.7948971212789,-2.0131140134021,28.0001396481342,25837.313
3.79171838198036,-2.0144122377749,28.095404634448,25846.688
3.78857974250489,-2.01408362803337,28.1869198963181,25856.078
3.78562479594664,-2.01104864454171,28.2898311474403,25865.484
3.78188837236898,-2.01235274854613,28.3701213786338,25874.828
3.77869404922415,-2.01223152715523,28.4615508151438,25884.203
3.77535375361205,-2.01398205244185,28.5527620375415,25893.531
3.77207653389315,-2.01317556818883,28.6352291806884,25902.906
3.76881378453087,-2.01409069503959,28.7336369018868,25912.281
3.7653092916962,-2.01414345000338,28.8199260202179,25921.688
3.76188303398414,-2.01295966403278,28.9020473942836,25931.047
3.7586397251543,-2.00988589535839,28.9809884012589,25940.422
3.75536855721405,-2.01517293581024,29.0643008113986,25949.781
3.75174768673884,-2.01237609661164,29.1577439528466,25959.172
3.74843165490497,-2.01311695513011,29.2262600330303,25968.563
3.74505918008145,-2.01104247678553,29.3015182755898,25977.922
3.74174484734231,-2.01076988425339,29.3721114237924,25987.313
3.73826412455129,-2.01158948409373,29.4417261839391,25996.734
3.73500986350216,-2.01190879373351,29.5091900068108,26006.156
3.73176187945183,-2.01212551755638,29.5666976451035,26015.531
3.72847938340839,-2.01292586447177,29.6107231949333,26024.891
3.72534886153899,-2.01462828089276,29.6744165300489,26034.25
3.72215692328206,-2.01546831165326,29.7152812785792,26043.594
3.7192113584515,-2.01221760474991,29.753743108907,26052.969
3.7160154010374,-2.01380992961076,29.8000144274165,26062.281
3.71290180712242,-2.00980245391874,29.8214931085983,26071.703
3.70995159904333,-2.01122461197646,29.868717927127,26081.063
3.70705587913537,-2.01348547717328,29.9004465117011,26090.469
3.70417414628361,-2.01213648383073,29.924751076614,26099.813
3.70123406540239,-2.01266447069575,29.9307651812656,26109.172
3.69835283075235,-2.01071042289346,29.9647356702959,26118.547
3.69551387446144,-2.01121150206315,29.9934137907106,26127.938
3.6927442795846,-2.01502346037208,30.0072447124962,26137.328
3.6899255629189,-2.01145330068797,30.0278327710959,26146.688
3.68732729883023,-2.01379758046059,30.0346679130278,26156.078
3.68420490335062,-2.01306657294475,30.0379000573345,26165.406
3.68164714035037,-2.01493780911748,30.0624117655706,26174.797
3.67901433646106,-2.01542658228959,30.0730445177535,26184.172
3.6762127608842,-2.0108146206809,30.0918183016538,26193.516
3.67359865543641,-2.01018126251558,30.0925354522973,26202.875
3.67092728515008,-2.0117727884883,30.1015732658619,26212.266
3.66836816797494,-2.01389075651361,30.1261479126101,26221.625
3.66566754053456,-2.01253517630109,30.1169955084251,26230.984
3.66315102121572,-2.01101731183169,30.1433114393993,26240.313
3.66040842472263,-2.01167478508097,30.1459641466352,26249.719
3.65796583348699,-2.01072513817593,30.1545083469465,26259.141
3.65515453954403,-2.01415247693708,30.1778848661299,26268.469
3.65263019030122,-2.01286145533296,30.1894115870731,26277.859
3.6501433538704,-2.01136107832333,30.2061223281964,26287.234
3.64749554637794,-2.01184019030376,30.2231080631446,26296.594
3.64490239338698,-2.01173995710858,30.2461777177887,26305.938
3.64251189871768,-2.01435307872817,30.2642399774258,26315.297
3.63989325398628,-2.01379163574876,30.2780260463032,26324.688
3.63761696498698,-2.01043695665714,30.3025988047764,26334.016
3.63506521256468,-2.01285645246519,30.3256605246918,26343.422
3.63258585914413,-2.01193980918117,30.3578672534746,26352.781
3.63017052028253,-2.01333920175666,30.3731756749056,26362.094
3.6276788999432,-2.01075402574648,30.4038291786037,26371.531
3.62532807493603,-2.01439224890653,30.4344635572636,26380.875
3.62294159127883,-2.01226002950789,30.4548243237513,26390.25
3.62062032423854,-2.01241130133601,30.491646581267,26399.625
3.61813908979303,-2.01265526928952,30.521424165861,26408.969
3.61575933080042,-2.01461744431578,30.5469716149192,26418.375
3.61341369491442,-2.01113378389468,30.5893135466806,26427.766
3.61120399997248,-2.01349522414029,30.6150147772709,26437.141
3.6089682924492,-2.01277997126832,30.6455697841535,26446.5
3.60651038863277,-2.01352019268044,30.6825224989947,26455.859
3.60426683813997,-2.01170485568521,30.7221604794422,26465.219
3.60205239492527,-2.01138689990247,30.7577340903202,26474.578
3.59971594596009,-2.01306634050583,30.7868156258384,26483.922
3.59769174926259,-2.01091287554437,30.8188739586093,26493.25
3.5955103064505,-2.01405731552515,30.8576185478564,26502.656
3.5933183153495,-2.01289726560684,30.9073889675694,26512.016
3.59104280731782,-2.01258364708287,30.9499279385569,26521.391
3.58866904946642,-2.01269102972048,30.977079595803,26530.75
3.58675880429337,-2.01238564640452,31.0121286300828,26540.125
3.5845140967629,-2.01474627196531,31.0585029153312,26549.5
3.58233272258001,-2.01324607458255,31.1002955460286,26558.875
3.58014966299606,-2.01361425316211,31.1415317712485,26568.25
3.57826274553885,-2.01266569980287,31.1884096263344,26577.609
3.57625635237796,-2.01072839072161,31.2151694068868,26586.984
3.57416358080688,-2.01193101144084,31.2536440245095,26596.344
3.57216112073972,-2.01295282815123,31.2919972397118,26605.75
3.56996136894543,-2.01034621420379,31.329131915916,26615.109
3.56800868607396,-2.01345634585922,31.3707083712077,26624.484
3.56604742695939,-2.01371953789596,31.410636937403,26633.859
3.56397726331644,-2.01385472555637,31.4440247299521,26643.172
3.56207761713499,-2.01336081652168,31.4966914172099,26652.578
3.56024412929838,-2.01076739732349,31.5284189579014,26661.922
3.55819555401397,-2.01638947402631,31.5670968139726,26671.313
3.55641728882413,-2.01310601912003,31.6145465172981,26680.656
3.55425151151161,-2.01282787764939,31.6433811870425,26690
3.55244453774369,-2.01356061380196,31.6832474078257,26699.406
3.55057287878835,-2.01491771929213,31.7221170906122,26708.75
3.54856048843639,-2.01390384735647,31.7706179571742,26718.141
3.546948991232,-2.01226251013555,31.8079150122714,26727.5
3.54490340455509,-2.01472341183815,31.8441583554646,26736.875
3.5434187197912,-2.0118716256283,31.8803031489782,26746.219
3.54128828458598,-2.01462554039714,31.9155147019477,26755.625
3.53973581122176,-2.01420068446237,31.9610719347384,26764.984
3.53791651209893,-2.01331391003788,32.0042690146069,26774.344
3.5362958107547,-2.01142357560776,32.0353352797328,26783.703
3.5343660587925,-2.0113400606642,32.0855409776751,26793.078
3.53256065101711,-2.01451249897397,32.122097783294,26802.469
3.53083325005174,-2.01228488373088,32.1647799715143,26811.828
3.52937732686216,-2.01608323517864,32.1989398001609,26821.156
3.52773278456832,-2.01219303884798,32.2398299899886,26830.578
3.52574444359898,-2.01279802063696,32.267516368169,26839.953
3.52449945131739,-2.01079329665287,32.3062896448292,26849.313
3.52223960655321,-2.01131390122946,32.3474192048726,26858.641
3.5210227556553,-2.01950085899001,32.3872960860208,26867.969
3.51921863392402,-2.01598829654799,32.4271286888756,26877.391
3.51805074396469,-2.01457231714156,32.4583933022643,26886.813
3.516239842627,-2.01252786251357,32.4958259500897,26896.203
3.51476909373505,-2.01197376610413,32.5284679608775,26905.609
3.51302379360826,-2.01061101804958,32.5849067087059,26915.031
3.51158656498305,-2.01396361047622,32.6047197168942,26924.391
3.51010994913917,-2.01076462455912,32.6420581907962,26933.75
3.50851278256646,-2.01374545460642,32.6711195879749,26943.188
3.50697265689126,-2.0177671695919,32.7104044563185,26952.531
3.50540753731816,-2.01403823943597,32.7550955883894,26961.906
3.5041020524575,-2.01241323709339,32.8014777128982,26971.281
3.50263562092854,-2.01271754547399,32.8339273087211,26980.672
3.50105545948133,-2.00969215664578,32.8657373410314,26990.016
3.49990047204809,-2.01399867167421,32.896767598252,26999.359
3.49818369572574,-2.01458214762021,32.9444883909032,27008.75
3.49703876750559,-2.01132024540693,32.9736021060247,27018.141
3.49543679929922,-2.01347803476012,33.0228097733944,27027.469
3.49399898400496,-2.01333997868586,33.0574059410173,27036.844
3.49257531476197,-2.00926554613668,33.0876950901848,27046.234
3.4911212985098,-2.01051466496948,33.1216914484329,27055.578
3.48996023256526,-2.01067656157094,33.1667499335756,27064.906
3.48836578052297,-2.00966660593866,33.1971030971266,27074.281
3.48716799034968,-2.01265823965495,33.2339641939013,27083.703
3.48566351927111,-2.01209270780688,33.2588064048821,27093.063
3.48431052808475,-2.01190075695013,33.2956198466541,27102.406
3.4830177907421,-2.01282577990781,33.3418612446722,27111.781
3.48157201909553,-2.01414810187781,33.377141868796,27121.109
3.48019685324322,-2.01208513408943,33.4178039927394,27130.5
3.47887739976108,-2.013123451724,33.4690184147593,27139.906
3.47745191655213,-2.01050608308601,33.5037179547481,27149.234
3.47616211765576,-2.01315422755832,33.5241282475978,27158.656
3.47487759804595,-2.01432004170606,33.5682686640714,27167.984
3.47348353291755,-2.01039100385779,33.6036805843249,27177.328
3.47196668230932,-2.01228925766314,33.6379049876504,27186.688
3.47095279873727,-2.01275618507836,33.6713826889172,27196.094
3.46937489849586,-2.01307662655454,33.69739759016,27205.422
3.46802708718602,-2.01673460769296,33.7500864998483,27214.813
3.46678699354877,-2.00881525660205,33.784483975826,27224.203
3.46524563831009,-2.01157728699626,33.8141932430989,27233.531
3.46387266110027,-2.01359169269569,33.85287793331,27242.875
3.4627277284352,-2.01235337960774,33.8827282003578,27252.25
3.4614185851615,-2.01530575389113,33.9270218831826,27261.625
3.46011907012851,-2.01262275560812,33.9565165879982,27271.063
3.4587135745283,-2.01157636374905,34.0018193371375,27280.422
3.45720352538366,-2.01404054584127,34.0447609135604,27289.797
3.45585672604257,-2.01250929629688,34.0724400827066,27299.156
3.4545281156939,-2.01163737819846,34.1044430648049,27308.469
3.45313327407316,-2.01309626560482,34.1425023220381,27317.828
3.45161442835921,-2.01231138336873,34.1802102845756,27327.219
3.45037430276917,-2.01284825202068,34.2181347044632,27336.641
3.44887399979923,-2.01187499296716,34.268928568542,27345.984
3.44754590102534,-2.01123153721468,34.2937917055083,27355.359
3.44609455514955,-2.01354100158292,34.3198131171026,27364.75
3.4446869420764,-2.01124935533734,34.3692378632064,27374.141
3.44321983983742,-2.01148467195531,34.4057190912718,27383.469
3.44191168196255,-2.01214408015959,34.4450498505078,27392.828
3.44027757550639,-2.01410193724489,34.4839214718568,27402.203
3.43898766728543,-2.01138867698889,34.5213962805377,27411.531
3.43723165135063,-2.01396945996936,34.5621365680582,27420.953
3.43597042904876,-2.01315350412302,34.607647811754,27430.359
3.43444307328206,-2.01356464740812,34.6383935347936,27439.656
3.4327089196898,-2.0131610048234,34.6854191146026,27449.063
3.43149115727532,-2.01404649332378,34.7127303534849,27458.469
3.42981136817558,-2.01053931076392,34.7606501741243,27467.828
3.42836628173211,-2.01368374527783,34.7787584091676,27477.156
3.42672857953219,-2.01399470020573,34.8436410153943,27486.531
3.42529717241645,-2.01161055993015,34.8727475842694,27495.891
3.42372308419765,-2.01065057386804,34.9233849907015,27505.266
3.42217796030774,-2.01239242037023,34.9589726288599,27514.625
3.42061834164725,-2.01427519599302,35.0028113993052,27523.984
3.41882528523916,-2.01235605134784,35.0325525572503,27533.375
3.41690208493297,-2.01176305193464,35.0622926734478,27542.734
3.41545016837453,-2.01242955840983,35.1061971506833,27552.125
3.41384703989415,-2.01449569211525,35.1342129221724,27561.516
3.41212858099066,-2.01037883271805,35.1808316242484,27570.875
3.4103848958493,-2.01349234899213,35.2295964077321,27580.25
3.40865366346619,-2.01178765802633,35.2832479909454,27589.75
3.40665086465199,-2.01380767240299,35.3169320229136,27599.141
3.40516900266788,-2.01176720001563,35.3544867014491,27608.484
3.40307929597827,-2.01302900419499,35.4004612333683,27617.844
3.40154682540846,-2.01195255868652,35.4443515595961,27627.234
3.39961477999384,-2.01257720942047,35.4857064853331,27636.563
3.39761263496937,-2.01186980819114,35.5216094040495,27645.984
3.39589987115234,-2.00992522174955,35.5844732558947,27655.344
3.39396393538495,-2.01479252245817,35.6334647735324,27664.75
3.39180814944482,-2.01311174980154,35.6642579220569,27674.141
3.3897682426525,-2.01081261129626,35.7172783015905,27683.531
3.38773089249404,-2.01300558108156,35.7586241008745,27692.922
3.38552305736271,-2.00935536750934,35.8208194613745,27702.359
3.38335942186876,-2.01162669621686,35.8430570421686,27711.656
3.38121200603891,-2.0130515800639,35.8843119276595,27721.016
3.37907091734489,-2.01370108616466,35.9306073637006,27730.328
3.37679513677967,-2.01691457426837,35.9807556445644,27739.672
3.37422666199846,-2.01427031455542,36.0220477369168,27749.031
3.37218801879997,-2.01301912350924,36.0712875142494,27758.359
3.36968733290155,-2.01155483503041,36.1250348862804,27767.703
3.36723512071744,-2.0139616432069,36.1658600785138,27777.031
3.36472434806971,-2.0148957393013,36.213619600993,27786.484
3.36172421188639,-2.01193150784178,36.255973060287,27795.844
3.35896024866948,-2.01210150329212,36.3025707944798,27805.234
3.35613166804212,-2.01385461565606,36.3374786003551,27814.609
3.35344200256354,-2.01291556918876,36.4028474299888,27823.938
3.35017581019047,-2.01527202836606,36.4575616892405,27833.328
3.34687555224189,-2.01229252819502,36.4974797872755,27842.703
3.34377567621178,-2.0121971851817,36.5387311930078,27852.063
3.34041429102738,-2.01086623583433,36.5909431586628,27861.453
3.33690285668291,-2.01458238566632,36.6279413536692,27870.797
3.33328178134182,-2.0137246803486,36.6823867878876,27880.188
3.32926590970071,-2.01306490281147,36.7318061108584,27889.563
3.32496305814853,-2.01344277779915,36.7908530825149,27898.891
3.32078338780083,-2.01304487093777,36.8468130934354,27908.281
3.31630627061538,-2.01107920994451,36.8882275524882,27917.625
3.31178810780295,-2.0119260812003,36.9449232889931,27927
3.3066457313025,-2.01317031028335,37.0003904644838,27936.328
3.30130777706345,-2.01269025298493,37.0537890005937,27945.703
3.29583890047294,-2.01400402791543,37.0986591962275,27955.109
3.28979601913423,-2.01367641941074,37.1743119857719,27964.453
3.28358909093367,-2.01414912485933,37.2300921539357,27973.844
3.27729179696885,-2.01166068636381,37.2840074399771,27983.203
3.2704898600185,-2.012531151533,37.3397104322279,27992.547
3.26320866674462,-2.01369728316529,37.3851436573293,28001.906
3.25548794783415,-2.01382052861862,37.4417021239497,28011.266
3.2477144062435,-2.013882893432,37.5067257461637,28020.672
3.23937304075833,-2.01291869341743,37.5716382180579,28030
3.23039318077915,-2.01210372361021,37.6358813578282,28039.313
3.22100929497067,-2.01343966925662,37.6903842159692,28048.672
3.21114256684861,-2.01250361314601,37.7832269877352,28058.078
3.20084101446868,-2.01251895195835,37.8414540369508,28067.438
3.18990429095118,-2.0130106801342,37.9000746214261,28076.766
3.17842193901061,-2.01139687479809,37.9675186926827,28086.125
3.16639706416799,-2.01490701822939,38.0314236329152,28095.469
3.15345935143291,-2.01483831425762,38.1079485252506,28104.828
3.14002195310995,-2.0128584118995,38.1900990556417,28114.172
3.1255118556469,-2.01273626069057,38.255563189445,28123.563
3.11023808466834,-2.01252076848342,38.3345795673667,28132.906
3.09399993898704,-2.01248645864503,38.4253284010113,28142.313
3.07694651676462,-2.01145870687294,38.5105663161241,28151.656
3.05838566487073,-2.01258209764763,38.5986400358247,28161.188
3.03896546719462,-2.01095777948685,38.6815739477055,28170.656
3.01805626317087,-2.01315194606294,38.7688876241557,28180.109
2.99555745616936,-2.01132070072677,38.8851277108563,28189.672
2.97171605019727,-2.01169772911702,38.9879937914027,28199.219
2.94665348191867,-2.01390070241224,39.1065141609152,28208.781
2.91994975689887,-2.01166197952782,39.1978579913906,28218.344
2.89185855515357,-2.01411930782644,39.3218624482541,28227.844
2.86019348126279,-2.01258682660463,39.4432457332518,28237.375
2.82299502646167,-2.01246581147027,39.5717264332507,28247.016
2.779234337709,-2.01416731544741,39.7341670411331,28256.516
2.72545638942958,-2.01337216573058,39.8668731674019,28266.016
2.65848584471318,-2.01239738478853,40.0095085666386,28275.5
3.01991168139532,-0.000740298748761728,40.1209024756631,28285.172
3.10205014160096,-0.0018973205516714,40.1427301620116,28294.766
3.16254733718745,-0.00375580711111564,40.1065758147671,28304.484
3.20821228793096,-0.00251647377399877,40.0093161239942,28314.094
3.24483783229896,-0.0020985774008248,39.9014318865905,28323.766
3.27531397021004,0.00202023673849773,39.7710243934597,28333.516
3.30130135467695,0.00049438585837923,39.6390029690847,28343.25
3.32357496559005,-0.00170572205324093,39.4757268222368,28352.859
3.34306250939304,-0.0055950021920027,39.3222873811429,28362.5
3.36012999865373,0.00537581173793342,39.1749467196419,28372.109
3.37594117996355,-0.00556934600362971,39.033146860668,28381.828
3.38980212594371,-0.000807310930891949,38.8660255004374,28391.469
3.40249294287651,0.00028048625065201,38.6998964192049,28401.125
3.41402284910152,-0.000841730486241837,38.5253986519343,28410.719
3.4243976098499,-0.000510749897604352,38.368044752063,28420.406
3.43423961049151,0.000622646090877939,38.2047880437248,28430.047
3.44331684924656,-0.00303594934083293,38.0469828003746,28439.656
3.45192189042485,0.00265052480782259,37.8708467539536,28449.297
3.45984544014164,-0.00353468844425285,37.7129520909046,28459.031
3.46714023443289,-0.000766766535409135,37.5965129720879,28468.859
3.47420813311688,-0.000375892076451801,37.4042524545526,28478.703
3.48103500594156,-0.00322578222195169,37.2583163969897,28488.563
3.48757516214867,-0.00211773448950806,37.0859048439424,28498.344
3.49352080238332,0.00196321876935678,36.9212120057217,28508.219
3.49890046279253,-0.00143179196757114,36.78522516171,28518.047
3.50431071238075,-0.000280424976512089,36.6286517412038,28527.875
3.50931986081188,-0.00152150002999944,36.4788542391925,28537.656
3.51442816582576,-0.00572035567184023,36.3401947830436,28547.469
3.51874117541076,-0.00226111014356013,36.1945976494542,28557.266
3.52353590087694,-0.00366169200974656,36.0466020850178,28566.984
3.6834552866363,-0.00312782881275813,26.2178622224235,28567.984
3.35012868813322,-3.77696724656462,26.2113125237574,28570.531
3.7960628802925,1.5106352250663,26.2212422337096,28573.265
3.80745673831393,1.51043265852143,26.2336588697955,28575.781
3.81452638047958,1.51171321298968,26.2353242583417,28578.312
3.81938050233777,1.51107037981808,26.2356221775256,28580.828
3.82342056850464,1.51091340342252,26.2404400152441,28583.296
3.82676512983212,1.51075582614424,26.2341512155788,28585.75
3.82943795370148,1.51288293956308,26.237897215714,28588.218
3.83177551384394,1.50913962600362,26.2410494112488,28590.703
3.83430705252654,1.50919093370821,26.2261890741688,28593.234
3.83627338180509,1.51014695371572,26.2219021336044,28595.781
3.83825087191941,1.50967957048681,26.2222872156853,28598.25
3.83989942033311,1.51225484509105,26.2139450393931,28600.734
3.8415323998985,1.50759606398659,26.2055844734982,28603.187
3.84305053981676,1.5111961793093,26.2086430003752,28605.671
3.84438348574228,1.51079902675031,26.1995866505237,28608.14
3.84584660768946,1.51030305711834,26.1826565018438,28610.687
3.84737264425583,1.50747153692432,26.180325881973,28613.156
3.84832852500076,1.51019992548284,26.1753100061555,28615.625
3.84970104384102,1.51103423816195,26.1699547364546,28618.093
3.85083187687374,1.51050918262017,26.1637900188176,28620.562
3.85206866558282,1.5137947985448,26.1633844837331,28623.046
3.85303957586341,1.51158192438905,26.1574976709389,28625.578
3.85426578808999,1.51150913707135,26.159215247429,28628.093
3.85511210997527,1.50852879790494,26.1582160826077,28630.625
3.85597774038622,1.50790267896454,26.1533774758245,28633.14
3.85698121281337,1.51091778918476,26.1429473547525,28635.64
3.85812704778986,1.50922126141973,26.1383823995912,28638.109
3.85930739204459,1.50980807685821,26.138232481153,28640.578
3.86008820737563,1.51299957680117,26.1364183816343,28643.093
3.86117466493711,1.5106023636004,26.1255026035676,28645.625
3.86224866077793,1.5098040220203,26.122774440017,28648.14
3.86292734083017,1.51114924024619,26.1151009127356,28650.671
3.86385790276686,1.50984734527686,26.1135547868726,28653.187
3.86494695183814,1.51126496481624,26.1058563949081,28655.703
3.86572476498189,1.51107324187539,26.1043468245491,28658.234
3.86656988229683,1.51118845276779,26.0991101848181,28660.75
3.86726136993714,1.50975001163845,26.0971273934387,28663.218
3.86853796257884,1.51253451735551,26.1043551967852,28665.687
3.86943250681307,1.51189650571572,26.0930794075215,28668.218
3.8701670128515,1.51242819066112,26.0837487188915,28670.734
3.87127551290309,1.51001500714493,26.0841390278688,28673.265
3.87216705752852,1.50917347660407,26.0836374403256,28675.781
3.87295542631995,1.51066019864392,26.0789637900783,28678.296
3.87387981477231,1.51088293177392,26.063131917056,28680.828
3.87465768702675,1.50950848973728,26.0684577412963,28683.343
3.87566055311474,1.50954658747574,26.0696341640284,28685.859
3.87632771222387,1.51047890051769,26.0603636499639,28688.39
3.87701002688599,1.51498778516509,26.0595934596914,28690.906
3.87821287396398,1.51156601707276,26.0539694607032,28693.39
3.87890984069678,1.51187712182924,26.0501809551167,28695.859
3.8797368309458,1.51196968464677,26.0405474021073,28698.343
3.88054799313233,1.51153075508387,26.0437949420393,28700.859
3.88140116462417,1.5122796668929,26.0425137678286,28703.375
3.88208897712731,1.50648300122155,26.0335101759827,28705.906
3.88291808590188,1.51261851079602,26.037796390733,28708.421
3.88398897739576,1.5103108186005,26.031360902659,28710.953
3.88460410639946,1.51091504451662,26.0309704791917,28713.468
3.88542279810182,1.50880998053534,26.0242208670209,28716
3.88617188867211,1.50804329233565,26.0202092949481,28718.515
3.88688872474003,1.51031546298049,26.0181685939223,28721.031
3.88748145021131,1.51025880603765,26.0155428363505,28723.625
3.88838544361128,1.51155109867895,26.018850085477,28726.109
3.88941486549082,1.50953635340719,26.0154974118893,28728.593
3.89008366921252,1.50957872808991,26.0157215290449,28731.062
3.89076244201944,1.50818319149522,26.0155968542041,28733.546
3.89136229789134,1.51011614390865,26.0073031365589,28736.015
3.89229868272726,1.51159228944717,26.0014723601249,28738.531
3.89292541338725,1.5111829921002,26.0006367571095,28741.046
3.89365909714024,1.50912043985987,25.9991515790331,28743.578
3.89415310859097,1.51002934537505,25.9946412281467,28746.046
3.89480222543851,1.5110899979071,25.9972900365593,28748.515
3.89589132835036,1.51254032654555,25.9867034619546,28750.984
3.89665830405919,1.51099868318263,25.9883492635858,28753.515
3.89728964408393,1.50720524419995,25.9896046006788,28756.031
3.89817464368563,1.51310882484186,25.9858868668244,28758.562
3.89884406403455,1.51128146078115,25.9739975707362,28761.078
3.89952717596503,1.51212286608825,25.9770379342121,28763.593
3.90024740642879,1.50656483064239,25.9718918909311,28766.125
3.9010316998502,1.51193233369027,25.9686790389313,28768.64
3.90147250469763,1.51334920777853,25.9682944505055,28771.171
3.9025064225641,1.50739436421679,25.9729984673086,28773.687
3.90289503667287,1.50900547975508,25.9735165691335,28776.218
3.90374827244953,1.51072851233982,25.9628975690693,28778.734
3.90423370104168,1.51128546839064,25.9688001266377,28781.234
3.90440084147922,1.51205359491799,25.9607955972717,28783.796
3.90544601383073,1.50914876392282,25.9634404321989,28786.343
3.9063915832406,1.50903975031907,25.9603868360302,28788.859
3.90723299747252,1.51240243531456,25.9602721783176,28791.39
3.90783359182002,1.50924501695208,25.9529461869774,28793.906
3.9081927436032,1.51578948610578,25.9587173505956,28796.437
3.90899348946437,1.51030310905448,25.954118044397,28798.953
3.90927498439565,1.5113783676195,25.9551634424897,28801.468
3.91028124249926,1.51020054127091,25.9570546538327,28804
3.91065036037596,1.51109181430826,25.9499440364687,28806.515
3.91133780447581,1.51349110404036,25.9507909611135,28809.046
3.91218010755876,1.51283421301912,25.9505380427485,28811.562
3.91231499143745,1.51328587291977,25.9528360700916,28814.093
3.9132096587293,1.51084092114035,25.9547859572846,28816.609
3.91380581515983,1.50983131006959,25.9540113511965,28819.078
3.91440114828653,1.51326558503127,25.9496606552316,28821.546
3.91507330573023,1.509523102993,25.9445289738905,28824.015
3.91550477806787,1.51134511074785,25.9423796371042,28826.5
3.91601098507864,1.51064713735302,25.939632845944,28828.984
3.91707583596376,1.51002088242706,25.9395941651857,28831.468
3.91723654844876,1.50959805223481,25.9344364819593,28833.953
3.91789106882875,1.51187469940234,25.9339742535232,28836.421
3.91851523269596,1.5093692218863,25.9332228531583,28838.89
3.91917220246273,1.51170602404453,25.9284928956269,28841.421
3.91972332841367,1.51152851148514,25.9181041668766,28843.937
3.92034032719489,1.51042396452165,25.9260620479106,28846.453
3.92065192144326,1.51116892532711,25.9238549852153,28848.984
3.92135069384171,1.51043033913687,25.9261937181895,28851.5
3.92177161581185,1.51089151756551,25.9144659820507,28854.031
3.922340888197,1.51073313249825,25.9139578438286,28856.546
3.92288647566576,1.50329227693083,25.9147658605176,28859.078
3.92329764166527,1.50829550163889,25.9185035970041,28861.593
3.92399949857038,1.51082597518761,25.9224777319544,28864.109
3.92421205648374,1.51170404915553,25.9206235623622,28866.64
3.92526946570829,1.51056238126273,25.9209971485168,28869.156
3.92534819107354,1.51256946374375,25.9183396622317,28871.687
3.92619818372063,1.50889879469872,25.9121643124275,28874.171
3.92652335783737,1.51262502359204,25.9166906978171,28876.64
3.92742727023757,1.50577686296161,25.9180602397321,28879.171
3.92761015330922,1.50997033970017,25.9209241382051,28881.687
3.92820680323416,1.51301747173399,25.9240762088469,28884.203
3.92848833287502,1.51251221891709,25.9099878789559,28886.734
3.92909397400002,1.50964851987345,25.9152987325375,28889.25
3.92962775522296,1.50879637819901,25.9144642635294,28891.781
3.92987644465289,1.50881318548955,25.9118433184857,28894.296
3.93059871178363,1.51249451873277,25.9174757660748,28896.828
3.93080463022489,1.51260372746916,25.9120397256215,28899.343
3.93150984151339,1.51003786660341,25.9125794693808,28901.859
3.93198551242839,1.51007864151533,25.9068481417486,28904.39
3.93262496813346,1.51136181051591,25.9129435080993,28906.937
3.93289668032732,1.5091857447648,25.912576200961,28909.453
3.93332694847351,1.51071526707845,25.9104764684199,28911.984
3.93393862039281,1.50836843380829,25.91085998335,28914.5
3.93440814630094,1.51029017851922,25.9044092994552,28917.031
3.93460839524639,1.50989037663432,25.9112591950847,28919.546
3.93500275160151,1.51165762089685,25.9039018383467,28922.078
3.93568093437608,1.50723578210638,25.9029661701375,28924.593
3.93593401749589,1.51141259925859,25.9116620615662,28927.109
3.93665186627354,1.50928118886369,25.9142296860705,28929.578
3.93684635081105,1.51094179576494,25.9115206227383,28932.14
3.93725190713051,1.51326558450305,25.9191576379643,28934.609
3.93775744355927,1.50876928120684,25.9193276891259,28937.078
3.9380935244201,1.51299894448472,25.9167213246703,28939.546
3.93861576328673,1.50780551178887,25.9137845406637,28942.062
3.93905096412858,1.51320870177742,25.9177440284463,28944.593
3.93959037115513,1.51047208420014,25.9074252178354,28947.109
3.9399255369869,1.51273352205783,25.9107517864456,28949.64
3.94025393434036,1.50704241884262,25.9131685122545,28952.156
3.94058300188721,1.51067674476645,25.9116432929325,28954.671
3.9409672384343,1.51065018706133,25.9095225482722,28957.203
3.94128389920339,1.50970926548315,25.9053609352979,28959.718
3.94197212753336,1.50913192786661,25.9042578075472,28962.25
3.94226949101119,1.51126819433974,25.8939010077684,28964.765
3.94248483081934,1.5105067482103,25.9000653603914,28967.296
3.94314581986248,1.51358941639329,25.8975705550215,28969.812
3.94343741674915,1.50935033909943,25.8966832249388,28972.343
3.94376565893789,1.51182394862204,25.9006197988274,28974.859
3.94432287495137,1.51077908505619,25.9016401611389,28977.375
3.94474555492947,1.51238732123572,25.9075210538791,28979.906
3.94496693429239,1.51322033449554,25.9023615774378,28982.421
3.9454027585063,1.50741353337892,25.9119220342,28984.953
3.9457844575289,1.50947792931145,25.8974788284521,28987.468
3.94610967698827,1.51088357099111,25.8993348830821,28990
3.94629037065037,1.51111750166177,25.9086878492614,28992.546
3.94698765039283,1.51026829537809,25.9079032026596,28995.015
3.9474512798477,1.51333950293958,25.9010384869336,28997.515
3.9474149052941,1.51022231710141,25.9112169538993,29000.031
3.9480031344012,1.50828414611083,25.9128531491493,29002.562
3.9482287481507,1.51242404154524,25.9089958081889,29005.078
3.94873115454927,1.50980363981385,25.914107243908,29007.609
3.94901763888504,1.51074554320067,25.9074380184443,29010.125
3.94925404433473,1.50953506713547,25.9050111356355,29012.656
3.94972055808207,1.51390121555105,25.9095088329002,29015.171
3.95032049179108,1.50900369331825,25.9204826860107,29017.703
3.9504433702058,1.5091686662565,25.9133400167437,29020.218
3.95066996004376,1.5117352487764,25.9211614151396,29022.75
3.9509464100025,1.50834639423476,25.9133595969002,29025.265
3.9514796180682,1.50734866282881,25.9205215088996,29027.796
3.95181282765282,1.51024100111774,25.9221098153573,29030.312
3.95185592139438,1.5090271303372,25.9224489533015,29032.843
3.95222728038329,1.50855268068079,25.9191276805804,29035.359
3.95274736537162,1.51201640711694,25.9237654428851,29037.875
3.95297751478188,1.50981584914709,25.9209996050735,29040.406
3.95323335683698,1.51182835397926,25.9256359716555,29042.921
3.95356434729531,1.5133488207395,25.9261623212883,29045.453
3.95385402491989,1.51075228465527,25.9274247334997,29047.968
3.9541790074533,1.5127991393379,25.9309871350491,29050.484
3.95474346513444,1.50895254129533,25.9309996032396,29053.015
3.95502471173308,1.50935365079959,25.9380234409919,29055.531
3.95513611810853,1.50923671597214,25.9235384498459,29058.062
3.9553954716408,1.50923737759195,25.9286756042825,29060.531
3.95608826972914,1.51060907231164,25.9347872719203,29063
3.95609235835773,1.50896274029986,25.935070218849,29065.468
3.95651667478457,1.5102739565878,25.9303125833197,29067.937
3.95662408817058,1.51224658971166,25.936818023421,29070.406
3.9571244030083,1.51031456858068,25.9364555896202,29072.937
3.95733160264683,1.51395158651808,25.9372942366692,29075.453
3.95767258929781,1.5106733951629,25.9383431808616,29077.984
3.95803071779915,1.5079486601079,25.9425953958883,29080.453
3.95835499122085,1.51162562295179,25.9411359473823,29083.031
3.95858930146973,1.50944029766617,25.9442423711942,29085.5
3.95900289469773,1.51180182104056,25.9474832331567,29087.968
3.95917742586575,1.51012301366826,25.9481682542077,29090.453
3.95936007376099,1.50950880819203,25.9465180414513,29092.984
3.95976720251298,1.51196729202971,25.9424923281795,29095.5
3.96005909291464,1.51261899152898,25.9501151112042,29098.031
3.96037871758143,1.51035139697917,25.9502187389973,29100.546
3.96061596632975,1.51246934909783,25.9580381293734,29103.062
3.96081508913844,1.51236293528485,25.9548413309542,29105.593
3.96152794061869,1.50934239752443,25.9573635325275,29108.109
3.96143467779254,1.50820430117003,25.9586132363732,29110.64
3.96214257529956,1.5105275039844,25.959981666893,29113.156
3.96216965938252,1.51125389191849,25.9533668448885,29115.687
3.9623560655555,1.5090165769312,25.959383368936,29118.203
3.96271858525963,1.51090121509721,25.9568098102043,29120.734
3.96311141505844,1.5077508205258,25.9657211244568,29123.25
3.96329457591876,1.51235509074085,25.9689711311889,29125.796
3.96357953356075,1.51014627118652,25.9626593784944,29128.265
3.96391676272669,1.51408396687458,25.9688794590145,29130.734
3.96414028905893,1.5056273507689,25.9697502795273,29133.203
3.96445718098729,1.51227544158939,25.9746365520477,29135.734
3.96476839942911,1.51035295387407,25.9675153936492,29138.25
3.96479355646657,1.51260250499184,25.9697096287514,29140.765
3.9652500109139,1.50982684183729,25.9653177394802,29143.296
3.96550326063434,1.51112605834651,25.9735752838801,29145.812
3.96589776624973,1.51337713086409,25.9732314288331,29148.343
3.96602883785949,1.50967608687147,25.9788307246437,29150.859
3.96633159505041,1.51054392468214,25.9773044051897,29153.39
3.96650213666752,1.51011207858384,25.968170890953,29155.906
3.96700568142914,1.51118414779374,25.9769627585356,29158.437
3.96713234438472,1.50646769376814,25.9741549655352,29160.953
3.96755888319156,1.50927687788633,25.9818307443684,29163.484
3.96782743079416,1.50912221892473,25.9859303031814,29166
3.96803345707914,1.51171070540194,25.9867738280401,29168.515
3.96826136298551,1.50817988610877,25.9909321633696,29171.046
3.96884148198032,1.50988139802819,25.9880446233274,29173.562
3.96896802274398,1.51333049107798,25.9973588733047,29176.093
3.96932315164594,1.51132341607718,25.988558536947,29178.609
3.96969123232648,1.50975765109497,25.9955067668626,29181.14
3.96978167369016,1.51140349768665,25.996428724978,29183.656
3.97018024425106,1.51210713758556,25.9965714199802,29186.171
3.97043886469247,1.51188398671143,26.0000505541635,29188.703
3.9706730383366,1.51282490395218,25.9994686172651,29191.218
3.97096009310286,1.51007662122404,25.9948940664686,29193.687
3.97086003708135,1.50782817954464,26.0026941017551,29196.171
3.97155635360184,1.51257750184144,26.0000959196061,29198.64
3.97182196798997,1.51007184465386,26.0081463560734,29201.109
3.97206534692103,1.51131857478737,26.0118164748145,29203.578
3.97230092901225,1.51063768638692,26.0095926437386,29206.109
3.97264861602578,1.50788884356041,26.0124536393458,29208.625
3.97295909060639,1.51353012236507,26.0168444806721,29211.14
3.97313021107234,1.51096142679201,26.0208348631457,29213.671
3.97338105256483,1.51157407911167,26.0296968640435,29216.187
3.97377724330283,1.50938377768356,26.0383259977392,29218.687
3.97393947727675,1.51095881873117,26.0317013507922,29221.156
3.9744295206713,1.51401778813561,26.0319269944175,29223.64
3.97460333354718,1.50971431979507,26.0260528810164,29226.203
3.97495894654838,1.51026922694676,26.035019478615,29228.718
3.97523389997439,1.50992241275994,26.0415797722979,29231.25
3.97538125915591,1.50845849189325,26.0444151767078,29233.765
3.97561977662819,1.50903182991147,26.0465105215568,29236.281
3.97586008021928,1.50990853361244,26.04434167579,29238.812
3.97635055393534,1.50870163890376,26.0387523975824,29241.328
3.97664589203842,1.50989331817651,26.0382856585003,29243.859
3.97693805276138,1.50977070339621,26.0484196235497,29246.375
3.97696342528201,1.51205197395032,26.0454698751996,29248.906
3.97744861804426,1.51034813478497,26.0500650021958,29251.421
3.97752892349033,1.50837034457193,26.0461413685054,29253.953
3.97800907291919,1.51168542360813,26.0593659887885,29256.468
3.97823550227125,1.51382359707501,26.0619891539928,29258.937
3.97836475404363,1.51104652424084,26.0569096625651,29261.421
3.97919444045929,1.5099842846628,26.0596728931635,29263.875
3.97924946462158,1.51232719699892,26.0635976612635,29266.343
3.97936929444528,1.51420116288309,26.0701127275807,29268.828
3.97977897994295,1.50915559061407,26.0627903823943,29271.359
3.98002452712485,1.5095419865212,26.0729639857317,29273.875
3.97995332382038,1.50782914754944,26.0637122939183,29276.39
3.98047033788971,1.50861838654048,26.0660808993922,29278.921
3.98085571161681,1.51142636054072,26.0737587639749,29281.437
3.98108787675153,1.51198821402319,26.0722236902954,29283.968
3.98154548878985,1.51165030986316,26.0747763947932,29286.484
3.98204962428128,1.51518549999772,26.0728481628781,29289.031
3.98198771401107,1.51083969582491,26.0787286490286,29291.562
3.98207917724913,1.50979613688144,26.0769167218683,29294.078
3.98286311044406,1.51401022704997,26.0808027917296,29296.609
3.98270760008125,1.50998344708141,26.0826245842575,29299.125
3.9828937129126,1.50671807511151,26.0876460680225,29301.64
3.9835118842016,1.51420298695014,26.0907189659631,29304.171
3.9836338946217,1.51114097337725,26.0899588238221,29306.687
3.98387974931187,1.51036164086471,26.0927543032654,29309.218
3.98423396605932,1.51363608710856,26.0972031947161,29311.734
3.98446290517627,1.51049458626335,26.0981961794859,29314.265
3.98474425551672,1.50839070112808,26.1050928193259,29316.718
3.98500402707438,1.51080175009363,26.1119430598321,29319.187
3.98538987813821,1.51179830764309,26.1186784076935,29321.718
3.9856562477358,1.51454031143153,26.1213282455724,29324.234
3.98605156602762,1.50995592119279,26.1235644532875,29326.765
3.98622293731893,1.51189852834116,26.13194352366,29329.281
3.98627152303832,1.51028700459005,26.1200628664694,29331.812
3.98688276917176,1.51344537040599,26.1317824809668,29334.328
3.98703889531033,1.50914906680456,26.1220373917331,29336.843
3.98710623179371,1.508365215611,26.1270245480286,29339.375
3.98773409599118,1.51253603404168,26.130465782232,29341.89
3.98799810789143,1.51040561068202,26.1309118567419,29344.421
3.98805301232398,1.51207889441518,26.134936687814,29346.937
3.98838112153669,1.51002262278135,26.1328117183063,29349.468
3.98882019061101,1.51035941470259,26.1348990668239,29351.984
3.98893587437098,1.50864524547134,26.1384953347381,29354.515
3.98924724544364,1.5088633747998,26.1432460425732,29357.031
3.98959540669784,1.51159564519191,26.1472170409264,29359.562
3.98980223291951,1.51343493037778,26.1501242886202,29362.078
3.98999626401023,1.50992007716475,26.1522830359635,29364.609
3.99047583752257,1.50984716941925,26.1572373964759,29367.125
3.99054582960057,1.50792608173238,26.1563779157056,29369.64
3.99107516618552,1.51043171311442,26.1650972306857,29372.171
3.99114772027856,1.50840627447341,26.1611978681994,29374.687
3.99162861543799,1.5086069097391,26.1584787815484,29377.218
3.99196616717679,1.51337723379069,26.1653963934438,29379.734
3.99216680289445,1.50930717234218,26.1676376528776,29382.203
3.99222571812552,1.5150260054458,26.1713248542752,29384.671
3.99250323987471,1.51138231599729,26.1873143641193,29387.14
3.99303103874,1.51126070626122,26.1836825958383,29389.625
3.99333728290105,1.50867237585138,26.1804158541582,29392.093
3.99336721732824,1.51170950116218,26.1844591934875,29394.609
3.99377027220177,1.50941316738148,26.179683337367,29397.125
3.99404622114308,1.50849826648749,26.1838078898076,29399.656
3.99423449353269,1.51150442009467,26.1913799585498,29402.171
3.9944770672614,1.51104730435251,26.1852976123412,29404.718
3.99491340615235,1.51125472614899,26.1981343739655,29407.281
3.99516248019509,1.51283958766287,26.1944307138422,29409.75
3.9953246169886,1.51272474497822,26.2122482003423,29412.218
3.99560410812354,1.51130803161104,26.2045340881139,29414.687
3.99585507400942,1.51306033301632,26.2064900842585,29417.14
3.99600357979635,1.51016556310267,26.2113248956374,29419.609
3.99642372253214,1.51084129582679,26.2104249218267,29422.14
3.99649211264714,1.51010003170214,26.2204193657795,29424.656
3.99698318672869,1.50940185340833,26.2230887349065,29427.187
3.99705321292026,1.51211939335555,26.2208194780237,29429.703
3.99731782944405,1.51050832603516,26.2288493489683,29432.234
3.99760816602532,1.50692839812376,26.2336620801101,29434.75
3.99813607086531,1.50873834359269,26.2288946316816,29437.281
3.99860287917511,1.51107860634553,26.233612006402,29439.796
3.99857842776108,1.50799834797204,26.2359916343339,29442.328
3.99894214234266,1.50790592144144,26.2513792975576,29444.843
3.99919517190852,1.51395364177151,26.2572607663346,29447.375
3.99937644742341,1.51216230605762,26.2559119515292,29449.89
3.99957396682978,1.51077303702631,26.2493018535068,29452.421
4.00003955770835,1.51125069747256,26.2520157463778,29454.937
4.00040791881164,1.5113466136542,26.2620249229792,29457.468
4.00067258107932,1.5110593203738,26.2677494279733,29459.984
4.00079560486459,1.50885236410329,26.2651038245625,29462.5
4.00123827751909,1.51138938068572,26.2604770540602,29465.031
4.00117666788499,1.51015915720726,26.2593129137747,29467.546
4.00155842596071,1.51122626070943,26.2658872405398,29470.078
4.00193962962465,1.50858444553717,26.2730232131083,29472.593
4.00221293419973,1.51244069031559,26.2670741719366,29475.109
4.00243050493432,1.51252159261207,26.2727452925042,29477.64
4.00277802833958,1.51002044435815,26.2721030470328,29480.187
4.00300136708224,1.51351453676248,26.2787569627106,29482.718
4.00340716663085,1.51046072515208,26.2866378190953,29485.234
4.00350973116461,1.51203430781378,26.2925490134553,29487.765
4.00402536376696,1.51284833105967,26.30065363837,29490.281
4.00408537554056,1.51106959411153,26.3078220918414,29492.796
4.00441724226808,1.51254630118254,26.2961694399316,29495.328
4.00459944478607,1.51108843704464,26.2941003776449,29497.843
4.00489469658864,1.51093056254051,26.3069859552454,29500.375
4.0053492913923,1.51109128212378,26.3113959438269,29502.89
4.00553540502561,1.51111979257894,26.3175323003704,29505.406
4.00566504747056,1.51223996756856,26.3144175929679,29507.937
4.00611460796053,1.51067443805035,26.3213478234825,29510.484
4.0063390905201,1.51023256645089,26.3257790640592,29512.953
4.00653067152034,1.50610879660779,26.325688381572,29515.437
4.00676960749578,1.50999084946373,26.3346920294711,29517.906
4.00694558574531,1.5104844909787,26.3341071073825,29520.375
4.0073940397702,1.51054387695355,26.3361469088316,29522.843
4.00768315946024,1.50907335710941,26.3398458862163,29525.375
4.00796503455069,1.50876644892121,26.3421581310932,29527.89
4.0079767925451,1.50984165864131,26.3453732314213,29530.406
4.0083053334513,1.51256700270403,26.3423982646542,29532.937
4.00874389968715,1.50994757282905,26.3476501312427,29535.453
4.00923601109828,1.5101909654549,26.3600756846912,29537.984
4.00919490006914,1.51133451468884,26.3715127812769,29540.5
4.00958986065236,1.50910179067281,26.3705830180204,29543.031
4.00987344774678,1.51188622316984,26.3808137116291,29545.546
4.01015197030251,1.51006023154472,26.3790698582543,29548.062
4.01025049626987,1.51238443227289,26.3817912746883,29550.625
4.01043940051466,1.51112943991796,26.3872507222056,29553.14
4.01117998060643,1.50989347779793,26.3931506790429,29555.656
4.01125909060181,1.51173029347969,26.3937027532597,29558.187
4.0115393250374,1.51318640097569,26.3949513894313,29560.703
4.01176456215342,1.5109268877227,26.4027208430779,29563.234
4.01185007431914,1.50776886987916,26.4038945481161,29565.75
4.0122693737632,1.51236825792621,26.4005626943352,29568.281
4.01250192262735,1.50890246015495,26.3997413860981,29570.796
4.01293216090184,1.50918653264701,26.4010849286103,29573.328
4.01313024659827,1.51193414959305,26.4021465983107,29575.843
4.01334287356594,1.51154108712579,26.4133833909262,29578.375
4.01375699795327,1.50873839800014,26.4132823346581,29580.89
4.01363950562056,1.51057554016707,26.4200827372657,29583.421
4.0141049878028,1.50873239259113,26.4265432724137,29585.937
4.01438681538288,1.51235419944583,26.4347744429008,29588.453
4.01478257053611,1.50942387003049,26.4237572625892,29590.984
4.01494248947422,1.5108154246194,26.4294331463307,29593.5
4.0153886175169,1.50980306488904,26.4320991134559,29596.031
4.01555096536567,1.51057459036324,26.4301209241258,29598.546
4.01580151614893,1.50989564652205,26.434417613229,29601.078
4.01598985529665,1.51152257701817,26.4377163529466,29603.593
4.0163838857057,1.50938519853101,26.4402350718459,29606.062
4.01662034661071,1.5132010335794,26.4435464714579,29608.546
4.01692033429351,1.51157783040021,26.4503222416423,29611.015
4.01705010087575,1.50900209828665,26.451142392768,29613.546
4.01714724372485,1.50928561054646,26.455468737378,29616.125
4.01772010841575,1.51114410720209,26.4708429224626,29618.593
4.01752289117933,1.51439415220997,26.4676884890796,29621.078
4.01841572704735,1.50726700753975,26.4690364134236,29623.546
4.01857443939613,1.5045401488782,26.4691803285655,29626.015
4.01866795596988,1.51158600112492,26.4788295134386,29628.484
4.01894953067871,1.50681336452762,26.4819885662852,29631.015
4.01935706140152,1.50899111372363,26.48951164798,29633.531
4.0196689114631,1.50865900155594,26.4904509040417,29636.062
4.01993365152751,1.51087087840441,26.4860835042716,29638.578
4.02002970651117,1.50868448890002,26.4959203488325,29641.093
4.02055127941562,1.50956760621021,26.4946909829221,29643.625
4.02087783934694,1.51033395642706,26.5037045600475,29646.14
4.02099309010041,1.50781668602765,26.5021137786591,29648.671
4.02127678049073,1.51327814044985,26.5043499614329,29651.187
4.02168848779074,1.50964676660578,26.4999474797889,29653.718
4.02194013910113,1.50923415933706,26.5174646601386,29656.296
4.02208669934798,1.5093287441832,26.5235751847532,29658.765
4.02239630456611,1.51288075296924,26.5301112637827,29661.281
4.02266770903057,1.51052854946676,26.5283094054302,29663.75
4.02277628018171,1.5082674667313,26.5223651350779,29666.218
4.02317082264243,1.5083780871327,26.524900850592,29668.718
4.02347828020573,1.51002004327969,26.5363359042628,29671.25
4.02375627776172,1.51020671908015,26.5409282570841,29673.765
4.02392565204403,1.50957329532165,26.5480576218827,29676.296
4.02436952393113,1.51033246937794,26.5554704444095,29678.812
4.02466270838398,1.51108463075847,26.5593044740776,29681.343
4.02510393598986,1.513002347577,26.5584077278291,29683.859
4.02546205301749,1.50968571607752,26.5650749267752,29686.39
4.02532163622948,1.50786855045769,26.5672163178443,29688.906
4.02588877385156,1.51024250038739,26.5692256072131,29691.421
4.02620158931445,1.51105926782164,26.5786186168691,29693.953
4.0265997766065,1.50966540422522,26.5752690816901,29696.468
4.0265910406492,1.50824120201407,26.5800122303188,29699
4.02666164489068,1.50884949565212,26.5890603254472,29701.515
4.02737398412402,1.50784061516105,26.5871232641503,29704.046
4.02756769105446,1.51117479187814,26.5866912186349,29706.562
4.02766955625145,1.51102577620016,26.5875256914143,29709.093
4.02787653457202,1.50864338472856,26.5941181291449,29711.609
4.02820451973756,1.51367410097208,26.5977934491252,29714.125
4.02849910497069,1.51344656503952,26.6049818652554,29716.656
4.02883935021081,1.51229214235427,26.6020577206668,29719.171
4.02925196475565,1.5085139608196,26.60556725606,29721.703
4.02936126352057,1.51431531951656,26.6076069485391,29724.218
4.02982287381323,1.51279995891714,26.6170814262461,29726.75
4.02998255197252,1.51250612588607,26.6212943760966,29729.265
4.03015583427254,1.51128726036103,26.6243791937905,29731.734
4.03047108357867,1.51187329347527,26.6392355822508,29734.203
4.03089218576466,1.51241901179332,26.6308819468592,29736.671
4.0314465133102,1.5101330297655,26.6354513569908,29739.156
4.03134261049737,1.51022029351811,26.6459712242466,29741.625
4.03142960795291,1.51096122456651,26.6515341451199,29744.14
4.03186626761793,1.50939596043995,26.6547707584585,29746.671
4.0322152794587,1.51105589954415,26.6611651917647,29749.187
4.03261327908938,1.5112337019687,26.6567803577527,29751.656
4.0328639923886,1.50898437790599,26.6565819754016,29754.171
4.03318374306118,1.51054823819643,26.6532381079516,29756.656
4.03363306469496,1.51062400841265,26.6608843333304,29759.125
4.0337336777176,1.51018848938011,26.6673565857357,29761.64
4.03422849205581,1.51253448646697,26.6713431465779,29764.125
4.03421768554372,1.51064345277397,26.6816067407186,29766.593
4.0346471077989,1.51113437907767,26.6814653752579,29769.062
4.03480785116049,1.51226614056151,26.6886097316969,29771.531
4.03524227103755,1.50910463265857,26.6907266244272,29774
4.03548858195107,1.51338327214354,26.6959007873038,29776.531
4.03577340405162,1.50945405671343,26.6946603855832,29779.046
4.03599417259796,1.5094559896156,26.6935608156241,29781.578
4.03597404935328,1.51147380797021,26.7072581838904,29784.093
4.03670579929351,1.51086758372917,26.7129766524512,29786.609
4.03681291088193,1.50978909121827,26.71467345842,29789.14
4.03703845862336,1.51281511403072,26.7093338048296,29791.656
4.03780607704447,1.5131651540319,26.7210975925978,29794.187
4.03768662167409,1.50781147438605,26.728898899474,29796.703
4.03799319187807,1.51046021990173,26.7339688436581,29799.234
4.03843689155696,1.50983487486835,26.727962056558,29801.75
4.0388001087235,1.51124702727702,26.7276570430113,29804.281
4.03891345429649,1.51348563340143,26.7318891264935,29806.796
4.03922676314071,1.51075151523958,26.7400309359561,29809.328
4.03939794030474,1.50703144429737,26.7429190359106,29811.843
4.0398610294318,1.51277493862986,26.7434804468747,29814.375
4.04015820879494,1.51090406151357,26.7518027143564,29816.89
4.04009763337914,1.50601736757775,26.753195336535,29819.406
4.04069977243722,1.50955895366195,26.7624740964615,29821.937
4.04100546382352,1.5100598914589,26.7666271988232,29824.453
4.04162410988417,1.51393360044503,26.7708431883649,29826.921
4.04163224480822,1.51105312075163,26.777175994702,29829.406
4.04199099348575,1.51202728666461,26.7793435843564,29831.875
4.04228112295884,1.51048163786113,26.7800855578154,29834.343
4.04258836207985,1.51029204555977,26.7797563395777,29836.812
4.04303077988639,1.51305171125499,26.7841505853825,29839.343
4.04297217042487,1.51041320648373,26.7862464340195,29841.859
4.04313041826689,1.50997639113554,26.7899245591704,29844.39
4.04355273710654,1.51051119047445,26.7893139087041,29846.906
4.04398384740998,1.51200155749093,26.8033072528887,29849.406
4.04441699079918,1.51151894236768,26.7993704182033,29851.89
4.04451141639509,1.51242918337912,26.8062353897106,29854.359
4.04492405718388,1.51002502290384,26.820775994264,29856.843
4.04497228468007,1.51052392044938,26.8191029479976,29859.296
4.0456153223784,1.50903212498336,26.8160932063488,29861.781
4.04572917975893,1.51064092996843,26.8187264933781,29864.25
4.04622398179734,1.51210693353316,26.8252080934873,29866.765
4.04640296890773,1.51052231752803,26.820827007366,29869.296
4.04690580634911,1.51126199941098,26.8298672195287,29871.812
4.046969081633,1.5096534699008,26.8266622009304,29874.343
4.04737268199417,1.50631192342882,26.8379599228073,29876.859
4.04771311493498,1.51158138614839,26.8559041781252,29879.375
4.04791091977051,1.50843215639406,26.8674002734099,29881.906
4.04837184879008,1.50932300151149,26.8635597881339,29884.421
4.04846102035375,1.51211660251033,26.8691706149536,29886.953
4.04893007687502,1.51143155040625,26.8706850447076,29889.468
4.0493561755604,1.51218789152595,26.8753439225884,29892
4.04943348845433,1.50861768490058,26.8879461120665,29894.515
4.04971530875334,1.51278840249157,26.8916333196691,29897.031
4.05005753145819,1.5102631642638,26.907629949633,29899.562
4.05031759750623,1.50912618624572,26.9005658360119,29902.078
4.05057736488955,1.51032861452562,26.9026996848136,29904.609
4.05078400025358,1.51093537977685,26.9085895580008,29907.125
4.051522865961,1.51238737401644,26.915353935309,29909.656
4.05151695622659,1.51143752588081,26.9158764116385,29912.171
4.05194705947572,1.50943068636612,26.9204033194271,29914.687
4.0522316985393,1.51068244501043,26.9220360477401,29917.156
4.05271732138184,1.51328827545434,26.9195820151644,29919.64
4.05309266247271,1.51125817035291,26.9241895518463,29922.109
4.05318125769755,1.50647641851015,26.9344452172188,29924.578
4.05368771618868,1.51313617838374,26.9273283791351,29927.046
4.05397211849187,1.51271505735265,26.9361835474318,29929.562
4.05413374882114,1.50970581943934,26.9418342136329,29932.093
4.05468762121696,1.51106950681756,26.9484977948814,29934.609
4.05482411817964,1.50964087058164,26.9460822226499,29937.203
4.05540686636504,1.50793568494772,26.9590652822586,29939.671
4.05551630594806,1.51003519558162,26.960574044737,29942.14
4.05575081003852,1.50847215730754,26.9620589186207,29944.625
4.05616609597451,1.51073213284165,26.9615519509267,29947.093
4.05614668617408,1.51334876894708,26.9706957576987,29949.625
4.05672178874637,1.5101515950934,26.9680562118224,29952.14
4.05702504680252,1.51055219009403,26.9745397569336,29954.671
4.05775531947497,1.51101691491929,26.9823179461943,29957.187
4.05780940254089,1.51060073597958,26.9825034512711,29959.703
4.05820512559502,1.51239791204439,26.9891766230623,29962.234
4.05843972525859,1.50977112972753,26.9916436321261,29964.75
4.05846216194031,1.50933962217535,26.9875971475871,29967.281
4.05885673550393,1.51175434744227,26.9918391099295,29969.796
4.05945807509581,1.51231475719427,27.0048005245614,29972.328
4.05961903447943,1.50983169172074,27.0027035130756,29974.843
4.05986591323435,1.51185065298794,27.0094796882875,29977.359
4.06039968164234,1.51053406661725,27.0184275686918,29979.89
4.06068564851475,1.51016141653016,27.0196552999236,29982.406
4.06081727083134,1.51077396439841,27.0223903101162,29984.937
4.06136751395011,1.50744041482929,27.0315151326141,29987.453
4.06166836384296,1.51235297422436,27.035547302535,29989.968
4.06187952156914,1.51035932560519,27.0318477523711,29992.5
4.06208991853903,1.50896958345264,27.0377180202583,29995.015
4.0625077173469,1.51184283395191,27.0404212513227,29997.546
4.06269567342121,1.5119797156984,27.0449883506179,30000.062
4.06359845738054,1.51031808860223,27.0517725332175,30002.593
4.06340190936436,1.51091879466991,27.0521879966417,30005.109
4.06351317572453,1.50849259597285,27.0710059589946,30007.578
4.06378135741628,1.5071329486688,27.0700849480462,30010.046
4.06471153640595,1.5117941523792,27.0820039755254,30012.515
4.06483248666775,1.51198852414344,27.080232051898,30014.984
4.06513538108786,1.51049801330212,27.0811291801727,30017.453
4.06523054203687,1.51077617088119,27.0817957603042,30020.046
4.06593627569792,1.51150900380305,27.0836831912853,30022.5
4.06615324489431,1.51080940690331,27.0943030873562,30025
4.0661309109769,1.51028615167685,27.0961418026417,30027.468
4.0666978269103,1.5094028076258,27.0946286305665,30029.953
4.067279937186,1.51304987689942,27.095726367872,30032.421
4.06739609182261,1.51051469823457,27.1096789878522,30034.89
4.06773738673071,1.51084143373462,27.1050468788025,30037.359
4.06837647681509,1.51078582665908,27.1184720626466,30039.89
4.06838901307315,1.50900092647603,27.1209366943372,30042.406
4.06874090277706,1.5107989085956,27.1349532976827,30044.937
4.06929216742569,1.5118282764947,27.1268316802576,30047.453
4.06972638637444,1.50807113361824,27.141405419784,30049.984
4.06990150340045,1.51086021715737,27.1335317554728,30052.5
4.07079060132297,1.51042611575619,27.1423061650023,30055.015
4.07037993872066,1.51402056554785,27.1475403597496,30057.546
4.07060111726145,1.51161502671001,27.1456085603693,30060.062
4.07127117979138,1.51119247470327,27.1513881044263,30062.593
4.0716507283171,1.50915510949093,27.1619743643495,30065.109
4.07197391451536,1.50948924200724,27.1653146965426,30067.64
4.07216859328055,1.51088495095349,27.1687588240776,30070.156
4.07238823458325,1.51065789472038,27.1817329269585,30072.671
4.07258962761363,1.51018546959637,27.1782965037133,30075.203
4.07333017274665,1.51038754388506,27.1836622295465,30077.718
4.07348906685403,1.5090608000729,27.1937100150335,30080.25
4.07408881309713,1.50957852812413,27.1932553227536,30082.765
4.07403319868965,1.51132564972726,27.1980883615496,30085.281
4.07457064238894,1.50830277105789,27.2048102535181,30087.812
4.07482333582631,1.50999853323379,27.2059112466477,30090.281
4.07522504059672,1.50951363105741,27.2085878620004,30092.75
4.07571970262291,1.50909190167446,27.2133762734698,30095.25
4.07598238707188,1.51271692174458,27.2133896756494,30097.718
4.07628924673421,1.50890308291246,27.2225224244081,30100.218
4.0766145797992,1.50959736297935,27.2218211448053,30102.687
4.07698830160301,1.50955280522005,27.2306904103866,30105.156
4.07731494140529,1.51010774047886,27.2266248217685,30107.671
4.07754543361467,1.51143536274097,27.2397134558088,30110.203
4.07780219759348,1.50861926481335,27.240373752685,30112.718
4.07831161237236,1.50843959369363,27.2439015801925,30115.25
4.07868403649692,1.51010093205553,27.2568613585381,30117.765
4.07921587783977,1.51211827881061,27.2551785634057,30120.296
4.07926915303964,1.50820213251366,27.2620596910186,30122.812
4.07978576968554,1.5120294285053,27.2620721356293,30125.343
4.08049147330683,1.50996401876169,27.2639587608015,30127.859
4.08069819010635,1.51110135862343,27.276583949019,30130.39
4.0808968539215,1.50904846694395,27.2816716848956,30132.906
4.08114483238392,1.50901317147739,27.2886700533333,30135.437
4.08141918233983,1.5083746119029,27.299081920505,30137.953
4.08196758632652,1.51032767852388,27.3131647119313,30140.468
4.08232012296647,1.5099528261951,27.3054547870698,30143
4.08285604100936,1.51043003032714,27.302002144441,30145.515
4.08319684167721,1.51084092513366,27.3134561141803,30148.046
4.08325723088397,1.50685702725374,27.3283895276879,30150.562
4.08370835090997,1.51101105395674,27.3290082281314,30153.078
4.08413651335261,1.51019385696007,27.331432039987,30155.609
4.08440407488154,1.51237585484943,27.3278634079321,30158.125
4.08474856866313,1.51088995014939,27.3353774211374,30160.656
4.08542572211956,1.51082803894652,27.3310788070806,30163.171
4.08557061825467,1.51290961229658,27.3360450030989,30165.64
4.08592083312852,1.51144752635364,27.3513060095435,30168.109
4.08618531290657,1.51188649931195,27.3490716195242,30170.578
4.0866401764338,1.51091787897166,27.3479403998682,30173.062
4.08693573350828,1.51157220683421,27.3604365576221,30175.546
4.08783508700861,1.51190385499017,27.3534204737185,30178.062
4.0878123201781,1.50943989976291,27.3620405892091,30180.578
4.08800718551939,1.50801250967677,27.3699889031831,30183.046
4.08832959503306,1.51030039826762,27.3848735495812,30185.531
4.08923282369665,1.51501407973481,27.3884482935122,30187.984
4.08903045569793,1.51013299112743,27.3863683846181,30190.468
4.08968350089718,1.51259903946017,27.3936741243418,30192.937
4.08967675480759,1.50903847083343,27.3956116811584,30195.453
4.09024483679377,1.51124233562953,27.4022347854911,30197.984
4.09071242965662,1.51074872541249,27.4063190806314,30200.5
4.09113258028774,1.51370516603625,27.4024711758915,30203.015
4.09147212598478,1.5110791338167,27.4146282033901,30205.546
4.09224268261055,1.51331871247784,27.4137703598234,30208.062
4.09226471245125,1.51288702727057,27.4202464991072,30210.593
4.09262122577135,1.51186205779434,27.4346966884951,30213.14
4.09300511469977,1.5105388321724,27.4437695218583,30215.609
4.09323238156049,1.50845588262005,27.4507299601601,30218.109
4.09376229757221,1.50965051252647,27.4514991062365,30220.593
4.09402229535593,1.5095973537536,27.4483812070284,30223.125
4.09446209980959,1.51073753985173,27.4537857757066,30225.64
4.09462299939147,1.50747381267969,27.4515138272006,30228.156
4.09487066901707,1.50610057809699,27.4620034303761,30230.687
4.09559622096576,1.5094684046769,27.4601773660555,30233.203
4.09592069398466,1.51322084479914,27.4670391771633,30235.734
4.0964023883276,1.50897528737768,27.4672194368468,30238.25
4.09671887190495,1.51099076194113,27.4773441201658,30240.781
4.0970133155644,1.50672860182339,27.4741511842923,30243.296
4.09754101423754,1.5139840454187,27.4827255974002,30245.828
4.09762942773307,1.50927273190628,27.4872704280643,30248.343
4.09826810388101,1.50894847707162,27.4904072110741,30250.875
4.09851605645643,1.51326446542446,27.5126248023494,30253.39
4.09922605422904,1.51062939884642,27.5092626593536,30255.921
4.09926730657217,1.50888115697463,27.5168151954894,30258.437
4.09959605274297,1.5101065834464,27.5184127700129,30260.953
4.10014895492752,1.51094185432261,27.5219038812908,30263.484
4.10055486173966,1.50872792765897,27.5305167825203,30266
4.10076191197394,1.50714142020348,27.5253832937279,30268.531
4.10121782103649,1.5063601555899,27.530454609478,30271.046
4.10161695970422,1.51241651853655,27.5349380914841,30273.562
4.10215698582056,1.50824846294222,27.5431195266916,30276.093
4.10242132464322,1.51114833635233,27.5427969671442,30278.609
4.10304459731107,1.51182030520681,27.5466044692222,30281.078
4.10314225557653,1.51031456106922,27.552945468802,30283.546
4.1036111494366,1.51132380834391,27.5508505596958,30286.046
4.1039834220082,1.51073540788178,27.5575930276821,30288.515
4.10420546915748,1.51045550097101,27.5562223486018,30291
4.10467549627124,1.50976940067086,27.5664262557418,30293.468
4.10517376494925,1.50776039108981,27.5725046504854,30295.937
4.10537711783086,1.51195768200016,27.5689199190072,30298.406
4.1059966062997,1.51178244008246,27.5690853164732,30300.937
4.10615804607603,1.51393821911134,27.5841167210344,30303.453
4.10672563551701,1.51035983623936,27.5900498058335,30305.968
4.10688820643599,1.51305365475578,27.5997074487506,30308.5
4.10753936641026,1.51375569238499,27.6060260594707,30311.015
4.10798231673159,1.51359749160645,27.6101307747652,30313.546
4.10822926325032,1.5091957329593,27.6182617864204,30316.062
4.10845631659555,1.50970421749786,27.628532334972,30318.593
4.10913135299695,1.51440835532587,27.6247015815128,30321.109
4.10957362177449,1.50932883643905,27.6289287522873,30323.64
4.11002316404361,1.50998012171194,27.6414820807445,30326.156
4.1099272484631,1.51100564205953,27.6399987668434,30328.687
4.11070040565454,1.50962334438038,27.651301013183,30331.203
4.11113790582988,1.51086626200326,27.6544894171188,30333.718
4.1113434196174,1.50907666575083,27.6572432788152,30336.25
4.1118939929224,1.51213490976966,27.6598994982319,30338.765
4.11203464296226,1.51262930312037,27.6623615925627,30341.296
4.11263276529772,1.50975060849749,27.6678748745699,30343.812
4.11286221197639,1.50895868501359,27.684783596322,30346.343
4.11364412204759,1.50965782372929,27.6825647245978,30348.859
4.11415201543288,1.51115044671753,27.6940866007491,30351.328
4.11422189802411,1.50968160173117,27.7029403691431,30353.796
4.11460213631785,1.50864015361131,27.6983364960563,30356.343
4.11500838857195,1.51361738255544,27.70154280251,30358.828
4.11543216693724,1.50904066123495,27.7050314852719,30361.312
4.11544265773907,1.51072567089234,27.7153901055262,30363.781
4.1159484376328,1.50961231183113,27.7240051443777,30366.296
4.11643233664346,1.51001956217019,27.7132610076741,30368.812
4.11714437403928,1.51036387194207,27.7236147587148,30371.343
4.11746708509145,1.51024099855439,27.7259868479049,30373.859
4.11791488821801,1.5116070027246,27.7284545399375,30376.39
4.11822540370832,1.51268996271306,27.7353295297657,30378.906
4.11836841295294,1.512881642695,27.7444511637312,30381.437
4.1191359888079,1.51199086721153,27.7506560817433,30383.953
4.11946696250126,1.51196488059745,27.7507026405779,30386.468
4.11982790008228,1.51196819572164,27.7548775113138,30389
4.11992558436284,1.51263431608307,27.7532227522599,30391.515
4.12065359914093,1.51083471148547,27.7636284755884,30394.046
4.12098457610112,1.50950768928393,27.7640567683497,30396.578
4.12132427104056,1.51149636814128,27.7777793122852,30399.093
4.12197133037165,1.51535167524246,27.7837325740964,30401.625
4.12241470313716,1.51068244428905,27.794373802593,30404.5
4.12263838182507,1.51098249983437,27.793411162262,30407.109
4.12334316422226,1.5126801509776,27.7993242269194,30409.703
4.12349125813848,1.51099421451514,27.8020676139168,30412.265
4.1239446772789,1.50758463760789,27.8079363226867,30414.843
4.12447001255187,1.50899380068305,27.8052240307598,30417.406
4.12493000192011,1.511243148275,27.8128502994798,30420.093
4.12524567653513,1.50911952668915,27.8258773534415,30422.703
4.12585973742773,1.50991301292117,27.8383051260694,30425.296
4.12598637229544,1.510904733873,27.8343246734102,30427.89
4.1266180852273,1.51067394546536,27.8418229152,30430.5
4.12704966759445,1.50869683544643,27.8521859079809,30433.062
4.12740359937896,1.51372264057839,27.8621860320118,30435.625
4.12777464518262,1.51455909498697,27.8665470360594,30438.203
4.12807586781882,1.50835466140762,27.8638274671941,30440.765
4.12874845670598,1.51057005291955,27.8782364073867,30443.328
4.12886330288824,1.51305297180924,27.8786195714696,30445.89
4.12967236807366,1.50882825696545,27.8756399288204,30448.453
4.12963575661736,1.50787838014589,27.8817150732737,30451.015
4.13041613416747,1.51192789767387,27.8862019479204,30453.578
4.13082788274437,1.50872978588021,27.8913948720849,30456.14
4.13114593743524,1.50641434601283,27.8996816880903,30458.703
4.13154047655224,1.51225629950852,27.902339655785,30461.296
4.13192925438592,1.50741392925268,27.9071444012301,30463.859
4.13239112681736,1.50952194724413,27.9115391247736,30466.437
4.13329216746754,1.51299602214774,27.9133335868211,30469
4.13362857973033,1.51272463644682,27.9294439416759,30471.562
4.13371749564941,1.50817457036187,27.9391782076581,30474.14
4.13414906803983,1.5077017921419,27.9418429596381,30476.703
4.13460862426491,1.50751399088492,27.9486205878173,30479.265
4.13499643013888,1.51370245211982,27.9587330985881,30481.812
4.13529302965421,1.51008608226279,27.9603574922688,30484.39
4.13542222982335,1.509605784837,27.9581099890013,30486.953
4.13640010531339,1.50831611406395,27.9683112980364,30489.593
4.13665697436226,1.50896162626566,27.9777226864179,30492.25
4.1374014400495,1.50915461082572,27.9866480481462,30494.828
4.13747355257739,1.50872850260701,27.9785954863673,30497.39
4.1380188257292,1.51396504629581,27.9922868784814,30499.968
4.13826947343332,1.51327341174966,27.991796052739,30502.531
4.13878566332779,1.50793064918107,27.9856746872313,30505.093
4.1387748355566,1.5122300112544,27.9977807299413,30507.656
4.13972468839149,1.50843941632048,28.0040118921229,30510.218
4.13978576853624,1.51211641047269,28.009822444521,30512.781
4.14015325355227,1.50945052523181,28.0175842647146,30515.343
4.14060826218871,1.51088467933372,28.024963477145,30517.906
4.14100400856825,1.50973659111527,28.0454169134947,30520.468
4.14167434630076,1.51308309678127,28.0525283391044,30523.046
4.14197152933122,1.50928131913103,28.0448206928339,30525.609
4.14263784162744,1.51455018012803,28.0491650635936,30528.171
4.14279253966631,1.50974543264991,28.0596861471781,30530.734
4.14362222898649,1.51182196730275,28.0574443187646,30533.296
4.14381753706499,1.5096955086863,28.0696849752473,30535.875
4.14426692172183,1.50895891641058,28.0783639130046,30538.437
4.14458001093936,1.51050959209214,28.0828162311458,30541
4.14482509088392,1.5092185640948,28.0954851634113,30543.562
4.14573961156943,1.50940078056159,28.1006195302039,30546.14
4.14582540356093,1.51162371719034,28.1015402286221,30548.703
4.14664277439587,1.51003587606021,28.1030234174909,30551.265
4.14672364626292,1.50682999314026,28.1065393980595,30553.937
4.14718566089087,1.51062564717735,28.1132133510534,30556.531
4.14770381265802,1.51082692980392,28.1212851252304,30559.093
4.14807765543724,1.51073320894122,28.1359854873567,30561.671
4.14850938642324,1.50864035714385,28.1344473818196,30564.218
4.14874686002258,1.51222416302946,28.1432744523373,30566.781
4.14931356346052,1.51174814988983,28.1453607220113,30569.343
4.14995226901402,1.51317893291793,28.150353000457,30571.906
4.15009910690055,1.50910160031924,28.1535798556762,30574.468
4.15079998225297,1.50846176732795,28.1652580253125,30577.031
4.15129127955449,1.51287773740318,28.1667809639376,30579.593
4.15146158228943,1.5110451645416,28.1736038109815,30582.156
4.15177991638947,1.51164253536407,28.173258435747,30584.718
4.15212602732817,1.50789493178432,28.1838993247155,30587.281
4.15276554464217,1.51277302773704,28.1959410281815,30589.843
4.15309639364761,1.51256421627618,28.2048731837751,30592.406
4.15353565523308,1.51097545266722,28.213314289116,30594.968
4.15415407199776,1.50831820778753,28.2233835121628,30597.546
4.15428086427118,1.50881519214161,28.2335761445409,30600.109
4.1548515696963,1.51152759570316,28.2370219984019,30602.671
4.15498571548003,1.50815801068737,28.2374447761186,30605.234
4.15575739905511,1.51267191971883,28.2334245360228,30607.796
4.1559290289168,1.50992778392239,28.2517596394155,30610.359
4.15667080037399,1.51232499675017,28.2495627771906,30612.937
4.15690631123018,1.50989028299392,28.2591750652967,30615.5
4.15750368076868,1.51038753954129,28.2632101944796,30618.062
4.157394065894,1.51029290011247,28.2664616828177,30620.625
4.15802822930812,1.51134249435524,28.2759169379783,30623.187
4.15845696780386,1.51206123941246,28.2908596012293,30625.75
4.15934829653965,1.51248019325195,28.2980325947058,30628.312
4.15920809690348,1.51097250266944,28.3012932006375,30630.875
4.16007721093938,1.51286178366801,28.3102802423497,30633.437
4.16024636554634,1.51297109736237,28.3116387554881,30636
4.16060477384387,1.5089021368913,28.320406088528,30638.562
4.16067370448449,1.51044894687867,28.3271347479153,30641.125
4.16130027605785,1.51064041924189,28.333044064137,30643.703
4.16188358712696,1.51214689620015,28.3376037530912,30646.265
4.16261136513665,1.51081930152451,28.3527762181578,30648.843
4.16268808362681,1.5115601132179,28.3542929804954,30651.468
4.16336388541615,1.50893016039579,28.3628575163514,30654.078
4.16366478903899,1.50811564994575,28.3695134789198,30656.656
4.16401076316717,1.5099427987923,28.3754640229173,30659.218
4.1645646477751,1.50738053138644,28.3864384415989,30661.812
4.16494313321446,1.51305754511595,28.3950460433174,30664.375
4.16517828544585,1.51129070263885,28.4006439293586,30666.937
4.16575684629558,1.51144311213734,28.4033044099243,30669.5
4.16647557121422,1.50727568982877,28.4180513387303,30672.062
4.16631707443884,1.51209038409586,28.4200561747493,30674.625
4.16715850503875,1.50935773866187,28.4290951922234,30677.187
4.16753564778973,1.51132660851747,28.4364606421155,30679.75
4.16776145019071,1.51202302129047,28.4401199407565,30682.312
4.16827611975709,1.5095253743082,28.455985721983,30684.875
4.16871206328276,1.508688401877,28.4572666222765,30687.437
4.16905386441392,1.51034058527922,28.4605029232246,30690
4.16961484487327,1.51090441407253,28.4669153312703,30692.562
4.16993723486231,1.5082951882153,28.479045290325,30695.125
4.17039271583975,1.51019069697394,28.4840390700728,30697.687
4.17070544553429,1.51030557707798,28.4933745141421,30700.25
4.1711507733339,1.51038302472845,28.5037756462068,30702.812
4.17170116386145,1.51200662905952,28.5053729446702,30705.375
4.17193867499326,1.50943531403227,28.5202987673691,30707.937
4.17252519324113,1.50804180203805,28.5247269021217,30710.5
4.17276122856492,1.51252566745138,28.5270066117644,30713.062
4.17347890113767,1.51011146821139,28.549294549139,30715.656
4.17380683002508,1.51097969354961,28.5466985086321,30718.281
4.17413648288928,1.5117408320695,28.5579034005947,30720.906
4.17470430194977,1.51284707169863,28.5602533045406,30723.578
4.17516931899958,1.5101470217639,28.5644060399968,30726.203
4.17556308984927,1.50871121620426,28.5774527629741,30728.781
4.17589895024251,1.5079387482619,28.5864695554908,30731.343
4.17642330322759,1.50693206721825,28.5919287482369,30733.906
4.17637393061751,1.50784463424432,28.6012002552289,30736.468
4.17713214405881,1.51149431035684,28.6155589544652,30739.031
4.17757425424932,1.50730021743177,28.6204290094225,30741.578
4.1779183387206,1.5140315166376,28.6299317307317,30744.14
4.17847692691167,1.51395068217767,28.629177650282,30746.703
4.17889611080501,1.50905515896396,28.6302063325807,30749.265
4.1791206147437,1.51138294070283,28.6429379123534,30751.828
4.17950038079742,1.50829803910598,28.6550877684242,30754.39
4.18005627238069,1.510363258511,28.6592963798122,30756.953
4.18048599229878,1.51213694239917,28.6749088559256,30759.515
4.18088109748192,1.51080778692873,28.6804061208975,30762.078
4.18143247859223,1.51393855664559,28.6885168235251,30764.64
4.18170794689456,1.51189034244512,28.7156625321822,30767.203
4.18231506979656,1.51099259494427,28.7277546229134,30769.781
4.18246042942229,1.50868546190995,28.7244946978986,30772.343
4.18322371606038,1.50953608655677,28.7322267343699,30774.906
4.18341124980846,1.50747023561188,28.7283292089643,30777.468
4.18358991541391,1.51208409786289,28.7381767088546,30780.031
4.1841536197715,1.51192142429962,28.7428247091495,30782.593
4.18491801132105,1.50799455706587,28.7529399896942,30785.187
4.18520491117811,1.50860529990652,28.7571731122511,30787.812
4.18567341893765,1.51168293266624,28.7765664192658,30790.421
4.18638263218541,1.50778103004963,28.783826569987,30792.984
4.18646788893609,1.51330563307618,28.7818604236337,30795.546
4.18704859767097,1.51001964596746,28.7925899161283,30798.109
4.18720589811934,1.51120764245932,28.8001509396112,30800.671
4.18766842011498,1.5122441980876,28.8076731520572,30803.234
4.18834529989858,1.51177306960966,28.8236308140677,30805.796
4.18862681148504,1.50970247352336,28.8325520532002,30808.359
4.18904188969468,1.50697364425227,28.8410233530459,30810.921
4.18956823641939,1.5082985915379,28.8421262728232,30813.484
4.18995672286262,1.51170352910706,28.8488708904223,30816.046
4.1902930773004,1.50870679795064,28.8642840729074,30818.609
4.1907146969309,1.50950042841696,28.8852474233727,30821.171
4.19108975988164,1.50761358581123,28.8948716449368,30823.734
4.1913545903495,1.50633532594672,28.8994237165253,30826.312
4.19216309172453,1.50822079816591,28.9088018476904,30828.859
4.19215975743625,1.50953040800794,28.9265993540215,30831.437
4.19288186674198,1.5112688660613,28.9368909988076,30834
4.19328343575397,1.51322195321696,28.9392914921668,30836.562
4.19373446699304,1.50970679431182,28.9449477094403,30839.125
4.19424135750574,1.511146417272,28.9546086417782,30841.687
4.19475121761985,1.50814393544855,28.9596690029805,30844.25
4.19471108130793,1.50999358731434,28.9731581001128,30846.843
4.19513857797352,1.51195448880895,28.9754816786164,30849.406
4.19594751247123,1.50953601035612,28.9831097857689,30852.031
4.19624285581154,1.50562452758741,28.9906524387542,30854.593
4.19668939366821,1.51152174577583,29.0024934938205,30857.156
4.1968176999552,1.50577678491524,29.0117184307482,30859.718
4.19745591010848,1.50713142476586,29.0160093970366,30862.281
4.19757364037915,1.51099546549614,29.0298473537226,30864.843
4.19831498750589,1.5101158539029,29.0363944606911,30867.406
4.19859392568617,1.5096485703889,29.0469602801482,30869.968
4.19910017921185,1.51057425066456,29.0561801074397,30872.531
4.1994527876231,1.50931277209407,29.0615780691916,30875.093
4.19977613606534,1.51196428672008,29.0710980835192,30877.656
4.20044361316404,1.51131171657694,29.080157802007,30880.234
4.20067439038871,1.50823668808805,29.0937690827143,30883.156
4.20082153781342,1.50767470414011,29.1088576303874,30885.921
4.20163040803364,1.50773884729111,29.1177707077723,30888.609
4.20191814459545,1.50549438458947,29.121862537038,30891.328
4.20234458372838,1.50602792255413,29.1246992794004,30894.062
4.2025853842399,1.50326497403248,29.1382365449555,30896.796
4.20267437586093,1.50564119074362,29.1546158761976,30899.453
4.20302719121471,1.50450952330315,29.1659264060632,30902.187
4.20366260329424,1.50630776380877,29.1754221591451,30904.859
4.2039995998546,1.50040151569462,29.1775727625854,30907.578
4.2044174402935,1.49921021613063,29.1931895680743,30910.234
4.20477665887405,1.50118197259628,29.1949454779556,30912.953
4.20500591269459,1.49949993760726,29.2109317895471,30915.625
4.20546943138106,1.50189392240438,29.2267128235691,30918.359
4.20579197480587,1.49912133753179,29.230248664863,30921.031
4.20600442242846,1.49756506856764,29.2405914815383,30923.765
4.20658756904904,1.49698119613301,29.2652999823494,30926.484
4.20620129452636,1.48873770445927,29.281514842516,30929.234
4.20568865964632,1.47418827576371,29.2951111180408,30932
4.20514766883642,1.46564489541433,29.3016054865503,30934.75
4.20520132794573,1.46375506999073,29.3032782292088,30937.484
4.20564392540398,1.46260398190021,29.3106542449076,30940.218
4.20495412048639,1.45576871167881,29.3223633460972,30942.921
4.20521405553835,1.45601013362541,29.3298988005271,30945.656
4.20565519149809,1.45326935572845,29.3350131762243,30948.328
4.20514674549755,1.44416916546467,29.3351905214741,30951.093
4.20498215071717,1.44220910833329,29.3401120105891,30953.765
4.20540878054682,1.44226218700298,29.3515746780101,30956.484
4.20572462103631,1.44322445248572,29.3671388306596,30959.171
4.20589350255009,1.44130798790499,29.367606543189,30961.89
4.20618405998575,1.43878788765728,29.3776371054881,30964.562
4.2064960621011,1.43712001172069,29.3837918490601,30967.296
4.2067484048903,1.4401519422875,29.3911596621917,30969.968
4.20625450957087,1.43120447552354,29.3963268721502,30972.734
4.20558366375408,1.4183387605757,29.4001363396388,30975.421
4.20581641547094,1.42133836138107,29.4159970294385,30978.156
4.20612555055188,1.41893731976285,29.4179460670281,30980.828
4.20636817081972,1.41381833764526,29.4225821819376,30983.562
4.20652948929872,1.41891419023821,29.4315273769393,30986.234
4.20699448650178,1.4170078500975,29.4411739863159,30988.953
4.20622408381719,1.40828915763492,29.4471083431138,30991.656
4.20591998017386,1.39790551901986,29.4634367832718,30994.421
4.20611640754228,1.39726175961935,29.4676240020188,30997.093
4.20637112326245,1.3972641718841,29.476798292303,30999.812
4.20641236919724,1.39537089286787,29.4817680657216,31002.484
4.20688552391467,1.39363178548064,29.4850672184011,31005.203
4.20601394491551,1.38407352889267,29.4946850184164,31007.968
4.20584413463082,1.3788001172981,29.4999858064945,31010.718
4.20586447824013,1.37353426604892,29.5093133293565,31013.468
4.20623086421299,1.37391247169843,29.5185683853324,31016.203
4.2064259429153,1.37769083914324,29.5322550227269,31018.875
4.20633177500156,1.37432307034137,29.5501591264695,31021.609
4.20696975195996,1.37105237570029,29.5524834598194,31024.281
4.20642202570462,1.36478675497324,29.555550309005,31027.031
4.20631704124362,1.36040629834702,29.5494458103256,31029.703
4.2068869293035,1.35997165567957,29.548465510686,31032.437
4.20616280502275,1.35369682818168,29.5469489543972,31035.14
4.20568582589722,1.3380241584819,29.5580667326781,31037.89
4.20596246211403,1.33743709677167,29.5701158703694,31040.562
4.20599721652875,1.33800078485549,29.5714123815051,31043.296
4.20602066468383,1.34074497594,29.5832586176947,31045.953
4.20637512415275,1.34288952022195,29.5862321237478,31048.687
4.20673439184262,1.3382417860487,29.5937004929587,31051.359
4.20614134578785,1.32967508242185,29.5998158358122,31054.125
4.20585703870548,1.31855809839445,29.6123078141526,31056.828
4.20587054467359,1.32077540238023,29.6125507961724,31059.546
4.2060875507573,1.31735271008172,29.6132754262982,31062.218
4.20628308422149,1.31676054245621,29.609057593995,31064.953
4.20638575877795,1.31759320278764,29.6043968409078,31067.625
4.2066416935298,1.31683189996385,29.6088748660086,31070.343
4.20625573908066,1.30750482432456,29.6257877230809,31073.046
4.20641596921147,1.30858224677138,29.6277880964044,31075.765
4.20684458468919,1.30969769363673,29.6329473568762,31078.437
4.20606443620715,1.29323366293346,29.6375096562703,31081.203
4.20621967444083,1.2948955230678,29.6415780953996,31083.875
4.20643345466681,1.29531271510833,29.6497050469373,31086.593
4.20681534364717,1.291717017053,29.6479798937399,31089.328
4.2063907512841,1.28531471094843,29.6499718122556,31092.093
4.20640026456411,1.28349732879385,29.6571144881981,31094.812
4.20662517287333,1.28318016190402,29.6662709750447,31097.531
4.20614434078308,1.27330993970603,29.6627724217402,31100.234
4.20620309350434,1.27154826849444,29.6682218878432,31102.953
4.20661797404927,1.27181215695223,29.6752498463131,31105.625
4.20613124301463,1.2619878135435,29.6765128805185,31108.39
4.20634324073096,1.2618797105001,29.6704187054568,31111.062
4.20658876355162,1.25998169964833,29.6772170521223,31113.796
4.20594109220545,1.25105378174438,29.6857293862958,31116.484
4.20610341625118,1.25014328218804,29.6838994692545,31119.218
4.20643932096079,1.24944200627714,29.6830262809665,31121.89
4.20673321762834,1.25177571954404,29.694915601243,31124.625
4.2069397245761,1.24632529093511,29.6982602963666,31127.296
4.2070727418719,1.24649332697209,29.7020147472882,31130.015
4.20736497619236,1.24749042188757,29.6991936396369,31132.687
4.20766483190062,1.24841427879822,29.6949741547701,31135.421
4.20734807281286,1.23479995840104,29.6908669200237,31138.109
4.20661078095497,1.22933667226357,29.6952455976583,31140.875
4.20599753835127,1.21797760358142,29.6983513325423,31143.562
4.20604248467079,1.21580262988703,29.6854540118338,31146.296
4.20641233506091,1.21651869330302,29.6916219601131,31148.968
4.20669768542556,1.21601874780465,29.6958448424831,31152.078
4.2060949963809,1.20719805018308,29.7044953767115,31154.937
4.20621325807005,1.20710802100939,29.7102097261695,31157.765
4.20653817449001,1.20330882029365,29.6968317355821,31160.609
4.20722804510814,1.2050958798993,29.6982462033101,31163.453
4.20612537807133,1.19749651971587,29.6992137984663,31166.375
4.20669089864744,1.19464676987173,29.6947775181113,31169.234
4.20690784866202,1.19482422982629,29.7076036582102,31172.078
4.2071951058654,1.19455243112856,29.6935873533577,31175
4.20750166581765,1.19277040164568,29.6959469254368,31177.812
4.20735572733093,1.19069677602688,29.6966371720122,31180.64
4.20794016696756,1.19320419627247,29.6991297420459,31183.484
4.20734144221933,1.17916944034053,29.7002782957943,31186.343
4.2066587519348,1.16939095395423,29.7032580402183,31189.218
4.20719617116242,1.17085182118013,29.6937772240173,31192.046
4.20703051944067,1.17047559099097,29.6975668727957,31194.89
4.20751859717953,1.16805118408597,29.7034968415346,31197.718
4.20786620092419,1.16715054424147,29.700063059972,31200.546
4.20735804282881,1.15729235524423,29.6976508434902,31203.406
4.20673936568956,1.14813919356441,29.6926722873031,31206.281
4.20711231575789,1.1432920526583,29.6939713070317,31209.109
4.20718916097519,1.14869389469703,29.6986125495865,31211.953
4.20739209118605,1.14528963076341,29.6834512492697,31214.796
4.20781655407921,1.14550415074615,29.6780169243066,31217.64
4.20709724449909,1.13675751277705,29.6815544625971,31220.515
4.20721324391372,1.13728466419688,29.6807977733276,31223.375
4.20745916086726,1.13497301847443,29.6796294386899,31226.218
4.20759672998665,1.13357571631774,29.6833795903292,31229.062
4.20781928558459,1.12540419939566,29.6709482141309,31231.937
4.20665405163353,1.11719063329026,29.6845314281549,31234.812
4.20699066351265,1.11565820851262,29.6856929822146,31237.656
4.20708699073663,1.11499827703909,29.6701526567707,31240.562
4.20745712419927,1.11481860480737,29.6613398430788,31243.437
4.20773131957026,1.11286025467749,29.6651594773467,31246.281
4.20700313822766,1.10188453446511,29.6547552857909,31249.156
4.20626997068171,1.09592219942419,29.6611781162842,31252.062
4.20649908388305,1.09129807218459,29.6666362184109,31254.953
4.20695324621869,1.09234282059496,29.656704996267,31257.828
4.20702768401161,1.09060368788414,29.6434013954905,31260.703
4.20729281496073,1.09329961002987,29.6393161868499,31263.578
4.20759289685894,1.0906144938977,29.6358144010787,31266.453
4.20723508023043,1.08010821906589,29.6308089584006,31269.359
4.20720288913616,1.08094997604683,29.6259694432593,31272.234
4.20732178366542,1.07978478040357,29.6100489969066,31275.125
4.20770803480587,1.08032349297829,29.6139375843069,31278
4.20743623030719,1.07050827450203,29.6138999089522,31280.906
4.20760811818302,1.06837686426105,29.6204089363218,31283.781
4.20704394577806,1.0606046809478,29.6004195885854,31286.687
4.20718207780475,1.05670582598354,29.5933329518095,31289.562
4.20726789546751,1.05840447572485,29.5918358158547,31292.453
4.20763752752217,1.05820906257102,29.5825691284783,31295.328
4.20721386351221,1.04621477010343,29.5838537203301,31298.234
4.20728454124115,1.04821509108411,29.5844704933302,31301.109
4.2071937317426,1.04778132800422,29.575152613866,31303.984
4.20784332730092,1.04608097331427,29.56773287234,31306.859
4.20718980207436,1.03706355407782,29.5555156618386,31309.765
4.20715900387393,1.03354309020617,29.5477714058801,31312.656
4.20768583757783,1.03620247336097,29.5459848942405,31315.531
4.20690901172519,1.02594128503062,29.5381686653886,31318.437
4.20737958426827,1.0241599105342,29.5403847123504,31321.312
4.2072934964896,1.02359225787431,29.5378354556235,31324.203
4.20750025945403,1.02404118294979,29.5410115172628,31327.078
4.20763892991906,1.02321573705237,29.5267087695759,31329.953
4.20800365935785,1.02557277156697,29.5261503266419,31332.843
4.20820749942406,1.02600736102962,29.5074448456368,31335.718
4.20875467116761,1.02425116609446,29.5004626606818,31338.593
4.20789795791502,1.00930344181173,29.5009951008479,31341.5
4.20753297211815,1.00088949452002,29.495239609552,31344.406
4.20724649166107,1.0017794835894,29.484819878764,31347.312
4.20766183709922,1.00243304558586,29.4829259086126,31350.14
4.20790415964801,0.999408548825632,29.4714731497864,31352.953
4.208245831331,1.00247274110888,29.4689803938753,31355.812
4.20844759118716,1.0004118794409,29.4644494526154,31358.671
4.20867255088653,1.001503002079,29.4527284918607,31361.546
4.20800990993605,0.99074078296701,29.4404166003519,31364.468
4.20768358595899,0.980354256044577,29.4374715869738,31367.375
4.20657821834444,0.971601490383361,29.4292519115996,31370.281
4.20690488429248,0.972604084884365,29.4248818379429,31373.093
4.20710875166854,0.970957058911272,29.4179341452573,31375.906
4.20700226224004,0.97221250509299,29.4065122862586,31378.765
4.20752281596168,0.970817207025272,29.3962099166373,31381.625
4.20748965538057,0.968068704822834,29.3888692192863,31384.5
4.20764875882971,0.969607752808616,29.3811620514721,31387.312
4.20806970994921,0.967040252128592,29.3792043781597,31390.125
4.20841533955715,0.968399543186559,29.3783829413374,31392.968
4.20847746805595,0.965304715682139,29.3683423806829,31395.843
4.20859967492059,0.963326716301723,29.3697129051516,31398.718
4.20820752265104,0.95666432653892,29.3765473361587,31401.64
4.20761926842117,0.948347155485898,29.3451602908342,31404.546
4.2074217191442,0.946102282313507,29.3471625786383,31407.437
4.2078686659211,0.943364633581932,29.337500767851,31410.312
4.20791247356812,0.945142150065062,29.3390915570926,31413.187
4.20806656533945,0.943219899963972,29.3278690222263,31416.078
4.20818719317021,0.945443737670518,29.3104589142013,31418.953
4.20824615011773,0.943487460310463,29.3000013724255,31421.843
4.20866039295556,0.944568849625941,29.2936517035273,31424.718
4.20808538422676,0.935971961289869,29.2856704766693,31427.625
4.20741597695826,0.923504778750665,29.2732613403888,31430.546
4.20763737160443,0.924170467805985,29.270055551986,31433.421
4.20769171001352,0.922599410195054,29.2611705248273,31436.312
4.20787557813859,0.921026149965891,29.2473305213523,31439.187
4.20814799791352,0.923075869427875,29.2342911371435,31442.078
4.20811279247789,0.920435232343707,29.2259403300991,31444.984
4.20841870727988,0.921471409418625,29.218141979347,31447.89
4.20836142823704,0.919134876739588,29.2186960167539,31450.703
4.20869709099147,0.920132725947926,29.2155543966797,31453.515
4.20812246179085,0.914311960941298,29.2092602799159,31456.39
4.20819379579167,0.910228245403818,29.2059459255417,31459.265
4.20859962656966,0.910182930829443,29.1944829422077,31462.078
4.20794777970416,0.899846667367129,29.1790652855738,31464.921
4.20793119311995,0.899064848324595,29.1753412781347,31467.781
4.20824570025955,0.899709212310812,29.162987853337,31470.64
4.20816882627193,0.897848616049208,29.1589088313298,31473.515
4.20820723690747,0.896005600035538,29.1433317932377,31476.406
4.20857493509176,0.897920862192911,29.1402507489271,31479.281
4.20802427060576,0.885505728122738,29.1294691917947,31482.203
4.20811058728544,0.889720153011474,29.1193026636389,31485.062
4.20827155558644,0.889178619236667,29.1072941749395,31487.953
4.20841677364657,0.887308816787022,29.1037861474338,31490.765
4.20841992689232,0.8878860275975,29.0989966944388,31493.578
4.20857618104369,0.890349247178179,29.0869129594439,31496.437
4.20793915382746,0.874179508642092,29.0782408090303,31499.328
4.20818237225769,0.879500694822323,29.0708338584546,31502.203
4.20820085627851,0.874880539637904,29.0612898191991,31505.078
4.20857536652825,0.875485134329348,29.0555553953884,31507.968
4.2077117094314,0.868281737232211,29.0445949161876,31510.875
4.20780357701825,0.865532628622199,29.0332446301427,31513.765
4.20831791396857,0.864132980395071,29.0238202897113,31516.64
4.20843517887958,0.868135933018305,29.024615378419,31519.515
4.20821040444023,0.865240945301583,29.0182754059933,31522.406
4.20872825043714,0.866546338532832,29.0058476248026,31525.281
4.20789665097491,0.856541493643921,28.9963245662895,31528.546
4.20814636324977,0.856153456232485,28.9859542872796,31531.531
4.20836216788314,0.856546648558841,28.9756382289223,31534.484
4.20820607883003,0.850724474924661,28.9718937843343,31537.406
4.20874394865491,0.855111158277083,28.9629044223825,31540.312
4.20801945345879,0.838956542029021,28.9491831425755,31543.25
4.20808735675597,0.84405182572126,28.9408872171755,31546.171
4.20824331570675,0.843615274257524,28.9306294738693,31549.078
4.20819280525693,0.845905914093373,28.9202628424635,31552
4.20859322264097,0.8415070867455,28.9130341140773,31554.906
4.20730103266823,0.832985170151164,28.9010352563125,31557.843
4.20771711213286,0.833991810613418,28.8923982475307,31560.765
4.20790732002257,0.834084967304424,28.8991694641279,31563.671
4.20794736599323,0.831631561202644,28.8878288892434,31566.578
4.20846354673264,0.832602586503512,28.8749443919267,31569.5
4.20847331970883,0.831141597812797,28.8645282693567,31572.406
4.20855969835315,0.832067587855389,28.8545314977772,31575.375
4.2079519565947,0.822920097726837,28.8408788953597,31578.328
4.20781532733054,0.822665739795553,28.8368592492356,31581.234
4.2079882548973,0.822126762975952,28.8241520868008,31584.156
4.20830595783363,0.822294583481912,28.8098887216107,31587.078
4.20844850644054,0.819980588238942,28.8102909084323,31589.984
4.20867054496079,0.818135562955697,28.7994751089357,31592.968
4.20775104457784,0.812621963060597,28.7925760861196,31595.937
4.20823221751252,0.808104515717177,28.7921096142551,31598.859
4.20801193182581,0.809997785631107,28.7827427157884,31601.781
4.20824821018688,0.810232360838165,28.7760867226845,31604.703
4.20839227963608,0.806368965321941,28.7642580745419,31607.671
4.20839448858469,0.810376333566968,28.7488230043342,31610.593
4.20858099117751,0.807992366412893,28.7386678402346,31613.5
4.2080771127858,0.802570672842984,28.7338298079795,31616.453
4.20796348553484,0.800126550584896,28.7291579453763,31619.359
4.20802121706407,0.797910936148122,28.7163800668282,31622.281
4.20842242950897,0.798390431210301,28.71430818447,31625.203
4.20831482555795,0.79702980669831,28.7127364132673,31628.109
4.20858771743342,0.79645751104902,28.6950582989109,31631.031
4.20864232981603,0.792300055818316,28.681215645363,31633.953
4.20879518342328,0.796960927588021,28.683120305882,31636.859
4.20908707379168,0.796762951185515,28.6743820691739,31639.781
4.20746801379423,0.778945953608224,28.6600712881158,31642.718
4.20724025396964,0.777477957856868,28.6501689069587,31645.64
4.20772722950987,0.778828529283485,28.6464416140169,31648.546
4.20770190856859,0.777745389838154,28.6363224511854,31651.468
4.20786023275859,0.777596040404471,28.6285736150896,31654.39
4.20785023381485,0.777057031871261,28.6217919433389,31657.296
4.20819546574109,0.777796484976282,28.6149332199405,31660.203
4.2082534001035,0.77639323358641,28.5961184675227,31663.125
4.20822321059086,0.774761953224465,28.5954505165552,31666.031
4.20845302901913,0.775409908019838,28.5877733828063,31668.953
4.20867493357035,0.776262366874608,28.5785444036176,31671.859
4.20881289077325,0.771975474620291,28.5691274880405,31674.796
4.20895813288388,0.773977855072489,28.5589781484298,31677.703
4.20930745593684,0.77515404208064,28.5479681376586,31680.625
4.20905837001867,0.769864947235102,28.5390510589698,31683.531
4.20941219407745,0.775358682915167,28.5378405324761,31686.437
4.20774869469958,0.754363224898109,28.540534101431,31689.39
4.20721537466997,0.741973569359687,28.5306018565711,31692.343
4.2064583372411,0.729435778207363,28.5090848834564,31695.296
4.20638837288184,0.735716194445348,28.4901035994159,31698.218
4.20657340924784,0.738078888134826,28.4828274217464,31701.14
4.2056674389042,0.723359599686235,28.4834959095991,31704.062
4.20492197221467,0.71412611024632,28.4731437283519,31707.046
4.20383622090386,0.706813425599628,28.4659850306887,31710.015
4.20330245311365,0.694001473478786,28.4594153032926,31712.953
4.203290419179,0.6954023855247,28.4547958599081,31715.875
4.20316772494865,0.697240965867945,28.4443345460862,31718.859
4.20397922898975,0.706915385122269,28.4283009640499,31721.859
4.20410163450135,0.703669901538021,28.4167759367842,31724.781
4.20333947752526,0.696865878078054,28.4113519972176,31727.75
4.20435877046581,0.70236543458429,28.4099786909682,31730.703
4.20415434275929,0.707189312963905,28.4040406288875,31733.64
4.20443900863122,0.702906189123756,28.3933047938197,31736.546
4.20430301349778,0.7009108634405,28.3913812422694,31739.453
4.20454704585214,0.702960146328607,28.3754811273709,31742.375
4.20396479661339,0.695063536185876,28.3642839253103,31745.312
4.20317674856701,0.684409156617428,28.3554968621921,31748.281
4.20375459721167,0.700016808533882,28.3542973606817,31751.218
4.20309430271239,0.683840768712885,28.3473626682599,31754.171
4.20391846658856,0.697058027812676,28.3344580388026,31757.109
4.20350366507338,0.683298424835674,28.3213166234552,31760.125
4.20422980015406,0.696341396046693,28.3120846441893,31763.093
4.20435369708796,0.692947022010862,28.3045327015094,31766.062
4.20438443151803,0.698800702715399,28.2937042506423,31769.015
4.20329654962518,0.68491533970109,28.2846158666581,31771.984
4.20483339856515,0.687956183434373,28.2922964397938,31774.937
4.20450144931565,0.69218175307378,28.2805260124969,31777.875
4.2043173541967,0.681217789942317,28.2799041119043,31780.89
4.20362305469954,0.689840904475418,28.2720676098478,31783.812
4.20408507442058,0.682440530556277,28.2602280460119,31786.734
4.2042113800457,0.681740364844624,28.2514590556278,31789.64
4.20422617751551,0.684050145647157,28.2413273520251,31792.546
4.20448163225552,0.684668544987114,28.2325988407999,31795.468
4.20444008979637,0.68030505622595,28.2235567169124,31798.375
4.20486706029735,0.681497016762723,28.2126720743807,31801.281
4.20488595334162,0.683088064013236,28.2000071759169,31804.203
4.2047934367749,0.681993342081134,28.1849703154045,31807.125
4.20393955775969,0.674735591770366,28.1838586086038,31810.062
4.20337349012882,0.660060329612794,28.167996276243,31813
4.2029855208705,0.662067414818324,28.1648645674903,31815.921
4.20325317523561,0.660587810002408,28.1514769648225,31818.843
4.20369717807765,0.659388932674843,28.1458094479843,31821.75
4.20368433912817,0.663496731184414,28.1538592292483,31824.671
4.20391106061425,0.659646545724149,28.1365380465944,31827.578
4.20387251807013,0.661801030081966,28.1280999089246,31830.5
4.20400765903352,0.656507395704085,28.1226786943476,31833.406
4.204050678717,0.658326898229535,28.1141336961473,31836.312
4.20388681541085,0.66399032733253,28.1003442446554,31839.234
4.20406461951195,0.661636223850018,28.0909646262639,31842.14
4.20413010298322,0.662751521348107,28.0873114758066,31845.078
4.20461383322849,0.657279605856734,28.079858895288,31848
4.20344225801498,0.651241701219733,28.0618229269088,31850.968
4.20453867519425,0.656897518528112,28.0527086293603,31853.937
4.20481921321267,0.65838202851346,28.0474649024026,31856.937
4.2039952255525,0.650414916239228,28.0349875398793,31859.984
4.20337623745306,0.640058437429833,28.0304798458845,31862.968
4.20401505673477,0.64976851232395,28.0210695005311,31865.921
4.20529852332558,0.657213576374176,28.0211751492146,31868.875
4.20443909404332,0.646201295404223,28.0166316840411,31871.843
4.20522043512588,0.659817680835072,28.0021562834165,31874.812
4.20492496071526,0.64969880956958,28.0014388755858,31877.765
4.20484757259414,0.645964379955579,28.0007165751236,31880.75
4.20483909998266,0.645561423041569,27.9952453410891,31883.703
4.20490651501964,0.647476172198884,27.9885765403999,31886.687
4.20495059110551,0.649214672924959,27.9754536545309,31889.64
4.20518614249144,0.64191291599807,27.9624783317892,31892.593
4.20519003324558,0.646350987960422,27.9605770422489,31895.609
4.2053750058238,0.648566293555144,27.9502924727666,31898.562
4.20473689044115,0.639729205190537,27.9406611672237,31901.5
4.20474194600833,0.634918336156811,27.9331661016172,31904.421
4.204646020571,0.637193882014363,27.9278794059035,31907.343
4.20531254230856,0.635007567880315,27.9171422892979,31910.25
4.20486031723408,0.634945212423776,27.9167716411539,31913.156
4.20566863162576,0.633069124243562,27.9066024554804,31916.078
4.20533960255939,0.635274666890642,27.9006022941334,31918.984
4.20566944963918,0.635146182919831,27.8809717917003,31921.89
4.20584084137796,0.635711483394797,27.8709383496041,31924.812
4.20580636762402,0.634384713396393,27.8663342937092,31927.718
4.20575411756825,0.634112404013942,27.8623752304196,31930.64
4.20601916618472,0.638185911464508,27.8549854601365,31933.578
4.20600950145208,0.635098734668848,27.8447207314195,31936.484
4.20595624536603,0.632178214948236,27.8477643542161,31939.406
4.20634458880178,0.631494927539502,27.8454586695492,31942.312
4.20648775716762,0.634709263454487,27.8355005468432,31945.234
4.20651783428399,0.632413164256559,27.8262302044937,31948.14
4.20695801818105,0.633966205019308,27.815689102794,31951.062
4.20667223253976,0.631315058109464,27.8112602154549,31953.968
4.20682072172496,0.631976749452096,27.8027964684143,31956.89
4.20683012106187,0.633722150150616,27.7982087224203,31959.796
4.20699584545152,0.631707119428927,27.7854571967439,31962.718
4.20752740681423,0.633449986708969,27.7895316983895,31965.625
4.20751909248093,0.630996150038809,27.7787439077593,31968.546
4.20762870996973,0.627016635772511,27.7689821223331,31971.453
4.20776872091344,0.630139805144977,27.7605132626637,31974.375
4.20804483602265,0.631207000867878,27.755604172606,31977.281
4.20814347148521,0.627253003628669,27.7521732750606,31980.187
4.20837942117656,0.627137643683021,27.7423374676393,31983.109
4.20758638751292,0.617225203715889,27.7339465239056,31986.046
4.20759008926963,0.618665565342915,27.7269296778526,31989
4.20748132580659,0.617987147137602,27.719402673319,31992.046
4.20806900494656,0.614467111538075,27.710829293821,31995
4.20705429577711,0.611909527203717,27.7123060230454,31997.968
4.20644108415756,0.600400525515169,27.7115839508764,32000.906
4.20559791350461,0.587848967882817,27.7003168609916,32003.89
4.20554360282885,0.592566184860719,27.688419025739,32006.937
4.20555676711288,0.591815363151378,27.6792394245569,32009.921
4.20462196927034,0.578457030637929,27.6675515499253,32012.953
4.20410622055554,0.568719622705771,27.6575730082332,32015.906
4.20391492698181,0.569661782800426,27.650784146592,32018.812
4.20388019408528,0.568208195079548,27.6431500343422,32021.718
4.20391934449524,0.567293375223889,27.6358970855859,32024.64
4.20384806808299,0.573097623872104,27.6296348962415,32027.562
4.20387681656438,0.571950461021092,27.616347874692,32030.468
4.20431749206038,0.571358163704401,27.6210124094056,32033.375
4.20427064451862,0.569748356271306,27.6083868157903,32036.296
4.20406866060376,0.570120545363612,27.6045200233342,32039.218
4.20396269456144,0.569923259308136,27.5876826827729,32042.125
4.20412209324339,0.571413357595205,27.5901000978823,32045.046
4.20446507611107,0.569912646670167,27.5855191306889,32047.984
4.20422386042907,0.57095488212316,27.5826298303405,32050.89
4.2046989309439,0.567906471877665,27.5779771800823,32053.843
4.20405179242163,0.559595591145982,27.5758957739612,32056.765
4.20406040652018,0.557908920459674,27.5715548247227,32059.734
4.20383027471903,0.560482249582365,27.5565152822608,32062.671
4.20402524063042,0.562062679387645,27.547520786495,32065.593
4.20380176640104,0.558132199517092,27.537234041083,32068.546
4.20395645213565,0.558700293621679,27.5328675582513,32071.468
4.20417987117631,0.560246479947393,27.5244547111003,32074.39
4.20423068591135,0.557766130175214,27.5262491441865,32077.296
4.20443551120714,0.55597144133727,27.5118543489784,32080.218
4.20438177995256,0.558668931790069,27.5040027467729,32083.14
4.20433964793694,0.557650874224079,27.4999736244504,32086.046
4.2046102374112,0.556477906419121,27.4894251841126,32088.968
4.20374796598635,0.550317679603421,27.4806104024892,32091.906
4.20387513766281,0.546488957899864,27.4751279912117,32094.921
4.20378042052323,0.547239607870176,27.4770442453412,32097.859
4.20384707524117,0.546766721617432,27.4683059462133,32100.796
4.20477780742803,0.555673311763687,27.4565853075729,32103.828
4.20425668327281,0.545911723933921,27.4442197413195,32106.765
4.20426145415219,0.548833198472683,27.441652230884,32109.796
4.20419260642268,0.548810549315229,27.4402781936023,32112.843
4.20432309196237,0.547862361001819,27.4433956262698,32115.859
4.20513968164759,0.555141473014824,27.4285987171976,32118.828
4.20456297031539,0.547986370647804,27.4258629162508,32121.796
4.20478321147587,0.545271936017399,27.4088259972505,32124.765
4.20378376265669,0.535057018896175,27.4044768538801,32127.718
4.20408328726762,0.537875884723279,27.3923192705602,32130.625
4.20491356345995,0.546701546517923,27.3860129666886,32133.593
4.20483010921756,0.546885541677377,27.383722863825,32136.531
4.20421415981726,0.539755067654059,27.3733982876918,32139.468
4.20424819107416,0.536860303461326,27.3624427774661,32142.39
4.20443177850772,0.534107658253828,27.3518069982692,32145.312
4.20468592647867,0.537176850576283,27.3663168685292,32148.218
4.20375344148682,0.525961017467218,27.3574196006337,32151.156
4.20363976226105,0.525226881373439,27.3415173071888,32154.062
4.20384865055695,0.525256252226181,27.329380172764,32156.984
4.20406421202747,0.524252164989908,27.3281863373192,32159.906
4.20382363089008,0.526724204451511,27.3285358359474,32162.812
4.20399865629676,0.527662317467765,27.3309615079446,32165.734
4.20390634761993,0.527056184117589,27.3280601545351,32168.64
4.203983087457,0.524798975750171,27.3205368414117,32171.562
4.20433735438923,0.526775195085221,27.304866141771,32174.484
4.20422422789618,0.522588170917998,27.3049157153807,32177.39
4.20440336900145,0.527518803155125,27.287836313635,32180.312
4.20440061901871,0.526206121238599,27.2945906485062,32183.25
4.20446687152266,0.523835226982787,27.2939057135918,32186.156
4.20445126529116,0.525357045398997,27.2766931682971,32189.078
4.20440538140392,0.525764684190686,27.2681248970797,32192
4.20467992307622,0.52235165435865,27.2601132296453,32194.906
4.20425903666008,0.511874148342411,27.2556199858517,32197.859
4.20429414467925,0.515355501863643,27.2646331989145,32200.765
4.20409344732786,0.515021642705194,27.2460194385323,32203.687
4.20416957963573,0.511999166377188,27.2393986417696,32206.593
4.20421177720882,0.513306810243669,27.2312232711952,32209.515
4.20443384594115,0.515743062330468,27.2326428339969,32212.421
4.20417918621543,0.513044755361643,27.2211892458859,32215.328
4.20452030257778,0.512111228602411,27.2172963177228,32218.25
4.20470693477038,0.511085082254314,27.2064288080388,32221.171
4.20454851646236,0.51349132019607,27.2103001398844,32224.078
4.20484280161959,0.512881750219438,27.1972998773086,32226.984
4.20499047772967,0.512647230152655,27.1923891735972,32229.921
4.20459193077253,0.511419283771214,27.1919610132713,32232.843
4.20486019328627,0.512351623487553,27.184254740643,32235.75
4.20547734313258,0.511495685352938,27.1815377760649,32238.671
4.20532330117309,0.511111156748853,27.1803423901967,32241.578
4.20518059061465,0.514132675323388,27.17281016271,32244.484
4.20525658514312,0.511286504358059,27.1639725074517,32247.39
4.20527667386192,0.509765555137986,27.1633785191185,32250.296
4.20560067788482,0.509757868409455,27.1604759065521,32253.218
4.20464676938512,0.502992086070022,27.1595213014534,32256.171
4.20384775869184,0.490103933458434,27.1423435282703,32259.14
4.2040493045698,0.491118513258117,27.135678468123,32262.062
4.20407387971058,0.496157972149319,27.1304747542549,32264.984
4.2040327239437,0.490680767474542,27.1241408004083,32267.89
4.2040626795563,0.491166918896041,27.113865378428,32270.812
4.20408030648438,0.49001320716105,27.1053822781068,32273.718
4.20413060079784,0.489606549087159,27.1079604968972,32276.625
4.20445899032568,0.487703010709509,27.0994697206643,32279.546
4.20439509540029,0.494012342674781,27.0914582318438,32282.453
4.20454323370403,0.48906190768324,27.0880189714688,32285.359
4.20447826644711,0.490274695035719,27.0867519395062,32288.281
4.20463759037276,0.491609127062553,27.0802635995601,32291.218
4.20473773482471,0.489709481174857,27.0729111640324,32294.125
4.20472486412923,0.490715462988562,27.0587683742141,32297.031
4.20483354501703,0.489679008988618,27.0660282520647,32299.953
4.20500028313162,0.488782608809696,27.0585763549855,32302.859
4.20494929140181,0.490267311584723,27.0461252669252,32305.765
4.2050103162372,0.48435166177333,27.0470003702379,32308.671
4.20530137450615,0.498666160278534,27.0365309667292,32311.593
4.20506076301185,0.492211539549204,27.0292087537563,32314.5
4.20528920426488,0.490426143451691,27.0195310884674,32317.421
4.20513565257643,0.492672083742672,27.0204217927824,32320.359
4.20536251940569,0.492017061899807,27.0159640430259,32323.328
4.20554237492343,0.488705487185525,27.0080282449517,32326.265
4.20604630553993,0.486835590922684,26.9993825626848,32329.187
4.20522548584885,0.482057660216109,26.9891930154145,32332.125
4.20414539853116,0.472079365943928,26.9933400612704,32335.062
4.20425525760116,0.469976518093145,26.996451879925,32337.968
4.20375390246667,0.462750299378385,26.9896888040227,32340.89
4.20413029502324,0.468856507445663,26.97723565649,32343.796
4.20424162309553,0.471378149914828,26.9691949950339,32346.718
4.20425210143384,0.465332104215057,26.9652946955657,32349.625
4.20453601315278,0.466971165740472,26.9639026200132,32352.546
4.20452132501878,0.469393661942175,26.9618673275002,32355.453
4.2045598971069,0.467844830766035,26.9639416807382,32358.375
4.20388373890378,0.458764975405821,26.9581936695765,32361.312
4.20352403091779,0.457589371240407,26.949745766229,32364.265
4.20397763344862,0.460652017427586,26.9425992899596,32367.171
4.20410598453716,0.466690940493833,26.937592232704,32370.093
4.20374060925705,0.455779126137766,26.9234466211786,32373
4.20408059416182,0.453269181484956,26.9279124248629,32375.921
4.20395110296506,0.455245864812845,26.9210943903115,32378.843
4.20415484142271,0.458065331202863,26.9119874369053,32381.75
4.20436890577982,0.459065925404377,26.8985910074683,32384.671
4.20395833602081,0.456323072803432,26.8996487985974,32387.578
4.20426066818596,0.457081110994584,26.8940553544036,32390.5
4.20410715805519,0.458179368801674,26.890175725475,32393.421
4.20464613252579,0.458717523034562,26.879052049233,32396.359
4.20453340846245,0.45531481656496,26.8781599327371,32399.281
4.20451793411316,0.456927990613928,26.880953310816,32402.187
4.20448363353972,0.456961126702255,26.8666082657567,32405.109
4.20476739219328,0.456520421632319,26.8546740006572,32408.031
4.20478317627138,0.461645547529269,26.8466214460287,32410.937
4.20488344991379,0.454895034349097,26.8441150354525,32413.859
4.20462926513492,0.457527506642475,26.8408229231673,32416.765
4.20513206206254,0.454845610119839,26.8513200829006,32419.671
4.20516696167694,0.46152626419548,26.8439567555327,32422.593
4.20517970896434,0.454743154157673,26.8311310071365,32425.5
4.20505656067248,0.456382341749114,26.8284101578946,32428.421
4.2052033205636,0.451345340827173,26.8249072028501,32431.343
4.20536462226579,0.452975327604094,26.8179897475861,32434.25
4.20550018404093,0.454330793407931,26.814402064642,32437.156
4.20526944058767,0.457325283095028,26.8090711050941,32440.078
4.20576610982772,0.45459518963184,26.8044018373604,32442.984
4.20479767147843,0.446298207300709,26.7999771830247,32445.921
4.20418902930001,0.434712614741507,26.7996892299602,32448.859
4.20407120560723,0.43503762689027,26.7959137630377,32451.781
4.20402199494599,0.434678938785773,26.7823131864696,32454.687
4.20414526720851,0.434489892942071,26.7730789071471,32457.609
4.20415715190939,0.434821933651501,26.763349743606,32460.515
4.2041612309436,0.431977375952219,26.7709354489811,32463.437
4.20416604311573,0.434080738217141,26.769233662358,32466.343
4.20427683353617,0.433670744161464,26.7693750397473,32469.265
4.20428820557135,0.436788599368784,26.7566834879594,32472.187
4.20455214390129,0.434435905321369,26.7458155909974,32475.093
4.20427656845385,0.434883481532026,26.7430835022291,32478
4.20455295058137,0.433108523258641,26.7505695724572,32480.953
4.20475419708346,0.434922761196647,26.7399554247877,32483.859
4.20481913403363,0.432938194933388,26.7285798693252,32486.765
4.20488839467987,0.433898315201788,26.7192725123905,32489.687
4.20488380324532,0.433491387175526,26.7173525792908,32492.593
4.20508562220977,0.432361864759469,26.7183513961845,32495.5
4.20504987374786,0.431346114477995,26.7111095403612,32498.421
4.20519474282792,0.43216107205937,26.7095630356713,32501.328
4.2052401138196,0.434866590106597,26.7090803031015,32504.25
4.20517776223225,0.431187618513735,26.6973984652469,32507.156
4.20543441959902,0.431202323668882,26.6973965749727,32510.078
4.20539029693189,0.431921338537891,26.6913937228459,32512.984
4.20556051856956,0.431448643353184,26.6796127499193,32515.906
4.20485038957269,0.422094485781197,26.6783506465004,32518.843
4.2037879888161,0.413667409936617,26.6793866998445,32521.781
4.20403529316673,0.414092397204956,26.6655959078158,32524.687
4.20402830160939,0.414150307086519,26.6586284480314,32527.609
4.20395582897203,0.412671706370643,26.6595746582609,32530.531
4.20388236792318,0.416239666999883,26.6517338635353,32533.437
4.20392312314698,0.412493170180593,26.6536803570845,32536.343
4.20408098733605,0.411342890196961,26.6465512954688,32539.265
4.2041171081442,0.415065589156367,26.6411437430243,32542.171
4.20378335311538,0.413473512615283,26.6298892832022,32545.078
4.2042300193228,0.412470436661839,26.6378719018047,32548
4.20432614840035,0.407517729316565,26.6334972638558,32550.921
4.20413849834135,0.412629766787669,26.6336084923384,32553.859
4.20451951799888,0.412434412525577,26.6253493639445,32556.765
4.20457581713863,0.412739216380552,26.6258220163865,32559.671
4.20463730804549,0.413931962778811,26.6130285128757,32562.578
4.20453285289378,0.411798162526177,26.607864194571,32565.5
4.20457130466661,0.413284476367777,26.6110333566583,32568.406
4.20478243122627,0.412712177459036,26.6044863444534,32571.328
4.2047339663564,0.40838994141138,26.5895118259788,32574.25
4.20470657202908,0.413324090563456,26.5880319668768,32577.156
4.20479317659426,0.410526735084037,26.5832688566729,32580.062
4.20480247428947,0.409158797347328,26.5744049501971,32582.984
4.20523910209345,0.411677791592513,26.5610098639952,32585.906
4.20506202916086,0.41242758374605,26.5648723864728,32588.828
4.20510046766596,0.413040473687508,26.5737922101911,32591.734
4.20540527131706,0.412201683684037,26.5658930109018,32594.64
4.20544914435381,0.411509905702787,26.5599458037432,32597.562
4.20550848773642,0.407931384708112,26.5595179659239,32600.468
4.20530417504795,0.413596159766762,26.5448977220589,32603.375
4.20544567008198,0.40903728044887,26.5395291908028,32606.281
4.20556777324937,0.411019051455653,26.5427113810463,32609.203
4.2046308721767,0.398149208345946,26.5429526281555,32612.14
4.20452410669825,0.400102911439093,26.5304890008136,32615.062
4.20479429368717,0.399589790276557,26.5351176279925,32617.984
4.20479676177051,0.399652399275567,26.5230815859639,32620.89
4.20486605551875,0.401611101088484,26.5165302296606,32623.796
4.20483791521485,0.396910824520562,26.5159916920963,32626.718
4.20493697608442,0.399700869074133,26.5127554255806,32629.625
4.2052342952401,0.399538191512377,26.5113398610196,32632.546
4.20528209710587,0.399763376105668,26.5007060374268,32635.453
4.20497644441555,0.397637841446065,26.495480556555,32638.375
4.20520153549273,0.395205996240665,26.4909669458826,32641.343
4.20521272310381,0.399845506641996,26.4856385216798,32644.359
4.20546700658942,0.397174209824357,26.478331266838,32647.296
4.20541720683032,0.396255655408015,26.4902257168217,32650.218
4.20568969610553,0.399755304018816,26.483436230152,32653.14
4.20450443905716,0.384361277164791,26.4668750028327,32656.078
4.20470479479852,0.386410949331341,26.4650692970006,32659
4.20469746801381,0.387005978610007,26.4582861233708,32661.921
4.20470314684199,0.387133974792699,26.4464087536956,32664.828
4.20495449353033,0.387501039093505,26.4498145950279,32667.75
4.20490061403922,0.393193180019659,26.440183977948,32670.656
4.20493807008677,0.387701037446261,26.4402915545124,32673.578
4.20498772668022,0.38874283172295,26.4368394022687,32676.484
4.2049878767759,0.384992547946214,26.4281109476971,32679.406
4.20530347402305,0.385646324146357,26.4243493567128,32682.312
4.20499006723509,0.386889594385558,26.4219217712202,32685.218
4.20527591362124,0.389152281715441,26.4182507069391,32688.171
4.2054581990072,0.390428985407198,26.4139524156067,32691.078
4.20535392013471,0.382949723548332,26.4130350778016,32693.984
4.20554952762952,0.39007291168211,26.4148288244769,32696.906
4.20537325142283,0.386152487251138,26.3970116762269,32699.812
4.20549001294224,0.386343501008576,26.4031129649647,32702.734
4.20544506612567,0.385137816130505,26.3976345126872,32705.656
4.20550357283064,0.385249171910301,26.4009722328821,32708.562
4.2059184313983,0.390835791751255,26.3967334891844,32711.484
4.20547234037319,0.375135670332271,26.3754058980693,32714.421
4.20501698132854,0.371628303725005,26.370043420506,32717.328
4.2053700587587,0.377062853828365,26.3646162072812,32720.25
4.20491998104492,0.37287073971379,26.3593702616536,32723.156
4.20538053014743,0.377241770351709,26.3605477005581,32726.078
4.20527843325135,0.376575628627167,26.3584246796985,32729
4.20539864292557,0.374897145370367,26.3523013838446,32731.906
4.20540365336002,0.37403624171693,26.3539290090072,32734.828
4.20536424870375,0.372682315378709,26.3467019212555,32737.734
4.205370330666,0.377632405246252,26.3348713902988,32740.656
4.20548980674447,0.376248552850289,26.3344170330951,32743.578
4.20543052422762,0.3761066618719,26.3409978778939,32746.515
4.20551981820473,0.378381970019755,26.3351733495224,32749.421
4.20570092605619,0.373664753865319,26.331000844234,32752.343
4.20485789916585,0.366478931860127,26.3252042385101,32755.281
4.20494724622702,0.362675799967943,26.3223678290919,32758.203
4.20497352892217,0.365740355290635,26.3213301811968,32761.109
4.20477324173997,0.367391959000431,26.3157826116586,32764.031
4.20515487682414,0.366134746732667,26.3056666557311,32766.953
4.20505187706803,0.366231537082869,26.2988265329863,32769.859
4.20526202441224,0.364061775965446,26.2966713468832,32772.781
4.205160647563,0.363902965514376,26.2898370666368,32775.687
4.205152061119,0.363514669161028,26.2814672074808,32778.609
4.20518840809237,0.365623296245829,26.2744857180504,32781.515
4.20552284704785,0.369536117265349,26.2858880054112,32784.437
4.20556521063054,0.363542714914421,26.2813586326935,32787.375
4.20462167318709,0.353988929042076,26.2873688111358,32790.328
4.20459384449086,0.358827970480064,26.2693519957283,32793.234
4.20479009334451,0.353280603864358,26.2618244321631,32796.156
4.20461156228013,0.352442889151248,26.2556884274785,32799.062
4.20488420563647,0.355699725482111,26.2438119101966,32801.984
4.20468423815429,0.354548053799773,26.2444171193164,32804.906
4.20476349423199,0.353867180758317,26.2390750147609,32807.812
4.20497124708921,0.352734695931976,26.242229276384,32810.734
4.20471255263854,0.35180054128878,26.2439734800408,32813.64
4.20464904396323,0.343962091064425,26.2420526955256,32816.562
4.20487257264864,0.351228005762808,26.235288848134,32819.468
4.20500552307657,0.352412518680426,26.2316193553867,32822.421
4.20539342661656,0.354101450025892,26.227672658595,32825.328
4.20500200986451,0.352984497000065,26.2294325662068,32828.25
4.2049391663389,0.353729208859951,26.2191964274986,32831.156
4.20500719774262,0.353569897845821,26.2176042005885,32834.078
4.20508216152679,0.350050775158594,26.2104957569536,32836.984
4.20537443171275,0.34900484399164,26.2065199112988,32839.906
4.20528767404938,0.348390816670303,26.2054675594916,32842.828
4.20528493050468,0.350937956979667,26.2060378874745,32845.734
4.20546348287276,0.35373330830223,26.195129967961,32848.656
4.20549105262621,0.351084452384365,26.2009018709307,32851.562
4.2057641067855,0.355473940646938,26.1929739557667,32854.484
4.20482118494263,0.341178034389716,26.1931551932487,32857.437
4.20463138451297,0.344695446107295,26.1869957524114,32860.343
4.20483620050336,0.345564604786978,26.1824544505623,32863.265
4.20507701879983,0.344447125526041,26.1844815978908,32866.187
4.20486070432111,0.339155832932447,26.1775586202712,32869.093
4.20453736016952,0.344482727800006,26.1693915818549,32872
4.20516521675608,0.341130801870913,26.1712121456883,32874.921
4.2049547420243,0.34282327592548,26.1621547975935,32877.828
4.2055525434585,0.344406742150978,26.1517384457906,32880.75
4.20424295574674,0.331342053877196,26.1542258574367,32883.687
4.20435320102844,0.331588672084412,26.1586032811255,32886.593
4.2045945641173,0.336833950033282,26.1536354331075,32889.515
4.20427942417818,0.328149542218249,26.1439135360564,32892.421
4.20437625216189,0.331808821053637,26.1359770929713,32895.343
4.20437508998599,0.330025572512754,26.1371416056863,32898.25
4.20438340513598,0.328635438097541,26.1288264072326,32901.171
4.20407374182766,0.323976681740516,26.1252495760079,32904.078
4.20433626275653,0.331916862389991,26.1291999634237,32907
4.20438171004624,0.330889626250444,26.1242266775105,32909.906
4.20449408881258,0.334804878616374,26.11872141796,32912.828
4.20466511403214,0.332362190379053,26.1191170892503,32915.765
4.20466935471132,0.331884329437596,26.1068545316465,32918.671
4.20459229270512,0.330315300975673,26.1056810664707,32921.593
4.20483233166187,0.331869583368473,26.1037302293819,32924.5
4.20485580293867,0.332519439230145,26.1026423930221,32927.421
4.20484655229569,0.33203059415601,26.0914962094598,32930.328
4.20478481539844,0.33083048268891,26.0953426328477,32933.234
4.20484578498334,0.329229488681351,26.0900883495787,32936.156
4.20508351932928,0.331029129152685,26.0888245265896,32939.062
4.20498713481099,0.330231177194868,26.0805207035491,32941.984
4.20497494523596,0.331304953547478,26.0806161450657,32944.89
4.20514738331548,0.329316285749581,26.0789961971084,32947.812
4.20521032829326,0.328993147983323,26.0777071239361,32950.718
4.20505724505936,0.331678029175107,26.0758613919854,32953.64
4.2055998943945,0.329920202466192,26.0647013562868,32956.546
4.20425515904366,0.318855398532971,26.062703344671,32959.484
4.20456261771289,0.319593675469656,26.0601156385757,32962.406
4.20450251262771,0.321510526071422,26.0600101845154,32965.312
4.20471782826402,0.321768497299997,26.0566166954252,32968.234
4.20457833730076,0.322504924882482,26.053367029482,32971.14
4.20473286985751,0.320132834637212,26.0459026862835,32974.046
4.20486038792697,0.321840551371813,26.0370888569689,32976.953
4.2047975738498,0.321177750887378,26.0389529269503,32979.859
4.20483159681887,0.320120313880827,26.0326268572725,32982.765
4.20501257069906,0.321898297945913,26.0377304795841,32985.687
4.20496685971085,0.320534203612609,26.0277625785052,32988.593
4.2049079458604,0.320707272288876,26.0190494727445,32991.531
4.20482302397142,0.322199118281155,26.0241561144057,32994.453
4.20495046345898,0.320207399592398,26.0249495526436,32997.359
4.20498095824836,0.320062329231148,26.0228286077999,33000.281
4.20504863963012,0.318882568478279,26.0154176155832,33003.187
4.20518816992125,0.321993709867986,26.0116221649549,33006.093
4.20522010504631,0.32108536886017,26.0110498721058,33009.015
4.20537587663067,0.319987687524094,26.0184426551907,33011.921
4.20520491204348,0.32388318602407,26.0058870615875,33014.843
4.20525756417621,0.320348824335937,25.9934012262063,33017.75
4.20546031142989,0.320953368150025,25.991369521612,33020.656
4.20547991012837,0.319424646217238,25.989984491658,33023.578
4.20546372301341,0.320282319229308,25.9927297621757,33026.484
4.20556386931765,0.317356892270075,25.98445299673,33029.406
4.20455586822094,0.30954060728423,25.9703741030415,33032.343
4.20460288274123,0.308065747287482,25.9795984600974,33035.25
4.2048027381262,0.3067452956383,25.9750818072673,33038.171
4.20472622100779,0.309546841510893,25.9747269214825,33041.078
4.20473509565161,0.30948106928448,25.9714853337856,33043.984
4.20480598837352,0.306864721806529,25.9624878931999,33046.89
4.20498261942695,0.307301709483885,25.9466754305738,33049.812
4.20483245456643,0.309280033797424,25.9441632143826,33052.718
4.20510246505406,0.310918373800108,25.9421436124998,33055.64
4.2048567452238,0.311737640228562,25.9370722465944,33058.546
4.20492096258216,0.310207267850395,25.942896766797,33061.453
4.20497763751762,0.308475102366996,25.9397774973163,33064.39
4.20523637190361,0.306118377506324,25.9355201551115,33067.312
4.20513798639512,0.308022074201694,25.9348370396176,33070.218
4.20530110000732,0.308082376943214,25.9366527872594,33073.14
4.20516959464087,0.306575355095271,25.9279326093002,33076.046
4.2052405427431,0.310613723192427,25.9166964369495,33078.968
4.20529073422956,0.308773316045726,25.9209937084125,33081.875
4.20534490197796,0.307583621874732,25.9177253364678,33084.796
4.20540726180036,0.304247052809863,25.9157447805605,33087.796
4.20539622349265,0.307391176637186,25.9139047831773,33090.765
4.2056507604733,0.308220248151271,25.9107087579513,33093.703
4.2045499999058,0.297930324497919,25.9013085845449,33096.64
4.20484583056399,0.300686786137441,25.8956418841928,33099.546
4.20469661351105,0.297630087560522,25.8962333650688,33102.468
4.20470428184523,0.2985351899241,25.8945771542274,33105.375
4.20465618790958,0.29682691994035,25.8994512085283,33108.281
4.2048619871057,0.30079352859018,25.9070028427121,33111.203
4.20490727573328,0.295413204885591,25.8920310805091,33114.109
4.20494213585936,0.296910140277761,25.8994405455609,33117.015
4.20452461889493,0.299185550681923,25.8877631761584,33119.921
4.20513800086618,0.29990536273844,25.8823318217419,33122.843
4.2049746084565,0.296511119819852,25.8666817493984,33125.75
4.20508852095673,0.298219276283116,25.8599445410928,33128.687
4.20519984867808,0.29551815616549,25.8635908306701,33131.609
4.20506641645154,0.29904564506991,25.8581022524735,33134.515
4.20502046673849,0.296026986915675,25.8534310850317,33137.421
4.20536933349695,0.294833937005855,25.8599883263272,33140.343
4.20533031891311,0.297813898359649,25.8506098106662,33143.25
4.2051595372261,0.298097767941876,25.851587808364,33146.187
4.20530152259746,0.293798797721062,25.8504722792255,33149.156
4.20539492089534,0.296556859799392,25.84322847245,33152.078
4.20542435573959,0.295498889051717,25.8461015774942,33154.984
4.2055390132464,0.292753059177834,25.8401480208285,33157.89
4.20551873654712,0.2977422287783,25.8331937577498,33160.812
4.20557743867851,0.294345200421767,25.8285783044688,33163.718
4.20487859301507,0.283902178919686,25.8271800864147,33166.656
4.20484792738479,0.284968238909294,25.8259709408291,33169.562
4.20464876879611,0.281701620857211,25.8287991892294,33172.484
4.2048255077516,0.288339745824531,25.8231349269594,33175.39
4.20498286620309,0.287596788232739,25.8249434931038,33178.296
4.20500357463972,0.285359619413004,25.8164517922342,33181.218
4.20508600623658,0.28799953117421,25.8148886581648,33184.125
4.20499417567453,0.287442481702471,25.8094593677543,33187.046
4.20494411518679,0.288913335246942,25.8175807188021,33189.953
4.20497893901019,0.287500112951457,25.8116657574921,33192.875
4.20484148688679,0.289029516747566,25.8052054160291,33195.781
4.2051557237955,0.285691384959825,25.807960547148,33198.718
4.20503326925241,0.285418566721568,25.808340309147,33201.625
4.20544800005105,0.284315807939646,25.7995351951078,33204.546
4.20519886568794,0.284878192041397,25.7916437226919,33207.453
4.20523277323597,0.28648801674186,25.7909522067999,33210.359
4.2052398118822,0.282429190004653,25.7891967279509,33213.281
4.20535756894987,0.287484309144931,25.7839814476414,33216.187
4.20538621448975,0.284771756450865,25.7777180401379,33219.109
4.20543373123521,0.285748241095723,25.7741246075707,33222.015
4.20534517501658,0.285437408121408,25.7709916562276,33224.921
4.20553764713181,0.284859498391689,25.7639881034739,33227.828
4.20547384936586,0.285325266157931,25.7624414041446,33230.734
4.20566645058658,0.284308862434706,25.7660960497297,33233.656
4.20552529195437,0.285044812143038,25.7637674645694,33236.562
4.205855889027,0.284256290617814,25.7563570868554,33239.484
4.20569574045806,0.283411579076399,25.7511219205794,33242.39
4.20595245114394,0.284377168599798,25.7457314354976,33245.296
4.20588722435797,0.282173751906745,25.7468549521358,33248.218
4.20579783414002,0.28770429412323,25.750632825256,33251.125
4.20573602614949,0.286656910881694,25.748466927484,33254.031
4.20584831002953,0.283131904800045,25.7464140577773,33256.953
4.20603680962804,0.284323065998795,25.7409159645476,33259.859
4.20609263471506,0.285266393076261,25.7364404209529,33262.765
4.20616807614715,0.283477912916668,25.7366376091155,33265.687
4.20624538596175,0.283819010493128,25.7329272878102,33268.593
4.20641697383409,0.284926200560104,25.7344479495733,33271.515
4.20611102754476,0.282170450118368,25.7258212490104,33274.421
4.20659113398286,0.283372147570136,25.7248839532438,33277.328
4.20558189277969,0.269377423770012,25.7248660126215,33280.265
4.20472357574996,0.26094829910309,25.7191050793376,33283.203
4.2048468151424,0.265001972074245,25.7179317409781,33286.125
4.20452894143533,0.263898073980381,25.7146998400327,33289.031
4.2045688568151,0.262417417917566,25.7121180133438,33291.953
4.20463400261723,0.263087616732821,25.7106351329647,33294.859
4.20456656360967,0.262800947212996,25.7094074368739,33297.765
4.20472925289494,0.261768452205566,25.7036132308206,33300.687
4.20483160487376,0.261211492927833,25.6999778934693,33303.593
4.20461283977865,0.265343435312102,25.6994162115422,33306.5
4.20471878499865,0.263767288102269,25.7078506945697,33309.406
4.20477673372334,0.263421537511577,25.6992100658887,33312.312
4.20466008291617,0.260002969238917,25.6936298974414,33315.25
4.20473136687365,0.265966765658872,25.6964210528629,33318.156
4.20488315454344,0.264320809258766,25.6812209620906,33321.062
4.20487745558096,0.26320516028316,25.6839711705769,33323.968
4.20512194903859,0.26176778945387,25.6851224776375,33326.89
4.20480252726942,0.262924467673805,25.6850117627362,33329.796
4.20518657587496,0.26268951299801,25.6713348680396,33332.703
4.20513527930928,0.264017346741165,25.6703372540813,33335.609
4.20482223990591,0.262574475401394,25.6756764730168,33338.531
4.20490990876711,0.262928243751068,25.6709583402582,33341.437
4.20527531971107,0.260623795055991,25.6655536348571,33344.343
4.20499789294204,0.264041238652242,25.6620041153794,33347.25
4.20526325246501,0.262837286092949,25.6603215860772,33350.171
4.20518521852955,0.264174599776314,25.6623238978285,33353.093
4.20522833172638,0.263649198900852,25.6578549475308,33356
4.20514566944002,0.262630062822417,25.6487359229128,33358.906
4.20502325915112,0.263747882692315,25.6410994568084,33361.828
4.20533893599702,0.261663474251502,25.6446872949535,33364.734
4.205301323049,0.262953271662623,25.6409935179822,33367.64
4.20539920628203,0.262696334831466,25.6375969448879,33370.562
4.20576382215349,0.263544312340835,25.6429854884264,33373.468
4.20549268588979,0.265253695557916,25.6367331909176,33376.375
4.20563849556379,0.262175526613747,25.6355511425524,33379.296
4.20568579980507,0.263421401740913,25.6330611290535,33382.218
4.20579903205275,0.260583567073382,25.6290327882228,33385.125
4.20574971231436,0.258538214797041,25.6263147672324,33388.046
4.20591541397097,0.262606654292321,25.6237066764104,33390.953
4.20590526722208,0.261677595258668,25.626482302867,33393.859
4.20575647697801,0.263509000442413,25.6202865796264,33396.781
4.20627706711095,0.261516413599619,25.6211782976236,33399.687
4.20584823455113,0.259280816149521,25.6110103261311,33402.593
4.20591451801382,0.262927087083151,25.6090721598568,33405.515
4.20585838052493,0.261058366193469,25.6009071387587,33408.421
4.20617843371031,0.262516160094188,25.6035391504791,33411.328
4.20607003968756,0.263126976652729,25.6056396268989,33414.25
4.20633572354225,0.262761866079257,25.5981528498735,33417.156
4.20627385286852,0.260587683489231,25.608832564465,33420.062
4.20602576239716,0.258894192273577,25.6012298166951,33422.984
4.20653424152477,0.262894928224939,25.5942172880496,33425.89
4.20649120283693,0.261845363140042,25.5874704061158,33428.812
4.2063575119673,0.257784583013715,25.5851001089358,33431.718
4.20639814301418,0.259034479716281,25.5953235964647,33434.625
4.20652598174655,0.261172812991932,25.5905046782988,33437.531
4.20640774914761,0.253133738788849,25.5820452620428,33440.437
4.20662265730711,0.260419166411677,25.5833350823132,33443.343
4.2058320318277,0.248639619800198,25.5843790880658,33446.281
4.20501699913255,0.238813313969341,25.5834935823247,33449.218
4.20500175923131,0.239549355626984,25.582393803244,33452.125
4.20505352938225,0.240115080930451,25.573981014261,33455.046
4.20498522884956,0.240205128234245,25.5702031737526,33457.953
4.20494190058146,0.241342320912135,25.5699964473627,33460.859
4.20472334488096,0.239579775077193,25.5656332433576,33463.765
4.20487345989335,0.239212054541217,25.5599839317471,33466.671
4.20495380791447,0.247045199581584,25.5551463355862,33469.593
4.20489235776303,0.241378229550619,25.548030159759,33472.5
4.20494694677335,0.237466987224533,25.549625706683,33475.406
4.20477544654361,0.241616492315738,25.5419988687019,33478.312
4.20507949396827,0.242261564201858,25.5418874585016,33481.25
4.20483763873789,0.241049209816103,25.5348566610711,33484.156
4.20503579453389,0.240954519172359,25.5373303640634,33487.078
4.20485160986376,0.240127678208133,25.5336327031996,33489.984
4.20490497299638,0.241650269026416,25.5266430304362,33492.89
4.20537397259059,0.241117257644942,25.5321006855417,33495.796
4.2049672473106,0.239095478181309,25.5321918524238,33498.718
4.20522177688734,0.240028147438766,25.5312378010884,33501.625
4.20505703058453,0.23875311953029,25.5303815474437,33504.531
4.20505403698576,0.241549925433517,25.5197427779609,33507.437
4.20538360074137,0.240815104785269,25.5126432630777,33510.343
4.20538533389493,0.244877295511028,25.511832236065,33513.265
4.20512605534607,0.237674755724633,25.5132427824497,33516.171
4.20560738070361,0.242846015201804,25.4983452854007,33519.093
4.2054090285691,0.239646263281664,25.519162458112,33522
4.20548008365914,0.23793793566161,25.5111834348389,33524.906
4.20540531265469,0.237915408104151,25.5083255427229,33527.812
4.20553830275323,0.239106962127587,25.5109685980425,33530.718
4.2052763579218,0.239581651470745,25.5047744549113,33533.64
4.20556580677986,0.245859711118178,25.508021575156,33536.546
4.20559490078475,0.240812432005089,25.4997420719542,33539.453
4.20547748038843,0.238983563020284,25.4968421975581,33542.359
4.20567592163931,0.242387663948914,25.4903274342574,33545.281
4.20559654739174,0.239232797227599,25.4831018209505,33548.187
4.2053996333977,0.238662658871114,25.4963323335899,33551.093
4.20615790468909,0.236943994694105,25.4875143446984,33554.015
4.20606482843202,0.233145427860038,25.4851622210838,33556.921
4.20597913109097,0.239027541555714,25.4711888995969,33559.828
4.2059522571718,0.237419690036676,25.4688853670152,33562.734
4.20594856674038,0.236309700989659,25.4708040992761,33565.64
4.20591063141355,0.239228520620868,25.4725392775592,33568.562
4.20610718933963,0.238459538127589,25.4595238769573,33571.468
4.20615623007165,0.240141204790307,25.463541844089,33574.375
4.20610106733791,0.237100123064173,25.4599666338889,33577.281
4.20604494700746,0.238997261247493,25.458200646978,33580.203
4.20595677689316,0.239955158747756,25.4543876521422,33583.109
4.20617594484999,0.239693408002973,25.4485683607164,33586.015
4.20618321050829,0.237251610826229,25.4442157352452,33588.937
4.2063135042066,0.239233734071357,25.4475946808897,33591.843
4.20639131037678,0.240012758012142,25.447944125937,33594.75
4.20647005507525,0.237401453613469,25.4324783991122,33597.671
4.20650445486876,0.23887887802649,25.4347740346292,33600.578
4.20655674540872,0.239220688834078,25.4227965420121,33603.484
4.20571518598082,0.228366054285089,25.4280065018902,33606.421
4.20571678453669,0.229600957416041,25.4329865835158,33609.328
4.20579106140534,0.227599692807909,25.4306805705994,33612.25
4.20557046628398,0.227285509405547,25.4287973902592,33615.156
4.20574247184036,0.229541007290379,25.4267162268032,33618.062
4.20571245375264,0.22982057903384,25.4323215098481,33620.968
4.20571343699922,0.226850699910611,25.4361705972668,33623.875
4.20577211545203,0.227748363815908,25.4307192325885,33626.796
4.20596476114027,0.228119388091825,25.4168656608039,33629.703
4.20587623509158,0.229016259629796,25.4213360081289,33632.609
4.20572831314396,0.227500345914605,25.4258165843559,33635.515
4.20619547027536,0.224918140802443,25.4229388842744,33638.453
4.2058666777393,0.228902380145779,25.415657590405,33641.359
4.20585435760774,0.228598081781644,25.4213884392626,33644.281
4.20606117531994,0.227881053096695,25.41293403297,33647.187
4.20608032333982,0.226489462038353,25.4208305095791,33650.093
4.20621634209702,0.226835052695715,25.4128991559656,33653
4.20619417268524,0.229197788077742,25.4033521654969,33655.921
4.20597315139013,0.230125739231675,25.4036272202007,33658.828
4.206259103198,0.224326558460427,25.4075376564128,33661.812
4.20620828499722,0.229908684211887,25.3958403139195,33664.765
4.2061188619776,0.227292524068615,25.3985480614652,33667.75
4.20620534334969,0.230642686883602,25.3945899255572,33670.703
4.2064126087752,0.227757203331627,25.3887504254395,33673.687
4.20633708394645,0.225025852980601,25.395889239345,33676.609
4.20636886335861,0.225898734605599,25.3902305438976,33679.531
4.20637098119177,0.225762138315791,25.3873046001593,33682.437
4.20623304901272,0.225183897210727,25.3855039990892,33685.343
4.20648792888845,0.227256429735881,25.380209812867,33688.25
4.20660092151916,0.223281090332452,25.3740302304685,33691.171
4.20557781760723,0.217104316823208,25.3755306786577,33694.093
4.20473944880249,0.205788495868334,25.3698433938494,33697.031
4.20496192551526,0.207604616701935,25.3662734843673,33699.937
4.2048117260068,0.204409803220699,25.3676929441311,33702.859
4.20463837323526,0.205936541504019,25.3649028611004,33705.765
4.20476072685445,0.203744273506462,25.3655226578586,33708.671
4.20450539544044,0.20374083426386,25.37655352749,33711.578
4.20468212017531,0.208287784831901,25.3704792352738,33714.484
4.20471009057554,0.206340270424456,25.3555055465278,33717.406
4.204745253002,0.206069483037261,25.3588210075965,33720.312
4.20475156785964,0.207303672875796,25.3537777789181,33723.218
4.20487697940706,0.207115888695776,25.353159220027,33726.125
4.20496972461778,0.205718979985926,25.3586550563718,33729.062
4.20478651080156,0.207851045126544,25.3581274314026,33731.968
4.2050770168152,0.205309985837689,25.3485329599089,33734.875
4.20448264583014,0.208233324367805,25.3594268980048,33737.796
4.20454432862103,0.199834340196492,25.3547845341432,33740.703
4.20502344913524,0.204790332912042,25.3462462111072,33743.609
4.20485997880611,0.200189739717857,25.3508580686746,33746.515
4.20486646218021,0.205196772091053,25.3499045973148,33749.437
4.20479003919598,0.207744686889955,25.3461156438792,33752.343
4.20494012419791,0.20613901378515,25.3456640294113,33755.25
4.20493783704474,0.207481107793484,25.3522624903389,33758.156
4.20498272130574,0.209570684286146,25.3516586901403,33761.062
4.20495897451577,0.205441772875671,25.3374127909995,33763.984
4.20496112209334,0.206307478501127,25.3461945720737,33766.89
4.2047318531305,0.203348095108781,25.3304191911945,33769.812
4.20481025205128,0.200941529613234,25.3286116940348,33772.843
4.20512117095405,0.205529892819194,25.3253656745769,33775.859
4.20502665522167,0.208658966613355,25.3345165390297,33778.859
4.20493298539348,0.206457504927837,25.3301299591448,33781.843
4.20503684574412,0.209430857105877,25.322089879979,33784.828
4.20487743047116,0.2061783092555,25.3204276255754,33787.75
4.20539789059128,0.207177292059621,25.3152379041239,33790.656
4.20507594783362,0.206920619461253,25.3223038564009,33793.562
4.2053173527553,0.207818984639204,25.3170231659441,33796.468
4.20509570971768,0.202802543785183,25.3144338895045,33799.375
4.20551288029554,0.204602664408786,25.3180921004764,33802.281
4.20535324621285,0.205091727680149,25.312044151188,33805.187
4.20530269714762,0.205565666765807,25.3054764473215,33808.093
4.20536374464777,0.206082510374225,25.3076249784344,33811
4.20547967038485,0.205925526573875,25.303082347532,33813.906
4.20527625227168,0.19940776468022,25.2992181798737,33816.828
4.20567170916784,0.206813436074062,25.2962663967958,33819.734
4.20543540374578,0.204560584039006,25.3006038632703,33822.64
4.20555991905721,0.2046268248521,25.3032309360319,33825.546
4.20569244474681,0.204584722772907,25.2937108240561,33828.453
4.20571962572129,0.202868890403391,25.298217573013,33831.359
4.20585650664572,0.2046064116279,25.2892654308676,33834.281
4.2057318585027,0.203353866588123,25.2920478183581,33837.187
4.20587732751626,0.20204424868422,25.2836123918866,33840.093
4.20593683259659,0.20062407011631,25.2840731241612,33843
4.20597260021261,0.204791042255492,25.2837855890829,33845.906
4.20574154263235,0.205371549418562,25.2843073877874,33848.812
4.20572198894567,0.205283968070915,25.2781816234647,33851.718
4.20566094196534,0.203586669817263,25.2779318253583,33854.625
4.2057349626272,0.204856825820791,25.2757710770116,33857.531
4.20588552631394,0.206240911976273,25.2659915285611,33860.437
4.20613108768933,0.205760123223231,25.2658979882556,33863.343
4.20615446954138,0.200044589283667,25.2697837634786,33866.25
4.20599626293549,0.205766027688323,25.2685403672654,33869.156
4.20607589980916,0.202351088646293,25.2631628299925,33872.062
4.20611883472383,0.207769564808181,25.2577326624553,33874.968
4.20609252133313,0.207057236341651,25.255225991121,33877.875
4.20610201765947,0.205368390377383,25.2548577091699,33880.796
4.20621269284288,0.20364583998653,25.2553976795471,33883.703
4.20639352209388,0.203751785376626,25.2523654050938,33886.609
4.2062866853191,0.204300652989054,25.2572488024912,33889.515
4.20624691079026,0.205816415824322,25.2561531935404,33892.421
4.2066535055053,0.20506402939699,25.254002809266,33895.328
4.20559924297242,0.191721284082231,25.2473614554699,33898.265
4.2047092837805,0.185610858493139,25.2421446112338,33901.187
4.20459375045448,0.186163671409613,25.2372837405208,33904.093
4.20467495940982,0.183635340161606,25.2430167339135,33907.015
4.20429487487329,0.186657601675762,25.2365963940976,33909.921
4.20456110795366,0.183308200777503,25.2358343798405,33912.828
4.2047109204971,0.184610017079496,25.2446615940729,33915.734
4.20477453631845,0.183932337151241,25.2401106281674,33918.64
4.20474135725336,0.185716801465908,25.2418272261632,33921.546
4.20432858446993,0.188760246629241,25.2282988494462,33924.453
4.20439796654048,0.188211001934788,25.2414318479357,33927.359
4.20450084729601,0.184943431448037,25.2314788148479,33930.265
4.20462639603693,0.186596533509832,25.2356027810442,33933.203
4.20464968609039,0.185400457271417,25.2259373045279,33936.109
4.20452789314495,0.184422007492487,25.2271462347027,33939.015
4.20454586374328,0.183470057232516,25.2249573689352,33941.937
4.20473313728674,0.185786963467735,25.2168401072054,33944.843
4.20461431734394,0.185290255116841,25.2213660658207,33947.75
4.20460189971335,0.184370519729588,25.2292367657208,33950.656
4.20474558459034,0.184828134732658,25.2190510526045,33953.562
4.20451554111717,0.185429828414923,25.2196977218256,33956.468
4.20463388077579,0.184648204265237,25.2103361018622,33959.375
4.20486210113213,0.186878963183754,25.2140062199117,33962.296
4.20470052774753,0.184183334351003,25.2111428414352,33965.203
4.20483307083694,0.186236280820459,25.2106622299912,33968.109
4.20485178476944,0.184979628024646,25.200059161061,33971.015
4.20488740997129,0.18496397409941,25.1969144273061,33973.937
4.20486105614208,0.183839202303435,25.1997629849463,33976.843
4.20485577163407,0.18294833200402,25.201635043988,33979.75
4.20478811502926,0.18613387505699,25.2008055812589,33982.656
4.20502405432955,0.183434306401665,25.1937299711591,33985.562
4.20481709852553,0.185978513761034,25.1935136963176,33988.484
4.2048976310219,0.182459675058856,25.191894371318,33991.39
4.20491814253439,0.18665118782154,25.1892309588697,33994.296
4.20482854848598,0.183307909100999,25.1884074585975,33997.203
4.20494273242774,0.183570553110185,25.1850898732019,34000.125
4.20488998722668,0.18480969151082,25.1888376010067,34003.031
4.20495824592382,0.18374405581175,25.1776365754548,34005.937
4.20498273296824,0.182986336781238,25.186232212604,34008.859
4.20511244258175,0.18343868379626,25.1800270537509,34011.765
4.20517215612352,0.182823421902987,25.1814475805852,34014.671
4.20511676392258,0.182062415368289,25.1805227133835,34017.578
4.20520369536202,0.179937143640539,25.1761866917136,34020.484
4.20498013304014,0.182216195164153,25.1759544824498,34023.39
4.2053992651361,0.185647886863589,25.1679720273051,34026.296
4.20518920834649,0.184598620899771,25.1757467873605,34029.203
4.20523688459588,0.184427548681153,25.1647643438175,34032.125
4.20536256142223,0.184486742378568,25.1637110598608,34035.031
4.20539536068538,0.184912445420995,25.1589275703004,34037.953
4.20548210445891,0.18384625143436,25.1595620531925,34040.859
4.20528285605301,0.18431369593579,25.1637742393418,34043.765
4.20544539652018,0.182817759333982,25.1631385180067,34046.687
4.20544305883694,0.184791547363672,25.1551998904782,34049.593
4.20537571611824,0.182783249108301,25.16400690102,34052.5
4.20550960154563,0.181209986608015,25.1652566416745,34055.406
4.20556514278798,0.184863632736331,25.1683231613475,34058.312
4.20565990506681,0.182338777157488,25.1533960531721,34061.234
4.20552596304237,0.185048624047038,25.1548838664877,34064.14
4.20560433786888,0.18408379089262,25.1474331793471,34067.046
4.2055242556528,0.181086759101265,25.153518627345,34069.968
4.20565334306243,0.184833496710909,25.1480005864778,34072.875
4.20566324954531,0.185141170128307,25.1465284000283,34075.781
4.20564284315572,0.181133756997984,25.1396876589864,34078.687
4.20568139994486,0.184618772170087,25.1243942778885,34081.593
4.20593664570663,0.179680526509233,25.1335532243192,34084.515
4.20613684848263,0.183211767622521,25.1332847312865,34087.421
4.20587543514123,0.183532543726315,25.1288661329165,34090.328
4.20614991128695,0.182290201230312,25.1246797138639,34093.234
4.20579887895582,0.181275340627926,25.1274385716961,34096.156
4.20576022178914,0.181172433413901,25.1276573774426,34099.062
4.20599780890488,0.182335632813213,25.1187285810817,34101.968
4.20607549652578,0.181158609468839,25.1224398611554,34104.875
4.20606946498438,0.181067304755515,25.1179847271109,34107.781
4.20609706166387,0.182574412861461,25.1266149457998,34110.687
4.20607784823551,0.183884119216467,25.117247319932,34113.609
4.20589042710994,0.182749028956074,25.1110740367408,34116.515
4.2062183062461,0.179402495252268,25.1073136679626,34119.421
4.20600017523329,0.181978652862222,25.1154174103895,34122.328
4.20611052352706,0.182472608489917,25.1159696484964,34125.234
4.20641173920514,0.185804415056874,25.1140298115328,34128.156
4.2063375885435,0.178626168394083,25.106774313899,34131.062
4.20621734818716,0.183305864755794,25.110268752748,34133.968
4.20628819819429,0.180670135928549,25.1034255364777,34136.875
4.20637962575192,0.181269848433237,25.1050079180767,34139.796
4.20635032160864,0.184382408201048,25.1023480541601,34142.703
4.20662674039153,0.180510515724303,25.0995729053165,34145.609
4.20546082440965,0.169281886372931,25.0912139246576,34148.546
4.20568621554733,0.167876187909881,25.0987524193422,34151.453
4.2055130389033,0.171643102473166,25.0937122868344,34154.359
4.20574588291091,0.1694278809141,25.1052416535507,34157.265
4.20556560008812,0.171686314360865,25.1040487361186,34160.187
4.20555632917178,0.169693790534611,25.0985600009531,34163.093
4.20551952574405,0.171954064996089,25.0948409269569,34166
4.20542552233548,0.168975126863382,25.0975005263494,34168.906
4.20572522918579,0.169619225815209,25.0962627563831,34171.812
4.20576825548427,0.171066670978363,25.0855600472914,34174.734
4.20547592025142,0.167730284991178,25.0907834393228,34177.64
4.2056658048387,0.169741084549258,25.0823722112677,34180.578
4.20577183944777,0.169323323625615,25.0766918455907,34183.484
4.20571940846835,0.16971943524112,25.070403204892,34186.39
4.20591045624208,0.171836362338836,25.0738463768042,34189.296
4.20564200525448,0.16937307100855,25.0702953298374,34192.218
4.20575310685687,0.170619017453057,25.0707127270885,34195.125
4.20567956870622,0.169532974371216,25.068064432064,34198.031
4.20578047604238,0.166711559365213,25.0681216072729,34200.937
4.20604769947411,0.168790677682028,25.0718750942489,34203.843
4.20580234778822,0.170050151600041,25.0588201914394,34206.765
4.2060316619308,0.169481088943205,25.0638276180039,34209.671
4.20594857298163,0.170915410309555,25.0627134106779,34212.578
4.20577930450033,0.170466923757046,25.0548059527111,34215.5
4.20630944570787,0.168650653187574,25.0603995081578,34218.406
4.20600525701926,0.168724737771586,25.0567412886315,34221.312
4.20624001897057,0.171191563101085,25.0564991257414,34224.218
4.20600035772808,0.171668394015901,25.0558318376255,34227.14
4.20614167589563,0.170591443984187,25.0545626385832,34230.046
4.20618036081177,0.169551264928831,25.0582914618449,34232.953
4.20621426664763,0.170170417833748,25.0571708554195,34235.859
4.2064242493526,0.171224932703142,25.052366074499,34238.765
4.20615787502617,0.168533071707492,25.0476966157734,34241.687
4.20634348471744,0.170161265804175,25.0495561553359,34244.593
4.20611366239445,0.169384559697328,25.0488708067487,34247.5
4.2064409558773,0.170018740544635,25.0448301171585,34250.421
4.20624941228727,0.170804416317725,25.0452166560603,34253.328
4.20635413637397,0.168073906341545,25.0508863464375,34256.234
4.20644912756942,0.169548392890554,25.0420845390554,34259.14
4.20637982075308,0.170957909012307,25.0362769630646,34262.062
4.20644187039333,0.169385807692102,25.0388204636332,34264.968
4.20670435713739,0.172875858799795,25.0434400110397,34267.875
4.20557891778693,0.158349101552686,25.0376098409102,34270.812
4.20559809483563,0.161964886035273,25.0325439166874,34273.718
4.20558964942026,0.158771074575768,25.0312464247841,34276.625
4.20555936229093,0.158983993934482,25.0322075816883,34279.546
4.20560448821882,0.162881437632047,25.0309525014797,34282.453
4.20582427998619,0.159173408816857,25.0357495279968,34285.359
4.20559643075374,0.159661789345179,25.033456012914,34288.265
4.20574767726616,0.160900215036141,25.032781963313,34291.187
4.20559302530086,0.158525084858962,25.0345839022159,34294.093
4.20577136487112,0.157261583436738,25.0310963904318,34297
4.20602004327567,0.158926552607347,25.0340192043723,34299.906
4.20573441992428,0.157871814638206,25.0228405414541,34302.843
4.20572225216629,0.162158899888192,25.0303086579117,34305.75
4.20579099000879,0.15955504751174,25.0290004136285,34308.671
4.20574259691259,0.160963269867927,25.0108774201696,34311.578
4.20611213515238,0.157583289238109,25.0163378060295,34314.484
4.20589484640292,0.15785967880052,25.0150947469883,34317.39
4.20597964497943,0.15643844683614,25.0178046732321,34320.296
4.20610114210405,0.160185355682651,25.0114310042083,34323.203
4.20598316339425,0.160135234199277,25.0129470364239,34326.109
4.20591617781884,0.159460599036481,25.0098843512234,34329.031
4.20564257573974,0.157541836388856,25.0096824716852,34331.937
4.20575696007294,0.161383016486592,25.0063290222363,34334.843
4.20583849652134,0.157549812949935,25.0117801551197,34337.75
4.20599611721936,0.160400345094361,25.0152610636728,34340.671
4.2059097367799,0.162529107881949,25.003103359914,34343.578
4.20613635936229,0.161049596345497,25.014212007813,34346.484
4.20591635827523,0.158829300240456,25.0058246657033,34349.39
4.20619520573055,0.160386184795191,24.9971364333547,34352.296
4.20610218382739,0.158770720235928,24.9976710051944,34355.203
4.20618458883804,0.159461867116819,24.9969834253935,34358.109
4.20625143304912,0.155877284138875,24.991038132965,34361.015
4.20616373372268,0.15828251635123,24.9992509701005,34363.921
4.20605873673416,0.157124448574477,24.9901265312127,34366.828
4.20618466904491,0.159873698171557,24.9924370298278,34369.75
4.20612300830347,0.161015380280237,25.0041267643835,34372.656
4.20631465607423,0.159332214683046,24.9917120043765,34375.562
4.20636199993239,0.157338145609355,24.9933238653478,34378.468
4.20629467239734,0.158253957589688,24.987459065211,34381.375
4.20636815508849,0.160288624789248,24.9860669829649,34384.296
4.2064114785676,0.157873233795352,24.989470837214,34387.203
4.20640125512802,0.159074751980728,24.983599515812,34390.109
4.20626479842685,0.160502075456629,24.979080014206,34393.015
4.20652592762932,0.157533250454858,24.9858104664354,34395.937
4.2063335700731,0.15664452836733,24.98371366759,34398.843
4.20665417091979,0.158613282064199,24.9851624407962,34401.75
4.20563283077026,0.150961887095161,24.9853266456116,34404.718
4.20594148162196,0.149983696035408,24.9893241175476,34407.703
4.20538956720194,0.1417650084868,24.9859209869938,34410.671
4.20565334110282,0.148880900941665,24.9841468188899,34413.656
4.20556768957343,0.152756024471413,24.9762260530881,34416.578
4.20573115828538,0.146386571400349,24.9776208864891,34419.5
4.20559879535416,0.149117221865607,24.9763654916858,34422.406
4.20570961556241,0.148800866782237,24.9761861844636,34425.312
4.20564019969801,0.148410097139773,24.9681997770993,34428.234
4.20574550028736,0.148404264397994,24.9789281204683,34431.14
4.20561502571467,0.146026972773224,24.9758904790612,34434.046
4.20555103071505,0.149579343674743,24.971255662063,34436.984
4.20586231306832,0.146877518143735,24.9710767438696,34439.89
4.20560941451204,0.147436844529292,24.9677042012167,34442.796
4.20580498405986,0.144738686367477,24.9607126579995,34445.703
4.20548086808086,0.151802569006687,24.9683239475646,34448.609
4.20572997430857,0.151296148042518,24.9608988267825,34451.531
4.20592342312527,0.147784177023665,24.957682765372,34454.437
4.20595519593837,0.151842024895196,24.9596125931214,34457.343
4.20587072479193,0.150293577414993,24.9556469645209,34460.25
4.20606408192203,0.148302496419124,24.9541015019167,34463.156
4.20588002705894,0.148123238894831,24.9542396094474,34466.062
4.20632150867166,0.149773991938016,24.9543112826777,34469
4.20609268019037,0.145791982549786,24.9563194744748,34471.921
4.20589832347774,0.14745285123051,24.9547937621297,34474.828
4.20576980032636,0.146881100069855,24.9544094433699,34477.734
4.20606921933995,0.148763592139124,24.9555617893358,34480.64
4.20586956014983,0.145450443494072,24.9507611554538,34483.546
4.20617409298998,0.149185050072634,24.9485573452505,34486.468
4.20596400101914,0.14601383889828,24.9463575505074,34489.375
4.20607553889809,0.143890168820466,24.9459897790459,34492.281
4.20596842657295,0.143982197379433,24.9484582412196,34495.187
4.20620236296072,0.14724197846509,24.9426153602709,34498.093
4.20605461353307,0.150101595257914,24.9492493336195,34501.015
4.20612990694475,0.142186803445197,24.9472158192181,34503.921
4.2064285797009,0.159517047252136,24.9482742521037,34506.828
4.2061469692173,0.148630983530428,24.9448824999264,34509.75
4.20625885991554,0.14938091442846,24.9445833180202,34512.656
4.20613700362962,0.144495102832797,24.943008039496,34515.562
4.20644371390486,0.145720793712287,24.9422047246567,34518.468
4.20635300099983,0.142776619622344,24.9388348675833,34521.375
4.20636642507243,0.145769164701087,24.9407940700057,34524.281
4.20634144982567,0.149087570097532,24.9386172336817,34527.187
4.20625212082437,0.14951630006707,24.9435607412724,34530.109
4.20628035551495,0.148436527651949,24.9386770035947,34533.015
4.20654046147186,0.147701653224732,24.932499045394,34535.921
4.20626849861758,0.147283328681492,24.9258338355607,34538.828
4.20673676658715,0.143648314105343,24.9325140301769,34541.75
4.20554677925069,0.138550279046092,24.9247772283123,34544.671
4.20565637852075,0.136209851127255,24.9297672678014,34547.578
4.20577290813181,0.138750427264239,24.9231610181527,34550.5
4.20556191093876,0.138652169690777,24.918249804256,34553.406
4.20561214160667,0.137290993306255,24.9276891864268,34556.312
4.2059646445145,0.136518806541296,24.9204947721307,34559.218
4.20560317945456,0.139069009331742,24.9205754137634,34562.125
4.20549587550764,0.135879258918499,24.9159630038759,34565.031
4.2055230578962,0.138142925864926,24.910075553624,34567.953
4.20570690345386,0.137409880018165,24.9125787199566,34570.859
4.20578459623593,0.140644927876663,24.9189671600681,34573.765
4.20582364198447,0.138352453417455,24.9163994568463,34576.703
4.20567696102097,0.137007608725563,24.913916778009,34579.609
4.20572912941698,0.137913433980883,24.9149108554454,34582.515
4.20588885804112,0.134444484858637,24.9043571532718,34585.421
4.20592832826439,0.137491680591391,24.9018564987485,34588.328
4.20569854373025,0.136476043097365,24.9065757154054,34591.25
4.20577049935852,0.139100200958331,24.901497963478,34594.156
4.20559547934057,0.140772165804333,24.9087076971056,34597.062
4.2059671259946,0.136698363205569,24.9142839860109,34599.968
4.20602127935581,0.138665797542041,24.9091082658453,34602.875
4.20568947022198,0.137973441391196,24.9065094490994,34605.781
4.20598460727436,0.13597306343388,24.9043990175915,34608.703
4.20578940334327,0.136378092722233,24.8956020048927,34611.625
4.20560560453093,0.136566733763775,24.896495523786,34614.531
4.20597563958458,0.132235239267148,24.9014453893633,34617.437
4.20594187415788,0.132869415537197,24.8905668381201,34620.343
4.20599338196914,0.134036889763185,24.8932332281074,34623.25
4.20587218349962,0.136030792909179,24.8985122934923,34626.156
4.20574134922326,0.135716665136701,24.894717273899,34629.078
4.20589821792056,0.136877214251149,24.895133145074,34631.984
4.20606274018529,0.137565409831076,24.900104064689,34634.89
4.20601882153118,0.137398478251021,24.8955011672956,34637.796
4.20594888946279,0.137779959168776,24.8899909046244,34640.703
4.20618195461815,0.13485645889449,24.8859466934584,34643.625
4.20616788400141,0.139092777268548,24.8934393555575,34646.531
4.20617133249123,0.135380689752261,24.8900313652689,34649.437
4.20597116090979,0.139304679445222,24.8854780185662,34652.343
4.20606836285583,0.135259549776017,24.8858371568663,34655.25
4.20599529476191,0.141924500948877,24.88409205489,34658.203
4.20633179242646,0.141084823747889,24.8813203627525,34661.203
4.20624752577711,0.138691312363672,24.8745461664317,34664.14
4.20616198488486,0.135034683967375,24.876728618712,34667.125
4.20617950825104,0.133321222415955,24.875834095521,34670.062
4.20623272707927,0.139216607145855,24.8836393044371,34673.062
4.20629631762766,0.135574630585916,24.86785147957,34675.968
4.20633142438659,0.136199017674729,24.8733061169024,34678.875
4.20617131723875,0.133860557687002,24.8633172175943,34681.781
4.20618276241436,0.133085485595554,24.8653588806917,34684.687
4.20635744771375,0.138147955499616,24.8684337526018,34687.593
4.20641223609579,0.134746426945061,24.8681246562626,34690.5
4.20644277461429,0.136338832559229,24.8663255415653,34693.406
4.20622607097565,0.134298374741804,24.864176937755,34696.312
4.20641001284417,0.136922584513214,24.8667762034515,34699.218
4.20637583546366,0.135610443000599,24.8701091042316,34702.125
4.20651788845059,0.132567399636311,24.8656390130463,34705.062
4.20653004060625,0.135958472069771,24.8633964238352,34707.968
4.20663748353576,0.134428970536902,24.8673622039862,34710.875
4.20571698749254,0.126501488999024,24.8649084483758,34713.796
4.20519557117054,0.125121502416976,24.8643416557158,34716.703
4.20548888569619,0.127881417116332,24.857259445396,34719.625
4.20548598596777,0.129593784311979,24.865340924832,34722.531
4.20582537212406,0.131575940782816,24.8647918119358,34725.437
4.20561981702091,0.128791586926347,24.8580165072939,34728.343
4.20563036031196,0.125714190651861,24.8646018040944,34731.265
4.20574093046387,0.127724111948608,24.8571906958091,34734.171
4.20578934406269,0.126074030612455,24.8513408171903,34737.078
4.20550281169021,0.128556023123139,24.8488920412964,34739.984
4.20573866236833,0.126190793687392,24.8503942405437,34742.89
4.20568214836875,0.127527732919507,24.8484404376463,34745.828
4.20568022149017,0.129068881350143,24.8461010754148,34748.734
4.20538396995181,0.125211478342112,24.8459730636162,34751.656
4.20580461645264,0.124027399708316,24.8436112769709,34754.562
4.20614817134639,0.126221766140538,24.8465522979693,34757.468
4.20569801312005,0.125950734481958,24.8446652155681,34760.437
4.20527208024796,0.125183269629729,24.8443221978862,34763.343
4.20567999355505,0.129458256578047,24.8393092217621,34766.281
4.20525094083379,0.127559279592806,24.8428613620351,34769.234
4.20576182381662,0.12000781814141,24.8425108363014,34772.218
4.20564254978752,0.121918614403483,24.8415742850217,34775.203
4.20540655676584,0.129750004107805,24.835629035155,34778.171
4.2056876098239,0.123599463461507,24.8296705023463,34781.187
4.20594575345933,0.126213996667953,24.8270068801548,34784.156
4.20593251665931,0.12893594620847,24.827966648574,34787.093
4.20562864244036,0.11803235602503,24.8289095492495,34790.031
4.20533884310404,0.125544625146145,24.8307925339527,34792.953
4.20630692157518,0.125377963652188,24.8273204123595,34795.89
4.20569833704888,0.124815034782217,24.8238171879268,34798.812
4.20573796918757,0.126053912974191,24.8268339151736,34801.718
4.20573831697748,0.127513842557362,24.8333865470241,34804.625
4.20590484393631,0.127629455168151,24.8365895568515,34807.531
4.20621504259317,0.12728873189182,24.8355124720101,34810.421
4.20595937543277,0.117102171504735,24.8301301817392,34813.343
4.20614672294726,0.124750450178687,24.820863561831,34816.234
4.20581611226328,0.121834519753566,24.8272351094941,34819.14
4.20597905567877,0.124950381928622,24.8231444582863,34822.046
4.20596185619224,0.120690942918183,24.820089705779,34824.953
4.20630566851492,0.123181292541246,24.8184524966803,34827.875
4.20601684144396,0.119860849982929,24.8200402592296,34830.781
4.20608613651221,0.125638154103088,24.8217500073948,34833.687
4.20620410983877,0.128447620459397,24.8190766847732,34836.578
4.20593937830801,0.123506151198461,24.8214648017676,34839.484
4.20600768577272,0.125967975938791,24.816855835671,34842.39
4.20621092924661,0.124068263085553,24.8171026578118,34845.296
4.2060658074356,0.125157799985616,24.8156781516667,34848.203
4.20627822780977,0.126671139831543,24.8152519673214,34851.109
4.20639715569683,0.125522118059192,24.8186047836964,34854.015
4.20654628620388,0.128308607255578,24.8113741966745,34856.921
4.20594238229624,0.123279966573597,24.8028184917967,34859.843
4.20638614174084,0.126066494710622,24.8013933318532,34862.75
4.20627593781287,0.121628373354614,24.8038379017899,34865.656
4.20591957116465,0.118086470609054,24.8113754611063,34868.562
4.20650348155874,0.122327480308837,24.8110520670622,34871.468
4.20623848072911,0.119890778139586,24.8142154451037,34874.375
4.20635917909484,0.120183910399385,24.8059748704014,34877.281
4.20611047575535,0.124852327719706,24.7993694203971,34880.187
4.20661212448579,0.121835346231322,24.7993830415631,34883.093
4.20557368247461,0.114333179544912,24.8072583793575,34886.015
4.20546844697029,0.114136230832997,24.8032243042673,34888.921
4.20565131714961,0.116465335371568,24.8113646593971,34891.843
4.20550667053156,0.115664170552494,24.8040271351984,34894.75
4.20530667979868,0.114844750487807,24.8007400227464,34897.656
4.20564205447448,0.113754894939252,24.8063686287934,34900.562
4.20547392373475,0.11605116766709,24.7930690807776,34903.484
4.20566245143911,0.11294200558599,24.7950661932118,34906.39
4.20566568327353,0.11527045187653,24.7956231976953,34909.296
4.20556044134378,0.116374596969833,24.7944309993756,34912.203
4.20545923081082,0.115189856453308,24.7919850538182,34915.125
4.20536851959239,0.114866024232678,24.7938447011704,34918.046
4.20576529033778,0.116619894188052,24.7908639313328,34920.968
4.20574890922557,0.113107281545381,24.7941847661227,34923.875
4.20546651271798,0.116434432463424,24.7882659760493,34926.781
4.20580988327565,0.115645788444185,24.7864748067474,34929.687
4.20559268657,0.116009740149034,24.7914828503268,34932.593
4.20561773990691,0.116560370125805,24.7907521402383,34935.515
4.20568017664469,0.11555098190508,24.7914970074932,34938.421
4.20566279102463,0.113860975308355,24.7976143960177,34941.328
4.20560295737575,0.115301286908165,24.7913761970266,34944.234
4.20563426441965,0.116186395536991,24.7890042793615,34947.14
4.2054102992497,0.113094761456136,24.785758773855,34950.062
4.20536730378199,0.11321189517821,24.7821881996377,34952.968
4.20564560004896,0.11118280452256,24.7811761368682,34955.875
4.20578499704172,0.115452037801633,24.7781397423441,34958.796
4.20567222054752,0.114934827167552,24.7846757501858,34961.703
4.20551547536301,0.115644822539564,24.7778124937851,34964.609
4.205801969678,0.113011595587525,24.7763533193403,34967.515
4.20554562373657,0.114445896743926,24.7893550160724,34970.437
4.20567613339835,0.116327813483529,24.7836204363809,34973.343
4.20566129757482,0.116500209179691,24.7828429449151,34976.25
4.20599768682589,0.115357143410092,24.7897010179928,34979.156
4.20606692100266,0.114397675473894,24.7870283760033,34982.062
4.20613209013576,0.113751439247568,24.7845990782291,34984.984
4.20578898082264,0.115528541545593,24.7774580509617,34987.89
4.20569828075061,0.113898848243304,24.7724918766404,34990.796
4.20613419357728,0.111563881526186,24.7701018260302,34993.703
4.20598436470939,0.113416326456531,24.7681991479583,34996.625
4.20590949419439,0.114915780857961,24.7695407982584,34999.531
4.20579767244738,0.116103070673952,24.762864443432,35002.437
4.20575581302868,0.116870043975688,24.7605222212984,35005.343
4.20579923267237,0.111927931093411,24.7658939881375,35008.25
4.20618239139987,0.113108819009788,24.7656215105381,35011.171
4.20613834535638,0.115870161603219,24.7729345443351,35014.078
4.20575970286972,0.11312466308617,24.7714225276399,35016.984
4.20592311695601,0.114669190777014,24.7707560865597,35019.906
4.2061086763663,0.112166150847848,24.7618777020712,35022.812
4.20616962796667,0.112719530907704,24.7582074530574,35025.718
4.20599742102415,0.112369738734161,24.7547561711113,35028.625
4.20616423563505,0.114896547971677,24.7596611190175,35031.546
4.20602816297938,0.112565276846219,24.7570306094052,35034.453
4.20623664842896,0.111640322400275,24.7593544836118,35037.359
4.20615138131096,0.115944895287556,24.759149372108,35040.265
4.20606146730389,0.113713411358273,24.7617653383264,35043.171
4.20611892965871,0.114556699741301,24.7582130490846,35046.078
4.2061526937488,0.115566568528136,24.7595320951251,35049
4.20607105445346,0.114355295066355,24.7511894262558,35051.906
4.20634802622906,0.111716369728575,24.7509074925408,35054.828
4.20603275186563,0.11565224260444,24.752883323505,35057.734
4.20615792039972,0.113089740106836,24.7507588478768,35060.64
4.20644333167067,0.110351696322371,24.7539441732849,35063.546
4.20634912454963,0.116632799027487,24.7504866970527,35066.453
4.20625407513584,0.11446153814531,24.7490521232728,35069.359
4.20632929644921,0.110195527621063,24.7492064699244,35072.281
4.20631145564709,0.113877898333485,24.7463482877972,35075.187
4.206269836499,0.111185393826391,24.748517596938,35078.093
4.20629438805309,0.113890951837842,24.7471158847355,35081.015
4.20613692433478,0.11023377200523,24.748039949146,35083.921
4.20643182331087,0.111594472723829,24.7444896618341,35086.828
4.20620194845859,0.110897145664373,24.7365195080421,35089.734
4.20626766123279,0.113315010580406,24.7443556576942,35092.64
4.20653629273876,0.114164899877906,24.7389014288396,35095.546
4.20620718361493,0.110753354244006,24.7340849883201,35098.468
4.20671351429513,0.110512771140663,24.7376915028176,35101.375
4.20630977994049,0.111435735186467,24.7362606814387,35104.281
4.20645724836393,0.11494599020273,24.7269014018544,35107.187
4.20665271896821,0.112831083273123,24.739199679636,35110.093
4.20659159746892,0.113970179047516,24.7374902772313,35113.015
4.20667589697651,0.113155629351147,24.7430560301066,35115.921
4.20684465612739,0.114571609318735,24.7317033758052,35118.828
4.20655394859054,0.110754260018525,24.7352335671992,35121.734
4.20670501046619,0.112129377764328,24.7363573611274,35124.656
4.20672909950064,0.114187587711454,24.7336011941573,35127.562
4.20645261072063,0.115092951679634,24.7338166604585,35130.468
4.20646226661646,0.110086580110282,24.7341786660006,35133.375
4.20691762211473,0.110075929795571,24.732132540937,35136.281
4.20685460226867,0.111081770952785,24.732720152937,35139.187
4.20680459842158,0.113773907311281,24.7275504843682,35142.109
4.20655829558044,0.111568160523473,24.7303838663716,35145.015
4.20693873144971,0.110628026673201,24.7311942460264,35147.921
4.20698316376672,0.110298590494791,24.7230729191631,35150.843
4.20671427311182,0.11245073922533,24.7231284560637,35153.75
4.2067648137657,0.111115734330555,24.7209290190375,35156.656
4.20667920712695,0.111674323688856,24.7207155604376,35159.562
4.20720609277461,0.113365771041877,24.7165898025102,35162.468
4.20686846295892,0.113902641746935,24.7187122068548,35165.39
4.20683676582841,0.115572052006257,24.714150158721,35168.296
4.20711051787268,0.116399460105669,24.7182818604635,35171.203
4.20697091049262,0.10985960339204,24.724289351076,35174.109
4.20718287259611,0.115554631325966,24.7104672667906,35177.046
4.20728379628106,0.110885761343203,24.7266648059606,35179.953
4.20674423534803,0.109026358930216,24.7194798038621,35182.875
4.20700418173071,0.113349651041194,24.7091268295037,35185.781
4.2070660214165,0.108618244364314,24.713948693324,35188.687
4.20730686889596,0.109270831884444,24.7144744920169,35191.593
4.20737961717288,0.10997758590671,24.7089944568597,35194.515
4.20705023954524,0.109624556258429,24.7099090760345,35197.421
4.20711635765713,0.107340329119812,24.7127346914391,35200.328
4.20741487524936,0.110464987816756,24.7071421202241,35203.234
4.20712581823405,0.110819195911226,24.7046845823364,35206.156
4.20721922836918,0.109918022308066,24.7121550279994,35209.078
4.20748915569779,0.109740634663966,24.7099280614557,35212
4.20728255835697,0.1105718362176,24.7136226044839,35214.906
4.20719545949594,0.113736134626909,24.7087605894634,35217.812
4.20751790089527,0.112972975628899,24.703124806079,35220.718
4.20726992792363,0.110314154822995,24.7131223265131,35223.64
4.20763129882885,0.110253277042704,24.7034122994078,35226.546
4.20654086487649,0.0992463264935003,24.7006394486991,35229.484
4.20659434745335,0.0997788806158768,24.7079724415674,35232.39
4.2058233072143,0.0901068290120746,24.7073592465111,35235.312
4.20549430059181,0.0944341976402345,24.7034484876859,35238.234
4.20553849004062,0.0914424745677015,24.7052170188752,35241.14
4.20567572102614,0.0917037187131996,24.7032841062038,35244.046
4.20571793983484,0.091729292966802,24.7023460571034,35246.953
4.20557459008977,0.094435098558595,24.6989578812914,35249.875
4.20547752996106,0.0944318692132933,24.7010795399086,35252.781
4.2055996750965,0.0937797019409527,24.7016339333253,35255.687
4.20537535240939,0.0925390686243871,24.6981726665767,35258.593
4.20547081937563,0.0913145806102064,24.6980200352103,35261.5
4.20536262984115,0.0885703041224913,24.7028448305504,35264.421
4.20542668240192,0.0911252556934531,24.696927222444,35267.359
4.20540033432931,0.0913108227759039,24.7005835897769,35270.265
4.20535344932812,0.0933486835452822,24.6929907318897,35273.171
4.20553842140501,0.0941184003942692,24.702134151943,35276.078
4.20547262003931,0.0914341574842683,24.6954132982878,35278.984
4.205309517971,0.0936375998915915,24.6943401559188,35281.89
4.20531545043213,0.09277118056828,24.6951608984456,35284.812
4.20534480057193,0.0931947682164437,24.6904610059254,35287.718
4.20523000608768,0.0952490564273667,24.6815872845102,35290.625
4.20500489810154,0.0900564378283673,24.6906913875834,35293.531
4.20544472552902,0.0932875805163912,24.6923654067978,35296.453
4.20523001277765,0.0933410749649774,24.6907315312904,35299.359
4.20506813368717,0.0913663441147973,24.6887172247156,35302.265
4.20537817344058,0.0913396986735692,24.6843852656266,35305.187
4.20518882729933,0.0941182872818192,24.690345781417,35308.093
4.20549025924112,0.0929391507310336,24.6899054039382,35311
4.20544263000413,0.0931071596610463,24.6911459099864,35313.906
4.20561393489026,0.0934959823812947,24.6860181480479,35316.828
4.20548347650129,0.0929857720533336,24.6849185789753,35319.734
4.20540315054544,0.0907891917003078,24.6852060017936,35322.64
4.20537158740604,0.0930178761633054,24.6817297804869,35325.546
4.20542673175001,0.0931825458609054,24.683450058741,35328.468
4.2055482519284,0.0928395300726614,24.6849730102525,35331.375
4.20535696604775,0.0925743789303649,24.6865640745636,35334.296
4.20572844196605,0.0921586747744352,24.6894390148017,35337.203
4.2055473292697,0.0919385016298945,24.6887090807384,35340.125
4.20550422814964,0.0939733815266607,24.6869255149128,35343.031
4.20540575742392,0.0919470538561364,24.6860361390633,35345.937
4.20542271340014,0.0892102516318318,24.6839072481575,35348.843
4.20561670656925,0.0866224988822191,24.6849537962104,35351.765
4.20551588904079,0.0924487627822232,24.6773847462503,35354.671
4.20555889918787,0.0910369202272577,24.6775088237741,35357.578
4.20553841574837,0.0918399319484502,24.6734037587903,35360.484
4.20537983894164,0.0913629899399918,24.6719793212338,35363.406
4.20564910092131,0.0924579839094762,24.6771366967844,35366.328
4.20534380255563,0.0905945882637896,24.6643092277437,35369.234
4.20535925360132,0.0920017723245992,24.6666235375885,35372.14
4.20559663516412,0.0920558713848505,24.6673943324727,35375.046
4.20576336558041,0.0936586249144273,24.6678483498083,35377.968
4.20548617185272,0.0902640078733346,24.6710884247967,35380.875
4.20570144848853,0.0893949090463263,24.6612860343526,35383.781
4.20558545344466,0.095278703381456,24.6648119887963,35386.687
4.20559675989481,0.0925512837501976,24.6702502613535,35389.609
4.20568168157781,0.0934666220738066,24.6759934432094,35392.515
4.20584378154568,0.0927274366159594,24.6719863571076,35395.421
4.20564314602336,0.0917874399525351,24.6754071669763,35398.343
4.20570462593373,0.0919403576026802,24.6700917106096,35401.265
4.20578868815214,0.0917744865609724,24.6686973500651,35404.171
4.20573369857928,0.0916069946950435,24.6661405252875,35407.078
4.2057048258947,0.0886828290582955,24.6709433862719,35409.984
4.20580848166683,0.0914350979430847,24.6649285887194,35412.906
4.20585653081294,0.0904673117029651,24.6627984139004,35415.812
4.20557452640582,0.0928741668916707,24.6620529510287,35418.718
4.20553824301649,0.0937859511088841,24.663556985739,35421.625
4.20576380377112,0.0917240388430882,24.6594347366893,35424.546
4.20564706528922,0.091978500613374,24.6612039809395,35427.453
4.20583182229502,0.0901189584657018,24.6651528966185,35430.375
4.20580587889405,0.0899385824575189,24.6610975017065,35433.281
4.20577650562746,0.0943598080903496,24.6598532580454,35436.203
4.20602312556493,0.0928901182484306,24.6569340743586,35439.109
4.20562036170509,0.0937593564620218,24.659287028589,35442.031
4.20557034810467,0.0877592040273601,24.6606022881087,35444.937
4.20587570294658,0.0908235815696077,24.6598072108304,35447.843
4.20582136879785,0.0941915675976334,24.6480960277481,35450.75
4.20595913659236,0.0940447284789503,24.6517269058021,35453.671
4.20587685615205,0.0917052358617934,24.6494895496961,35456.578
4.20574596977448,0.091540065401331,24.6472522486527,35459.484
4.20572626912138,0.0904110263207987,24.6482466767379,35462.39
4.2060744874434,0.0906425964338078,24.6485567673927,35465.296
4.20593114845388,0.0875119621547154,24.6500172305496,35468.218
4.20596207772706,0.0931314251736076,24.6501602523992,35471.125
4.2058975818233,0.0928102669686972,24.6506052084767,35474.046
4.20584591118194,0.0903621066083733,24.6419653740092,35476.953
4.20613164464557,0.090979234795809,24.6468749695465,35479.859
4.20608379656348,0.0893059428593457,24.6463628480859,35482.765
4.20618244811983,0.0905825320105893,24.6448329150337,35485.687
4.20598300759647,0.089241945417366,24.6394621458356,35488.593
4.20607567918324,0.0921373555167043,24.6344478607377,35491.5
4.20610518249336,0.0917412584988459,24.6368879082692,35494.421
4.2061430631182,0.090516600896435,24.6362866268453,35497.328
4.20593791651273,0.0947960108471402,24.6379696465301,35500.25
4.20606406947678,0.0905011129081855,24.6368537182335,35503.156
4.20599164001275,0.0917979254495661,24.6367064237351,35506.062
4.20617474737997,0.0910112026941007,24.6304376507794,35508.968
4.20631985585764,0.0932089592611325,24.6256420125944,35511.875
4.20612039728974,0.088789611428422,24.6325835659585,35514.796
4.20619483597961,0.0920257632882013,24.6394446494741,35517.703
4.20596780814112,0.0901454500162168,24.6378888401089,35520.609
4.20639516548126,0.0932687693019986,24.6208941701381,35523.515
4.20620054684302,0.0906509544690457,24.6279403694181,35526.453
4.20637893740969,0.0953678955588453,24.6271701598087,35529.359
4.20596420105374,0.0915789652955252,24.6228930266199,35532.265
4.20639691233834,0.0912361297114627,24.6207935553499,35535.171
4.20634172985304,0.091749466989366,24.6233172904381,35538.093
4.20627410863005,0.0886655960872577,24.620165973287,35541
4.20660413404552,0.0893646666668127,24.6255357442507,35543.906
4.20548375300655,0.0800880804901414,24.6258717721483,35546.843
4.20530778054294,0.0837443745480532,24.6300595363622,35549.75
4.20554540073901,0.0817501058767045,24.6277152185884,35552.656
4.2055545184807,0.0798068051631966,24.6189438292431,35555.562
4.20516673886721,0.082478907813679,24.6258462848175,35558.468
4.20530204649083,0.0832551725601715,24.6314276242817,35561.375
4.20553874808186,0.0806895617475593,24.6226289043084,35564.281
4.20540609465689,0.0824220987698316,24.6248821767269,35567.187
4.20519541622896,0.0847217776972573,24.618733465646,35570.078
4.20508272726559,0.0786778695409697,24.6168533951312,35572.984
4.20535143992836,0.0796766301180734,24.621947084549,35575.89
4.20538356530452,0.0791886693239607,24.6269236214164,35578.828
4.20541953557504,0.0790449006917695,24.6303978124356,35581.734
4.20536461497934,0.0805976786033078,24.6203063509159,35584.64
4.20542320820997,0.0819806317304514,24.624615261509,35587.546
4.20524917542286,0.0809404904926778,24.6190901430686,35590.453
4.20539443796066,0.0793815424281639,24.6203946930431,35593.359
4.20531747719298,0.079802207662856,24.6192938056929,35596.265
4.20542996387366,0.081254146116684,24.6205842061735,35599.171
4.20536448591595,0.0787485176354252,24.6224518934698,35602.078
4.20536115119688,0.0849164857078174,24.6182258917392,35604.984
4.20511792340776,0.0773730175406717,24.6154520203982,35607.89
4.20539831852065,0.0840720790091676,24.615337697735,35610.796
4.20526420186211,0.0820505813917453,24.6192891454534,35613.703
4.20522731598343,0.0801310418701441,24.6159579104459,35616.609
4.20536664491986,0.082589060918028,24.6141537799701,35619.515
4.20555190331507,0.0795869705642135,24.6158947772199,35622.421
4.20558033498099,0.0822169085068665,24.613574371729,35625.328
4.205219842323,0.0775373678831212,24.6111026181752,35628.234
4.20553949347605,0.0791207675927217,24.6126607451802,35631.14
4.20552930611298,0.0815232333468111,24.6145153777351,35634.046
4.20561193239867,0.0800161071291713,24.6091110610075,35636.953
4.2055168496299,0.0783815243775177,24.6111883595296,35639.843
4.20551861223766,0.0820824523155892,24.6116236932813,35642.75
4.2056405104566,0.0815646606506939,24.6141014623294,35645.671
4.20559303271375,0.0860167155485967,24.6109287820061,35648.578
4.20555595046109,0.0803316680698551,24.6128323349062,35651.484
4.20541928559224,0.0784127508761624,24.6079285424321,35654.39
4.20549497336588,0.0818322581222592,24.6052706153313,35657.296
4.20544378243439,0.0784583871584269,24.6033687982612,35660.203
4.20540816593561,0.0834259031296382,24.6074047831334,35663.109
4.20536986770322,0.0792778362749757,24.6017687057604,35666
4.2055364145349,0.0815431041293999,24.594616991477,35668.906
4.20572006259167,0.0787530405446247,24.6029776992568,35671.812
4.20533817569004,0.0807472517603118,24.5900567034496,35674.718
4.20550233127945,0.0810562713290408,24.6009677604417,35677.64
4.20574836937411,0.0787880079181015,24.6017364748846,35680.546
4.20570266354329,0.0794192630814766,24.6021342057278,35683.453
4.20531636556417,0.0798034610385668,24.6058992013709,35686.359
4.20557808279966,0.0824895410953764,24.6026791087842,35689.265
4.20583609283372,0.0810860746068087,24.5990324757087,35692.171
4.20549296900754,0.0814799650168736,24.5967777751684,35695.078
4.20557468056752,0.0770466402198387,24.5972205136318,35697.968
4.20579585757904,0.0787506564587901,24.594053514651,35700.875
4.20555334550675,0.0804447797019372,24.6008766298632,35703.781
4.20565743008045,0.0822036825986489,24.5988728248857,35706.687
4.2057910984737,0.0802494402990044,24.5985359893522,35709.609
4.20560609009531,0.0795918835136858,24.599421513134,35712.515
4.20565309511927,0.0786848923670309,24.5886722739033,35715.421
4.20575716071711,0.0791907741519295,24.5903979620544,35718.328
4.20562001106144,0.0807590760671179,24.5887834200997,35721.234
4.20566181451981,0.0796401555007354,24.594135223849,35724.14
4.20562427096098,0.0780849238239138,24.6021661837621,35727.046
4.20558040035649,0.0788637453661589,24.6021741448777,35729.953
4.20584150176391,0.0778333327711818,24.6004001673222,35732.859
4.20592105306043,0.0851336713514703,24.5964753700782,35735.765
4.2056915405948,0.0774587532504753,24.5890266688156,35738.671
4.20593324976633,0.0806356382757232,24.5978485662493,35741.593
4.20577080318,0.0794868506611484,24.5911435181141,35744.5
4.20576009157124,0.0803954731992258,24.592259540786,35747.406
4.20594595458809,0.0831418451731139,24.5955942852632,35750.312
4.20551855709665,0.0769679094202978,24.5874347867596,35753.218
4.20582226756638,0.0784186748610658,24.5865243529168,35756.125
4.20591537662689,0.0827545374867705,24.5928011088599,35759.031
4.20605182472037,0.0787716244556991,24.5834553274297,35761.937
4.20588706684965,0.0785814370321299,24.5906416664165,35764.843
4.20564840368023,0.076187743207933,24.5914579476584,35767.75
4.20566710933618,0.0788378042942158,24.5924220876318,35770.656
4.20601309298175,0.0799014933213243,24.5913179067437,35773.562
4.20587699101338,0.0784612904220533,24.5942899883288,35776.484
4.20594579374706,0.0807084255847757,24.5904211970003,35779.39
4.20599527202895,0.0792497103446628,24.5927821909763,35782.296
4.20596796357937,0.0784590250549336,24.586884857045,35785.203
4.20612586537982,0.0780979039531231,24.5903365406611,35788.109
4.205879342326,0.0814037324063716,24.588683851946,35791.015
4.20604017988926,0.0809878591850731,24.5904088735174,35793.921
4.20613982527277,0.0790164593015766,24.5843620782264,35796.828
4.20595833786244,0.0768889408756107,24.5869184038938,35799.734
4.20612192994278,0.0794522329367519,24.5767150251408,35802.64
4.20623670583922,0.0809463623620158,24.5782186205387,35805.562
4.20600455110983,0.0810328607747102,24.5770334997799,35808.468
4.20606532247559,0.0790849842920055,24.5797475592852,35811.375
4.20606794678519,0.077809881551615,24.5756173647523,35814.281
4.20627436514116,0.080943336056696,24.5824741270472,35817.187
4.20609083230703,0.0777170188549887,24.5820112841723,35820.093
4.20587579945558,0.0794365504416617,24.5746978055774,35823
4.20598230169687,0.0795753414294242,24.5830399743963,35825.906
4.20618442378369,0.0773826354086517,24.5810304855618,35828.812
4.20594875815832,0.08112135866567,24.5696557378639,35831.718
4.20622894653655,0.0780078006890268,24.5747628181911,35834.625
4.20612377907092,0.0771378614549125,24.5657145541264,35837.562
4.2058439405238,0.0781596179511371,24.5731778536295,35840.468
4.20603820365896,0.076880062002597,24.5785346189381,35843.375
4.20628721641455,0.081377652184667,24.5749697177641,35846.265
4.20637783812464,0.0785040853077427,24.5709686727539,35849.171
4.20629315185698,0.0771679001015178,24.5724645913743,35852.078
4.20625781700828,0.080345113001751,24.5696390222032,35854.984
4.20628092044971,0.078602165390698,24.5667940877994,35857.89
4.20628989981286,0.0797422310501187,24.5684066272388,35860.796
4.20629778302453,0.0802769197080384,24.5647876969916,35863.703
4.20665672188474,0.0797486481619349,24.5692062235051,35866.609
4.20518005801624,0.0691948060107356,24.5692456999198,35869.546
4.20558535208504,0.0712888272480676,24.5671678445519,35872.453
4.20517647046395,0.0666272974980317,24.5723207099651,35875.359
4.20518062763049,0.0712946968679697,24.5673182385269,35878.265
4.20512973099504,0.070490570999208,24.5714085427953,35881.171
4.20548948214936,0.0710517397797182,24.5758238816704,35884.078
4.20544691938212,0.0693265428562015,24.5651821557504,35886.984
4.205378446275,0.070360354435201,24.5704480256486,35889.89
4.20524848186534,0.0660977985761783,24.5608176875625,35892.796
4.2053093064926,0.0703825415442836,24.5539281555125,35895.703
4.20543988456551,0.0724341953121433,24.558866345545,35898.609
4.20537244063604,0.0682666124416105,24.5641858957438,35901.546
4.20527349429191,0.0716873631498899,24.5644574798328,35904.453
4.20527458797983,0.0694749119254456,24.569598042568,35907.359
4.20548562045194,0.0701763624183766,24.5693406018123,35910.265
4.20526249196924,0.0718923229261977,24.561156371587,35913.171
4.20547198697589,0.0712427623546211,24.5616933202488,35916.078
4.20546294904068,0.0702999022441273,24.5581347824194,35918.984
4.20537559257673,0.0710209914084628,24.5562572395316,35921.89
4.20548128421592,0.0688776335380933,24.5556133394542,35924.781
4.20527785450445,0.0728881548377096,24.5533673554961,35927.687
4.20552422802206,0.0704151533425968,24.5532443928965,35930.593
4.20538689103832,0.0673983973690877,24.5582187693629,35933.5
4.20528682915549,0.0691431866412204,24.5552443467107,35936.421
4.20537739949711,0.0714971663125647,24.5540843965925,35939.328
4.20550615645395,0.0705039790303718,24.5564529759896,35942.234
4.2051609954981,0.0682237775386369,24.5598893591696,35945.14
4.2054931272319,0.0679427906150766,24.5615104767946,35948.046
4.20545581751871,0.0703071387873916,24.550421671776,35950.953
4.20547961765504,0.068507698214278,24.5535462997718,35953.859
4.20564073275158,0.0731325272696379,24.5527866932562,35956.765
4.20578635540845,0.0703708467548737,24.5519957266792,35959.671
4.20549932535025,0.0686719201030062,24.5456324311296,35962.578
4.20512965508947,0.069745007894693,24.5397569531959,35965.484
4.20541346515601,0.0742445576225757,24.5541381082503,35968.39
4.20527118862163,0.0643022482755714,24.5436122225831,35971.296
4.20553151019728,0.0691262390075712,24.5498805182771,35974.218
4.20540933681733,0.0692844446176814,24.5499604205361,35977.125
4.20561890190895,0.0697846012281811,24.5458746940151,35980.031
4.20563559125181,0.0649072034713095,24.540020017954,35982.937
4.20557874329048,0.0698670429995581,24.5411618144068,35985.843
4.20550479454329,0.0691060870475155,24.5514405623325,35988.75
4.20575598216571,0.0688352019026433,24.5435462973588,35991.656
4.20570177191356,0.0683077434572938,24.5488268119718,35994.562
4.20564890843202,0.0687053448086832,24.5535070895766,35997.468
4.20556859654659,0.0681281901495475,24.53640917237,36000.39
4.20546058232303,0.0697425235718152,24.5423356464134,36003.296
4.20586203297183,0.071296128722982,24.54538316722,36006.203
4.20552206644398,0.0687666193421183,24.5495193775889,36009.109
4.20558373835452,0.0693976130623455,24.5391679028271,36012.015
4.20529647221039,0.0683532423126777,24.542338978185,36014.937
4.20545150191681,0.0695596716404198,24.5392713840265,36017.843
4.20544318367573,0.069197421851165,24.5370890515444,36020.75
4.20567165182479,0.0709614697127171,24.5396647435265,36023.656
4.20548633583128,0.0724967895423835,24.548136360065,36026.562
4.20568259336497,0.0701024247206806,24.5345163251709,36029.468
4.2056202631847,0.0691156666053279,24.5446298935709,36032.39
4.20578008623945,0.0692033078244585,24.5380794667355,36035.296
4.20567007015853,0.068714087509096,24.5404167444283,36038.218
4.20567359199666,0.0701321704933418,24.5417504757736,36041.125
4.20577152266084,0.0662398508169031,24.5392603532857,36044.031
4.20572201087546,0.0722103446445166,24.5270070134374,36046.937
4.20567501889733,0.0678560171834956,24.5273177624499,36049.843
4.20577982735852,0.0680971313567975,24.5290891141691,36052.75
4.20570002884505,0.0703979510879616,24.5271222793434,36055.656
4.20565478992173,0.0679378521865288,24.5310445064754,36058.578
4.20557518323657,0.0680578874929621,24.5357359397914,36061.484
4.20562771544132,0.0713038868623848,24.534273625177,36064.406
4.20577956024992,0.0701703536051465,24.5283866655155,36067.312
4.20569179983408,0.067796111040137,24.5315005389703,36070.218
4.20572611264588,0.0697343671584731,24.5330134738285,36073.125
4.20568739552693,0.0670401879665173,24.5215750389895,36076.031
4.20586549262061,0.0687006564335353,24.5215118903231,36078.953
4.20592187473501,0.0675864558489653,24.5269194005371,36081.859
4.20583442466442,0.0681622344595179,24.5309667952748,36084.765
4.20565226030897,0.068816589625052,24.5372089762847,36087.671
4.20557619323157,0.0711978552391815,24.5300121969352,36090.578
4.2058007936773,0.0688219840631937,24.5312110288515,36093.484
4.20580985198524,0.0711368132390494,24.5280410300452,36096.406
4.20578780149912,0.0681627863806081,24.5213713451129,36099.312
4.20591432364939,0.0697089021127557,24.5189955643923,36102.234
4.2058192657532,0.0687557633154772,24.5183620633191,36105.14
4.20593456124916,0.0694436300699032,24.523044918325,36108.046
4.20572457068035,0.0699907348831627,24.521945064462,36110.953
4.20573128067591,0.0661826774519733,24.5268989617103,36113.859
4.20586005649832,0.0682958807509117,24.5218064584668,36116.765
4.20567390199399,0.0701936843416347,24.5221238312817,36119.671
4.20602493473623,0.0685634315291193,24.5201718559334,36122.593
4.20581486849982,0.069483492260359,24.52733853815,36125.515
4.20586429739548,0.0704022192795193,24.523720920048,36128.437
4.20592078904378,0.0690723452155158,24.5208433862493,36131.343
4.20579745865995,0.0672481439789503,24.526561880019,36134.25
4.2061663207841,0.0695183507133243,24.5234114474324,36137.156
4.20601542409912,0.0693073955433846,24.5284825162896,36140.062
4.20609321915957,0.071119457176179,24.5314183006562,36142.968
4.20634354223604,0.069645946625873,24.5232453933569,36145.875
4.20607283490751,0.0671197729492547,24.5306916114339,36148.781
4.20602401964433,0.0689442814521897,24.5325265771379,36151.703
4.20622782835461,0.0720889709902894,24.5301675163153,36154.609
4.20612471739101,0.0673856265774362,24.5220009263612,36157.515
4.20571962229787,0.0710995203568518,24.5093414186303,36160.453
4.20620590904503,0.0694781011812126,24.5201893881061,36163.359
4.20607237747282,0.0696049903462555,24.5215686057512,36166.265
4.20603808397241,0.0671669292179871,24.5210773868034,36169.171
4.20594422488823,0.069642715578668,24.5221203477856,36172.078
4.20593757640704,0.0683153455752668,24.5161831503676,36174.984
4.20623596746428,0.0688041875888406,24.511251774586,36177.89
4.20634391746181,0.0667920598725664,24.509259536789,36180.796
4.20631061562189,0.068016374735869,24.5129749399002,36183.703
4.2064088737274,0.0668976787141833,24.5195219570008,36186.609
4.20631691873439,0.0697927171314508,24.5095604431253,36189.515
4.20635931919386,0.0710174345425141,24.5223506205758,36192.453
4.20596570241798,0.067772095767987,24.507261548552,36195.359
4.20649723618103,0.0657176358313348,24.5092906951603,36198.265
4.20627046189249,0.0676893556581913,24.5119512897744,36201.171
4.20628856188823,0.0667074135488748,24.516854599215,36204.093
4.20622229973476,0.0695592840039832,24.5100090401463,36207
4.20622718740905,0.0680821700169671,24.5111942870692,36209.906
4.20623127403096,0.0667485135591024,24.5173438294491,36212.812
4.20630586476012,0.0684101181898283,24.5179127125808,36215.718
4.2065847718475,0.0674665898695375,24.5161680049769,36218.625
4.20550432802053,0.0575742583619975,24.5141052808895,36221.562
4.20554833771245,0.0611596731724479,24.5233199020364,36224.468
4.20532097698862,0.0567948655876364,24.5222458279132,36227.375
4.20536541489942,0.0556598428917917,24.5184258669809,36230.281
4.20520563765202,0.0578483859376084,24.5186583725944,36233.187
4.2051096945752,0.0553428769784839,24.5157952976864,36236.078
4.20521393853983,0.0574201509357518,24.5107537767933,36238.984
4.20527485319546,0.0580007525221133,24.5171385001095,36241.89
4.20549241503283,0.0602218784576412,24.5068828867956,36244.796
4.20539841942289,0.0593987072796934,24.5088626514795,36247.703
4.20537867749249,0.0578690588724873,24.5095464924361,36250.609
4.20543331039784,0.0578514812199852,24.5132098126784,36253.531
4.20517838161272,0.0559093314249983,24.5153483244066,36256.437
4.2052168934501,0.0600881167191104,24.5054605632009,36259.343
4.2053249143439,0.057948195296878,24.5031732428657,36262.25
4.20545397071249,0.0573963819516795,24.5112326151373,36265.156
4.20533778050485,0.0601132371202847,24.510048667574,36268.062
4.20531597367873,0.0591339770099974,24.5012270398396,36270.968
4.20516551040691,0.0601668783147584,24.5076263055791,36273.875
4.20550361203748,0.0606556210502312,24.5014288530905,36276.781
4.20540511591936,0.0592326834855716,24.5077461124174,36279.671
4.20533103275551,0.0568614057169425,24.5052653241173,36282.578
4.20523620995855,0.0572278375527614,24.4986346059876,36285.484
4.20548000821141,0.0554287458547731,24.5019255100813,36288.406
4.20534111918482,0.0608181078699284,24.5039443728214,36291.312
4.20535023502773,0.0590253344142111,24.5085363695489,36294.218
4.20544020946575,0.0563962435228182,24.4995752097872,36297.125
4.20553015934156,0.0616050017750822,24.5027446781555,36300.031
4.20540957190634,0.0581757563164203,24.5011022962884,36302.921
4.20508228943101,0.0579405791907795,24.4982041913988,36305.828
4.20516779730336,0.0584521408119945,24.5052980669771,36308.734
4.20515517746567,0.0563056889461221,24.5026941469329,36311.64
4.20542598170298,0.0564572739541799,24.5039276623346,36314.546
4.20535594165898,0.0578487803260331,24.5024443015272,36317.453
4.20535640920364,0.0582351296553391,24.4993921186944,36320.375
4.20566111239759,0.057450198763763,24.5033757049787,36323.281
4.20556969227776,0.0582707437525839,24.4968354239096,36326.187
4.20536023114882,0.0595891961402725,24.4916584901839,36329.093
4.20526065461523,0.0560264987011482,24.4996069768408,36332
4.20536179920392,0.0592488270313813,24.5016569817844,36334.906
4.20527622860707,0.0595684115132004,24.50048708242,36337.812
4.20547596264691,0.0554128466273904,24.4935691519981,36340.718
4.20568767994491,0.0586903158383346,24.4915256370006,36343.625
4.20540126153827,0.0590859178128324,24.4969322205376,36346.531
4.20542029226964,0.059358294519173,24.492055528609,36349.437
4.20536071165413,0.0578334437542427,24.4904835067002,36352.343
4.20543322065738,0.0578463148731242,24.4900452299785,36355.25
4.20515799218463,0.0583466120889228,24.4899065686472,36358.156
4.2056121839501,0.0588535488459156,24.4907158256208,36361.062
4.20551286351636,0.0544288756063542,24.4870698847036,36363.968
4.20562842273687,0.0554593722136431,24.4826362148522,36366.875
4.20541853520559,0.0608154134648322,24.4935706102608,36369.781
4.20551747556975,0.0600127398330779,24.4872325476114,36372.687
4.20555898809189,0.0575951946187811,24.4914655853977,36375.593
4.20584257033691,0.0594012283717801,24.4851748159161,36378.5
4.2055222290823,0.0576305450710911,24.4902400397908,36381.406
4.20550117734308,0.0568237982816418,24.4799299407821,36384.312
4.20542783280677,0.0600048724271316,24.4947958941905,36387.218
4.2054806233531,0.0601930335311032,24.4867580576146,36390.125
4.20567175171841,0.0571136705418092,24.4917536705012,36393.031
4.20539542791504,0.0571310535532708,24.4926192479261,36395.937
4.20576240729418,0.0576667469620323,24.4872397830933,36398.843
4.20559214659028,0.0582003360569249,24.4861140971481,36401.75
4.20556822288737,0.0599262755230946,24.4801701833112,36404.656
4.20557114942169,0.0542596723647014,24.4876257775924,36407.562
4.20561712181788,0.0564675661566975,24.4794063350608,36410.468
4.20534562290204,0.0591775862565797,24.4831476565935,36413.375
4.20546506612718,0.0590753059695004,24.4858182751785,36416.296
4.20573240297826,0.0586612611810738,24.4877538956082,36419.203
4.20566699018527,0.0585565394535186,24.477270215788,36422.109
4.2057192170185,0.053851572927673,24.4745772841796,36425.015
4.20554447858936,0.0588836084679658,24.484682084796,36427.921
4.20566900554798,0.0608130705824101,24.4780197541144,36430.828
4.20568372957714,0.054070558109719,24.4808677345707,36433.734
4.20577256131293,0.057258389031805,24.480206436516,36436.64
4.20557841680193,0.0572758461370926,24.4763891963583,36439.546
4.20572014681939,0.0577247530953712,24.4736316020462,36442.453
4.20544919793563,0.0592136608965689,24.471132296657,36445.359
4.20557120906537,0.0569041427671036,24.4652442540137,36448.281
4.20575286893402,0.0596847470363689,24.4718165493246,36451.187
4.20563287484341,0.0575031377424718,24.479518835079,36454.093
4.20587928216848,0.0550928201674096,24.475077925263,36457
4.20552538760378,0.0585594406686718,24.4768254133183,36459.906
4.20581079406663,0.056031849387725,24.4701243928516,36462.812
4.20562474958529,0.055909869487254,24.4774149139351,36465.718
4.20581096658146,0.0549667039888598,24.4732240494552,36468.625
4.20554840125526,0.0588240818495482,24.4746974074533,36471.531
4.2058779157802,0.0566600614195573,24.4747938086701,36474.437
4.20589901993978,0.059225429594008,24.4699801675328,36477.343
4.20582704876494,0.0577674228640296,24.4647559499157,36480.265
4.20581683805776,0.0568582383605372,24.4671949363264,36483.171
4.20566538889594,0.0585684642535464,24.460595522925,36486.078
4.20577531339547,0.059350016578429,24.4724055149612,36488.984
4.20566244483383,0.058151134560007,24.4714826318811,36491.89
4.20592624450928,0.0583995259622507,24.48009711492,36494.796
4.20562177104426,0.0575498483142882,24.4706878960443,36497.703
4.20574234067241,0.0577250897933276,24.4751153708876,36500.609
4.20586926149997,0.0572679380568296,24.4642509253988,36503.515
4.20589333446438,0.0579941198138677,24.4696611616317,36506.421
4.20575199380127,0.0566307720015604,24.4751994815179,36509.328
4.20578787019111,0.0552225065058372,24.4690092953502,36512.265
4.20594687041288,0.0558932308009564,24.466912037593,36515.171
4.20584593722574,0.0574411768790391,24.4712029692401,36518.078
4.20596418104827,0.0584247059521513,24.4635498313593,36520.984
4.20575945682343,0.0572949005412914,24.4644301747373,36523.906
4.20601083719457,0.0556722944521686,24.4583511422169,36526.812
4.20590553609917,0.0604375807582634,24.466003721784,36529.718
4.20591032500164,0.0558871308013914,24.4576501399715,36532.625
4.20598435752921,0.0597578102847899,24.4675237638779,36535.531
4.20594364979428,0.0529685909423082,24.4607672224967,36538.437
4.20582289153116,0.0565142139473175,24.4632007561762,36541.343
4.20577630077658,0.0586476346115733,24.4648132974432,36544.265
4.20583390627242,0.0571180751150221,24.4741158633702,36547.171
4.20604444797851,0.0544384001441854,24.4798255339858,36550.078
4.20608382983914,0.0566510085505412,24.4821835406265,36552.984
4.20606981639342,0.055048170524809,24.4713418515646,36555.89
4.20597736219604,0.058083571760045,24.4718253006482,36558.796
4.20615218735484,0.055606102627038,24.4673283692109,36561.703
4.2059421232176,0.0598290246753702,24.4620836160739,36564.609
4.20623103972737,0.0563720681320575,24.4648086496188,36567.515
4.20606046473867,0.0552062559744793,24.4653492129695,36570.421
4.20611226420806,0.0576843746836823,24.4561878218151,36573.328
4.20600002865814,0.0565718642254128,24.4642974978574,36576.234
4.20609275319544,0.057007768422848,24.4660710314346,36579.14
4.20617598747323,0.0590380441674466,24.4591564698492,36582.046
4.20611860815624,0.0556393862367549,24.462978528051,36584.953
4.20626615923804,0.0592073454626715,24.4610294142064,36587.859
4.20607462819624,0.0553814965544656,24.4636929767866,36590.765
4.20608915115204,0.0574190249579059,24.4572880142453,36593.671
4.20611314076143,0.0583399164322349,24.4590991740997,36596.578
4.20616876837007,0.0560337775107278,24.4599290295452,36599.484
4.20601657210145,0.0559424701426565,24.4581668852431,36602.39
4.20612865960979,0.0579442213114408,24.4582362668615,36605.296
4.20614566512306,0.0560267536254072,24.46085478655,36608.203
4.20620414249592,0.0528202433094457,24.4550632937264,36611.109
4.20632529890159,0.0541401919441641,24.4539309231056,36614.015
4.20623877810853,0.0571501955810222,24.4563886294827,36616.921
4.20612395179244,0.058181311853685,24.4520745545016,36619.828
4.20627132390563,0.0576067773456009,24.4594359103725,36622.734
4.20618666620996,0.0582294788289148,24.4565562886504,36625.64
4.20622071539,0.0546758344716267,24.4576498893327,36628.546
4.20620716712645,0.0524951294990032,24.4558491265431,36631.453
4.20644778152989,0.0568631749940655,24.4531907764093,36634.359
4.20618475423274,0.0571551898821812,24.4582098489216,36637.25
4.2062892189518,0.0587223304874216,24.4522140986239,36640.156
4.20600138118169,0.0575740032171619,24.4536020310554,36643.078
4.20623958252617,0.055977194873703,24.45935641656,36645.984
4.20632057711954,0.0554180046355602,24.458338127284,36648.89
4.20649307039309,0.05493052658763,24.4489257428178,36651.781
4.20626522877303,0.0555536166263502,24.4504142797243,36654.687
4.20635109847488,0.0556654651726346,24.4587309678818,36657.593
4.20621439724344,0.0597920381211966,24.4582362337724,36660.5
4.20620087104149,0.0574257593524918,24.4556162376489,36663.406
4.20650586681325,0.0563236062624041,24.4476320116914,36666.296
4.20632613335037,0.0579801775109074,24.4496153454132,36669.203
4.20640646093012,0.057178254640617,24.4557577005324,36672.109
4.20642688771652,0.0556133327783877,24.4542300999474,36675.031
4.20658830360491,0.0580021295648304,24.4496466672705,36677.937
4.2058960045368,0.0458701346543112,24.4484800923446,36680.859
4.20544519388824,0.0459442862282766,24.45245766343,36683.765
4.20536052459442,0.0478241807383022,24.4489621639628,36686.671
4.20531536908045,0.0461803100898041,24.4528880928175,36689.593
4.20555497495611,0.044572129791958,24.4492746128021,36692.5
4.20538299265291,0.0474313942149547,24.4548755821001,36695.406
4.20532618415814,0.0472500693047729,24.4487633514478,36698.312
4.20551876276563,0.0463809402077533,24.4532295455265,36701.218
4.20566438545887,0.0448085907344871,24.4496270860282,36704.125
4.20551717130849,0.0485494587832901,24.4463307540939,36707.031
4.20531429601647,0.0479131993329268,24.4483158151724,36709.937
4.20534439262402,0.0449557048382245,24.4455089531262,36712.875
4.20534995967309,0.0502335894005546,24.4518043228418,36715.781
4.20544365864801,0.0477005507958424,24.4535425034962,36718.687
4.20535012436756,0.0464168207454694,24.4478599796559,36721.593
4.20553601384616,0.0454896448174211,24.4549138824473,36724.5
4.20553506151158,0.0461099229191093,24.4519179539637,36727.406
4.20526981649664,0.0456027119920437,24.4486078021656,36730.312
4.20538775378406,0.0490782742380987,24.452636359393,36733.218
4.20528298578657,0.0464951710895672,24.4559153599689,36736.125
4.2054714223765,0.0500071616366619,24.4494141087857,36739.031
4.20531191048999,0.0458363820199165,24.4556143886378,36741.937
4.2055605111708,0.0467575620244927,24.4462423585906,36744.843
4.20525097177672,0.0504555911904581,24.4552114367668,36747.765
4.20529812321809,0.049538578074608,24.448087347489,36750.671
4.20536380595643,0.0467520601349799,24.4581912745582,36753.578
4.20556523853148,0.0480107273371796,24.4547412893615,36756.484
4.2053338664802,0.0486398528644074,24.4538721060214,36759.39
4.20537558558991,0.0542264647209887,24.4569742208911,36762.296
4.20562178790296,0.047298187828993,24.4431778855642,36765.203
4.20539424245105,0.0466690687277452,24.4531613980667,36768.109
4.20548990604494,0.0463064367044158,24.4499115331382,36771.015
4.20567817959242,0.0488643999749863,24.4425884620468,36773.921
4.20552332105344,0.0483584715378268,24.4492637220266,36776.828
4.20552527233284,0.0476319813850074,24.4454139903984,36779.734
4.20552267079796,0.0465529524639211,24.4462114044026,36782.656
4.20540555175346,0.0455868887784422,24.4421678741293,36785.562
4.20524400628326,0.0476155874687989,24.4413389939425,36788.468
4.2055226401446,0.0470273550778852,24.4451603248732,36791.375
4.20533257867647,0.0447389601302466,24.4501665297789,36794.281
4.20537325697635,0.0462475974515939,24.4382498501044,36797.187
4.20535813351182,0.0486995364872937,24.4382372736786,36800.093
4.20526874642562,0.0467932460680523,24.4402831364787,36803
4.20534377039054,0.0456163174937007,24.4472732150956,36805.906
4.20565394761049,0.0438540286914495,24.4525308415698,36808.812
4.2054727711347,0.0448647912451369,24.4505671221208,36811.734
4.20520174088272,0.0502235594658252,24.4466623034107,36814.64
4.2052618049313,0.0463315763383832,24.4427105255866,36817.546
4.20556642538971,0.0466786299388577,24.4451551914349,36820.453
4.20549224657568,0.050934021468076,24.4494830351466,36823.359
4.20519863226298,0.0486040251721738,24.4452590814422,36826.265
4.20546222441698,0.0453149259509067,24.4478631455229,36829.171
4.20563176914126,0.0511699166471741,24.4424767762405,36832.078
4.20543368549333,0.0471889700589744,24.4475769390384,36834.984
4.20577068897168,0.0508478587771855,24.4477643937397,36837.89
4.20550275127986,0.0465434868345122,24.4384393732025,36840.796
4.20563852821352,0.0500223701833099,24.4406256204368,36843.718
4.20545702548871,0.0431519630330206,24.4379050691021,36846.625
4.2056356370026,0.0484528597556331,24.437553582875,36849.531
4.20563222778898,0.0480698412300402,24.436834553083,36852.453
4.20547394590794,0.0437425690859864,24.4427957346332,36855.359
4.2054693254099,0.045914825469892,24.4429455897081,36858.265
4.20572447484293,0.042907481419961,24.4426166579224,36861.171
4.20548280380673,0.0445680322730517,24.4421804480766,36864.078
4.20550007038725,0.0456208157290362,24.4305618567639,36866.984
4.20539774438875,0.0448760411055477,24.4450719234752,36869.89
4.20556523067589,0.0472783863196508,24.4472270248333,36872.796
4.20567940992574,0.0493712190414605,24.4382310517696,36875.718
4.20552009593179,0.0459032097324151,24.4356867397599,36878.625
4.20545147845213,0.0475804727007967,24.4317285422372,36881.531
4.20544532669244,0.0485126727784451,24.4336063630548,36884.437
4.20560819376006,0.0492272870280553,24.4338095763227,36887.343
4.20568901044365,0.0480010852875662,24.4316839556479,36890.25
4.20554747968895,0.0468259583963544,24.4303161119558,36893.156
4.20589932923052,0.0461543343113162,24.4312990663138,36896.062
4.20561533794604,0.04608126226653,24.4222411773218,36898.968
4.20546107238275,0.0483004910574334,24.4218116278957,36901.875
4.20530578498842,0.0459574027954936,24.4252317950694,36904.781
4.20558978248685,0.0468793863802068,24.4287140564899,36907.703
4.20573054217938,0.0452303607961198,24.4196220600625,36910.625
4.20553172324073,0.0489648244054983,24.4267998633754,36913.531
4.20544810316243,0.0482405167512185,24.431052270419,36916.437
4.20580705016972,0.0446291678602612,24.4230290015306,36919.343
4.20584262836737,0.0470836424494818,24.4231511268678,36922.25
4.20558818962431,0.0477337193908662,24.4284161949635,36925.156
4.20564905379837,0.0489070562664335,24.4287377772919,36928.062
4.20567954756662,0.0489481556487064,24.4213106679289,36930.968
4.20559520557533,0.0483646353626308,24.4233023111367,36933.875
4.20559981753565,0.0444714305890305,24.4209717709644,36936.781
4.20572662973152,0.0479839051354318,24.4247012557128,36939.703
4.2055755773627,0.0441754579196883,24.415836775109,36942.609
4.2058921260359,0.0470641887585401,24.416004994426,36945.515
4.20589071910454,0.0468575300510335,24.4198874818916,36948.421
4.20580888649882,0.0475207898655724,24.4258794065941,36951.328
4.20561396845051,0.0453015556092904,24.4168485898194,36954.234
4.20557512007622,0.0480145109576199,24.4169622784293,36957.14
4.20595579293994,0.0462355078747346,24.4138224328512,36960.046
4.20559430908036,0.0455574887339358,24.4217946833739,36962.984
4.20592010932167,0.0482122376137462,24.4183072356345,36965.89
4.20557760401454,0.0431643033450621,24.4276529888656,36968.796
4.20565030668566,0.0473105795547354,24.4229206886961,36971.718
4.2059441845233,0.045339519850279,24.4143215221769,36974.64
4.20561013816287,0.048435044711214,24.4095586674251,36977.546
4.20575635435406,0.0478142560976281,24.4172505893378,36980.453
4.20617988621552,0.0459140889432994,24.4187601712751,36983.359
4.20587867521299,0.0463058749428948,24.4169226486142,36986.265
4.20586578435112,0.0486138182562408,24.4110947842004,36989.171
4.20575417492371,0.0481626310298913,24.4113863354976,36992.078
4.20589924955387,0.0485064236953946,24.4188018393044,36994.984
4.20586762363053,0.0445655419866818,24.4232041933299,36997.89
4.20599143366403,0.0458753868098752,24.4192915460348,37000.796
4.20581369512464,0.0482389647099651,24.4178898174784,37003.734
4.20571019868896,0.0458901202293672,24.424507233391,37006.64
4.20583196995432,0.0458869123921276,24.4232412930212,37009.546
4.20596440478488,0.0481312049990913,24.422492769295,37012.453
4.20600777061896,0.0442311750367259,24.4194248145233,37015.359
4.20604469221462,0.0454820394112644,24.421477051508,37018.265
4.2059109969621,0.0472715873874929,24.4214185872468,37021.171
4.20579212315158,0.0484848705502196,24.4235097479996,37024.078
4.20575318890165,0.0478335686925699,24.4206140792564,37026.984
4.20589712911596,0.0457305081271431,24.4211813446589,37029.89
4.20596110177877,0.0500347986460374,24.4174159658899,37032.796
4.20605634283825,0.0465127757140724,24.4160401040139,37035.703
4.20590247598796,0.0491365212845373,24.4250884107652,37038.609
4.20595433034657,0.0429135096813429,24.4199594026657,37041.515
4.20588070086274,0.0457131747249517,24.4208655987707,37044.437
4.20587864445887,0.0493237715999089,24.4129879098192,37047.343
4.20591736085335,0.0474375618295914,24.413630400307,37050.25
4.20598024000275,0.0469271029317144,24.4172623171039,37053.156
4.20607983162904,0.0467545186706417,24.4218283352804,37056.062
4.20583876944158,0.0463898303396716,24.4170090027901,37058.968
4.20627246039365,0.047536118520653,24.4168599728286,37061.89
4.20591826785992,0.0461570654477843,24.4175298878114,37064.796
4.205983093446,0.0435437910607154,24.4105910573004,37067.703
4.20598711449199,0.0491032182267904,24.411417154675,37070.625
4.20610226039196,0.0478090870820097,24.411486582103,37073.531
4.20609150177885,0.042211850370279,24.4121919539847,37076.437
4.20619455585355,0.0444771927984272,24.4101188381345,37079.343
4.2059861613324,0.0458471389132595,24.4133120061848,37082.25
4.20587623106685,0.0458899038134315,24.4127015509952,37085.156
4.20621643195251,0.0479897660067714,24.4123236865444,37088.062
4.20621718528019,0.0439232443575549,24.4205712238531,37090.968
4.20593628658918,0.0468981208867811,24.415482225722,37093.875
4.20628857988452,0.0475511806587613,24.4130572049596,37096.781
4.20615130036867,0.0476442011985891,24.4110811181689,37099.687
4.2058834003541,0.0453656952215838,24.4134691532031,37102.609
4.20600635524822,0.0434829931617688,24.4136341525938,37105.515
4.20606357920072,0.0434625707691654,24.4137485890755,37108.437
4.20604074583674,0.0443901598113984,24.4165423946047,37111.343
4.20638952445576,0.0461236021465245,24.4181778048668,37114.25
4.20639050651017,0.0428765344246922,24.4110015302595,37117.156
4.20614528592725,0.0456047052584987,24.4133030819276,37120.062
4.20619843756471,0.0466343094749103,24.4122279446022,37122.968
4.20602914809117,0.047199766737214,24.4154382519073,37125.875
4.2062263057797,0.0441686161798849,24.4136622594029,37128.781
4.20605230513386,0.0483977224332934,24.4108215554899,37131.687
4.20612894512268,0.0462048695953426,24.4223970219965,37134.593
4.20615400105793,0.045284644369704,24.4178640842515,37137.5
4.20613955448001,0.0449397986827805,24.4188820264948,37140.421
4.20612491731114,0.0431537852795767,24.4168880370961,37143.328
4.20626920674522,0.0446271010681656,24.4081858830148,37146.234
4.20636787274319,0.046386445483938,24.4094530323214,37149.14
4.20610827858813,0.0458051485342951,24.4079503004154,37152.046
4.20620195523804,0.0474730286849164,24.4128322650426,37154.953
4.20635468016846,0.0454265228105523,24.4087442689185,37157.859
4.20617720201697,0.0470386401318792,24.4140147031652,37160.765
4.20608417425062,0.0442325334759614,24.4056833211335,37163.687
4.20639974260985,0.0454467849674907,24.4076319230236,37166.609
4.20614440882876,0.0450583561871701,24.4114963584186,37169.515
4.20605969843662,0.0445520937042106,24.4134427284657,37172.421
4.20628565436246,0.0471201700605902,24.4068156739635,37175.328
4.20624240833562,0.0437778527104586,24.403768985894,37178.234
4.20618943354865,0.0449304127827431,24.3940111139924,37181.14
4.20634701401308,0.0425351731978759,24.4031415158388,37184.046
4.2061519652829,0.047862298921593,24.397133510904,37186.968
4.20627458707584,0.0466775749433822,24.4048616810416,37189.875
4.2063039526489,0.048061369101162,24.4036982506282,37192.781
4.20626184362867,0.0462385562461912,24.4098748702171,37195.687
4.20654181753317,0.0455330764847145,24.406174705094,37198.609
4.2064521000383,0.0469622183400836,24.4051091166116,37201.515
4.20638926808338,0.0437306841397253,24.4048439156457,37204.421
4.20627075956424,0.042887030011405,24.4040499241733,37207.328
4.20638842019304,0.0459946199499713,24.4075308557832,37210.234
4.20657082203026,0.0446543098906138,24.4011268758447,37213.156
4.20535021695461,0.0339326293114607,24.4074932288938,37216.078
4.20530848714493,0.0342095774621591,24.4029593236705,37219.015
4.20529048991258,0.0366000812301446,24.3992219407045,37221.968
4.20530720517072,0.0361859758793604,24.4027172373813,37224.953
4.20529449988712,0.0351974546379273,24.4088655233642,37227.859
4.20532455743728,0.0363714075857274,24.4064459434792,37230.765
4.20534646122342,0.0351663616149919,24.4076808802155,37233.671
4.20535305314417,0.0336997436261011,24.4033130319009,37236.593
4.20529909473368,0.0338596303002232,24.4038282478915,37239.515
4.20504799249566,0.0354988211111696,24.4082474069877,37242.421
4.2054353701582,0.0360942229613956,24.4097657349067,37245.359
4.20526737695507,0.0330729759884065,24.4095478883984,37248.265
4.2053451083317,0.0368205816656243,24.4046922057267,37251.171
4.20526534546554,0.0365074529217815,24.4071335335241,37254.078
4.20521447829284,0.035163083522569,24.4007262957111,37256.984
4.20528540947104,0.0332968158246364,24.3923211876363,37259.89
4.20520888397472,0.0366755186841513,24.3952761643375,37262.796
4.20520607276469,0.0353729848287477,24.3883063383363,37265.687
4.20522257260282,0.0358339005515144,24.3941730160139,37268.609
4.20533941181688,0.0343724814140952,24.3978137371833,37271.515
4.2052076375525,0.0354356666056326,24.3971155948498,37274.421
4.2054063065229,0.0369646374483244,24.3946355971856,37277.328
4.20498734209561,0.0358549931368619,24.3963544372747,37280.234
4.20528547182384,0.0353611200811609,24.392836189727,37283.14
4.20549093437272,0.0357979319365903,24.3937787903285,37286.046
4.20514478970958,0.038477417641324,24.4035310152432,37288.953
4.20520572565752,0.0360401276225073,24.3994367735779,37291.859
4.20515212397004,0.0356865524717952,24.3911475000921,37294.765
4.20529250842503,0.0321480208741925,24.3982797515414,37297.671
4.20550206263999,0.0363752701510126,24.393585722311,37300.578
4.20520182407327,0.0345318443208519,24.3917134742586,37303.484
4.20507376173161,0.034308820752243,24.3949956912778,37306.39
4.20520646443162,0.0349398558808385,24.3941265777097,37309.296
4.20523404018187,0.034716584088589,24.3921267147395,37312.203
4.20505486823182,0.0339307752771894,24.387532654168,37315.109
4.2053075862431,0.0395149571356062,24.3915798619146,37318
4.20519642880863,0.0363605797038482,24.390097209335,37320.906
4.20513013092179,0.0333285250675354,24.3893726986073,37323.812
4.20536640603738,0.0375951794771441,24.3909042411596,37326.718
4.20506292941251,0.0359838192111569,24.3835360747185,37329.625
4.2053796504171,0.0336729052705751,24.3879001003031,37332.546
4.20534246157294,0.0362819627090602,24.3862680030166,37335.453
4.20525170430273,0.0337691269038735,24.3838819895378,37338.359
4.2052560940153,0.0362268952060746,24.3848914849296,37341.265
4.20514941535503,0.0328264516435473,24.3873459315092,37344.171
4.20532536054332,0.0351687491309878,24.3840244015313,37347.078
4.20515890236452,0.0374002323364141,24.3885478506536,37349.984
4.20544499577046,0.0363966332882858,24.3994444565729,37352.875
4.20523638055907,0.037363680183761,24.3906569217209,37355.781
4.20521307668981,0.0341503433686212,24.3838950383281,37358.687
4.20518426040327,0.0347650219172423,24.3872559466265,37361.593
4.20528087750926,0.03330022444152,24.3928190210252,37364.531
4.20533860062232,0.0366640179746147,24.3890855842371,37367.421
4.20531045620101,0.0342311124488178,24.3883517341724,37370.328
4.20521585265286,0.0364521018068456,24.3811682478291,37373.234
4.20515875741184,0.0377271121981388,24.3801580083645,37376.14
4.20534695883881,0.035431310143475,24.3784544576999,37379.046
4.20521929234039,0.0402403675053404,24.3842615067568,37381.953
4.20535041978391,0.0350045813757159,24.3780753346726,37384.843
4.20528148140296,0.0359042932407778,24.3770845072869,37387.75
4.20526258190278,0.0333491856638858,24.3824091266392,37390.656
4.20520275251041,0.0356729149615447,24.3825094030892,37393.562
4.20533602411523,0.0349926966769888,24.3763199372716,37396.468
4.20521288936881,0.0361607113231093,24.3775294610288,37399.375
4.20531133024283,0.0385622013648722,24.3790422113727,37402.281
4.2052363914669,0.036802434835817,24.3787410446457,37405.187
4.20542496005659,0.0346153423143991,24.3853888026585,37408.093
4.20528168069286,0.0330886964897046,24.3796551024146,37411
4.20533644024989,0.0318820876762776,24.3824045575439,37413.906
4.20520964141442,0.0349410749691721,24.3747114598621,37416.812
4.20546288493393,0.0362334600489486,24.3809672487213,37419.703
4.20558628663429,0.0357801684302315,24.3786597887699,37422.609
4.20524495018953,0.0347007928299351,24.3823424215918,37425.515
4.20544552054542,0.0354614765701343,24.3736848552647,37428.421
4.20524811265622,0.0352842453638591,24.3800038615381,37431.343
4.20530870445286,0.0355674877973649,24.3861291652586,37434.25
4.20520480215842,0.0360658260702625,24.3924185696363,37437.156
4.20528311402996,0.037463081127149,24.3873161329337,37440.062
4.20545494248314,0.0389356403297759,24.3867033848334,37442.968
4.20545540713445,0.0389989451867618,24.3794037799565,37445.875
4.20530290386701,0.0358450363176626,24.3834230142691,37448.781
4.20535250280534,0.0336301723428199,24.3768476598715,37451.687
4.20486988965611,0.0354260912278602,24.3859771014135,37454.609
4.20539604030279,0.0368021695728177,24.3841292993937,37457.531
4.20536595031216,0.0363836527734243,24.3828758272054,37460.531
4.20530783497894,0.0343595669913124,24.3821638352172,37463.468
4.20536379283916,0.0339520193366668,24.3776582152995,37466.437
4.20537861852242,0.0348015857467693,24.3774999734614,37469.39
4.20557888429088,0.0363229735331651,24.3877271054761,37472.453
4.20535677295061,0.035791605362148,24.3875654283969,37475.421
4.20544919165016,0.0365249824618345,24.3751920195708,37478.421
4.20547329312915,0.0347261599505268,24.3843772422043,37481.453
4.20535267015257,0.0358873995218532,24.3808069012627,37484.453
4.20535722373003,0.0348051885478737,24.3784449075378,37487.421
4.20525128737777,0.0335972719458217,24.3844829964543,37490.421
4.20538028887719,0.0339139951964119,24.3796298448387,37493.453
4.20533391105148,0.0357025778931769,24.3798265685672,37496.437
4.20544502233569,0.0334029874430208,24.3763327078961,37499.484
4.20532900354181,0.0377055295325719,24.3832862423488,37502.468
4.20545948345841,0.0325260106674139,24.3734076757781,37505.484
4.20543772531566,0.0351240436255062,24.3678743696786,37508.484
4.20548215609368,0.0377714387073361,24.3786396204819,37511.5
4.20555057538398,0.0370359690128209,24.3745554746946,37514.5
4.20555475561563,0.0356261920555007,24.3736793099386,37517.5
4.2055833509937,0.0360156097091456,24.3750712109538,37520.531
4.20545699544004,0.034131344466985,24.3811979395256,37523.562
4.20554337490797,0.0350846511678383,24.3797566967145,37526.562
4.20531897998519,0.0364354584542663,24.3713926237292,37529.531
4.20535606498581,0.0388750831337382,24.3747716443768,37532.531
4.20541446972101,0.0328798458813249,24.3780077723209,37535.468
4.20543054938658,0.0362201221816268,24.3764464990344,37538.437
4.20548249554568,0.0366172519644254,24.3719541511363,37541.359
4.20546946146789,0.0347337081950335,24.3760677414131,37544.265
4.20548485069896,0.0345164967989738,24.3796168024495,37547.296
4.20549154817042,0.0344208997643494,24.3839625426474,37550.296
4.20532674623349,0.0352204533030139,24.3876090142359,37553.328
4.20541422355551,0.0318746015252804,24.3764678260718,37556.296
4.20561438300643,0.0294478962702227,24.372447395991,37559.203
4.20557961968732,0.035698133161459,24.3780090725777,37562.187
4.20557522959215,0.030963047785648,24.3730133155098,37565.109
4.20537185247569,0.0346134431788274,24.3699076860596,37568.046
4.20557024292511,0.0348563044746722,24.3686578809543,37570.953
4.20560915040003,0.0341908753843406,24.376955258013,37573.859
4.20564839274202,0.0350388386990467,24.3771151352075,37576.765
4.20543690518608,0.0370355199421685,24.3756892265955,37579.671
4.20555517150999,0.0362846393678378,24.3762888080131,37582.578
4.20553055427896,0.0354114563712787,24.3787898458072,37585.484
4.2055738390582,0.0337807674325498,24.3723996706542,37588.39
4.20550926446017,0.0318680141559495,24.3752349439904,37591.281
4.2056456010913,0.0364420190590412,24.3722179073755,37594.187
4.20552733451937,0.0365644211223169,24.3703036764259,37597.109
4.20562314238383,0.0359534010989858,24.3690834519821,37600.015
4.20559409804086,0.0354096267623722,24.3771591667563,37602.921
4.20569276401702,0.0333315431280122,24.3675528407847,37605.828
4.20561676719247,0.0345982158005914,24.3721615353239,37608.734
4.20555799035475,0.0371886738725874,24.3777687737528,37611.64
4.20565581865692,0.0349803544573091,24.3765990771616,37614.546
4.20545926610807,0.0358138416498569,24.3808604894978,37617.453
4.2053652098453,0.0335515137472113,24.3763238445659,37620.343
4.20583780293197,0.0332031828625793,24.3751951069416,37623.25
4.20566013835652,0.0349388064664044,24.3814100085612,37626.156
4.2055829185316,0.031545983968962,24.3731141564696,37629.078
4.20554507135968,0.0357739546004259,24.3780740249768,37631.984
4.20558023826815,0.0346335314583462,24.3719119789928,37634.906
4.20547629488207,0.0360543871476145,24.3749974623661,37637.812
4.20566759130334,0.0339204509854819,24.3792730399844,37640.718
4.20544050958622,0.0386305732886757,24.3817366720079,37643.625
4.20557036890888,0.0336349466300589,24.377023663996,37646.531
4.20568400138465,0.0331222611808384,24.3742123997151,37649.421
4.20581956748623,0.0347516864520115,24.3775012700053,37652.328
4.20580637740993,0.0377239707917862,24.3743461183694,37655.234
4.20572436598003,0.034396814430519,24.3703118865535,37658.14
4.2058264403778,0.0339484295626286,24.3705776497766,37661.062
4.20580708728928,0.0328545386590775,24.3727223841453,37663.968
4.20561907738493,0.0340778949027239,24.3677734928151,37666.875
4.20561882947208,0.0315886788830644,24.3751939458093,37669.765
4.20559020009417,0.0383248534566936,24.3660836301109,37672.671
4.20588195999347,0.0386937058651343,24.3682395119012,37675.578
4.20558624966851,0.0342414000389554,24.3686932260429,37678.484
4.20567656095267,0.0367532448924361,24.3710453482305,37681.39
4.20572133679671,0.0348555765727132,24.3667077975239,37684.296
4.20568328535686,0.0323990013635953,24.3683658337088,37687.203
4.20579458720671,0.0343448676766807,24.3682194159107,37690.093
4.20582596573291,0.0349662316823385,24.3654586624451,37693.015
4.20598779805466,0.0361454537931056,24.3651569921074,37695.921
4.20592533652785,0.0333837168028711,24.3685829279193,37698.828
4.2057383629285,0.0347878724167423,24.3713974280543,37701.734
4.2059966726762,0.0341120057784197,24.3674055171247,37704.625
4.20577007865523,0.0334591211002006,24.3698917172473,37707.531
4.20561997060685,0.0347906401357602,24.360028794863,37710.437
4.20592372850988,0.0358881307023877,24.3695364405609,37713.343
4.20588586756873,0.0346782776990886,24.3658283830524,37716.25
4.2057079333644,0.0331470293794158,24.3699792565992,37719.156
4.20569791744297,0.0341582117410602,24.3747994142403,37722.062
4.20589624489912,0.0346582369042891,24.3800876656129,37725
4.20592016377854,0.0344479151976434,24.3684152946425,37727.89
4.20571480152975,0.035508001957382,24.372761200966,37730.796
4.20591705994364,0.0330178333760268,24.3715155511501,37733.703
4.20562599606126,0.0363079413367637,24.3747689985474,37736.609
4.2056570849866,0.0325086204467868,24.3671070531026,37739.515
4.20579062313446,0.0336315688615406,24.3621746309451,37742.421
4.20577604846701,0.0321913149590483,24.3669080809652,37745.328
4.20571027670812,0.0376746864469262,24.3678197922594,37748.234
4.20581857421007,0.033256778515224,24.3702109803508,37751.14
4.20575413408114,0.0327592476585667,24.3643787937662,37754.031
4.20592844032121,0.0358183698860533,24.3617952528971,37756.968
4.20570666470129,0.0310911059544391,24.3644771904048,37759.875
4.20602924048369,0.0350212644575283,24.3610867783141,37762.781
4.20606338483005,0.0365104351806048,24.3637935948227,37765.687
4.20583998832306,0.0318662082905903,24.3671765851457,37768.578
4.20614588100028,0.0314532865711041,24.3580649485952,37771.484
4.20592220747946,0.0354626910772848,24.3608568380801,37774.39
4.20591608275637,0.0347449876821177,24.3621714627228,37777.296
4.20589006982245,0.0330380355908084,24.3663842469994,37780.203
4.20593339393332,0.0363948654098152,24.3605000342711,37783.109
4.20594271196555,0.0319689757742505,24.3569426686463,37786.015
4.20602365164632,0.0356079704021687,24.3637133827464,37788.906
4.20570527738977,0.0337094402287234,24.361400098188,37791.828
4.20598714311843,0.0321357291314318,24.364566834324,37794.734
4.20586022267085,0.0359932460636922,24.3570983542787,37797.64
4.20590637445949,0.0331118791180499,24.3560861325725,37800.546
4.20592187705585,0.0318939146974365,24.3592810163787,37803.437
4.20596392869559,0.0324274557869925,24.356312009625,37806.343
4.20599834681924,0.0350183028249755,24.3544303144167,37809.25
4.20593301310613,0.0314431917395768,24.358033611417,37812.156
4.20595296136471,0.0353419595943337,24.3559729832125,37815.062
4.20617361101853,0.0333390562952339,24.3627698147306,37817.968
4.20596649258916,0.0349884493708591,24.3600655195786,37820.875
4.20589762124017,0.0333213665561212,24.3584338599443,37823.781
4.20594000900421,0.0349403806584056,24.3544545668271,37826.687
4.2062017494478,0.033959429872228,24.3563133640266,37829.593
4.20591072676976,0.0333953643587064,24.3540074108374,37832.5
4.20632740857926,0.0317850284804134,24.3550818488795,37835.39
4.20614984167699,0.0357346931207988,24.3502055252497,37838.296
4.20577505899255,0.03581178694827,24.355456050177,37841.203
4.2057754710241,0.0309275880792207,24.3502412722499,37844.109
4.20594296561791,0.0329124279939913,24.3583692125784,37847.015
4.20600198429825,0.0336359603504945,24.3552998500005,37849.921
4.20585258232375,0.0343859681279356,24.3520568425833,37852.828
4.20590106520129,0.0337170690330393,24.3568593858724,37855.75
4.2061740525212,0.0352477728141492,24.3525189667041,37858.656
4.20629004550422,0.0342064676577485,24.3525329028177,37861.546
4.2061071737323,0.0326745601562317,24.3565544865634,37864.453
4.20602936994933,0.036416924466864,24.3526246529478,37867.359
4.20582699967359,0.0349723242195183,24.3515653942265,37870.265
4.20597661434132,0.0339937861430359,24.3446318389306,37873.171
4.20581578578528,0.0375754407901715,24.346378928742,37876.078
4.20582193992146,0.0345037979439009,24.3527914024459,37878.984
4.20628620423992,0.0343547668539725,24.3569529126185,37881.875
4.2058543079885,0.035186179931594,24.3428065523801,37884.781
4.20597434115848,0.0328475245328619,24.3506682215972,37887.703
4.20612252359007,0.0319768695602051,24.3422977741643,37890.609
4.20616937076309,0.033669530382568,24.3457089110534,37893.515
4.20601063202429,0.0313940322136982,24.352007057411,37896.421
4.20607672883173,0.0330119413649933,24.3430749588977,37899.328
4.20621186554653,0.0342045097599359,24.3496186578045,37902.234
4.20620161184428,0.0350997744285039,24.3492756374234,37905.125
4.20598016134534,0.0334793162024812,24.3493878388439,37907.984
4.20613772162672,0.0321172239587289,24.3425387641508,37910.828
4.20606087522274,0.0323348851235453,24.3467931374306,37913.718
4.20611142527948,0.03016142952279,24.3439421720769,37916.593
4.20595628853922,0.0361622909780938,24.344506257687,37919.468
4.20591360220529,0.0315544810657682,24.3442960037056,37922.375
4.20622242097951,0.0313116131702757,24.3448884714848,37925.218
4.20630409232563,0.0338460992687963,24.3475615814118,37928.078
4.20575233004966,0.0314793623008593,24.3470711119651,37930.921
4.20632001213256,0.0348876643441186,24.3443007571625,37933.812
4.20607474943493,0.0329098714936397,24.3461683905036,37936.687
4.20608871077787,0.0322688168351098,24.3368212619253,37939.562
4.20614893404848,0.0333925311063252,24.3434901047827,37942.453
4.2061844558332,0.0337776561562006,24.3477501268038,37945.328
4.20607631427457,0.0345547484539077,24.341746549744,37948.218
4.20602173671063,0.0325235062726687,24.3484370051123,37951.109
4.20645899533317,0.0330351903868197,24.3480530907886,37953.984
4.20613849877272,0.0365509917213242,24.3417352479632,37956.89
4.20613400991819,0.034198348795116,24.355032639547,37959.734
4.20615366854987,0.0320714129155749,24.3484518829835,37962.593
4.2062381248326,0.0327288187691967,24.3534063411255,37965.437
4.20611557271514,0.0331333373362578,24.3480141760759,37968.328
4.20623235112298,0.0344392546559428,24.3401797876575,37971.203
4.2061841655721,0.0340110019055033,24.3335731248766,37974.078
4.20659444584878,0.0292132016428594,24.3441034515421,37976.968
4.206428776214,0.030888490931321,24.3363288820143,37979.859
4.20585295994674,0.0311926693671265,24.3407919971074,37982.765
4.20616783787476,0.0368865778849735,24.3368848032313,37985.64
4.20632173888385,0.0331680246106307,24.3421600049703,37988.531
4.20621358782142,0.032458364453644,24.3427387201791,37991.406
4.20633421877268,0.0354135464830727,24.3366581411075,37994.281
4.20626484546102,0.0312419934966425,24.332760323973,37997.171
4.20620202804034,0.0355601086009282,24.3381049419833,38000.046
4.20623476540207,0.0336247895633668,24.3346670607724,38002.937
4.20644718856756,0.0299318249816742,24.3307093068359,38005.812
4.20638687044658,0.0279763969079989,24.331987606606,38008.703
4.20635536572703,0.0353497957813173,24.3280557671257,38011.593
4.20622950810928,0.0323391983676455,24.3420849982726,38014.468
4.20660016692914,0.0321931312672652,24.3383021380703,38017.343
4.20623447876128,0.0348902417351411,24.3478747670804,38020.265
4.20649014663571,0.0323110023035943,24.3388224728082,38023.109
4.20642952254008,0.0303907756512319,24.3384517511561,38025.968
4.20647236882802,0.03813141875908,24.3334098301413,38028.812
4.20624756701238,0.0358672679857666,24.3397850859276,38031.703
4.20655953950925,0.0349122282250052,24.3420637821746,38034.578
4.20642352069555,0.0306200748014673,24.3316825096039,38037.468
4.20631998506729,0.0337734664155083,24.3310405626259,38040.343
4.2064973283645,0.033095296130164,24.3405840573746,38043.234
4.20618576644924,0.0337378522052533,24.3440797387046,38046.109
4.20607174218274,0.0368246319675124,24.3413876143813,38049
4.20646691423342,0.0343520074393841,24.3386653177495,38051.89
4.20647248251729,0.0309527409666212,24.3312261802545,38054.75
4.20638893678795,0.0354281860756566,24.333164772183,38057.593
4.20623419766759,0.0356599891161629,24.333215698446,38060.453
4.20652361375547,0.029339062488212,24.3282825580704,38063.328
4.20628743406841,0.0289072690428485,24.333739906548,38066.218
4.20641579914118,0.0340962785240143,24.3281803551399,38069.109
4.20617778062566,0.0330433415589054,24.327954027998,38071.984
4.2064538487049,0.0339657165235305,24.3367973478379,38074.875
4.20645817746768,0.0341074318128981,24.3360495948013,38077.75
4.20645045038598,0.0312561903374489,24.3337690035135,38080.625
4.20677309445612,0.0330846638290593,24.3358522037482,38083.546
4.20639520917009,0.0325876120508736,24.3412337878261,38086.39
4.20618188396392,0.0335608062728022,24.3424734386253,38089.25
4.20636563599586,0.031642687493482,24.3455033764042,38092.093
4.20664693499861,0.0354714793639076,24.3324784239263,38094.984
4.20640230232039,0.0323677572135159,24.3385558757172,38097.859
4.20645647794952,0.0324028769631166,24.3357923141236,38100.734
4.2066489663003,0.0325849860876413,24.3403031784145,38103.625
4.20659549288555,0.0342592179956218,24.3434016355824,38106.5
4.20652757464976,0.0322116037446546,24.3380515348578,38109.39
4.20640123582186,0.0348719172440739,24.3397360291329,38112.281
4.20669236961873,0.029580134187746,24.3413535629116,38115.156
4.20635791954902,0.0298809686250786,24.3406045129486,38118.062
4.20637527745027,0.0303410765637513,24.3371397717576,38120.906
4.206452532474,0.0298903618919908,24.3322184844253,38123.765
4.20650916920043,0.0339970169266717,24.3374408425516,38126.609
4.20639132036137,0.0321491278231581,24.336718466221,38129.5
4.20644550896768,0.0295138864221792,24.3322452880451,38132.375
4.20664270696403,0.0314969090464097,24.3432915795397,38135.265
4.20652580987474,0.0332553276988612,24.3351853424372,38138.156
4.20648760863993,0.0336641033238225,24.3292256226115,38141.031
4.20657927742827,0.0363741875451385,24.3326401986091,38143.921
4.20657399308502,0.0343358984500602,24.327516935434,38146.812
4.20647130776535,0.0309922581134535,24.3254439491045,38149.703
4.20652725047876,0.0359673594084463,24.3280635021723,38152.578
4.20655518030346,0.030363440523291,24.3365787237389,38155.453
4.20666128595284,0.0320396078845795,24.3324337376445,38158.343
4.20666501816976,0.0319067777281655,24.3366576500715,38161.218
4.20666086340456,0.0335456037711986,24.3369610993903,38164.109
4.2066949760038,0.0312714375033783,24.3304331928709,38167
4.20661108706026,0.0344404465937605,24.3326672369232,38169.875
4.20662388907935,0.0342805081847366,24.3305821970739,38172.765
4.2063566919107,0.0302838009339177,24.3333260776075,38175.64
4.20689586851472,0.0331925896582246,24.3342967449432,38178.515
4.20651764362432,0.0310952080050412,24.3296794302647,38181.421
4.20658740923172,0.032106825059215,24.3316300995404,38184.265
4.20667060298949,0.0321885043575461,24.3274240041749,38187.125
4.20662452355327,0.0312538146773965,24.3281281751682,38189.984
4.20674046443611,0.0330251465658024,24.3299983049643,38192.859
4.20664080557968,0.0310030718374024,24.3289353860032,38195.75
4.20665984108349,0.0318174493728988,24.3337740130806,38198.625
4.20678131512629,0.0301543340443793,24.3340877457083,38201.515
4.20674562095205,0.0306446525619818,24.3392034726582,38204.39
4.2066862605695,0.0334992805415365,24.3338979291552,38207.281
4.20654402078546,0.0318372711320561,24.3286128343613,38210.156
4.20665010585973,0.0327430608347908,24.3285140912517,38213.062
4.20658365115034,0.0337292855701668,24.3239159387449,38215.906
4.20685694697202,0.0323736323059245,24.3292396099171,38218.765
4.20658333810117,0.0335072754043381,24.3296022829637,38221.609
4.20655267948775,0.0317156010848661,24.3251192926076,38224.484
4.20686963187701,0.0319612101193964,24.3316328823205,38227.375
4.20671918577389,0.0312410656659215,24.331986940291,38230.25
4.20692772528713,0.0307476996085288,24.3317765306287,38233.125
4.20668186740114,0.0319548191232834,24.3279332559964,38236
4.20659502407623,0.0335188054539169,24.3357042126488,38238.89
4.2067149051579,0.0293186670421295,24.3298512692521,38241.765
4.20662913091753,0.0314243398748839,24.3291042814956,38244.671
4.20664328649531,0.0321886253026272,24.3351785395754,38247.515
4.20675675738289,0.0354311121703067,24.3255064086687,38250.375
4.20702115490466,0.031856556066253,24.3283938935988,38253.218
4.20697704928324,0.0325224483072324,24.3261177549151,38256.093
4.20672747768584,0.0317041073833583,24.3315421005652,38258.968
4.20673466789283,0.0293263613379962,24.3282777434585,38261.859
4.20677203695047,0.0322582814416045,24.3293927485232,38264.734
4.20686973778081,0.0303746140660209,24.3369552872451,38267.609
4.2069129566676,0.0342177140231148,24.324796673981,38270.484
4.20695087748922,0.031821420472474,24.3286168268085,38273.375
4.20682523685367,0.0310359366257131,24.3308991549614,38276.25
4.20682220389553,0.0306424531965569,24.3282534826841,38279.156
4.20677464886323,0.029798398590176,24.3302192419946,38282
4.20680912659463,0.0309391548431606,24.326771169977,38284.859
4.20694278470185,0.0312413659968461,24.3367949858586,38287.703
4.20684601080988,0.0311718237496824,24.3260565073158,38290.593
4.20664596004671,0.0330065974826462,24.3307501122069,38293.484
4.20676740373924,0.0317466955374703,24.3257446209476,38296.359
4.20699573152851,0.029864062806644,24.3289774968198,38299.25
4.20683842569758,0.0311253779969389,24.3294088260341,38302.125
4.20677836537705,0.0267426308852539,24.3268797791264,38305.031
4.20718520123374,0.035250949327556,24.3218229979232,38307.906
4.20697961599943,0.0317220454638876,24.3299921662994,38310.796
4.20700011691806,0.0328127069677549,24.3260801274958,38313.671
4.20679402337513,0.0314735288744342,24.3217430523961,38316.546
4.20677313661229,0.029623095673885,24.3212760555653,38319.437
4.20712800327261,0.0352162290552185,24.3239136164929,38322.312
4.20700025364428,0.0315162520735568,24.3217293889796,38325.203
4.20688728679921,0.0318288671037254,24.3192935177898,38328.078
4.20686115627905,0.0310232306331352,24.3149748142141,38330.953
4.2070328595644,0.0302802662949544,24.3203233637628,38333.828
4.20690973477475,0.0294464977781043,24.3171118198252,38336.718
4.20706884299517,0.0300811278055623,24.3212531486857,38339.593
4.20717920199014,0.0321287888556494,24.3187404724075,38342.5
4.20696169951876,0.0325930499928028,24.3141056892438,38345.328
4.20695346531008,0.0347478224199162,24.3332805904238,38348.187
4.20695320440455,0.0297194924439754,24.3242256910219,38351.031
4.2069203691658,0.033809424791266,24.3162844625415,38353.906
4.20704806434839,0.0290260107356778,24.3289445883235,38356.796
4.20696297812396,0.0337520451195705,24.3148721276414,38359.671
4.20686100425323,0.0323630856869228,24.3245776989613,38362.546
4.20702085565626,0.0321335763220537,24.3282534317737,38365.421
4.20702296919245,0.0274059373499143,24.3273867138263,38368.296
4.2072183747256,0.0347389855791992,24.3285910859695,38371.171
4.20714535702526,0.0325090302704077,24.3188096153492,38374.078
4.20726092013062,0.0330956560094856,24.313005884707,38376.921
4.2067573003383,0.0340377507992647,24.3214458890043,38379.781
4.20717053114701,0.0323914941648838,24.3203378472352,38382.625
4.20717422978148,0.0324057326120079,24.320054186965,38385.515
4.20713547199537,0.0286327058451198,24.3177805110715,38388.39
4.2070266075925,0.030357662048785,24.3169228922031,38391.281
4.2071906633997,0.0315540355763017,24.3153133712945,38394.156
4.20709530720771,0.0323604837793234,24.3202760102457,38397.031
4.20726549082883,0.0297279514997247,24.3208675950776,38399.906
4.20713321214917,0.0362267155424106,24.3155427028887,38402.796
4.20709104448396,0.0337102064707917,24.3083754966983,38405.687
4.20690488459328,0.0295098790431556,24.3084478210144,38408.531
4.20710184019053,0.0329604579301503,24.3135110339094,38411.39
4.20716826496835,0.0328262610975775,24.3102060454456,38414.25
4.20702596410261,0.0304386636599313,24.3189536695243,38417.125
4.20694412672785,0.0322746023369912,24.3154450826569,38420
4.20718215610622,0.035190359021735,24.3243111654263,38422.89
4.20719362190778,0.0307466005400796,24.3186464564482,38425.765
4.20723331764145,0.0291242648249568,24.3125820622864,38428.656
4.20735272960063,0.0322197411195179,24.316745202225,38431.531
4.20728814896518,0.0308059985850421,24.3125374792601,38434.421
4.20697725277555,0.0321844127848149,24.318338673503,38437.296
4.20740495891884,0.0307160008061967,24.3147948959441,38440.203
4.20713457433954,0.0295047937140561,24.3198380710957,38443.046
4.20719381085715,0.0334860881058297,24.3130854648207,38445.906
4.20699069894125,0.030101807686731,24.3161256721405,38448.75
4.20735298196977,0.0340289983083905,24.3122280782342,38451.625
4.20738634814864,0.0291822537245835,24.3094505126436,38454.515
4.20714239389516,0.0330968107410754,24.3077587120215,38457.39
4.20724503734149,0.0270345253780761,24.3064217103011,38460.281
4.20755994847306,0.0340890666609173,24.3071271220157,38463.156
4.20636220165306,0.0244892353076917,24.3071084413428,38466.062
4.20639645093756,0.0192599619836249,24.3037058202992,38468.953
4.20238097921591,0.00184263816169843,24.3070667133274,38471.812
4.20298782652041,-0.000639399054922957,24.3108874778647,38474.578
4.20354457328092,-0.000244354710354797,24.3064399441563,38477.375
4.20348044854608,-0.000458712847743146,24.3049025300014,38480.171
4.20341109714691,-6.8146791921134e-05,24.3199035495871,38482.968
4.20347689978687,0.00199758832045859,24.3210529232607,38485.765
4.20326925604621,-0.00239081476611575,24.3211647147518,38488.5
4.20329707261022,-0.00404087548096077,24.3128579696839,38491.296
4.20382280238903,0.00176075648849622,24.3198680519093,38494.093
4.20350581370136,-0.00135282224706872,24.3119441920456,38496.875
4.20318594782113,-0.00297700651505173,24.3173792855399,38499.671
4.20322665066779,-0.00296831135622456,24.3130326888511,38502.468
4.20359872456724,0.00227865460705612,24.3139632862851,38505.25
4.20351665351083,-0.00270654732597952,24.3160583317997,38508.046
4.20337989212836,-0.00153479832813446,24.3102263938561,38510.843
4.20303076403764,-0.00204754039850737,24.3102814428839,38513.625
4.20309140212683,-0.00261969187484618,24.3130594992758,38516.421
4.20309592436054,-0.00272488016270955,24.3182787824132,38519.218
4.20303535974566,-0.00129536615542724,24.3087703790812,38522
4.20315084998463,0.000946744972110113,24.3219154631325,38524.796
4.20313385123117,-0.00412496487079556,24.3157584766794,38527.593
4.20286783249371,-0.00181613828296164,24.3105127344165,38530.375
4.20316828777175,0.000814454319547254,24.3122094052186,38533.171
4.20316922711158,0.000720647475163272,24.3086145697703,38536
4.20324510349147,-0.00219011724356864,24.3082087968993,38538.781
4.20295528645141,-0.00149004275233308,24.3148646030345,38541.562
4.20298745463024,-0.00119371451112757,24.3149679776497,38544.359
4.20304393232753,0.000454383231893114,24.3149833840322,38547.14
4.20295527981277,6.1543204986878e-05,24.3167397217441,38549.937
4.20314474849602,-0.00153232683690886,24.3129077122433,38552.765
4.20291397980604,-0.00200751628940919,24.3133673731849,38555.546
4.2031097089119,-0.00364136885880091,24.3184510423023,38558.328
4.20281426790317,-0.00410374631566119,24.3142522589878,38561.125
4.20265712469661,-0.00195146511692979,24.3105481211191,38563.906
4.20303720690263,4.22712954358378e-05,24.3114598171917,38566.703
4.20302252246401,-0.00185054249090736,24.3092743324382,38569.437
4.20255596504899,-0.00278749219513578,24.3087536430937,38572.234
4.20262751321146,-0.00329638698734523,24.313843433361,38575.031
4.20267745825751,-0.00335928870224928,24.3168002579653,38577.812
4.20290778807916,-0.00127060610386368,24.3099732821062,38580.609
4.20263649882678,-0.00356137643300556,24.3118061251777,38583.406
4.20272347692377,-0.000886532108214094,24.3107356993767,38586.187
4.20274159764689,-0.00229992669263338,24.3159438937997,38588.968
4.20273802957223,-0.00203668672542836,24.3172854885841,38591.765
4.20275160523774,0.00083592129329032,24.3129346060154,38594.546
4.20265539259348,-0.00265371429030744,24.3067776341178,38597.343
4.20266199797891,-8.90388713685126e-05,24.3098427874487,38600.14
4.20272958664431,-0.000212644240372965,24.319560959951,38602.875
4.20300053132001,0.000643029421929067,24.3152837154868,38605.609
4.20286797327203,-0.00291624036145574,24.3240118628001,38608.343
4.20297812631476,-0.000616924911123392,24.3074858162637,38611.078
4.20279400979388,0.00250683747865386,24.3102686767091,38613.812
4.20265117996136,-0.000736931609258475,24.3072270603371,38616.578
4.20270017281781,-0.00233895998415086,24.3051563079084,38619.312
4.20278072550971,-0.0022424502605794,24.3066796366412,38622.046
4.20272130312221,-0.00172784985456533,24.3035553383079,38624.781
4.20294189047565,-0.0028078765398305,24.312343329934,38627.515
4.20284927731161,5.79317570150403e-07,24.3106661688436,38630.234
4.20268871666723,-0.00220498324009664,24.3143779439686,38633
4.20276932350904,-0.00124723491021184,24.3140816930585,38635.734
4.20280752419046,0.00331945911446714,24.3104399365828,38638.468
4.20255234845931,-0.000728293038844794,24.3096207744765,38641.218
4.20280005063852,-0.00167830007146267,24.3056492234459,38643.953
4.20282813346588,-0.00219491938911707,24.3091107170293,38646.671
4.20270287701234,0.00238166444415264,24.3173217419968,38649.406
4.20240097673164,-0.00110240357789954,24.3154763881069,38652.156
4.20260728841599,-0.00252241986021356,24.3131630466274,38654.875
4.20261189344657,-0.00238162746076569,24.3139954043109,38657.625
4.20265898503147,-0.00128116279359832,24.3123097872964,38660.359
4.20237817708494,-0.00312790240119381,24.315707182478,38663.078
4.20265745719621,-0.000472835579735531,24.3073933480074,38665.812
4.2027790251607,-0.000874330425017394,24.3100150501618,38668.531
4.20255194278804,0.000377950596850239,24.315832907695,38671.265
4.20246311781814,-0.00344565472437789,24.3163762526961,38674.015
4.20249681118365,-0.0033061950318866,24.3112709054509,38676.75
4.20269568609813,-0.00110373931752891,24.3143692402695,38679.484
4.20250950961875,-0.00137733930709347,24.3137432789306,38682.218
4.20242944775798,-0.00348827552048045,24.3064915175656,38684.968
4.20228153357212,0.000137318315627647,24.3106539776176,38687.687
4.20261842635392,-0.00036955635542832,24.3110728824776,38690.437
4.20234636450709,-0.00475358562748404,24.309403146801,38693.171
4.20241952544156,0.0013338629129626,24.3152078954094,38695.906
4.20249182144249,0.00128540535578589,24.3162295624957,38698.64
4.2025579731748,-0.00444934545754433,24.3166448306665,38701.375
4.20245625736274,-0.000342986931426451,24.3122889569229,38704.109
4.20245852667612,0.000832598617264896,24.3086322498479,38706.843
4.20238078383539,0.000124100980940674,24.3087113597432,38709.578
4.20242250898079,0.00262734578223961,24.3155300153802,38712.296
4.20224415586211,-0.00166989511300336,24.3208319527722,38715.031
4.20253260354867,0.000540765402995379,24.3151379838315,38717.781
4.20234312349562,-0.00430184389632505,24.3112517281925,38720.515
4.2022963296191,0.000990583356569024,24.313475137404,38723.234
4.20227153894182,0.000338154535473978,24.3106996363612,38725.968
4.20244210945112,-0.0033762393615179,24.3097412405801,38728.687
4.20268657252128,-0.00284865818662493,24.3148041615704,38731.437
4.20233581177191,0.00341050036600181,24.3094995472032,38734.156
4.20219780105665,0.00361916560108458,24.3081535144089,38736.89
4.20228638181906,-0.00355724037574574,24.312623806557,38739.609
4.20210780530971,-0.00311563429925178,24.3137572842354,38742.343
4.20237401969137,-0.00138771186158223,24.3080024820753,38745.093
4.20240435468773,-0.00423511657952391,24.3035793226972,38747.828
4.20221315730732,-0.00147413456194557,24.309626618222,38750.562
4.20224332575626,0.0013922335298793,24.3145777666814,38753.296
4.20224936558683,-0.00202995966405359,24.3115514959701,38756.031
4.20200582427106,-0.00346919925297012,24.3100301351111,38758.765
4.20187708330429,-0.00433009851549487,24.3135129253961,38761.531
4.20200290061518,0.0011454289770797,24.3175875161133,38764.265
4.20224831845035,-0.00322103940878697,24.3199116146247,38767.015
4.20207193480468,-0.000824763666575536,24.3161995684304,38769.75
4.20216817676067,-0.00174385015038339,24.3133815605518,38772.484
4.20221299653381,4.85111734097018e-05,24.3078797780593,38775.218
4.20230944183696,-0.00141813599745375,24.3066865781341,38777.984
4.20217476068512,0.00146437451990773,24.3151764040858,38780.718
4.20201352306307,0.001493617368175,24.3078217781077,38783.468
4.20213202895738,0.000666428587314924,24.3019607050938,38786.203
4.2021911298632,-0.00234165968850411,24.3085367677317,38788.921
4.20230474027497,-0.00214702245565675,24.3077425505623,38791.656
4.20192211740994,-0.00232392230606159,24.306720471217,38794.375
4.20208898846459,0.000621381664442446,24.3079813174444,38797.109
4.20237983310642,-0.000573414665487315,24.3087103193198,38799.843
4.20210367951215,-0.00313048387784425,24.3090619486891,38802.578
4.20179473180153,-0.00355271953604441,24.3079615555044,38805.312
4.20183251718712,-0.00122331377440251,24.31003748471,38808.046
4.20193728082949,-0.00394249387635826,24.3091064219318,38810.781
4.20209122410837,-0.00216125956272486,24.3046733890218,38813.515
4.20208255237721,-0.00300720391200464,24.3079389053763,38816.25
4.20164164920299,-0.00443564722382121,24.3047997505589,38818.984
4.20200877191634,-0.00263859024040771,24.3132006621388,38821.718
4.20177668392129,-0.00105838360526148,24.3081129328328,38824.453
4.20183697313474,-0.00284482998042168,24.2991607718122,38827.171
4.20185394824759,0.00124663008828785,24.3061153773784,38829.921
4.20180663630347,-0.00217992463271674,24.2991257348471,38832.656
4.20169624239879,-0.00165647102223347,24.2969339732421,38835.39
4.20187767797647,-0.00281352086224539,24.2959400683036,38838.109
4.20178141745158,-0.00208636774348249,24.29841697805,38840.843
4.20191193495313,-0.00321806907543758,24.3042963520836,38843.578
4.201762385822,-0.00329258049392397,24.3029753014299,38846.312
4.202173074077,-0.00334703098232835,24.2978254087514,38849.031
4.20183935590733,0.000107871168879126,24.3015899506547,38851.765
4.20174020112393,-0.00120616538284616,24.3032767478475,38854.5
4.20183950388735,-0.00017739930896659,24.2928471965855,38857.25
4.20180928364947,1.3619916280335e-06,24.2976260344241,38859.968
4.20188972237047,-0.000615470071692553,24.2914700167307,38862.703
4.20155022439781,0.00120065438299759,24.2931449989297,38865.437
4.20171132106682,-0.00475683175594454,24.2908067457981,38868.171
4.2017310233602,-0.00260859594946348,24.2936830831707,38870.906
4.20189778876184,-0.00129161705763089,24.3007311644894,38873.64
4.20155639928064,-0.00376282568884653,24.2970902554162,38876.359
4.20177440696077,-0.000105068002922813,24.3013415544307,38879.093
4.20192203128366,-0.00290956580389264,24.2995977075274,38881.843
4.20170276935534,-0.00309716122879733,24.3045651145605,38884.578
4.20186492940624,0.00149779706228057,24.305858576307,38887.312
4.20164478235923,-0.00220033479940001,24.3083445655871,38890.078
4.20197660039352,0.000749477449277072,24.3008626540691,38892.796
4.20155684939831,-0.00218428761856713,24.2964081620463,38895.531
4.20166369586628,7.00249119544794e-05,24.3064815541767,38898.281
4.201715792414,-0.00292887001756381,24.3105108896719,38901.015
4.20165369028529,0.00140763277315887,24.3086491555872,38903.75
4.20179446426262,-0.00171169563325804,24.3119923441168,38906.515
4.20181812578696,-0.00226954522607638,24.3071126834634,38909.25
4.20180917709738,-0.000614551497023873,24.3093750114209,38911.984
4.20182475984583,-0.00346664100409124,24.3025715840103,38914.718
4.20162444566129,-0.000298235493002407,24.3055809938004,38917.453
4.20149440410395,-0.00295219068447928,24.3065419642646,38920.187
4.2017382741712,-0.00161612602809277,24.3061089255116,38922.921
4.20168877468842,-6.79869019445409e-05,24.307366432134,38925.64
4.20154831725573,-0.00143499823842234,24.306817234178,38928.375
4.2014362544588,-0.00336263462910612,24.3083809645973,38931.109
4.20164213488776,-0.00413355045199511,24.3071679516535,38933.843
4.20156637791912,-0.000617080985067047,24.3087343851061,38936.578
4.20175997674079,-0.00340871207623712,24.3115460509521,38939.312
4.20159991386,-0.00108974157406973,24.3029360565516,38942.031
4.20146013774016,-0.00506314838742569,24.3004073737359,38944.765
4.20156019200749,-0.00386478921006725,24.2987990987627,38947.515
4.20139639287063,-0.00434068497109715,24.3107264353925,38950.25
4.20152986267438,-0.00327551652752296,24.3132211122015,38952.984
4.20144292691352,-0.000884139030713616,24.3086585749421,38955.718
4.20156417552254,-0.00169454616336696,24.2960273753351,38958.453
4.20152076211108,-0.00311094017707105,24.3063039077337,38961.187
4.20156534896789,-0.00247593621634516,24.3072705648412,38963.921
4.20147616738051,0.000359844711985565,24.3041159174642,38966.656
4.20157468127226,-0.000879234300161902,24.2987703541201,38969.39
4.20154437085491,-2.58942990231487e-05,24.303752984736,38972.125
4.20161681327286,-0.00301745936921961,24.3063706942361,38974.875
4.20156929550753,-0.00154355850683004,24.3030103018564,38977.609
4.20143645581873,-0.0041645972668438,24.3065707667479,38980.343
4.2015558926418,-0.00327639543381474,24.300831249536,38983.078
4.20092906827448,0.00381718309658267,24.3038220158433,38985.812
4.20124834650867,0.00130612268140128,24.3067957978679,38988.546
4.20154376202727,-0.00192744305465447,24.3046407008881,38991.296
4.20139971625876,0.00144808628310713,24.3051830715997,38994.031
4.20136230846713,-0.00187377134616436,24.3020751417159,38996.765
4.20158947924862,-0.0037916787239016,24.3022822634463,38999.5
4.20138161234764,-0.000810865125678312,24.3084532232157,39002.234
4.20134858743771,-0.00235829707331442,24.3027774914524,39004.968
4.20120073122907,-0.00166533089941333,24.3022673325261,39007.718
4.2012366234565,-0.00181401593244515,24.2998663985778,39010.453
4.20124705336026,0.00438716921949995,24.2958474935404,39013.187
4.20123859187991,-0.000777486242702304,24.2988997985854,39015.921
4.20136205406122,-0.00202028095743251,24.3009956978016,39018.656
4.20112354191288,0.00155121201911325,24.2935909891087,39021.39
4.20135103430238,-0.00361437344955369,24.3047284510706,39024.109
4.20121652914522,-0.0012401355801334,24.298936709746,39026.843
4.20127957666884,-0.00123005835008024,24.3023868587769,39029.578
4.20125197204942,0.00179042101343206,24.2959478247062,39032.312
4.20136412308193,-0.000984123809345959,24.3043377532743,39035.078
4.20128889916198,-0.000159247910114966,24.3002806600499,39037.812
4.20124137815474,-0.00369371124839007,24.2884073473145,39040.562
4.2014582888759,-0.000326433858643348,24.2963554800717,39043.296
4.20127540400013,-0.00249621536438255,24.2990225998104,39046.031
4.20124475126271,-0.00538560240892237,24.2963778946953,39048.765
4.20117822920558,-0.00126474844693781,24.2962426935166,39051.531
4.20110277800331,0.00033260777346225,24.2995069665766,39054.265
4.20111956005104,-0.00386015748957527,24.2916648340812,39057.015
4.20107449928846,0.00152474334167206,24.2980227398294,39059.75
4.20114273459792,-0.00172158661246546,24.2908735817661,39062.484
4.20112093585073,-0.000243822719821716,24.2925824679921,39065.218
4.20114702881779,-0.00257976462801711,24.2936904082496,39067.937
4.20118350083014,-0.00266889564501791,24.2903587172124,39070.687
4.20115939668197,-0.000900675222951643,24.2941320400878,39073.421
4.20123500900425,0.00312150534202627,24.294708964796,39076.156
4.20110958685404,-0.00157865406013446,24.2947544493458,39078.89
4.20127054045918,0.000992807393503489,24.2980476821761,39081.625
4.20102232388958,-0.000675437538843032,24.2908808302114,39084.359
4.20132209823524,-0.0024579253687597,24.2996542264304,39087.093
4.2011494430924,-0.000487505074901207,24.300599031631,39089.828
4.20109702165939,-0.00138431404383669,24.2962004431057,39092.562
4.20105774270337,-0.00442681707643983,24.2945752473991,39095.312
4.20095188731645,-0.00253096852587102,24.2928544401839,39098.046
4.20108448929387,-0.00244924443063332,24.2945135207884,39100.765
4.20082678588388,-0.000721393112089829,24.2995645995949,39103.5
4.20097522919449,-0.00257909251210393,24.2972436423407,39106.234
4.20125288982724,-0.00280076567083337,24.2977251610973,39108.968
4.20110040124509,0.00169539526681456,24.2971108810066,39111.703
4.20143734246168,-0.0013669701596021,24.2932174587753,39114.437
4.20109725679641,-0.00276694584595773,24.2902169925651,39117.156
4.20089089746941,-0.000909401912706659,24.2948866534864,39119.89
4.20092349312462,-0.00304449948244695,24.299123261199,39122.64
4.20120301151635,-0.00204130571234148,24.2964653700802,39125.375
4.20115353265666,-0.000908153524950866,24.299034000475,39128.109
4.2010489487992,0.000224077800847753,24.2932664131327,39130.843
4.20106782618153,-0.00192082070661912,24.2970908093946,39133.578
4.20100939828523,0.00466261532744384,24.2878341496617,39136.312
4.20103016369764,-0.00204405462905204,24.291882596376,39139.031
4.20082466954322,-0.0027739163967194,24.2883109545027,39141.765
4.20114382236223,0.00248349592589862,24.2949007590963,39144.5
4.20109527778234,-0.0019989365471268,24.2981062657487,39147.234
4.20083875815875,-0.00353358876569401,24.2858067946779,39149.968
4.20109464017598,0.000319354456601891,24.2893437791081,39152.703
4.20107247645763,0.000112269492957413,24.2868654328011,39155.453
4.20099884783925,-0.00271342161849806,24.2932551059032,39158.187
4.20113101501346,-0.00183961601353997,24.2892519346928,39160.921
4.20100487795288,-0.00321939349790112,24.2802364691752,39163.687
4.20108684568888,-0.0034163098839722,24.2876698245424,39166.421
4.20106371826836,-0.00333328108924279,24.2854928998575,39169.156
4.20089210661876,-0.00270160564767476,24.2880902973742,39171.906
4.20096459937032,-0.00216266864776959,24.2958933403379,39174.64
4.20095505299061,-0.00243831871744273,24.2968078207363,39177.375
4.20074649489687,-0.00200427234239344,24.2970409457065,39180.14
4.20070048171275,-0.000243260688357741,24.2943631570236,39182.859
4.20086109473496,-0.0015139458724543,24.2910620873672,39185.593
4.20088634036036,-0.00190786819898135,24.2952332094364,39188.328
4.20078033278172,0.000145415340247618,24.3043922068238,39191.078
4.20115329472823,-0.00157990060615478,24.2902993729241,39193.812
4.20073331472087,-0.00382125029204895,24.291272507199,39196.546
4.20093326756053,2.57876977520106e-05,24.2937906948128,39199.281
4.20066082198927,-0.00186338155530475,24.3017717299117,39202.015
4.20105229268615,-0.00301858773479692,24.3044118202235,39204.765
4.20071554155503,-0.00182880849541004,24.3019666985103,39207.5
4.20070548113905,0.000227069760509289,24.2969117696496,39210.234
4.2007733423528,-0.00381198040033884,24.2976519515058,39212.968
4.20106995476544,-0.00101469762902021,24.2930451251983,39215.703
4.20076757755284,-0.00149830000611097,24.3024500134383,39218.437
4.2008615804762,-0.00190624280502928,24.3013518366544,39221.187
4.20087919985057,-0.00268429359360449,24.2990750198866,39223.921
4.19804676107503,-0.00208436107102764,24.2116779565984,39224.921
4.19757361768977,-0.000147774460041612,24.210935532035,39234.312
3.99478600498323,-2.01273954552057,24.230802214425,39244.437
3.97665679238579,-2.01227040441262,24.303154313065,39253.812
3.96226341858717,-2.01276464169341,24.3847034368727,39263.234
3.95019802939187,-2.01142655400476,24.4786243069609,39272.655
3.93952248308855,-2.01225650401382,24.5810437365027,39281.968
3.93007463439316,-2.01367543505092,24.6815972559002,39291.327
3.9214189576209,-2.0159620976132,24.7881740264717,39300.734
3.91355134418026,-2.01300910388285,24.8839536179151,39310.124
3.90605891780371,-2.01274763794224,24.9902440341334,39319.468
3.89955478264781,-2.0136251982753,25.1091042355477,39328.874
3.89305203595228,-2.01571524780674,25.2096853973973,39338.234
3.88710271667354,-2.01299676749319,25.3132344747628,39347.609
3.88157293622287,-2.00996150556113,25.4234942444532,39356.937
3.87631847324029,-2.01279314692618,25.5456502686439,39366.296
3.87103565890462,-2.01527628949974,25.6531553602764,39375.734
3.86634936047078,-2.01361792953088,25.7601957191066,39385.093
3.86177566770206,-2.01258813078884,25.8582989195748,39394.452
3.85730410026199,-2.01017451132413,25.9723395882431,39403.827
3.85290803031538,-2.01297164635739,26.0687089372257,39413.187
3.84871791715026,-2.01234740534239,26.1885042341271,39422.546
3.84495201838577,-2.01405229539179,26.2941678403369,39431.905
3.84096128242761,-2.01308147801144,26.4041705869314,39441.265
3.837339124229,-2.01281493379041,26.5015705685889,39450.64
3.83391505866067,-2.01556797027134,26.6048920394661,39460.046
3.83055232800481,-2.01377170781536,26.7061246287208,39469.405
3.82703901354712,-2.01396127289506,26.7977512939881,39478.749
3.82370155408051,-2.01110557350722,26.8955818688458,39488.14
3.82044186241691,-2.01391302478698,27.0029281194265,39497.515
3.81733553050522,-2.01347526165079,27.1061981448397,39506.905
3.81422748887261,-2.01581218684653,27.2099636327271,39516.234
3.81118785484937,-2.01426771803199,27.3064913973297,39525.593
3.80799613844168,-2.01369444153448,27.4083980817838,39534.937
3.8050770533608,-2.01354570525271,27.5029262364431,39544.327
3.801794427414,-2.01061501263731,27.6000223357526,39553.687
3.79874502240941,-2.01222514551829,27.6962655730706,39563.077
3.79586276541233,-2.01482354946309,27.7882112453561,39572.405
3.7924617549138,-2.0103914607093,27.8827548557327,39581.765
3.78932977682404,-2.01179562413345,27.9749949108357,39591.124
3.78583387581804,-2.0119544991421,28.0659331657185,39600.515
3.7827694230082,-2.01099981955937,28.1656747769798,39609.859
3.77951617271218,-2.01288943113842,28.2583974280953,39619.28
3.7762946525314,-2.01439733529611,28.3569896031151,39628.64
3.77290772658319,-2.01334717701593,28.4254762413006,39637.999
3.76950992932711,-2.01065403743374,28.5307683528909,39647.374
3.76617755113681,-2.01309100597962,28.6208549134396,39656.671
3.76277749928483,-2.01364077826563,28.7117106339629,39666.093
3.75936312823079,-2.01416992990795,28.7979856661105,39675.421
3.75619198096921,-2.0144915397182,28.8785771782271,39684.843
3.752522171999,-2.01511618239185,28.948882046691,39694.155
3.74924664781609,-2.01166761116413,29.0350345183403,39703.484
3.74590775469491,-2.01048080242687,29.1182597876964,39712.827
3.74240553119013,-2.01342917980055,29.1840054237374,39722.202
3.73909014275919,-2.01311952964716,29.2629019974864,39731.546
3.7355551787756,-2.0114823433595,29.3264439665145,39740.905
3.73255227273761,-2.01339661187093,29.382810047382,39750.265
3.72919975011248,-2.0125299688239,29.4488961758729,39759.64
3.72576046682793,-2.01248391791544,29.5043789981626,39769.015
3.7227626046578,-2.01346426523219,29.5519657898695,39778.343
3.71982450601419,-2.0118131552355,29.5920924017507,39787.687
3.71660366749356,-2.01012828034754,29.6235641800971,39797.015
3.71351953017537,-2.01480500101161,29.6749803467587,39806.359
3.71070519964459,-2.01220102692806,29.7077758946254,39815.718
3.70739792692647,-2.01290222676884,29.7383641059267,39825.062
3.70440259354957,-2.01266735588125,29.7642966543742,39834.546
3.70166390899968,-2.01203073037766,29.7994171899774,39843.905
3.6987621672582,-2.01413898750869,29.8138818054931,39853.249
3.69607069333095,-2.01203831238636,29.8454164705445,39862.624
3.6929916482153,-2.01286419421367,29.866769470985,39871.999
3.69015518751435,-2.01388211252821,29.875850802707,39881.405
3.68731157389563,-2.01353959049172,29.8974690777644,39890.796
3.68471111576016,-2.01303868905513,29.9120701395586,39900.187
3.68180517992497,-2.01361878743821,29.9245191070815,39909.53
3.67922359054972,-2.01324176321966,29.930891413404,39918.89
3.6764555003957,-2.01481091569157,29.9396941526666,39928.218
3.67362105619243,-2.01501187291835,29.9610502035779,39937.609
3.67087027287377,-2.00982507104301,29.9781479568509,39946.968
3.66828186247378,-2.01219305087281,29.9922059583159,39956.374
3.66572902485056,-2.0101953253184,29.9933751641073,39965.734
3.66285705538309,-2.01581826547437,30.0121191417792,39975.062
3.66026388575254,-2.0141600981929,30.0115074102144,39984.437
3.65781101727145,-2.01466852761679,30.0324547090148,39993.765
3.65508429513946,-2.01348588240577,30.0475643878779,40003.202
3.65242178446837,-2.01553268618863,30.0672021892967,40012.546
3.64981376019877,-2.01401453570203,30.0711857704578,40021.921
3.64736326305209,-2.01422909492596,30.0823840521103,40031.28
3.6447527485591,-2.01336851561607,30.1023112211639,40040.671
3.64224350781564,-2.01284540816068,30.1239603084698,40049.999
3.63990197553614,-2.01174484900465,30.1436496089729,40059.374
3.63728007863965,-2.01012212279807,30.1524274865323,40068.749
3.63482989783467,-2.01137533331479,30.1865720331436,40078.109
3.63239010873435,-2.01217924708279,30.2119329522106,40087.499
3.62980339856307,-2.01348880962889,30.2410966660271,40096.874
3.62731700159706,-2.01424302240844,30.271384481986,40106.249
3.62483829422008,-2.01244786476994,30.288086233784,40115.577
3.62265492628434,-2.01284158541829,30.3169353966546,40124.905
3.62008196017556,-2.01157247004352,30.3459113779299,40134.265
3.61760739687666,-2.01292744581609,30.3798310035239,40143.655
3.61532852133841,-2.01125290876361,30.3972307969703,40153.077
3.61280282763805,-2.01225068919062,30.4341570684537,40162.437
3.61071953904626,-2.01200107222146,30.4721659157622,40171.765
3.60839388149756,-2.0122926036569,30.4964614441507,40181.202
3.60613441893977,-2.01356611942336,30.5425326318696,40190.562
3.60375001385153,-2.01154251092143,30.5811512364913,40199.905
3.60144636398701,-2.01263557169146,30.6145452645972,40209.249
3.59918770859504,-2.01492932997482,30.6509586784131,40218.671
3.59690079482123,-2.01129135665302,30.6845236692008,40227.999
3.59456913642408,-2.01343776387866,30.7352403075107,40237.374
3.59240093845779,-2.0137935177938,30.7717320156357,40246.765
3.59022653596932,-2.01313383647314,30.8055390252031,40256.109
3.5882358612804,-2.01115485805912,30.848040470062,40265.437
3.5860432699777,-2.01305455718584,30.8870650558344,40274.874
3.58389076381272,-2.01044549525101,30.9199824376239,40284.218
3.58169255557174,-2.01706216027527,30.9524470701313,40293.593
3.57986344006811,-2.00993878270726,31.003466162028,40302.952
3.57765719021146,-2.01262553302273,31.0470546522098,40312.327
3.57540580243862,-2.01091167391595,31.0842360998484,40321.702
3.57332947373978,-2.01168339119517,31.1210054116915,40331.109
3.57136918832024,-2.01189081961196,31.147911932724,40340.452
3.56917204187729,-2.0150384795563,31.197540448435,40349.812
3.56697084101014,-2.01106243132284,31.2304866088551,40359.171
3.56521863425679,-2.01492885427628,31.2816838232766,40368.546
3.56318033704118,-2.01572133690959,31.3183168526439,40377.905
3.5612500079593,-2.01090400302774,31.3598518999976,40387.218
3.55929177488594,-2.01150039815717,31.4060746282301,40396.655
3.55719594140219,-2.01264339624245,31.449117189406,40405.984
3.55543054601356,-2.01447828319617,31.4782467820713,40415.39
3.55318055972075,-2.01248933359826,31.525634737156,40424.734
3.5515204816946,-2.01378783899433,31.5511883493609,40434.062
3.54975957372097,-2.01331445480089,31.6007613796693,40443.53
3.54769058197641,-2.01430385315483,31.6310878844143,40452.874
3.54579419429579,-2.01355140358175,31.6669611301493,40462.234
3.54397069324698,-2.01146075510715,31.7152509256259,40471.577
3.54249011505032,-2.01414688511644,31.7615287204811,40480.952
3.54035624055039,-2.01857876392449,31.7914928269664,40490.327
3.53854280913119,-2.01365335111012,31.8398806486489,40499.655
3.53685999732729,-2.01230091928978,31.8633773498176,40509.03
3.53492047698588,-2.01765959389339,31.9132488024386,40518.437
3.53350273671579,-2.0110254018978,31.9478339039716,40527.812
3.53145674879291,-2.0097560309991,31.9899694725848,40537.187
3.52980777446947,-2.01337599812196,32.0261803709645,40546.562
3.52833462145793,-2.01199687499652,32.0570324697888,40555.937
3.52644807330572,-2.01302616779423,32.1070475554464,40565.265
3.52487839076534,-2.01867928206547,32.1481606058484,40574.624
3.52318802323898,-2.02502869248455,32.1915594649644,40583.984
3.52116354834444,-2.00929717740419,32.2300954127305,40593.39
3.51961629385587,-2.011606843342,32.2583881588847,40602.749
3.51825347687917,-2.01921077187083,32.3002028123037,40612.093
3.5164549161837,-2.01148456138517,32.3500811939032,40621.484
3.51495851860695,-2.01674074183891,32.3713968831846,40630.859
3.51332780453055,-2.01271021857277,32.3949385976613,40640.234
3.51205487727163,-2.01480051301494,32.4325013492925,40649.577
3.5105206010845,-2.0131625843467,32.4749906954651,40658.984
3.50880415566598,-2.00742353019275,32.5098242812995,40668.359
3.50754333004487,-2.01053668502899,32.553902273298,40677.749
3.50582007717124,-2.01172809165543,32.5839417918447,40687.093
3.50433790716364,-2.01204194983322,32.6260965205882,40696.484
3.50292403623017,-2.01056725545608,32.6566420978725,40705.812
3.50139598825674,-2.00940656550181,32.7016044415297,40715.202
3.49992401493581,-2.01279443333987,32.7255511245975,40724.562
3.4984022674646,-2.01580986918102,32.7812132370841,40733.89
3.49690890809368,-2.01450938714772,32.8172806256433,40743.187
3.49542764613791,-2.01211524980662,32.8561892047586,40752.562
3.49407664566666,-2.01103977103614,32.8878982272248,40761.921
3.49245092030879,-2.01093807592459,32.9234115754592,40771.343
3.49115446502409,-2.01481444649251,32.9597092470377,40780.734
3.48966459114603,-2.01140221104075,32.9970969313779,40790.155
3.48821824718487,-2.01250916433069,33.031146624004,40799.515
3.4869571748831,-2.01060959836816,33.0713094041976,40808.937
3.48570327405903,-2.00967305483848,33.1178205630163,40818.296
3.48426448560349,-2.01419493735678,33.1577998779368,40827.655
3.48278566585639,-2.01420688155644,33.1826644999607,40836.999
3.48162050812754,-2.01284032359193,33.2338007264752,40846.327
3.48014145684897,-2.01548632420761,33.2667695027591,40855.718
3.47867457941745,-2.01232975101078,33.3002215052107,40865.077
3.47714944412129,-2.01070192902066,33.330271702925,40874.421
3.47589545612442,-2.01230597165108,33.3596058910097,40883.796
3.4743643901829,-2.00911141754971,33.4065404558573,40893.187
3.4732220646908,-2.01232026854645,33.4316728271736,40902.53
3.47182621851936,-2.01305599787626,33.4731260747285,40911.89
3.47054755063544,-2.01114204481873,33.5137567966764,40921.28
3.46911552091768,-2.01269763324619,33.5480017074908,40930.624
3.46784488074369,-2.01330338322931,33.6042479632485,40940.015
3.4663843379245,-2.01202498378242,33.6179684276828,40949.374
3.46486799794747,-2.01234179218276,33.657280022745,40958.749
3.46382539826981,-2.01210395807117,33.7004350219722,40968.109
3.4622053878553,-2.01140892530812,33.7518314758207,40977.437
3.46090580940377,-2.01057720057153,33.7711186938071,40986.859
3.45944309038841,-2.01343481913267,33.8072594875847,40996.187
3.45799138083876,-2.01012092276372,33.8303734349047,41005.593
3.45690760761399,-2.0116746364705,33.8736331041096,41014.937
3.45554516727133,-2.0141490718518,33.9269861768245,41024.296
3.45393941934802,-2.01280382106909,33.9579979274814,41033.655
3.45245526682763,-2.01117994761102,34.0030036243433,41042.984
3.45123992689822,-2.01463835054062,34.0281837170908,41052.374
3.44990511054004,-2.01166397734077,34.0828603193842,41061.78
3.44818179058706,-2.01121465050741,34.0941830575918,41071.202
3.4468493617281,-2.01367009560557,34.1417214255339,41080.562
3.44540485116645,-2.01093849656058,34.1779575070345,41089.89
3.44406643066866,-2.01324308025909,34.2137624734788,41099.249
3.44259172223391,-2.01281274332166,34.2512042282712,41108.562
3.44110833469564,-2.01152171345904,34.2973424829753,41117.905
3.43974089930627,-2.01404877604324,34.3384781205636,41127.234
3.43803514574337,-2.01244635040994,34.382574622732,41136.562
3.43669607366775,-2.01097633683553,34.4158535333445,41145.952
3.43514296318838,-2.01334771453262,34.4529959676334,41155.343
3.4337737716984,-2.01295677782024,34.4946055238458,41164.671
3.43219170115265,-2.01444583953001,34.5294473243266,41174.077
3.43062151863691,-2.01346825922924,34.5728754230907,41183.437
3.42908632838453,-2.01265076055811,34.6095681143547,41192.765
3.42743470529384,-2.01491101549976,34.6387300684223,41202.14
3.4260891544146,-2.01552886555765,34.6768675685192,41211.499
3.42443053932469,-2.01485843093614,34.7343110223337,41220.874
3.42288053417933,-2.01147433439038,34.7729127816206,41230.202
3.42121740336937,-2.01426211000199,34.7986971667263,41239.562
3.41958574778479,-2.01210000937247,34.8450893409557,41248.968
3.41807020399183,-2.01139912332809,34.8942024483412,41258.327
3.41627290340837,-2.01451629925066,34.9270728570431,41267.671
3.41452756461334,-2.01197156077565,34.9813474602621,41277.062
3.41288265789989,-2.01257172873268,35.0144041076549,41286.421
3.41139633408791,-2.01121098198351,35.0490873815891,41295.78
3.40961134264163,-2.01193789040474,35.0933720639465,41305.218
3.40786271845751,-2.01304402859894,35.14645675397,41314.546
3.4059403349308,-2.0112404329328,35.1868751500687,41323.905
3.40417520539394,-2.01253128429839,35.2182130127576,41333.28
3.40227955248091,-2.01190471448434,35.2625070994042,41342.671
3.40059006752819,-2.01191694586297,35.3053870448901,41351.999
3.39886980195579,-2.01026399176393,35.3521988839374,41361.359
3.39673620760645,-2.01179038541638,35.3909720700537,41370.671
3.39502976038614,-2.0130101371845,35.4341601419629,41380.015
3.39275917420589,-2.01293856733931,35.4682020280141,41389.374
3.39072330599469,-2.01145793417134,35.5035431966507,41398.718
3.38880275659122,-2.01415655579865,35.5538797295553,41408.062
3.38679474100912,-2.00878004579319,35.6097205661154,41417.421
3.38481808552883,-2.0133503735217,35.640517990266,41426.78
3.38252187115898,-2.01352942352703,35.6899574369689,41436.109
3.3802869239525,-2.01449763659203,35.7290005698264,41445.53
3.3781747881669,-2.01214937799516,35.7700445813275,41454.874
3.37579669445821,-2.01317983171487,35.8322141760084,41464.234
3.37362949496196,-2.0123994557943,35.8617765704806,41473.64
3.37110303193659,-2.01486641019699,35.9236884527798,41482.999
3.3686986465155,-2.01169817689647,35.9607155764478,41492.343
3.3660140031263,-2.01477060784114,36.018284917803,41501.718
3.36353734999229,-2.01137346556757,36.0578127546723,41511.109
3.36077279207035,-2.01166651567587,36.1079281159815,41520.499
3.3582700090207,-2.01243013519633,36.1592605267266,41529.843
3.35532674379255,-2.01387133691009,36.2020418530146,41539.218
3.35243601551875,-2.01205472263324,36.2545464695224,41548.624
3.34935427286947,-2.01165653374459,36.2971790947779,41557.984
3.34639704478549,-2.01185897326649,36.3617349538427,41567.327
3.34314424522424,-2.01054731767233,36.4009540122033,41576.655
3.33980297637509,-2.01362666259328,36.4478450399204,41586.062
3.33626855454562,-2.01181493770879,36.508804567345,41595.421
3.33270768830582,-2.01028077933117,36.549061223203,41604.796
3.32876989672558,-2.01294359266856,36.5968757209805,41614.187
3.32477929604739,-2.01270622304503,36.6420252462142,41623.515
3.32040845835154,-2.01517613564732,36.7040255726133,41632.874
3.31624728248013,-2.01406381405114,36.756684891297,41642.218
3.3115634495186,-2.01247678332894,36.8012019470728,41651.64
3.30674486672298,-2.01409144163576,36.8626685439929,41660.937
3.30169002551154,-2.01273534985439,36.8921852623927,41670.28
3.29631236266304,-2.01091428413003,36.9913155166273,41679.64
3.29053631384146,-2.01386134135138,37.0439254557766,41689.093
3.28467714706738,-2.0121953648004,37.0697543426091,41698.452
3.27823777978316,-2.01381509921983,37.1381536267734,41707.812
3.2716248277749,-2.01413317738069,37.219178312361,41717.218
3.26472054027213,-2.01275456327929,37.2450744664198,41726.53
3.25733077824902,-2.01496011177126,37.3056467507372,41735.952
3.24933586780021,-2.01452332712362,37.3553527402689,41745.28
3.24139250901674,-2.00988386846279,37.4344970196073,41754.64
3.23252246016268,-2.01344101598788,37.497396806119,41764.046
3.22347725726418,-2.01078677784442,37.547241460343,41773.421
3.21406978015729,-2.01213135154216,37.6390989393753,41782.78
3.2040239577276,-2.01057852519701,37.6824239088259,41792.14
3.19317314928992,-2.0136636430852,37.7442224080645,41801.53
3.18211131110207,-2.01255091700915,37.810221179588,41810.89
3.17030555784471,-2.01047956016512,37.8956999984959,41820.218
3.15765429051002,-2.01508190499634,37.9547032735402,41829.64
3.14463036678821,-2.01150761130645,38.032081789556,41838.999
3.13077179740644,-2.0136378688386,38.1110283905788,41848.343
3.11625452200892,-2.01147685091022,38.1960963933255,41857.718
3.10078421100443,-2.01140512734169,38.2699057004938,41867.077
3.08408453799533,-2.01353900109908,38.3539841719169,41876.468
3.06665783510939,-2.01350836867964,38.4408637008778,41885.812
3.04807846392068,-2.01189598149811,38.5336248031175,41895.249
3.02796493885315,-2.01195702177606,38.6270711365809,41904.749
3.00689110811949,-2.01059253352045,38.7087052472552,41914.202
2.98424312462004,-2.0111182927043,38.8293693474247,41923.718
2.96041451678993,-2.01245325316997,38.9422311796009,41933.234
2.93542576347587,-2.01263197612131,39.058499689606,41942.796
2.90888364719799,-2.01004422911105,39.1656710101864,41952.312
2.87975877139232,-2.01162426683304,39.2994464370147,41961.859
2.84660959258158,-2.01226736409326,39.4279387034571,41971.405
2.80769851756833,-2.01446067329367,39.5383291529584,41980.968
2.76125410530536,-2.01056490004135,39.7104514876721,41990.468
2.7025749362917,-2.01178996945558,39.8557402592862,42000.062
2.62978217375916,-2.01300000975717,39.9882849918977,42009.64
3.00366675303767,-0.000596243069068,40.1039781823162,42019.249
3.08909522692446,-0.00193690343212966,40.1165626728546,42028.952
3.15040900233218,-0.00199273293983405,40.1030379835676,42038.593
3.19788472724013,-0.00103549858895107,40.0147166475856,42048.218
3.23567006236648,-0.00430197043285295,39.8933122707072,42057.827
3.26690410844074,0.000713930251598967,39.7755149636278,42067.499
3.29369834219748,-0.00166403707410094,39.6341271545841,42077.171
3.31654309824934,0.000288983296828152,39.4792248847502,42086.796
3.33658057358074,-0.00364529919613057,39.3240250151502,42096.484
3.35442984071397,-0.00198509836408709,39.1849594035003,42106.093
3.37030241314884,-0.00109659054836803,39.0043555563913,42115.702
3.38473794199356,-0.000711965483438351,38.8378648385451,42125.359
3.39770700247977,0.00129969592007545,38.672918164306,42134.999
3.40948779899308,-0.000629012893475305,38.5175666555846,42144.687
3.42052659035078,1.3628836114437e-05,38.3395996828342,42154.405
3.43037784693205,0.00118436105991996,38.1866038000723,42164.046
3.43959220751666,-0.00250727922017984,38.0084804753065,42173.687
3.44840008573213,-0.00327646926836593,37.8425734151199,42183.327
3.45646229993757,-0.00150209943075203,37.6871412327783,42193.03
3.4643984473093,0.000325919629929268,37.5245148033572,42202.827
3.47151014205975,0.00108855537884883,37.3951327107423,42212.593
3.4782951532344,-0.00173163934832267,37.2194613603885,42222.374
3.48444804189397,-0.00450696423928682,37.0554404913442,42232.155
3.49088799885371,1.21511840125751e-05,36.9065853999447,42241.984
3.4963566244771,-0.000427910017250833,36.7437558354644,42251.765
3.50174215259016,-0.00306155494365551,36.5892650190232,42261.577
3.50713067496673,-0.00433793744489095,36.4338047389558,42271.437
3.51216534646399,-0.000436144878865344,36.3091056423742,42281.202
3.51669388371289,-0.00200093797478086,36.1507835585435,42290.984
3.52134746027261,-0.00475687431178017,36.0060897528827,42300.796
3.52552417569322,-5.64696548278107e-05,35.8456723834534,42310.546
3.68432430107728,-0.00107544662153254,26.055991492382,42311.546
3.35082809268309,-3.78147967181644,26.0481747463037,42314.046
3.79739919001053,1.50957245367811,26.0622525798187,42316.733
3.80849407737768,1.51268630158743,26.0776354250034,42319.264
3.8155810492936,1.50974709118031,26.0819738196883,42321.733
3.82032644837948,1.50889582603468,26.0814788546495,42324.233
3.82439746356415,1.50891691203935,26.0823663990184,42326.702
3.82776208743379,1.51192368586197,26.0867964520487,42329.171
3.83030015285938,1.51158095713195,26.0768221019066,42331.702
3.83259524613091,1.50930835734854,26.0721788912358,42334.218
3.83540468335147,1.51095161764324,26.0832797809096,42336.749
3.83710275670928,1.51150907031106,26.0723729333971,42339.264
3.83904456797984,1.51197542777933,26.0684342004755,42341.796
3.84075481669419,1.50976123723419,26.0600501500236,42344.311
3.84251053273671,1.5108884283684,26.056345827238,42346.843
3.84429760315825,1.51128716776512,26.0524883673366,42349.358
3.84586412743184,1.51308546083309,26.0415535158594,42351.874
3.84724414242201,1.51206074590019,26.0415455189351,42354.343
3.84846113328473,1.51173964888787,26.0348753053009,42356.827
3.84946677403108,1.50918493627631,26.0296888317484,42359.28
3.85085664509859,1.51064339970313,26.0212122928069,42361.764
3.8521378738082,1.50790574660607,26.0261408339408,42364.233
3.85311491651451,1.51047657451149,26.0168626079018,42366.749
3.85421359622943,1.51202746292154,26.0065055558783,42369.28
3.85559954527037,1.51105229806706,26.0006476672804,42371.796
3.85617387676652,1.5113807452861,25.9935790058439,42374.327
3.85759040996208,1.51221898781127,25.9942039294694,42376.796
3.85845951881878,1.51379043084392,25.9849557952619,42379.264
3.85955184734014,1.51055430057344,25.9822861830457,42381.733
3.86033972798034,1.51204807432661,25.983082204018,42384.249
3.86120253083856,1.50829458142097,25.9731536385508,42386.78
3.86255038764127,1.5103798488559,25.9686095789789,42389.296
3.8632682395062,1.51290416598548,25.9709175475391,42391.811
3.86436396323069,1.50764995330092,25.9660971399647,42394.343
3.86527163364902,1.51171568917906,25.9629363654135,42396.858
3.86621529091647,1.50796821858527,25.9523381782873,42399.389
3.86727214946526,1.51225084299151,25.9589596088187,42401.905
3.86800318085599,1.50962119206732,25.9438157288879,42404.405
3.86885483488068,1.51186114767323,25.945292152712,42406.874
3.86968340266413,1.51041647527155,25.9409131067177,42409.343
3.87094213700915,1.50842422338786,25.9374631848242,42411.811
3.87165530375444,1.51261844341269,25.9366254048992,42414.327
3.87246828215373,1.51073126440971,25.9306116342683,42416.858
3.87360876292176,1.5123533752694,25.9339480626484,42419.374
3.87421653823285,1.51270170838881,25.926220892289,42421.905
3.87545834232945,1.51148827785446,25.9216739932698,42424.421
3.87628864765239,1.51170313181602,25.917392585445,42426.936
3.87690039452806,1.51008394464182,25.9095297988551,42429.468
3.87795666295137,1.51035722451972,25.907686149808,42432.046
3.87881763366424,1.51029548241338,25.9041975557625,42434.514
3.87940249614981,1.5139814765387,25.905977439478,42436.999
3.88063187895134,1.51127384378732,25.9008032177677,42439.452
3.88123620643508,1.51161807292118,25.8949795112845,42441.936
3.8818720966955,1.51222965450069,25.8951206556466,42444.405
3.88285829270067,1.51166005209904,25.8815736813922,42446.921
3.88415208804237,1.51104508601167,25.884485397082,42449.452
3.88447485765486,1.5071394520125,25.8717460003716,42451.968
3.88543630579728,1.5106208285852,25.8793327787059,42454.499
3.88619429889255,1.51038368817223,25.8776623529229,42457.014
3.88697794345613,1.51255516269681,25.881747271583,42459.53
3.88768193378083,1.51107128317978,25.8717843558926,42462.093
3.88890574554846,1.50865805123009,25.870596846394,42464.577
3.88941546718904,1.51325404636961,25.8669612308628,42467.061
3.88977530853403,1.50991726036641,25.8731825234574,42469.53
3.89073111768576,1.50807563304228,25.8611776425396,42472.046
3.89148481298496,1.50839206569542,25.8660660667263,42474.577
3.89221226549784,1.50935112693524,25.8661066706537,42477.093
3.89318293471272,1.50870121396927,25.8592921016352,42479.608
3.89414337562077,1.51343153478014,25.8579271727619,42482.171
3.89452128606948,1.5118318342305,25.8495625679201,42484.655
3.89547263022265,1.51203895215233,25.8496415784129,42487.124
3.89606044466181,1.51146302142295,25.8526386605234,42489.593
3.89684688689818,1.50956644028853,25.8461947670151,42492.061
3.89768720165681,1.51208643191766,25.8447039253858,42494.577
3.8983808633939,1.51393401357957,25.8411006056554,42497.108
3.89882713365327,1.51185501620131,25.8386350386002,42499.624
3.89952102155379,1.51159348565255,25.8391797032928,42502.155
3.90034743560883,1.50840163827873,25.8450727421958,42504.671
3.90124217256726,1.50872069365595,25.8381889261836,42507.186
3.90167385788051,1.51023938810882,25.8383765014131,42509.718
3.90262425245492,1.51108236554564,25.834839570141,42512.233
3.90306020007612,1.51038642746766,25.8336427339396,42514.764
3.90411214114318,1.5092443972249,25.8258225844354,42517.311
3.90437678527735,1.51100183180088,25.8239699539103,42519.796
3.90520613364943,1.5092317793679,25.8206236347345,42522.249
3.90608610541577,1.5089688409913,25.8226542839837,42524.718
3.90656612212793,1.5115499770254,25.8156230478353,42527.249
3.9072838828431,1.5092229287667,25.8183006499822,42529.764
3.90791918018716,1.51038223916305,25.813496666356,42532.296
3.90851619578655,1.51062904395164,25.8125212405382,42534.811
3.90923623317574,1.50953540614305,25.8131818426978,42537.343
3.90993798916591,1.50916899290967,25.8107497420451,42539.858
3.91072184193572,1.51039576468604,25.7987317786164,42542.374
3.91097957958791,1.50980847584265,25.8029520167332,42544.905
3.91176007475095,1.51072383922067,25.8050491305287,42547.421
3.91256445809484,1.51162227132039,25.8100854866395,42549.952
3.91299067508208,1.51185195797711,25.8117669319245,42552.468
3.91384644003945,1.50803329121058,25.8137536260367,42554.999
3.91449346907568,1.50777780946408,25.8060245594738,42557.514
3.91503337341876,1.50857504826958,25.8024345696864,42560.03
3.91576148735938,1.50953005533366,25.8054918971309,42562.624
3.91630325952276,1.51083962467957,25.799298396246,42565.093
3.91660968396342,1.51010256268579,25.8006639433222,42567.561
3.91741913754789,1.51056676594394,25.8002791785511,42570.03
3.91791672897783,1.50940276039585,25.7942888622651,42572.514
3.91859320164545,1.51078640499374,25.7966639043914,42575.03
3.9190717027642,1.51161208405982,25.7934512843952,42577.546
3.91978615365437,1.50966815666095,25.7897398547899,42580.077
3.92036176334396,1.50932687190319,25.7985151629732,42582.593
3.92091270684804,1.51303351255803,25.7926357856591,42585.124
3.92146808731626,1.51126653057035,25.8029215639941,42587.639
3.9219336981253,1.50952098602885,25.7972966528785,42590.171
3.92260736366431,1.50982600954274,25.7964620773052,42592.686
3.92295313982353,1.5106305869771,25.7875188265369,42595.202
3.92342868726546,1.51204477642102,25.7964028015852,42597.733
3.92420818210117,1.51212814497711,25.7971280662624,42600.249
3.92465868224563,1.51158869568867,25.7895482393839,42602.78
3.92535784017605,1.51228349366191,25.793827669516,42605.296
3.92550016095354,1.50955739141817,25.793449710621,42607.827
3.92626057995993,1.51146471327966,25.7856952242238,42610.28
3.92644843575552,1.51152616778179,25.790176930689,42612.749
3.9274131380404,1.50972086089448,25.7866788378854,42615.218
3.92775301373549,1.5079855856405,25.7789653622953,42617.749
3.92836824377421,1.50901630337512,25.776809174041,42620.264
3.92880892070125,1.50838000079516,25.7691993731369,42622.78
3.92932314883244,1.5134638216451,25.7663496440483,42625.311
3.9298528782507,1.51064192244171,25.7689100656399,42627.827
3.93018732649516,1.51043840182867,25.7673166862761,42630.358
3.93078793663851,1.50889426898388,25.779329899936,42632.874
3.93120466906494,1.50900244189565,25.7774468392479,42635.405
3.93186771941745,1.5077668746314,25.7733197416924,42637.921
3.93222031433152,1.51080171431225,25.7755300547445,42640.436
3.93274324412714,1.51072469530301,25.7746970645767,42642.999
3.93302330128254,1.5099739398709,25.7691613856916,42645.53
3.93331277910153,1.51270158991342,25.7758144708398,42648.046
3.93415420841156,1.51042391013304,25.7614663634726,42650.561
3.93440063423615,1.51151044353272,25.7619133528805,42653.093
3.93485721401721,1.51177199545328,25.7625093849176,42655.608
3.93588504392441,1.51147077406604,25.7618684376847,42658.139
3.93632290774487,1.50722659193705,25.7627522559816,42660.655
3.93698332358396,1.50547314313721,25.7582312256387,42663.124
3.93701694122158,1.51076215617391,25.7621548494889,42665.593
3.93732961367435,1.51115221307976,25.7572433716166,42668.124
3.93748651592716,1.506842692012,25.7538825381391,42670.655
3.93828370802164,1.51026241581303,25.7580200992242,42673.171
3.93861761251504,1.51052122646085,25.7673011270594,42675.686
3.93900705900287,1.50860566062178,25.7626695604509,42678.218
3.9396103927207,1.51319754234112,25.7632728382954,42680.733
3.94006336469056,1.50974519600405,25.7604203007689,42683.264
3.94019292471685,1.50990454474204,25.7591944688268,42685.78
3.94063237959606,1.51005053142981,25.7623912307382,42688.296
3.94116399195569,1.5106284704569,25.7608191008463,42690.827
3.94154579446922,1.51108182354127,25.7604351243444,42693.343
3.94210392593375,1.5102857971901,25.7544518461652,42695.874
3.94242095532676,1.51004865974457,25.7670764462856,42698.389
3.94278209126856,1.51035335030972,25.7652981775334,42700.921
3.94349511991847,1.50864331923962,25.7670500034201,42703.436
3.94362959879969,1.50887050135969,25.7643336700606,42705.968
3.9437937183462,1.50891943590662,25.7715329087443,42708.483
3.94449788623231,1.51008461196948,25.7621029022634,42710.999
3.94464785952864,1.51080685929165,25.7732463162651,42713.53
3.94511843542085,1.51033138435267,25.7762577196813,42716.046
3.94558997848629,1.51030859901827,25.7794365070595,42718.577
3.94601475907044,1.51132671487749,25.7791532184219,42721.093
3.94635403066997,1.51043837001687,25.7799552566013,42723.686
3.94678620863453,1.51076994560382,25.7763837067491,42726.171
3.94710308326778,1.51237576349758,25.7747893482704,42728.639
3.94730639434103,1.50968398750927,25.7692015434242,42731.171
3.94774060315025,1.51021111424459,25.7763929228314,42733.639
3.948256056761,1.50772435788692,25.7779769461008,42736.124
3.94855627879637,1.51200743873139,25.7756726374758,42738.593
3.94881008161524,1.51227744430709,25.7748633201684,42741.061
3.94932387787491,1.50941243112462,25.786840398006,42743.53
3.94962813480078,1.51136807985578,25.775017645315,42746.061
3.9499556635584,1.51225167409153,25.7767880912726,42748.577
3.95029686761777,1.51164499982124,25.7832302257993,42751.108
3.95087356634821,1.5115183996485,25.7720993462289,42753.624
3.95079796706783,1.50975377548709,25.7703835955161,42756.155
3.95122780223317,1.51224917245863,25.7805572315586,42758.671
3.95167688756643,1.51132583647394,25.7740633127891,42761.186
3.95215613873272,1.50705462512844,25.7740458400226,42763.718
3.9525875274358,1.51319021821342,25.7746841689195,42766.233
3.95289054231232,1.50974553812783,25.7783935427113,42768.764
3.95291933199542,1.50850832311273,25.7840727369051,42771.28
3.95330181446518,1.50976413072542,25.7771423594235,42773.811
3.95382287256923,1.51176624182451,25.7840196084005,42776.327
3.95399858534311,1.51131069888506,25.780023886522,42778.843
3.954581910561,1.51006408733544,25.7831273684082,42781.374
3.95476907185784,1.51050255150505,25.7885475518238,42783.889
3.95498309674932,1.508481262968,25.7824188514234,42786.421
3.95535824171666,1.5089297559435,25.7826770287553,42788.936
3.95552154087552,1.51024055493037,25.773859035553,42791.468
3.95618327026574,1.51192572896952,25.7807732127613,42793.983
3.95616792471441,1.50989020298206,25.7842696542105,42796.452
3.95670400287904,1.51251619837896,25.7833531005402,42798.921
3.95710808984049,1.50839136443068,25.7904106730276,42801.389
3.9570280832484,1.51225024359715,25.7964009593976,42803.874
3.95763009194393,1.51336690817132,25.7975731871945,42806.343
3.95784803524513,1.51059047121972,25.8030260686319,42808.858
3.95836016708377,1.50979977485493,25.7950923802356,42811.421
3.95876226746607,1.51100912815226,25.7927833232862,42813.889
3.95874407231934,1.51095637705303,25.7966421881199,42816.374
3.95914109127413,1.51501807689465,25.8030077214166,42818.874
3.95931858264871,1.51176228066713,25.8138068294799,42821.405
3.95969317726793,1.50991010672447,25.8119592996658,42823.921
3.95996439801166,1.5106765722666,25.8058402215485,42826.436
3.96036436758219,1.50886880483859,25.8149050979162,42828.968
3.96077644673903,1.50947813002436,25.8087134823287,42831.483
3.96115112213754,1.51298425305599,25.8086502905158,42834.014
3.96116135062734,1.51183787495975,25.8082473633035,42836.53
3.96147666733107,1.51011415598281,25.811831115367,42839.061
3.96199587944932,1.51160441275159,25.813115898135,42841.577
3.96216252294501,1.51239025835769,25.8115420424952,42844.108
3.96231581290833,1.51184742155168,25.8172411772038,42846.624
3.96280747027508,1.51152237203656,25.8180696738488,42849.155
3.96292922890134,1.50945849846748,25.8246909529169,42851.671
3.96326478861008,1.51174824869931,25.8204449782243,42854.233
3.96378801719034,1.50918617532124,25.8150004829093,42856.702
3.96393867399914,1.50992412181593,25.8218270681763,42859.186
3.96417277316075,1.5122756734502,25.8265159310956,42861.702
3.96434278697203,1.51152427184364,25.8192362789705,42864.233
3.9648141515254,1.51162740764809,25.8086721737654,42866.749
3.96496664661347,1.51167326012523,25.820451369893,42869.28
3.96535024057859,1.51340218179489,25.8163160641132,42871.796
3.96570061480071,1.5096870632757,25.8229452702382,42874.327
3.96593300704753,1.51056051224546,25.8182406078225,42876.843
3.96611048646299,1.50867803055471,25.8233762839528,42879.374
3.96649769053338,1.51333487495326,25.8217379185515,42881.889
3.96664504312767,1.51079860959682,25.8290110616193,42884.421
3.96742409610778,1.50925116592249,25.8273586048049,42886.936
3.96717361766281,1.51062936023456,25.8307088807848,42889.452
3.96742247212699,1.51391109249754,25.8266981792933,42891.983
3.96780772576389,1.50904911366411,25.8326703702642,42894.499
3.96836000646965,1.51241124763257,25.8377794872005,42897.03
3.96850972701185,1.50932258604077,25.8383256519423,42899.546
3.96865704889763,1.5093444993405,25.8401558839648,42902.077
3.96909048440465,1.51174828920336,25.8382089477287,42904.593
3.96935588214685,1.51104038998471,25.8416724675578,42907.124
3.96964816108317,1.51011305809186,25.843798182201,42909.639
3.96982106801875,1.51024087200878,25.8374613181595,42912.155
3.97062099470044,1.51211275339183,25.840404719225,42914.686
3.97053254562373,1.51094249569872,25.8378281307249,42917.202
3.97092559951706,1.51060125658134,25.847815564205,42919.733
3.97083547583796,1.51292819126325,25.8527689604868,42922.186
3.97152220283883,1.50540771000753,25.8568905405666,42924.671
3.9718673913223,1.50389457372311,25.8665954857456,42927.139
3.97193925302878,1.51564528775193,25.868738437286,42929.608
3.97187315101388,1.50788165636919,25.8635872876925,42932.077
3.97257315554616,1.50966654168162,25.8634101518292,42934.608
3.97283992475417,1.5112820362878,25.8661099130689,42937.124
3.97290861971958,1.50939383202878,25.8640734067692,42939.655
3.97345580616165,1.51150928762054,25.8644776446299,42942.124
3.97352010422368,1.50882288569625,25.8711281658372,42944.577
3.97398654438091,1.51093870503443,25.869358619498,42947.046
3.97408916935748,1.51069276126457,25.8731260073521,42949.53
3.97450745492684,1.5111232915657,25.8723321270438,42952.046
3.97476325805388,1.51068799301071,25.871859424281,42954.561
3.97518861185646,1.51212895097529,25.8772078059889,42957.077
3.97520818416865,1.51160963264977,25.8772289591006,42959.608
3.97554552583665,1.51255063161587,25.8794926457758,42962.124
3.97578932052337,1.51091020813577,25.8805137306304,42964.655
3.97617184926239,1.51015079245737,25.8771690070641,42967.171
3.97642473199182,1.50930401859663,25.878053463043,42969.702
3.9767273592507,1.51060878232121,25.8957909605657,42972.218
3.97689450181225,1.51382186894945,25.9006647756847,42974.749
3.97728494127107,1.51021437711745,25.8943765759106,42977.264
3.97791065256553,1.511563060563,25.897968549029,42979.796
3.97789889559967,1.51433872921282,25.9013155131007,42982.311
3.97836196920594,1.51251800603236,25.9063333640872,42984.843
3.97839549823646,1.50942157814324,25.9036957488426,42987.358
3.97877992761795,1.50854172386763,25.9024635068949,42989.889
3.9791535763822,1.51085173385832,25.9006516452948,42992.405
3.97940679830617,1.5105535570123,25.9053059777228,42994.936
3.97961145214279,1.50890847749561,25.9160781256668,42997.452
3.97996933703267,1.50925762473824,25.9106435984921,42999.968
3.98023470086968,1.50857333172192,25.9194163572629,43002.499
3.98045481843647,1.51084920248987,25.9166513268684,43005.014
3.98075714960374,1.50799440292509,25.9230519199997,43007.546
3.98104617168877,1.5117946418857,25.9206784191999,43010.061
3.98149969762415,1.51045833811302,25.9155557920483,43012.577
3.98176981833705,1.51306072186828,25.925902894829,43015.139
3.98175993002558,1.50924288501805,25.9278475364746,43017.655
3.98201931704047,1.51148657455692,25.9284456693759,43020.186
3.98264213283782,1.51272900397946,25.9396112230892,43022.702
3.98272455765672,1.51300095507072,25.9446107504086,43025.233
3.98287382092092,1.51165875825797,25.9418135582784,43027.749
3.98368237152431,1.51033762976291,25.9358339215737,43030.28
3.98345789980882,1.51317863512128,25.9454991832798,43032.796
3.98389492041333,1.50954557482732,25.9469422293045,43035.311
3.98408898726136,1.51063712474996,25.952434592194,43037.843
3.98445000401154,1.50974812214362,25.9572114606467,43040.358
3.98498559578218,1.50865150787272,25.9562489457298,43042.843
3.98492373215642,1.51099503887021,25.9621286386217,43045.311
3.98538095112512,1.51043565213442,25.9637841876443,43047.796
3.98554701595214,1.51213431559315,25.9629653140549,43050.311
3.98604199324655,1.51089033361846,25.963033621129,43052.843
3.98629556387938,1.50829087317654,25.9690755792581,43055.358
3.98637937241608,1.51271824958168,25.9727283057548,43057.874
3.98670324201711,1.50737119955174,25.979828284332,43060.405
3.98686629527987,1.51132831942945,25.9784903790232,43062.921
3.98725562837098,1.51056193034937,25.9806357773079,43065.452
3.98760009864198,1.50944425048107,25.9791775174322,43067.968
3.9877224173956,1.50707239994694,25.9843680172931,43070.499
3.98792370716761,1.51320675222353,25.9913077396071,43073.014
3.98834440001229,1.50502783769137,25.989858797446,43075.577
3.98858007393196,1.51386790844043,25.9909022135158,43078.093
3.98882740059784,1.51398744167826,25.9967913606198,43080.624
3.98935978410189,1.51032637829778,25.9961405397489,43083.139
3.98986517390659,1.51076544708514,26.0062671092097,43085.671
3.98990697355662,1.51426240437332,26.0033129350166,43088.186
3.99027948389824,1.51134222313334,26.0001607529168,43090.718
3.99025671610428,1.50762073973379,25.9994974655378,43093.233
3.99083122070093,1.50909235819781,26.0054002064886,43095.749
3.9910521196835,1.51192229439466,26.0099149216049,43098.28
3.99137861846512,1.51180713275879,26.019151615541,43100.796
3.99195231316087,1.50823244510244,26.0182370894698,43103.327
3.99193094342777,1.51107640292689,26.0195554730992,43105.843
3.99220573783455,1.51090930317205,26.0224187936481,43108.374
3.99264468220866,1.51041809753447,26.0278185683662,43110.889
3.99256455839824,1.51581461862699,26.0305702636976,43113.405
3.99300376942668,1.51045748001419,26.0235503458097,43115.936
3.9932423577869,1.51165570639338,26.0273938056007,43118.452
3.99355469629742,1.50883353731888,26.0278038209541,43120.983
3.99377763200116,1.51252497498039,26.0256737708745,43123.499
3.99404182175752,1.51056785076924,26.0324386126049,43126.014
3.99454809782005,1.50911620412034,26.0344415325814,43128.546
3.99473126222033,1.50825518267678,26.0390692180326,43131.014
3.99501261792624,1.51019445733084,26.042681987212,43133.561
3.9954226157562,1.51195738546772,26.0526896795725,43136.061
3.995612621547,1.51123105536139,26.0496299316235,43138.53
3.99579144299384,1.51150383720819,26.0514262508319,43140.999
3.99619275487308,1.50917111526358,26.0600005455546,43143.514
3.99631395331771,1.50879493652673,26.0619538890145,43146.046
3.99655182394867,1.51036106261767,26.0568992559775,43148.514
3.99699553746106,1.51048788498845,26.0659439897266,43150.983
3.99724140258589,1.50911221103621,26.0681532922458,43153.452
3.9972827580747,1.51244716753473,26.0682813985004,43155.921
3.99793053064517,1.50944310987092,26.0775432273767,43158.405
3.99775311598441,1.50989443311593,26.0773604029014,43160.921
3.99849793923507,1.51056126224289,26.0778349739569,43163.452
3.99865916418186,1.51146888664167,26.073184578827,43165.968
3.99882640756302,1.51119971738844,26.0753407348995,43168.499
3.99902209574722,1.50656414433718,26.0836515873397,43171.014
3.99934174796809,1.51248505070982,26.0928583507164,43173.546
3.99982383788817,1.5115156437324,26.0933815265046,43176.061
3.99990129611789,1.50884745392153,26.0986254358853,43178.593
4.000222420328,1.50980969064491,26.0971133437002,43181.108
4.00055131583737,1.5110387086764,26.0955691328963,43183.639
4.00063409023905,1.51008471101887,26.1083318241831,43186.155
4.00110072023372,1.5096482734852,26.1132321092175,43188.671
4.0011804462179,1.51224679343245,26.1150193725761,43191.202
4.00134872582961,1.51099578684298,26.1137815841372,43193.718
4.0019798573726,1.50873497700251,26.1164485557707,43196.249
4.00217802524812,1.50843477264642,26.1211512864915,43198.764
4.0024942335394,1.50907217876531,26.1239451737387,43201.28
4.00284290213125,1.51166108923345,26.1201206577823,43203.811
4.00319877855838,1.50864511230871,26.1280893988037,43206.327
4.00339232934803,1.50994065799486,26.1243806500757,43208.858
4.00358465503339,1.51309869455618,26.1290336689223,43211.311
4.00372646952658,1.51028793838669,26.1318590165258,43213.796
4.00402141292951,1.51037433569017,26.1377114329063,43216.264
4.00430890993076,1.51094739357184,26.1400346704946,43218.733
4.00452201662847,1.51235878866004,26.1416790545889,43221.202
4.00487285029075,1.50826501939564,26.1493920049128,43223.718
4.005036261622,1.51104052688044,26.1467978445945,43226.249
4.00535676297688,1.50865516312102,26.1567330607469,43228.764
4.00594422627399,1.50978681589361,26.1569602421949,43231.296
4.00601063657254,1.50921093000864,26.1619947163092,43233.811
4.00599289639732,1.51138460501132,26.1664558239651,43236.343
4.00652105840944,1.51023416598657,26.1686897726168,43238.827
4.00679788481421,1.51014452567712,26.1640563672472,43241.327
4.00691743302226,1.50893501350342,26.1708557233375,43243.796
4.00741349884453,1.51175287944798,26.1789894939332,43246.264
4.0075107832587,1.50903673422723,26.1854200205107,43248.733
4.00786322519796,1.51188540263817,26.1825769077859,43251.218
4.00800571749392,1.51022368252841,26.1885431866682,43253.671
4.00862759346047,1.51352671499308,26.1939966812749,43256.202
4.0088290235828,1.50955608093967,26.1970090881734,43258.718
4.00873923401873,1.51349143707657,26.2003956057035,43261.249
4.00909229566563,1.50994701229272,26.2054782240487,43263.764
4.00942050242788,1.50890599860724,26.2095723452802,43266.296
4.00974823287867,1.50963302816055,26.2084579279771,43268.811
4.01001337758348,1.51231198015206,26.2165883640571,43271.343
4.01025951220094,1.51100655948872,26.2263052572845,43273.858
4.01032644024213,1.51107856970596,26.2272037306702,43276.374
4.01092149703732,1.5078764607522,26.2256791389695,43278.905
4.01100130990546,1.50799828985708,26.2247625605235,43281.421
4.0114428015089,1.50914173311808,26.226113435645,43283.952
4.01144110211037,1.51010063338358,26.2355981594925,43286.468
4.01189285524433,1.50670512540328,26.2428837488075,43288.999
4.01222805883865,1.51263054086037,26.2482805378071,43291.514
4.01265062342824,1.50967206844269,26.252225224323,43294.046
4.01283026148377,1.51043195584973,26.2428271186916,43296.561
4.01305024991781,1.5106374409915,26.2518482618582,43299.077
4.01333944303912,1.50975567588072,26.2495565750339,43301.608
4.01394865938693,1.50915272268186,26.2641064385946,43304.124
4.01404166334023,1.51111689734975,26.2622307635433,43306.686
4.01427934727156,1.51198703756614,26.2727546828396,43309.202
4.014596573179,1.51109082455084,26.2668868304787,43311.733
4.01469858670273,1.51089596431208,26.2646403272154,43314.249
4.01499087146894,1.50838291742424,26.2649298497066,43316.78
4.01549323936202,1.51223645483654,26.2724265109716,43319.296
4.01548923717158,1.510925661723,26.2784483393208,43321.811
4.01604662919826,1.51117018776935,26.2893585493056,43324.343
4.01620516640459,1.50926684403437,26.2920903382682,43326.889
4.0161711579646,1.50907511227128,26.2893498495259,43329.389
4.01675144284894,1.51160407769612,26.2883556757018,43331.874
4.01672287917901,1.51109418838405,26.2826229615174,43334.343
4.01707814666001,1.50949294639232,26.2931340514477,43336.811
4.01762079555599,1.5105192780903,26.2986863679615,43339.405
4.0179090283367,1.51179093119523,26.3111739381681,43341.921
4.01792337667808,1.5116832357763,26.307521657982,43344.452
4.01813594031047,1.5094622425464,26.3109546055912,43346.968
4.01859954163283,1.51125656831707,26.3118661876057,43349.483
4.0190262231104,1.51365151184685,26.3159326852624,43352.014
4.01926659122384,1.50973388595415,26.3233508376629,43354.53
4.01951257051671,1.51047049526803,26.3231352181296,43357.061
4.0196969097796,1.51060698878457,26.330553666141,43359.577
4.02024654213443,1.51080140950707,26.3323356600782,43362.108
4.0202849600563,1.50965860321198,26.3320510484443,43364.624
4.02052834506498,1.50946401255124,26.3384935550696,43367.155
4.02087096782183,1.5109896968963,26.3344132623878,43369.671
4.02147725875489,1.51158615591858,26.3509068834303,43372.202
4.02157720654475,1.50887570936382,26.3427691789635,43374.718
4.02167363460207,1.51122644853856,26.3451877029227,43377.233
4.02203176729931,1.51002045176741,26.3524285001364,43379.733
4.02223926185738,1.51162462933352,26.3551109541587,43382.327
4.02253590082696,1.51152900649455,26.3687599839576,43384.796
4.02273654268742,1.5097430764051,26.3753254590292,43387.28
4.02330874336319,1.51278711295712,26.3822113818335,43389.749
4.02320671707162,1.51274599222593,26.3830240042556,43392.233
4.02380528798414,1.51069453955599,26.3881632960151,43394.702
4.02375694119393,1.51065837898383,26.3933686348854,43397.171
4.02407204202049,1.51150852025868,26.392739558473,43399.639
4.02462087095732,1.50867398413087,26.3893721616799,43402.108
4.02470357833399,1.50993453522376,26.3905018449513,43404.577
4.02532067943343,1.51168680701314,26.3982236488361,43407.108
4.02512604490382,1.51148941462257,26.4045464334128,43409.624
4.02537028857121,1.51231162057547,26.4005045461233,43412.155
4.02589691330595,1.51235518707388,26.4054048287987,43414.671
4.02614442534799,1.50714621844002,26.4157817126416,43417.202
4.02631967794706,1.50933455006774,26.4144224075131,43419.718
4.02661907358641,1.50971784250306,26.422000802707,43422.249
4.02699401170076,1.51248897586957,26.4277779952991,43424.764
4.02748866401863,1.51196681747404,26.4349502220665,43427.296
4.0276691650717,1.51134663584219,26.4414955951927,43429.811
4.02797106162289,1.51121346727394,26.4385520437335,43432.343
4.02820391132501,1.51019630099911,26.437554485052,43434.858
4.02851590348737,1.51146839267028,26.4471636737165,43437.374
4.02870910399475,1.51285973386274,26.4455108721153,43439.905
4.02883712987089,1.51125315152917,26.4483787324485,43442.421
4.02933491143137,1.51405858254779,26.4499399017959,43444.952
4.02990211475799,1.51220302763664,26.4480804820137,43447.468
4.02995572554703,1.50750625971217,26.4670721465415,43449.999
4.03010388926593,1.50775237467704,26.4719524905672,43452.514
4.03026279582268,1.50881151833102,26.4787530015395,43455.03
4.0306343476572,1.50834758294455,26.4759429449337,43457.593
4.03081122394836,1.51173367080479,26.4772512030416,43460.108
4.03105735940521,1.51356808524821,26.4839049609864,43462.639
4.03162208546095,1.51096981067252,26.48544085735,43465.155
4.03200602711334,1.5111723813817,26.4924078034245,43467.686
4.03233622450272,1.51196822270502,26.487832386828,43470.202
4.03273713762269,1.51149707942463,26.4910142755386,43472.671
4.03276092849305,1.50992786292827,26.4943424557046,43475.186
4.03316120459641,1.50959643058763,26.4983760612091,43477.655
4.03315538637433,1.50885734263598,26.498393968362,43480.139
4.03360097173061,1.51365368418218,26.5030856464849,43482.608
4.03389153683213,1.50908608869745,26.507286061616,43485.124
4.03426559701881,1.51227658541233,26.5175494066151,43487.593
4.03447239490936,1.50955735190623,26.5136015732315,43490.124
4.03471210793303,1.51124988795531,26.5272328361369,43492.639
4.03507304170342,1.51281909745317,26.5328980262268,43495.171
4.03519795071726,1.51004821506156,26.5295852373089,43497.686
4.0358961010607,1.5084928141872,26.5304997532619,43500.218
4.03611213854397,1.51319756209318,26.5376462860205,43502.733
4.03653208431697,1.51411344950669,26.5441229280985,43505.264
4.03644437268701,1.51075858366743,26.5492506656539,43507.78
4.03686352339099,1.51224960803584,26.5481166008723,43510.311
4.03691424313343,1.50588181744913,26.5525109754303,43512.827
4.03737836636424,1.50700080228672,26.5608478529629,43515.358
4.03772400780644,1.51067952761005,26.5681374243122,43517.874
4.03811205505283,1.51071938688087,26.5675644535409,43520.389
4.03831692534288,1.5109847588501,26.5723069854237,43522.921
4.03854071072795,1.5129955879116,26.5745678194838,43525.436
4.03898403624578,1.50729782249359,26.5797038368723,43527.968
4.03914361009314,1.5121971471566,26.5776939710396,43530.483
4.03946171173362,1.51082381739319,26.5803678709119,43533.014
4.03963384581862,1.51299563876273,26.5896925668022,43535.53
4.04015964040505,1.51115725705317,26.5926208195902,43538.061
4.0404207841751,1.51039470401131,26.5994615057541,43540.577
4.04078323481428,1.50932372043208,26.6090836162534,43543.108
4.04098055597279,1.5109449230503,26.6107238478451,43545.624
4.04148426335027,1.50788069358288,26.6149302809499,43548.171
4.0415083031714,1.51250496932486,26.6199127829958,43550.702
4.04184102725149,1.50963570823017,26.6203167276313,43553.218
4.04227875857418,1.51041972551765,26.6303272922159,43555.733
4.04233122005289,1.50874026322934,26.6240489468686,43558.264
4.0426633682056,1.5099472564081,26.6336123811313,43560.78
4.04291310567067,1.51011367810279,26.6348133916003,43563.311
4.04322559187353,1.51014708439936,26.6449941113573,43565.827
4.04376384176684,1.51238220582666,26.6397923403713,43568.358
4.04391180735066,1.5110359964078,26.6438063434972,43570.936
4.04447535052407,1.50844077959395,26.6473876875213,43573.436
4.04447698999202,1.50658961464043,26.6513968866443,43575.905
4.04479152415625,1.50832202941137,26.6608307144235,43578.374
4.04502942168501,1.51251810357216,26.6598551331062,43580.905
4.04546558242651,1.51155250082537,26.6646152659928,43583.421
4.04561998359372,1.51268962068993,26.6756910793207,43585.952
4.04604627011267,1.51158526293732,26.6837202592588,43588.468
4.04632577465484,1.51027533552227,26.6851155125583,43590.999
4.04655541065739,1.51401934219843,26.6912362380208,43593.514
4.04688668725626,1.51143322408166,26.6935979018863,43596.03
4.04727688443947,1.51134094218768,26.7027834533651,43598.561
4.04754350500647,1.50919349769588,26.7010858099902,43601.077
4.04798045964101,1.51061985548948,26.7067299016946,43603.608
4.04842783213017,1.51117741207788,26.7123018593053,43606.124
4.04861790528077,1.51357271649723,26.7164764187221,43608.655
4.04887936230456,1.51103699648046,26.7128407456158,43611.171
4.04917127659548,1.51076492397455,26.7253553351232,43613.702
4.04959253410229,1.50970826151929,26.7241194431117,43616.218
4.04977189986723,1.50983948733558,26.7301209798797,43618.733
4.05005216529462,1.50906610407702,26.727481769443,43621.264
4.05050866271957,1.5107397242886,26.7341025983488,43623.78
4.0506791348842,1.51135580749644,26.7403164255787,43626.311
4.05105356547141,1.51400163344912,26.7504437830696,43628.827
4.05136655417548,1.51127759464426,26.7571639265533,43631.343
4.05161350336822,1.51049499641104,26.7618360141359,43633.874
4.05190822963439,1.51188096136358,26.7603077067618,43636.389
4.05242510656415,1.51339925487314,26.7617522004973,43638.858
4.05253702519162,1.51114405352065,26.7704831549647,43641.343
4.05277149962086,1.5112363606875,26.774071411932,43643.796
4.05328808192248,1.51043713277571,26.7772512732127,43646.28
4.05354430096365,1.51055275418275,26.7876742473632,43648.749
4.05373679611641,1.51067573724509,26.7884537035505,43651.264
4.05421485022558,1.51103936206265,26.7878846334981,43653.796
4.0546373254275,1.50925020958544,26.7927142294621,43656.311
4.05495290890576,1.5098121404231,26.7957552347284,43658.78
4.05520659592884,1.5121056149009,26.8039237986294,43661.28
4.05534400779948,1.51048245408126,26.8027175817606,43663.796
4.05560389932352,1.50897116248987,26.8018350099967,43666.311
4.05606667858951,1.51029818539132,26.8057983709634,43668.843
4.05633926128953,1.5097334170783,26.815491859226,43671.358
4.05638384832299,1.51158222460302,26.8302918393246,43673.889
4.05676887516341,1.51166853255198,26.834646143079,43676.405
4.05722151261106,1.51055415876863,26.8397439269318,43678.936
4.0575986916867,1.5095032803131,26.8389553923546,43681.452
4.05783655749451,1.51079284572399,26.8381954080618,43683.968
4.05827102391234,1.51042756505982,26.8409661997876,43686.499
4.05871139145502,1.50982809920852,26.8483882589407,43689.014
4.05884297437407,1.50745091578426,26.8421931145983,43691.546
4.05925559696539,1.51143301963363,26.8458639002128,43694.061
4.05980769114768,1.5093139775144,26.8495413410712,43696.593
4.06010921118417,1.51321209718395,26.8551078784755,43699.108
4.0602197365988,1.50855222984794,26.860743884365,43701.624
4.06058100338356,1.50970815223919,26.8593169092587,43704.155
4.0610682335548,1.50715981084709,26.8721772719073,43706.671
4.06122992952425,1.51396237002835,26.8767692424435,43709.202
4.0616319118058,1.51159162399215,26.8879782039913,43711.718
4.06195294938029,1.50830971339519,26.8799307187207,43714.233
4.06210624227657,1.51228754229087,26.8950082566929,43716.764
4.06254216744866,1.50912358708764,26.8971009046436,43719.28
4.06286341024339,1.50737487925896,26.907218410388,43721.811
4.06332919275561,1.51064038813305,26.9077303602563,43724.264
4.0634892554943,1.51188761726345,26.9177392543072,43726.749
4.06397769185847,1.51030315107015,26.9115945965466,43729.218
4.06416808078811,1.50937082147507,26.9148778860239,43731.686
4.0643624045784,1.51112834267281,26.9178170779069,43734.155
4.06467807076085,1.51144117307833,26.9247984833013,43736.686
4.06525672676264,1.51251821002012,26.9329804408038,43739.202
4.06549076125741,1.51108853695805,26.9332311244296,43741.671
4.06570722550073,1.50995927434287,26.9362437160091,43744.139
4.06587772185727,1.51187021785003,26.9385811548543,43746.639
4.06638099448765,1.50757285598281,26.9431070316933,43749.155
4.06686447523419,1.50949322299725,26.9474768499552,43751.639
4.06696186606665,1.50858608965306,26.9507902338192,43754.108
4.06757031464237,1.51339256767482,26.9579219196774,43756.577
4.06777190513854,1.51070476709438,26.9632514223897,43759.061
4.06811842878311,1.51196106743708,26.9611656477265,43761.53
4.06834100009051,1.50766777733664,26.9672650740247,43764.046
4.06849727708515,1.51269182996024,26.9686597969673,43766.561
4.06912945960171,1.5108003036464,26.9784823929923,43769.093
4.06956241517622,1.51324583103949,26.9880673239625,43771.608
4.06992147050243,1.50847002245909,26.9809658171255,43774.139
4.07022356964286,1.50957053352211,26.9840563227065,43776.655
4.07048754822,1.51093177053889,26.9930757871157,43779.186
4.07090857314611,1.51079397062998,27.0015150269722,43781.733
4.07139037443916,1.51073071869156,27.0047800521372,43784.249
4.07136685488555,1.50949632231897,27.0058576540615,43786.78
4.07172852338118,1.51186305854919,27.0115991035365,43789.296
4.07225998769592,1.51213966524887,27.018598572538,43791.827
4.07268382819924,1.50864841423904,27.030787106793,43794.343
4.07271019388781,1.51234403770049,27.0298894853223,43796.874
4.07320831056807,1.51234657815457,27.0313004844794,43799.389
4.0738635114592,1.50881501926644,27.0387678082416,43801.905
4.07389100459244,1.51046867375133,27.049832666657,43804.436
4.07438642005659,1.51233054460675,27.0496183711407,43806.952
4.07468225156012,1.50871064333843,27.0644379493389,43809.483
4.07504170412986,1.51234892608037,27.0690051885146,43811.999
4.07533339864471,1.51114929134355,27.0642201209062,43814.53
4.07550853037461,1.50974055198242,27.0616502358658,43817.046
4.07601570268907,1.51188596311717,27.0683386805897,43819.546
4.07640522471312,1.51059879535528,27.070534351481,43822.046
4.07681067683352,1.51168163396434,27.0729931335272,43824.561
4.0769714800417,1.51228537670759,27.0815743790906,43827.03
4.07743284866901,1.50982435687976,27.0868090901337,43829.514
4.07766415443921,1.50905906097671,27.0870583102424,43832.046
4.07783957071031,1.51264309533121,27.0934719809769,43834.561
4.07860214087688,1.51215453810276,27.1018643243002,43837.093
4.07878534160528,1.50815311982016,27.1093666406391,43839.608
4.07919711557077,1.51044041949324,27.1034535443897,43842.139
4.0794638576302,1.5084906830458,27.1137579350084,43844.655
4.07992920079556,1.51324421743488,27.1204307487226,43847.171
4.08016620709964,1.50959081098317,27.1244028983949,43849.702
4.08064018443316,1.51087988660296,27.130654696406,43852.218
4.08094194072283,1.51006286837321,27.137064229567,43854.749
4.08127464587129,1.51202665115674,27.1448469078939,43857.264
4.08183969036915,1.51302449356733,27.146719524156,43859.796
4.08173202733687,1.51250080476853,27.145951936191,43862.311
4.08245391685585,1.51058891213083,27.1510181470005,43864.843
4.08270718948965,1.51002875531376,27.1575162348599,43867.358
4.0830788792357,1.50888752261854,27.1623174710433,43869.874
4.08337839032432,1.50898940052787,27.1692241256511,43872.405
4.08380747504166,1.50691175082114,27.1675756126535,43874.921
4.08425453361622,1.51274730723623,27.1680383834905,43877.452
4.08447960983514,1.5129744853105,27.1777186232413,43879.968
4.08485833568708,1.51143030951381,27.1727556145636,43882.483
4.0854179128552,1.51174992222228,27.1954165694313,43885.014
4.08572496608862,1.50952544858088,27.1891172136299,43887.53
4.08602768579701,1.51081350043255,27.1904068559117,43890.061
4.08662214076386,1.51034675536889,27.1978227206093,43892.608
4.08673075719657,1.5124306037696,27.2037184990625,43895.139
4.0869273060063,1.51366780049836,27.2083606166802,43897.655
4.08745175982711,1.51153360554028,27.2184798600612,43900.155
4.08780377252465,1.5123473726709,27.2190890593464,43902.655
4.08830458811077,1.51061117492211,27.2233765955275,43905.186
4.08868915047832,1.5108062156362,27.2297314669539,43907.702
4.08891220689482,1.51388191860496,27.2385092877715,43910.233
4.08947294171449,1.50821914259163,27.2455923913263,43912.749
4.08974792619567,1.50986443360579,27.2499823904841,43915.264
4.09018572295449,1.51193048253268,27.2529961773137,43917.796
4.09058056290169,1.51070890924395,27.2593558877139,43920.311
4.09085379059909,1.50963156219599,27.2581590348464,43922.843
4.09125715497173,1.51362230135842,27.2721149402871,43925.358
4.0915845405003,1.50961707357003,27.2694065017481,43927.889
4.09173023300143,1.51343532970277,27.2798924143908,43930.405
4.09219217331436,1.51011835503233,27.282373724933,43932.952
4.09274720932057,1.5088427381732,27.290602466882,43935.53
4.09267756758787,1.51333171479098,27.2971159813764,43938.03
4.0934001290769,1.51275191692098,27.3028184360749,43940.53
4.09380101974887,1.509968925022,27.3100204291885,43943.03
4.09423750586777,1.50951220349988,27.3104176802886,43945.561
4.09459462208907,1.51042354240135,27.312577593311,43948.077
4.09468157989007,1.50944514451402,27.3196791246869,43950.608
4.09535718851469,1.51174262967321,27.3211494760144,43953.124
4.09574198727598,1.51070638141003,27.3331614263091,43955.655
4.09609167001123,1.51012440560747,27.3336502661056,43958.171
4.09626656483039,1.51067363067819,27.3360652013476,43960.686
4.09682005936934,1.51170392851351,27.3441190113545,43963.218
4.09713878398546,1.51315791688143,27.3511673572212,43965.733
4.09761067121473,1.50896993000576,27.3561147035541,43968.264
4.09793381679139,1.51062746351032,27.3608250774057,43970.78
4.09843638530306,1.5132592012064,27.3621478675451,43973.311
4.09872457023102,1.51387633278454,27.3652424142865,43975.827
4.09926244112978,1.50972318234762,27.3748872209418,43978.358
4.09951758791624,1.51030069325336,27.377655719304,43980.874
4.10002582452177,1.5123697165215,27.3869414332683,43983.405
4.1002827284069,1.50918274503763,27.3878574095646,43985.921
4.10061213072958,1.51322941186387,27.3956928367112,43988.436
4.10126120696921,1.51029840067417,27.3985158686264,43990.968
4.10139519532151,1.51177915425195,27.3952659558729,43993.483
4.10159901066164,1.51339079025814,27.395653517129,43996.014
4.10232763556134,1.50881133610383,27.4094388537958,43998.53
4.10273400439925,1.50873903801008,27.417126564263,44001.046
4.10275153960965,1.51144887492551,27.4205150743473,44003.53
4.1033697028883,1.51088966615548,27.4219943266505,44006.061
4.10388028474763,1.51112513459923,27.427325129029,44008.624
4.10407189219575,1.51178210096112,27.4303504359998,44011.077
4.10451027192361,1.50870964724106,27.434890964513,44013.561
4.10481708419065,1.51126872546529,27.4335590922694,44016.014
4.10521047292702,1.51075354326593,27.4414814191628,44018.483
4.10558917398839,1.5085622715309,27.4440017198952,44020.968
4.10567895298264,1.51056953740885,27.4560382748959,44023.499
4.10634398666513,1.51549817684317,27.457851587607,44026.014
4.10708686749306,1.51207860637798,27.467121579749,44028.546
4.10721381503177,1.50877866967654,27.4604453443428,44031.061
4.10786303411572,1.51067910407071,27.4634110315634,44033.593
4.10791191321624,1.51134674002477,27.4695917424286,44036.108
4.10857121372076,1.51086690482008,27.4799550760697,44038.639
4.10900722183747,1.50990595175919,27.4766716395744,44041.155
4.10926893510816,1.50701701019164,27.4802116010561,44043.686
4.10961996755865,1.51036132211302,27.4930113063054,44046.202
4.10978869127538,1.51044714712217,27.492372321955,44048.718
4.11057593327271,1.50895607741624,27.4980766246661,44051.249
4.11096315409545,1.51075305132723,27.5058380849225,44053.764
4.1112227585438,1.51114957138141,27.5135716883767,44056.296
4.11155676731544,1.51023609602071,27.5096439397827,44058.811
4.11201089245495,1.51028892130275,27.5169504564826,44061.343
4.11228257687005,1.5109989238246,27.5250247060972,44063.858
4.11273177097035,1.51119779551627,27.5193675528023,44066.374
4.11318802180336,1.50899395718816,27.5345073323208,44068.905
4.11333334220981,1.50822932811425,27.5391824488212,44071.421
4.11393571090928,1.51058190451013,27.5538623623989,44073.889
4.11447531600824,1.51176721723164,27.554354386973,44076.389
4.11481504539494,1.51055317829352,27.5573753557608,44078.874
4.11531667905407,1.51061284617361,27.5662461468712,44081.343
4.11574103098632,1.51429131231476,27.5762234886833,44083.827
4.11601265018112,1.51105935731479,27.5789959099258,44086.296
4.1164632383243,1.5103607905728,27.5783674226429,44088.811
4.11704032873503,1.50814700437965,27.5779050872846,44091.343
4.11701554475288,1.50701375593807,27.5780836060443,44093.858
4.11788984609347,1.50937872272651,27.5842515952545,44096.389
4.11806657493472,1.5132442550649,27.5812978631224,44098.905
4.11847441976096,1.51228526817627,27.5959372281252,44101.421
4.11876082914859,1.5108429977671,27.6016217812475,44103.952
4.11924256399187,1.51144123849761,27.6109989471286,44106.468
4.11949839207948,1.5099633289865,27.6138953899951,44108.999
4.12007245885941,1.51133985967439,27.6255436335138,44111.514
4.12050562853766,1.51207349025803,27.624754794014,44114.046
4.12082186431432,1.51374074400789,27.6291931269565,44116.561
4.12121871352675,1.51250518649666,27.6304760756432,44119.077
4.12203099787582,1.51250331131696,27.6398819798508,44121.968
4.12246340663214,1.51452161041509,27.6442841114768,44124.577
4.12252228295555,1.5129821023321,27.652724831526,44127.155
4.1228008043979,1.50658663990675,27.6575551904181,44129.718
4.12333942650176,1.5094328920099,27.6589129337861,44132.296
4.12399068740533,1.50961540601456,27.6620514520101,44134.843
4.12403490703331,1.51024209738758,27.6711319410025,44137.405
4.12446294304134,1.51071052948802,27.6699562875728,44139.968
4.12503227678467,1.51207931212536,27.6774002131911,44142.577
4.12540571034663,1.51053536307424,27.6826445060492,44145.186
4.12588309834008,1.50762416807976,27.6867127199069,44147.796
4.12611422870299,1.51007355418255,27.695165878692,44150.374
4.12675564485469,1.50756297202639,27.6954008150047,44152.936
4.12723798008387,1.51140248388655,27.7005077145577,44155.499
4.12732923345954,1.51108537600877,27.7075161606662,44158.061
4.12839127661431,1.5088287851279,27.7041976808849,44160.624
4.12826327850766,1.50959299337249,27.7187123359635,44163.186
4.12880296019664,1.51034527980026,27.7167811617359,44165.749
4.12925472515638,1.51031584725232,27.7267403883606,44168.311
4.12946251865117,1.51326622755308,27.7284953917145,44170.874
4.13002623717473,1.50848890343446,27.7323907100077,44173.436
4.13051153994982,1.50815127205257,27.7443875226988,44175.999
4.13082445099351,1.51139727096887,27.7473178337433,44178.561
4.13143916762367,1.51237523531301,27.7525531461293,44181.124
4.13177114537294,1.50939615374838,27.7550930545939,44183.686
4.13230270516772,1.5083690731111,27.7644007984447,44186.249
4.1326567272391,1.51078701183846,27.7689031348195,44188.811
4.13270931100475,1.51126636197112,27.7709467107859,44191.374
4.13330086235733,1.50830361082308,27.7836460253864,44193.936
4.13377212642036,1.51114591585141,27.7808512900293,44196.499
4.13436814028465,1.50871526759296,27.7917017335417,44199.061
4.13447466469711,1.51512014673878,27.7979572755719,44201.624
4.1347993117562,1.50740615942224,27.7986447929158,44204.186
4.13539001828932,1.51160831783833,27.8032801481195,44206.749
4.13591509865207,1.51257194089179,27.8064730824214,44209.343
4.13612436259316,1.5103584076707,27.8102130864721,44211.921
4.13663913499648,1.51029096736955,27.8140376831098,44214.546
4.13725171345878,1.51273142222995,27.8348740255941,44217.124
4.13760509646006,1.51113922801292,27.8396338296486,44219.686
4.13800024944979,1.50953080108403,27.8419179713958,44222.249
4.13857423166171,1.5112824609998,27.8464415539921,44224.811
4.13912435511493,1.51190008575278,27.8596502070553,44227.374
4.13926798718183,1.51055676271818,27.8614060673883,44229.936
4.1395620306886,1.50925982723385,27.8611645225199,44232.483
4.14013521163112,1.51241384696929,27.874449938988,44235.061
4.14060645561018,1.51011108415758,27.8646997507888,44237.608
4.14107117557712,1.51207975017884,27.8809903931846,44240.186
4.14138280921019,1.50935703183992,27.8978848570333,44242.749
4.14188199590105,1.50859889009441,27.89924661084,44245.311
4.1423069872304,1.51136259960928,27.9111336391039,44247.874
4.1428243726962,1.50654792366088,27.907245873927,44250.436
4.14320595818972,1.50953717188906,27.9099308670612,44252.999
4.14343784040223,1.51145318316792,27.9148894106195,44255.561
4.14384445546085,1.51032959638435,27.9143013612248,44258.124
4.14433198985778,1.51300728855932,27.9256292102206,44260.686
4.14466197680706,1.51030540120246,27.933053458993,44263.264
4.14521722070715,1.51103865689963,27.9468462456076,44265.827
4.1455483305448,1.50643554717544,27.9527784131272,44268.389
4.14590263754675,1.51139655860322,27.9642875704765,44270.952
4.14640937442221,1.51024324675641,27.97401980002,44273.53
4.14689407523737,1.51267013885695,27.9819705032556,44276.124
4.14744015735515,1.51228274315317,27.9801913929822,44278.718
4.14797046653658,1.51186055477992,27.9770940303939,44281.28
4.14830466731741,1.51119946478538,27.9817680362692,44283.843
4.14886285830147,1.51058462171241,27.9846087254186,44286.405
4.1490988569605,1.50927342372278,27.9927925406774,44288.952
4.14933181160488,1.51146232099594,28.0032921271714,44291.514
4.15008324749873,1.51187373182767,28.014508164844,44294.077
4.15039799226074,1.5142785425405,28.0028697208989,44296.639
4.15050332378961,1.5132371773961,28.0097032092487,44299.202
4.15119547637546,1.5118543360384,28.0101464850809,44301.764
4.15130818465464,1.51324637793425,28.0212062936057,44304.327
4.15185293478665,1.51564273924594,28.0281469511722,44306.889
4.15235500233153,1.51431315779127,28.0361354233601,44309.452
4.15292142336188,1.51137242493155,28.0401578804634,44312.014
4.1532198134821,1.51593503041596,28.0499385249092,44314.577
4.15375382056521,1.5094841410301,28.0549544702964,44317.139
4.15402238820557,1.51004687550694,28.0601816987345,44319.702
4.15453897854178,1.51053074840585,28.0659662431144,44322.264
4.15484038141133,1.51065384388799,28.075094223412,44324.827
4.15524393130601,1.51115792734146,28.0693701234631,44327.405
4.15578437028257,1.51213797720079,28.07713193237,44329.968
4.15602035588794,1.51172382224022,28.0908471297948,44332.53
4.15665399487633,1.51154983252815,28.0979498687533,44335.093
4.15717398139273,1.50809088732467,28.1174068911821,44337.671
4.1574969154723,1.51058039764962,28.1167294900503,44340.233
4.15791009505009,1.51003858636419,28.1286029226282,44342.796
4.15843267445668,1.5117296271691,28.1302354473425,44345.405
4.15876482511679,1.5076550794853,28.1457857786841,44347.983
4.15920354234092,1.51004596704935,28.1481534362547,44350.546
4.15960020494422,1.51254607600373,28.1484247601529,44353.108
4.16011971031083,1.51133033204662,28.1544761885668,44355.671
4.16030573011235,1.50949488182699,28.1621075450157,44358.233
4.16069924580863,1.51155457476922,28.1750632840245,44360.796
4.16116609258683,1.50939142109451,28.1796944206896,44363.358
4.16180899145238,1.50993712147409,28.1855533351833,44365.921
4.16182073437668,1.51077241541822,28.189013180092,44368.483
4.1625304786504,1.51015656355567,28.2064002565543,44371.077
4.16275300702381,1.51146746813262,28.2045195584878,44373.655
4.16356350574581,1.51326682009677,28.2143689234443,44376.233
4.16373784892401,1.50972612209077,28.2127982667161,44378.796
4.16436214839623,1.509609566082,28.2201605745701,44381.358
4.16445001269914,1.50870876098762,28.2348935970429,44383.936
4.16522633984388,1.50980528341393,28.2503889195985,44386.483
4.16529389429586,1.51234138632296,28.253427708291,44389.061
4.16587172664098,1.5118432534419,28.267909905538,44391.608
4.16639246178264,1.51269912367314,28.2728121156709,44394.171
4.16679214551525,1.50811502228905,28.2801517830083,44396.733
4.16710949270268,1.50912386732672,28.2769482758978,44399.296
4.16757252620359,1.50957816450421,28.2835703366055,44401.858
4.16800189719154,1.51015548717597,28.2944281771795,44404.421
4.16832092030153,1.51387929796568,28.3025535570187,44406.983
4.16893315567905,1.51002355803083,28.304719008695,44409.546
4.16935455619696,1.50995747788407,28.3197846042114,44412.108
4.16968264139823,1.51106721751148,28.3187909196821,44414.686
4.17001288493861,1.50930319705314,28.3369597847327,44417.233
4.17059292575445,1.50808489300052,28.3401582381192,44419.796
4.1708230573432,1.51329333726894,28.3455650638962,44422.358
4.17161767107457,1.51054083387984,28.3480113954969,44424.921
4.17153412738615,1.51030407517738,28.3594266816929,44427.483
4.17198346516099,1.5085691719174,28.3593271690372,44430.046
4.17249014839893,1.51148837688566,28.3608418962503,44432.608
4.17310576501522,1.50925172446006,28.3822461014572,44435.171
4.17357705326817,1.51246416357187,28.3848394502429,44437.749
4.17384271521696,1.51259899318918,28.3963854823376,44440.358
4.17427693820095,1.512551183973,28.4042304955816,44442.999
4.17470640848523,1.50927456848282,28.409115090502,44445.593
4.17518387495436,1.51206683116499,28.4208133700641,44448.171
4.17566364573871,1.51272761037682,28.4394725992621,44450.733
4.17593337426573,1.51338625651833,28.4480159427628,44453.296
4.17612779292249,1.50972873321883,28.4614001477772,44455.858
4.17686342791234,1.50957947685731,28.4584178429789,44458.421
4.17708154666517,1.51082059873859,28.4626891432387,44460.983
4.17780125136786,1.50893720207266,28.4681775029753,44463.546
4.17833631922237,1.50780847057856,28.4755661335751,44466.108
4.17833264092799,1.50545071778611,28.4826576035994,44468.671
4.17884271916128,1.50898834777586,28.4982876541668,44471.233
4.17938451493156,1.51239400810018,28.507053273729,44473.796
4.17968882575264,1.5088238411762,28.5094302520891,44476.358
4.18003273604199,1.50906852747602,28.519144575173,44478.921
4.18043439717465,1.50963510266947,28.5248919723337,44481.499
4.18099830769552,1.5097094190359,28.5327361075684,44484.061
4.18186762493802,1.50880060065102,28.5436084696755,44486.624
4.1823359040398,1.50924628288161,28.5476282474687,44489.186
4.18245549878763,1.51239064203423,28.5539196890141,44491.749
4.18271829387277,1.50801908882929,28.5643200492872,44494.311
4.18314268619471,1.50911658273723,28.5674362435851,44496.874
4.18352096221887,1.51277619634429,28.5799425636341,44499.436
4.18394153976466,1.51383535562344,28.6017798417337,44501.999
4.18454504902574,1.51244980890262,28.5966349123002,44504.561
4.18480528894042,1.5093629289003,28.5981108746062,44507.171
4.18571738605289,1.50632254772081,28.6060960930136,44509.78
4.1856599446834,1.50843048250782,28.6222050900891,44512.343
4.18592805067816,1.50688811366091,28.6372479495393,44514.905
4.18643137766609,1.5163584367988,28.6467226647056,44517.483
4.18698854955443,1.51302778254811,28.6534988838198,44520.03
4.18732045991074,1.50983819804224,28.6593382056226,44522.593
4.18804578611262,1.50953379764099,28.664306279462,44525.155
4.18805485456743,1.5107213041146,28.6763067916993,44527.718
4.18863735365366,1.51202862467144,28.6786272088789,44530.28
4.18897405691251,1.51350558626331,28.6913336298849,44532.843
4.18978005507793,1.50923172691147,28.6971714474559,44535.405
4.18990359710666,1.51584017391179,28.7072740846491,44537.968
4.19035726633332,1.51337528092597,28.7201172672853,44540.53
4.19077100216293,1.50957902691564,28.7212127080454,44543.093
4.19119333002915,1.50748137751707,28.7323117961481,44545.655
4.19177587860413,1.50901661856702,28.7393527038111,44548.218
4.19194569564199,1.51042903966011,28.7511135650123,44550.78
4.19262664717233,1.51167759416241,28.7613309161411,44553.343
4.19279679477612,1.51052746977776,28.7641220585548,44555.905
4.19327422462495,1.51161093296946,28.7843785288575,44558.468
4.19370831721171,1.51047600702835,28.8049764235737,44561.046
4.19400469768622,1.51068501737142,28.8121018683052,44563.593
4.19437285922372,1.50835935739786,28.8121491678208,44566.171
4.1949615898102,1.51133013334931,28.8216615885813,44568.733
4.19511055442404,1.5121908372881,28.8293374260682,44571.296
4.19579415304756,1.51085266195953,28.8363552174494,44573.889
4.1959749156738,1.50673599848578,28.8513606979926,44576.499
4.19674308384504,1.51097725558219,28.8565935185077,44579.061
4.19689338665113,1.50943842709383,28.8795635747378,44581.639
4.19747687357217,1.51413645415814,28.8813529155438,44584.186
4.19780997387537,1.5093110559355,28.8900446641447,44586.764
4.19843534411125,1.50840637047588,28.8915304098589,44589.327
4.19869233164097,1.51131759000591,28.9044883455591,44591.889
4.19910499257738,1.51044807946276,28.9168159205428,44594.452
4.19960774915732,1.50916923695677,28.9268822270215,44597.014
4.19993067030518,1.51045838728473,28.9229666921674,44599.577
4.20055281393467,1.51105214795718,28.9346516805546,44602.139
4.20076970044556,1.50408029193431,28.9518574031413,44605.093
4.20084211698885,1.51089453292184,28.9633238468361,44607.843
4.201383970305,1.50758882698641,28.9715609751596,44610.53
4.20177915895585,1.50922103429727,28.980524250577,44613.249
4.20226612305326,1.50809037066283,28.988471201199,44616.014
4.20251123419867,1.50194712723362,29.0024614934653,44618.733
4.20274888422416,1.50310422809503,29.0180743672323,44621.405
4.20348547678324,1.5004058202303,29.0264400381364,44624.139
4.20341547996104,1.50447456748349,29.0364459657593,44626.811
4.20396582340394,1.50191372140589,29.0390089041266,44629.53
4.2043258100633,1.50130775058029,29.0640024893517,44632.202
4.20466953710121,1.49979893434407,29.071431099198,44634.936
4.20502389248253,1.50124476592773,29.0755195963875,44637.593
4.20526904396387,1.49555251009589,29.0967546119262,44640.343
4.20578446288399,1.50037108111616,29.1005859990277,44643.014
4.20619193660758,1.49937127828675,29.106916101858,44645.733
4.20634075971051,1.49694502595893,29.1189075504726,44648.436
4.20698814166537,1.49502880442914,29.126749664533,44651.171
4.20636908232782,1.48902543620111,29.1274417374134,44653.858
4.20594426925257,1.47514336440385,29.1218072180015,44656.608
4.20545146574077,1.46526271827876,29.141677326355,44659.311
4.2053508003247,1.46208221533265,29.1558857667463,44662.03
4.20599346798873,1.46477910014232,29.1581563853065,44664.764
4.20510273479966,1.4555928560476,29.1648827079886,44667.53
4.20566023966066,1.45447789702845,29.1791500928829,44670.202
4.20494689433454,1.44118712542268,29.1924063501772,44672.952
4.2050722856332,1.4417356428717,29.2032505914419,44675.624
4.2054890350183,1.44474192536129,29.2068257820248,44678.358
4.20587217510361,1.44143687775875,29.2199128651898,44681.03
4.2058779234158,1.4432725554014,29.2306931061656,44683.749
4.20624824511986,1.44173938004681,29.2371065298487,44686.421
4.2063937981162,1.43940990834533,29.2514233034821,44689.155
4.2067491398387,1.44082913452362,29.2595902695531,44691.827
4.20633323794676,1.42882005798033,29.2642815155259,44694.593
4.20576412757041,1.42249431481723,29.2744158600467,44697.28
4.20595527846175,1.41891860242686,29.27390412028,44699.999
4.20599313695765,1.4217131300536,29.2864126489119,44702.671
4.20631441293225,1.41944220341634,29.2952638565828,44705.405
4.20684653764356,1.42155676906245,29.3104070585018,44708.093
4.20636650969685,1.40592205494568,29.3119954849478,44710.843
4.20553806597616,1.39939426686111,29.3205324102093,44713.546
4.20558044906088,1.39868355024261,29.3298320987322,44716.264
4.20610143053797,1.39949470379449,29.3351234093704,44718.936
4.20610347018482,1.39774738430523,29.3448920688276,44721.671
4.20650593639548,1.39897512672802,29.3461431953558,44724.327
4.20678218470948,1.39754390252721,29.3527902861236,44727.061
4.20620851724968,1.38520010045819,29.3568491935912,44729.764
4.20579914723859,1.37551576521813,29.3709932140717,44732.53
4.2057416346047,1.37432287493278,29.3740711673648,44735.202
4.20602781560479,1.37469873319567,29.3766900301808,44737.952
4.20619438432479,1.37654423248616,29.3826823095566,44740.624
4.20621899949015,1.37371535641026,29.3884839680825,44743.358
4.20631751813704,1.3724854278158,29.3972557147825,44746.014
4.20691463222249,1.37399584935474,29.4050983955019,44748.749
4.20654776547209,1.36417932620674,29.4095908521695,44751.452
4.20685519191473,1.36306237794415,29.4104231347638,44754.171
4.2061745100223,1.35325061135819,29.4234925100285,44756.874
4.20551146639075,1.34328953680856,29.4281503524037,44759.639
4.20545566366815,1.34524960462716,29.4300882886404,44762.296
4.20573165910167,1.34204979152071,29.4417070601129,44765.03
4.20583020125073,1.33876034679554,29.4400563989536,44767.702
4.20624051480002,1.33773547834263,29.4470394439776,44770.436
4.20645081527087,1.3396059049586,29.447486403818,44773.093
4.20689119050633,1.3416154397462,29.4487036100471,44775.827
4.20594529524008,1.33131959179357,29.4604063728115,44778.53
4.20560816667988,1.31861746031505,29.4692946123975,44781.28
4.20567379247009,1.3176752791033,29.4770373778376,44783.952
4.20607629926055,1.31854110165374,29.4913625644391,44786.686
4.20622466125261,1.31876270195252,29.482510611245,44789.358
4.20627283885248,1.3203496984381,29.4947120661785,44792.093
4.20687668860633,1.31668024907234,29.4945928789063,44794.749
4.20588553683342,1.30921361221831,29.5071823718801,44797.514
4.20624900337357,1.30501634316497,29.5155466343409,44800.186
4.2066544318702,1.30805273361879,29.5093324513849,44802.921
4.20600347492453,1.2967718281916,29.5133814947161,44805.608
4.2062746659809,1.2956715066155,29.5073914892172,44808.343
4.20659218615754,1.29456528710638,29.5090447477843,44811.014
4.20593886602634,1.28386034315204,29.5039319000623,44813.78
4.20617047925869,1.28469655980211,29.5058815760845,44816.468
4.20652007168483,1.2833889537549,29.5140082506785,44819.171
4.20654918324873,1.28862974175941,29.5223089898847,44821.905
4.20714023335795,1.28403130311629,29.5290598763495,44824.577
4.20644639127194,1.27263796102117,29.5345346531061,44827.327
4.20655455051244,1.27456863566088,29.5461177414537,44829.999
4.20605965135043,1.2612435504694,29.5425788910336,44832.764
4.20625873264708,1.26383311655158,29.5486262626786,44835.436
4.20641042183457,1.26336660534214,29.5502567947082,44838.155
4.2068159086754,1.26334158683947,29.5565363849253,44840.827
4.20657056480882,1.25008970988716,29.5501460301012,44843.577
4.20641308955051,1.25150006413865,29.5444242753305,44846.249
4.20668683165374,1.25004064128631,29.54972043877,44848.983
4.2068802717714,1.25419686442364,29.5491225172966,44851.655
4.20718918864768,1.25045502698609,29.5467525098184,44854.374
4.20734974656264,1.24950240863505,29.5512349478688,44857.046
4.20742776741351,1.24937793495892,29.5659332589014,44859.78
4.20803267070855,1.25247165825577,29.5609273027745,44862.452
4.20757793605241,1.23973041196896,29.5619390706495,44865.202
4.20694193522121,1.23009231438562,29.5650839020347,44867.905
4.20622146381135,1.21708180207254,29.5655757138295,44870.655
4.20663278796966,1.21468672670386,29.5651717333636,44873.327
4.20575596416452,1.20689471439743,29.5710609682691,44876.452
4.20611215175973,1.20639623539949,29.5693226771752,44879.28
4.20653154510861,1.20560425962238,29.5744519933544,44882.124
4.20654657334285,1.20661914903163,29.5748049072874,44884.968
4.20683563032162,1.20625184777357,29.5851778889216,44887.796
4.20629878657049,1.19586005298259,29.5829363824645,44890.655
4.20691420367594,1.19513802943607,29.5855908446832,44893.499
4.20678664151321,1.19281358748469,29.5873085801628,44896.343
4.20694122331578,1.19496648883431,29.5876693315109,44899.202
4.20742381462461,1.19360464085063,29.5876662359066,44902.014
4.20747035591257,1.19538178143295,29.5792260436704,44904.827
4.20789084546243,1.19298846788122,29.571677921559,44907.671
4.20734732836743,1.18375823130884,29.5691669839718,44910.546
4.20671532151321,1.16915820617642,29.5659056936714,44913.405
4.20730710919183,1.16949783757036,29.5623582441613,44916.249
4.20728212805267,1.16836192478742,29.5734672140222,44919.077
4.20774070354495,1.16766690147504,29.5635923501048,44921.921
4.20696869638336,1.15911303250612,29.5711253970498,44924.796
4.20649053994614,1.15156565224571,29.5681078955392,44927.639
4.2066211755145,1.14809841101716,29.5616289945868,44930.468
4.20675322253712,1.14979099412207,29.5629342078583,44933.296
4.20714775492584,1.14961400132108,29.5614346433213,44936.139
4.20762839325786,1.1464200482565,29.55579649821,44938.983
4.20670760906063,1.136015456138,29.5612666667598,44941.858
4.20690589805167,1.1369113209855,29.5556168212983,44944.702
4.20734141067872,1.13627938753328,29.5569196299329,44947.546
4.2075203383722,1.13721404052286,29.5526633893095,44950.389
4.20790510815412,1.13701073556364,29.5439031012058,44953.249
4.20723741588836,1.12619885718575,29.5421342020477,44956.124
4.20737783446261,1.12463147334714,29.5399399485192,44958.968
4.20799405912865,1.12317877854526,29.5339962606622,44961.811
4.20714461236209,1.11393872231235,29.5381376004019,44964.686
4.20741641016292,1.11463591675148,29.5257994187528,44967.624
4.20767016710979,1.11329250272961,29.5288827655,44970.499
4.20710471877914,1.10278627822898,29.5343340383491,44973.358
4.20641235254997,1.09450825641463,29.5288518846182,44976.249
4.20643903322085,1.09363575729087,29.5201254435444,44979.093
4.2068816821473,1.09337127558969,29.5224839681653,44981.905
4.20697879232791,1.08952488153605,29.5225890662558,44984.749
4.20720344399745,1.09115896700927,29.5129928069648,44987.577
4.20743518262977,1.09055705198529,29.503897594806,44990.389
4.20801231756258,1.08932030723937,29.5055150850071,44993.233
4.20751796161912,1.08192007402093,29.4988003540457,44996.093
4.2071602383901,1.07986831843993,29.4939393351924,44998.983
4.20758993356363,1.07414514118716,29.4839850037396,45001.827
4.20741302323264,1.07327637544662,29.4886745204376,45004.702
4.2077374770813,1.06939689199429,29.4820226742054,45007.53
4.20683865209166,1.05769379005066,29.475829161845,45010.405
4.20724150070319,1.06192633428016,29.4730580204898,45013.249
4.20738808674932,1.05938440509275,29.4702031722667,45016.077
4.20769811224517,1.06034938414103,29.4696769542252,45018.921
4.20699411342689,1.04977771578252,29.4617248325923,45021.796
4.20733495378757,1.05218250247359,29.4558868364681,45024.624
4.20746605669189,1.04622303223673,29.4447232796634,45027.468
4.20784191507791,1.0469297284725,29.4385728422248,45030.311
4.20705593102351,1.0384531420204,29.4339970073431,45033.186
4.2072817686322,1.0364698751797,29.4274397676927,45036.03
4.20752107095334,1.03922165954053,29.4180900763133,45038.874
4.20764244329208,1.04015285637013,29.4139032517882,45041.718
4.2074835761502,1.02672202452855,29.410152564115,45044.593
4.20705434624482,1.02574092989909,29.4018376564232,45047.436
4.20746444208187,1.02585954335589,29.3996077344731,45050.28
4.20776364801322,1.02209271102146,29.3900105404753,45053.124
4.20788260191136,1.02133083156104,29.3848144693118,45055.983
4.20807093984335,1.02557975346521,29.3814534050561,45058.827
4.20855946360154,1.02652750602861,29.3845034206859,45061.671
4.20802646309617,1.0128162143382,29.374556754296,45064.546
4.20718935605178,1.0038346879336,29.3804894208917,45067.405
4.20735694876796,1.00226381006996,29.379191896749,45070.264
4.2079431739572,1.00326469005687,29.3677668440975,45073.108
4.20785386066586,1.0037759028974,29.359543665712,45075.983
4.2080082945487,1.00065532960415,29.348109571713,45078.858
4.20827979098984,1.00073468467762,29.3293641222054,45081.733
4.20832462529644,1.00154038807868,29.3363828059084,45084.608
4.20874121461831,1.00223287662548,29.3311426106582,45087.436
4.20857102859753,0.994459643717645,29.3043937130161,45090.264
4.20764948609754,0.978109675909202,29.3053082265649,45093.155
4.20682527797179,0.970525707095639,29.303234231519,45096.046
4.20687307332848,0.972534701741895,29.2815610946195,45098.921
4.20711331027189,0.97005469126695,29.2836550198506,45101.796
4.20735747506728,0.969442856001228,29.2806389669106,45104.686
4.20770166020832,0.966707743778798,29.260718842763,45107.499
4.20766732150147,0.967465560594948,29.2450820487055,45110.311
4.20764990864933,0.969326657965783,29.252601541214,45113.171
4.20826025883626,0.969008547346299,29.2524617696547,45116.03
4.2087077162548,0.965163927736509,29.2402619285072,45118.905
4.20779154603402,0.952093514705954,29.2330644702539,45121.811
4.2069327957744,0.949413316494385,29.2194483880127,45124.733
4.20711918360681,0.947491297798673,29.2220106098365,45127.608
4.20754654722286,0.947018318178093,29.2098851773494,45130.499
4.20732354331835,0.949864429575246,29.2028081212602,45133.374
4.20779008127232,0.948555052098484,29.1952797634808,45136.249
4.20801701128738,0.948449981713524,29.1924410992025,45139.139
4.20828494399188,0.947037564249605,29.1815126189801,45142.014
4.20866045296553,0.946621547415953,29.1703851118456,45144.889
4.20776287140904,0.938838273343718,29.1565287815256,45147.733
4.20699568309254,0.928529710874512,29.1459158997736,45150.577
4.20708777842579,0.925571147915997,29.133833189968,45153.421
4.20747953410497,0.925283397885942,29.1392065504697,45156.311
4.2077576249659,0.92310760897169,29.1369337850661,45159.186
4.20790291850667,0.924492898178757,29.1246611361667,45162.061
4.20771718790156,0.923025397967902,29.1162600702424,45164.952
4.20780254920532,0.923840105227316,29.1086770965536,45167.827
4.2082308039492,0.922570431072614,29.1084109905327,45170.718
4.20821829392235,0.922496087798116,29.1173447088367,45173.593
4.20862004919773,0.923653937978904,29.1087266052696,45176.405
4.20779955506628,0.914911535081226,29.0968274133313,45179.233
4.20830935336173,0.914242574645438,29.0793196510483,45182.108
4.20802733326882,0.913222994860169,29.0703542990901,45184.952
4.20842193188082,0.911405685925003,29.0681961537464,45187.78
4.20861369018494,0.912841327411692,29.0582317848689,45190.639
4.20791705737679,0.903113390291686,29.0519454291848,45193.561
4.20816328968258,0.896809751252933,29.0438608106106,45196.436
4.20841397957337,0.89953292789561,29.0228588531599,45199.311
4.20859107507747,0.900564477071917,29.0124743132295,45202.186
4.20780985067322,0.889555809307531,28.9960292700365,45205.03
4.20808048702233,0.889055435713426,28.9952685664007,45207.843
4.20810390446482,0.890425226605919,28.9862128741783,45210.702
4.20830849246398,0.888793853731351,28.976084781813,45213.561
4.20846087364677,0.889951032400145,28.9738013537358,45216.452
4.20885636830441,0.89032684465357,28.9568610092151,45219.327
4.20807614289936,0.878092365367586,28.9498563827913,45222.249
4.20833730858833,0.878069765352639,28.9459074412761,45225.124
4.20851198940888,0.877015859140082,28.9371076757508,45227.999
4.20846579261926,0.873541669476445,28.9266430259962,45230.889
4.20870144212072,0.876163353478847,28.9213908250434,45233.764
4.20788609296677,0.867450873032259,28.9174295986823,45236.671
4.20816882105277,0.866194734127356,28.9067087450523,45239.561
4.20831440322092,0.86309958125085,28.8975613025524,45242.436
4.20837925895818,0.866596499731197,28.890772347937,45245.327
4.20834405863094,0.865710355941346,28.8817084477705,45248.202
4.20874739612029,0.866871491744012,28.8792134263395,45251.077
4.20827103875286,0.860385843300004,28.8644891619643,45253.999
4.20819657812425,0.85374699583758,28.8447988854866,45256.874
4.20817323578774,0.857007486403034,28.837258217917,45259.764
4.20835742331709,0.852633699029766,28.8355205137834,45262.639
4.20877739233906,0.859411295299763,28.8295678739777,45265.858
4.20802269058425,0.841992867864026,28.8230624677226,45268.874
4.20820630091901,0.843523563737229,28.8186577390177,45271.811
4.20843544108566,0.844525044521796,28.8082910804985,45274.733
4.20840875323862,0.843877604602294,28.7967090044005,45277.639
4.20856711649164,0.841914362922299,28.7936093041899,45280.561
4.20775116287399,0.832246071339914,28.7858452412673,45283.499
4.20798045400519,0.831135479352121,28.7803349379045,45286.405
4.20806707276755,0.832602245888836,28.7706304972775,45289.327
4.20822959480159,0.829929730381541,28.7544112397051,45292.233
4.20832926612834,0.829470468901844,28.7435012724173,45295.139
4.20841227054301,0.831248737393684,28.7309158857678,45298.061
4.20861309301892,0.831623642100809,28.7299067024696,45301.061
4.20805690773088,0.823645071801705,28.715469317532,45304.014
4.20798179662019,0.818419930381455,28.7049630122507,45306.936
4.20806080971413,0.820286600360745,28.696461420411,45309.843
4.2081662574932,0.820379353361473,28.6875178088789,45312.764
4.20850514160156,0.816878196152109,28.6706088199134,45315.702
4.20877364618319,0.817421627175141,28.66656981772,45318.639
4.20793208038397,0.810853018589317,28.6535314814608,45321.593
4.20803271334757,0.810288864512843,28.6539944579095,45324.499
4.20822519271181,0.81149278946259,28.6482331997807,45327.468
4.20830874364197,0.81039749797596,28.6430237923635,45330.405
4.20844821971088,0.809395966775103,28.6379201283547,45333.311
4.20867733719584,0.809412420936484,28.6226524320167,45336.218
4.20794808358959,0.800356798802519,28.6096532581998,45339.155
4.2079508909884,0.802355459932964,28.6065655060303,45342.061
4.20819097476788,0.801078517482434,28.5934075315247,45344.983
4.20843528822203,0.799734523342644,28.5925807150619,45347.889
4.20831808955279,0.79853504179826,28.5793803492075,45350.796
4.2086931900646,0.796333584159822,28.5748269483281,45353.718
4.2069977163333,0.776164852538123,28.5681348337596,45356.655
4.2070772086819,0.777841809011928,28.5499788154666,45359.577
4.20706441680928,0.777142524447311,28.5443605200108,45362.483
4.2069317735767,0.778104323665866,28.5392418543468,45365.389
4.20745355711165,0.778110966705308,28.5355304266227,45368.311
4.20682878995829,0.765991223145917,28.5172426025395,45371.249
4.20678396720083,0.769217150291771,28.5056327743366,45374.155
4.20666130264876,0.768727717542026,28.5041971706299,45377.061
4.20693690299748,0.768376861899612,28.4931791287043,45379.983
4.20700733838169,0.765966238259032,28.4856823440831,45382.968
4.20706409081417,0.767998495718598,28.4736479497555,45385.889
4.20730133091549,0.766511138128759,28.4659439468625,45388.796
4.2074867579835,0.76829486675345,28.4594829998872,45391.749
4.20741885406852,0.767362371493831,28.4516672745575,45394.655
4.20744130448342,0.766272443699452,28.4423680840058,45397.577
4.20788619860383,0.76505773652994,28.4300364894498,45400.514
4.2080583530892,0.765465747301389,28.419843264895,45403.436
4.20695213964053,0.755027063351622,28.4251618917982,45406.374
4.20733939457107,0.75584282256947,28.4116625908219,45409.296
4.20647157325745,0.746455311266788,28.4078549190035,45412.264
4.20598965356135,0.736061351552044,28.3897682844669,45415.233
4.20591392654843,0.737153652394354,28.3870402629759,45418.171
4.2057659408523,0.735021478077659,28.3771388298625,45421.093
4.20596513587321,0.735766471869287,28.368183907137,45423.999
4.20509066966874,0.728531566808998,28.3604817338724,45426.952
4.20450257147575,0.713782443072226,28.3518763800743,45429.889
4.20420889722096,0.718199426580529,28.3408772298602,45432.796
4.20385328621676,0.706872404740616,28.3360482876053,45435.764
4.20384700944242,0.706792162820848,28.3291155686216,45438.671
4.20368937587265,0.706796076149554,28.3157883046384,45441.593
4.2029392892797,0.697026678472715,28.3064548245485,45444.53
4.20353132298261,0.708074115538001,28.3032830129223,45447.514
4.20465578059596,0.712709636628461,28.290197372023,45450.468
4.20492413087936,0.718305306699534,28.2834124610794,45453.405
4.20477580023087,0.714174070819156,28.2712053352022,45456.374
4.20490480448972,0.713336924905055,28.2702698146148,45459.296
4.20506733332423,0.71354060122211,28.2542315055016,45462.233
4.20507999643879,0.715752768035777,28.2520392365016,45465.139
4.20545439060146,0.715709633383786,28.2396727356767,45468.061
4.20550766924253,0.714401971043589,28.2307483400996,45470.968
4.20577916608595,0.715773382428,28.2259694392709,45473.889
4.20547703533439,0.714049181326696,28.2239635090384,45476.796
4.20599498103856,0.713152677974465,28.2239364224355,45479.718
4.2060463694794,0.712964171295279,28.2182093503116,45482.686
4.20598771635758,0.715677511822735,28.2045605494547,45485.702
4.20627409098163,0.712893030567135,28.1990243770034,45488.686
4.20667899085657,0.715947145539842,28.1957797425682,45491.639
4.20634774180415,0.712175626360093,28.1813276791795,45494.546
4.20645697382505,0.71127549141002,28.1819303834021,45497.483
4.20681089208973,0.713083855250922,28.16725524606,45500.468
4.20695851641915,0.710616841436386,28.1443547928801,45503.421
4.20625471893872,0.702250973381522,28.1269687999182,45506.374
4.20572970416363,0.690156248230036,28.1224674660592,45509.311
4.20462287550871,0.683733094842437,28.1070031120508,45512.264
4.20504188495153,0.680633105450737,28.1022142220607,45515.186
4.20471531011278,0.68144219134903,28.0975168324889,45518.108
4.20508801959754,0.68312783321631,28.094771666583,45521.014
4.20500662901368,0.685369962744906,28.0928897334993,45523.921
4.20493569404999,0.68187518166662,28.0802077093297,45526.843
4.20513823082882,0.679794997411115,28.0737665030383,45529.749
4.2050150609909,0.682153433719006,28.0590505515353,45532.671
4.20530715524216,0.683203658627158,28.0553207668343,45535.593
4.20558149058621,0.681298550245953,28.0467502162472,45538.499
4.20548421469501,0.684395021468977,28.0416691677814,45541.421
4.20565095947483,0.680395262356384,28.0325330414288,45544.358
4.20549972473095,0.678077868084959,28.029213169343,45547.28
4.20594582029558,0.679514519218074,28.0152482806705,45550.186
4.20543676703753,0.669963603041801,28.0111819350024,45553.139
4.20419918224514,0.659753615891016,28.0048215429122,45556.061
4.20438346648279,0.658183097369412,27.9985511628771,45558.968
4.20452290582025,0.658666421835266,27.9917937997051,45561.889
4.20449965846864,0.658468207454076,27.985560869408,45564.796
4.20459126058884,0.661156834138464,27.9767531138589,45567.702
4.20402752554692,0.65024561265315,27.9692340203548,45570.639
4.20322582076907,0.640488020261126,27.9509172575636,45573.624
4.20397501305436,0.649420064419425,27.9530531879596,45576.624
4.20491744894331,0.659797203272817,27.9423376107395,45579.671
4.20417146972585,0.6501664711849,27.9233133232657,45582.624
4.20505877872547,0.656936475391721,27.9231674777091,45585.593
4.20444544939977,0.64985495570115,27.9149995496977,45588.577
4.20371610549235,0.638401209362444,27.9071937507102,45591.53
4.20347213644571,0.641183879056881,27.9008164503939,45594.452
4.20370560694255,0.636897656332742,27.8870706425291,45597.374
4.2036704756528,0.639131818137572,27.8883024135636,45600.296
4.20373618725969,0.640557745938292,27.8714929345994,45603.202
4.20419020373138,0.639249610860429,27.8633302610947,45606.124
4.20405323065693,0.64245763831123,27.8650159702771,45609.03
4.20418090672163,0.639778120906838,27.8526249020157,45611.936
4.2043994061043,0.639226499084244,27.8492118200768,45614.843
4.20437150390683,0.638929278542069,27.8369819659,45617.764
4.20424080280956,0.635636525506401,27.8260521653881,45620.686
4.20471519964429,0.637273676253989,27.822712464119,45623.624
4.20368400766262,0.630788392328313,27.8190562671942,45626.593
4.20394057114829,0.620276444923869,27.8157709879542,45629.514
4.20450129230599,0.635869893330382,27.795771768823,45632.499
4.20485087217785,0.637160012554621,27.8020368940633,45635.421
4.20495519911788,0.633625908065466,27.7905445556414,45638.327
4.20515781137956,0.63816084113211,27.7673098189136,45641.249
4.20518469835982,0.637435547827304,27.7672132083585,45644.155
4.20539102615608,0.636322810517342,27.7672387936375,45647.077
4.20462920487293,0.624985166629906,27.7548427510393,45650.014
4.2038881922606,0.614376804044045,27.7532038714105,45652.968
4.20245014347816,0.604271762362203,27.7379429421127,45655.905
4.20306258935538,0.603409844333095,27.7271801946738,45658.889
4.20388235896975,0.615142960158212,27.715864825293,45661.843
4.20325075510904,0.610234001992278,27.7100769729613,45664.796
4.20306150065642,0.59977218302516,27.7001332285038,45667.733
4.20366784670609,0.609008441904807,27.6998918786874,45670.733
4.20338223564517,0.599507167972449,27.6948646141908,45673.764
4.20371257742257,0.607831607567293,27.6833107942961,45676.796
4.20345601219444,0.603869373300071,27.6863809538116,45679.796
4.20430648453503,0.613262186010216,27.6659868110209,45682.811
4.20373328153176,0.604150096029868,27.6554214828431,45685.843
4.20397157633869,0.600565513796638,27.6552252833704,45688.874
4.20428731955463,0.605886806944076,27.6563169001384,45691.843
4.20401342093447,0.606673939078381,27.6567358700589,45694.889
4.20388903179522,0.599668769784619,27.6477503479738,45697.858
4.20458135321417,0.604141368635514,27.6409504887697,45700.811
4.20467039285191,0.601198970723447,27.6285614996725,45703.827
4.20353734779185,0.596670684326993,27.6116470523274,45706.811
4.20465995693655,0.60600148207718,27.6078584624277,45709.843
4.20480261200266,0.594002724732605,27.6045229150486,45712.858
4.20379457725769,0.593614430515918,27.5865449849085,45715.905
4.20494043643132,0.602002017159518,27.5777265467711,45718.936
4.20384675323962,0.592357325065836,27.5706419020878,45721.968
4.20315750426848,0.583605695990646,27.5691050304886,45724.952
4.20357504369612,0.582790504557324,27.5595907637318,45727.874
4.20334837135549,0.582905283485267,27.5494261276894,45730.796
4.20343089867015,0.582459119384222,27.538176678767,45733.702
4.20345565745878,0.584611875735092,27.5284843847908,45736.624
4.2035573439382,0.580377978369999,27.5247912240279,45739.53
4.20368360185919,0.584345716362863,27.5310905283645,45742.436
4.20371511673956,0.582830304830272,27.5186417228146,45745.358
4.20376448793032,0.581329006722683,27.5087690870325,45748.264
4.20404295017615,0.58350056718893,27.5074239792917,45751.186
4.20372827644988,0.579294756952199,27.4958831461527,45754.093
4.20426932971759,0.5803282444802,27.484331665859,45757.046
4.20438140452247,0.580180417441932,27.4851481166256,45759.952
4.20446277247708,0.58292863299309,27.4771384295596,45762.874
4.20461537052344,0.583584099962016,27.4703706645459,45765.78
4.20396045786464,0.570079122245338,27.4607875830638,45768.718
4.20387400771048,0.571682863873912,27.464102865753,45771.639
4.20374781233952,0.573389160753395,27.4596078103976,45774.546
4.20392427831425,0.572570375082638,27.451808253656,45777.452
4.20422466147568,0.56862797770263,27.4423080547152,45780.358
4.20398349982621,0.567869057050488,27.4326282829838,45783.264
4.20425905450413,0.572946061301963,27.4214533661479,45786.186
4.20457929432941,0.57072961368344,27.4190130412932,45789.108
4.20350293934143,0.565120343961777,27.4100601382102,45792.046
4.20358555432506,0.558416280441923,27.3999074401021,45794.952
4.20379622950663,0.559009097487066,27.3935763672156,45797.858
4.20358564130747,0.558968984927653,27.3814289411489,45800.78
4.20374760764451,0.564430505193934,27.3787329548026,45803.686
4.20393238351998,0.561330554066674,27.3731261578219,45806.671
4.20402866389571,0.558396889033131,27.3660593800153,45809.577
4.20406882330558,0.559239067599915,27.3637006009095,45812.514
4.20417631907667,0.551416691440805,27.3525008030045,45815.436
4.20421017743695,0.556857307573235,27.3558057256108,45818.343
4.20454820650552,0.560710226221588,27.3427124982558,45821.264
4.20450112387944,0.556359446153539,27.3424955913482,45824.171
4.20438622894988,0.553634905673759,27.3379018598635,45827.093
4.20426190385046,0.558542577703286,27.3386936912961,45830.014
4.20490581978233,0.551772607870994,27.3230935877856,45832.921
4.20431735800404,0.551721663869686,27.3126968652187,45835.889
4.20431928065362,0.550425444052613,27.3003709455163,45838.827
4.20402312914817,0.547426065753699,27.3010203192443,45841.764
4.20446907579291,0.547639596408229,27.2848003287427,45844.749
4.20370203421151,0.54741070980538,27.2790034139915,45847.78
4.20530588752057,0.556244735859433,27.2820533034711,45850.733
4.20464099874472,0.546118135553021,27.2683862787608,45853.671
4.20453930574033,0.548050575005581,27.2598546589253,45856.624
4.2045713720162,0.546130737682452,27.2565539277025,45859.608
4.20360321288748,0.538169817440923,27.2399801642688,45862.546
4.20393784591434,0.538592257978637,27.24757030067,45865.468
4.20415915653991,0.538348487501036,27.2245668299668,45868.374
4.20405241659786,0.536671425252119,27.234770840801,45871.296
4.20423158226625,0.537545888446405,27.2323669317024,45874.202
4.20390697308157,0.539240720020878,27.2177085002496,45877.124
4.20461949104293,0.539166487361606,27.2120239873287,45880.03
4.20366216882273,0.526689980273106,27.2045511864391,45882.968
4.20372079315508,0.526628145538636,27.1957166869463,45885.889
4.20374428498797,0.526023836147987,27.1887434786506,45888.796
4.20370018805358,0.526019311500187,27.1873683900422,45891.718
4.20368850980232,0.528816527225321,27.1758356387656,45894.639
4.20391609720031,0.526512463364223,27.1688052433301,45897.546
4.20396102518877,0.523098953379702,27.1670680494127,45900.468
4.20411762548766,0.527313718021707,27.1567695931173,45903.374
4.20408668351886,0.526718202475065,27.1561937421637,45906.296
4.20421634777825,0.525733569929561,27.1428857613848,45909.202
4.20413991859902,0.52190249710488,27.1399573298664,45912.124
4.2043414368792,0.526588617469868,27.1419342278776,45915.061
4.20440743618315,0.526480966362306,27.1270693056673,45917.983
4.20450770373801,0.528742518594015,27.1278463949224,45920.889
4.20477260639049,0.524736856280579,27.1163242845951,45923.811
4.20382818439032,0.515138547987321,27.1167560031158,45926.749
4.20407343473379,0.514019922379655,27.1089225400995,45929.671
4.2037632232337,0.511155527708456,27.1034957953806,45932.593
4.2040824239808,0.513445820042918,27.0990570598325,45935.499
4.20401415817993,0.514197460423207,27.0852022102219,45938.405
4.20429555678025,0.515322449502599,27.0829069798046,45941.327
4.2043589030424,0.51465611286229,27.0745093048157,45944.249
4.20418328193889,0.510843499280497,27.0691668219098,45947.155
4.20448666835813,0.513139520748785,27.0664108183888,45950.061
4.20451432721689,0.512626514078937,27.0673096600846,45952.983
4.20451134592936,0.512149451086905,27.0633454402233,45955.889
4.20461696233252,0.514331243196605,27.0485100077903,45958.843
4.20495957593401,0.513874737844155,27.0450439445484,45961.749
4.20475271437402,0.511931506367319,27.0449920146349,45964.655
4.20509982360155,0.510672861147674,27.0448653703201,45967.577
4.204865746373,0.512469692442737,27.0261160087017,45970.483
4.20514896596849,0.513175300885775,27.0260375716116,45973.389
4.20568931758658,0.510765058034273,27.0201845348364,45976.311
4.20444928528116,0.502589761720573,27.014761996178,45979.249
4.20475310472744,0.503646708063715,27.0113506819409,45982.186
4.20379075489442,0.492660587761464,27.0015713394711,45985.139
4.20382889803417,0.491636047165798,27.0025852244396,45988.061
4.20358224057096,0.49159498978248,26.9939254450384,45990.968
4.2040858850693,0.491326662759382,26.9892638936684,45993.889
4.20387653304296,0.492552461777115,26.988497599109,45996.796
4.20383393522237,0.493629623941294,26.9827397405834,45999.702
4.20377413157324,0.492811034837938,26.972168163846,46002.608
4.20411549990822,0.48933821291274,26.9699601960282,46005.53
4.20410414360892,0.49217409873636,26.9604078877212,46008.436
4.20431157595784,0.490391595605513,26.9477899862137,46011.343
4.20401935098421,0.491155261798302,26.9454281094289,46014.249
4.20439531801846,0.48986461050782,26.9435028708633,46017.202
4.20438626044479,0.491082235731506,26.9394486616377,46020.108
4.20432858655852,0.49467340652127,26.9284847667576,46023.03
4.20479393310126,0.488944276274225,26.9150552131318,46025.936
4.20473967792794,0.487106619089657,26.9123387727257,46028.858
4.20472161946213,0.489947947080259,26.9031941645183,46031.764
4.20488327217654,0.488548132545046,26.9036205795225,46034.686
4.20473996252404,0.49247887810459,26.8883688891814,46037.593
4.20502901896904,0.489497142275203,26.881721844731,46040.499
4.20508412765939,0.488340705662378,26.8791462257868,46043.421
4.20529196885814,0.486456192265391,26.8800643955414,46046.327
4.20558912412294,0.487091685313945,26.8736466131417,46049.249
4.20441155200287,0.480368950456035,26.8670472824779,46052.186
4.20450421380631,0.478454535347686,26.8687491603273,46055.108
4.20463720709879,0.482537942006804,26.8620615106289,46058.03
4.20404360600762,0.470391546283449,26.8534780522666,46060.968
4.20398588609508,0.468602527692296,26.8434993924973,46063.889
4.20406137855433,0.470737632654909,26.8452977195819,46066.874
4.20383590934001,0.468529508312179,26.8377357654337,46069.921
4.20398648664089,0.467480423754488,26.823370009515,46072.936
4.20406582862355,0.469569327785069,26.8241114207881,46075.921
4.20389192229824,0.469124800153627,26.8186781851162,46078.858
4.2042312808489,0.468126588242962,26.8145319797503,46081.764
4.20431223797074,0.467962869253113,26.8198676614254,46084.671
4.20446954902236,0.469055784350431,26.8119931107165,46087.593
4.20430710964201,0.468616376256452,26.8093307810718,46090.499
4.20456687801718,0.470165608134216,26.7964279382401,46093.421
4.20368233910175,0.459442314073631,26.7988939309833,46096.358
4.20392826543579,0.457926546087671,26.7852467919717,46099.374
4.20372737351819,0.456197595572602,26.7803481986583,46102.311
4.20404262213215,0.458864913129658,26.771832548246,46105.264
4.20389118202568,0.457566716194847,26.7747818289548,46108.296
4.20387171232122,0.456729469397324,26.7693187063284,46111.218
4.20410143983351,0.459686401023477,26.7621527478893,46114.124
4.20426127294364,0.455827335181344,26.7468038376353,46117.046
4.20421485782457,0.458775214067916,26.7429648093276,46119.968
4.20424694538062,0.45726925313512,26.7469254269725,46122.874
4.20423830378803,0.455645614318662,26.7459691524903,46125.796
4.2042862478454,0.460106565842051,26.7282307219049,46128.702
4.20458963602479,0.455709411754875,26.7333463456584,46131.608
4.20448298939337,0.456553828305234,26.7306005745721,46134.53
4.20454006641998,0.453429317550605,26.730509925121,46137.436
4.20469580443114,0.45727441869113,26.7268394903044,46140.389
4.20483897149717,0.455104709503877,26.7207458027921,46143.296
4.2048823010671,0.456462965504447,26.7155055342327,46146.218
4.20514091542364,0.459244727843185,26.7069993297552,46149.124
4.20479976615699,0.459747358485757,26.6941353434113,46152.046
4.20517775008882,0.455354917280438,26.684882438319,46154.968
4.20499518431798,0.454216430447352,26.6833426994199,46157.874
4.20528220785823,0.453585377950286,26.6817877428004,46160.78
4.2053047068184,0.454273192631755,26.6857414870703,46163.686
4.20533569249408,0.453594478400838,26.6772094317139,46166.608
4.20528850724178,0.456465342554928,26.679603089579,46169.514
4.20570581720749,0.454888782533913,26.662176763312,46172.436
4.20477012981247,0.447423779741739,26.6666408579837,46175.374
4.20408210943914,0.434287129085568,26.6519616164102,46178.327
4.20377634460135,0.432426546633442,26.647178447269,46181.233
4.20400304588414,0.435053223055861,26.640804499451,46184.155
4.20391562348122,0.434795390404302,26.6381897830153,46187.061
4.204242045129,0.436583666200409,26.632606272175,46189.983
4.20421249209215,0.438838663206539,26.633015607857,46192.889
4.20407298925039,0.435605215627309,26.6253918928702,46195.796
4.20404531973394,0.435278514031702,26.6115789205127,46198.702
4.20443472763312,0.43502920733598,26.6086468981749,46201.624
4.2040564014307,0.433036948347989,26.6035923165773,46204.53
4.20430014125438,0.433415978452272,26.6042372816579,46207.436
4.20458103185367,0.43517552653394,26.5960073142397,46210.389
4.20441428047092,0.433340951816223,26.6021302534084,46213.296
4.20448402271276,0.434116474925675,26.5978829061813,46216.218
4.2045854366755,0.432739546860305,26.5917928573437,46219.124
4.20477566381737,0.432111633318965,26.5975592798908,46222.03
4.20461160582164,0.436054000406324,26.5859310849229,46224.952
4.20481345340333,0.434873872447441,26.5814113677931,46227.858
4.20487621061764,0.434441630521765,26.5737233198856,46230.78
4.20512323569556,0.432688878570253,26.5647798902434,46233.702
4.204963962589,0.431875240314199,26.559909263339,46236.608
4.20522205860188,0.432044686746998,26.5516184458378,46239.514
4.20495972269401,0.432448735994121,26.5381930632511,46242.421
4.20525414301318,0.431524241116129,26.5388806755674,46245.358
4.20539158677975,0.433390144636474,26.5355246174244,46248.28
4.20555470787647,0.435081413001098,26.5347140463418,46251.186
4.20479362340995,0.422376700225151,26.5194792631829,46254.124
4.2040711600892,0.411229733391278,26.517657818581,46257.061
4.20382751380633,0.412323776093054,26.5227431553256,46259.983
4.20399504239025,0.410873435058298,26.5153139417571,46262.889
4.20406437639719,0.411102377709865,26.5102052169492,46265.811
4.20393081352072,0.411524558900484,26.505630740699,46268.718
4.20361458674244,0.413992296881525,26.4950440101507,46271.624
4.20419179291382,0.412473062454498,26.4861273888559,46274.53
4.20406877925373,0.408742055125229,26.4889834577092,46277.452
4.20418228052962,0.412653843327588,26.48555821877,46280.358
4.2041099760416,0.413697017800378,26.4790448587587,46283.264
4.20387850386938,0.412056444305709,26.4805909055516,46286.171
4.2044607773261,0.412267938857128,26.4657469272237,46289.108
4.20445553762231,0.409799486394218,26.4579544924093,46292.03
4.20388703791525,0.414157185607866,26.4618367093401,46294.936
4.2038185646126,0.409006048783476,26.4438730536713,46297.843
4.20454614564063,0.407720051357282,26.4433958541475,46300.764
4.20470305681276,0.402393619150773,26.4438848510994,46303.671
4.20500076911668,0.41467362215234,26.4389061350222,46306.593
4.20453106461636,0.410987122805968,26.4348194132594,46309.499
4.2050780707598,0.406283061626273,26.435457613072,46312.421
4.20524817994171,0.411654557560359,26.4226694399062,46315.327
4.20508937624663,0.40981557652035,26.4250031770414,46318.233
4.2052383681684,0.409235048309014,26.4161741840725,46321.155
4.20552579309489,0.406586781089222,26.4088569737383,46324.077
4.20516326191178,0.410304956619116,26.4090043594796,46326.983
4.20520283621608,0.414656947440866,26.4037118859443,46329.889
4.20526959227089,0.409325798162472,26.4015775475136,46332.811
4.20504085833863,0.415025164652299,26.3903773609129,46335.718
4.20541590579913,0.410314924390197,26.3938912168391,46338.624
4.20514651497192,0.411710208572264,26.3854675209604,46341.546
4.2058580808129,0.403068658328574,26.3829572630215,46344.452
4.20480139493789,0.399208263899987,26.3825646205325,46347.389
4.20490380692056,0.398108982051422,26.3741269925713,46350.311
4.20463842018992,0.400658893142424,26.3693343292709,46353.218
4.20482464006456,0.392960831786983,26.3683380509059,46356.124
4.20507108401595,0.398272303583429,26.3618584030769,46359.046
4.20479761019828,0.398160660396783,26.364791128395,46361.952
4.2050753846962,0.400839922232232,26.3635204042846,46364.874
4.20503512542386,0.397362431116578,26.3636144285251,46367.78
4.20520890055317,0.398815338543947,26.3494049451209,46370.702
4.20506853191757,0.39699589155848,26.354182794222,46373.608
4.20560317884556,0.393716527205903,26.3521595122794,46376.561
4.2046653342384,0.388089512496289,26.34259719683,46379.53
4.20436704079871,0.390728007590648,26.3364001915717,46382.483
4.20456753953065,0.388734719814749,26.3331173032881,46385.546
4.20465718853659,0.388540945432626,26.3253761924845,46388.546
4.20486626378173,0.390185733167759,26.3225810006906,46391.468
4.20437168026112,0.388181828876041,26.3135032285046,46394.389
4.20469294596327,0.387417204660557,26.3084743071371,46397.296
4.20511031582128,0.387620702677159,26.2992168206036,46400.218
4.20516540929696,0.386119382348291,26.3029116798743,46403.124
4.20505099802123,0.388966364489002,26.2958848454272,46406.046
4.20505226803298,0.387921007656705,26.2951537330508,46408.952
4.20501678598955,0.386772006357549,26.2827654411473,46411.874
4.20517722512585,0.383506268953811,26.2889939971806,46414.78
4.20518718614493,0.386702040342529,26.2810205454536,46417.702
4.20568714382077,0.386436557599262,26.2766387883356,46420.624
4.20427872600781,0.379240915910459,26.2709356702117,46423.561
4.20439465363615,0.377496388918718,26.2724623476308,46426.561
4.20460600740584,0.374402329163745,26.2724505710884,46429.53
4.20449205723716,0.374374785818875,26.2609128765943,46432.452
4.20470367708272,0.376087041766485,26.2586509263568,46435.421
4.20462348769371,0.379834799471164,26.2504300975443,46438.327
4.2044768816965,0.37873894794505,26.2454753803273,46441.249
4.20481100115475,0.380966846923743,26.2401639350852,46444.155
4.20477189490563,0.37928990810274,26.234610063693,46447.077
4.20469129854735,0.377899672487209,26.2325144107788,46449.983
4.20476190153055,0.375492378281985,26.2276780250879,46452.905
4.20487839127417,0.376899609866073,26.2283845338761,46455.811
4.20494444807689,0.373933527710023,26.2307561569397,46458.733
4.20483405265913,0.378905342139674,26.2234806597264,46461.655
4.2049282523203,0.376049214462989,26.2223729145982,46464.561
4.20503678024667,0.376261520592661,26.2037854517009,46467.483
4.20504766549072,0.376371440188368,26.2113866825506,46470.389
4.20524472790359,0.37276300107477,26.2091556424124,46473.296
4.20532662337242,0.375671041646434,26.1969598250101,46476.218
4.20539725435549,0.372453543184139,26.1967942303602,46479.139
4.20561261109659,0.373790554710912,26.1981354587543,46482.061
4.20464497122641,0.364514845439121,26.1936571382825,46484.999
4.20477409343111,0.367030941479651,26.1884979375157,46487.905
4.20481394203096,0.365027035675223,26.193842085448,46490.827
4.20483767730409,0.365698880389996,26.1836674995475,46493.733
4.20491742370437,0.360268900357011,26.1788443747732,46496.655
4.20492878938578,0.363662786131377,26.1662336403109,46499.577
4.20494820636127,0.366828676727025,26.1612234675579,46502.483
4.20510678287019,0.365964516244401,26.165067801879,46505.405
4.2050660784778,0.368052962704843,26.1596721030341,46508.311
4.20508963835211,0.36301749656974,26.1473227605642,46511.233
4.20517238473929,0.363289673240513,26.1445914327714,46514.139
4.20509308395914,0.365175278354601,26.1410469282712,46517.093
4.20516082573838,0.366247236570194,26.1389366445876,46519.999
4.20529435673288,0.364782986026135,26.1376674657931,46522.921
4.20530440256955,0.365537813840299,26.1266762190477,46525.843
4.20558508372211,0.365025850813304,26.1197247328014,46528.749
4.20471999602874,0.356301217532077,26.1193565631708,46531.686
4.20467901514826,0.353628948203515,26.1136071932789,46534.608
4.20465039584926,0.35525972975289,26.1123946947126,46537.53
4.20474064885419,0.35872961598498,26.1116154895219,46540.436
4.20472633039698,0.355848502686453,26.1120662040695,46543.358
4.2049253820096,0.355670884515792,26.1123328871914,46546.264
4.20479250662832,0.353070655450212,26.1041295894711,46549.186
4.20487862999497,0.352627196606837,26.0939611982944,46552.108
4.20480322393747,0.35392489531533,26.0967065978911,46555.014
4.205050332296,0.355149445122181,26.0883337150987,46557.936
4.20485019344749,0.352589778310732,26.0870886401547,46560.843
4.20507766810761,0.35591121330061,26.0913922021539,46563.796
4.20501796303835,0.357000198169902,26.0847528209168,46566.702
4.20495569831327,0.355674077085717,26.0887453932945,46569.624
4.20509149765074,0.354037855095541,26.0771630563561,46572.53
4.20534602357044,0.351912944526835,26.0760768876114,46575.452
4.20522248604157,0.354476813587994,26.0755381307136,46578.358
4.20530292285051,0.35366591254249,26.0660298827948,46581.28
4.20550863261391,0.352100037884775,26.0650871481341,46584.186
4.20535846416182,0.351813494062407,26.0615968485194,46587.108
4.20554988919251,0.354085259556634,26.0507292931278,46590.014
4.20564671287011,0.353109514682084,26.0514927342571,46592.936
4.20471882296954,0.342917052703003,26.0405889607068,46595.874
4.20478464475691,0.341787723174002,26.0432250147105,46598.78
4.20489886811559,0.343682453932433,26.033909661927,46601.686
4.2049783387562,0.34390924518389,26.0354483144352,46604.608
4.2049321553648,0.342027183231391,26.0406785876255,46607.514
4.20493211453695,0.342943870213969,26.02910581378,46610.436
4.20501941451615,0.341774301134291,26.0214095657063,46613.343
4.20505011778086,0.342525289589327,26.0111524712162,46616.264
4.20507895953417,0.34195637877768,26.0081274484363,46619.171
4.20506211761672,0.342986194369244,26.0061811958566,46622.077
4.20508582699768,0.343977035927502,26.0064549146843,46624.999
4.20517289050901,0.340077414730536,26.0025145490522,46627.936
4.20530401761109,0.342449687169536,26.000286207422,46630.843
4.20524628561685,0.342842380936698,25.9936749579923,46633.764
4.20524664912883,0.341512501534433,25.9958622235458,46636.671
4.20525225473661,0.340177940737017,25.9872110393683,46639.577
4.20551488256282,0.342993606085855,25.9800215333633,46642.499
4.2055899941437,0.343389740543422,25.9791820998288,46645.421
4.2047200064968,0.32976474478124,25.9791339298109,46648.358
4.2047637461374,0.335632496817923,25.9762245654216,46651.264
4.20473184677015,0.333026631683134,25.9740806521456,46654.171
4.20476131361101,0.329170469109491,25.964185322761,46657.093
4.20486691327483,0.329619635907591,25.9655705375038,46659.999
4.20499748927738,0.332181715299613,25.9584372018704,46662.921
4.20519469130544,0.331622778318785,25.9550185561419,46665.827
4.20493745639576,0.332719731190135,25.958581590013,46668.733
4.2050179042906,0.329450947046074,25.9505547033601,46671.655
4.20511672273234,0.33227095949507,25.9491816877979,46674.561
4.20507477195534,0.328243630840622,25.9343373335898,46677.468
4.20509927391103,0.328560853282124,25.9344701893046,46680.421
4.2051816838419,0.330673360735195,25.934194562986,46683.327
4.20548523063594,0.330012435645644,25.9383646173972,46686.233
4.20525532513665,0.329891595265876,25.9283357336666,46689.155
4.20532270767218,0.330167676439387,25.9224739659426,46692.061
4.20539757959365,0.331334184832457,25.9181359312542,46694.983
4.20536580536474,0.327464335815091,25.9168809064019,46697.889
4.20555724087445,0.330543381451339,25.912770846017,46700.811
4.20487881121046,0.318763089982774,25.909526909124,46703.749
4.20487159478807,0.320541841288374,25.9021136152896,46706.655
4.20461173970149,0.320612500537603,25.8955820008568,46709.577
4.2051031639637,0.321962109173362,25.900521706152,46712.483
4.20472420478874,0.322295100452883,25.8974879285115,46715.389
4.20467819598503,0.321465776263932,25.8943018297854,46718.296
4.2050097413789,0.319501660287104,25.8871681342428,46721.218
4.20471585684237,0.319008310067938,25.8765017693141,46724.124
4.20497747328073,0.321034041081037,25.8809927145869,46727.046
4.20495546319126,0.319186142540803,25.8726360756021,46729.952
4.205021134934,0.320579756842792,25.8648324377788,46732.858
4.20525197550408,0.322587264541368,25.8665256387898,46735.796
4.20526387368955,0.320528600671522,25.8607718377483,46738.718
4.20517782107164,0.320364462536338,25.8547857520693,46741.624
4.2052565975341,0.32197127320984,25.8616264550131,46744.53
4.20555522094741,0.318773067018607,25.8455023649691,46747.436
4.20456086974989,0.311764634316853,25.8494495294471,46750.374
4.20435508243197,0.308366710797722,25.8480461899298,46753.28
4.2046759707047,0.30851283430066,25.8513899068214,46756.202
4.20463311116811,0.309725588189236,25.8386450092923,46759.108
4.20461102808973,0.310495121497647,25.8401355002531,46762.014
4.20453189343039,0.311730735552951,25.8354289396671,46764.936
4.20446130012671,0.309572313062086,25.8387810825363,46767.843
4.20471833687081,0.309835221382618,25.8299703137826,46770.749
4.2048544700634,0.305964985291139,25.8262306171289,46773.655
4.20467622126897,0.309330012131427,25.8190819322015,46776.577
4.20464556871149,0.30568478262346,25.8137590844178,46779.483
4.20496389764041,0.310017414562444,25.8077170774964,46782.421
4.2049162011151,0.311164137486184,25.8116994346551,46785.343
4.20486142319739,0.307137222574571,25.8144125967419,46788.249
4.20471877782248,0.307925524955627,25.8068597256963,46791.171
4.20480634872201,0.306997046212535,25.7955206036,46794.077
4.20485169344644,0.309384120055652,25.7959822930152,46796.983
4.20485444010592,0.308430022264262,25.799722020373,46799.905
4.20500324497266,0.311097871563798,25.792514244117,46802.811
4.20504820834086,0.306798346345305,25.7921607427229,46805.733
4.20503333765994,0.306776877272636,25.7848868291046,46808.639
4.20530558006052,0.308913048176906,25.7855307799256,46811.546
4.20523673095535,0.307210924491788,25.7807339341938,46814.468
4.20517123024311,0.307126038902969,25.7784038022318,46817.389
4.20531769782954,0.309882356857135,25.7675351226673,46820.296
4.20536898159214,0.308325316402004,25.7727799966439,46823.218
4.20555545792129,0.307143580162507,25.7644727460412,46826.155
4.20439824018012,0.297900733846071,25.7631058224944,46829.171
4.20454331197835,0.298920142119327,25.7464969850331,46832.093
4.20464935858486,0.301337960423187,25.7477799901674,46835.014
4.20456162963593,0.299140334450162,25.7453309272997,46837.921
4.20490725848263,0.296773504251739,25.7421134720816,46840.843
4.20461820896976,0.298409045917428,25.751220559745,46843.749
4.20472304869159,0.296742054359902,25.7431943934088,46846.655
4.20465875226067,0.295795141263192,25.7383875166138,46849.577
4.20490978087165,0.296424389191217,25.7445757937944,46852.483
4.20483729845601,0.297680558048301,25.7341435463342,46855.389
4.20499943268439,0.297772511590271,25.7301340639453,46858.296
4.20494275231806,0.297518523660064,25.7217623611654,46861.233
4.20481679258521,0.296772073975444,25.720815399018,46864.139
4.20492834373658,0.298693265022157,25.7219084721841,46867.061
4.20503670637061,0.297091087628322,25.7263370839557,46869.968
4.20486031450255,0.296183835375124,25.7175760377509,46872.889
4.20531255959604,0.293208417176911,25.7153787431973,46875.796
4.20512606969866,0.298330224361915,25.7202475155313,46878.718
4.20529333793713,0.29513660104365,25.7085808918316,46881.624
4.20528259220545,0.295588690327247,25.7038939134409,46884.561
4.20545586041774,0.298711725393239,25.7031062579009,46887.483
4.20536256916439,0.297739625508258,25.6903885069686,46890.436
4.20542878219159,0.294911819728907,25.6915622698696,46893.405
4.20544891488545,0.297732678686269,25.6942942453382,46896.327
4.20556202797808,0.296863005951292,25.6858384724312,46899.233
4.20457752061336,0.285996593555315,25.6820446702324,46902.186
4.20475416607509,0.285316978470974,25.6733300751508,46905.093
4.20481612561225,0.287195353966591,25.6804111995686,46907.999
4.20469563578725,0.287264530762612,25.6715669567762,46910.905
4.20463433141571,0.28426961349396,25.6695469101542,46913.827
4.2049348705378,0.288844758080426,25.6710195047527,46916.733
4.20486875550896,0.288427967476868,25.6687798578575,46919.639
4.20478662632627,0.286521240300693,25.6677873455865,46922.546
4.20506017757921,0.28760218844726,25.6584235656077,46925.468
4.20475036519179,0.288562247634012,25.6525190950308,46928.374
4.20499565667302,0.286273199716208,25.65192082425,46931.296
4.20506096618966,0.28756236140948,25.6501631952312,46934.233
4.205149763245,0.286908504331924,25.6499245732634,46937.139
4.20492643407314,0.284807207675996,25.6437464446087,46940.046
4.20509425746643,0.285004982840971,25.6484476236925,46942.952
4.20488294901411,0.287255143321555,25.6407292262526,46945.874
4.20529284247942,0.285699323972316,25.6397014279485,46948.78
4.20529814872969,0.284708059018445,25.6349814256452,46951.686
4.20526354959082,0.286079450733514,25.6318252758323,46954.608
4.20562924993532,0.290902195314701,25.6300383820237,46957.514
4.20534416954384,0.283898103247288,25.6286695593579,46960.421
4.20542413783503,0.287304639843382,25.6236488002813,46963.327
4.20546773316675,0.284485083966802,25.6198887363974,46966.249
4.20565404484765,0.285685922131695,25.6167706887935,46969.171
4.20557813590748,0.285291021199992,25.610157464791,46972.077
4.20570442187766,0.285642580937984,25.6163725557018,46974.983
4.20585321008829,0.284462494859818,25.61106451155,46977.905
4.20568905100563,0.282121572784769,25.6066694581922,46980.811
4.20573027711134,0.285775735361876,25.5977063528658,46983.718
4.20604459839595,0.284560553157923,25.5982112406896,46986.639
4.206019793878,0.283600813958013,25.6031589462256,46989.546
4.20600333938125,0.281814558621529,25.5957711294698,46992.468
4.20590035055298,0.283436570060718,25.6007555057977,46995.374
4.20612040192191,0.286171732461193,25.6067776104091,46998.28
4.20605859046764,0.283909907110191,25.5945840916647,47001.202
4.20604392284378,0.284677906437016,25.5910241972737,47004.124
4.20608745436811,0.284753831581854,25.5866149192616,47007.03
4.20613935123899,0.283060056905082,25.5890934508375,47009.936
4.20602581898055,0.284056090201995,25.5815463604666,47012.843
4.20650357677892,0.28186464043313,25.5812792605192,47015.764
4.20633352426219,0.282502331965585,25.5758454926752,47018.686
4.20639030745329,0.284520171547572,25.5683750483871,47021.593
4.20651678138047,0.282800046995213,25.5667321043608,47024.499
4.20660315991508,0.283161908335332,25.5640902743567,47027.405
4.20562715047542,0.272920942069002,25.5615106569987,47030.343
4.20484832531621,0.264241827831041,25.5590783815784,47033.28
4.2052276777373,0.266042183537366,25.5578229007833,47036.202
4.20486020017195,0.261302251000516,25.5577687072542,47039.108
4.20481662399063,0.261385288462887,25.5568092045207,47042.03
4.20484812406681,0.265532779531028,25.5584785557335,47044.936
4.20481021941128,0.261734718073593,25.5519673900124,47047.843
4.20491791927687,0.264032724840893,25.5491656682081,47050.764
4.2050456985791,0.263633478653412,25.551475326766,47053.671
4.20510145806721,0.266376360630176,25.542710074583,47056.593
4.20490683228802,0.264480650429715,25.5410156966606,47059.499
4.20511983978723,0.262009840571509,25.534916250399,47062.421
4.20498452025292,0.264974851742691,25.5393861251268,47065.358
4.20497673004,0.260047293306562,25.5380143064883,47068.264
4.20514202721339,0.263793105330775,25.5303328131511,47071.186
4.20510905608375,0.266169437935214,25.5310634238481,47074.093
4.2050579827746,0.262727413682241,25.5263169919126,47077.014
4.20519018925316,0.265168404090538,25.5156851764799,47079.921
4.20531634261693,0.262783969975589,25.5174293658905,47082.827
4.20524876795889,0.263888314968564,25.5156327494147,47085.733
4.20527052438036,0.262737406108488,25.5089836433905,47088.639
4.20524370911978,0.264482346443769,25.5170342354561,47091.561
4.20541204443117,0.265445942476751,25.511960329083,47094.468
4.2054312550805,0.262860685030327,25.5065576474235,47097.389
4.20524658187972,0.262062671012923,25.4982113152838,47100.296
4.20520335218719,0.260693684570764,25.4991724483224,47103.218
4.2054050248744,0.261058991294167,25.4962272073343,47106.124
4.20549567265207,0.265534584534455,25.5053277441083,47109.046
4.20551163529076,0.260743370387132,25.4995673734578,47111.952
4.20557944331425,0.263261001089249,25.4915389153564,47114.858
4.2057445723439,0.265701044649017,25.4886867665815,47117.78
4.20549465665321,0.259766574523025,25.4828257956678,47120.686
4.20573370900804,0.261429048254355,25.4836433469788,47123.593
4.20580001641812,0.263558204914609,25.4778984841052,47126.514
4.20578397299292,0.259845703288901,25.4805469699051,47129.421
4.20598304004239,0.258537031861115,25.4791877109129,47132.343
4.20596224060357,0.261592210287548,25.4670706567828,47135.249
4.20581813493788,0.259493061026468,25.460841803988,47138.171
4.20594679162998,0.261918941641104,25.4652427218624,47141.077
4.20593026224387,0.261206921039739,25.4556183608306,47143.999
4.20606621068937,0.261216970544071,25.4559874437076,47146.905
4.20594771841842,0.261586284587721,25.4562523593951,47149.811
4.20621925306556,0.263467604610494,25.4605308615043,47152.718
4.20652215333494,0.260426270987317,25.4472833797519,47155.639
4.20587423467381,0.259646293204325,25.4463026970151,47158.546
4.2060262671107,0.260645365222153,25.4428669444047,47161.468
4.20630623732315,0.259822432272943,25.4417047118984,47164.374
4.20638039026724,0.260923414555464,25.4309107929456,47167.28
4.20637102119892,0.260110756882981,25.4283849131698,47170.186
4.20662473006621,0.260896767052273,25.4297775514594,47173.093
4.20570073630131,0.251685318781358,25.4317035160727,47176.03
4.20478318217765,0.242626564998921,25.4276425892035,47178.968
4.2049588186588,0.238869928758408,25.4279470447695,47181.874
4.20460981766715,0.243264277969326,25.4205655828828,47184.78
4.20481940975096,0.242899519617539,25.4169664643946,47187.702
4.20509371900465,0.241639685566433,25.4235988542142,47190.608
4.20462055072658,0.239156996382174,25.4173678860387,47193.514
4.20468330441565,0.242346423640859,25.4081656592904,47196.421
4.20493834975839,0.241267179676279,25.4132646552474,47199.343
4.20471917561945,0.242279122251721,25.4031149134236,47202.249
4.20508873359441,0.241355708300205,25.4048703476627,47205.155
4.20482080533607,0.23928524993683,25.3988312886535,47208.061
4.20482668156812,0.241332856136663,25.4020257110946,47210.999
4.20493003528598,0.240859159752435,25.4006096283724,47213.905
4.20470793767407,0.240942405577682,25.3939735525374,47216.827
4.20482695133686,0.243073127427521,25.3995506178921,47219.733
4.20493012521437,0.241059864148338,25.4000767091883,47222.639
4.20484451865281,0.239824991307785,25.3916063949606,47225.546
4.20468360124662,0.243620099831472,25.389261668316,47228.452
4.20512320185892,0.238853600286356,25.3965081627408,47231.374
4.2052867259719,0.239993903562381,25.3844688018708,47234.28
4.2050175723485,0.241048368089886,25.3772785833354,47237.186
4.2048247777045,0.24315931872549,25.3757350945641,47240.093
4.20505950611522,0.240913316749182,25.3742462408926,47243.014
4.20529268606507,0.241396778981333,25.3699424672033,47245.921
4.20505717167164,0.239070846610944,25.3662960069413,47248.843
4.20529097539249,0.243512844081828,25.375760340903,47251.749
4.20539127248823,0.237131143513513,25.3679805269839,47254.655
4.20546717184878,0.240707216385979,25.3671484394426,47257.561
4.20524422704065,0.241099120958173,25.3627619126475,47260.468
4.20521115338228,0.240440478186263,25.3563503682958,47263.389
4.20531994112867,0.243539471691825,25.3582754797949,47266.296
4.20519744143612,0.241095076519605,25.3511755734172,47269.202
4.20554208796992,0.238785883786428,25.3458234408785,47272.108
4.20576009490428,0.241178517769526,25.351880650605,47275.014
4.20557692009805,0.239340757776921,25.3502481687444,47277.936
4.20548045276849,0.242947305092047,25.3524564533374,47280.843
4.20569265683514,0.238569981958086,25.3461325005922,47283.749
4.20585754918719,0.238040376096226,25.334394768101,47286.671
4.20555490678508,0.239853709064494,25.3403615977532,47289.577
4.20557673773936,0.24006417470882,25.3421577724993,47292.483
4.20566979311296,0.240481749959694,25.3344372164643,47295.389
4.20584640762933,0.238945429205647,25.3309008778553,47298.296
4.20576998527797,0.240141351027226,25.3320334002621,47301.218
4.20568571083617,0.239752258719867,25.323459426943,47304.124
4.20601841160674,0.242177391282781,25.3149124674656,47307.03
4.20607453136764,0.234858415137319,25.3227512630604,47309.952
4.20567199565654,0.240331409987922,25.3204298001758,47312.874
4.20586822406592,0.240163144463721,25.3224956948226,47315.78
4.20606048994103,0.240379939485584,25.3222701215976,47318.686
4.20638015098254,0.237112618141971,25.3195873382419,47321.593
4.2061948206156,0.23872290559089,25.3088169966644,47324.514
4.20629898435398,0.240501433551443,25.3064396473177,47327.421
4.20626105152933,0.238448358271443,25.2967230261406,47330.327
4.20640775056363,0.236723058844065,25.3034451238258,47333.249
4.20633446409441,0.237274974919069,25.2971168275722,47336.155
4.20634433101136,0.234633547662344,25.2952140567914,47339.061
4.20648837287943,0.235988019752604,25.29292388654,47341.983
4.20647271200821,0.239425279588543,25.2902075839689,47344.889
4.20663835948518,0.234369944477442,25.2827593836625,47347.796
4.20584194966924,0.226009911025297,25.2878376296815,47350.733
4.20610837216536,0.227655040421013,25.2958580522925,47353.655
4.20553334558565,0.229771103781855,25.2837762229644,47356.561
4.2058381105243,0.224386953911815,25.2754463138484,47359.468
4.20583426941432,0.229038652222897,25.2750905948383,47362.374
4.20577135935359,0.226311498629742,25.271959424253,47365.28
4.20575517103091,0.226299936040285,25.2705657022026,47368.202
4.20581310810689,0.227423557220764,25.2751902992429,47371.108
4.20608099510052,0.227877544443939,25.2750339999418,47374.014
4.20586699428399,0.226963665607774,25.2681611010115,47376.921
4.20609310038469,0.23023771192467,25.2670587752113,47379.827
4.20579484145207,0.227358449704842,25.2681192205566,47382.764
4.20600594193449,0.225755454038379,25.2731151370706,47385.686
4.20582601088943,0.226334749938116,25.2620748347773,47388.593
4.20612621481834,0.225577355960549,25.2587885646847,47391.499
4.20625593017566,0.22750053061214,25.2583487373333,47394.405
4.20586448841863,0.228785594093037,25.2547239277302,47397.311
4.20635511339681,0.224334646684825,25.2556549362301,47400.233
4.20627442327838,0.229272620578518,25.2536732653346,47403.139
4.20596957835452,0.226979385408835,25.2528619980498,47406.093
4.20664511715471,0.230245261262624,25.2544348219595,47409.077
4.20534750421929,0.216843884410746,25.2508229911355,47412.014
4.20551852424575,0.212040999878995,25.2429023675504,47414.921
4.20560670812531,0.220307289043838,25.2437596893538,47417.827
4.20436221717467,0.208622606915737,25.2387104952068,47420.764
4.20448522941503,0.207189742216471,25.2317796874907,47423.671
4.20426252807168,0.210092762582471,25.2279356778095,47426.577
4.20469760033842,0.208587134538243,25.2265858915056,47429.483
4.20434062899796,0.208059448327507,25.2171482286216,47432.389
4.20446552510385,0.207887707679172,25.2188669892774,47435.311
4.20411387572526,0.210531238727255,25.2201490921441,47438.218
4.20446872484947,0.207508771441998,25.2162920629036,47441.124
4.2042501677201,0.206226128893491,25.2159308278078,47444.03
4.20426546206296,0.207219883078793,25.2185267139476,47446.936
4.20447649697462,0.206171137419426,25.2097796389696,47449.858
4.20454003797896,0.205930687780002,25.2053482480897,47452.796
4.20434681954857,0.20710846505221,25.2053635946768,47455.702
4.20424621289298,0.207951791995369,25.2077043180073,47458.608
4.20458159533557,0.207465087717593,25.2067962347436,47461.514
4.20442152189617,0.204349413203721,25.2040314365342,47464.436
4.20436674936343,0.208916319479933,25.2000382393441,47467.343
4.20465878209468,0.206868993083139,25.187061290766,47470.249
4.20433509307357,0.208215400896759,25.2030704587467,47473.155
4.20468585636773,0.204563933294642,25.2075472873709,47476.061
4.20461067214841,0.206460017802242,25.1979470215008,47478.983
4.20469341808635,0.208312285118165,25.1832640642011,47481.889
4.20473722230645,0.205008529608908,25.1930367573655,47484.796
4.20459771292,0.207966866803458,25.1871187790844,47487.718
4.20459892097772,0.210854019601875,25.1805961967655,47490.624
4.20452213605978,0.208535376179351,25.1818699915761,47493.53
4.20480882601538,0.206285097238157,25.173318874161,47496.436
4.20482492596188,0.207524315070525,25.1818563987031,47499.343
4.20451332954635,0.20548386477351,25.1744860683198,47502.249
4.20457584283109,0.207104575516839,25.1775686690069,47505.171
4.20489739457924,0.206901376299543,25.1784984274891,47508.077
4.20479186043902,0.207127583856136,25.1731281576003,47510.983
4.20473546267205,0.20596295184576,25.1704020675427,47513.889
4.2049814242872,0.206787245582064,25.1687004207232,47516.796
4.20498002264777,0.207927428993713,25.174407362841,47519.718
4.20481557854476,0.205008035934933,25.1709803257428,47522.624
4.20509892873376,0.206937075832799,25.1619178809492,47525.546
4.20502862890961,0.206439648450616,25.1605839074295,47528.452
4.2051659647279,0.204042873611879,25.1666540577195,47531.421
4.2045929127127,0.206341876847142,25.1563524670817,47534.358
4.20489788954789,0.2065377794689,25.1481961929011,47537.389
4.20499946832161,0.205216331696199,25.1567852253978,47540.405
4.20517527235274,0.204614425353321,25.1559807449073,47543.311
4.20533803803031,0.204901973921757,25.1505412138293,47546.218
4.20532207282861,0.207120732283243,25.1430492525109,47549.124
4.20526586270112,0.205863563115228,25.1375304619839,47552.046
4.20522003223076,0.207483172904278,25.1297351265289,47554.952
4.20506436542997,0.204835938957712,25.1344109224435,47557.858
4.20516655410455,0.204472753176817,25.1338636801902,47560.764
4.20539336523377,0.205363380889737,25.126819004215,47563.671
4.20519307769194,0.204385151091406,25.1246155598532,47566.577
4.20504742401637,0.206156030352354,25.1289098879004,47569.483
4.20515755172491,0.206479906683434,25.1223215530493,47572.389
4.20572382604531,0.206580820318703,25.1265357323673,47575.311
4.20552280598672,0.204518093596256,25.1115953316736,47578.218
4.2056303938372,0.205795841654247,25.1103761564871,47581.124
4.20561698507213,0.204445614603209,25.1115306077653,47584.03
4.20546287025166,0.209173535059275,25.1154733005067,47586.936
4.20558144512569,0.204425760514182,25.112573121221,47589.843
4.20547288344562,0.208385550185837,25.1086658378471,47592.749
4.20581834967751,0.205971375780997,25.1057485433599,47595.655
4.20553967422756,0.205639141937058,25.1018350565511,47598.561
4.20569028252143,0.20328604655651,25.0994359762067,47601.468
4.20595532608662,0.205037790006718,25.101078290165,47604.374
4.20579926688186,0.203722783722206,25.0829088502343,47607.28
4.20600836545603,0.203239149662191,25.0919061642115,47610.186
4.20591243737378,0.204345876678722,25.0954774137658,47613.093
4.20593744229815,0.204031368466336,25.0865509429144,47615.999
4.20601081277595,0.206138450587304,25.0859766413071,47618.905
4.20615088817381,0.204095172190596,25.0990292254925,47621.811
4.20599767882194,0.203477132855134,25.0841116943386,47624.718
4.20616262894463,0.204031134584042,25.0855135764494,47627.624
4.20598013399979,0.201630989347516,25.0910481604772,47630.53
4.20628049679299,0.203429148218684,25.0844739087029,47633.436
4.20638223359253,0.20160319528064,25.0862293815541,47636.343
4.20634723533249,0.204771409126432,25.0868000872747,47639.249
4.20619221520569,0.204344962618908,25.0891462294464,47642.171
4.20632713762151,0.2068850842816,25.0830884760226,47645.077
4.20649899339324,0.203455015676199,25.0831881950755,47647.983
4.20633174975616,0.201373054642638,25.0838715372829,47650.889
4.20658920282254,0.202374269850883,25.0796911750787,47653.796
4.20588485097706,0.195106359238627,25.080571757497,47656.733
4.20429758358184,0.184127610297508,25.0685754625917,47659.671
4.20523914896753,0.18531333680263,25.070457354755,47662.577
4.20451792476393,0.184137750195583,25.0623567563413,47665.483
4.20482327465458,0.18359243509768,25.0654132446582,47668.389
4.20474658732157,0.186899925503939,25.0555098696482,47671.296
4.20483657888095,0.182676165138898,25.062164999107,47674.202
4.20454031289585,0.185325480034406,25.058632418837,47677.108
4.20474806584222,0.18672121068534,25.0507920119988,47680.03
4.20452836108645,0.180692470862083,25.0481983641389,47682.936
4.20489717074699,0.182248292307399,25.0473076728788,47685.843
4.20486956113852,0.184724588712913,25.0533754537962,47688.749
4.20464412878373,0.188235044456897,25.0470189978384,47691.686
4.20460475913968,0.182585975136643,25.0428242900275,47694.593
4.2048407045778,0.182860655799813,25.0543102355817,47697.499
4.20481499115715,0.185453233136968,25.0458077007277,47700.405
4.20484157900529,0.184491690228227,25.0401881495192,47703.311
4.20500903399688,0.185023716215488,25.0435747032774,47706.218
4.2046339897221,0.183355255941991,25.0467646553288,47709.124
4.20481154256663,0.183289467110983,25.0449284154663,47712.046
4.20481048026433,0.185572458532144,25.0357631372445,47714.952
4.20470938052912,0.186877512127535,25.031881558718,47717.858
4.20456536648462,0.183842829729466,25.0325148545872,47720.764
4.20487608874232,0.184258256031928,25.0294038334918,47723.671
4.20493104928645,0.186340808000827,25.0298143707497,47726.593
4.20479539051512,0.182700330994015,25.029367441099,47729.499
4.2051437266508,0.18529437251296,25.0263804803468,47732.405
4.20486546852414,0.186139665119928,25.0265869452637,47735.311
4.20492018691432,0.182948881231005,25.0229384967737,47738.233
4.20485746020744,0.186028105594472,25.0267654365631,47741.139
4.20492762922631,0.184579702021776,25.0178816560988,47744.046
4.20525124653778,0.185537869528905,25.0181291749027,47746.952
4.20494319081506,0.185917975271625,25.0201321139764,47749.858
4.20502965927704,0.183454973874914,25.0231746164192,47752.78
4.20518459112156,0.184776933196143,25.0223749000414,47755.686
4.20487996766774,0.185913368477003,25.0178611674449,47758.593
4.2050943647751,0.181388679939158,25.0190493573041,47761.514
4.20498077465714,0.184806786562214,25.009211065032,47764.421
4.20538263806756,0.183460661083993,25.0046687718266,47767.327
4.20503629202132,0.181308864590008,24.9983273145043,47770.233
4.2053176045318,0.185684858031065,25.0088266895203,47773.139
4.20530649759177,0.18425253186768,25.0070681499558,47776.046
4.20489300077092,0.183373634228485,25.0008799582931,47778.968
4.20525764041631,0.182227597206676,24.9961317604261,47781.874
4.20531093859681,0.18168456725153,24.9994343132777,47784.78
4.20491610362264,0.182877495613761,24.9937357213649,47787.686
4.20554448633496,0.187024124389213,25.0006467939473,47790.608
4.20532807283494,0.183326139625627,25.0020051322033,47793.514
4.20566150164237,0.183187319852166,24.9843483178834,47796.421
4.20548498559681,0.184140064375452,24.985131927987,47799.327
4.20551910720136,0.185664827193617,24.9899300398337,47802.249
4.20563606936261,0.18402408906615,24.9887699945476,47805.155
4.20564347499425,0.183299691559325,24.9802369255863,47808.061
4.20553195241433,0.182077398488312,24.9875939422809,47810.968
4.20563316743938,0.185411375609242,24.9842564780463,47813.874
4.20552299278413,0.18203739255543,24.9846123910943,47816.796
4.20566548156913,0.185088979761879,24.9773276236998,47819.702
4.20582752082474,0.183666836265894,24.9840485697179,47822.608
4.20566442979366,0.182331729971807,24.9793912507976,47825.53
4.20584602535578,0.180921921683938,24.9734469335758,47828.436
4.20597928026558,0.180078450430116,24.9678995592309,47831.343
4.20595037628052,0.183894564153106,24.9690647703357,47834.249
4.20607951912523,0.18004530662288,24.9704551491064,47837.155
4.20583076530143,0.182363570666585,24.9679413349583,47840.061
4.20595156131678,0.183729927605257,24.9537689282942,47842.983
4.20618984941831,0.180535232159106,24.9576957328173,47845.889
4.2058215648512,0.180173987795622,24.9623378035764,47848.796
4.20607563296994,0.180936087799515,24.9551010242949,47851.702
4.205965877415,0.182464432736655,24.9527291536858,47854.624
4.20599150897939,0.180367598490609,24.9580786610119,47857.53
4.20643675643837,0.179896761039252,24.9579696232113,47860.436
4.20615201507554,0.182248377456867,24.9564100881347,47863.343
4.20639249003496,0.183838375693382,24.9509762468511,47866.249
4.20623545952537,0.183586429440407,24.9482490004889,47869.171
4.20606728504299,0.184216625014299,24.9455056021845,47872.077
4.20629764692938,0.180526241724656,24.9562639612319,47874.983
4.20653843504995,0.181548930285709,24.9429579040382,47877.889
4.20645717846075,0.181693204839827,24.9412157628687,47880.796
4.20644116269844,0.180318881769761,24.9394942088527,47883.718
4.20649358504163,0.182484813768534,24.9370855896498,47886.624
4.20656479819014,0.181700145746692,24.9399160587967,47889.53
4.20572705380927,0.172654267729016,24.9463620865634,47892.468
4.20551010033086,0.170374850022156,24.9445623566967,47895.389
4.20558462614052,0.170349217863327,24.9412116996651,47898.296
4.20570736020457,0.170494838008847,24.9423093021426,47901.202
4.20564998963122,0.17275136491624,24.9383887396209,47904.108
4.2055158409374,0.172370844607258,24.9341478783854,47907.014
4.20562641403201,0.173565350993952,24.9427241401742,47909.936
4.20570406155962,0.171211363502157,24.9402719118185,47912.843
4.20547718698177,0.171233841362175,24.928840876606,47915.749
4.20557718256103,0.170661081872851,24.9196681124183,47918.655
4.20582158103687,0.170668690199919,24.9278298219814,47921.561
4.20590852421539,0.169500207771907,24.9210964121166,47924.499
4.20579648073994,0.169208897532799,24.9181956837652,47927.421
4.2057126370767,0.16757120352931,24.9135424848932,47930.327
4.20588247873682,0.169524485199385,24.9198041796043,47933.233
4.20582679371803,0.171864835414794,24.9158930845705,47936.139
4.20605233690072,0.171685034168507,24.9153460982874,47939.046
4.20584234243374,0.170445277869129,24.9144888909179,47941.968
4.20588162353156,0.172703726955721,24.9061618301207,47944.874
4.20595396603543,0.170530413798544,24.9069149803385,47947.78
4.20580165999806,0.170920634020538,24.9063399632768,47950.686
4.20577040753604,0.170553950091162,24.9028276049051,47953.593
4.20588030356671,0.172533761362946,24.9050082680286,47956.514
4.20620456708677,0.169751040027425,24.906712990422,47959.421
4.20592806559236,0.172686202444461,24.9005336216136,47962.327
4.2063353322847,0.167753070150198,24.9027884440111,47965.249
4.20592825717636,0.169894505144371,24.8991445830084,47968.155
4.20626824565745,0.171405902271347,24.8955987891273,47971.061
4.20606171587357,0.169005343808606,24.8955128094083,47973.968
4.20619560022093,0.169666350867711,24.8946924049185,47976.889
4.20612167857228,0.169532787003356,24.9078323972266,47979.796
4.20603553661289,0.169608619535722,24.8970765589194,47982.702
4.20634624849412,0.173097701598787,24.8973168949309,47985.608
4.2065469005088,0.172112906941436,24.8815499257587,47988.514
4.20640572471156,0.169949599578242,24.8877964804934,47991.436
4.20635910095297,0.168906821050871,24.8864065576078,47994.343
4.2063303145991,0.170610441358519,24.8891938718342,47997.264
4.20648511836111,0.169203697341158,24.8956331158245,48000.171
4.2064249203425,0.169989487370261,24.8818816225308,48003.077
4.20674083458912,0.170324417715845,24.8876428022512,48005.983
4.20573100969823,0.159313469542545,24.8865149853371,48008.921
4.20581323829525,0.157350001520308,24.8818932687497,48011.827
4.20577061601549,0.159930298466445,24.8809541476005,48014.749
4.20555542432537,0.160147670664453,24.8764604067958,48017.655
4.20556736460735,0.160913983928026,24.86855661584,48020.561
4.20577338579928,0.161861320534271,24.8761196982653,48023.468
4.20547313296908,0.160907887886818,24.8664392715786,48026.389
4.20563006368552,0.158310849781682,24.8717922392308,48029.296
4.20554526528921,0.160928336099791,24.8656097203428,48032.202
4.20578762896397,0.160726461902062,24.870794512513,48035.108
4.20557408671692,0.160344030453424,24.8686866847857,48038.014
4.20568086736453,0.162397596353346,24.8657433346019,48040.952
4.20569771634946,0.163229185998567,24.8709942727816,48043.858
4.20585053370022,0.160948030657059,24.8677303894982,48046.78
4.20602157143488,0.158934792006268,24.8672659586065,48049.686
4.20581286754875,0.160327410499679,24.8686138571438,48052.593
4.20568665618445,0.157801901057814,24.8700533447709,48055.499
4.20590989592165,0.16128289512207,24.8595916997256,48058.405
4.20610147736927,0.161241721968719,24.8628935055581,48061.327
4.20582765529572,0.16128306679744,24.8618319111195,48064.233
4.2061085683398,0.159606649785288,24.8652743737313,48067.139
4.20582424778775,0.159049827481628,24.8529569611525,48070.046
4.20598842344193,0.160604234034061,24.8507983681284,48072.952
4.20586780674823,0.163486274394174,24.8536430854734,48075.858
4.20594155239421,0.160427185572354,24.8525792291583,48078.78
4.20590316948668,0.159661700549976,24.849209781421,48081.686
4.20598039667001,0.158833954689699,24.8447028430865,48084.593
4.20589280690414,0.158066976878931,24.8461865637932,48087.499
4.20609041480676,0.16112211454906,24.8473298074277,48090.405
4.20596849862726,0.159292058349029,24.8504708157824,48093.311
4.20617903930881,0.158120775890317,24.8480735742096,48096.218
4.20579796357464,0.162414739446446,24.8485610322006,48099.124
4.20620683683326,0.160030357420913,24.8372665402563,48102.046
4.20620074516006,0.15820629809338,24.841882849698,48104.952
4.20598803616105,0.159243929556183,24.8361065274726,48107.858
4.20625227276966,0.156667390030108,24.8322813955725,48110.78
4.20632629807598,0.159175366278569,24.8326526359861,48113.686
4.20604913163838,0.159547612128302,24.8283853675021,48116.593
4.20627169043283,0.161350363581817,24.8227897153588,48119.499
4.20623185630727,0.160047690275921,24.8215008252944,48122.405
4.20602611050957,0.158590379508084,24.8294798015697,48125.311
4.20656664824784,0.159398779890143,24.8219777826001,48128.218
4.20549663837896,0.151075187179433,24.8191111359528,48131.155
4.20550585410783,0.147206776147033,24.8155456596446,48134.061
4.20533323653997,0.148264622468433,24.8233359447768,48136.968
4.20561151974157,0.150653961678536,24.8160744719142,48139.889
4.20559721961917,0.147119268460963,24.8164520251664,48142.796
4.2053576189135,0.15028750981059,24.8141561096463,48145.702
4.20559991622341,0.150361794225711,24.8184485991439,48148.624
4.20565095323498,0.148992972250499,24.8146445938601,48151.53
4.20557398286466,0.147956953630485,24.808791739282,48154.436
4.20541382982526,0.148107936132947,24.8069354227975,48157.343
4.20535672520008,0.14773487836542,24.8054974117937,48160.249
4.20538921644373,0.151141588917534,24.8008751637404,48163.186
4.20557776697863,0.149775894306198,24.7988201943178,48166.108
4.20557547199504,0.152759743564392,24.801508910587,48169.014
4.20549849359539,0.14972521571669,24.8082398841043,48171.921
4.20580125972143,0.147396380673606,24.8009766900763,48174.827
4.2057320810996,0.147588513493474,24.8034046061969,48177.733
4.20565613698862,0.149030314464112,24.7989403506673,48180.655
4.20554235174531,0.149603743473843,24.7896084513808,48183.561
4.20580532511483,0.145528419386273,24.7953734943183,48186.468
4.20579197738929,0.149721492720236,24.8028354011411,48189.374
4.20571836295832,0.149827062892169,24.7887444059289,48192.296
4.20587522282154,0.147411509898856,24.7910024794054,48195.202
4.20595252071553,0.147809100726594,24.7833376594366,48198.108
4.20589124044978,0.14794973700709,24.7969466764041,48201.03
4.2058755912499,0.145997998482291,24.7896875139786,48203.936
4.20578257705066,0.151655132513157,24.7927909523063,48206.843
4.20581378640062,0.144907293409437,24.7862419757665,48209.749
4.20573309043056,0.150922292657283,24.785758851688,48212.655
4.20583709960116,0.147395581284254,24.7868872442464,48215.577
4.20579607034647,0.149419791916567,24.7814145183563,48218.483
4.20586304497441,0.147379800487306,24.7851854316468,48221.389
4.20572356416546,0.147197849976063,24.7824995665325,48224.296
4.20593998546779,0.149665187789209,24.7875556332982,48227.202
4.20569192573916,0.146222478578731,24.7825644227615,48230.124
4.20599414468363,0.150164622622477,24.7750640211391,48233.03
4.20583388784255,0.150021633603308,24.7793098586554,48235.936
4.20615455469658,0.147574769470269,24.7796074338502,48238.843
4.20589148937074,0.147962723621101,24.7752195991967,48241.764
4.20601428868878,0.147953870546843,24.7716480191612,48244.671
4.20609050731409,0.148258597716126,24.7798567474697,48247.577
4.20610800176003,0.149953529077245,24.7754830699929,48250.483
4.20627369081101,0.147264227496923,24.7715876033336,48253.389
4.20594767478694,0.149445802344638,24.7746008113447,48256.311
4.20588293605858,0.147079264823501,24.7703954932824,48259.218
4.2063873951274,0.147782772324348,24.7719178890517,48262.124
4.2058819074373,0.148011136490484,24.7722344833382,48265.046
4.20640106825438,0.146691276389712,24.7716408994906,48267.952
4.20611210869937,0.148407435356659,24.772423427795,48270.858
4.20631664862317,0.147083453738468,24.7664583980087,48273.764
4.20613939825302,0.147766065870736,24.7649542905822,48276.671
4.20625040122702,0.144117788538367,24.760263935164,48279.577
4.20640508373778,0.149146032997148,24.7648540099725,48282.483
4.20643581002062,0.147940387447039,24.7626475692143,48285.389
4.20635220519823,0.148077067800026,24.7647744461888,48288.296
4.20634897708608,0.146548066871919,24.7647763091611,48291.202
4.20655820887626,0.148136650663316,24.755153189298,48294.124
4.20572986752995,0.13903939835306,24.75634555953,48297.061
4.20552926063416,0.13855985063819,24.7510991472249,48299.968
4.20555719577311,0.136170543970991,24.7596828094404,48302.874
4.20557181569435,0.137609146649898,24.757167782039,48305.78
4.20564077910808,0.13945828965245,24.757558466735,48308.702
4.20565191892587,0.138086107831697,24.7563837731665,48311.608
4.20545032199276,0.139616239678775,24.7510672499201,48314.514
4.20561182779359,0.135328382713279,24.7441675595217,48317.421
4.20574711925456,0.139003302680799,24.7490722380106,48320.327
4.2058157613146,0.136659162701632,24.7439294347976,48323.249
4.20552211334184,0.139209218548245,24.7355031376664,48326.155
4.20551392067965,0.139107285956957,24.7325383969618,48329.093
4.20556221179722,0.138248983907583,24.7401183759285,48331.999
4.20563036139446,0.137260098103921,24.7343267702195,48334.905
4.20557923509452,0.137513462077778,24.7305875246992,48337.811
4.20588365222331,0.139566449050946,24.7340344264586,48340.718
4.20554089511584,0.139312041904627,24.7347121258282,48343.639
4.20565038258075,0.138932818719965,24.7326664211616,48346.546
4.20563775300752,0.135156322498344,24.7325525630073,48349.452
4.20591453877273,0.13448512902315,24.7290606514539,48352.358
4.20586652512986,0.138793299428512,24.7278959954624,48355.264
4.2057785361827,0.139794760433883,24.7305863225426,48358.186
4.2058454980364,0.13557221046319,24.7355202205505,48361.093
4.20595844052305,0.136556066456835,24.7222493215305,48363.999
4.20597294980187,0.138023496541188,24.7219162806087,48366.921
4.20587821234958,0.136666563727369,24.722318188809,48369.827
4.20591072498296,0.138647639055153,24.7261997552614,48372.733
4.20584036423518,0.136716273504529,24.7182673579927,48375.639
4.2059418855807,0.136922294335439,24.7235554280424,48378.546
4.20591298962344,0.135376062773397,24.719251828805,48381.452
4.20600369482681,0.13834016315423,24.7239657047565,48384.374
4.20609676981345,0.136750999192842,24.7254191334411,48387.28
4.20614343058174,0.139130910209955,24.717398208413,48390.186
4.20622114433901,0.134662349166958,24.7230195279156,48393.093
4.20599672235054,0.137680441321855,24.7170025771669,48396.014
4.2059935514752,0.13560578460374,24.7256117791437,48398.921
4.20603054479464,0.136939900843428,24.7210030371322,48401.827
4.20617212148944,0.136968605349489,24.716443118013,48404.733
4.20606897600297,0.133555877394155,24.7104979452608,48407.639
4.20622152599612,0.136800220200207,24.7044506759355,48410.546
4.20605946268686,0.137146351440385,24.7116107404981,48413.452
4.20625191390362,0.13587527163119,24.7107760836439,48416.358
4.20611209352466,0.135397694934292,24.7049842221607,48419.327
4.20624159081022,0.137341033995235,24.7117474880205,48422.28
4.20621299455458,0.135053018136108,24.7084677851432,48425.28
4.20609270487834,0.137306118969862,24.7110643170048,48428.218
4.20626896745716,0.136827263765044,24.7142226316261,48431.171
4.20648400801482,0.13641001894792,24.7090348185031,48434.093
4.20615221891014,0.134246530234184,24.7038800389819,48436.999
4.20641599139895,0.137000102947498,24.704171863676,48439.905
4.20647838584308,0.135858626312645,24.6998139227029,48442.796
4.20627326440687,0.135793048139652,24.7019583880619,48445.702
4.20637262650826,0.137614805855721,24.7006892886001,48448.608
4.2066470553627,0.136104973374068,24.6973982746449,48451.514
4.20555958195837,0.127316741677913,24.6987250211329,48454.452
4.20547007540016,0.12428898674643,24.7005400552954,48457.358
4.20537854163693,0.128859064980218,24.6969616055722,48460.28
4.205470706976,0.127628247077349,24.697566177806,48463.186
4.20537734918786,0.125177663256318,24.6939810079971,48466.093
4.20578943892411,0.126863626518276,24.7011838980589,48468.999
4.20552232973051,0.126466964330795,24.6876158424321,48471.905
4.20551930092225,0.126880129453551,24.6942310899431,48474.827
4.20535034690832,0.124746120009079,24.695995369831,48477.733
4.20527712755391,0.125515991831725,24.6844945520216,48480.639
4.20559419180414,0.126292208304329,24.6909771580861,48483.546
4.20540747112508,0.126749308553223,24.6866516283511,48486.483
4.20549720425887,0.125657220804772,24.6811899957715,48489.405
4.20545016190025,0.122137985159955,24.6805190652973,48492.311
4.20559685271939,0.126127435022565,24.6794043732451,48495.218
4.20537371117973,0.125649829312311,24.6792633985538,48498.124
4.20564946883832,0.123634557004435,24.6714478046136,48501.046
4.20581874282709,0.125228467064742,24.6812294365545,48503.952
4.20554986260002,0.123954579565637,24.6866219912488,48506.858
4.20554422417582,0.12902324769392,24.6780744970691,48509.764
4.20565500572002,0.125812106816349,24.6847069143796,48512.671
4.20560382992638,0.127227670670951,24.6853015061898,48515.593
4.2056399759962,0.123028168106588,24.6831169068792,48518.499
4.2055587491421,0.125039596948345,24.6697713284901,48521.405
4.20563691948248,0.126667959889549,24.674862125895,48524.327
4.20552678683957,0.125403600150468,24.6755525579682,48527.233
4.20578378608453,0.124319550002578,24.6753515265644,48530.139
4.20560043620402,0.126160589002974,24.6745285868111,48533.139
4.2056862661528,0.12456596201986,24.6751311303273,48536.124
4.20583626706296,0.125437707120877,24.6671904615712,48539.155
4.20582760312282,0.126085190141341,24.6704003690237,48542.108
4.20585175556696,0.12769983215278,24.6746888067041,48545.093
4.20569570815875,0.12533288882777,24.6641491234579,48548.03
4.20566599273531,0.125869575467425,24.6683994954576,48550.936
4.20583348398317,0.126483093573253,24.6638433126456,48553.905
4.20573170598561,0.126418611807147,24.6648654462646,48556.811
4.20581226151216,0.128054029870122,24.6693245516154,48559.718
4.2058173148145,0.124965544181663,24.665881318347,48562.624
4.20593510760823,0.126081692328083,24.656216676461,48565.53
4.20591328209695,0.123017594195595,24.6612069774443,48568.436
4.20620088600921,0.124434306128999,24.6545524696744,48571.343
4.20613593919511,0.125074614100684,24.6555560161454,48574.249
4.20594889265978,0.127627491107358,24.6534690105047,48577.155
4.20603288521472,0.123596662778123,24.6476343790187,48580.061
4.20595154947743,0.125849102974555,24.6510501125021,48582.968
4.20610269765707,0.127444597494803,24.6519073942425,48585.874
4.20604363094754,0.12499312007652,24.6482889579965,48588.78
4.20624033344597,0.125102681217395,24.6461098720937,48591.686
4.20606742545939,0.122103352058017,24.6448996858082,48594.593
4.20608086463857,0.122802829851095,24.6525835182208,48597.499
4.20609127579219,0.125076470988814,24.6461942497513,48600.405
4.20607894394477,0.122748406901302,24.6490379651628,48603.311
4.20623984298904,0.12524082568531,24.649767930049,48606.218
4.20600976729859,0.124566708813678,24.6402311246918,48609.124
4.20624956285687,0.124454311006837,24.6446160916101,48612.03
4.20638286776998,0.126882528730051,24.6431864454952,48614.936
4.20596045539064,0.124133328392172,24.635499636128,48617.843
4.20625519424906,0.126334157016023,24.6356025628509,48620.764
4.20632412331194,0.123745598119319,24.6326082662095,48623.671
4.20621872402052,0.128379155950603,24.640835366079,48626.577
4.20622177485053,0.122926304577897,24.6346765082777,48629.483
4.20603694374939,0.121987872519419,24.6389305687514,48632.374
4.20633337362151,0.121215097002274,24.638384105314,48635.28
4.20623865005774,0.124304052882417,24.6418864345719,48638.186
4.20638193939646,0.124631898688202,24.6407950854176,48641.093
4.20635332305742,0.121548315396786,24.6405027411131,48643.999
4.2064675694348,0.122560577889374,24.6399521953199,48646.905
4.20637770508352,0.123249159377416,24.6321107721982,48649.811
4.20635727655025,0.123567446172696,24.6399982784467,48652.733
4.20648634564039,0.123741913610814,24.6324473215334,48655.639
4.20640675488755,0.125100049054762,24.6341625318015,48658.546
4.20647606699411,0.121977714931588,24.6357623768665,48661.452
4.20657204374764,0.127482860628018,24.6387347925211,48664.343
4.2056468041399,0.114442827492011,24.6283288050406,48667.28
4.20568934725618,0.116526825554016,24.6310041000701,48670.186
4.20573157855783,0.113534575878059,24.6232630302035,48673.108
4.20572063062424,0.115034393275797,24.6348981678524,48676.014
4.20577178667796,0.116766015256032,24.6210244156832,48678.921
4.20552433608227,0.114803396519071,24.6224793338063,48681.827
4.20584533818093,0.112008590589377,24.6228561544028,48684.733
4.20571216064288,0.112823112484244,24.6201111678707,48687.655
4.2055813317564,0.114817631663119,24.6220400696159,48690.561
4.20561741444138,0.113483262084131,24.622920463,48693.468
4.20568449759612,0.115780351629221,24.6214481694629,48696.374
4.20570316181025,0.113252920317874,24.6200261367827,48699.311
4.20579955830035,0.116609145203486,24.6195941785465,48702.218
4.20567093940667,0.1147243207434,24.6186211080982,48705.139
4.2058474967407,0.113953049241074,24.6190948316318,48708.046
4.20576253938153,0.115656786747862,24.6220901965382,48710.952
4.20588753983256,0.115357826917488,24.6146086592419,48713.858
4.20579807129918,0.115196750119561,24.6216716369926,48716.78
4.20577244075968,0.115851265911683,24.6181649911516,48719.686
4.20593639378936,0.115965240396919,24.6141582315418,48722.593
4.20575706028867,0.114490444470714,24.6054839388447,48725.499
4.20569546860991,0.11647485463177,24.6070432902383,48728.421
4.20578991480293,0.115762637198017,24.6049309073478,48731.327
4.20590483282935,0.115752795849324,24.6121072271566,48734.233
4.20572084329097,0.112968522873478,24.606067123371,48737.155
4.20615213025341,0.11598142008383,24.6033927126822,48740.061
4.20608873131541,0.115508494516825,24.6004555206407,48742.968
4.20588849957786,0.115310283767972,24.5990557694484,48745.874
4.20581283483093,0.113505177931861,24.59945850462,48748.78
4.20612566904276,0.115057382807346,24.5969110946001,48751.702
4.20586285298398,0.115388714888817,24.5970936570964,48754.608
4.20574066015501,0.111856916156873,24.5995090359855,48757.514
4.20595841555572,0.114287889899005,24.5966679265669,48760.421
4.20598098468278,0.114313850179555,24.5972263023683,48763.327
4.20583495453072,0.115894059707918,24.5986796762209,48766.249
4.20606650450683,0.115653566469934,24.6012955696424,48769.171
4.20598655999629,0.116477036405477,24.5969079769506,48772.077
4.20594618383636,0.113439530311396,24.5826408591318,48774.983
4.20590482683105,0.110577771578794,24.597943207524,48777.889
4.20596249458878,0.112931695206591,24.5895121429116,48780.796
4.20629274005844,0.113636997937326,24.5922631986641,48783.718
4.20617975044356,0.111790920701196,24.5884360293477,48786.624
4.20613800926043,0.115439146808427,24.5843473522258,48789.53
4.20616652407935,0.113445138371425,24.5961132333989,48792.436
4.20618631317609,0.112391139576032,24.5879915730274,48795.343
4.20589023610829,0.114863085314833,24.5836462156139,48798.264
4.20628805857978,0.1143272571112,24.5973949576715,48801.171
4.20594963848121,0.112902293304783,24.5866060931794,48804.077
4.20607620433826,0.112180201190634,24.5791163548176,48806.983
4.20644656976874,0.113408006816077,24.5769141722771,48809.905
4.20610434705641,0.112835436501817,24.5784696695066,48812.811
4.20619009503988,0.112001519791837,24.5855830913624,48815.718
4.20623668882544,0.11063576326087,24.574650023505,48818.624
4.20634861717803,0.111230779159096,24.5847774679761,48821.53
4.20621566028871,0.112078663414532,24.5748781564912,48824.452
4.20614242546076,0.113420535546061,24.5722563163303,48827.358
4.20627941307988,0.112455205817622,24.5815967245762,48830.28
4.20634741289702,0.114314875915865,24.5784843628542,48833.186
4.20646292588147,0.111504986533228,24.5799877371663,48836.093
4.20652055240013,0.108920763620098,24.5758907299539,48838.999
4.20644856142169,0.110171116472355,24.5732498617031,48841.905
4.20629512963921,0.114615562644315,24.5762632175949,48844.827
4.20635858081747,0.113907697410611,24.5750421235544,48847.733
4.20645573015856,0.111335103912174,24.5737401060456,48850.639
4.20647693536573,0.110600155877198,24.5684815011906,48853.546
4.20648372661393,0.114195448590041,24.565673363422,48856.452
4.206556508083,0.110889658013139,24.5656160459752,48859.358
4.20674531907885,0.114896036266263,24.5712391036435,48862.28
4.20690640138461,0.11189518471741,24.5615936302644,48865.186
4.20653890207333,0.115383896157423,24.5637091077724,48868.093
4.20671966171564,0.112026385379061,24.5611844933158,48870.999
4.20645674183268,0.113353319258419,24.5605547037288,48873.921
4.20662271546221,0.114661422899535,24.5627911545087,48876.827
4.20685945968292,0.114579287218791,24.5587534040848,48879.733
4.20655583398036,0.115100562143666,24.558442149503,48882.639
4.20673109507197,0.112205195169121,24.5537958438033,48885.546
4.2066420080793,0.111260260419181,24.5531641826945,48888.452
4.2067574787326,0.111871478871399,24.5462277018221,48891.374
4.20681489075138,0.112483371910383,24.5508397255926,48894.28
4.20670393838866,0.112287506764301,24.5477059287606,48897.186
4.2067803838115,0.115372295365443,24.5454281750343,48900.108
4.20697525277388,0.111060047625576,24.5533045040257,48903.014
4.20693165436255,0.112234157527544,24.5483765929418,48905.921
4.20699108275404,0.111235506918937,24.5547321519031,48908.827
4.2068185266729,0.11129681113429,24.5462406518806,48911.733
4.2067035692936,0.112572643203207,24.5508061399997,48914.639
4.20686270925709,0.110701801183267,24.5576812797915,48917.561
4.20694764070268,0.10972142039198,24.5495656074029,48920.468
4.20685783757223,0.110561938870816,24.5545190178664,48923.374
4.20701022657032,0.111698587940085,24.5498133135304,48926.296
4.20702254327079,0.112572958787278,24.5541825009739,48929.202
4.20677079031028,0.109315748608069,24.5454216895775,48932.108
4.2070755501942,0.113911018377988,24.5504560671014,48935.014
4.20718187134327,0.112793114523686,24.549331512666,48937.921
4.20730275975844,0.112068887834186,24.5445335880056,48940.843
4.20704363416278,0.109872018806863,24.5536560072595,48943.749
4.20721788039651,0.112713443232742,24.5499606291024,48946.655
4.20718035993799,0.112606275573323,24.5421290453031,48949.561
4.20720580934275,0.109952218398539,24.541176162692,48952.468
4.20722101677583,0.111621485575999,24.5508016274891,48955.389
4.20727203321465,0.112099834210044,24.5461146647977,48958.327
4.20734266069828,0.109954208289898,24.5396820128972,48961.233
4.20730969573516,0.110301766905886,24.5469064030535,48964.139
4.2073277060041,0.110260523065419,24.5397191148731,48967.046
4.20706692379412,0.110145046291602,24.5457205650465,48969.968
4.20729769914946,0.111824797704116,24.5474540989335,48972.874
4.20729941204268,0.113036641053487,24.5502460277232,48975.78
4.20724627360887,0.109789305010005,24.5432317310656,48978.686
4.20739412139441,0.11017986889629,24.544181643222,48981.593
4.20748438288278,0.111944122380839,24.5427022952827,48984.514
4.20737698778765,0.110855451554495,24.5364187995083,48987.421
4.20740300235279,0.110407694356189,24.5343468580962,48990.358
4.2072639703563,0.111330750866241,24.5436279457269,48993.264
4.20741873468921,0.107816723953113,24.5387137989373,48996.171
4.20764476785348,0.112070306220776,24.5368576014436,48999.077
4.20670746381826,0.101597496809893,24.5280068871338,49002.014
4.20593649229117,0.0912651850705639,24.534208228369,49004.952
4.20604381630022,0.0932890794423372,24.5297839997669,49007.858
4.20567389168551,0.0923774423516074,24.5339569955784,49010.764
4.20570841393615,0.0911123102288565,24.5409603386208,49013.671
4.20566304663619,0.0920124763377112,24.5313046486599,49016.593
4.20567511251239,0.0931883967625355,24.5222982008841,49019.499
4.20549876862761,0.0916547040858091,24.5272772734029,49022.405
4.20552139521102,0.0918952963800297,24.526103379211,49025.311
4.20567742700884,0.0916118760680043,24.5256422190184,49028.218
4.20557233768109,0.0921076778325897,24.5148865249025,49031.124
4.20550167054254,0.0927277635806442,24.517536462579,49034.046
4.20542312072344,0.0906792386089576,24.5143210090919,49036.983
4.20558947651191,0.0953411684825347,24.514861688136,49039.889
4.205502819433,0.0928147693773094,24.5263957891608,49042.796
4.20542792905191,0.0893394874467175,24.5132825444118,49045.702
4.20531356417977,0.0931874671184985,24.5196371504084,49048.608
4.20553094606768,0.0930829970013625,24.5264854900327,49051.53
4.20535114586492,0.0915931437884646,24.5183428233493,49054.436
4.20559384677822,0.0937357362848751,24.5136429842505,49057.343
4.2053281663027,0.0907801056409828,24.5254215489225,49060.249
4.2053179534516,0.0926470512531794,24.5152201879039,49063.155
4.20532729536416,0.0931622104143355,24.5185943076523,49066.061
4.20553704940399,0.0929026054343907,24.515485066285,49068.983
4.20557562321438,0.0920914683180988,24.5149950669751,49071.889
4.20546418281181,0.092816809467033,24.5123484342075,49074.796
4.20574128731496,0.0924288035779731,24.5155880934745,49077.702
4.205490640294,0.0926601240692862,24.5127388905796,49080.624
4.20538673937268,0.0940943235999012,24.5126415266636,49083.53
4.20547149477663,0.0904308560847556,24.5115322516541,49086.436
4.20546256010001,0.0920861863521471,24.5173925770069,49089.343
4.20540589201205,0.0904876898945071,24.5153279614398,49092.264
4.20545285146477,0.0921463280226703,24.5072230037432,49095.171
4.20560413850883,0.091650842502299,24.5105505101984,49098.077
4.20558468297991,0.0928486061162495,24.5101341635769,49100.999
4.20564993916079,0.0901215980518994,24.5133308812086,49103.921
4.20549226503516,0.0910923632341724,24.5087364793639,49106.827
4.2056372128201,0.0933874642937345,24.5076037911282,49109.733
4.20555382499016,0.0924153599393693,24.5109326615615,49112.639
4.20584806148405,0.0899219911070703,24.5057475754876,49115.561
4.20569399101304,0.090128438637725,24.49930039605,49118.468
4.205536035344,0.089972741418597,24.4992797644955,49121.374
4.20566236157244,0.0958481889961171,24.5040019412386,49124.296
4.20568320787211,0.0916461092374276,24.5044029649009,49127.202
4.20548421037091,0.0899693562403167,24.5054637838323,49130.108
4.20556067495541,0.0890819060991591,24.503277139558,49133.014
4.20548187268006,0.0926539349834775,24.4979751889124,49135.936
4.20565489198222,0.0924896000329823,24.5028524167603,49138.858
4.20557491016179,0.0923233637569867,24.5007520562842,49141.764
4.2058048798504,0.0932850556169403,24.4995662206268,49144.671
4.20575575878399,0.0937035047217225,24.5030996663008,49147.577
4.20570268691092,0.0906190249354973,24.50268217442,49150.499
4.20581284098507,0.0888941667366778,24.4996441498384,49153.405
4.20549222635797,0.094824260859472,24.4995251058781,49156.311
4.20571751490766,0.0927478268093099,24.4940150871635,49159.218
4.20602901143427,0.0916369873189842,24.4914301812619,49162.139
4.20570421180304,0.0974740709467164,24.4890246146947,49165.061
4.20583764126239,0.0913991376636351,24.4998422440682,49167.968
4.20560225888955,0.0891289608160101,24.4878262825041,49170.874
4.20571690992565,0.0921710707625067,24.487184813464,49173.78
4.20565786242348,0.0943975622198086,24.4913486495084,49176.702
4.20583645418464,0.0903491357969212,24.4810250501049,49179.608
4.20584753438903,0.0905359174599116,24.4863131124327,49182.514
4.20578627388184,0.0906171238042624,24.4922946508708,49185.421
4.20592402125553,0.0910341366974888,24.4888387807742,49188.343
4.20579295807668,0.093224132325084,24.4866092406118,49191.249
4.20585052977955,0.0889638053375796,24.491765055053,49194.155
4.20567871480758,0.0934475592406306,24.4894816092499,49197.061
4.20596095463672,0.089923884040988,24.4859686277678,49199.983
4.20603679070982,0.0904040691120451,24.48267464531,49202.905
4.20613522042431,0.0872983205598605,24.4925581325007,49205.827
4.2059392281725,0.0911746163213617,24.488817670576,49208.733
4.20603278012314,0.0926970648716812,24.4897352160669,49211.639
4.20600099365952,0.0917570481494035,24.4878717840184,49214.546
4.20596076758664,0.090327375752249,24.4939150962922,49217.452
4.20597901086251,0.0926732931271854,24.4797081067394,49220.358
4.20612598603517,0.0902034503769399,24.4833693871117,49223.264
4.2061314692455,0.0922184836140372,24.4809389173929,49226.186
4.2060569265524,0.0895426626156644,24.4824629012425,49229.093
4.20609237028706,0.0890386651726249,24.4732012569025,49231.999
4.20595037081328,0.0934530636934702,24.4722216253983,49234.905
4.20589843848102,0.0914532844013482,24.4780331607251,49237.827
4.20594193077701,0.0910855011619485,24.4783365130658,49240.749
4.20626147354291,0.0910285422013176,24.4795620299016,49243.655
4.20603323631039,0.0909976700214145,24.4719245025936,49246.561
4.20607284203424,0.0907875115270858,24.4800378621275,49249.468
4.2063078134865,0.0922073998390074,24.4759671801095,49252.374
4.20617594120092,0.0900656725107906,24.4799902212337,49255.28
4.20625189241741,0.0930880300537547,24.4790672483277,49258.202
4.20612100798558,0.0915259939781413,24.477066157577,49261.108
4.20609180604165,0.0929143485571454,24.4642432755447,49264.03
4.20619333138741,0.0886511448912192,24.4729381559073,49266.936
4.20638064450996,0.0910445904942889,24.4677644272049,49269.843
4.20621966650991,0.0895494356570169,24.4658483519051,49272.749
4.20631820183825,0.0906427601731293,24.4574730767391,49275.671
4.20633933938247,0.092971985138695,24.4592810280395,49278.577
4.2062168734743,0.0914038339029063,24.4632186009481,49281.483
4.20649085198217,0.0915371749622241,24.4646783426559,49284.389
4.20612029752869,0.0899278123438761,24.4612307479134,49287.296
4.20644156328547,0.0910106845668785,24.4611452777485,49290.202
4.20650060989605,0.088712661462272,24.4594178595157,49293.108
4.20631897353486,0.0926082658297663,24.4638686757537,49296.046
4.20631822856209,0.0954881233004671,24.4591754923554,49298.952
4.20659046404277,0.0903518034518469,24.4552760984344,49301.874
4.20567422059147,0.078866928756925,24.4564873075537,49304.811
4.20554324376093,0.0824844513257776,24.4588276119339,49307.718
4.20540456851658,0.0800510723779457,24.4545136055617,49310.608
4.20520747476114,0.0844668793345855,24.4518065380326,49313.514
4.20571664217465,0.0782265950365263,24.4521685468187,49316.421
4.20538689733377,0.0809702096850355,24.4563085900476,49319.327
4.20535629434853,0.0832327377552347,24.4554346748711,49322.233
4.20532161052787,0.0814099465515106,24.4555024886269,49325.139
4.20530176073421,0.0808260293278321,24.463055898751,49328.046
4.2052260382883,0.0815212203809401,24.4588870820399,49330.952
4.2052834258151,0.0805387243236914,24.4680887998582,49333.858
4.205412253911,0.0807340324389462,24.4627145423691,49336.796
4.20544907798161,0.0813207752053095,24.4547290908712,49339.702
4.20522444105079,0.0780070846084307,24.4489031997355,49342.608
4.20563720309153,0.0841505961102561,24.461569651491,49345.514
4.20531495610185,0.0786181205582171,24.4586471385091,49348.421
4.20541187881576,0.0777813783720826,24.4546061347336,49351.327
4.20552220192801,0.0804814465092665,24.4582895812268,49354.233
4.20533576229948,0.0829313147825617,24.4534158923724,49357.124
4.20563951867102,0.0831846001251925,24.4527423917188,49360.03
4.20519997856813,0.079428120262015,24.4515328236865,49362.936
4.20548839056819,0.0787809418776759,24.4467523115575,49365.843
4.20544925271148,0.082560213765245,24.4479228747973,49368.764
4.20514746029284,0.0841315874942235,24.4528515077032,49371.671
4.20548553355464,0.0816385806254671,24.4498603581612,49374.577
4.20542274862776,0.0793873694759429,24.4507613080798,49377.483
4.20558362305708,0.0801194142834833,24.4498756942384,49380.389
4.20544516888675,0.0795024437998497,24.4467020648481,49383.296
4.20544895244862,0.078480581744826,24.4520453127897,49386.202
4.20527834188682,0.0782037295688429,24.4561872596457,49389.108
4.20528123301064,0.0787206888556457,24.4427335881784,49392.014
4.20560101402181,0.0819306045411197,24.445217094744,49394.921
4.20559111475048,0.0834730249912307,24.4458180495088,49397.827
4.20550074823155,0.0802029604151108,24.4466707719744,49400.733
4.20559544682035,0.0800971118434022,24.4503480392837,49403.655
4.20537768397529,0.0774829334756523,24.4382601437154,49406.546
4.20575949987784,0.0804429449951174,24.4422081559085,49409.452
4.20553238973489,0.0770387465048794,24.4395265414948,49412.358
4.20538093298418,0.0783075419671558,24.439231003003,49415.264
4.20559712272994,0.0773616012963694,24.4431528581816,49418.171
4.20558860662168,0.0763118700648311,24.4423361377895,49421.077
4.20566078294667,0.0785256667412978,24.4416831966388,49423.983
4.20564249930599,0.0781185332854561,24.4441313901046,49426.889
4.20555940139304,0.0811514192517296,24.4394326774446,49429.796
4.20544084686912,0.0800536777693135,24.4490193379023,49432.702
4.20541951484318,0.0795148743726074,24.4420339887223,49435.624
4.20574772325573,0.0785856922229327,24.4434491135941,49438.53
4.20550218662099,0.0783025198833354,24.4383998553954,49441.436
4.20557726597666,0.0814615371499074,24.4385486461696,49444.343
4.2058271311833,0.0778434553741213,24.434710440279,49447.249
4.20570127065896,0.0794286985835024,24.4287997132422,49450.155
4.20561303554162,0.0817020053544205,24.4269841393284,49453.061
4.20561302384765,0.0776996254957858,24.4251832048033,49455.968
4.20569963082575,0.0789631433767994,24.4240885108456,49458.874
4.20568443948695,0.0831605373162004,24.4297886988677,49461.78
4.20565947650131,0.077340055185232,24.4223493038188,49464.686
4.20566822841374,0.0799948957323501,24.4267460721858,49467.608
4.20555902503304,0.0816438275490271,24.4189714672922,49470.514
4.20566127591731,0.0805803702375126,24.4171130406382,49473.421
4.20566209978641,0.0812714374254004,24.4270403467318,49476.327
4.20584596969999,0.0801673002823962,24.4252745462308,49479.233
4.20567874365973,0.0776490302917951,24.4213923484351,49482.139
4.20584639278572,0.081938549220205,24.4282482612372,49485.046
4.20569072441196,0.0802313054004085,24.4274637505144,49487.952
4.20580370315405,0.077452403030864,24.4325335657904,49490.858
4.20581728735189,0.0812987366254381,24.4324008363255,49493.764
4.20583183488023,0.0789190060365064,24.4230922655579,49496.671
4.20555682266767,0.0823494741039994,24.4178749626461,49499.593
4.20583821977278,0.0795557856653025,24.4195678411784,49502.499
4.20582373295119,0.0797896680035863,24.4161987224308,49505.405
4.20588476704414,0.079270414050954,24.4250089803169,49508.311
4.20589307693974,0.0793189274951232,24.4210491639319,49511.218
4.20595222232522,0.0775903715969763,24.4192692196607,49514.124
4.20577698893568,0.0818285246478704,24.4227819674847,49517.03
4.20595358754156,0.0807241342340093,24.418280293421,49519.936
4.20589084201152,0.0773020465724129,24.4222293968532,49522.843
4.20604893813849,0.080162260567906,24.4223645541351,49525.749
4.20579582527516,0.0781898709661591,24.4316883372814,49528.655
4.20590010784588,0.0799303487643495,24.4336588717904,49531.577
4.20575185730152,0.0804346661390549,24.4188347190584,49534.483
4.20615746443545,0.0794347927577132,24.4119887690516,49537.389
4.20594527397746,0.0798280886361315,24.4203798762815,49540.296
4.20598376630133,0.082338848473237,24.4131555079037,49543.202
4.20607876784461,0.0790985690768512,24.4096331818602,49546.108
4.20618472090934,0.0775069608398839,24.4128788667159,49549.014
4.20598588663359,0.0774785040224739,24.4156799442939,49551.921
4.20604599199316,0.0810981291189215,24.4035375332581,49554.827
4.2061615358144,0.080229233425259,24.4077091121635,49557.733
4.20585062277483,0.080422119530355,24.3992323715502,49560.639
4.20630447583747,0.0801594826049861,24.4017692498133,49563.561
4.20601529034393,0.0808274783187596,24.4027100081231,49566.468
4.20627068955254,0.0788016795800019,24.3974666283074,49569.374
4.20611757357126,0.0790597296251585,24.4110468311191,49572.28
4.20612652122497,0.0823676629152672,24.3967364449943,49575.186
4.20620413305508,0.0786592405314623,24.4016903306316,49578.093
4.20600576037517,0.0776890438822578,24.39855949682,49580.999
4.20622223813838,0.0799798088730893,24.4021270632838,49583.905
4.2063008382629,0.0795933555378481,24.3963547776738,49586.811
4.20607971198573,0.0802540500036857,24.40074136063,49589.718
4.20630067108601,0.0790882289424908,24.4009566527947,49592.624
4.20621380708682,0.0791590059107665,24.4012512818264,49595.561
4.2061371594956,0.0802874703985083,24.4019940651296,49598.468
4.20631543036838,0.0788204482159926,24.4005419007087,49601.374
4.20635585885357,0.0757560715606273,24.4013204677523,49604.28
4.20656030767096,0.0759330626773016,24.3978806021532,49607.186
4.20564536238736,0.07226169541594,24.3951698025368,49610.108
4.2054339163324,0.0722459737625828,24.3955219688816,49613.03
4.20559527645602,0.0691010179585918,24.3948502000769,49615.921
4.20540631071151,0.0701430374176284,24.399370604351,49618.827
4.20536590462339,0.0704736300305636,24.3941541865755,49621.733
4.20522319206789,0.0699907715117499,24.3951239499,49624.639
4.20543573646918,0.0728210153285151,24.396220885322,49627.546
4.20513480588763,0.0689161722332183,24.3987253539459,49630.452
4.20506851508573,0.0684976532413608,24.3913754451154,49633.358
4.20526686867225,0.0727732255531941,24.4011121961432,49636.264
4.20527328117304,0.0682844569724181,24.3915071052561,49639.171
4.20517441918751,0.0694391908903652,24.3973077666829,49642.108
4.20519944084661,0.070866433509259,24.3975248899382,49645.014
4.20532135572553,0.0692729487461371,24.4026197185753,49647.921
4.20525139582428,0.0684348279797923,24.4032845964539,49650.827
4.20542779297691,0.0719153602435622,24.3993671011628,49653.733
4.20559038229448,0.0681536678320078,24.3982586840045,49656.639
4.20537465402345,0.0699850827145726,24.3906974874351,49659.546
4.20525137469699,0.0691233190912805,24.3876081697431,49662.452
4.20526971548064,0.0735866438010202,24.3909666207582,49665.358
4.2053058292629,0.0705398312664964,24.3947346378813,49668.264
4.20544400015532,0.0731774314680113,24.3908398835761,49671.171
4.2053394734942,0.0708867200066301,24.3914250445316,49674.077
4.20528600109365,0.0696436627914341,24.3875733677842,49676.983
4.20531009787028,0.0735175215495971,24.3971160694698,49679.889
4.20499593682718,0.06931452492957,24.3877378753879,49682.796
4.20526910537572,0.0680130200148621,24.4028561199396,49685.718
4.20546054658566,0.0721041757194833,24.3889341748265,49688.624
4.20526218206442,0.0701091698554033,24.3940714581612,49691.53
4.2055123875845,0.067943864625319,24.3868738098491,49694.436
4.20552506048614,0.0687963900889413,24.3852300315484,49697.343
4.20511117826665,0.0711906428020798,24.386149514565,49700.249
4.20525850848422,0.0746649325993615,24.3856842471501,49703.155
4.20529034488698,0.0715560591351391,24.3836168492966,49706.061
4.20555608781442,0.0686822783316087,24.3830233606667,49708.983
4.2053969773733,0.0708428094114635,24.3821362968034,49711.889
4.20527956581508,0.0701943713237703,24.3793663532751,49714.796
4.20519446475927,0.0694648018339185,24.3827474798045,49717.702
4.20543982680996,0.0697664368825308,24.3824807320935,49720.608
4.20549712316471,0.0664914408252824,24.3847173991894,49723.514
4.20530373147153,0.0717876927399539,24.3833590438078,49726.421
4.20537702311791,0.0707494741081166,24.3839625622472,49729.327
4.20550226530539,0.0693722663547458,24.3827196913695,49732.233
4.20554833475284,0.066671513759459,24.3821060218377,49735.139
4.20534886313169,0.0690863331133276,24.3780014708697,49738.046
4.20523018502344,0.0693356177612962,24.3740813574542,49740.936
4.20536549377092,0.0673028459311981,24.3826529696871,49743.843
4.20550248634648,0.0684776754581756,24.3862911436564,49746.749
4.20546241617518,0.0711888071654927,24.3877218999194,49749.671
4.20545246999017,0.0695581002553462,24.389035543333,49752.577
4.20562143564909,0.0702369041593016,24.3869964474694,49755.483
4.20549345571836,0.069545492654648,24.3864124762526,49758.389
4.20552698491063,0.0704141829893231,24.3747698281781,49761.296
4.2056340103261,0.0694404334528294,24.3762012811838,49764.202
4.20543940773274,0.0740677231680796,24.3827402864418,49767.108
4.20548370269949,0.0690706770934421,24.3771101586836,49770.014
4.2054860773614,0.0703568169615781,24.384479725098,49772.936
4.20576004747015,0.0713323675266085,24.379180006823,49775.843
4.20557950000356,0.0728822988498778,24.3847750971952,49778.749
4.20557014707494,0.0693931097224918,24.3815822370637,49781.671
4.20562260010916,0.0702315910709043,24.3756739472922,49784.577
4.2057200966934,0.0716529718247805,24.3743745932262,49787.483
4.20562598716796,0.0700793241705659,24.382610520974,49790.389
4.20582475246542,0.0753243189714144,24.371259691535,49793.296
4.20554604078927,0.0716792318552965,24.3693718850226,49796.202
4.20554629352703,0.0696787140486043,24.3691337316914,49799.108
4.20584836381047,0.0700547762173973,24.3811530021967,49802.014
4.20578824272973,0.0684038137241031,24.3765385620849,49804.936
4.20586481200707,0.0672264429095872,24.371443492192,49807.858
4.20556159315523,0.0665925892244686,24.3752852399561,49810.764
4.20587300113404,0.0707080376717898,24.375943015934,49813.671
4.20573153695286,0.0723305226038679,24.3710443089136,49816.577
4.20570126546611,0.0683970559242825,24.3735039931543,49819.483
4.20563020072463,0.0707204855717349,24.3709705173272,49822.389
4.20534239251048,0.0710549858091235,24.3676450294846,49825.296
4.20603291374384,0.07406105140708,24.3720494293319,49828.218
4.20608207646606,0.0659814916519164,24.3701010283807,49831.139
4.20578261541416,0.0697005856184501,24.3682382569593,49834.046
4.20554542914934,0.0657550889680869,24.3795242921699,49836.952
4.20568867642383,0.0693904938551193,24.3666822793247,49839.858
4.2056784124764,0.0698902283319436,24.3695920746373,49842.764
4.2057498040553,0.0699182338396186,24.3698057088795,49845.671
4.20623975735128,0.0663938713147564,24.3680384063702,49848.577
4.20635818382957,0.0695615764792677,24.3727489260139,49851.483
4.2059146555306,0.0670672278056234,24.3680230323177,49854.405
4.20592605962414,0.0690914613767076,24.3612551808802,49857.311
4.20558824727588,0.0697979159300166,24.3707033839068,49860.218
4.20560853752584,0.066713394930971,24.3634423254752,49863.124
4.20582043325835,0.0669260389329791,24.3654548717954,49866.03
4.20606524719322,0.0666187040270625,24.3662359224932,49868.952
4.20559531567261,0.070910929578552,24.3714583001974,49871.858
4.20577339605041,0.0708600182709816,24.3666199314584,49874.78
4.20608576168789,0.067710891669518,24.3673158795032,49877.686
4.20584327202465,0.0679265944696054,24.3618852322737,49880.593
4.20570117151079,0.0672432190710758,24.3635002596052,49883.499
4.20568314079783,0.0695203964749467,24.3694316485337,49886.405
4.20583522419121,0.0672201149635194,24.3578393259227,49889.311
4.20605822823451,0.0658827095585261,24.3635957757216,49892.218
4.20605475971105,0.0677027649306113,24.3599337992712,49895.124
4.20595186256971,0.0700775788679271,24.3608335096255,49898.03
4.20579899972327,0.0669957441302816,24.3605744820237,49900.983
4.20606804816831,0.0665744665649338,24.3603828855893,49903.889
4.20569590994225,0.0692610702296248,24.355841372675,49906.796
4.20599191742015,0.0685091539872967,24.3513726827416,49909.702
4.20598134027619,0.0681106086827399,24.3579226191104,49912.608
4.20592728379785,0.0671205941825355,24.3538064051643,49915.514
4.20610169224896,0.0673861870412651,24.3524567958817,49918.436
4.20640653263587,0.068106962941845,24.342900250436,49921.343
4.2061322457157,0.069757093112574,24.350182260139,49924.249
4.2061685490256,0.0707727647533493,24.3432854158844,49927.155
4.20624590897479,0.0667906884354331,24.3512665308457,49930.061
4.20580776232429,0.0720051164101027,24.3517744586163,49932.999
4.20586228454195,0.0683841756816658,24.3535353020568,49935.905
4.20598121335441,0.0710782812445756,24.3493274764171,49938.811
4.20638507025062,0.0713208658113822,24.3556651656503,49941.718
4.20607296726472,0.0682602469818014,24.3484987438492,49944.624
4.2060831722816,0.0685926255748295,24.3436376555579,49947.53
4.20598522917869,0.0680116650225314,24.3478140250317,49950.436
4.20622705837991,0.0682884832191649,24.3449777543148,49953.343
4.20633998663562,0.0697260011790017,24.3446007756796,49956.249
4.20610167395149,0.070649627707276,24.3452816744018,49959.155
4.20624920358507,0.0696848921542231,24.3521785263219,49962.061
4.20644786588903,0.069600608907993,24.3421837306461,49964.983
4.20634172903482,0.068663349980095,24.3416456938125,49967.889
4.20635612382608,0.0666992079847274,24.3446960334312,49970.796
4.20638914612611,0.0691795636639115,24.3445851730626,49973.702
4.20632986510001,0.0675466574897162,24.3460374510926,49976.608
4.2063658457557,0.0679534627568153,24.3451951725076,49979.514
4.20632211031939,0.0668901886968394,24.350523508515,49982.421
4.2059511224806,0.0670087138506634,24.3422208678798,49985.327
4.20609182538086,0.0653671971507304,24.3522896511913,49988.249
4.20633646680285,0.0664628871600626,24.3496918204126,49991.155
4.20654674578329,0.0662746734778891,24.3505187268168,49994.061
4.20654545803791,0.0650338358377337,24.3475107106218,49996.968
4.20646068987346,0.0687160467621865,24.3430263630727,49999.889
4.20671618346649,0.0678129208724882,24.3528365884893,50002.796
4.2053461441402,0.0568835666903134,24.3455073538214,50005.718
4.20543332491595,0.0578578097785146,24.3485540263138,50008.624
4.2053128972273,0.0582694135432434,24.3440220928161,50011.53
4.2054349847949,0.0564786651697636,24.341562282339,50014.436
4.2053668810514,0.0574363765044078,24.3424778069065,50017.358
4.20537837092265,0.0585754873794825,24.3447742219271,50020.264
4.20531656907712,0.0565602100446793,24.3438923880562,50023.171
4.20542402403752,0.057556835476308,24.3419699190607,50026.077
4.20549462912245,0.0550594531411708,24.3391242525792,50028.968
4.20549545132405,0.0561745032251523,24.345085678652,50031.874
4.20550455798976,0.0586428708781867,24.3411516514408,50034.78
4.20521138026003,0.0599993567896743,24.3389041898651,50037.718
4.20525667086259,0.0559992999761717,24.3387313801292,50040.624
4.20517594737978,0.0588807793221969,24.3395267899128,50043.53
4.20522966467266,0.0581240450627953,24.339666969222,50046.436
4.2055748812298,0.0631474552700535,24.3422441805855,50049.343
4.20535688786734,0.0577131083825471,24.3354174952977,50052.249
4.20556426516093,0.0593260134425434,24.3415640183542,50055.155
4.20532999192313,0.0576812513378194,24.3408579473843,50058.061
4.20548288963816,0.056666456501436,24.3455923404155,50060.968
4.20567654302851,0.0625263669053783,24.338187062364,50063.874
4.20543808505416,0.0615778229021569,24.3362269216211,50066.78
4.20523266113219,0.0592935874467477,24.3397113726352,50069.686
4.20515268828288,0.0594527618240491,24.3373838021815,50072.608
4.20548354829104,0.05876166102853,24.3329726215265,50075.514
4.2054442773281,0.0574740003786302,24.3323578500582,50078.421
4.20538372768146,0.0586908589573045,24.3311112686063,50081.327
4.20539489588244,0.0586679246536381,24.3346421896335,50084.233
4.20523074144386,0.059404704149666,24.3350671369332,50087.139
4.20531841724861,0.0615831975239934,24.3314659435648,50090.046
4.20550985652092,0.0590436497516975,24.3315208067122,50092.952
4.20565516651526,0.0637995263068081,24.3309674659718,50095.858
4.20564398893289,0.0578156852303403,24.3258425649324,50098.764
4.20542034855178,0.0595048126862455,24.3369733436848,50101.671
4.20556724356757,0.0593279919151168,24.3392791041716,50104.593
4.20557025743573,0.0596445861682236,24.3343824392219,50107.499
4.20516377546523,0.0591586887714318,24.3338165056407,50110.405
4.20535729604208,0.0548901667558745,24.3333105187426,50113.311
4.20534928092575,0.058466534656029,24.329712347928,50116.218
4.20535123776748,0.0604717186930069,24.3259103087599,50119.124
4.20552802913031,0.0573781216773333,24.329185985248,50122.03
4.20547939581313,0.0586746224103102,24.3322740514119,50124.936
4.20561643761851,0.0572673872817548,24.3303056882632,50127.843
4.20553846160245,0.0590041263205443,24.3277897348961,50130.749
4.20565284081602,0.0567396107748521,24.3277960371229,50133.655
4.2055419647444,0.0618302841787552,24.3287590173041,50136.577
4.20578653471217,0.0576137114032652,24.3289377443876,50139.483
4.20566886752474,0.0576244026570775,24.3336941998995,50142.389
4.20561736601846,0.0570493364470001,24.3298006800409,50145.296
4.20540722811468,0.0555173283407439,24.3303605659668,50148.202
4.2055480824461,0.0590381278256125,24.3279951718773,50151.108
4.20546503093305,0.0569854749494653,24.3274619658234,50154.014
4.20576945231129,0.0570743755679702,24.334002644769,50156.921
4.20571251735087,0.0604926222391915,24.3199853859696,50159.827
4.20535159642274,0.057442929735406,24.3282569556408,50162.733
4.20587081771655,0.056992486375917,24.3204986599964,50165.639
4.20558588975025,0.0605680093410328,24.3318577417645,50168.561
4.20566483667219,0.0591475347616369,24.3255268762116,50171.468
4.20569397307028,0.0575848894027981,24.3298615464959,50174.374
4.20576592119179,0.0574826743014994,24.3182607242883,50177.28
4.2053215037801,0.0591186923904179,24.323752106527,50180.186
4.2057987132341,0.0599369058706896,24.3185284743264,50183.093
4.20553554452657,0.0583401555810332,24.3240793709402,50185.999
4.2058000666413,0.0579588443943223,24.3168189274858,50188.905
4.20554336051089,0.0578945769274121,24.313783768683,50191.811
4.20577768501511,0.0529387352423832,24.3164910646552,50194.718
4.20580344811982,0.0576438653919993,24.3122282344292,50197.624
4.20555442882594,0.0577546149718279,24.3158008694889,50200.546
4.20557410366586,0.0576985408286582,24.3184012947585,50203.452
4.2057560062994,0.0616609775234934,24.3211625008804,50206.358
4.20563714153161,0.0574191115076438,24.3168117821333,50209.264
4.20580370652026,0.0579698213268983,24.3114998541122,50212.171
4.20539746609839,0.0616293884715416,24.3131858320104,50215.077
4.20555453301447,0.0582757946907698,24.3181862049346,50217.983
4.20602909926682,0.0594274512077205,24.3140827556456,50220.889
4.20559534768711,0.059074861795323,24.3139497740171,50223.811
4.20565065819812,0.0561822225234036,24.3161591978809,50226.718
4.20604493525895,0.0560015508413705,24.3035354822271,50229.624
4.20569042492097,0.058072083756876,24.304622750054,50232.546
4.20570102283326,0.0608512441973269,24.3001651865436,50235.452
4.20578148084126,0.0600849866982783,24.3074756485496,50238.358
4.20547060025496,0.0564719423883288,24.3066273970825,50241.264
4.20578028399449,0.0584886021434134,24.303598514999,50244.171
4.20577899929318,0.0569167580313314,24.2983555133209,50247.077
4.20584353700088,0.058397833616693,24.3095522984521,50249.983
4.20592793612762,0.058166084355002,24.3104908442732,50252.889
4.20586078594845,0.0603372487640338,24.3113090944539,50255.796
4.20587492337762,0.05977987704228,24.3071271893352,50258.702
4.20551393166349,0.0559009492186285,24.3006331972384,50261.608
4.20568374074635,0.0558126205352768,24.3081724231796,50264.514
4.2060212789275,0.0585769402256753,24.3090668161322,50267.421
4.20585913085248,0.0570555638282823,24.3056829387021,50270.327
4.20586559865214,0.0570999499562396,24.3028326012921,50273.233
4.20567506697491,0.0563011670013078,24.3037009738735,50276.139
4.20597337771695,0.0554907521157165,24.309451663723,50279.046
4.20580576234164,0.0559820021306836,24.3078124181364,50281.952
4.20588918001095,0.0618343870696797,24.3017366265118,50284.858
4.20566591646458,0.0574095516031864,24.3019917320485,50287.764
4.20590816072154,0.0580337178499068,24.306731696272,50290.671
4.20596810186946,0.0564958124956869,24.296195541168,50293.577
4.20613904778358,0.0557086646018148,24.2993510193664,50296.499
4.20616284180045,0.060100225539424,24.3046468808512,50299.405
4.20612327032995,0.0595520490102116,24.31130963434,50302.311
4.20609413035938,0.056740559763213,24.3003209192822,50305.218
4.20606989767123,0.0562020832412995,24.2947733938337,50308.124
4.20607534836923,0.0588283036529322,24.2938189527096,50311.03
4.20590581752181,0.0575357731985786,24.2994202430588,50313.936
4.20566086030791,0.055703522103907,24.2824219621905,50316.843
4.20592949074663,0.0594175725411654,24.290533559881,50319.749
4.20601560961295,0.0561757735390674,24.2918394701433,50322.655
4.20604913641017,0.053804132089366,24.2938170998351,50325.561
4.2058626026365,0.0583663042451159,24.2953416753147,50328.483
4.20598509978887,0.0586281286264559,24.3060287399524,50331.389
4.20578003315962,0.0562791041941692,24.305747557403,50334.296
4.20613793793449,0.0587527226782704,24.3065729170648,50337.202
4.20602383484428,0.0560238062734057,24.3005562439699,50340.108
4.20615180651868,0.0551443472948246,24.3079502337248,50342.999
4.20644270072486,0.05637105446683,24.3039050575141,50345.905
4.20590163717136,0.0558663155730558,24.3008049373399,50348.811
4.20616454317702,0.0552463656007174,24.302042246699,50351.718
4.20599382455819,0.056137881404123,24.3037465512245,50354.624
4.20633946605109,0.0584855181758712,24.3126886915752,50357.53
4.20621162446667,0.0593541006860437,24.3091882574366,50360.436
4.20648404200776,0.0584215479077003,24.3031702097144,50363.343
4.20623280629857,0.058697958170272,24.2971435590638,50366.249
4.20645507797853,0.0584971177132206,24.3042410597247,50369.155
4.2060476035685,0.0583440406776115,24.2981790414363,50372.061
4.20609613998027,0.0579917541600785,24.3011983059725,50374.968
4.20620370428705,0.0527416914393258,24.2926968980032,50377.874
4.20627400956172,0.0568527416431645,24.2938584972929,50380.78
4.20608016523965,0.0558763014920115,24.2980534495959,50383.686
4.20626467403486,0.0577300356102458,24.2831967154852,50386.577
4.20615336814351,0.0560591798807056,24.2900273646267,50389.483
4.20619240104136,0.0540787846286344,24.2902569707867,50392.389
4.20663280132641,0.0557744185825114,24.288533061537,50395.311
4.20529849231561,0.0486532353503926,24.2947742745018,50398.249
4.2051799050574,0.0492857154995629,24.2865675890695,50401.155
4.20558486004453,0.0466122031754816,24.2837134702273,50404.061
4.20555543428905,0.0480468651472921,24.2892984620353,50406.968
4.20531579706497,0.0484718412774931,24.286643048304,50409.874
4.20537475436283,0.0470479110706021,24.2870295309755,50412.78
4.20528228109524,0.0485076436060973,24.2866289421566,50415.686
4.20537409191908,0.0459442020982492,24.2903019620507,50418.593
4.20515475066282,0.0476685073026869,24.2901610682705,50421.499
4.20509854706876,0.048563637506838,24.2845363350453,50424.405
4.20506594646606,0.0459838903260236,24.2782487217728,50427.311
4.20538566948486,0.0476073091432424,24.279111838696,50430.249
4.2053077013846,0.0481526000663482,24.2853693630558,50433.155
4.20528974837812,0.0504359868354681,24.2819311051436,50436.061
4.20546291809791,0.0463994072985517,24.2827853873269,50438.968
4.20514173397316,0.0455887999765265,24.2859254615529,50441.874
4.20535448546936,0.0474743500713289,24.2803882016638,50444.78
4.20514083281212,0.0484480760585294,24.2796612400153,50447.686
4.20519592782203,0.0493390887620583,24.2777433385921,50450.593
4.20544997686366,0.0461317962218246,24.2844767551567,50453.499
4.20515303408988,0.0452672301008494,24.2792873181272,50456.405
4.20516736573744,0.0520748362256717,24.2865640488508,50459.311
4.20512421959543,0.0493809684675699,24.2903739425175,50462.218
4.20514211636756,0.0465049469955158,24.2814827984277,50465.124
4.20515372633661,0.0465126020819315,24.2827567192486,50468.03
4.20536425385091,0.0459551826927131,24.2857106772888,50470.936
4.20524404407982,0.0488674280218403,24.282419142393,50473.843
4.20534255050078,0.045447868391463,24.2801566272945,50476.749
4.20514307125161,0.0464128420601799,24.2807755541781,50479.655
4.2055752383822,0.0488881071456973,24.2873467221196,50482.561
4.20539088496279,0.0495280273921178,24.2714947175204,50485.468
4.20511824715357,0.0487770875193689,24.281856468317,50488.389
4.20540146400165,0.0471475673037572,24.2838630188304,50491.296
4.20497118273232,0.0449516363953814,24.2796429715436,50494.202
4.20516398678622,0.0450873571220474,24.2797728561155,50497.124
4.20494869218858,0.0500014399489949,24.2686170334119,50500.03
4.2054961554876,0.0473823843217204,24.2792573091765,50502.936
4.20530777473823,0.0450135250098945,24.2774971845184,50505.843
4.20530735046531,0.0452621040509352,24.2802571676313,50508.749
4.20532030725276,0.0448861369038984,24.2784714298902,50511.655
4.20532629615015,0.0472629335873449,24.2783456580161,50514.561
4.20512523481998,0.0485189823528915,24.2742496051597,50517.468
4.20525697596331,0.0515624859816082,24.2741748884253,50520.374
4.20523145373147,0.0510913265233611,24.2757022515044,50523.28
4.20528973458291,0.0449220172440593,24.2763506819511,50526.186
4.20517765785319,0.0460731588668045,24.2689100120627,50529.108
4.20524046444342,0.0455401624810983,24.2659300885206,50532.014
4.2054358753745,0.0433070671201642,24.2730464016471,50534.921
4.20508959923805,0.0422147417601815,24.2731055086463,50537.827
4.20561493466678,0.0446399237415081,24.2650676186445,50540.733
4.2053081345963,0.0486565008983629,24.2728825945179,50543.639
4.20539655767206,0.0484148750927622,24.2769971885095,50546.546
4.20540808781185,0.0498466555398941,24.2711327721249,50549.452
4.20507678446113,0.0470875789757066,24.2754672813427,50552.358
4.20515577176267,0.0468053644678578,24.2742618579917,50555.264
4.20496038608774,0.0450403484765753,24.2699835480132,50558.171
4.20540712310869,0.0496883873558852,24.2778791651127,50561.093
4.20540632792801,0.0466239085506277,24.2756135559988,50563.999
4.20533877374703,0.0464577847435984,24.2660759834761,50566.905
4.20548447313485,0.0526713083578874,24.2728477036957,50569.811
4.20550063101867,0.0481558322215434,24.2716644636178,50572.718
4.2053570811994,0.0467092919767368,24.2696432376935,50575.624
4.20564114742032,0.0463735182505723,24.2680215268989,50578.53
4.20545081549402,0.0499856901678471,24.2750849132932,50581.436
4.20568466231261,0.0502219635225061,24.273755137791,50584.343
4.20547220966847,0.0503069937411164,24.263638473204,50587.249
4.20550633260559,0.0444353296759358,24.2732606872164,50590.155
4.20516385128282,0.0475245076256284,24.2701902612801,50593.077
4.2052385927212,0.0500659163380128,24.2658482073027,50595.983
4.20539606128563,0.0468324695934018,24.2698170512073,50598.889
4.20527875147184,0.0489512611187846,24.2773213410311,50601.811
4.20509676890268,0.0470697558507298,24.2689774475638,50604.718
4.20539835221846,0.0479261134189585,24.270878255527,50607.624
4.20509480245395,0.0464348031834844,24.2663722791875,50610.53
4.20527647089326,0.0451196612472824,24.2621450915311,50613.436
4.20543047736547,0.0466478662146454,24.2593712255003,50616.343
4.20507982069093,0.0460971155178668,24.2625000604735,50619.249
4.2054511113881,0.0433552501981945,24.2650918020785,50622.155
4.20535636089564,0.047124125051955,24.258684267621,50625.077
4.20561617037324,0.0433629177714432,24.2665769481672,50627.983
4.20526786160391,0.0475151565297107,24.2648742793819,50630.889
4.20544937558482,0.046460056233699,24.2673842399126,50633.796
4.20537953585113,0.0491731619868566,24.2688194321642,50636.702
4.20510048069476,0.0444330671007202,24.2695876746709,50639.608
4.2053669069255,0.0481990296200417,24.2620359930249,50642.514
4.20549703233628,0.0449083849077956,24.256916261742,50645.421
4.20555998452546,0.0469943450216549,24.2655838202312,50648.327
4.20540507210064,0.046951216670602,24.2645305470821,50651.233
4.20560861727444,0.0473027998875899,24.2628487633161,50654.155
4.20568380681536,0.0456796466131572,24.2628963855518,50657.061
4.20551009472647,0.0476160379987437,24.2582051561525,50659.983
4.20559381871063,0.0477841749616468,24.260880636763,50662.889
4.20559516303805,0.0466593369010651,24.2651879103517,50665.796
4.20566446302999,0.0458660862645992,24.2567196107685,50668.702
4.20572190625702,0.0474702689513807,24.2622064766563,50671.608
4.20557379748586,0.0454222721222828,24.2570293366142,50674.514
4.20547137032026,0.0462125740848644,24.2591797384276,50677.421
4.20595225472322,0.0461723337460606,24.2579503636755,50680.327
4.20534169095769,0.0490088348445601,24.2587041284369,50683.249
4.20566483713193,0.0481546899243311,24.2536586255573,50686.155
4.20551204824326,0.0479751246609031,24.2506154840884,50689.093
4.20573881971751,0.0473183454612499,24.2568640289098,50691.999
4.2057351819404,0.0474977243082812,24.2466158375162,50694.905
4.20568568297213,0.0494828714743689,24.2546166689463,50697.811
4.20571833008872,0.0478231845239106,24.2468140132889,50700.718
4.20533542199333,0.0442506258120261,24.2547053466446,50703.624
4.20567285283945,0.0452915245961114,24.2588039236649,50706.53
4.20537005262627,0.0439082305575071,24.2583022550447,50709.436
4.20561335024308,0.0500035267048759,24.2588374488207,50712.343
4.20540968154315,0.05028128333182,24.253807952884,50715.249
4.20585842571334,0.0466148189635314,24.2592211999944,50718.155
4.20589031060404,0.0500417306671566,24.2552460661752,50721.093
4.20578196300331,0.0440595615033596,24.2555722490874,50723.999
4.20571393227851,0.0465311031911691,24.2551901387064,50726.905
4.20576292018422,0.0429432547404794,24.2519451516995,50729.811
4.20564084407172,0.0473739277776378,24.2507764754981,50732.718
4.20575767196036,0.0424731037111252,24.2531394991539,50735.624
4.20565786590431,0.0491193482998798,24.2517146313001,50738.53
4.20572999376326,0.0482282356846855,24.2528118552049,50741.436
4.20576127664663,0.0458064319322915,24.2546219476269,50744.343
4.20587179543362,0.0445789784397862,24.2494975143075,50747.249
4.20555219473869,0.0460415615640571,24.248745958517,50750.155
4.20572932986192,0.0453859449065917,24.254103485981,50753.061
4.20583781160376,0.0475950530585237,24.2535257631776,50755.968
4.20573330290804,0.04693757461136,24.253614187852,50758.874
4.20572959747436,0.0471438784510121,24.2514475353533,50761.78
4.20563447990911,0.0468211389091023,24.2549604246855,50764.702
4.20586244063087,0.0484093544209184,24.253342001963,50767.608
4.2055683035294,0.0467536048932064,24.235197094824,50770.514
4.20579914804714,0.0441989965949101,24.2412550771376,50773.421
4.20579773930206,0.0467409412888618,24.2486935909217,50776.327
4.20588506954939,0.0486483509539243,24.2484973529255,50779.233
4.20561417542226,0.0465531359870571,24.2496188055065,50782.139
4.20574835510388,0.0478337194522613,24.2481877960201,50785.046
4.20587470999107,0.0458771205014792,24.2479278322104,50787.968
4.20591844643834,0.0438968324226431,24.2434178805123,50790.874
4.20563878346963,0.0469511397827014,24.2444730315995,50793.78
4.20564213297305,0.0486177044184272,24.2374340164431,50796.686
4.20619439497873,0.0456534288754001,24.2449630115038,50799.593
4.20572837798117,0.0405767818027401,24.2370543701553,50802.499
4.20560959859344,0.0453643846543191,24.2364024572124,50805.405
4.205895454817,0.0470370120659922,24.2419564634963,50808.311
4.20593770242823,0.0445519388833509,24.2456482177799,50811.218
4.20601110762509,0.0447721658170961,24.2424522807581,50814.124
4.20554083032301,0.0441168631111953,24.2447054821321,50817.046
4.20578506442284,0.0495914756209182,24.2412036595329,50819.952
4.20590852839444,0.0456275587803332,24.2416292681567,50822.858
4.2060229899033,0.0476018498668497,24.2435159311866,50825.764
4.20576639963394,0.0479240210144018,24.2433041604059,50828.686
4.20588268710179,0.0443464865127575,24.2432137227983,50831.593
4.20590253832153,0.0474396175175037,24.2506494715917,50834.499
4.20572652023501,0.0472646688793686,24.2437117118051,50837.405
4.20604081768067,0.0473426918859588,24.24600517356,50840.311
4.20586085175474,0.048117524266562,24.2434224940133,50843.218
4.20606631259388,0.0472823668789916,24.243851223652,50846.124
4.20616863996051,0.0420458600097316,24.2482425200963,50849.03
4.20584017418063,0.0444489683261093,24.2476337428733,50851.952
4.20590829106009,0.0447546997374856,24.2401470035466,50854.858
4.20624497783449,0.0444174753782203,24.248736619087,50857.764
4.20608277171816,0.0465841424496862,24.2412894285455,50860.671
4.20601869206522,0.046959334809939,24.2448690208423,50863.577
4.20589374128483,0.0486556470319587,24.2411984202321,50866.499
4.20641900986988,0.0447700155761667,24.2406544156441,50869.405
4.20590463637653,0.0506372455309465,24.2394048788791,50872.311
4.20614558094733,0.0474691679068562,24.2341028005673,50875.218
4.20618914102225,0.0467676252066381,24.2393770052334,50878.124
4.20612340048259,0.0440220774798623,24.2376287033052,50881.03
4.20614925385268,0.0456071826367645,24.2412704139439,50883.936
4.20620970935006,0.0452980753701025,24.2290460387202,50886.858
4.20604855475661,0.0454079120284689,24.2301502046933,50889.764
4.20618518362888,0.0447239616443492,24.2405088177154,50892.671
4.2063241319278,0.0456905561043252,24.2245355627747,50895.593
4.20614973409594,0.0468065550185645,24.2385708871311,50898.499
4.20619906208758,0.0485036555349298,24.2309547824661,50901.405
4.20593224141914,0.0440762749943055,24.2295935735358,50904.311
4.20614056848425,0.0496980693667274,24.234864004428,50907.218
4.20623204103624,0.0484354195026142,24.2339246142783,50910.124
4.20603362658283,0.0449989894943821,24.2417413649733,50913.03
4.20624559137543,0.0437923043376844,24.2349882991319,50915.952
4.20617544833703,0.0454293733838908,24.2364963978168,50918.858
4.20599377246205,0.0487799590024242,24.2301211994673,50921.764
4.20614257077451,0.0468001950101292,24.2343757080741,50924.671
4.20633841062177,0.0426598879534262,24.2351602779416,50927.593
4.2061690189533,0.050865961732372,24.2273528855572,50930.499
4.20632172619647,0.0504538511045204,24.2323213529528,50933.405
4.20637396944102,0.0450314547151529,24.2258566440938,50936.311
4.20630265540196,0.047297824966293,24.2278522204486,50939.218
4.20645355367362,0.0446737253521706,24.2307731970984,50942.124
4.20626774549269,0.046008397141758,24.2269490534677,50945.03
4.2061829174421,0.042810049108543,24.226236624689,50947.952
4.20614553816573,0.0425030202841806,24.2249366343472,50950.858
4.20629436204316,0.0460927287180221,24.2177248306162,50953.764
4.20629262969988,0.0469341653726179,24.229653697525,50956.671
4.20600165438807,0.0464778399564076,24.2215603888966,50959.577
4.20633614903107,0.0452787316379618,24.2215557873912,50962.483
4.20633949968508,0.0436431136149336,24.2246754581374,50965.389
4.20612197425377,0.0446745584297427,24.2252756994009,50968.311
4.20635372063582,0.0484179906124668,24.2280037134776,50971.218
4.20626266182017,0.0443584836363282,24.2241999689114,50974.124
4.20605620956075,0.0435870231453111,24.2221091011214,50977.03
4.20639195845656,0.0441640739020221,24.2172093926276,50979.968
4.20632681693945,0.0444661084396018,24.2254184360042,50982.874
4.20622951336465,0.0464988654002317,24.2262418292714,50985.78
4.20627357593186,0.0464086991098214,24.2265024194723,50988.686
4.20621506326325,0.0463721656963675,24.2246152314897,50991.593
4.20640174188899,0.0451518130700729,24.2263364599098,50994.499
4.20624269648572,0.0452089827461555,24.2294089233819,50997.405
4.20630333453641,0.0463623489481239,24.228943909647,51000.311
4.20631641987219,0.0467464043443746,24.2350829142471,51003.218
4.20654231378889,0.0461530059112335,24.2316787274705,51006.124
4.2061771137825,0.0470799425126626,24.2270721904644,51009.046
4.20620576062154,0.0447603220210481,24.2258918489085,51011.968
4.20656083965377,0.046029360690635,24.2263020847264,51014.874
4.20569944281252,0.0363264614589661,24.2330465202157,51017.811
4.20558106141579,0.0339699418621124,24.2219068685447,51020.718
4.20516491744918,0.0329248169775936,24.2191850223105,51023.624
4.2051039114662,0.0342055060098706,24.222170687416,51026.639
4.20517443875428,0.0341114368886399,24.2260273924565,51029.686
4.20528264216889,0.0383051056461762,24.2226891868194,51032.702
4.2050414943684,0.0376198619497382,24.2226933193099,51035.702
4.20544731273858,0.0379183362768866,24.2239959064121,51038.702
4.20546144936923,0.036271207482371,24.2178593271319,51041.655
4.20536859509959,0.0367751647754897,24.2250216022066,51044.593
4.20535313093695,0.036065680963988,24.2269315131752,51047.499
4.20540388393387,0.0351404435557797,24.2185583917331,51050.421
4.20539583928161,0.0365353138463135,24.2196996695262,51053.327
4.20532058652053,0.0343680989880386,24.2210268152858,51056.249
4.20552077873125,0.0361328102201368,24.2221288546633,51059.171
4.20536020398651,0.0364906497394755,24.2318907614028,51062.093
4.20547070097633,0.0338236169904998,24.223480605247,51064.999
4.2053082579251,0.0383066436756198,24.2238029759583,51067.921
4.20517182539562,0.0318556894877639,24.2249538696406,51070.843
4.20528161015441,0.0395091639912702,24.2206112560158,51073.749
4.20504432215222,0.0390586607824296,24.2161489792114,51076.671
4.20511884231514,0.034774229949857,24.2245650180338,51079.608
4.20523300026247,0.038537325045433,24.2276956930087,51082.53
4.20542214119981,0.037817676652838,24.2247385527193,51085.436
4.20530581890753,0.0326638448905204,24.2246371371196,51088.343
4.2053525360231,0.0352265585965506,24.2168941700759,51091.249
4.20515686578807,0.0389998337492173,24.2153771635923,51094.139
4.2055366150873,0.0371481777954045,24.22178227125,51097.046
4.20532668522234,0.0345485638770292,24.2233809183123,51099.952
4.20522194293227,0.0349818501890273,24.2165374967423,51102.858
4.20536054597553,0.0359723634754239,24.2203711720635,51105.764
4.20518198075331,0.0336215973755806,24.2226627394529,51108.671
4.20552446617795,0.035235594241422,24.2159471870884,51111.577
4.20530544454002,0.0358197584668679,24.2167362158892,51114.499
4.20547926839698,0.0324108051761456,24.2158130512803,51117.405
4.20526695944416,0.0359299756550612,24.2107654440877,51120.296
4.20523769296171,0.036270547426024,24.218793489381,51123.202
4.205097026453,0.0384683708479502,24.2214922775357,51126.108
4.20500483116909,0.0361219913293939,24.2205654665252,51129.014
4.2053108437744,0.0355817082509287,24.223561691573,51131.936
4.20528318975777,0.0325261752987309,24.2195480474034,51134.843
4.20510791284765,0.0393378167776015,24.2207318843592,51137.733
4.20511581030283,0.0350187791037777,24.2121108832149,51140.639
4.20505565417277,0.0369206326586712,24.2179561097445,51143.546
4.20533225780488,0.0340233458753463,24.2247632641643,51146.468
4.20533073004833,0.0347058183356671,24.2233343269681,51149.374
4.2055057491064,0.0355304924623791,24.2171498298627,51152.28
4.20520999149193,0.037945060688834,24.2177280831873,51155.186
4.20530246255496,0.0368329163414391,24.2190140634052,51158.077
4.20546185213233,0.0355390155709384,24.2160239150164,51160.983
4.20515390560762,0.0361506129437126,24.2127172129632,51163.889
4.20517680931177,0.0353169637746103,24.2126050425338,51166.796
4.20533513310738,0.035612383036735,24.2177515244245,51169.702
4.20545995040292,0.0321672367448021,24.220608229912,51172.608
4.20545310461148,0.0373431554321426,24.2162547893186,51175.514
4.20532304853921,0.0324502809274132,24.2246128755028,51178.436
4.20532024513871,0.0391228018409976,24.2183418514169,51181.327
4.20521712124698,0.0369464829272549,24.2166326817229,51184.233
4.20559723863138,0.0337054417970007,24.2132226380384,51187.139
4.20500869374786,0.0397900534423147,24.2179510328507,51190.093
4.20532213393663,0.0351433904450319,24.2101418987564,51192.983
4.20535357832402,0.037046849304364,24.2092578460447,51195.889
4.20528320601016,0.0363499627360612,24.2129955586129,51198.858
4.20526639956547,0.0351314733766418,24.2062899213094,51201.827
4.20546669179945,0.0359514286074494,24.2104173132226,51204.733
4.20532570895625,0.0331820665365417,24.2046878334326,51207.639
4.20535162692433,0.0331004216327449,24.2089777410993,51210.577
4.20551946846257,0.036071690697937,24.2130029943126,51213.483
4.20531606306685,0.0363020290218327,24.2066860752037,51216.389
4.20547701451141,0.033416197553651,24.2019436522793,51219.296
4.2055545614009,0.0356675699874435,24.2048084215175,51222.218
4.20539303240237,0.0366438078465547,24.2052859790913,51225.124
4.20569517890967,0.0319325876381966,24.2080229901814,51228.093
4.20512491089567,0.0349302450042789,24.2130526585978,51231.014
4.20540840257289,0.0378622312121893,24.2108611003849,51233.936
4.20549062760415,0.0344611213559581,24.204620748223,51236.905
4.20546917030364,0.039683708861893,24.2061913408648,51239.811
4.20545336818825,0.034053091005587,24.2037689076304,51242.749
4.20559040761479,0.0351337403718953,24.20564125419,51245.796
4.20551256328721,0.0351690575272521,24.2119869442129,51248.827
4.20535540416458,0.0342926981894035,24.2059316085635,51251.858
4.20545060098544,0.0358741612253491,24.2028124397229,51254.827
4.20543678986536,0.0341714448508621,24.2045855297088,51257.843
4.20557143479603,0.0362610015906181,24.2083238241469,51260.874
4.20525447398893,0.036892267527394,24.1983466208926,51263.874
4.2054403283835,0.0355090744058442,24.2009021147787,51266.874
4.20547379681172,0.0357747551139809,24.1997889251647,51269.843
4.20560039502904,0.0377433635268267,24.1985651190517,51272.749
4.20556595988291,0.0369547900117262,24.2002393314241,51275.702
4.20542385439257,0.0374764115249201,24.202785335085,51278.655
4.20536462103776,0.034216547236866,24.2025322899974,51281.624
4.20545588891728,0.0317897145463005,24.2018677148023,51284.561
4.20518124709355,0.0366886121580397,24.2069723599654,51287.53
4.20542611742184,0.0339742259286408,24.197228166492,51290.577
4.20531774483781,0.0366543757239263,24.1962593262792,51293.577
4.20561880897521,0.0351772068518881,24.1997583422539,51296.561
4.20551894600489,0.0348222485984666,24.1924766882867,51299.546
4.20528185458635,0.037556637338031,24.2013253578738,51302.514
4.20537467431778,0.0370369248912074,24.196963371985,51305.514
4.20554127900715,0.036436287189397,24.1972073184605,51308.514
4.20563301144067,0.0371492942574745,24.2018471372445,51311.499
4.20544662729296,0.0356682269711806,24.194879919274,51314.468
4.20556316759686,0.0317338927540237,24.1961992310454,51317.468
4.2055595057769,0.0368998907715321,24.2021970066648,51320.499
4.20547861681045,0.0350630066490003,24.2031435408565,51323.514
4.20542637357501,0.0350592985848199,24.1978461467018,51326.483
4.20537286839606,0.0347894913150547,24.1986078006741,51329.483
4.20532127735231,0.0340811936934106,24.1975755668917,51332.436
4.20560705870365,0.0341166297803801,24.1976760721485,51335.358
4.2058209456467,0.0338483097244212,24.2033191599083,51338.264
4.20553499928872,0.0378885798592319,24.1957775355136,51341.186
4.20560110795608,0.0329418725700468,24.2026909981755,51344.108
4.20551659710587,0.0386725722020285,24.1963351904352,51347.014
4.20538333891775,0.0369981309659616,24.1977048365295,51349.936
4.20541784996367,0.0339691429788518,24.1925571468151,51352.858
4.20543596362876,0.0356351306450726,24.1977333102122,51355.78
4.20550456281103,0.034460098599467,24.1968440823183,51358.686
4.20564322316489,0.0344059649847629,24.1891323563293,51361.608
4.20546463122545,0.0353179245244599,24.1855485899119,51364.53
4.20557827634957,0.0345067688217134,24.1949419669032,51367.468
4.20527821315743,0.0353516826951706,24.1908039209317,51370.374
4.20548413495311,0.0355036594508815,24.1953272528222,51373.296
4.2054490349963,0.0351416435189483,24.1958489962531,51376.218
4.2053207799784,0.0376651490128815,24.1927068515288,51379.139
4.20583796003844,0.0305358532398906,24.1999312843742,51382.046
4.20552790673181,0.0354945568884373,24.2000982256333,51384.968
4.20567026636772,0.0343184064511943,24.2036116459188,51387.889
4.20568214127428,0.0341019522670713,24.1986330695219,51390.796
4.20592415087311,0.0361552865302497,24.1981004038741,51393.718
4.205704266474,0.0361391986013772,24.1975997107395,51396.639
4.20569833697512,0.03608592746795,24.1949598753774,51399.577
4.20560225441334,0.0331421669213786,24.1896451895693,51402.499
4.20564074605216,0.0324854955781222,24.1946000463858,51405.405
4.20541156048498,0.0356953348330025,24.1914714360198,51408.327
4.20554304767407,0.0347859536271607,24.1892676469563,51411.249
4.20536650338518,0.033791794197292,24.1872656619077,51414.186
4.20571215358883,0.0335282433536471,24.1868266975194,51417.077
4.2053912461421,0.0354831736595047,24.1905306623994,51419.983
4.20561417182696,0.0340014545622982,24.1966873185618,51422.889
4.20542243051493,0.0342697478163473,24.1869459731682,51425.796
4.20555130722464,0.0342201977014881,24.1885820778418,51428.702
4.205678137508,0.0338951729855014,24.1954694381989,51431.624
4.20581319957699,0.0310590830640579,24.1940670911455,51434.53
4.20585347188666,0.0333225270462062,24.1935055384005,51437.436
4.20585285232632,0.035319204848824,24.1943039395589,51440.343
4.20538816845737,0.0345536263193554,24.1889949824191,51443.249
4.20574334396288,0.0344739504421561,24.2018968292031,51446.139
4.20580829654482,0.0328531156295204,24.1920576022266,51449.046
4.20575129703484,0.0317129815216538,24.1864023454341,51451.952
4.20572870777866,0.0359442596804983,24.1862424067443,51454.858
4.20549592298731,0.0331514690321979,24.1934946229919,51457.764
4.2058354673468,0.0350900290990167,24.1865790374274,51460.671
4.20583256505348,0.036542459784681,24.1858135796018,51463.593
4.20555278379447,0.0335274332996884,24.1916429687215,51466.499
4.2056721787486,0.0341254867802137,24.1882759720827,51469.389
4.20591286592021,0.0314969656643245,24.1958090239189,51472.296
4.20563753073913,0.0340233303544663,24.1901191100958,51475.202
4.20588086137672,0.0352308289471679,24.1927378081498,51478.108
4.20587715161054,0.0302567926957666,24.1929610900409,51481.014
4.2057704076469,0.0317560363751999,24.1843205732351,51483.921
4.20565417630376,0.0345683539219333,24.1808124548603,51486.827
4.20577827273641,0.0310197324361311,24.1823128291528,51489.733
4.20559808670174,0.0308114506498536,24.1862601758237,51492.639
4.20555319292934,0.0349062655636593,24.1884914328231,51495.546
4.20580237419616,0.0356867748463456,24.1892048353744,51498.452
4.2058526656834,0.0377839960465642,24.1913870663337,51501.358
4.20561513003798,0.0368121920457189,24.1896076713367,51504.264
4.20583314771324,0.034533968032902,24.1934476354964,51507.171
4.20569232093114,0.036503205018391,24.1888787300304,51510.077
4.20576059649488,0.0370476706193195,24.193746047918,51512.983
4.20590624111612,0.0346125772652452,24.1897707555146,51515.889
4.20603179752855,0.0388650743517244,24.1855825068926,51518.78
4.20597595421862,0.0332391746516705,24.1913440349364,51521.702
4.20583290201447,0.0366416856720083,24.1890415930982,51524.608
4.2057460135189,0.0325736114739509,24.1917270076473,51527.546
4.20567365910643,0.0369398303086324,24.1861188275896,51530.436
4.20578580786882,0.0358247618592133,24.1859103160744,51533.343
4.20613317355657,0.0340149812148431,24.1799388002835,51536.249
4.20565560921553,0.0343120081205657,24.1860146926328,51539.155
4.20591813274702,0.0313630891674798,24.1846037459273,51542.077
4.20597112344908,0.0323336616751892,24.1876484240366,51544.968
4.20551900763645,0.030253397031396,24.1885968436544,51547.874
4.20576495078374,0.0342234463067662,24.179434441247,51550.78
4.2056506970672,0.0363441286506031,24.179814594168,51553.686
4.20589195989637,0.0352240579770431,24.1802627770317,51556.593
4.20601806700506,0.0330275098728027,24.1840450460937,51559.514
4.20601887910038,0.0339699128973836,24.179585347261,51562.421
4.20602110869629,0.0348846532559823,24.1850318817242,51565.327
4.20604524203145,0.035293785463968,24.1916328738843,51568.233
4.20613613677842,0.0355319719129119,24.1793097906806,51571.139
4.20601039728687,0.0329419109796717,24.1867679427971,51574.046
4.20591830443456,0.0340548823114861,24.1858405565542,51576.952
4.20565005447989,0.0360589790857686,24.1871435370887,51579.858
4.20617961241721,0.032897736583144,24.1770227813951,51582.764
4.20633590248098,0.0336905651063885,24.1832134683545,51585.671
4.20599731287069,0.0348705371353334,24.1860356340358,51588.561
4.20602063280917,0.0309461991706355,24.1799537922454,51591.468
4.20616459355693,0.0318681697774423,24.1773293224477,51594.374
4.20594595281833,0.0339566523268836,24.1812266578182,51597.28
4.20589963237518,0.031326511401306,24.1811510135623,51600.186
4.20603610182282,0.0320884072333932,24.1825084462978,51603.093
4.20604282947038,0.0352457757217741,24.1776829167852,51605.999
4.20624886905398,0.0354661567112788,24.1811887781469,51608.905
4.20616793130926,0.0329972034065607,24.1889158947309,51611.811
4.20609943352918,0.0364399787405628,24.1823569452999,51614.702
4.20564920173825,0.0372946800040776,24.1882685534454,51617.608
4.20598749051564,0.0333413121796428,24.1756745186281,51620.53
4.20619131399117,0.0327603297942282,24.1768825413977,51623.421
4.20604817285237,0.0326024745471431,24.1786496178748,51626.343
4.20633614729701,0.033900802640574,24.1690966543018,51629.249
4.2058721017237,0.0315563824260554,24.1767814085386,51632.155
4.2062399473822,0.0295733153298742,24.1797970228072,51635.061
4.20611852441599,0.033424056702159,24.1764022120717,51637.968
4.20586995004009,0.0370876326713946,24.1729289375724,51640.874
4.20633611884382,0.0327247563584822,24.17701819627,51643.764
4.20603598453876,0.034661451135892,24.1789691348612,51646.671
4.20606162472914,0.0344520234236833,24.1812317224976,51649.577
4.20615061325116,0.035124005494839,24.1829807575912,51652.483
4.20626771565033,0.0336370597532185,24.183094823218,51655.389
4.20578853351613,0.0372846679961527,24.1804754517392,51658.296
4.20620799547663,0.0329412071633172,24.1807052166461,51661.202
4.20633681120152,0.0321072027612236,24.1816713494685,51664.108
4.20606247831123,0.0318535279026188,24.1801456411346,51667.03
4.20608539316966,0.0367252572233126,24.1749102948186,51669.921
4.20640355631448,0.0327819074953793,24.1792586770742,51672.827
4.20631665218049,0.033908154753328,24.1815170465587,51675.733
4.20612625088197,0.035363304774011,24.1781370282586,51678.639
4.20594135134557,0.0349699781131655,24.1750832125547,51681.546
4.20615110461532,0.0315095164832554,24.1738305625125,51684.452
4.20614592575528,0.0337780679239179,24.1837638138096,51687.358
4.20618561902445,0.0334730568667304,24.1812730377558,51690.28
4.20583934259866,0.033683042532693,24.1704898147008,51693.186
4.2060887600811,0.0332946546583396,24.17641785851,51696.093
4.20585245934202,0.0328842622451318,24.178676154872,51698.999
4.20643487029905,0.0348558733755803,24.169879912634,51701.889
4.20627558399434,0.0308250700999738,24.1703419190513,51704.811
4.20613239356239,0.0335981010818636,24.1786575218459,51707.718
4.20590263880054,0.0344091778735445,24.1759405810358,51710.608
4.20641619077272,0.0345125612010962,24.1760285168696,51713.514
4.2062316979816,0.0336304268571881,24.1732476604578,51716.421
4.2064484701282,0.0310594606138056,24.1722268167189,51719.28
4.20616633434109,0.0340067220120285,24.172458958365,51722.139
4.20632320591778,0.0336074373407634,24.1749750069914,51725.03
4.20623802385464,0.034073575124445,24.1779667852556,51727.905
4.20611717847088,0.0341838740216673,24.1705883872705,51730.796
4.20619514349131,0.0345723160149778,24.1728013614883,51733.671
4.20642969574618,0.0346601602145325,24.1758166367775,51736.561
4.20616133040479,0.0373450650096468,24.1732417118768,51739.452
4.20630077400204,0.0339650296438053,24.1693441883303,51742.327
4.20594754185215,0.0365282940109065,24.1737035040549,51745.202
4.20606929425288,0.0319766487063186,24.1674800426223,51748.093
4.20638485017083,0.0331002369890035,24.1674418582013,51750.968
4.20620826515422,0.0347428339399737,24.16858965594,51753.858
4.2063539330449,0.0335947955186311,24.1713651776913,51756.764
4.2060960303291,0.036704491235177,24.1729793726794,51759.608
4.20634867369769,0.0350287387116018,24.1775059334487,51762.468
4.20605252374374,0.0315106352942492,24.173798584156,51765.311
4.20608464960528,0.0341005834113316,24.1721223399138,51768.186
4.20633943334855,0.0335289930049604,24.1746247620017,51771.077
4.20635438150059,0.0333822033246672,24.1747785489059,51773.952
4.20634490306974,0.0341266577935581,24.1710545929982,51776.827
4.20630907150293,0.0372706464261195,24.1749144203965,51779.702
4.20616274981734,0.0353281701520888,24.1752566520748,51782.593
4.2062634865384,0.0309946448367581,24.1761076453309,51785.499
4.20601836466907,0.0352944525535209,24.1842128512254,51788.374
4.20625810177722,0.0318928043971698,24.1758863855516,51791.249
4.20627065256006,0.0329097547149027,24.1684686105695,51794.139
4.20621208562512,0.0329890900978788,24.173355693575,51797.014
4.20627378506021,0.0314358429994533,24.1691640194107,51799.905
4.20647286347856,0.0310583437372793,24.1772128408668,51802.78
4.20624743472594,0.0334772608237033,24.1773633570124,51805.671
4.20622586075516,0.0324821998993367,24.1795970034338,51808.546
4.20645731579238,0.0328465723827732,24.1724713301946,51811.421
4.20633687638761,0.0342379723067844,24.1721746733408,51814.311
4.20658344089091,0.0333931344406503,24.172001495671,51817.218
4.20662652780392,0.0340160466657546,24.172882362134,51820.093
4.20617656726829,0.0340908099865839,24.1663386416928,51822.983
4.20670588126957,0.0336363639228788,24.1739444133327,51825.858
4.20657833815846,0.0357637852728709,24.169962298501,51828.749
4.2067113846103,0.0337565547035771,24.172757826594,51831.639
4.20613020022758,0.0300953588849974,24.1782334038856,51834.514
4.20630198977173,0.0328811390418371,24.1640062593015,51837.405
4.20628167208539,0.0311383111919611,24.1664725556235,51840.28
4.20665555053922,0.0303750930143219,24.1694928452287,51843.171
4.20663809002883,0.0354193998965354,24.1714234665034,51846.046
4.20674157553888,0.0380402008351503,24.1792130978946,51848.936
4.20672235256031,0.0318507915718999,24.1751297186399,51851.811
4.20643629213583,0.0310703544911553,24.1692233205988,51854.718
4.20651309897447,0.0335588575046493,24.1651399212342,51857.577
4.20648835206634,0.0351459384804553,24.1720555420906,51860.421
4.20635517373223,0.0368207644069622,24.1699503910297,51863.28
4.20660323117221,0.0326719217626654,24.1651613480217,51866.155
4.20632277613514,0.0345446561798581,24.1742061426245,51869.046
4.20646668471937,0.0347135005624725,24.1705540437375,51871.936
4.20668003054946,0.033996908271275,24.1704512082546,51874.811
4.20650777073493,0.0346069928317359,24.1745864700931,51877.686
4.20644797086971,0.0316554868194221,24.1659205245133,51880.577
4.20635925171572,0.0306412011753177,24.1601689579721,51883.452
4.20632919893202,0.0352013779736983,24.1601547409908,51886.358
4.20642893186538,0.0333045461812735,24.1633470379623,51889.202
4.20672024444586,0.0306777247362551,24.1638741381236,51892.061
4.20677827670819,0.033426516735846,24.1768247923471,51894.921
4.20640185972235,0.0341498938599362,24.1698023803913,51897.796
4.20690232657859,0.0366244672688219,24.1722565607958,51900.686
4.20611074824283,0.0288126392166818,24.1786556584704,51903.561
4.20647102646417,0.0313622330570427,24.1711723295315,51906.436
4.20650253128738,0.0323799055007456,24.1757658349018,51909.327
4.20649240562016,0.0349429901917723,24.1645425504893,51912.218
4.20640783032039,0.0375258247996628,24.174414964676,51915.093
4.20654212396461,0.0312482091710284,24.1734351022782,51917.999
4.2065923511067,0.0313075263497694,24.1742033777179,51920.843
4.20679810016083,0.0340817069112869,24.1719318686581,51923.702
4.20658832244213,0.0279959934549224,24.1628817369339,51926.546
4.20653505298897,0.0337073549577281,24.1678025449196,51929.436
4.20652020322062,0.0314906969524612,24.171597204654,51932.327
4.20660113006041,0.0325162967013918,24.1711904476047,51935.202
4.20657236783035,0.0283048092212626,24.1695931466016,51938.093
4.20643648572644,0.0363584656558595,24.1711704786285,51940.968
4.20646139065933,0.0349030334248792,24.1660169777,51943.858
4.20656094400923,0.0330483868556539,24.1689124154896,51946.749
4.20659061893644,0.0326511038346605,24.1666117175848,51949.624
4.20703192125798,0.0358716805511919,24.1667408301032,51952.53
4.20655251845542,0.0328768032029906,24.1679592167847,51955.358
4.2065040448744,0.034131082867096,24.1641624091198,51958.218
4.2063377736594,0.0367455468109879,24.1679838866826,51961.077
4.20672413265553,0.0357088279456705,24.1725848895796,51963.952
4.20680014146346,0.0338143106772705,24.1693674833274,51966.827
4.20659885215008,0.0359975371899101,24.1599623335276,51969.718
4.20677315985408,0.0353392999849409,24.1630756796823,51972.593
4.20687113982165,0.0307398312778295,24.1630258661822,51975.483
4.20652989191334,0.0327741857076477,24.1682518985078,51978.389
4.20654395325473,0.0325120825511474,24.1662020814024,51981.264
4.20664131131315,0.032496939762796,24.1629130938531,51984.155
4.20668954750111,0.0364305050526461,24.1665540529705,51987.03
4.20639814286864,0.0319972969810946,24.1701519163082,51989.921
4.20652713745122,0.0343001760937224,24.1588298467852,51992.811
4.2067286093292,0.0328992852277658,24.1599327285989,51995.686
4.20681641463006,0.0323992106896106,24.1659344301148,51998.561
4.20683603240378,0.0373803112378974,24.158191765418,52001.452
4.20677350341659,0.0321916481873641,24.1561555592139,52004.327
4.20673368044227,0.0320836221523006,24.1579821759529,52007.218
4.20664697046709,0.0348140417930015,24.1566039715237,52010.108
4.20689071344532,0.0322340588861701,24.1638151978921,52012.983
4.20641434258267,0.0318822065665647,24.1634146681914,52015.889
4.20683361894915,0.0338781466475634,24.1625621864039,52018.733
4.20684257171195,0.0334923808266716,24.1634743182375,52021.593
4.20684484663742,0.0311390430654845,24.1631527381586,52024.436
4.20668607762113,0.0327236480668591,24.1665066511331,52027.327
4.2067932470166,0.0306806878174324,24.1594477616309,52030.202
4.20660731078983,0.0307273078616847,24.1596008831435,52033.077
4.20700500891706,0.0312729716419902,24.1599687995758,52035.968
4.20697716240572,0.032203186998798,24.1592247482867,52038.843
4.206807782459,0.0319005975560616,24.1606618455177,52041.718
4.20685301493095,0.0326050059839573,24.1646252038914,52044.593
4.20687397833339,0.0313843712031648,24.1604800566813,52047.499
4.20698558032693,0.0340120439128365,24.1462516167743,52050.358
4.20682026889516,0.0302839907251709,24.1614213750191,52053.202
4.20706647045184,0.0273992393618817,24.1584186674411,52056.046
4.20698339132145,0.0325408030679671,24.1502337641217,52058.936
4.20706706865875,0.0373076611905812,24.1572803932208,52061.811
4.2068680615955,0.0347920688165566,24.1598701104483,52064.686
4.20674145140651,0.0324226250465193,24.1512703891523,52067.577
4.20718226404234,0.0300187309392427,24.1449667918417,52070.452
4.20687996351026,0.030873817000147,24.1544631870421,52073.343
4.20673209991115,0.0272711273186035,24.1540384619613,52076.218
4.20685449192545,0.0331455476254546,24.158667436936,52079.124
4.20695203333341,0.0303330565951515,24.159980849518,52081.968
4.2068821815596,0.0322396735332592,24.1637253511841,52084.827
4.20689053957187,0.0290426412910246,24.1581608289876,52087.671
4.20689041428207,0.0290614234993552,24.1585044745007,52090.561
4.20693859027979,0.033981936046902,24.1608653331414,52093.436
4.20687501497169,0.0326072592163162,24.1629638921798,52096.327
4.20693911983682,0.0339619144074333,24.1684204636541,52099.218
4.20678611807795,0.0352570226182165,24.1588309198221,52102.093
4.20696020897197,0.0291105272372903,24.1522409771804,52104.983
4.20718719065535,0.0309918101681172,24.16095481861,52107.889
4.20691677113316,0.0306405868939568,24.1590300048512,52110.764
4.2068708134186,0.0318382624601448,24.1587674797949,52113.639
4.20685639215252,0.0331585750796484,24.1540806224228,52116.53
4.20711884753359,0.0314935839850816,24.1500945612891,52119.405
4.20701295200115,0.0336409908436469,24.1534448554062,52122.296
4.2069552142437,0.0298524378738268,24.1623516836613,52125.171
4.20685694485793,0.0323976757083333,24.1488437843195,52128.046
4.20724061200651,0.0293803852957654,24.165812408723,52130.936
4.20680897470199,0.0321208543937357,24.1542036860626,52133.811
4.20686889602765,0.0337098559807779,24.1602061843609,52136.702
4.20702989505789,0.032474084358818,24.1589814516438,52139.608
4.20701943522588,0.0340837269765621,24.1500250848736,52142.483
4.20678930416793,0.0334839228463613,24.1518862555027,52145.358
4.20703452631078,0.0315547701786068,24.1533801138283,52148.249
4.20699099405405,0.0343123566078588,24.1497422368464,52151.124
4.20719117436833,0.0303077396661007,24.1605361794183,52153.999
4.20699952306042,0.0284514152658722,24.1524907187456,52156.889
4.20727363267144,0.0296380227868717,24.1563486492245,52159.764
4.20704336161255,0.0320248557688993,24.1570936893583,52162.639
4.20703638429293,0.0333457857786535,24.1598327231201,52165.514
4.20710900699281,0.0317692391487455,24.1598678502432,52168.405
4.20711693125394,0.0322039914602805,24.1578107625394,52171.311
4.20724913385495,0.035165031429684,24.1509493852442,52174.186
4.20711961599485,0.0301793154164543,24.1517984537253,52177.077
4.20718922466387,0.0313540459610755,24.1635527071841,52179.968
4.20715160265759,0.028426024015387,24.1615665967505,52182.843
4.20699164572396,0.0291774650981215,24.1621413577749,52185.733
4.20709770554374,0.0320906998456194,24.1522431376983,52188.608
4.20737074256599,0.030220516372007,24.1575990001016,52191.483
4.20708528608146,0.0336419332704165,24.1557299661063,52194.374
4.20732238660234,0.0327698199532832,24.155552479621,52197.264
4.20717985811274,0.03309486364112,24.1569579922686,52200.139
4.20719035836271,0.0302971677675555,24.1570508879353,52203.03
4.20714652826823,0.0319528905676864,24.1591786381911,52205.905
4.20739176942781,0.033227276779048,24.1625924303082,52208.811
4.20713350372273,0.0328208244273922,24.1605203383441,52211.655
4.20734392854138,0.0329706243996106,24.1652525158132,52214.514
4.20735323343796,0.0318770299947197,24.1642013650372,52217.358
4.20717187625181,0.0322548773645101,24.1565314419351,52220.249
4.20720529018306,0.0351678727262884,24.1522998423044,52223.139
4.20731760477415,0.0305841608048266,24.1497047794105,52226.014
4.20733847043253,0.0310216591417072,24.1546386381246,52228.905
4.20710483010975,0.0328808130204351,24.1572155474104,52231.78
4.20720619422697,0.032867018861593,24.1624078081699,52234.655
4.20702241583835,0.0319536815433159,24.1530829482394,52237.546
4.20724841312095,0.0315172447462657,24.1594898686505,52240.452
4.20730008785217,0.0319271871757455,24.1568750943563,52243.296
4.20714356829362,0.029050660782637,24.1545468849941,52246.155
4.20724512357244,0.0330161470197469,24.1616666587945,52248.999
4.20744516107311,0.0326387258937019,24.1526609720393,52251.874
4.20724136835355,0.031711080755048,24.1510054116621,52254.764
4.20734226569085,0.031781156714808,24.1490489996165,52257.655
4.20746583920158,0.0314797704040983,24.1415648502259,52260.53
4.20731309475977,0.030550498731597,24.1448711490099,52263.421
4.20728234171313,0.0343916530730041,24.1499968363246,52266.296
4.20760839220972,0.0332091234967379,24.1524607620817,52269.171
4.20645318493078,0.0225301611401141,24.153902900666,52272.108
4.2062311437394,0.0230164240195437,24.1532813288637,52274.952
4.20652545626077,0.0225844452596478,24.1527017443422,52277.811
4.2062539110005,0.0230522170903146,24.1458076266216,52280.655
4.2064661697422,0.0193601117528593,24.1474644435942,52283.546
4.20204323366223,-0.000399758072516183,24.152608763534,52286.405
4.20295388884569,-0.00411673470142493,24.1539978037498,52289.186
4.20350033660692,-0.00403411715652574,24.1590003812196,52291.968
4.20359303885491,-0.000631476885496421,24.1512972322395,52294.718
4.20374959002103,-0.00220685872363351,24.1650171651372,52297.436
4.20367681906761,-0.00409139443990247,24.1612835159226,52300.171
4.20397456262463,0.000266182228705144,24.1593273888305,52302.889
4.2037443893825,-0.00318935358679163,24.1566595819498,52305.624
4.2036752981235,0.00305420722792297,24.1629114760268,52308.374
4.2039756247818,-0.00158265542925813,24.1617933046469,52311.108
4.20386185633844,0.00114969976288074,24.1645669523161,52313.827
4.20373262815883,0.0017135492076426,24.1685276828492,52316.561
4.2038812670835,-0.00314189837714892,24.1658945469238,52319.296
4.20379663567057,-0.0052890256463304,24.166833892802,52322.03
4.20375553816643,-0.00167983134389931,24.1671872894586,52324.749
4.20368549320185,4.2838999967814e-05,24.1568484850747,52327.483
4.20379201275613,-0.0026067175746213,24.1619067598803,52330.233
4.20352022738811,-0.00644608149472107,24.1677856918568,52332.968
4.2039598782013,-0.000851685261878603,24.1640150273314,52335.686
4.20334333214823,-0.00249626214384344,24.1622852761744,52338.421
4.20341415893316,-0.000597371679998816,24.1649823133317,52341.155
4.20350998431711,-0.00104120505663671,24.1679950958271,52343.889
4.20350521635409,-0.00293231156765942,24.165225902363,52346.639
4.20326887337188,-0.00138431723514247,24.1644766682007,52349.374
4.20375599478398,0.00129882019087261,24.1608774269363,52352.093
4.2033400444254,0.000610002574293365,24.166286717724,52354.827
4.20343050533545,-0.00109666404956082,24.1668544109003,52357.561
4.20303317172324,-0.000209738635037804,24.1769222934773,52360.296
4.20323232648548,0.00252923940926142,24.164522461425,52363.03
4.2035148755655,-0.000951284326517671,24.1723217535633,52365.764
4.20358301990818,1.93727283228549e-05,24.1641312000167,52368.483
4.20335298275864,-0.00198666373386195,24.1584975019705,52371.218
4.2033368094307,-0.00222740294275051,24.1597210261402,52373.952
4.20352738763039,0.00160856914223223,24.1652568927216,52376.686
4.20341339799873,-0.00277503624852283,24.1645895206902,52379.436
4.20322943596351,-0.00157029232205952,24.1622982457909,52382.171
4.20299982228694,-0.00175266940049899,24.1690756711626,52384.889
4.20338436622868,-0.00200572397679219,24.1654363102529,52387.624
4.20300235937135,-0.00265656320570475,24.1722610706326,52390.374
4.2030662480552,-0.00513777729880156,24.1574998704885,52393.108
4.20291130593582,0.00157734530992901,24.1672192423567,52395.843
4.20290821310489,-0.00532100697571199,24.1582300937736,52398.608
4.20310475026333,-0.00337391913871108,24.1581643952525,52401.343
4.20310824413953,-0.000640538489904463,24.1581504560291,52404.077
4.20292755762729,-0.00266972818072202,24.1603893719471,52406.796
4.20295377237446,0.000772671884018596,24.1622111289589,52409.53
4.20288205787338,-0.000656754307146247,24.1645899679592,52412.28
4.20302405219204,0.00315885957204834,24.1604337162267,52415.046
4.20294881627128,0.00210766702052484,24.16571623764,52417.764
4.20288400871817,-0.00318436147900271,24.159591847369,52420.499
4.20300154687471,-0.0008062307554329,24.1647870426592,52423.233
4.20281384183324,-0.00345506028852507,24.1646992452955,52425.968
4.20275679658109,-0.000812418620426347,24.1659561554876,52428.718
4.18482689434833,-0.00381269608024694,24.934104821862,52429.718
4.18435822889746,-0.00355328837675259,24.9219574661746,52439.093
3.96473078124718,-2.00968209035481,24.9390529984228,52449.312
3.94231509160406,-2.01424067283697,25.0126018640909,52458.702
3.9247000212743,-2.01117868350588,25.0946921024959,52468.062
3.90981538792086,-2.01363864277963,25.1890979032458,52477.452
3.89705803433267,-2.01069904042395,25.3087466776847,52486.812
3.88555384569678,-2.0133624526971,25.410595498035,52496.187
3.87542952934512,-2.00990957972738,25.5280035034124,52505.562
3.86612266541319,-2.01450909065586,25.6358290548453,52514.906
3.85773441173882,-2.01274042890027,25.7594356717351,52524.281
3.85005658984311,-2.01281353987071,25.8603642755418,52533.624
3.84280382879052,-2.01142759583525,25.9769571415624,52543.031
3.83624034899682,-2.01480554983604,26.1011824316493,52552.421
3.82989727707796,-2.01274047308926,26.2164798359762,52561.796
3.82450017765784,-2.01476733467908,26.3342129753958,52571.156
3.81892231208526,-2.01320847079997,26.4485591745574,52580.546
3.81376549316507,-2.01125540469218,26.5712016100642,52589.906
3.80920744241477,-2.01012481037049,26.6788715812994,52599.281
3.80457711387333,-2.01287404029469,26.7986911446895,52608.671
3.80015390903694,-2.01311018589033,26.9110020829524,52618.031
3.79597736145836,-2.0101236584414,27.0083332580294,52627.39
3.79214460850621,-2.0121382492634,27.133267569317,52636.749
3.78782392363629,-2.01010542686001,27.2389517055696,52646.109
3.78422871477436,-2.01307277626902,27.3510696598481,52655.468
3.78038756486769,-2.0121805342973,27.463568376683,52664.827
3.77661356187428,-2.01597787159025,27.5701017225888,52674.187
3.77279548638476,-2.01345111022698,27.6763367720133,52683.562
3.76887590537839,-2.01227164989817,27.7838335852525,52692.937
3.7650451695058,-2.01131923070593,27.9042874192982,52702.312
3.76118460844113,-2.01117125460896,28.0166196832885,52711.671
3.75727538488583,-2.01313037224279,28.0954454072981,52721.031
3.75341421459835,-2.01312963104543,28.20441723352,52730.374
3.74949957574135,-2.01413246629338,28.3141721274886,52739.734
3.74539595035012,-2.01141441624507,28.4096294355012,52749.109
3.74132576588466,-2.01038695602084,28.5269704533407,52758.515
3.73729165255372,-2.01145110410086,28.6359795151984,52767.843
3.73318097992909,-2.0107873667258,28.7351583352761,52777.202
3.7292090910973,-2.00975669678307,28.8152577758558,52786.546
3.72491028943257,-2.00934325914928,28.9006833332221,52795.937
3.72077266346749,-2.01322428444199,28.9939858337316,52805.359
3.71648930014774,-2.0092280801734,29.0977508129001,52814.718
3.71237189644534,-2.01382723606978,29.1922608072022,52824.093
3.70810654363359,-2.01368384489268,29.2821045011823,52833.452
3.7040455731748,-2.01259564851803,29.3629680805807,52842.765
3.69986248272217,-2.0149229243109,29.4282897175204,52852.187
3.6957887767405,-2.01563621309935,29.5050449364506,52861.531
3.69170622690427,-2.01008503220285,29.5773991476375,52870.952
3.68767397578812,-2.01159393158347,29.6455773498263,52880.327
3.68368522307203,-2.01181053785189,29.6992145983455,52889.687
3.6798030161181,-2.01351883575329,29.7198448202951,52899.031
3.67606007007979,-2.01476809215973,29.7555898656736,52908.359
3.67218047507263,-2.01353126801046,29.8350325843185,52917.734
3.66832682688418,-2.01318202215795,29.8710472468445,52927.109
3.66481689268996,-2.01332494334011,29.9327822967608,52936.499
3.66119924376556,-2.01335863375875,29.9605437262758,52945.843
3.65753105571876,-2.01172450365425,29.9867314495379,52955.234
3.65400312745329,-2.01188576109746,30.0236035101562,52964.593
3.6503003934244,-2.01322500200125,30.0478840547407,52973.984
3.64682619931328,-2.01130124230514,30.0699921925091,52983.327
3.64350274922082,-2.01353496112695,30.107983194444,52992.687
3.64007195082662,-2.01425344478958,30.1158031612555,53002.109
3.63661642977221,-2.0135680945468,30.1600550715966,53011.437
3.63339838735677,-2.01311054642064,30.1807627989667,53020.812
3.62988098010707,-2.01223224983943,30.2145531632967,53030.171
3.62658527962649,-2.01474103438294,30.225044985666,53039.593
3.62339824835094,-2.01448075066752,30.2501772827057,53048.937
3.62016660613851,-2.01196253280656,30.2613542210883,53058.327
3.61691886474836,-2.01243325850691,30.2785073930217,53067.671
3.61366299889638,-2.01432791397642,30.3160854279849,53077.015
3.6105652905398,-2.01359238946992,30.3394242424639,53086.39
3.60728708938222,-2.01502203272425,30.3534965547631,53095.734
3.60417066540337,-2.01046601912616,30.3810034971087,53105.093
3.60113328351611,-2.01354498114233,30.411727801205,53114.484
3.59790772278236,-2.00905452785289,30.4529501486512,53123.812
3.59467465302895,-2.01233715375965,30.4717550262583,53133.218
3.59166218062178,-2.01410035620889,30.4944851179554,53142.577
3.58863466142044,-2.01325626688035,30.537554157494,53151.906
3.58561941377662,-2.01382044396409,30.5656939733168,53161.359
3.58264755440627,-2.01347255621005,30.5964540486608,53170.734
3.57964855141104,-2.01191356991232,30.6405699784634,53180.093
3.57639154114714,-2.0131522436099,30.6868729172826,53189.452
3.57359940585047,-2.01523681540654,30.7032887624216,53198.827
3.57068019752768,-2.01428073753697,30.7511366011116,53208.124
3.56762409969881,-2.01118615923738,30.7993053553439,53217.562
3.56495764882391,-2.01191717657903,30.8507553062394,53226.906
3.56196985789583,-2.01179399663022,30.8918305647465,53236.218
3.55910502191974,-2.01229776321291,30.9413369786885,53245.609
3.55630873113172,-2.01238585090208,30.9906598130653,53254.968
3.55354512447184,-2.01418610318021,31.0480029860911,53264.374
3.55072676337521,-2.01370735969967,31.0857408968825,53273.702
3.54782815777143,-2.01380757021605,31.1320857823939,53283.14
3.54508203722543,-2.01228406913501,31.1715107269946,53292.484
3.5424225098371,-2.01296116176879,31.2297525940122,53301.812
3.53978038383471,-2.01447452276593,31.2876899608435,53311.202
3.53722963854707,-2.01238021208587,31.3138683163855,53320.546
3.53451506137891,-2.01145992982074,31.3722422764321,53329.874
3.53204755448685,-2.01190588513681,31.4331971175412,53339.218
3.52940376274133,-2.01372007488986,31.4667984803915,53348.562
3.52693845564332,-2.01288542340411,31.5173848276194,53358.046
3.52435109989879,-2.0121882311546,31.5686976180027,53367.39
3.52178581667907,-2.014872233007,31.6279445186271,53376.781
3.51934585418891,-2.01324617073213,31.6794311446252,53386.124
3.51668698726723,-2.01266971065948,31.6964023400427,53395.515
3.51433738233558,-2.01113280260387,31.7656556470302,53404.952
3.51182100279722,-2.01280767878761,31.8201948227039,53414.296
3.50943077883975,-2.01185487612852,31.8833902619636,53423.687
3.5070684726402,-2.01599246141198,31.9440950650516,53433.031
3.5045794884062,-2.01169554252571,31.9887238491115,53442.39
3.50237799689632,-2.01283608472319,32.0233801747476,53451.765
3.49994960180136,-2.01356830124255,32.0867938406926,53461.156
3.49759978952118,-2.01434425597699,32.1326587503909,53470.531
3.4952513839154,-2.01602247119108,32.1888343415903,53479.859
3.49308409020572,-2.01293285242228,32.2373689598072,53489.218
3.49084093655719,-2.0146271164572,32.2901420031483,53498.577
3.48872416597923,-2.01234785571195,32.3459695845194,53507.906
3.48650910503637,-2.01436582826003,32.391829254056,53517.327
3.48435871937371,-2.01229216190788,32.4395832169054,53526.702
3.4821810870617,-2.01027454114467,32.4870261275707,53536.062
3.47986294698176,-2.01101746229762,32.5449310102419,53545.452
3.47798582255046,-2.00999087083895,32.5899516496597,53554.843
3.47567735699605,-2.01376431177748,32.6388894452588,53564.218
3.47372955074614,-2.01468403788249,32.6985547282532,53573.593
3.4716428864569,-2.01286129211996,32.7550288144051,53582.952
3.46949693090597,-2.01200665932795,32.7964382526457,53592.312
3.46757017574545,-2.0144023211654,32.8445024222697,53601.64
3.46540763838417,-2.0126551873545,32.8963916150829,53610.999
3.46348404225542,-2.01248879470706,32.9416895075901,53620.359
3.46156056449626,-2.016157772601,33.0068589872743,53629.734
3.45948237229589,-2.01017389379592,33.0488460510167,53639.062
3.45769402568148,-2.01459972460157,33.0998599133351,53648.437
3.45562086106104,-2.01255355057346,33.1391723181336,53657.765
3.45368287221723,-2.01469755724006,33.2028349625329,53667.202
3.45172588347143,-2.01195926982239,33.2428543818609,53676.577
3.44980060415093,-2.01097728084668,33.2988853119104,53685.968
3.44792603213065,-2.01219073997431,33.3580451736163,53695.359
3.44595361692129,-2.01411600802814,33.3867449180945,53704.702
3.44405028893684,-2.01175266239479,33.4352822732969,53714.077
3.44223884602925,-2.01713923316374,33.4834829111518,53723.421
3.44028831466543,-2.01359333380931,33.5298224562274,53732.781
3.43842889042359,-2.01063628521633,33.5852249805011,53742.156
3.4365347154713,-2.01514869620819,33.6388693635896,53751.499
3.43491979383901,-2.01128758790788,33.6846410761982,53760.859
3.43290859945178,-2.01089162037607,33.7394060124097,53770.218
3.43099602022124,-2.01289241467637,33.7939375673669,53779.593
3.429183148304,-2.0121772196211,33.8272975453714,53788.999
3.42718063051822,-2.01138912189952,33.8955602967942,53798.327
3.42541364572012,-2.01205514171666,33.9494344439755,53807.656
3.423781667359,-2.01354080356341,34.0002123842872,53817.062
3.42166991352164,-2.01099413243169,34.0390556205483,53826.421
3.41996657632566,-2.01382089949506,34.0975808168878,53835.827
3.41808803774692,-2.00985324631347,34.1416534971392,53845.187
3.41636066590831,-2.01095864666954,34.1941139928011,53854.546
3.41436670481286,-2.01200930623733,34.2476477579889,53863.89
3.41239936695233,-2.01422825192538,34.3049389513221,53873.265
3.41070975231793,-2.0173085260344,34.3473199120512,53882.671
3.40874770432433,-2.01396601917794,34.3809345539499,53892.015
3.40697855012635,-2.01312742171506,34.4480280036138,53901.359
3.40508675593717,-2.01346501505542,34.4962778881452,53910.749
3.40323438281823,-2.01299066273937,34.5621847917484,53920.14
3.40157635033396,-2.0109238134248,34.6056718187069,53929.484
3.39958768632839,-2.0135884355974,34.6411536862856,53938.89
3.39773607483475,-2.01156224435805,34.6798269653964,53948.234
3.39605415028129,-2.01433214848019,34.7513873324333,53957.593
3.39398331968119,-2.01540465758895,34.7868881307314,53966.968
3.39214804479905,-2.01357973524294,34.8519005166215,53976.343
3.39006328355586,-2.01129289330405,34.9030370226567,53985.702
3.38836295913647,-2.0132233507438,34.9665242678427,53995.077
3.38626507948368,-2.01563001314328,35.0208549515725,54004.468
3.38437803555432,-2.01389065552327,35.0743610395818,54013.859
3.38239691578079,-2.0156136626314,35.1043465074201,54023.265
3.38047372394126,-2.01283930831455,35.1717434940866,54032.609
3.37842836424851,-2.01454566291367,35.2337264855269,54041.968
3.37652641711316,-2.01448202761961,35.2811983867749,54051.343
3.37437573353579,-2.01208479265002,35.3273673609045,54060.671
3.3724009150985,-2.01141624174229,35.3756721536032,54070.046
3.37033234831204,-2.01312271846051,35.4298845521025,54079.437
3.3682357276855,-2.01240870437093,35.4773670593422,54088.734
3.36620551362098,-2.01464312273531,35.5366166982253,54098.156
3.36393709002184,-2.01108234166282,35.5649313462872,54107.484
3.36182468458024,-2.01247873978653,35.6612263516528,54116.859
3.35980690598186,-2.01485814793294,35.6910053833191,54126.218
3.35762746143802,-2.0119572111528,35.7346309486782,54135.624
3.35546227850776,-2.01329337868348,35.7698756232773,54144.952
3.35313111544318,-2.01333279069502,35.860381830129,54154.343
3.3510342755575,-2.01242788868973,35.9157747943573,54163.749
3.34849174147907,-2.01200180494413,35.9618541409148,54173.109
3.34617579371944,-2.01186456653344,36.008965034314,54182.468
3.34394899438301,-2.01354471580042,36.0573060908844,54191.859
3.34150767672844,-2.01381423971798,36.1095743450291,54201.234
3.33892640273149,-2.01150376395621,36.1797065835553,54210.624
3.33646640920322,-2.01537141703495,36.2345046132648,54219.968
3.33398118305265,-2.0136689072882,36.2876714339224,54229.343
3.33137111666028,-2.00946462457106,36.3584125001424,54238.702
3.328618225177,-2.01163557471065,36.4238987170282,54248.093
3.3260953501352,-2.01274107067895,36.4536735287494,54257.468
3.32325205721011,-2.01126926745904,36.5149274561111,54266.859
3.32056922141264,-2.01210836323571,36.5780850106504,54276.187
3.31763854078621,-2.01449869222281,36.6225855887127,54285.499
3.31458712918029,-2.01447225207245,36.6927191504258,54294.843
3.31161795552123,-2.01359137961952,36.7318484999396,54304.234
3.30844919574368,-2.01184781092908,36.8108378207072,54313.609
3.30524124238949,-2.01377071330561,36.866793591602,54322.999
3.30192805948537,-2.01547703332726,36.9165055593103,54332.359
3.2984807544986,-2.01346911167206,36.9917285567666,54341.718
3.29485893194816,-2.01243224889811,37.0390464645319,54351.14
3.29119634950768,-2.01430997358411,37.101631185471,54360.484
3.28745072597566,-2.00963933885203,37.1528273554464,54369.812
3.28364018944311,-2.01567103760801,37.2220826773257,54379.202
3.27949610861414,-2.01379823273589,37.2832815520055,54388.562
3.27517149900605,-2.00994288777271,37.3519020127969,54397.952
3.27069630944936,-2.01113331921557,37.4136229128659,54407.327
3.26629048530885,-2.01143260481624,37.4700800645845,54416.656
3.26133211771288,-2.01271558305695,37.5389517158589,54426.015
3.25639323940607,-2.01548252118174,37.626185749685,54435.374
3.2510705718698,-2.01561159028548,37.6700725307816,54444.781
3.24558999140145,-2.0137150725119,37.7438438524085,54454.171
3.2400051491354,-2.01367851842785,37.8086960341186,54463.531
3.23407352438781,-2.01070880762355,37.8640717222136,54472.874
3.22776327883578,-2.015301400663,37.9120957424192,54482.249
3.22139050047144,-2.01566698538182,38.0014013012457,54491.593
3.21456129979479,-2.01171443245093,38.066723230726,54500.952
3.2075108118334,-2.01291992101879,38.1290256933081,54510.359
3.20025201876635,-2.01364352071299,38.1957599933346,54519.702
3.19230061334835,-2.01412393164704,38.2468816233828,54529.093
3.18432478646334,-2.01500421710852,38.3409791942092,54538.468
3.17599321054214,-2.01098794452214,38.4234933812862,54547.827
3.16712252186799,-2.01252715293125,38.4625581799949,54557.218
3.15808596617135,-2.01104188759641,38.5586958892321,54566.577
3.14861663595977,-2.01312752588364,38.6178638996482,54575.89
3.13840733289014,-2.01554984098101,38.6881131470319,54585.437
3.12767407827221,-2.01371139787865,38.8034757614172,54594.937
3.11662952306723,-2.01131021907198,38.8702291847907,54604.452
3.10494790248165,-2.01415999681979,38.9573076726375,54613.921
3.09300556963873,-2.01368874671411,39.0488097989404,54623.39
3.08071069275808,-2.01295136446111,39.1126828457657,54632.859
3.06778635769106,-2.01576620591247,39.2214692702194,54642.421
3.05474116448095,-2.00983875065149,39.3114187829843,54651.968
3.04083452946631,-2.0115476032259,39.4106135532371,54661.484
3.02670265244885,-2.01286813787185,39.5106479105423,54671.093
3.01212714480665,-2.00995606328903,39.6170076534139,54680.624
2.99680164869778,-2.01216498914624,39.7180763088116,54690.171
2.98060780351019,-2.01321534818082,39.8301232803647,54699.718
2.96318722411813,-2.01698197704511,39.9273025176989,54709.202
2.94366204420501,-2.012861196557,40.0356488644869,54718.718
2.92177442536308,-2.01270005947885,40.1535637299806,54728.218
2.89644001674964,-2.01136199993744,40.3021488958377,54737.734
2.86665390702004,-2.01497478352397,40.4041616424087,54747.296
2.83159730431548,-2.01187134674544,40.5015292247391,54756.859
2.79044321218691,-2.01159705963001,40.6492206547438,54766.296
2.74049332445162,-2.01444704964499,40.7785076588094,54775.765
2.67871374071797,-2.01391720327497,40.936091517162,54785.327
3.03594952046624,-0.000726661505605091,41.047029587745,54794.937
3.11984887996137,0.000274941732381467,41.041981634739,54804.609
3.17998129266147,-0.00130691886053349,41.0018796180856,54814.296
3.22548860979189,-0.000860652928170166,40.8815771580389,54823.921
3.26199495935431,-0.000475965246675892,40.7805323780375,54833.546
3.29280556273784,-1.36487091399825e-05,40.6507958428967,54843.202
3.31874744097209,-0.00102827094794316,40.5088934543775,54852.859
3.34149295609606,-0.00303146265927264,40.3413729411855,54862.515
3.36117560457787,-0.00167888963284076,40.2044244805784,54872.124
3.37864598732647,-0.00102394736349953,40.0177593788679,54881.749
3.39415051142193,-0.00368072105064971,39.8529865363152,54891.359
3.40811866035399,-0.00135511740398677,39.6884855566539,54901.046
3.42091333967553,-0.00218064366277685,39.4864550422903,54910.702
3.43259812242809,-0.00214968556811662,39.3444004261618,54920.343
3.44336184953158,0.000686177684727608,39.2142329473653,54929.968
3.45326509788875,-0.0011094578191845,39.0182912456176,54939.609
3.46244513637979,-0.00276479280788749,38.8248118704203,54949.281
3.47106444128248,-0.000451140773521512,38.6548797366049,54958.984
3.47902526261427,0.00133559932639353,38.512475909894,54968.656
3.48649533598029,-0.0031515574562954,38.3412749187964,54978.249
3.49358049206049,-0.00237694870295975,38.1510331773485,54987.921
3.50044688394095,-0.00261201625083349,37.9651920876306,54997.546
3.50648624738708,-0.00206738107271437,37.8253288042741,55007.187
3.51254459744676,0.00104822495058342,37.670223795157,55016.827
3.51820489571276,0.00130701510819786,37.526917718105,55026.531
3.52345250895969,-0.00154470261116124,37.3417804780717,55036.124
3.52874920482048,-0.00286431869589132,37.1709996412708,55045.781
3.53362386515944,0.000160542124935741,37.0305117320275,55055.39
3.53832179703549,0.000197925732137678,36.8808661536645,55065.234
3.54296345365915,-0.00157934422500351,36.7276815887538,55075.046
3.54723463858595,-0.00259059494508585,36.5735665307189,55084.827
3.5512021723758,-0.0017383140824344,36.4077669385036,55094.593
3.55532539516805,-0.00471152309598638,36.2642813423281,55104.421
3.55916584028105,-0.000469088127800291,36.1108090141592,55114.202
3.56272305892864,-0.00345122396551563,35.984026564094,55123.937
3.5663314770979,-0.00254421938995922,35.8441028814329,55133.796
3.56975126594881,0.000203672088107643,35.7043260547862,55143.546
3.57294778512794,-0.00181025253721796,35.5661996659526,55153.312
3.57603209511174,-0.00097518436077284,35.4258387332058,55163.171
3.57922112654194,-0.00291806824662365,35.288298484158,55172.952
3.58203484972944,-7.56523583032484e-05,35.1599283354496,55182.702
3.584903709016,0.000536792275612455,35.0475965406768,55192.546
3.58764666148472,-0.00353229858335779,34.9224545715501,55202.296
3.59023225977305,-0.0022141463675214,34.8196325277853,55212.077
3.59285580528481,7.11296876118704e-05,34.6555555262854,55221.921
3.59536497344379,-0.00234150535156977,34.5565143675189,55231.734
3.70320334756729,-0.00405052672264458,24.6715713526049,55232.734
3.33771093529028,-3.78845984679178,24.6753258008191,55235.218
3.82722935498324,1.51026637177748,24.6850896913309,55237.843
3.83927504707279,1.51036402672074,24.6939609185187,55240.343
3.8471807297252,1.51120648915359,24.7055517720139,55242.874
3.85320100795651,1.51054047508315,24.7135027715991,55245.343
3.85808669168705,1.50973014854331,24.726888348482,55247.812
3.8623095919946,1.51049806482106,24.7286513614868,55250.312
3.86630638045333,1.50878167812409,24.731802025803,55252.781
3.86980740727955,1.50876048600661,24.7334207397665,55255.249
3.8732250618655,1.510402876071,24.7331637363686,55257.781
3.87633958125931,1.50685498965477,24.7306386381215,55260.296
3.87930023886024,1.51098945203315,24.7380777053034,55262.827
3.88240424694056,1.51141390201214,24.7251051268193,55265.374
3.88484045404018,1.50736551135301,24.7352161916584,55267.89
3.88774580844447,1.50929049125929,24.7338488860038,55270.421
3.89006978982299,1.50984634167005,24.7385730343421,55272.937
3.89238890259282,1.51072642330086,24.7280517495423,55275.437
3.89474639352658,1.50669379354926,24.7194390074402,55277.906
3.89717459509729,1.5086351283113,24.7255702888001,55280.374
3.89907428413804,1.5072180287661,24.7287906426831,55282.859
3.90111502167583,1.51114906243802,24.7348478788844,55285.39
3.90339743011684,1.50672862572493,24.7386660481352,55287.906
3.90539989176276,1.51454190711253,24.7358963986545,55290.437
3.90727112363844,1.5131849145539,24.7255950602325,55292.952
3.90916807435266,1.50792793531675,24.7280293906791,55295.421
3.91106487072802,1.51066993430101,24.7301592042218,55297.906
3.91293365824145,1.51100938251417,24.7366234190783,55300.359
3.91501965007193,1.50923694422963,24.7373150197846,55302.827
3.91629320948909,1.50837304017724,24.7270500225429,55305.312
3.91828761065894,1.50632219897189,24.736318489073,55307.843
3.91976624433833,1.51008776183152,24.7395152372806,55310.359
3.92179640026461,1.50946996337227,24.7369769248896,55312.89
3.92329010848137,1.51009111701342,24.739413294618,55315.406
3.92489331215989,1.50913857777872,24.7361223468023,55317.921
3.92640697829904,1.51052766618045,24.7385664438107,55320.452
3.92766793391534,1.5098208510228,24.7354973987343,55322.968
3.92909663616478,1.50920063795373,24.7352711789673,55325.499
3.93073709128254,1.50866653645086,24.728719130179,55327.952
3.93226883404936,1.5109844499996,24.7317897203228,55330.437
3.93340263870765,1.5143102046003,24.733889837604,55332.906
3.93483538856799,1.51138050097203,24.7357127986544,55335.374
3.93621504448589,1.50745727311034,24.7471583818235,55337.843
3.93749125410848,1.51170158595959,24.7303654843437,55340.374
3.93876744512496,1.50955657396721,24.7336692739134,55342.89
3.94005447864871,1.51054122145376,24.7480996716636,55345.421
3.94147293554729,1.51125572028518,24.7390233217515,55347.937
3.94277395695692,1.51176187133958,24.7432369465209,55350.468
3.94383900313598,1.51013862632169,24.7387110656938,55352.984
3.94489480716862,1.51092324950256,24.737941923734,55355.499
3.94631629882064,1.50736182513969,24.7355633984297,55358.031
3.94740201362598,1.51098222465957,24.7514926341451,55360.546
3.94868523851081,1.51063546600345,24.7598827171943,55363.077
3.9498129083135,1.50843182588254,24.7542362496112,55365.593
3.95034017128011,1.51162099285867,24.7579486906059,55368.093
3.95165238256826,1.51284371955526,24.7605006084577,55370.546
3.95275521737471,1.51146263368241,24.7572876961505,55373.077
3.95383922434096,1.50550728684593,24.7593546863356,55375.593
3.95467529353926,1.51138416347411,24.7628093450769,55378.124
3.95573433958809,1.51016742220455,24.7665561619297,55380.64
3.95652476431142,1.50875013030379,24.7651251957898,55383.171
3.95766660935095,1.50876486011904,24.7699575215059,55385.687
3.95831797100224,1.51143821750497,24.7635299430202,55388.218
3.95958210334674,1.50967509617705,24.7657557444317,55390.734
3.96027210111298,1.50794192618075,24.7611592606936,55393.249
3.9614809690542,1.51067202642528,24.7657817331334,55395.781
3.96174473029279,1.51417874961613,24.7780965766716,55398.296
3.96294851544768,1.50814760712921,24.7799261822223,55400.827
3.96378654627574,1.50876512439698,24.7786411744711,55403.343
3.96478234338039,1.50910253305618,24.7847685866527,55405.874
3.96557122291958,1.50820041289054,24.780893087042,55408.39
3.96647217410707,1.50820993382211,24.7824099468032,55410.906
3.96709681111267,1.50833682889917,24.7840696040915,55413.437
3.96775610081499,1.50961159103196,24.7901892449494,55415.937
3.9681512937807,1.51163259267059,24.8016819734132,55418.437
3.96914296384359,1.50929381118592,24.8085379435936,55420.952
3.96994972221576,1.51070148470887,24.8093913621021,55423.468
3.97034466460146,1.51244638582716,24.8165915567865,55425.999
3.97121192027281,1.51120932673958,24.8225768972692,55428.515
3.97181098091947,1.50960481851583,24.829108572618,55431.046
3.97265993384989,1.51127244284346,24.8323613118861,55433.562
3.97335302224644,1.51091920653769,24.8319685656079,55436.093
3.97407441934653,1.51158794971687,24.8286259834369,55438.609
3.97482619416536,1.50861661322741,24.8376695793915,55441.124
3.97534485110123,1.51299434347135,24.8416172108941,55443.656
3.97605673181391,1.5111043007518,24.8434379014963,55446.171
3.97665415647449,1.51068925858914,24.8415764996755,55448.702
3.97725842084328,1.50906146841827,24.8561756637828,55451.218
3.97805171973367,1.50914243030199,24.8477671421404,55453.702
3.97839873185364,1.51394388206441,24.8489418926824,55456.156
3.97895745336884,1.5101435742624,24.8488058370601,55458.624
3.97998124522518,1.50529930437574,24.8506343812031,55461.109
3.98028992313182,1.50676973322162,24.8582994708243,55463.64
3.98082752642678,1.51024523695073,24.8615165795882,55466.156
3.98124645317493,1.51203219862349,24.8708838813247,55468.687
3.98189393617501,1.50915041467444,24.8848279622077,55471.202
3.98233714598293,1.51305736322198,24.8877459685211,55473.734
3.98290863718236,1.50896919824332,24.8976626273646,55476.249
3.98341925880716,1.51182020741665,24.8875300857961,55478.765
3.98399641140788,1.51129934117563,24.8883274920587,55481.296
3.98485722351343,1.50861562204186,24.8907727330812,55483.812
3.98544915857521,1.50863425191423,24.8945820774618,55486.343
3.98604720105155,1.51024063824236,24.8997813839284,55488.859
3.98605400755114,1.51011031098455,24.9109818052024,55491.39
3.98660687064047,1.51071279437994,24.9300021864227,55493.906
3.98698463432744,1.50849390375323,24.9335501826446,55496.421
3.98763372653882,1.51177764152824,24.9308556680894,55498.952
3.98815086732841,1.51129206773974,24.9351252709012,55501.468
3.98872554795674,1.51081685453168,24.9370429642861,55504.062
3.98911060557674,1.50846552556609,24.9426508603206,55506.515
3.98954866579464,1.51115320858605,24.9465536464296,55508.984
3.99011100564918,1.50966386769481,24.9528547001503,55511.452
3.99047445571662,1.51071455691976,24.9529012649203,55513.984
3.99083648790421,1.51052594494157,24.9590614993011,55516.499
3.99128365278011,1.51106887078086,24.9724618775501,55519.031
3.99169700504835,1.50864170293333,24.9805450499816,55521.546
3.99223676217842,1.50925689001346,24.9765339064688,55524.062
3.99261730665522,1.51404603447319,24.9861647921942,55526.593
3.99319796518017,1.51027473984821,24.9968552822707,55529.109
3.99345351515066,1.51140975115177,25.0016529389138,55531.64
3.99387450898534,1.50988128586637,25.0073385244344,55534.156
3.99450297700411,1.50752615547432,25.0121492398344,55536.687
3.99497491100857,1.50730200866851,25.0226493180861,55539.234
3.99534989190997,1.51035746065281,25.0096636085916,55541.749
3.99559729786249,1.50913012636246,25.0247700554514,55544.281
3.99603026642971,1.50954194229817,25.0299263741072,55546.796
3.99657437823681,1.51206030048038,25.0267217026824,55549.312
3.99684074706548,1.51038725615355,25.0317916922645,55551.843
3.99711943479607,1.51037272001428,25.0352482669386,55554.359
3.99797839561841,1.5093686699319,25.042498738154,55556.89
3.99798202969681,1.50924646527582,25.0431156962663,55559.406
3.99874083134304,1.50777933241104,25.0402192954851,55561.906
3.99879675350249,1.51086627103617,25.0520718121274,55564.39
3.99920554284929,1.5133822945091,25.0592616422086,55566.859
3.99951575358954,1.51188199487775,25.0672400065016,55569.359
3.99998277929499,1.50803663756145,25.0746499651232,55571.843
4.000511944832,1.51025585195493,25.0810870731497,55574.312
4.00120972328944,1.50620608062089,25.0784796397564,55576.827
4.00152425588005,1.51253743190148,25.0954251964706,55579.359
4.00185874212066,1.51041358499201,25.1003780909041,55581.874
4.00191432269877,1.51264700723259,25.0924536139142,55584.39
4.00241812509017,1.50843893429501,25.1042790213315,55586.921
4.00284313050843,1.5081174421836,25.1135241222997,55589.437
4.00319932549351,1.50939886139196,25.111670611446,55591.968
4.00347990391948,1.51169146538789,25.1117166602576,55594.484
4.00406001600816,1.51258968173543,25.1305456001002,55597.015
4.0045235493586,1.50707292329855,25.1351241426933,55599.531
4.00453220340412,1.50790104596227,25.137167885284,55602.062
4.00498127460193,1.50907984808885,25.144419780934,55604.577
4.00548829997443,1.51035447277469,25.1489487497627,55607.093
4.00585505701789,1.51183789400348,25.1481011528145,55609.624
4.0061853500693,1.51247712326382,25.157385122811,55612.14
4.00637395762664,1.5151376357599,25.1676280932792,55614.671
4.0069278789745,1.51090424846614,25.1730947647334,55617.187
4.00758274323246,1.51275713031269,25.1752358108494,55619.718
4.00762707347605,1.51057408480989,25.1837077885195,55622.234
4.00776922844867,1.51035837819135,25.1797228597663,55624.749
4.00839214667708,1.50896410391603,25.1876962958157,55627.281
4.00884927082417,1.51593579886298,25.1989431519351,55629.796
4.00979193508017,1.50671125451674,25.2050494052545,55632.327
4.00980281616537,1.51503053025338,25.2030228696693,55634.781
4.01025062320822,1.50710452040456,25.2134577462827,55637.249
4.01018818272511,1.51124075452392,25.2129136635804,55639.781
4.01097242989637,1.50835439035253,25.2189464464982,55642.296
4.0111895676942,1.51268947759924,25.2196681440596,55644.812
4.01175277980101,1.5054534131841,25.2378822803715,55647.343
4.01207566905458,1.50919461839922,25.2453896222925,55649.859
4.01265626122921,1.50774893883057,25.2391650950066,55652.39
4.01285023317434,1.50781192989733,25.2373479824186,55654.906
4.01316917056712,1.5095595076907,25.2488296636377,55657.437
4.013424420365,1.51067545831921,25.2534736140454,55659.952
4.01366309972467,1.51175460454093,25.2613556695462,55662.484
4.01405043989425,1.50764149563926,25.2637190706594,55664.999
4.01461477978858,1.50988082220885,25.2661556693114,55667.515
4.01484096587173,1.51242361425825,25.281966624908,55670.046
4.01529847175333,1.51184542827993,25.2890677930232,55672.562
4.01596335702435,1.50729769024466,25.3002551636145,55675.093
4.01603841255934,1.51076382457038,25.3029114959701,55677.609
4.01656996913607,1.50545063302983,25.3118325771111,55680.14
4.0167596978191,1.50824396069773,25.3096441085835,55682.656
4.01716323063633,1.50900768629342,25.3050834485161,55685.187
4.01758058601477,1.50887097739218,25.309633374538,55687.702
4.0179023567324,1.51031652756431,25.323715734755,55690.218
4.01785967364149,1.51660862677562,25.3221789415918,55692.749
4.0186141223017,1.50907983802395,25.3307867423561,55695.265
4.0193029020908,1.51157005580176,25.3343043948939,55697.796
4.0193400784247,1.5125769821824,25.3328106989693,55700.249
4.01974984716568,1.51051974132196,25.3440602826806,55702.718
4.02002523242844,1.50982350502995,25.3594476522648,55705.281
4.02054137108681,1.51131947469936,25.3530299947274,55707.749
4.02060442113391,1.51206119107777,25.3640900429513,55710.218
4.02096349835346,1.51045765457378,25.3643285611059,55712.734
4.02152092243951,1.51197057236403,25.3658671695432,55715.265
4.02206160688314,1.50925439039084,25.3814839157567,55717.781
4.022238989895,1.51146142300033,25.3817951447798,55720.312
4.02264442399516,1.51135465846544,25.387475588477,55722.827
4.02298367550694,1.51128331639715,25.3892101612008,55725.359
4.0234323911817,1.51087990344543,25.3949479979949,55727.874
4.02379270552118,1.51072248805066,25.3993013092078,55730.39
4.02394680039093,1.51209296909209,25.4125494204399,55732.921
4.02451368238923,1.51073812278258,25.4184713105003,55735.437
4.02491977767292,1.51034779975304,25.4265002084557,55737.968
4.02499858655694,1.5121605758034,25.4349575393974,55740.452
4.02558942040078,1.51116733884475,25.4379756795904,55742.952
4.02578256475662,1.50986517145909,25.4417686749792,55745.421
4.02661533702796,1.51293471100382,25.4570459822639,55747.921
4.02626401432488,1.50870889446586,25.4569906631542,55750.468
4.02714019852847,1.5104316394926,25.4653929996447,55752.999
4.02734033004229,1.51061651298044,25.4697845591185,55755.515
4.02776653278254,1.51101314220379,25.4664025342728,55758.031
4.02824626604682,1.50849765637385,25.472814310412,55760.562
4.02876556186286,1.51322002073841,25.4845466986099,55763.077
4.02855534943015,1.51426245144594,25.4894738415804,55765.609
4.02945428715854,1.50970373579759,25.5015273941443,55768.124
4.02957881992641,1.51154635512809,25.5063252954676,55770.656
4.02990257935288,1.51011027423176,25.4978415137709,55773.171
4.03023057211416,1.50821720658447,25.5068303171243,55775.702
4.0305286740472,1.51077892692548,25.505321214353,55778.218
4.03113999230779,1.50886421105374,25.5248105018732,55780.734
4.03132071589031,1.51381640201512,25.5314601120832,55783.202
4.03171317084995,1.50809931778581,25.528394680389,55785.687
4.03190419607558,1.51104237061351,25.5369916807615,55788.156
4.03233246433569,1.51140162908271,25.5499425526859,55790.624
4.03278207078311,1.51208801559247,25.5562725499368,55793.109
4.03314641848609,1.51114216798003,25.5646942208127,55795.624
4.03327331255573,1.51084550090296,25.5661343847957,55798.14
4.03399888498143,1.51034202106172,25.574568532896,55800.671
4.03389132284802,1.51213992941936,25.5690299126858,55803.187
4.03450051563521,1.51186646016812,25.5785160116667,55805.718
4.03506259272441,1.50840191987025,25.5860245565612,55808.234
4.03522524169612,1.51032335281775,25.5936020282047,55810.765
4.03509356421235,1.51674909933834,25.5890564736268,55813.312
4.03592308757871,1.50874270014927,25.5973446764206,55815.796
4.03641714816146,1.50765407929847,25.6102083876436,55818.359
4.0365310534753,1.50782972189365,25.6161510117153,55820.874
4.03681698496244,1.51215525239821,25.6272762183009,55823.406
4.0371185761868,1.51147574016551,25.6345931913396,55825.874
4.03770910914776,1.50756491995694,25.6378297970717,55828.343
4.03841415838885,1.51003972141524,25.6371414382861,55830.812
4.03826702457714,1.50776247454765,25.6454119463136,55833.281
4.03877823715491,1.50989169157543,25.6487642407956,55835.749
4.03922834715565,1.50618736602328,25.64787447443,55838.281
4.03960049797492,1.51102678870868,25.6491363560107,55840.796
4.0400848655761,1.51348409080563,25.6604383654057,55843.327
4.03987215042384,1.50796868236469,25.6682027548909,55845.843
4.0409425603418,1.50674578342208,25.6822385666528,55848.359
4.0407492309374,1.51166003357504,25.6847543775666,55850.89
4.04091670329253,1.50676842333126,25.6936665273066,55853.406
4.04173576191012,1.50773057712222,25.6907123846401,55855.937
4.04168841465949,1.50985224749881,25.6902120858874,55858.452
4.0424515561331,1.51281799165247,25.6938340902511,55860.984
4.04252733542618,1.51295609994799,25.7024477939299,55863.499
4.04278639994492,1.50967682061888,25.7187079337481,55866.031
4.04332829319604,1.50834964383145,25.7197976257675,55868.546
4.04378230547287,1.50951795486435,25.7221698216532,55871.077
4.04407048865176,1.50917918630686,25.7251990347423,55873.593
4.04448836132027,1.50883737708066,25.728650603803,55876.109
4.04464447471835,1.51506416770873,25.7430250147154,55878.64
4.0453141126283,1.51177275101579,25.7497325441637,55881.156
4.04570520290781,1.50743417984953,25.7614409618125,55883.687
4.04581143383436,1.51197159827622,25.7748647325993,55886.202
4.04589908368523,1.51133975133603,25.7756903557825,55888.687
4.04663345559853,1.51134617869405,25.7771523564138,55891.156
4.04717891646954,1.50753984958967,25.7862052015183,55893.624
4.04705723099435,1.5099858402297,25.7931081166528,55896.171
4.04752010317325,1.50826421619458,25.7891009158683,55898.671
4.04806998447818,1.51157326418581,25.8019992834377,55901.14
4.0485714527725,1.51055195594632,25.8086347823622,55903.656
4.04865034184123,1.50751481350673,25.8057778491214,55906.187
4.0490964620157,1.51034913736677,25.8200109020332,55908.702
4.04961833823566,1.50507275291623,25.8345811917722,55911.234
4.04970702268744,1.50950434696899,25.8349751170717,55913.749
4.04982919181602,1.51013524241084,25.8231480048247,55916.265
4.05029942254161,1.5103988605431,25.8243377366432,55918.796
4.05052749981785,1.51129826561431,25.8290114014017,55921.312
4.05105199003023,1.51198318516923,25.8517647369296,55923.843
4.05124148878609,1.51097208391427,25.8422443860238,55926.359
4.0516806679143,1.51102049239346,25.8516955557532,55928.89
4.05229464808892,1.50622694550222,25.86244462679,55931.437
4.05241089027357,1.51195845965355,25.8757863841583,55933.952
4.05279369521031,1.50971499157767,25.878626047323,55936.484
4.05309703233582,1.51194244889582,25.8922825183426,55938.999
4.05367074376088,1.50749429033347,25.8948808312327,55941.531
4.05383597198572,1.51220571019148,25.9022056349361,55944.046
4.05415176925378,1.51111691806604,25.9085668591103,55946.562
4.0544053804718,1.51267219761817,25.9176111283978,55949.093
4.05483552045589,1.50892506736487,25.9223428196788,55951.609
4.05529686895823,1.51142881563786,25.9176983738059,55954.14
4.05558443667446,1.51122018432102,25.9278791285749,55956.656
4.05576862742281,1.51361494265241,25.9321380288666,55959.187
4.0563534420416,1.51034299173517,25.9437603451108,55961.702
4.05648363665591,1.51177561599292,25.9574206407839,55964.218
4.05683433799511,1.51063120828356,25.9607132366814,55966.749
4.05718465382425,1.51041221011718,25.960764140426,55969.265
4.05760021724014,1.50798181635177,25.97003860381,55971.734
4.05826272971733,1.51106251860894,25.975440810252,55974.234
4.05841446656266,1.50976239699846,25.9784579338641,55976.749
4.0588229831568,1.50938621449743,25.9889000579688,55979.218
4.05919983398398,1.509222543727,25.9917235884381,55981.687
4.05952932062741,1.51065524726115,26.0077486287172,55984.156
4.05966313665669,1.51236986829587,26.00667818319,55986.671
4.06010835465213,1.50779919097947,26.0046415959199,55989.202
4.06046680803307,1.5108461845802,26.0141254492857,55991.718
4.06084586530882,1.51306026116422,26.0170980837619,55994.249
4.06117552743945,1.5105961669671,26.0042233951646,55996.765
4.06158323450804,1.51094462945404,26.0180175088244,55999.296
4.06210427914544,1.51034526762505,26.0321618661404,56001.812
4.06223741513748,1.50872131057285,26.0430663042563,56004.327
4.06248033678506,1.51165541556885,26.0537960884385,56006.859
4.06289977112468,1.51299166575207,26.0622133784391,56009.374
4.0633004750878,1.51101934621131,26.0627844521195,56011.906
4.06355845899594,1.51195661804343,26.0700669972654,56014.421
4.06400187227995,1.50888875545477,26.0788991376647,56016.952
4.06452178766529,1.50429179313771,26.0829963899502,56019.468
4.06478221588891,1.50905929805901,26.0917255233807,56021.984
4.06512179973311,1.50991354268411,26.0943898386499,56024.515
4.06535996810778,1.51004754709832,26.1033976669356,56027.031
4.06592662926423,1.50777080390782,26.110271844972,56029.562
4.06641161509375,1.51049751889946,26.1171808852399,56032.077
4.06661450922176,1.50794923370498,26.1114072004729,56034.593
4.06692617843941,1.51081768439647,26.1134427916497,56037.124
4.06735059698957,1.50805073000332,26.130580186016,56039.64
4.06767408152126,1.51150386082868,26.1246695890687,56042.109
4.06810375011567,1.50901600936948,26.1423582774322,56044.577
4.06834902547655,1.51354738929859,26.147406486732,56047.046
4.06842140392926,1.51128867661213,26.1624093357634,56049.546
4.0690943146401,1.50958765460391,26.163214018493,56052.077
4.06932648829502,1.51080308864871,26.176216088623,56054.593
4.06988422306011,1.51170467142751,26.1813215586693,56057.124
4.07003529103036,1.51044774809325,26.1890166066731,56059.64
4.07056627469277,1.50841311446361,26.1903252669583,56062.171
4.07103372376888,1.50894110712191,26.2058449750932,56064.687
4.07143334115725,1.51052140794952,26.2037068214633,56067.202
4.07176395207446,1.51135968729647,26.2046319896858,56069.734
4.07200250327474,1.50937983329906,26.2123851571245,56072.249
4.07240258733046,1.50745248745291,26.2256935200957,56074.781
4.07255603613781,1.50979532233079,26.2334733239019,56077.296
4.07308728182964,1.51062411534097,26.2383721109771,56079.827
4.07322452456873,1.50655979589057,26.2433134124721,56082.281
4.07382191967772,1.51010175445707,26.2517021333925,56084.765
4.07420594847207,1.50887510135604,26.2661214248655,56087.234
4.07437590330814,1.50864874557968,26.2692543183802,56089.702
4.07527861167779,1.50899166728124,26.2654960139842,56092.187
4.07520548320099,1.50819893712531,26.2789838931041,56094.702
4.07579643319344,1.51220969009551,26.2805720473928,56097.218
4.07591074138338,1.5110940183433,26.2748398863579,56099.749
4.07635643499955,1.51049050002436,26.2893541326242,56102.265
4.07694264953772,1.51258248175244,26.2930735140566,56104.796
4.07708371225615,1.50881801044794,26.291990491707,56107.312
4.07764401229692,1.51201571124659,26.2968037478034,56109.843
4.07790486405411,1.51045482541519,26.3154968528295,56112.359
4.07807733831852,1.51428942008077,26.3297923533901,56114.827
4.07867234823085,1.51342753705894,26.329292249151,56117.374
4.07933137379231,1.51224011425216,26.324382134962,56119.859
4.07960294686574,1.5096681090153,26.3280250124733,56122.312
4.07986846981317,1.51043376598909,26.3207662982363,56124.781
4.0802448486699,1.51025365305699,26.3368609997589,56127.281
4.08046389848687,1.51083008359098,26.3508692609447,56129.796
4.08090486994916,1.51038301369523,26.361024351757,56132.327
4.08145829838203,1.51382004416289,26.3747718062914,56134.843
4.08168065071755,1.5096268825406,26.3828186354356,56137.359
4.08226000268507,1.50800448016547,26.3854137594492,56139.89
4.08261928927505,1.51111079591131,26.3980568505651,56142.406
4.0829341783177,1.51006642435933,26.4011063613267,56144.937
4.08326733301054,1.51047069439596,26.394093841871,56147.452
4.08356566396601,1.50966876976794,26.3976415986259,56149.984
4.08402575315804,1.51217117356579,26.4238625556793,56152.499
4.08421717720672,1.50953392853714,26.4290209306505,56155.031
4.0848046184351,1.51168606018062,26.4399941187881,56157.546
4.08530475831204,1.51092429861164,26.4534735495457,56160.077
4.08570033428294,1.51266128006683,26.4570538012096,56162.593
4.0859665673114,1.50837909295964,26.4541053311909,56165.109
4.08631611792417,1.50743138657005,26.4609905047128,56167.64
4.086858328602,1.50762949953945,26.4590684034511,56170.156
4.08705461887637,1.50956965504733,26.4677153725165,56172.687
4.08764972427306,1.5098617910826,26.473683996979,56175.202
4.08763585037321,1.51181664603698,26.489156351792,56177.718
4.08815561595006,1.50961326103135,26.4890626383336,56180.249
4.08872338779595,1.50873657781399,26.4888548816422,56182.765
4.08901667684967,1.51245599037227,26.495033995619,56185.296
4.0894295088562,1.51043235154766,26.495551990654,56187.812
4.08983075800888,1.50955984594647,26.4962041879442,56190.281
4.09032327224054,1.50865829960765,26.4978084250168,56192.781
4.0903552424467,1.51166329739879,26.5112995034202,56195.312
4.09102926261627,1.51002743069932,26.5143545591425,56197.765
4.09152109722123,1.51003498917789,26.5302788309357,56200.249
4.09170749786517,1.50711355961143,26.5384881300412,56202.702
4.09212516264227,1.51029063672352,26.5428508665099,56205.171
4.0926127579611,1.51317798566408,26.5509678261493,56207.656
4.0927406777891,1.50947307094332,26.5527064836184,56210.187
4.09329568056275,1.50998214667607,26.5525749524406,56212.702
4.09391575483274,1.51047271536156,26.5583664634569,56215.218
4.09437177206033,1.50916064064621,26.564900133042,56217.749
4.09432887929327,1.51373390935829,26.5725636623512,56220.265
4.09491594517276,1.51278271989218,26.5871908720063,56222.796
4.09528643788651,1.5103138687234,26.5773159558288,56225.312
4.095570603748,1.51092737451371,26.5960129883293,56227.843
4.09625984427055,1.51257114555114,26.6042965566283,56230.359
4.0967244771392,1.5107312574845,26.6052524627501,56232.952
4.09686649686099,1.51155052734332,26.6133242867288,56235.468
4.09692733844356,1.51389921042044,26.6192063686122,56237.984
4.09762779373724,1.50957772102202,26.6264202800164,56240.515
4.09803627424936,1.51161803599162,26.6305600403617,56243.031
4.0984320506312,1.51304693796736,26.6370712621588,56245.562
4.09897044326733,1.51014475798645,26.6483977937609,56248.077
4.09954425228755,1.51175025718957,26.6550946845686,56250.609
4.09966233458032,1.51003780578233,26.6645451355348,56253.124
4.10007091340048,1.50861055878173,26.6677455388773,56255.656
4.10060242624827,1.51147384677236,26.6710841152403,56258.171
4.10091390779496,1.50992029813949,26.6790254068839,56260.687
4.10123321235469,1.50918794241319,26.6922292302912,56263.218
4.10166457297959,1.51045578132303,26.698879856767,56265.687
4.10221155094224,1.5069703337953,26.6994851927486,56268.156
4.10281598349502,1.51295984043693,26.7017793247124,56270.999
4.10329681025213,1.50523590439182,26.7081715259128,56273.562
4.10340935958876,1.50843679534015,26.7102238898338,56276.109
4.10399480303878,1.51024091479444,26.7061939761788,56278.687
4.10445641190529,1.51097700214885,26.6974420725359,56281.249
4.10465463819703,1.51077849679348,26.7002567552815,56283.796
4.10525237472173,1.50921763812792,26.712299202755,56286.359
4.10581625866202,1.50967336625443,26.7363670620221,56288.968
4.10601983404187,1.50866831465255,26.7517731903378,56291.624
4.10637036848581,1.51051167883183,26.7528720611088,56294.234
4.10698180040727,1.51434570757041,26.770491123601,56296.796
4.10761888524661,1.50842648281123,26.782857970812,56299.359
4.10794074242265,1.5109801496368,26.7758111958762,56301.921
4.10807978719316,1.51074156910389,26.7959225658216,56304.484
4.1086938777957,1.51247900424452,26.8018945500601,56307.046
4.10913486387674,1.5085711404894,26.8086415479523,56309.593
4.10954009952868,1.51118694331051,26.820047405338,56312.156
4.1098725420651,1.508372543714,26.8245795276658,56314.718
4.11023778425519,1.51027009707232,26.8297229102494,56317.281
4.11058286879427,1.5092809879599,26.8366865248597,56319.843
4.1111548836816,1.51264500947582,26.8439955840633,56322.406
4.11151376440655,1.51177347250453,26.8387986489253,56324.984
4.1119303053568,1.51239491676175,26.8504944834367,56327.546
4.11272500341885,1.5107401563015,26.8540512714303,56330.109
4.11290237142971,1.51501110887491,26.8633736889854,56332.671
4.11318089031174,1.51077719491294,26.8740101836086,56335.234
4.11369313897925,1.51070012042517,26.8752805132335,56337.796
4.11412213634146,1.51122319935115,26.8810832540888,56340.359
4.11462160184684,1.50999266754356,26.8834809826243,56342.921
4.11517884781045,1.50980764125348,26.8992350789977,56345.484
4.11556725288546,1.51013626533472,26.9052539594469,56348.046
4.11608105453947,1.51147214870583,26.9135211866128,56350.593
4.11652942846543,1.50904103355163,26.9168349746456,56353.156
4.11658780384381,1.50718179798394,26.9052806787299,56355.718
4.11716436207201,1.50919256580884,26.9137240823857,56358.312
4.11778033648546,1.51061619003378,26.9351557248627,56360.874
4.11824038341803,1.51309157401384,26.9518913276325,56363.437
4.1184729839229,1.51029167585384,26.9566375008461,56365.999
4.11891222669008,1.51151908797028,26.9670439486753,56368.562
4.11917669996515,1.51142218479585,26.9767429238774,56371.124
4.11966770343413,1.51167222112418,26.9754976870069,56373.671
4.12046181261506,1.51282810872887,26.9835947150979,56376.234
4.12063903668675,1.5089823212671,26.9871638194112,56378.796
4.12140959700438,1.51143878599292,26.9959755918807,56381.359
4.12147575192216,1.51045731993238,26.9873923586501,56383.921
4.12215597478104,1.50967786404711,27.0021923764478,56386.484
4.12242576936921,1.50973040376252,26.9993506985049,56389.046
4.1228915327471,1.51331241556234,27.0277998405506,56391.609
4.1235347905021,1.51295336003426,27.0256698528068,56394.171
4.12373120430001,1.50882917390374,27.022374106092,56396.734
4.12427901729511,1.5127503447749,27.0307031753217,56399.296
4.12475165469493,1.50960025090511,27.0369362182543,56401.859
4.1250420717188,1.50762335250434,27.0441490012995,56404.421
4.12593958301788,1.51602311838391,27.0566399014428,56406.968
4.12582912025033,1.50880594662769,27.0686282246477,56409.531
4.12650167877562,1.50907830084604,27.0654894177179,56412.093
4.12683521133762,1.51285761935231,27.0816956232091,56414.656
4.12749493353331,1.50813943766892,27.0815701249041,56417.281
4.12795832849122,1.51067665048157,27.080505953624,56419.89
4.12842458254003,1.5094226976157,27.0897459690824,56422.484
4.12871510553906,1.50933199393019,27.1003092555404,56425.046
4.1291721781508,1.5101105939496,27.1080655575262,56427.609
4.12979957017641,1.50956962249463,27.1050242896543,56430.171
4.12995062518175,1.51321261449738,27.1199080550847,56432.734
4.13060146435762,1.50876181024261,27.1208939439073,56435.281
4.13108429267362,1.50885757486735,27.1146135852017,56437.843
4.13151265847452,1.51018253265153,27.1184510341574,56440.406
4.13180552348095,1.50955086593148,27.1519225108104,56442.968
4.13243424480443,1.50957852349412,27.1632488886289,56445.531
4.13275761483176,1.50796881335397,27.1720809529153,56448.093
4.13311834476914,1.51079311725672,27.1789785650478,56450.64
4.13382218429824,1.51327463605096,27.1855487261499,56453.202
4.13403725269528,1.50964914654767,27.173251510732,56455.765
4.13466090596337,1.51261603255172,27.1970718503782,56458.327
4.13520150331821,1.50838215659827,27.2127788368001,56460.89
4.13564677710046,1.50815850937429,27.2206391676017,56463.452
4.13580241716488,1.51272118803804,27.2141403178314,56466.015
4.13639332321874,1.50943331182875,27.2243845944286,56468.577
4.13691661057168,1.51083852373061,27.2296903299345,56471.14
4.13711635486923,1.51177688942078,27.2372776883275,56473.702
4.13768102622113,1.50884588798327,27.2459769012133,56476.265
4.13807521728262,1.5103807263223,27.2682702479106,56478.827
4.13840066362221,1.50922343858668,27.273438619172,56481.39
4.13912557786354,1.50877642328793,27.275640650113,56483.952
4.13956560391563,1.50820935924795,27.2866530887656,56486.515
4.14001125661693,1.51067630306025,27.2915546795286,56489.077
4.1404468304876,1.51245967907874,27.2876076031097,56491.624
4.14104787445173,1.5095970275798,27.3042704438224,56494.187
4.14141762213196,1.50987328388394,27.3180864942931,56496.749
4.14185589034887,1.50765451614317,27.3100144683809,56499.312
4.14236341789436,1.50870945541423,27.3292043446902,56501.874
4.1426572603951,1.50839320223639,27.3349962299074,56504.437
4.14320483899405,1.51109504656003,27.3378029527242,56506.999
4.14401079668611,1.51110851230968,27.3351996156824,56509.562
4.14426305616101,1.511838596198,27.3440333089627,56512.124
4.14475133870335,1.51095951473391,27.3466278643037,56514.702
4.14514377527549,1.51280056251147,27.3566385510966,56517.249
4.14556947787714,1.51226297112337,27.3656304452906,56519.812
4.14577321196733,1.51120158761466,27.3771929457669,56522.374
4.14604297198624,1.50820675828954,27.3676510458711,56524.952
4.14676695176708,1.51062601076863,27.3746412959444,56527.515
4.14736053126621,1.51030040308339,27.378996298517,56530.077
4.14788340133287,1.51005515717327,27.3876908923062,56532.64
4.14812459518374,1.50985001364436,27.3988708912838,56535.202
4.14874547617061,1.50692873083319,27.418708889568,56537.765
4.14937685009123,1.51183025374212,27.4316484202285,56540.39
4.14962767347171,1.51030046471773,27.4412144223897,56543.031
4.15009147884468,1.50937307500318,27.4504679939541,56545.64
4.15051880045672,1.51272668966972,27.4669927227196,56548.202
4.15097839735907,1.50935723953404,27.4767907411841,56550.781
4.15142534846306,1.50773511443307,27.4858816622736,56553.327
4.15214020114723,1.51119699325279,27.4932494674719,56555.89
4.15257626636051,1.51131403790007,27.4997691559394,56558.452
4.15271298102412,1.51178506424932,27.4977296360195,56561.015
4.1535394398465,1.51015786777192,27.5039736379194,56563.577
4.15363354285204,1.51103007553829,27.5165218662569,56566.14
4.15423977189398,1.51110864063582,27.521066208824,56568.702
4.15503568442418,1.50743483000972,27.519990047141,56571.265
4.15533898153958,1.50882468241467,27.5215917612552,56573.827
4.15578812996462,1.51185415772237,27.5200911281103,56576.39
4.15623023987501,1.51013904726434,27.531355858204,56578.952
4.1567051349851,1.51038022665341,27.5329244511608,56581.515
4.15716815919352,1.50879990745225,27.5617915690242,56584.077
4.15750965295861,1.51071698918949,27.5673557989321,56586.64
4.15817602862115,1.51085465453285,27.5712281683125,56589.202
4.15851189819253,1.50976823810247,27.5788357115391,56591.765
4.15899351834083,1.51105630599007,27.5872140094406,56594.327
4.15948539378549,1.50894527816401,27.5971088596913,56596.906
4.16007435931676,1.51188759604994,27.6028032612293,56599.468
4.16041688328383,1.50917741615904,27.6160583358461,56602.031
4.16071200916968,1.51266674786407,27.6234782007207,56604.593
4.16122664525306,1.50820548057669,27.6082879650164,56607.156
4.16193319050321,1.51025391756317,27.6341998420395,56609.734
4.16250997875677,1.51269109305828,27.6513378950652,56612.281
4.1628881968253,1.51188618181005,27.6564649720206,56614.843
4.16357349169207,1.50907060050558,27.6664067521635,56617.406
4.16395649501001,1.51007900956326,27.6815962386052,56619.968
4.16445646883753,1.51036653425996,27.6921342601377,56622.531
4.16468972068384,1.50908780986583,27.6915462755881,56625.093
4.16520891751084,1.51355684299701,27.6883727754462,56627.687
4.16534547487715,1.51313501271355,27.6826770324835,56630.249
4.16609726636326,1.51178688142826,27.6959624956515,56632.812
4.16633250671113,1.51073107660384,27.7089751153861,56635.374
4.16683389088354,1.50920186411545,27.7270780756793,56637.937
4.16726269688637,1.51299706510749,27.7350202421853,56640.499
4.16788448287658,1.512356465977,27.7440727838834,56643.062
4.16840035412757,1.51104131652858,27.7556181465707,56645.64
4.16900419065346,1.51077982316935,27.7582502347935,56648.187
4.16933444382907,1.51112168385743,27.7597642721354,56650.749
4.16989970963708,1.51039418869332,27.7457966792048,56653.312
4.17015097075423,1.51092781193993,27.7511303043674,56655.874
4.17085546532063,1.5082104032002,27.7595985263889,56658.437
4.17132923376824,1.51034059946049,27.7869678487996,56661.015
4.17187610511905,1.50973001959903,27.7976464380843,56663.577
4.17224404571662,1.51131393735678,27.820366092257,56666.14
4.1727879901624,1.50973157002863,27.8168788117032,56668.702
4.17312110285527,1.51106155514685,27.833481213886,56671.265
4.17353743782863,1.51205003076649,27.8273598275254,56673.827
4.17415280579791,1.51182943851671,27.8155469371297,56676.39
4.17461013507659,1.51160036139207,27.8366816090194,56678.937
4.17509438180222,1.50961209460254,27.8579134314508,56681.499
4.17535218159688,1.50942136285559,27.8682597797529,56684.062
4.1758875175237,1.51265508533369,27.878641948916,56686.656
4.17653937732421,1.50907879215703,27.8702499677635,56689.281
4.17716762753092,1.51147105762677,27.8677464549004,56691.843
4.17758158076028,1.51068994518192,27.888497647533,56694.406
4.17814357178575,1.51031444486915,27.900233522764,56696.968
4.1782519202396,1.51049781755403,27.9050679316021,56699.531
4.17903080439943,1.5076835794828,27.9201327817135,56702.093
4.1794272069053,1.51401896557298,27.9124241025014,56704.656
4.18005381913786,1.51166888109587,27.9101352562964,56707.218
4.18043805610848,1.51145427103209,27.9098418014906,56709.781
4.18087920919238,1.51165900783046,27.9007471920727,56712.343
4.18151305718419,1.50800787554198,27.9094201083347,56714.89
4.18179408905213,1.51071888230223,27.9626959202074,56717.452
4.18244528396286,1.51333785326775,27.97159671011,56720.031
4.18278057734441,1.51214721928295,28.0069146211998,56722.593
4.18317306988485,1.51134489221793,28.0130323918401,56725.14
4.1838846462976,1.51015110577068,28.01769032578,56727.702
4.1843084705102,1.5092738615662,28.0248260453133,56730.265
4.18471409427692,1.5105706561721,28.0346030172546,56732.827
4.18522313331789,1.50902823336966,28.025895242657,56735.39
4.18561957375624,1.51085188937177,28.0276742476007,56737.952
4.18619390082705,1.5108112035151,28.0253522772008,56740.515
4.18667559666913,1.50873958854349,28.0465709636644,56743.077
4.1872280762962,1.51096008546973,28.0619800817898,56745.64
4.18751035398706,1.51059249982314,28.0855602945059,56748.249
4.18812195479519,1.50875396618831,28.0947387182849,56750.843
4.18863855241626,1.50913678301668,28.1101751933719,56753.406
4.18910598981392,1.50934538705393,28.1157082152262,56755.968
4.18945539225315,1.51056404821774,28.1254016500909,56758.531
4.19007130329942,1.51434593126212,28.1345170517365,56761.093
4.19071953615575,1.51163273085118,28.1505525164214,56763.656
4.19104713582545,1.5145418486822,28.1592391133226,56766.202
4.19162529025975,1.51055525282121,28.1641339949461,56768.765
4.1918218884436,1.51277358111982,28.1692549752335,56771.327
4.19273916283237,1.51065230354464,28.17664466008,56773.89
4.19308782746588,1.50996729437565,28.1757645366205,56776.452
4.19353082175703,1.50974478755277,28.159320500813,56779.015
4.19402937749696,1.5104441952258,28.1768506070311,56781.577
4.19463718375055,1.51278002023603,28.1896288885814,56784.14
4.19488313390132,1.50909388683861,28.185365773848,56786.702
4.19550436482403,1.51255270116979,28.2103835645956,56789.265
4.1958003581559,1.50825976782154,28.2334396241671,56791.827
4.19616143648529,1.51087834814465,28.2400277726582,56794.39
4.19704343749277,1.51228888432164,28.2458292991184,56796.952
4.19720740593842,1.51115662683795,28.2712058634102,56799.515
4.19788977176162,1.51139884229426,28.2702323451667,56802.093
4.19784766656892,1.51705914111519,28.2772864031514,56804.671
4.19879935993228,1.51119378181796,28.2754726206931,56807.249
4.19942321738755,1.50982470833485,28.2912701038152,56809.796
4.199751723594,1.51049141160854,28.3148465937665,56812.374
4.20033618981258,1.50973021942566,28.3122318409949,56814.937
4.20030642919527,1.51530526155059,28.3182175264471,56817.859
4.20137941855924,1.50925280430265,28.332484250693,56820.593
4.2017649186754,1.51136207174753,28.3378941413433,56823.265
4.20256078954903,1.51014274149927,28.3537948139158,56826.015
4.20266985924133,1.5120796084229,28.3702093144702,56828.687
4.20334084485183,1.50263156695723,28.3881872638087,56831.406
4.20358624199601,1.50692539133871,28.4033569929095,56834.077
4.20399167845245,1.50739008503447,28.4091054517532,56836.812
4.20431803806047,1.5060027397407,28.4210914300792,56839.577
4.20451776648668,1.50395198461718,28.4284947489238,56842.296
4.20492511113056,1.51057717901431,28.4314400039975,56845.031
4.20552409957482,1.50570115548448,28.4429927622218,56847.749
4.20587472918585,1.50875985137891,28.4253444413646,56850.421
4.20634025465295,1.50872725560082,28.4319986148156,56853.14
4.20671233028474,1.5035725897513,28.4633957158173,56855.812
4.20607460769624,1.48998195117152,28.4820910147017,56858.562
4.20577722789601,1.47673025246321,28.4653138490638,56861.265
4.20549060431087,1.47033046730851,28.4657037516277,56864.015
4.20600855342728,1.4694081592746,28.4651361196159,56866.687
4.2049622599584,1.46150383974597,28.480309031867,56869.452
4.20507237705151,1.45962410750085,28.5010511528801,56872.124
4.20519574562787,1.4579471414881,28.5234852975442,56874.843
4.20548654189511,1.45765875404831,28.5388416093088,56877.515
4.20583738391676,1.4587007345474,28.5543790697808,56880.249
4.20539498489643,1.44670017643704,28.5678760478534,56882.952
4.20550054628852,1.44735375134925,28.5742679466479,56885.671
4.20574980497926,1.44346887245036,28.5915027826224,56888.343
4.20620654103545,1.44529075538485,28.6005884345498,56891.062
4.2063667787572,1.44343598259617,28.583339299936,56893.734
4.20681102348346,1.44679192785752,28.5739206924947,56896.499
4.20593301618046,1.43668436933194,28.5658474921264,56899.249
4.20551787638037,1.42498274005036,28.5851972695795,56901.999
4.20554969082725,1.42668349516837,28.6191417998345,56904.734
4.20590993325327,1.42520859023512,28.6358015734264,56907.468
4.2058274735583,1.42438319513041,28.6536205972921,56910.124
4.2063557780231,1.42143929316842,28.6600188620757,56912.859
4.20671761616374,1.42497875925811,28.6637243059615,56915.531
4.20601366402325,1.41332891872501,28.6493788855675,56918.296
4.20529934731531,1.40252712197132,28.6597035755673,56920.984
4.20541852738648,1.39898359470112,28.6776214118332,56923.718
4.2057055396858,1.40132374967473,28.6950405462733,56926.39
4.20614595779314,1.40135816088432,28.7092812148029,56929.109
4.206345226581,1.39980654739532,28.7238257039527,56931.781
4.20640894060323,1.40340754685767,28.7373429366647,56934.515
4.20657642375684,1.39888165984989,28.7357505555756,56937.187
4.20607733069456,1.38992865933679,28.7333691959228,56939.937
4.20549704208973,1.38011315577308,28.749718991612,56942.64
4.20578787655432,1.37675957664865,28.7632242588795,56945.359
4.20570705018247,1.38090800367572,28.7665527899269,56948.031
4.20576697854825,1.37852025620946,28.7714156441564,56950.765
4.20603779694176,1.37911758353021,28.7847834719679,56953.437
4.20650453279521,1.37798513722468,28.7970979700437,56956.156
4.20655509535035,1.3766315114724,28.7884116556992,56958.827
4.20612722573436,1.36666107101861,28.793944487495,56961.593
4.20571414124027,1.36685634051519,28.7945072702909,56964.265
4.20665310398243,1.36638820828193,28.7937477230587,56966.984
4.20574446483885,1.3569512139622,28.806901765239,56969.687
4.20517244246779,1.34825314464573,28.8295552937469,56972.452
4.20521898777594,1.34939934515915,28.839146112466,56975.124
4.20534144446346,1.34555425339903,28.8362746634868,56977.859
4.20575206306952,1.34584916857695,28.837373811625,56980.531
4.20585298818055,1.34573103918669,28.8273230285049,56983.249
4.20596777216991,1.34302977464934,28.8327196496539,56985.968
4.20624530064687,1.3436202168516,28.8418299800895,56988.64
4.20652592658555,1.3447087613322,28.8417320005233,56991.359
4.20657136930768,1.34492304448114,28.8446064358069,56994.031
4.20593760270113,1.3359721284769,28.8407220779853,56996.781
4.20531033426457,1.32533313705186,28.8282060714629,56999.484
4.20543974693068,1.32196331035419,28.8565090218664,57002.202
4.20552988733866,1.32037633496468,28.8667016022943,57004.937
4.20587852323012,1.32444720157401,28.8818855907391,57007.671
4.20592593049961,1.32328231371726,28.892458775723,57010.343
4.20640930600605,1.32343209223242,28.9050489530468,57013.062
4.20648879211141,1.32252879748423,28.9026429360869,57015.734
4.20700800603023,1.32228500470089,28.9129240029239,57018.468
4.20631484225842,1.31258015444986,28.9093185091085,57021.156
4.20649834452166,1.3114439293114,28.9119458308264,57023.874
4.2067813404107,1.30781908684023,28.9191063059951,57026.546
4.20597165742912,1.29893933758634,28.9328155024068,57029.312
4.20599935747239,1.29850180611467,28.9310906892488,57031.984
4.20611585596977,1.29815248847804,28.9465064994629,57034.702
4.20652633567353,1.29963030120724,28.9480947152093,57037.39
4.20686563514246,1.29906803450457,28.9482192664208,57040.109
4.20633311502677,1.2884509678201,28.9237235871633,57042.812
4.20633333562945,1.28870065691469,28.9020918581905,57045.546
4.2065504822611,1.28584309482619,28.9134243920375,57048.218
4.20590381683641,1.27775351392297,28.9275865685295,57050.968
4.2059879593753,1.27585359902484,28.9561625831172,57053.64
4.20625102717502,1.27768657250641,28.9703069790497,57056.374
4.20645183018743,1.27614481029189,28.9804012795516,57059.062
4.20663757876195,1.27569603752388,28.9870882641534,57061.781
4.206103248795,1.26873590873702,28.9889664871647,57064.484
4.20624151551949,1.26682153734702,28.9976136493453,57067.202
4.20644596991468,1.26863675109736,28.9997196637639,57069.874
4.20682618907009,1.26372503124137,28.9955944368639,57072.609
4.20587058004879,1.25555589450592,28.9775461058729,57075.296
4.20602486197589,1.25592586158952,28.965482590968,57078.031
4.20631517028744,1.25390545577592,28.9549194145142,57080.749
4.20659104475141,1.25339933949783,28.9552246193756,57083.421
4.20686868847387,1.25303042217235,28.9742051217762,57086.156
4.20697750769123,1.25413562864783,28.9944663243163,57088.827
4.20719920067845,1.25292247685699,28.9829567402992,57091.562
4.20780050377737,1.25138094728079,28.9828444725576,57094.234
4.20715070460939,1.24383821460299,28.992010073507,57096.984
4.20641016170597,1.2368203710768,29.0025811991158,57099.687
4.20655337988934,1.23329048951642,29.0146665444734,57102.406
4.20537144118126,1.22238363722429,29.0208075555406,57105.109
4.20558405531346,1.22227123601576,29.0382229496247,57107.827
4.20609019521971,1.22036716918785,29.0351738730745,57110.499
4.20629781514695,1.22238291908554,29.0387571993411,57113.218
4.20637537206073,1.22100484163788,29.0545930060365,57115.89
4.20650162919848,1.22117200448434,29.0581279663944,57118.624
4.20683249783987,1.22142309946264,29.0475631842315,57121.296
4.20612557059363,1.2074902303809,29.055062885042,57124.062
4.20640751408131,1.20854076651123,29.0504905388718,57126.734
4.20666767754311,1.21028016569786,29.0319373096159,57129.452
4.2058184653962,1.20030537499864,29.0232060751952,57132.156
4.20605997998501,1.19832618161927,29.0135933610405,57134.89
4.20631479749794,1.19850133166327,29.0130379483712,57137.546
4.20645463197034,1.20012751037465,28.9999433380582,57140.281
4.20666315714078,1.19777101729267,28.9902023855284,57142.952
4.20680314403473,1.19489742098907,29.0093252760394,57145.687
4.20696271564147,1.19440951453957,29.0287481948808,57148.343
4.20730099553117,1.19615141020488,29.0365416326026,57151.077
4.20760583395294,1.1976357500367,29.0475067108819,57153.765
4.20708296024655,1.18366334821882,29.0329295056101,57156.515
4.20645760774046,1.17306572899343,29.0372229651189,57159.218
4.20618183922777,1.18103929797159,29.0367290350187,57161.937
4.20659944189614,1.1756555895249,29.0535535298877,57164.609
4.20669940529394,1.17485712091039,29.0621712101382,57167.327
4.20718075015347,1.17277218402899,29.0694110889206,57169.999
4.2073344731538,1.17312740352605,29.0663632964716,57172.734
4.20783517154638,1.17356852702029,29.06533464656,57175.437
4.20684072191571,1.1625166702805,29.0722357377348,57178.218
4.20620112341343,1.15301825298414,29.0727158796309,57180.984
4.20622819520994,1.15110143864253,29.0600594621952,57183.765
4.20619739711364,1.15235876439978,29.057739551108,57186.468
4.20669760815997,1.15231886851841,29.0628035628926,57189.202
4.20670224030991,1.15283406051194,29.0605736065432,57191.874
4.2070895771522,1.15092056813218,29.061850761109,57194.609
4.20721578153059,1.15223492805708,29.0529053673869,57197.281
4.20756246051078,1.15274942259373,29.0565413581169,57199.999
4.20684094932649,1.13878898238961,29.0549271159843,57202.702
4.20713038131508,1.13792594952567,29.044723303372,57205.437
4.2070328141318,1.13927671592744,29.0301011206413,57208.093
4.20743324569594,1.14254519514176,29.0321694030061,57210.827
4.20762870113881,1.13649656657784,29.0111134215401,57213.515
4.20687366939758,1.13176404991581,29.0255992821214,57216.281
4.20712670265176,1.12760501040948,29.0512057437145,57218.937
4.2072637101206,1.12495336597642,29.0463157132843,57221.671
4.20767164356753,1.12878549999544,29.0489154313815,57224.343
4.2068993639034,1.11572634341479,29.0503610617099,57227.109
4.20685568904382,1.11616735041668,29.0450733158923,57229.781
4.20746175737873,1.11705012944496,29.0541209792382,57232.499
4.20738435930952,1.1158056642561,29.0471798974997,57235.171
4.20779707114645,1.11547133336259,29.0512533960247,57237.89
4.20705092109084,1.10619464211204,29.0463643465298,57240.593
4.20653049665657,1.09618986242606,29.0547656023352,57243.343
4.20651723776777,1.09612496014482,29.0619492981949,57246.374
4.20657492521404,1.09491176753406,29.0633040595929,57249.202
4.20695696606963,1.09577868707736,29.0446930156878,57252.031
4.20718857520499,1.09506528091806,29.0365012291748,57254.859
4.20743236922427,1.0939063194909,29.0378014657152,57257.687
4.20758854337178,1.09519382445394,29.0449099716621,57260.515
4.20705278099387,1.08340178700662,29.0579514567793,57263.39
4.20689651931881,1.08512801290891,29.0503386403293,57266.218
4.20728982578122,1.08395402758713,29.0632057223197,57269.046
4.20742497169227,1.08258739903468,29.0593470756137,57271.874
4.20765426611304,1.08204356117796,29.0401239622134,57274.687
4.20714719219849,1.07222594207929,29.0314853947969,57277.562
4.20732539201625,1.07482579700605,29.036776418381,57280.39
4.20728304293076,1.07201970546312,29.0212937940681,57283.234
4.20777192962163,1.0721313726266,29.0014952511587,57286.077
4.20718876127297,1.06389860393736,29.0144831008861,57288.968
4.20739365715329,1.0618702208314,29.0070410423123,57291.796
4.2074602219468,1.06202728352593,29.0129135852372,57294.624
4.2073562670976,1.06169633070298,28.9957831628581,57297.452
4.20797301677789,1.06095716196021,29.0129025256515,57300.296
4.20706677323351,1.05386288420174,29.0021977507285,57303.187
4.20735997219961,1.05227296589344,28.997827305621,57305.999
4.2076467383304,1.04927877148709,29.0007076274161,57308.812
4.20682307762552,1.0426160833851,28.9889102044983,57311.687
4.20694277719934,1.03843076413303,28.9952433430482,57314.515
4.20716563842877,1.04209264237564,28.9770978372959,57317.374
4.20758354450472,1.03986276625104,28.9797968246761,57320.218
4.20671277453817,1.02824748081066,28.9927163885134,57323.077
4.2067519840657,1.02823843321122,29.0012826836644,57325.921
4.20684302846149,1.02980295215496,28.9884511322038,57328.749
4.20721078367995,1.02706873070067,28.982624486599,57331.593
4.20731336155872,1.02805433210554,28.9780656272166,57334.437
4.20747936771403,1.03287835183965,28.9821794724141,57337.281
4.20784156734393,1.02826003529679,28.9749331857332,57340.109
4.20807868939953,1.02484090908034,28.977113193823,57342.952
4.20789728124914,1.02290087229312,28.978919783614,57345.796
4.20855406293116,1.02715597558664,28.9673735812928,57348.64
4.20759179677803,1.01751690775353,28.9674975674136,57351.499
4.20696931340551,1.00489184078376,28.9680528908078,57354.359
4.20705569597169,1.0059560774592,28.9575725975304,57357.187
4.20737191508225,1.0054374071174,28.9706462981654,57360.015
4.20765338482475,1.00917474814369,28.9308121890944,57362.843
4.20775024790728,1.00335507795996,28.9215266288726,57365.687
4.20771461664776,1.00474357799082,28.9222660472506,57368.515
4.20803055393151,1.00536757970889,28.9196222517848,57371.359
4.20846829164822,1.00269239691905,28.922155094879,57374.171
4.20841358585176,1.00380428519344,28.9248468350387,57377.046
4.20860537995232,1.00452696685083,28.9241633764182,57379.906
4.20806372092065,0.993623658133596,28.9194404153083,57382.765
4.20728178675201,0.984633894364335,28.8983282441772,57385.656
4.20756997881699,0.983943978996794,28.9051187991095,57388.546
4.20700952909233,0.972853649191729,28.9096378168074,57391.452
4.20687446338607,0.975062129269378,28.9018784311172,57394.327
4.2068013396251,0.971536213851944,28.8909734074886,57397.202
4.20739865415322,0.971654588954347,28.8891478668634,57400.046
4.20712627256069,0.974237517816887,28.8788101208919,57402.874
4.20724284376428,0.973483081775511,28.887604748709,57405.734
4.20750915137308,0.976932787826199,28.8733806393526,57408.624
4.20767590142809,0.970020704026808,28.882968658368,57411.499
4.20804927277809,0.965279798239479,28.8730612175529,57414.374
4.20814445639814,0.968463246761082,28.8695027486891,57417.249
4.20850979710406,0.970225592438716,28.8692313075897,57420.124
4.20870924089679,0.969259855085751,28.8544725623434,57422.952
4.2078929830384,0.965001241082842,28.8524313718042,57425.781
4.20682044126116,0.950377603029884,28.8478948187715,57428.671
4.20740882051585,0.947224058030276,28.8231785396787,57431.531
4.20758242972709,0.950840072739355,28.831103549508,57434.406
4.20745353845443,0.948655336184772,28.8335390698039,57437.296
4.20789216205765,0.947802207686674,28.8358546602305,57440.171
4.20786736219687,0.950175500562773,28.8213606071053,57443.046
4.20815534910296,0.949771824390244,28.8119859478273,57445.921
4.20852617961219,0.946446665446816,28.8063585888552,57448.812
4.20838380979345,0.948522725600879,28.7952647710039,57451.624
4.20867688795756,0.94901655741417,28.7984795365479,57454.437
4.20794001120795,0.938255673033181,28.7916477348866,57457.312
4.20729800863409,0.931072652862078,28.7798028105618,57460.218
4.20742945654744,0.921394891423019,28.7756809411876,57463.093
4.2076198115253,0.924473111829466,28.7569304490605,57465.968
4.2074330316511,0.922314980036814,28.7637362946249,57468.859
4.20784892617866,0.921111894289169,28.7550922006963,57471.734
4.20793576059728,0.927286317714838,28.7484225956248,57474.609
4.20813152256441,0.927426378568224,28.7592827114406,57477.499
4.20848542015971,0.927104306535145,28.7574503701946,57480.374
4.20859647136213,0.924009502370355,28.7432939648,57483.249
4.20780861246399,0.918945094359972,28.7326849145511,57486.171
4.20783047244474,0.915277990548393,28.7298769978148,57489.046
4.20822649919811,0.912604151388324,28.7256518770231,57491.921
4.20839104292003,0.914078057552318,28.7149886608357,57494.734
4.20859936850152,0.913875306945781,28.6977064467531,57497.546
4.20777537512421,0.903709741891274,28.6933884217103,57500.437
4.20796614335511,0.899546863143777,28.6701735845152,57503.296
4.20803667073637,0.895123800957776,28.6751989349204,57506.171
4.20810405008544,0.906660838318114,28.6840231172018,57509.046
4.20841883626882,0.902946994586573,28.6920222689292,57511.859
4.20827283319459,0.900310405373539,28.6896444690352,57514.671
4.20880633132199,0.902208524863442,28.6747210298212,57517.531
4.20790643727159,0.892248114853293,28.6596947813588,57520.421
4.20813844615916,0.889409276947096,28.6653987102773,57523.359
4.2081694296393,0.894058062988119,28.6639995807438,57526.171
4.20814395294798,0.886972618004182,28.6566156719334,57528.984
4.20820128641127,0.889061578217661,28.6474561563126,57531.827
4.20874722157616,0.891762842203226,28.6403661550398,57534.687
4.2077452987734,0.877245539028903,28.616236004379,57537.64
4.20821816556323,0.879901023085735,28.6179261433773,57540.515
4.20811706804981,0.88119508924157,28.622586795129,57543.406
4.20830549993976,0.880908181213639,28.6203241185964,57546.281
4.2087544295727,0.878786960609331,28.6046767298428,57549.156
4.20776091951684,0.868173557359621,28.5999310861724,57552.077
4.20796095163364,0.869267320786857,28.5847360615851,57554.952
4.20809173206416,0.870503168873584,28.5860927225559,57557.827
4.20807470608003,0.871355838296535,28.5643281233789,57560.702
4.20816722106409,0.866995195165882,28.5556234658892,57563.515
4.20843354062859,0.870442968600393,28.5529760080201,57566.327
4.20866976637507,0.870102338554675,28.5553836719096,57569.171
4.2079789293326,0.854731492777231,28.5728963000714,57572.093
4.20816736538469,0.855665632654227,28.5739670844145,57574.968
4.20822936981235,0.857478097724794,28.5693275578774,57577.843
4.20841778540211,0.853888238793651,28.539066163204,57580.656
4.2086196365666,0.856859704849017,28.5140844614789,57583.468
4.20777227228902,0.844760437714259,28.5158177813087,57586.343
4.2075253613186,0.846969615146164,28.517697547229,57589.202
4.20799518055171,0.844754658235577,28.5279049816224,57592.093
4.20806071150705,0.847718737097133,28.5155632098821,57594.968
4.2081500100094,0.845964330070554,28.5154677689711,57597.843
4.20844359596378,0.846551110790805,28.5205117059083,57600.656
4.2085627885022,0.843540328885018,28.5184544375338,57603.468
4.20780453543171,0.835154487576219,28.4981001849748,57606.359
4.20762544522129,0.833614803235422,28.4990476194482,57609.218
4.20792855573243,0.836316736225033,28.4929884644405,57612.093
4.20781616518407,0.835667371498328,28.485718398357,57614.968
4.20828053423647,0.834120156151748,28.4819179281672,57617.859
4.20825183662475,0.834201148426622,28.4677646416867,57620.734
4.20850551089741,0.835397226007383,28.458119306452,57623.609
4.20883594770084,0.833744296025836,28.4467820413824,57626.499
4.20782756027596,0.82466427046972,28.4251857358613,57629.406
4.2083823311846,0.821376727210744,28.4256522712542,57632.281
4.20805920683807,0.826118835514381,28.4317695374669,57635.156
4.20812499326265,0.825730587671471,28.4327247431029,57637.984
4.20841728001713,0.821715524657123,28.4199371814795,57640.796
4.20828825837815,0.824005613475983,28.4043992809854,57643.64
4.20869797816902,0.821772618363777,28.3911128846077,57646.499
4.20821387525817,0.810803698408056,28.3721266714894,57649.421
4.20733936582948,0.801631997183909,28.3767797581115,57652.359
4.20731293034193,0.798978630485173,28.3740051495595,57655.171
4.2072660573316,0.801700085467279,28.3804801189064,57657.984
4.20743391855703,0.804888716442165,28.3717757237341,57660.827
4.20758959798282,0.801421164756638,28.368135642307,57663.702
4.20766672353689,0.797398929947033,28.3693321503969,57666.593
4.20757121514546,0.802786182982577,28.3279709167233,57669.468
4.2080069212346,0.802217571739984,28.308987167008,57672.359
4.20807193753553,0.800022336286683,28.3117332578162,57675.218
4.20829784272497,0.801792840619706,28.3060969840935,57678.109
4.20832341654813,0.802130247638281,28.2810764719644,57680.921
4.20857895260381,0.801066117928763,28.2680597666328,57683.796
4.20846416355358,0.799658638663366,28.2703092017213,57686.64
4.20880001080722,0.798273896627777,28.2966685981198,57689.452
4.20900432649636,0.802299556388939,28.3017411785923,57692.312
4.20902265603837,0.798558525314087,28.300177722632,57695.171
4.20935472216771,0.796863788706174,28.2834328365252,57698.046
4.20939172045377,0.79923516235055,28.275093460856,57700.859
4.20971424510216,0.796795210940609,28.2605497409684,57703.671
4.20908179594889,0.787618612769617,28.2187044986353,57706.546
4.20806533410816,0.776400980810732,28.2311139655478,57709.452
4.20823603369005,0.776842974138423,28.2429384376894,57712.312
4.20750148845158,0.768698052165505,28.2446409534275,57715.234
4.20736401931897,0.766634704786042,28.2369202736094,57718.109
4.20754438778512,0.76848956728643,28.2187580969301,57720.999
4.20742657213979,0.76846297812576,28.2034313756142,57723.906
4.20775117942208,0.768465163408805,28.1961187340993,57726.718
4.20788755276737,0.769327771702911,28.2055344631014,57729.531
4.20796773274939,0.765700773984223,28.2030504759478,57732.421
4.20810067210598,0.767203174214563,28.1962225149817,57735.281
4.20829484578761,0.766694166208196,28.1936679064939,57738.171
4.20831528050361,0.761431676345828,28.1873760659717,57741.015
4.20841908491235,0.767486692364647,28.1796048133293,57743.843
4.20865618080591,0.765633788019704,28.164675667215,57746.702
4.20803364385358,0.756671791364492,28.1448506449671,57749.609
4.20821516871384,0.757156164593117,28.1386800090049,57752.827
4.20832225299612,0.75563107167534,28.1276487890083,57755.812
4.2072720144401,0.745350370313582,28.1222779737443,57758.812
4.20655539745971,0.737867218596567,28.1194151487708,57761.827
4.20649849129805,0.73537343371083,28.1257779675133,57764.749
4.20663952620621,0.738461960375827,28.1186342040759,57767.656
4.20690460440322,0.737353737638655,28.0982839674011,57770.562
4.20578253777728,0.727745495916667,28.0730509121565,57773.499
4.2061130657259,0.725385116610158,28.0630973638988,57776.437
4.20587719208668,0.725369155662539,28.0647248273091,57779.406
4.20598474168426,0.726112729345875,28.0656665754789,57782.406
4.20621198208142,0.725230204033916,28.0733630438698,57785.327
4.20612675047224,0.725538721575516,28.0803707707103,57788.234
4.20654518290676,0.726010013474559,28.0611902993218,57791.156
4.20656322937529,0.723108085645812,28.0680019529951,57794.077
4.20653004761532,0.725178168318248,28.0537564344133,57796.984
4.20641577414234,0.728601651907865,28.054774327068,57799.89
4.20728253467074,0.726089116532654,28.0375810177738,57802.812
4.20679651379912,0.726207942423334,28.0268282217995,57805.718
4.20741536562058,0.724793981942034,28.0179066243868,57808.64
4.20728463365425,0.722776327536166,27.9916235762388,57811.577
4.20747927747737,0.724807392875482,27.9767512857163,57814.515
4.20738805949699,0.72363021616406,27.973059652749,57817.452
4.20769997374157,0.725372542561035,27.965388021687,57820.374
4.20771056421755,0.722559744345097,27.9431520393265,57823.281
4.20775696320183,0.721064295569496,27.9360696467805,57826.234
4.20781783007861,0.723138505219457,27.9356812068764,57829.156
4.20815330238738,0.721685175392455,27.9340843661326,57832.077
4.20846790528089,0.722695918218953,27.943219431325,57834.984
4.20843293090498,0.722733992000972,27.9423979240906,57837.937
4.20780378433704,0.713738099728875,27.9405021474856,57840.952
4.20800434045389,0.711353692028592,27.9288636977173,57843.859
4.20806835803367,0.70980314490858,27.9248290973423,57846.796
4.20800073799105,0.710646581959375,27.9087528839039,57849.718
4.20736967086937,0.701568915122856,27.9035086868174,57852.656
4.20737677161786,0.701730941075169,27.9024144069376,57855.577
4.20679652717745,0.691413769249543,27.894122622426,57858.531
4.20655988857103,0.691529370092199,27.8747338573554,57861.577
4.20675271317314,0.68962258295072,27.8596769608372,57864.546
4.20611077827177,0.680198172371841,27.8711784999333,57867.484
4.2061263959619,0.680959576302757,27.8687270721785,57870.406
4.20624575568228,0.682621519498672,27.8678691619787,57873.312
4.20601469151766,0.681915138589386,27.8680733903572,57876.218
4.20633392198335,0.678551582156151,27.8476001174669,57879.14
4.20634414293248,0.684463243573545,27.8353161759693,57882.046
4.20640620944882,0.680964776666191,27.8350642757903,57884.968
4.20659114925841,0.679999346963683,27.831157709613,57887.874
4.20567506774922,0.671878409915885,27.8265135727817,57890.812
4.20464143845729,0.660981501975082,27.8173336839958,57893.749
4.20427825557323,0.649438259853656,27.8166777765918,57896.687
4.20348676872619,0.641117683795715,27.7984014826023,57899.64
4.20416683276799,0.64904949630852,27.7966200430948,57902.577
4.20492427869032,0.658694826770418,27.7894411444661,57905.531
4.20409777019568,0.653220934212633,27.7751129188467,57908.499
4.20501307940787,0.662381928950255,27.765000748377,57911.515
4.20429785090274,0.651246644937243,27.7567573310185,57914.468
4.20538991220619,0.660296368979516,27.7480843369375,57917.406
4.20439594983587,0.647169021970621,27.7331102348339,57920.359
4.2036936850186,0.641651128019042,27.7193634264781,57923.327
4.20364838101917,0.642422398167252,27.7096138606665,57926.249
4.20380428460899,0.641839938558078,27.7073817641486,57929.156
4.20386483471439,0.64203626108603,27.693269607002,57932.077
4.2038985722526,0.640847428096661,27.6905295295019,57934.984
4.20389517136185,0.641317704937412,27.6997648940572,57937.89
4.20392591196504,0.640794111928503,27.6949728815053,57940.937
4.20405232044559,0.641317706106213,27.6926320642541,57943.859
4.20393450268574,0.640206307237585,27.6886615504194,57946.781
4.20431625006824,0.639549486736531,27.6799262821502,57949.687
4.20416638129227,0.640802691284085,27.6635908614598,57952.593
4.20446567057469,0.643520021417242,27.6329113338159,57955.499
4.20457868609396,0.64300465037685,27.6405046227317,57958.406
4.2046516508793,0.641084722359528,27.6385832454737,57961.327
4.20501326921068,0.63795855543737,27.6447475877932,57964.234
4.20375568774992,0.630167409210543,27.6487781899146,57967.202
4.20399322298365,0.628047991843143,27.6296118637494,57970.202
4.20485797538369,0.638450479952627,27.6176752154077,57973.187
4.20416747542044,0.624757276534813,27.6186334159167,57976.187
4.20539077001371,0.636888381288646,27.6150791989284,57979.156
4.20534961176283,0.640294320684934,27.6072553840146,57982.077
4.20535507955255,0.63769740982557,27.599420760031,57984.984
4.20499274603012,0.626111629537817,27.5861883988279,57987.937
4.20490613500167,0.625244225784149,27.5837554366359,57990.859
4.20378842344996,0.615936425768637,27.5700538679932,57993.874
4.20310621409741,0.609113300760497,27.5633550339177,57996.843
4.20412967163734,0.619293691391138,27.5517657166553,57999.781
4.20323169503363,0.609621891761183,27.5174238139934,58002.734
4.20414418565309,0.617438011572038,27.5206721690488,58005.718
4.20355687465105,0.606615616755398,27.5197221874161,58008.687
4.20347523514854,0.606825564017053,27.5166339138728,58011.687
4.2045438548754,0.616836375360016,27.5178589556772,58014.624
4.20373352539178,0.60682817625191,27.5127685479379,58017.593
4.20405331841985,0.60667303045195,27.5048354918112,58020.671
4.20384337544862,0.608731272857351,27.5038480272685,58023.656
4.20390257512941,0.607285007846445,27.4825195920328,58026.687
4.20407260163658,0.604023755637058,27.4794753122411,58029.749
4.20384316170074,0.604321950335352,27.4777780710417,58032.796
4.20425527878366,0.606019612494151,27.4711288141671,58035.827
4.2042639918145,0.606194133078693,27.4627546614862,58038.859
4.20452331339277,0.601773954396984,27.4542175509133,58041.843
4.2047001689167,0.603615585192298,27.4538185290045,58044.89
4.20467903648488,0.604057359695479,27.4471769016662,58047.906
4.2047481716646,0.60393796186323,27.4389845913342,58050.874
4.20399556443679,0.595178993707364,27.4336089413929,58053.812
4.20328380586458,0.583198927748092,27.4261913587618,58056.796
4.20332618244991,0.585610067048635,27.4065585782769,58059.718
4.20312017781671,0.58432814250574,27.4001543961352,58062.624
4.20314058468546,0.583538182171969,27.3982281205107,58065.531
4.20311410337421,0.584604322304643,27.4008888725646,58068.437
4.20340039588572,0.583187020874381,27.3875839493331,58071.343
4.2032207744162,0.584258778150269,27.3838857005917,58074.249
4.20342948646752,0.586526701817141,27.3791026032115,58077.171
4.20361731645929,0.58769748698654,27.3833308681165,58080.077
4.20356082809881,0.583072182196915,27.3752508525753,58082.984
4.20357686354903,0.583085566801097,27.3603735504022,58085.89
4.20353578971094,0.584492347810848,27.3420978979585,58088.827
4.20409174376779,0.581717475667226,27.3264443826258,58091.734
4.20441929237532,0.583693651188174,27.3228815370387,58094.64
4.2040804825937,0.58254734918301,27.3195676216727,58097.562
4.20432844549163,0.582736225242414,27.326581465489,58100.468
4.20446813710339,0.584656365574389,27.3156850713214,58103.374
4.20437855562629,0.580165260633585,27.2994930368168,58106.281
4.20454878107974,0.580479291848361,27.2806955744004,58109.187
4.20462155970154,0.581617881065994,27.2619117148201,58112.109
4.20386087207416,0.571441667474433,27.2617603891218,58115.031
4.20408995714332,0.572279778842477,27.2545783847098,58117.952
4.20396234845846,0.574322611218677,27.2620974567367,58120.859
4.20425063491017,0.572322725070448,27.2635076325633,58123.765
4.20398110476809,0.570564771091183,27.2515664100213,58126.687
4.20427150789099,0.573471892835033,27.2535210349866,58129.593
4.20452889858943,0.569798823963654,27.2547046824534,58132.499
4.2044648552218,0.573652128946085,27.2355606941435,58135.421
4.20488150240373,0.570608495413826,27.2398533284527,58138.327
4.20399092435754,0.561799011767502,27.2235925900105,58141.265
4.20412300580074,0.559235127532929,27.218259445719,58144.187
4.20421293305339,0.559692874686709,27.2063864190406,58147.093
4.20399765330975,0.562484137582783,27.2046298762371,58149.999
4.20376029451792,0.557872640145576,27.1875389146171,58152.921
4.20432784748684,0.560690672453532,27.1908359017533,58155.827
4.20411087817476,0.564320581126665,27.1889753769627,58158.734
4.20423511636005,0.561525050272571,27.167001237596,58161.64
4.20444009929076,0.557703227147672,27.1701257102444,58164.546
4.2047397789229,0.562856238061345,27.1476108477652,58167.515
4.20387328692742,0.549453112596279,27.1359939079588,58170.499
4.20381119195671,0.54999859679767,27.1369067513126,58173.499
4.20384386428896,0.549845780615621,27.1252481449497,58176.484
4.2041555610684,0.550476801201862,27.1226559535417,58179.515
4.20500124545638,0.558827891745494,27.1307209487227,58182.452
4.20438746366013,0.546065321394005,27.1355998512076,58185.39
4.20521623052146,0.558159830428076,27.1207922805957,58188.359
4.2045450701323,0.550766435271673,27.1086078558572,58191.343
4.2043953829488,0.547402699317826,27.1019591436867,58194.312
4.20460089927525,0.548888840283463,27.1026545873527,58197.374
4.20418313940825,0.538310171728994,27.0994256701536,58200.374
4.20413418849472,0.539434909494578,27.0962910423923,58203.359
4.20396517390809,0.537678496035228,27.0781013259371,58206.296
4.20404275617731,0.539552236770575,27.0859200777687,58209.202
4.20421244766765,0.53687859403063,27.0842191826713,58212.124
4.20421896058193,0.539877930919249,27.0689706282656,58215.046
4.204006808289,0.537005601942458,27.06793757834,58217.952
4.20442937903946,0.537157019094969,27.0552367325341,58220.859
4.20436130221345,0.538179586645486,27.0452859674401,58223.781
4.20453033643393,0.535759240451899,27.0348816619487,58226.687
4.20464291762749,0.534188442562286,27.0220947511014,58229.593
4.20384234029767,0.527660269144927,27.0179464663732,58232.531
4.20388742124891,0.52807151113651,27.0082066514101,58235.452
4.20377610938044,0.527951561757264,27.0097950840264,58238.359
4.20399890567107,0.526100791319816,27.0049014267671,58241.265
4.20422310236771,0.52307348800197,27.011612897213,58244.187
4.20414620950252,0.527337823655178,26.9982212093322,58247.093
4.20437030059906,0.528834149258317,26.9850385905976,58249.999
4.20428331079986,0.525495881784017,26.9755017825421,58252.906
4.20419890609985,0.525529755383443,26.9502194428685,58255.812
4.20484564682918,0.526845109774238,26.9513758596755,58258.718
4.2037511846641,0.518062521312628,26.9519858092157,58261.671
4.20377634562579,0.516984122607109,26.9567540020515,58264.577
4.20356186996599,0.517532206682576,26.9465419884785,58267.484
4.20362772231522,0.516492621022981,26.9531262352695,58270.39
4.20414809504978,0.515987612408901,26.9531815772106,58273.296
4.20417298405522,0.517562422802957,26.9292874723063,58276.218
4.20394482663618,0.513615883974116,26.9236588621887,58279.124
4.20416375089796,0.516664718561786,26.9110940328946,58282.031
4.20449757540191,0.516988051976831,26.9022670737731,58284.937
4.20394399831125,0.51687588112398,26.8940041353196,58287.843
4.2043535162066,0.513484434665342,26.888929504916,58290.765
4.20440459875096,0.517749861274939,26.8966973324046,58293.687
4.20438451560532,0.515477475803188,26.8915916948266,58296.609
4.20484572891243,0.514204799677195,26.8836693386344,58299.515
4.20504430717366,0.513993620103004,26.8815195042217,58302.421
4.20478064938761,0.511517510263162,26.8654504001569,58305.343
4.20486700780696,0.512253104292796,26.8574239612025,58308.249
4.20500635175782,0.513792177495676,26.849111269319,58311.156
4.20510044816242,0.516486842312574,26.838219076557,58314.077
4.20520129185649,0.515881085977541,26.8315655682583,58316.984
4.2052900757177,0.512721552334448,26.832956493556,58319.89
4.20538689701514,0.510348771862466,26.8303939127345,58322.796
4.20526429421298,0.512412967624961,26.8093223942452,58325.718
4.20536253919838,0.508443278408105,26.7992021715484,58328.624
4.20581438273057,0.515428230745269,26.7846869836292,58331.531
4.20494484909316,0.503803031790805,26.7736381618218,58334.468
4.20387299727602,0.492558005122103,26.7698291089265,58337.406
4.20400405175618,0.491906681445463,26.7639646633076,58340.312
4.2038950301229,0.492128644795286,26.7669654327054,58343.234
4.20418401289555,0.490607441264187,26.7576013168221,58346.14
4.20408145295628,0.495337435468896,26.7554882889599,58349.046
4.20422407541263,0.493001239085295,26.7526863524722,58351.968
4.20436205346634,0.492147017679654,26.7485708977905,58354.874
4.20430692605926,0.49334193479045,26.7390839976074,58357.781
4.20458247059844,0.491678221401099,26.7333577295114,58360.702
4.20448633900803,0.489920606602254,26.7289964046057,58363.609
4.20463801397398,0.493458275935509,26.7372115024588,58366.515
4.20445860477602,0.490516357341432,26.7251968776333,58369.452
4.20502070772493,0.492827195193688,26.7201474122572,58372.359
4.20492553645123,0.489085633926121,26.7186532387932,58375.281
4.20478387472851,0.492170161737229,26.7287649440701,58378.187
4.20510191548801,0.492383225462362,26.7152387399276,58381.093
4.20482176119086,0.490728462285814,26.6996411587324,58383.999
4.20533093690654,0.490684211058301,26.7001879686454,58386.921
4.20524387874962,0.490708845804576,26.6926310496009,58389.827
4.205350057702,0.491684020192756,26.6788602551239,58392.734
4.20545717209983,0.487560044058714,26.6678994437241,58395.64
4.20549440149858,0.488955460721505,26.6558483777605,58398.562
4.20549718513434,0.489521152285772,26.6573379882726,58401.468
4.20568786205858,0.487880049169951,26.6593883841044,58404.374
4.20463369007339,0.477532593271464,26.6684932961176,58407.312
4.20399914710181,0.469680872713301,26.6572012380987,58410.265
4.20421295250256,0.474508113109699,26.6469725822383,58413.171
4.2041256310666,0.466776254381553,26.6355548626889,58416.093
4.2040432228253,0.467670184925258,26.6457976858581,58418.999
4.20413871291462,0.469516870439143,26.6414243303141,58421.906
4.20417396531151,0.470465631610634,26.6352811959352,58424.827
4.20428128317799,0.471781052619164,26.6356766873989,58427.734
4.20439623538875,0.466085563509064,26.6267725695092,58430.64
4.20439168966948,0.467866002003198,26.6161054272565,58433.546
4.20448596941694,0.470832618013301,26.608767834697,58436.452
4.20434573832,0.468496981088075,26.5951143877876,58439.374
4.20471534291419,0.468770339578095,26.5886739225549,58442.374
4.20378661271465,0.459716327602971,26.5959823649122,58445.359
4.20369952362756,0.459709782412581,26.5978566195912,58448.265
4.20364061706357,0.46031841325038,26.593755230973,58451.202
4.2040678890091,0.460453973917236,26.5868348541409,58454.109
4.20421144306118,0.456856470011242,26.5791825445306,58457.015
4.20381111716141,0.459677497342573,26.5620753766755,58459.921
4.20416398532109,0.459527358089554,26.5432943889021,58462.827
4.20421858530493,0.458355180022762,26.5322465438364,58465.749
4.20402266474191,0.459613332423206,26.5469163722692,58468.656
4.20424732072703,0.458575872161623,26.5573459268515,58471.624
4.20441478694963,0.458708444632052,26.5564481094095,58474.546
4.20448781547887,0.457132234979881,26.5426125543659,58477.531
4.20424611322263,0.459817669543345,26.5322344517095,58480.452
4.20426298380805,0.457976087171723,26.5358663402178,58483.359
4.20458676915274,0.45764167705367,26.5276298160323,58486.281
4.20477847813792,0.454294656398276,26.5338181818927,58489.187
4.20480453307974,0.457302004476121,26.5106052594726,58492.109
4.20499007437689,0.456535959918826,26.507054987216,58495.015
4.20480951232262,0.456797080797575,26.4995452153459,58497.921
4.20502544291168,0.454326883727239,26.4989216063687,58500.843
4.20509730562572,0.456489176156153,26.4878924665581,58503.749
4.20522008171993,0.45458551406699,26.4776205833036,58506.656
4.20511234479202,0.455702710078443,26.4730223506865,58509.577
4.20547759439543,0.454179148639861,26.4565743723302,58512.484
4.20563121353279,0.453124699376305,26.4556720189235,58515.406
4.20470357320286,0.446439692129647,26.4522137136991,58518.343
4.20377899966605,0.438870837872525,26.4478436521442,58521.281
4.20366740099686,0.436567930670063,26.4255497412099,58524.187
4.20377500789424,0.437720089690164,26.4213145309294,58527.109
4.20376130845101,0.436123449046039,26.4206784383552,58530.015
4.20374730726539,0.439070583772064,26.4126715668923,58532.921
4.20357457848506,0.435892541239285,26.4175903486511,58535.827
4.20381975651431,0.435038507289188,26.413632314396,58538.749
4.20386979508474,0.433694616682557,26.4082405518817,58541.656
4.20383128085312,0.437062064909699,26.4131277368829,58544.577
4.2039682128624,0.436162588812215,26.4061237584914,58547.484
4.20393634643914,0.435887770213302,26.3923810304173,58550.39
4.20416156482342,0.435810469607121,26.3939112382839,58553.327
4.20426729457255,0.43686426575896,26.4000979961558,58556.249
4.2042201679009,0.435503759990125,26.3872916443318,58559.156
4.20449302848299,0.433513994653577,26.376007323001,58562.062
4.20451136382585,0.433217324334056,26.3735002368801,58564.984
4.20435998697063,0.434456418574082,26.3624201541863,58567.89
4.20471911909199,0.436122390381458,26.3501208783156,58570.796
4.20474455078126,0.434752007177581,26.3379545205594,58573.702
4.20495513654377,0.433889877553338,26.3280029115473,58576.609
4.20457106073038,0.433556665492106,26.3309276937182,58579.531
4.20502952276893,0.437040131448431,26.3312284227976,58582.437
4.20484987773528,0.430551354787598,26.333978927354,58585.343
4.20514639423809,0.43651982366274,26.3236409771883,58588.265
4.20489867365955,0.428526409454542,26.3168956492649,58591.171
4.20517520696772,0.432521602552626,26.3215161267254,58594.077
4.20541592906544,0.433699096081243,26.3054271661604,58596.999
4.20519327352246,0.430752423359809,26.2977873091375,58599.906
4.20541568991854,0.430434190456726,26.3000366297303,58602.812
4.20556691852498,0.430838084035273,26.3034039156478,58605.718
4.20462934884874,0.423673352430124,26.293232741311,58608.656
4.2038980211542,0.415894042666084,26.2910271275037,58611.593
4.20388050287515,0.415113516741771,26.2788329964175,58614.499
4.20419149817931,0.414063678959325,26.2684322844422,58617.406
4.20411098710449,0.413660216985334,26.2442296536143,58620.327
4.20400474457902,0.41584573898577,26.2505823526846,58623.234
4.20406091326272,0.413733312394665,26.2569886341353,58626.156
4.20403752424023,0.412023204383736,26.2600602713885,58629.062
4.20404122511882,0.415325172502672,26.2536381997875,58631.984
4.20418057086427,0.4166512774022,26.2546023067969,58634.89
4.20403801426485,0.411940042072394,26.230377698724,58637.796
4.20424181681592,0.41471846331169,26.2157174187044,58640.718
4.2041883651786,0.413022239410459,26.2182764511326,58643.656
4.20443124853885,0.414856014608351,26.209849792099,58646.562
4.2044131043823,0.414162848802515,26.2104521753658,58649.468
4.2046833359639,0.411264115258112,26.2075638458562,58652.374
4.20459815182298,0.413388939587078,26.192392370354,58655.296
4.20443362218616,0.41585923641701,26.1915059897636,58658.202
4.20449570799449,0.413259924206939,26.186213221968,58661.109
4.20477216505424,0.412397281088131,26.1827528720555,58664.015
4.20490875445795,0.413118720921078,26.1824729752059,58666.937
4.20491114861043,0.410170787703268,26.1866665575072,58669.843
4.20471069721208,0.415799677036288,26.1787746684439,58672.749
4.20494525474747,0.407930181697234,26.1820283874657,58675.656
4.20496801221907,0.408655384234585,26.1662195310784,58678.577
4.20501123016155,0.414698166369162,26.1638551366578,58681.499
4.20552589384785,0.410397988446923,26.1568872482785,58684.406
4.20520401521057,0.414472413780925,26.1597449118299,58687.312
4.20510608182785,0.411640099204281,26.1537546040643,58690.234
4.2052847033404,0.4099583073883,26.1519495367246,58693.14
4.20550423459876,0.404583006847463,26.1390152008715,58696.046
4.20562366089195,0.411057564202243,26.1375109073941,58698.952
4.20544472438608,0.398528867721695,26.1324377442472,58701.89
4.20505466684612,0.397942061916313,26.129103199833,58704.796
4.20499319282797,0.402584113842423,26.1179192653833,58707.702
4.20488602796267,0.399257430053294,26.1146038389071,58710.624
4.20493294080846,0.401386336826029,26.1052915267135,58713.546
4.20478085337425,0.398851835255204,26.1009191524162,58716.452
4.2050653968664,0.401102333732202,26.089989709374,58719.359
4.20503334295438,0.397065503898855,26.091843310463,58722.265
4.20527420896112,0.400494591837923,26.0786977552404,58725.187
4.20518634128903,0.401915817118744,26.0765557129281,58728.093
4.20517749815616,0.398396878248189,26.0523381415503,58730.999
4.20550795623446,0.39777490359289,26.0655172828948,58733.937
4.20559598589627,0.400501992173188,26.0625199693279,58736.843
4.20475905125384,0.390231482138396,26.0663393699862,58739.781
4.20460457974424,0.390681027303964,26.0667880508014,58742.687
4.2047675512977,0.391034886390804,26.054926044429,58745.593
4.20479489843603,0.390990779137548,26.0517997401375,58748.515
4.20495631025306,0.3911870795284,26.0449408691388,58751.421
4.20497108357539,0.385595546951858,26.0463165394069,58754.343
4.20477294666284,0.388495180150343,26.0447881266535,58757.249
4.20510241831671,0.388863142124938,26.0341845118177,58760.156
4.20482543321797,0.389464537310437,26.0337541468391,58763.077
4.20485915688706,0.389736106159716,26.0246845215606,58766.015
4.20500315861774,0.387714334280964,26.0239549605475,58769.031
4.20501583112051,0.385759071051822,26.0250344968066,58771.952
4.20513138074914,0.387388129652905,26.0136690229227,58774.874
4.20520023385559,0.388273323229655,26.010064492627,58777.796
4.2052280268371,0.386758042562569,25.9937507165772,58780.702
4.20528333369728,0.387545038212184,25.9889638632909,58783.624
4.20542792514254,0.389151060606856,25.9815411886167,58786.531
4.20541776386647,0.386986704383021,25.9881837017502,58789.452
4.20568881442218,0.391064487412908,25.9762733186189,58792.359
4.20472192987196,0.376963704146002,25.9756373293767,58795.296
4.20475212688488,0.377858727765469,25.96281519644,58798.234
4.20476355068783,0.376197795899526,25.9690311179261,58801.234
4.20507133304531,0.375489637291664,25.9522792962762,58804.202
4.20469835370587,0.374557703007307,25.9446273129294,58807.218
4.20497194825412,0.376633609186526,25.9426920013939,58810.171
4.20492896607437,0.38070224704728,25.9378711225976,58813.077
4.20512683149034,0.374363775800696,25.9455113850556,58815.984
4.20492215357002,0.375632653673006,25.9412250626316,58818.906
4.20515279675764,0.377742047204967,25.9373045916147,58821.812
4.20509768486358,0.378284299221679,25.9318374294755,58824.734
4.2053559298597,0.377930245951854,25.9267268959702,58827.64
4.20521465230008,0.375948646651118,25.9215853102929,58830.546
4.20569655084588,0.375550501603157,25.9132098378299,58833.452
4.20459582087597,0.367828827952713,25.9198719366679,58836.39
4.2050042507582,0.367558418704507,25.9164410586401,58839.312
4.20493275944253,0.367092911795623,25.9101893088793,58842.218
4.20464066959738,0.366995835632614,25.9029616290295,58845.14
4.20469923996992,0.365883914808307,25.8974337591797,58848.046
4.2046169870314,0.367471341277666,25.8915989172029,58850.952
4.20447083731263,0.362590450140345,25.8904576582455,58853.859
4.20501171107356,0.366089804146148,25.8736714119557,58856.781
4.20480413984435,0.364962038607062,25.8835660186106,58859.687
4.20483437421473,0.365853095057619,25.8671686395049,58862.609
4.20481460827106,0.365224870375069,25.8568369953654,58865.515
4.20507326558311,0.36508896147565,25.8412299187177,58868.452
4.20500875668698,0.365199506025434,25.8364592847802,58871.374
4.20505585505743,0.367471240829088,25.8411861915992,58874.281
4.20515573740784,0.365205590254979,25.841513580089,58877.202
4.20521428237602,0.363224850720281,25.8449925612731,58880.109
4.2051132650307,0.361620286609302,25.8420015568143,58883.015
4.20527249823816,0.363594225321406,25.8398051973294,58885.921
4.20552810328474,0.36619406415126,25.8387300375021,58888.843
4.2054321264415,0.362458136775867,25.8375490105573,58891.765
4.20526847039642,0.361849332531688,25.8363743755946,58894.671
4.20566314091505,0.367355353876009,25.8194735753826,58897.577
4.20487442934135,0.353868359122755,25.8154419736247,58900.515
4.20489374363691,0.35696238452906,25.8139731762749,58903.437
4.20473849464665,0.353388747146334,25.8075591561693,58906.343
4.2050500338399,0.356705824827964,25.8008896607713,58909.249
4.20487888746773,0.355202324468018,25.7819312430748,58912.171
4.20494285335806,0.355607471063764,25.7768799931602,58915.077
4.2048997670721,0.355918609311685,25.7833302444166,58917.984
4.20508152668477,0.354724914758855,25.7795816851602,58920.906
4.20508737711656,0.355347928340467,25.7709408969271,58923.812
4.20548370089497,0.358683058182954,25.7710468800611,58926.718
4.20510535769038,0.354513452589101,25.7690387161801,58929.624
4.20539126183253,0.354223494873007,25.75754677361,58932.577
4.20532368741888,0.35411093448394,25.750821039643,58935.484
4.20532334679485,0.353314915005701,25.7534006884638,58938.406
4.20501588716341,0.358083688396223,25.749520731765,58941.312
4.20542245247273,0.35229809989687,25.7363803227686,58944.234
4.20557686788377,0.353570194102618,25.7383320798103,58947.156
4.20490209040382,0.348187272841372,25.7322804533394,58950.093
4.20475282334987,0.343433035993706,25.7302604630108,58953.015
4.2049044269247,0.344480799015605,25.7350799199677,58955.921
4.20474933384016,0.342557731895629,25.7256150391028,58958.827
4.20494533469693,0.344953557358859,25.7192708015617,58961.734
4.20485422540679,0.342266612472165,25.7165522706184,58964.64
4.20489150555039,0.343898460575753,25.7113308394146,58967.562
4.20515754261665,0.343130927672748,25.7025901788084,58970.468
4.20460440107652,0.343902138480561,25.6889399574649,58973.374
4.20482937099081,0.342702066824733,25.6937825321357,58976.281
4.20509789195101,0.343405955082489,25.6892366221911,58979.202
4.20515120902598,0.34362914446441,25.6825361776475,58982.14
4.20506130514188,0.343959803104503,25.6805792140626,58985.046
4.20529228771757,0.344039999192398,25.6778366010717,58987.952
4.20533470619806,0.341462173909469,25.6780008584187,58990.874
4.20550618124379,0.343300507507695,25.6704051978713,58993.781
4.20563775834133,0.342172772948042,25.659229445382,58996.687
4.20463299772851,0.331591198527945,25.6599589768977,58999.624
4.2045674139287,0.332825500368354,25.6547963693566,59002.546
4.20482508581991,0.334583289597664,25.6604071361017,59005.452
4.2048401657373,0.33187458457815,25.6575730855788,59008.374
4.20482524718237,0.33019592141686,25.6512638677745,59011.281
4.20455944837732,0.331481423534252,25.6433242680688,59014.187
4.20469819060056,0.333020884022287,25.6529446475395,59017.093
4.2048044664684,0.332008143110702,25.6480624705149,59020.015
4.20483006350955,0.329451175653557,25.6372205098508,59022.921
4.20501038716843,0.334561902072816,25.6297242548946,59025.843
4.204985983684,0.332033387634714,25.6306561042494,59028.749
4.20489115080518,0.3323789329451,25.6242543049073,59031.702
4.20491859846941,0.330889424350202,25.6232784580711,59034.609
4.2051543791059,0.333750214783687,25.6168634442547,59037.515
4.20542085617725,0.331706731633215,25.6129176289512,59040.421
4.2050060453574,0.33090961585659,25.6146349145236,59043.327
4.20515632051639,0.333048317560871,25.6068341827587,59046.249
4.20538709781966,0.333192951665622,25.6029318891426,59049.156
4.20544690852799,0.330975182098871,25.5996957774595,59052.062
4.20548852538385,0.331906753986976,25.5974636782359,59054.984
4.20550150912645,0.332657921883966,25.596409796123,59057.89
4.20530636798398,0.332453953759614,25.5926944189813,59060.796
4.20552893107041,0.328116551523628,25.5863003427428,59063.718
4.20552976825954,0.331904303841707,25.5752792379564,59066.64
4.20563895737293,0.332638752938707,25.5713662997748,59069.546
4.20495994659068,0.321950230047947,25.5630274220831,59072.484
4.2048019505336,0.32019151557973,25.5582129062705,59075.406
4.20504995158917,0.3204228874491,25.558622022753,59078.312
4.20481306545236,0.322611075625154,25.5657274175337,59081.234
4.2047761561863,0.321061479425862,25.5656318332976,59084.14
4.20515275420062,0.320652250181833,25.5529194557093,59087.046
4.20504860298129,0.324778069485898,25.5499757160377,59089.968
4.20528883072355,0.322157641888021,25.5329778210596,59092.874
4.20509068154981,0.319458443755511,25.5304405957332,59095.796
4.20511899896576,0.317761167888976,25.5398885032485,59098.702
4.20497357011625,0.321026670234525,25.5295735187673,59101.609
4.20531665465299,0.320625457490847,25.5357133627979,59104.546
4.20521261900104,0.322031192291407,25.530272078505,59107.468
4.205229523114,0.32117145973379,25.5280290054829,59110.374
4.20537112326152,0.319844432315036,25.5228122042941,59113.281
4.20535285653419,0.319941127265802,25.5113587055693,59116.187
4.20540569268744,0.319263779089356,25.5068012237783,59119.093
4.20540636979871,0.319447623015058,25.5110016802055,59122.015
4.20552125527904,0.322481126855747,25.5138082086513,59124.921
4.20564895879679,0.317705452410399,25.5092101453929,59127.827
4.20481620659488,0.308645176291095,25.5002347876034,59130.765
4.20451384649257,0.309851237269841,25.5002291181058,59133.671
4.2049754150068,0.308893101448812,25.4863907459767,59136.577
4.20473608355602,0.308659717098684,25.4950615067728,59139.484
4.20473223486504,0.308494821524971,25.4801482943504,59142.39
4.20486126161675,0.309930241015187,25.4758291841235,59145.296
4.20462137187453,0.309701690498849,25.4750484035538,59148.202
4.20489251850895,0.308201769938743,25.4541417475839,59151.124
4.20508706966397,0.30930207005242,25.4678494059928,59154.031
4.20505407801045,0.306902963046994,25.4582340339046,59156.937
4.20498112871488,0.307941457130318,25.4588494500195,59159.843
4.20535803574579,0.310902719347574,25.4579478274039,59162.781
4.20491423038733,0.310622430272749,25.460030091424,59165.702
4.20506029404871,0.30916472401296,25.4522502178572,59168.609
4.20535765744178,0.309285987364207,25.4538973396123,59171.515
4.20507846800606,0.304202463255043,25.4447932879164,59174.437
4.205095707956,0.308168210946421,25.4376568318944,59177.343
4.20530479451959,0.307927882010815,25.4417575222738,59180.249
4.20538109140029,0.308796764965632,25.435085038901,59183.156
4.20531739948378,0.310899434980858,25.4279633374439,59186.077
4.2055329976391,0.310497505680151,25.4295097724629,59188.984
4.20556136570855,0.30623940673171,25.4232012314328,59191.89
4.20468346575943,0.298258167833324,25.4231239993636,59194.827
4.20478430800546,0.297886230843033,25.4128157796787,59197.734
4.20464769913287,0.296730520596273,25.4109838136179,59200.64
4.20503165758447,0.297868917285562,25.4128413853072,59203.546
4.20489665234478,0.297130003717132,25.4013892720421,59206.468
4.20467325583476,0.298326987729299,25.3998282751271,59209.374
4.20485887462421,0.299359072000468,25.3971575261753,59212.296
4.20488557437887,0.300376405286174,25.3907680512762,59215.202
4.2050595996888,0.299014165109029,25.3855404359341,59218.109
4.20475784343849,0.298530920525967,25.3784024347439,59221.031
4.2049137840538,0.297682267352166,25.3759861739965,59223.937
4.20500314625099,0.293522078159477,25.3873300873372,59226.874
4.20483364886675,0.297447360935285,25.3867830591236,59229.796
4.2048208493444,0.296454148728734,25.3785478519578,59232.702
4.20518135068764,0.297451955051477,25.3766227677476,59235.609
4.20492143423368,0.298344291193921,25.3667945767054,59238.515
4.20489463245965,0.297500132059851,25.3661619393023,59241.421
4.20512303592195,0.295468528786784,25.3544372638978,59244.327
4.20541468371964,0.297331376134768,25.3301011749687,59247.249
4.20502726332342,0.296083211077067,25.3362838048432,59250.156
4.20536485383211,0.297007475349067,25.3334259848367,59253.062
4.20519729386257,0.295012328779695,25.3390482045429,59255.984
4.20550016073761,0.300388357848271,25.3381087977694,59258.89
4.20588059898548,0.296682525188064,25.3371078546457,59261.796
4.20421905737282,0.288256211137734,25.3414414639447,59264.734
4.20483438228127,0.290282738192715,25.3277864401461,59267.64
4.20463533110646,0.285052888402318,25.332040495427,59270.546
4.20472944803341,0.287472619562882,25.3260288655061,59273.452
4.2049926444778,0.290356070750686,25.3171882915517,59276.374
4.20465394672221,0.287965598872103,25.3114208430221,59279.312
4.20521986038429,0.288695826608734,25.3105073935751,59282.249
4.20478229700208,0.285084504955641,25.3016561741944,59285.187
4.20474689578285,0.288994050143405,25.3097855529541,59288.156
4.20487235471315,0.288776124073717,25.3054647911215,59291.093
4.20484208372591,0.285789216593308,25.3016374836525,59294.015
4.20488306797248,0.290340046343279,25.3038883030198,59296.921
4.20515778618924,0.284494446065609,25.3024500738018,59299.827
4.20498801975511,0.286618267266148,25.294676732312,59302.734
4.20528758450089,0.28735790979412,25.2894465222543,59305.656
4.20510910302186,0.286603228088821,25.2882482376233,59308.562
4.20518735002016,0.287587336197523,25.2891014050293,59311.468
4.20524144240011,0.285145498906813,25.2800440805076,59314.374
4.20517375886408,0.285929615141563,25.2768094912773,59317.281
4.20506932515469,0.2871624677539,25.2604179130667,59320.187
4.20522656541063,0.286085019605386,25.2577703975939,59323.109
4.20553150570483,0.286272842683006,25.2632364116343,59326.015
4.20553648820736,0.286386349000329,25.2669807177458,59328.921
4.20546043678383,0.288947317954282,25.2659151947067,59331.827
4.20579967197061,0.284962690574402,25.2582522040424,59334.734
4.20559697274635,0.287989246069904,25.2475624362916,59337.64
4.20565931701443,0.283046337656056,25.247307466396,59340.546
4.20564522752253,0.285300035521981,25.2424871253129,59343.452
4.20559931041952,0.28431945163785,25.2376415263573,59346.359
4.20587857752951,0.281058747565654,25.2392789890793,59349.265
4.20575244003483,0.282793722931916,25.2387583733658,59352.171
4.20581336165623,0.282995879603398,25.2417383349791,59355.109
4.20600205567038,0.284051394043184,25.2352235937136,59358.015
4.20599598493327,0.282812376479038,25.2373087659297,59360.921
4.20615989256329,0.28718149496957,25.2376817176803,59363.843
4.20607469955029,0.281488775382426,25.2272851844143,59366.749
4.20629658447545,0.27879057345497,25.2264845868532,59369.656
4.20618354098427,0.285017290825668,25.2200691315999,59372.562
4.20618299522429,0.285192955939958,25.2055986353344,59375.468
4.20613535296458,0.286160238542213,25.2191788709126,59378.374
4.20646328100047,0.281218157487586,25.2060120367043,59381.281
4.20594838828691,0.28296349155003,25.2095313832788,59384.187
4.20659960373082,0.284931241171247,25.2123252904488,59387.124
4.20540068776177,0.280644080328657,25.2142340848483,59390.062
4.20572388678693,0.278592384890234,25.20273574985,59392.968
4.20499735617075,0.266981895660918,25.1945664469229,59395.906
4.20468757134368,0.26213290380026,25.1832334620375,59398.812
4.20456621298988,0.266632164374995,25.1870201328765,59401.718
4.20471974039468,0.260798151725284,25.18866125294,59404.624
4.20475407643023,0.264106088807175,25.178816018808,59407.531
4.20460187863062,0.268189975906772,25.1822119557468,59410.437
4.2045178355931,0.264762612864845,25.1788650387271,59413.343
4.20458321384509,0.264997855568153,25.1748772520138,59416.249
4.20435849088579,0.266229199153343,25.1791513158253,59419.156
4.20471117055188,0.263847627636094,25.1671995579096,59422.062
4.20486018062996,0.262325751580841,25.1723916744098,59424.968
4.20459861847515,0.266784298176265,25.1576495126384,59427.906
4.20487178537604,0.263800969252346,25.161554564632,59430.812
4.20505035943633,0.267102808723606,25.1553104426297,59433.718
4.20483448914928,0.266564975930699,25.1547719176363,59436.624
4.20510640843697,0.261198509930401,25.1472118980776,59439.531
4.20499253140059,0.261541138375945,25.1572659519443,59442.437
4.20474545213197,0.266307076724871,25.1408722627145,59445.359
4.20517160306237,0.264522940289323,25.1413352688392,59448.265
4.20503166697466,0.267655938312767,25.1345674781327,59451.171
4.20504165561402,0.262330183870991,25.1324580628199,59454.077
4.20509813021483,0.259878448195127,25.1314128963779,59456.984
4.20514184025233,0.259940961295396,25.13496796315,59459.89
4.20496592515278,0.263153726704518,25.1262792611144,59462.812
4.20510130619001,0.266624983857705,25.1200734076138,59465.734
4.20538376010027,0.259919898971513,25.1264302393282,59468.64
4.20522585504266,0.264942226958491,25.1241508615455,59471.546
4.20539501338069,0.26121819653483,25.1161798847453,59474.452
4.20494133612878,0.263500570363638,25.1106836329723,59477.359
4.20549592294129,0.267523029549191,25.1163329066082,59480.265
4.20560022138042,0.259267886034929,25.1110806245207,59483.187
4.20563998327222,0.26109220794678,25.1106798367628,59486.093
4.20510574854953,0.263803803735675,25.0989618516447,59489.218
4.20578304577078,0.265820352156201,25.1063698619407,59492.156
4.2058515410573,0.261745983794031,25.0981216803742,59495.077
4.20560572867482,0.259531280657976,25.0949018980837,59497.984
4.20550492200011,0.263814929736727,25.0910571082227,59500.906
4.20568967508144,0.260239769076331,25.0993122258757,59503.812
4.20542463104969,0.264549130645521,25.0931701612472,59506.718
4.20597749000977,0.261512984432485,25.076346778012,59509.624
4.20621391315908,0.260261051016418,25.0653923773572,59512.531
4.20604687285053,0.261271832343832,25.0700357547114,59515.437
4.20578951984496,0.261298225184059,25.0672146013088,59518.359
4.20579353646866,0.265475647020219,25.0670145982623,59521.265
4.20616020958961,0.26267804041422,25.0681853836378,59524.171
4.20613194837849,0.266590524440338,25.0631537255767,59527.093
4.2064243550324,0.257145213730014,25.0594825700929,59529.999
4.20602556249519,0.263822161553931,25.0588183494402,59532.906
4.20592793385714,0.259373786982575,25.0593278776654,59535.827
4.20626297139296,0.260820068417843,25.0487852797315,59538.734
4.2064549556727,0.262303261544853,25.055927049604,59541.64
4.20649364392913,0.259257251782205,25.0466858213097,59544.546
4.20633386174223,0.259535497752214,25.0430538332764,59547.452
4.20647992667103,0.257306144967814,25.0470553590151,59550.359
4.20644600093871,0.261132061473689,25.0327303299411,59553.265
4.20682884832706,0.256789463271237,25.0315779181945,59556.171
4.2057459313927,0.25025682035075,25.0205398008965,59559.124
4.20466196269768,0.242444400926958,25.0275499595462,59562.046
4.20450074992058,0.242746058020794,25.0276338223456,59564.968
4.20458437456752,0.244265922121366,25.0215145963033,59567.874
4.20497523118968,0.242733148177358,25.0209685198937,59570.781
4.20510514629535,0.240186310544472,25.0180603406348,59573.687
4.20511273375343,0.23956787788098,25.0184400087349,59576.609
4.20455196146037,0.244128554792687,25.0247945701487,59579.515
4.20483270431051,0.240835985016393,25.0174140159533,59582.421
4.20436200675265,0.244313296600386,25.0115704898172,59585.327
4.20478489775447,0.24294626211774,24.9996539093515,59588.234
4.20488268426122,0.244988616996264,25.0083187414746,59591.156
4.20461594733088,0.242177010519331,24.9951626283509,59594.093
4.20469444543526,0.241574467197426,25.0021128278927,59596.999
4.20484800896303,0.240183042143193,24.9952493425199,59599.906
4.20510712955841,0.241174764548087,24.9839699746566,59602.812
4.20489453370186,0.242371888727261,24.989389139996,59605.734
4.20514520064265,0.237337492819467,24.9832093443723,59608.64
4.20474633623217,0.246480122164613,24.9800254415834,59611.546
4.20489763559947,0.238737390686067,24.9778409136838,59614.452
4.20486279517879,0.246171383461567,24.9745227919215,59617.374
4.2052588349411,0.234346601398881,24.9816007094404,59620.281
4.20493570449853,0.244717157385047,24.9701060761187,59623.187
4.20503346918321,0.245095774421605,24.9671235068227,59626.093
4.2051117507227,0.245547263808959,24.9651756124915,59629.015
4.20537867407195,0.236353471844129,24.966443457172,59631.937
4.2050766874725,0.242591796142552,24.9667098093633,59634.843
4.20518073971745,0.238700624310348,24.9567939360483,59637.749
4.20532964120312,0.239703249309664,24.9573788357167,59640.671
4.20540518262693,0.241714688448821,24.9528986574598,59643.577
4.20507272045708,0.241042712348165,24.9464780012247,59646.484
4.20536101701294,0.240436995676384,24.9501655965359,59649.39
4.20538148073739,0.242489298586295,24.945453397802,59652.312
4.20515980961697,0.243108510820189,24.9347761658154,59655.218
4.20560962040541,0.244588271605034,24.9409662749695,59658.124
4.20535605294234,0.238715528153677,24.9314710956798,59661.046
4.20550368843771,0.24077790811346,24.9324365501265,59663.952
4.20536112424464,0.238589931084012,24.928700631637,59666.859
4.20570503091261,0.242548133595735,24.9296560454986,59669.765
4.20560529198055,0.238440121937612,24.9328035732401,59672.687
4.20585964328848,0.241289445156037,24.9283826520745,59675.593
4.20578902942135,0.238214692043378,24.9231372407136,59678.499
4.20598140948189,0.237319737687477,24.9146522861009,59681.406
4.2057421630448,0.239510210276107,24.9132452462592,59684.312
4.205912371298,0.237083251889441,24.9127547358754,59687.218
4.20622040319129,0.238262450336612,24.9079549680047,59690.14
4.20623081929008,0.2395892499961,24.9187513742291,59693.046
4.20624916852717,0.236702488668429,24.9143612293609,59695.952
4.20597422081687,0.241314791324793,24.909362698615,59698.874
4.20589971432109,0.238846251642249,24.9042203566814,59701.781
4.20608191288746,0.233900928207792,24.9017423181056,59704.687
4.2060985865694,0.24212800155341,24.9026939225378,59707.593
4.20636773720387,0.238962614582312,24.90154138229,59710.499
4.20635431912405,0.239599559478051,24.8995699977106,59713.406
4.20606573484112,0.241045935405368,24.8958947085419,59716.327
4.2065026339608,0.238069330634104,24.8823293056597,59719.234
4.2064094714621,0.237262498514336,24.8926998717352,59722.14
4.20618030357945,0.240180100226438,24.8898585548145,59725.062
4.20648666226097,0.240900848112372,24.8777883416277,59727.968
4.20647210544961,0.238439059785518,24.8790356435029,59730.874
4.20658498126325,0.236713254708941,24.8786489791233,59733.781
4.20579926620045,0.227730451860536,24.874377577301,59736.718
4.20571608297431,0.231135813471559,24.8671426280056,59739.624
4.20537456251091,0.234865691372336,24.8697607631035,59742.546
4.2056834105961,0.224300075036538,24.8651329986519,59745.452
4.20572509910598,0.229180116189181,24.858347414257,59748.359
4.2061182879001,0.228914644760184,24.861679085542,59751.265
4.20574410590193,0.228063243695302,24.859120309287,59754.187
4.20601414783644,0.229818641434492,24.8652167144818,59757.093
4.20602251215923,0.225933006742654,24.8557596855933,59759.999
4.20571317579696,0.230461064335864,24.8598218009826,59762.906
4.20599896484551,0.227625458832647,24.8522585432809,59765.812
4.20573397352966,0.228892350509055,24.8522569539199,59768.749
4.20580766677144,0.230640653636132,24.8489012707327,59771.656
4.20606019253744,0.223412243294411,24.845231966595,59774.577
4.20586984702322,0.229245564663177,24.8477719044753,59777.484
4.20553953690686,0.228874503927482,24.8442887636905,59780.39
4.20635455709018,0.225513175660672,24.8412009725229,59783.296
4.2060046873729,0.230467231303307,24.8405949373619,59786.218
4.20590028291178,0.228432303491038,24.834135331861,59789.124
4.20609858057296,0.226420703075928,24.8303018438365,59792.031
4.20567566956521,0.230351533545143,24.825704698098,59794.937
4.20607445381858,0.229295154654171,24.826505659836,59797.843
4.20614309793167,0.227127069005795,24.8197149146314,59800.765
4.2067161594229,0.231044010044008,24.8166572227555,59803.671
4.20521553307269,0.220494903016802,24.821838631894,59806.609
4.20494848116428,0.219310413311479,24.8157954056833,59809.515
4.20516879700933,0.216322894318541,24.8204036765496,59812.421
4.20549958867621,0.214294324462773,24.8250243734312,59815.343
4.20516950821742,0.21994304589864,24.8240850913714,59818.249
4.20492502695501,0.217661802640248,24.8249786388726,59821.156
4.20522524431286,0.216705518683841,24.8253306589151,59824.062
4.2056173932389,0.217831273611604,24.8143111461647,59826.968
4.20443870640672,0.206348169094141,24.8130441898249,59829.906
4.20458924691111,0.208302806705868,24.810047423704,59832.812
4.20440684947867,0.208635814604048,24.8065830472488,59835.734
4.2041713961612,0.207052904876879,24.8033222505706,59838.64
4.20431654278094,0.207803265079397,24.7989860223362,59841.546
4.20440192537938,0.208218392380642,24.7989269431535,59844.452
4.20423321784086,0.208767815031973,24.8021671056161,59847.359
4.20461785226754,0.207939109567429,24.8035200867434,59850.265
4.20427344085119,0.209277210191326,24.7914641863783,59853.187
4.20449247831589,0.210483333548216,24.7857410715153,59856.093
4.20464047092237,0.207738772932901,24.7843810787032,59858.999
4.20450750914462,0.207417347609235,24.779667186316,59861.937
4.20429660118297,0.210372742474234,24.7861077105966,59864.843
4.20421494302711,0.210503432787606,24.7704680174786,59867.749
4.20467149116553,0.209526729530617,24.7746823607,59870.656
4.20483533817398,0.204556516493972,24.7714836453481,59873.562
4.20454150729483,0.205892619562764,24.7631765083363,59876.468
4.20439329038691,0.208908016566421,24.7686829078553,59879.374
4.20452747530411,0.213184828448518,24.7689463003516,59882.281
4.20452494246008,0.205877532352411,24.7593251359364,59885.202
4.20480003526438,0.206791283730791,24.7533005527766,59888.109
4.20457778201508,0.206607203609357,24.749377610872,59891.015
4.20464240733581,0.208503384440373,24.7459394787691,59893.921
4.20456017574725,0.211142671802541,24.7432198536218,59896.843
4.20449536923037,0.208752801802885,24.7508856405133,59899.749
4.20464298870399,0.208959278810417,24.7459244521551,59902.656
4.20466958551423,0.209977813901041,24.741347790956,59905.562
4.20477635457283,0.205968287086721,24.7336446257199,59908.468
4.20481247278757,0.205176177741558,24.7371641161577,59911.374
4.20487889963837,0.209973959029519,24.7329515077557,59914.281
4.20438825141728,0.209756338310599,24.73404344326,59917.202
4.20468722197864,0.207073128105372,24.7342173608049,59920.109
4.20476176656981,0.204103991912515,24.7315666628512,59923.015
4.20471237735304,0.206905729377654,24.7365413126441,59925.921
4.20478529078854,0.211577525408885,24.7328792766783,59928.843
4.20510472796298,0.207013734884395,24.7304414011972,59931.749
4.20479940092443,0.208727374930215,24.7208361340244,59934.656
4.20507996865717,0.210694661784397,24.709096481294,59937.562
4.20497820625819,0.208344056313928,24.7123044204249,59940.484
4.20507587632019,0.206600643498454,24.7099357254984,59943.39
4.20500465499575,0.204402914756999,24.7142778036265,59946.296
4.20513344788368,0.207408779564877,24.7045813049754,59949.202
4.20521123460513,0.206171203756769,24.7076419213657,59952.109
4.20514253257257,0.208295242057116,24.7124246943917,59955.031
4.205167469419,0.205548348590062,24.7075488759938,59957.937
4.20516688531405,0.20515725232842,24.7125654702046,59960.859
4.20498707743602,0.208156217827683,24.7031537085807,59963.765
4.20527416374664,0.205319691139959,24.7055980242274,59966.671
4.20518979827142,0.206193637794026,24.6972511327832,59969.577
4.20536602727857,0.204296591551198,24.6988230259069,59972.515
4.20540073048996,0.20820306275887,24.6965871081233,59975.484
4.20525188277312,0.206810315911672,24.6915996307488,59978.421
4.20555089667006,0.207766883380224,24.6892948190586,59981.374
4.20541073084402,0.210869566452444,24.6791104014512,59984.343
4.20568760285419,0.204745742527959,24.6881625879791,59987.281
4.20577263286569,0.204009264410084,24.6896358331305,59990.187
4.20537585450316,0.205706130012077,24.6840964020965,59993.093
4.20525099956184,0.208445104088937,24.679882865651,59996.015
4.20604564401545,0.202944675743062,24.6874482039881,59998.921
4.20582534380356,0.204737460960686,24.6899640052341,60001.827
4.20572488060816,0.206607453757173,24.6858358989108,60004.734
4.20573756323147,0.205782881351542,24.6783565394569,60007.64
4.20603871704863,0.206697265511902,24.6722198546733,60010.546
4.20575810889737,0.2062658443724,24.6715739461494,60013.452
4.20586952284232,0.208612428773828,24.6687487627254,60016.374
4.20613381596304,0.202627639020267,24.6596235215796,60019.281
4.20595523225829,0.208714018369323,24.6634066593242,60022.187
4.20591780159321,0.208350808550906,24.6573325272673,60025.093
4.20589433211146,0.203442239734921,24.6528057643675,60027.999
4.20588994418006,0.207813048493675,24.6526379170357,60030.906
4.20619823145599,0.2087311672372,24.6462634267436,60033.812
4.20593626782409,0.204712388131701,24.6441187857864,60036.718
4.20611202386133,0.208115615684042,24.6533001893487,60039.624
4.2060606541349,0.204085187515217,24.6493334554226,60042.531
4.20616846537662,0.20286226835519,24.6492652599658,60045.437
4.20640470052749,0.207558775222962,24.6524126342339,60048.359
4.20616630325096,0.204226229811687,24.6419016001922,60051.265
4.20611636066028,0.202572149076825,24.6407012462726,60054.171
4.20623264757294,0.204961290795834,24.6390090524215,60057.077
4.20635986886621,0.206965560560468,24.6374179345718,60059.984
4.20622756383423,0.203319918648174,24.638821970478,60062.89
4.20641141270411,0.204151849093504,24.638402060178,60065.796
4.2065983739719,0.201604160961148,24.6274786836088,60068.702
4.20551568001902,0.197171994000346,24.6237588947197,60071.64
4.20552284719235,0.199039571831021,24.6218918397621,60074.546
4.20589238890851,0.18820671431202,24.6181373803183,60077.452
4.20462107170665,0.183711443664609,24.6155260112036,60080.39
4.20484914889973,0.183720851986511,24.6100465937874,60083.296
4.20458151530049,0.183911672214581,24.6128201322018,60086.218
4.20440584856013,0.189918740701216,24.6059098113188,60089.124
4.20454260778612,0.185813999633141,24.5991151547724,60092.031
4.20458359906735,0.186176801719791,24.6064307576683,60094.937
4.20447719572156,0.188528871976086,24.6152271165661,60097.843
4.20427457493945,0.189878930071259,24.6037913207557,60100.749
4.20437568255938,0.184311425764099,24.6001041187733,60103.656
4.20483397663347,0.183906958905933,24.5933993938679,60106.562
4.2045360462133,0.184534873723024,24.5906684366235,60109.484
4.20443756283046,0.187464244248525,24.5886292635886,60112.406
4.20451526193951,0.183470991631102,24.591668892055,60115.327
4.20449828028568,0.185633487585084,24.5873324091314,60118.234
4.20462191317702,0.185193619306117,24.5909280514075,60121.14
4.20452949862628,0.185334245932629,24.5826693689706,60124.046
4.20483157655544,0.18378284306819,24.585096850854,60126.952
4.20435512378934,0.186633522585258,24.588080845084,60129.859
4.20478792400183,0.183208789666605,24.5852827467582,60132.765
4.20482453557747,0.185745033966945,24.5826814473271,60135.671
4.20474143966797,0.182422953610027,24.5766234173225,60138.593
4.20443038083626,0.185611364707748,24.5722968295955,60141.499
4.20448529086712,0.189404953629738,24.5777750050868,60144.406
4.20496981927782,0.178461348115301,24.5766900931359,60147.312
4.20474801496715,0.185035211013527,24.5645842102228,60150.218
4.20478237851253,0.185569284467364,24.5685878795118,60153.124
4.20514313812156,0.180530847540848,24.5663795241964,60156.046
4.20472213413432,0.184136026294238,24.5726049613582,60158.952
4.20464812540796,0.183084762575573,24.5585455234617,60161.859
4.20450687481421,0.186629386959298,24.5617067490086,60164.765
4.20462777830388,0.184603648046483,24.5520477832949,60167.671
4.20475832598582,0.183911514850941,24.544298446808,60170.577
4.20509672376723,0.181356228906978,24.5517915702377,60173.499
4.20478488734507,0.184354496712463,24.5566090921858,60176.406
4.20478221910855,0.18662493703124,24.5474053228312,60179.312
4.20478163181584,0.185781950389724,24.5548228086953,60182.234
4.20498507867499,0.184375122273635,24.5505438563009,60185.14
4.20532575046823,0.182793217742271,24.5462744096018,60188.046
4.2047496218269,0.189265459305913,24.553076647457,60190.952
4.20525741440227,0.18300697071496,24.5519125621747,60193.859
4.20491120942739,0.184314766381589,24.5458655158174,60196.765
4.20501177788172,0.182458816970704,24.5477368249257,60199.671
4.20549245002618,0.181956053615517,24.5445449722838,60202.577
4.20519038616813,0.184358669585489,24.5424973806152,60205.499
4.20533451310737,0.183733551542849,24.5281552578953,60208.406
4.2050906430335,0.18724777863232,24.533089441546,60211.327
4.20505450863561,0.18594557531001,24.535897470484,60214.234
4.20531500111425,0.184204330927287,24.5261485947031,60217.14
4.20536092007016,0.182097596121175,24.534728904919,60220.046
4.20495645599542,0.183404089227448,24.5222080867119,60222.952
4.20530418112579,0.185056895245119,24.5289309419949,60225.859
4.20532785553176,0.185527900790288,24.5265626762743,60228.781
4.20555456949741,0.184454306205111,24.5175177607891,60231.687
4.2054227657851,0.18315878353497,24.5195631358216,60234.593
4.20535086998899,0.185001820819422,24.5196216384113,60237.499
4.20544186162016,0.185026380261293,24.5091479995669,60240.406
4.20562635345426,0.183774435973925,24.5186831871462,60243.327
4.20570255809661,0.182524248764126,24.5174316794665,60246.234
4.2057982651837,0.182499765126856,24.5207288752505,60249.14
4.20535523045134,0.185741183553785,24.513041026508,60252.046
4.20585371355372,0.179668091088173,24.5138665338895,60254.968
4.20578653457414,0.184257480044567,24.5056434242239,60257.874
4.20544283380504,0.187180867458884,24.5098860780891,60260.781
4.20541446288883,0.18817852103714,24.5038780326606,60263.687
4.20546984626318,0.182409673752929,24.5015926598805,60266.593
4.20598798080743,0.180293869993697,24.4971467507259,60269.515
4.20594160201652,0.181271132308903,24.4961315604112,60272.421
4.20588464826144,0.185369101071828,24.5018169338198,60275.327
4.20566053996143,0.183504741922596,24.4930470848055,60278.249
4.20585391772367,0.182969323500567,24.4962275734679,60281.156
4.2057477955372,0.183763940074757,24.4909412695495,60284.062
4.2058481447506,0.184208111155877,24.4952437363141,60286.968
4.20566566946895,0.184370286852806,24.4884706524952,60289.874
4.20609909201119,0.182780625749495,24.4885888759256,60292.796
4.20600482099756,0.182760480100823,24.4856513369334,60295.702
4.20598924714814,0.180142348364572,24.4889847264799,60298.609
4.20623300529438,0.18081060905929,24.4866788652857,60301.515
4.20645232331613,0.177762041947785,24.4852734285893,60304.421
4.20621644436559,0.181787361787862,24.4836441308058,60307.343
4.20617208054878,0.182337874745742,24.4799615252258,60310.249
4.20632091934846,0.179356592275477,24.478487169528,60313.156
4.20608129576194,0.181280833849284,24.4687795854802,60316.062
4.20627647685215,0.184197547108553,24.4676141459309,60318.984
4.20634206987005,0.184859382071861,24.4564964040309,60321.89
4.20623133076391,0.182387872282483,24.4551903815084,60324.796
4.20629932601398,0.183016082223074,24.4438721552477,60327.702
4.20634534321955,0.181096956410145,24.4484903463313,60330.609
4.20636493476703,0.180646087686836,24.4475574056149,60333.531
4.2062961948159,0.183058564962357,24.4508697314196,60336.437
4.20660343829545,0.180760393417298,24.4616275264925,60339.343
4.20566686029602,0.171530674748069,24.4554611912882,60342.281
4.20574369326342,0.174008016607694,24.45286246391,60345.202
4.20515664333939,0.171852359031976,24.4557831347342,60348.109
4.20573641741854,0.172326192194291,24.4523360008471,60351.015
4.20547781420858,0.174386684330932,24.4488182845059,60353.921
4.20554569877458,0.176520865701919,24.4492973371042,60356.843
4.20571493805389,0.172168146929636,24.4563219386375,60359.749
4.20562550256316,0.173256343208703,24.4535130582886,60362.656
4.20593881603334,0.172886567730002,24.4537038144391,60365.562
4.20572029651266,0.174522269540441,24.4508921139081,60368.484
4.20576748796919,0.171153226264492,24.4485787492357,60371.39
4.20585008578526,0.169765767437714,24.43857922748,60374.327
4.20570734423223,0.174505141754411,24.4386537479466,60377.234
4.20558538963566,0.169383191469635,24.4367986066502,60380.14
4.20554037386832,0.169873873836316,24.4285438272583,60383.046
4.20586238504137,0.169275178028094,24.4253239854278,60385.968
4.20574331171785,0.16958999401933,24.4274956181126,60388.874
4.20600087836395,0.169130197220455,24.4339656712839,60391.781
4.20571994207659,0.169155070282422,24.4290620818984,60394.687
4.20598630381671,0.168827964248928,24.4283503579892,60397.609
4.20606094506862,0.171313806399712,24.4302532608187,60400.515
4.20604677668979,0.170384016149577,24.4263448140876,60403.421
4.20611442046831,0.17053669570209,24.4208645907581,60406.327
4.20590649281158,0.174382048411487,24.4250412527333,60409.249
4.20618261444457,0.169869395894754,24.4162339292065,60412.156
4.20596710667422,0.173220190812682,24.419753568256,60415.062
4.20613005977043,0.169706016110072,24.4121163261628,60417.968
4.20622767563347,0.172863548441284,24.4124410195607,60420.874
4.20601877205424,0.171007835600287,24.4138340987232,60423.781
4.20590662537831,0.170006184483314,24.4102597454375,60426.702
4.20582436430217,0.171667161981974,24.4089919326344,60429.609
4.20599743981646,0.172874915839813,24.4174359439833,60432.515
4.20647538463485,0.172299915671679,24.4049512900853,60435.421
4.20637871338334,0.167650587049091,24.4061344779205,60438.327
4.20630866079951,0.16709751947592,24.405862606098,60441.249
4.20605133305753,0.170933514453186,24.4056249754292,60444.156
4.20651251577689,0.169602672297736,24.4038592735525,60447.077
4.20639532819255,0.170083419380004,24.3937758417186,60449.984
4.20639237528846,0.169722647922272,24.3967702188858,60452.89
4.20652050191227,0.173379515991643,24.4015206665342,60455.796
4.20650696402039,0.169952133025652,24.3979208276907,60458.702
4.20623052256377,0.169163469081443,24.3956664526415,60461.624
4.20639752853917,0.175774263866087,24.3998356005036,60464.531
4.20632612411982,0.165720704851085,24.394103997592,60467.437
4.20650524722512,0.170319230521115,24.3924902077154,60470.343
4.20616433535801,0.170818280216626,24.39390219653,60473.265
4.20666523198676,0.168809439684765,24.3951382469996,60476.171
4.20601089666787,0.161780214347738,24.3865609507233,60479.109
4.20570240352606,0.157518780447025,24.3839528702053,60482.015
4.20577705409401,0.156327806087301,24.3851768409423,60484.937
4.20602877417475,0.161127375707013,24.3822474979968,60487.843
4.20540679090102,0.162292166272245,24.3831015052942,60490.749
4.20580133847703,0.159365113660517,24.38445841353,60493.656
4.20546182094669,0.161141555634725,24.3745642181593,60496.562
4.20605520338884,0.161042131608614,24.3768352607422,60499.484
4.20575761949906,0.161041582303501,24.3743229403766,60502.39
4.20579843025904,0.158762436261442,24.3734879261983,60505.296
4.20532605503675,0.161465792290939,24.3639170765568,60508.202
4.20585429171763,0.163681216682489,24.3675023692379,60511.14
4.2053129795301,0.164923936799542,24.3660026429713,60514.046
4.2055862845449,0.161332763786224,24.3632437455703,60516.968
4.20603002826457,0.159176125749297,24.3651313682041,60519.874
4.20581784730074,0.154105176395241,24.353272153953,60522.781
4.20563112650895,0.16049826113384,24.3569864520452,60525.687
4.20582389203807,0.15642804390122,24.3584175253459,60528.609
4.20565200042214,0.156171809327296,24.3544348570136,60531.515
4.20601607281946,0.161723112461145,24.3501171617208,60534.421
4.20579409754309,0.165169358692489,24.3615519046769,60537.327
4.20586729360814,0.161319334531355,24.3518821324762,60540.234
4.20595216891936,0.159435347386076,24.3603450105459,60543.156
4.20580233365997,0.158809256349134,24.3563767138462,60546.077
4.20579074247693,0.157733320260287,24.3431895778266,60548.984
4.20572467190578,0.161284103439493,24.3467207653077,60551.89
4.20609524694768,0.160378654216519,24.3416943531586,60554.796
4.20579755559024,0.153072755289756,24.3322816455739,60557.718
4.20586488617526,0.162033095722726,24.3333398101344,60560.624
4.20582981986115,0.160738285302316,24.3372119290531,60563.531
4.2062671786972,0.162224659634058,24.3423456997017,60566.452
4.20616067067731,0.161040812552456,24.3457855263901,60569.359
4.20599908633062,0.15857665107786,24.3496172134773,60572.265
4.2060167937882,0.161932331584419,24.3424484820657,60575.171
4.20609095670096,0.156592314861928,24.339759604122,60578.093
4.20616409826647,0.156901671989591,24.3352006539615,60580.999
4.20604850145342,0.160837172456144,24.3312194387648,60583.921
4.20612714422188,0.148765389609455,24.3295893388919,60586.827
4.20612552244176,0.160446558894087,24.3261244256542,60589.734
4.20623879818764,0.15817955477592,24.3293909165968,60592.64
4.20621880304424,0.161492421848088,24.3258848331407,60595.546
4.20638233482403,0.161962827983837,24.3302858995059,60598.452
4.20642640783054,0.152063035333412,24.3265732262792,60601.359
4.20678110724642,0.164969758443139,24.3278374934021,60604.265
4.20522991888338,0.151315350707337,24.3224418871418,60607.202
4.20558629646901,0.150079121604047,24.3246202737025,60610.109
4.20526860371776,0.147382508869151,24.3200902016503,60613.015
4.20535289357553,0.145599134062501,24.322435299518,60615.937
4.20574101639898,0.149852617935546,24.3195278887337,60618.843
4.20497571241835,0.154163334581733,24.3114230530512,60621.749
4.20534317107158,0.153941248771106,24.3124748194722,60624.671
4.2052937886802,0.148686008677008,24.3077701099526,60627.577
4.20528295075144,0.152534221412296,24.3225699603935,60630.484
4.20535449487649,0.147382461753795,24.3168635340561,60633.39
4.20529550944934,0.149665731702466,24.3178185275761,60636.296
4.20573992254342,0.147524802516043,24.3102411969688,60639.234
4.20539215574919,0.147967178420922,24.3103856245994,60642.156
4.20530357515606,0.148144217234154,24.3051119156804,60645.062
4.20546512461457,0.151317540185888,24.3019349292991,60647.968
4.20564736214679,0.149461801377898,24.3036035037603,60650.874
4.20555777402115,0.150169301999936,24.3004409410871,60653.796
4.20604199456259,0.151264011758524,24.3023491110455,60656.702
4.20566412146902,0.151839140141709,24.3016581080322,60659.609
4.20531110426455,0.146974889359172,24.2969828606299,60662.515
4.20554391716463,0.150526488763125,24.2956785093517,60665.421
4.20548448150571,0.149857345404915,24.3002799413697,60668.343
4.20547912648983,0.150571954927953,24.2975276189823,60671.249
4.20562119919001,0.150837334419871,24.2957167079456,60674.156
4.20570253424161,0.14855122143908,24.2947725959362,60677.077
4.20543551144707,0.147486359571902,24.2947323545287,60679.984
4.20547603829515,0.149531356438255,24.2921322718499,60682.89
4.20589130284532,0.149129367785076,24.2987927462719,60685.796
4.20565956449662,0.151790981155616,24.2990756284606,60688.718
4.20581208718956,0.15145560066465,24.2953602296781,60691.624
4.20529835397723,0.147825995771068,24.2917149198174,60694.531
4.20567394667202,0.148269792734974,24.2982654034364,60697.437
4.20569973452474,0.149657921220296,24.2968594906504,60700.343
4.20559318746056,0.149673386487783,24.298338438363,60703.265
4.20588399372539,0.149604807287149,24.2822354942734,60706.171
4.20518567376727,0.145286688529455,24.2795924197391,60709.093
4.20588712179299,0.145879241404655,24.2843466015158,60711.999
4.20605232168786,0.153361220175326,24.2878223442035,60714.906
4.2058479673972,0.147436693421206,24.2804148007563,60717.812
4.20587044011597,0.147553798173618,24.2752849582181,60720.734
4.20541054043175,0.151241364470336,24.275513259765,60723.64
4.20540411998991,0.147351090283848,24.2804966050611,60726.546
4.20574124466287,0.151684240983726,24.2830198412373,60729.452
4.20598632461596,0.147938820961725,24.2775515280188,60732.359
4.20562409802935,0.147456480735356,24.2780567839631,60735.281
4.20591494294448,0.147375787004504,24.2834945139518,60738.187
4.20606737149866,0.150745172002281,24.2869444082267,60741.093
4.20578659100622,0.151166564394412,24.2802988965374,60744.015
4.20562165166471,0.149357465456908,24.2951741442645,60746.921
4.20620865564908,0.143883404384452,24.282204208463,60749.827
4.2058419996257,0.14603618944449,24.2822782388933,60752.734
4.2063687643842,0.145618303841292,24.2750497756368,60755.64
4.20602426346036,0.14964209477321,24.2699837518071,60758.562
4.20626195340019,0.148436591207358,24.2693001999834,60761.468
4.2062767841305,0.150395639829831,24.2611971794686,60764.374
4.20604019514988,0.15131739037828,24.2531927690982,60767.281
4.20633143273003,0.148444433006488,24.2566240933811,60770.202
4.20593875373071,0.147149628398596,24.2570617080795,60773.109
4.20617534532268,0.149869824128728,24.2505351586505,60776.015
4.20653261202188,0.147444534743391,24.2565235072595,60778.921
4.20640576067247,0.148122122924007,24.2459292811734,60781.843
4.20640393606626,0.146243181039869,24.2527314255027,60784.749
4.20646947828877,0.148680427641292,24.2523148235609,60787.656
4.20648588764267,0.147132454505201,24.241651497491,60790.562
4.20637196415966,0.147247966659086,24.2454295763729,60793.468
4.2062273330775,0.150679746724368,24.2585846470317,60796.374
4.20653151121302,0.150111873293962,24.2486275132001,60799.281
4.20659692966121,0.14662619319899,24.2447264964772,60802.202
4.20549098976102,0.138873992411102,24.2411714962825,60805.14
4.20550791597621,0.136283695902385,24.235145538411,60808.046
4.20547810368985,0.137040356308436,24.2444373387393,60810.952
4.20545179110785,0.137384430355765,24.2455894907881,60813.874
4.20563254462373,0.135829446585871,24.2401324651826,60816.781
4.20536165681976,0.141366598155218,24.2404015613931,60819.687
4.2053788360476,0.136988183953025,24.2441843197987,60822.593
4.2056545934747,0.138524544586593,24.245346975947,60825.499
4.20535785984652,0.14028375573435,24.2437323531764,60828.406
4.20552158224632,0.137818112525744,24.2402529744788,60831.327
4.20547828880238,0.140938568911255,24.2343875177235,60834.234
4.2057295200677,0.137392011656036,24.2341891285594,60837.171
4.20551838998358,0.139664499706124,24.2297075714455,60840.077
4.20553109479638,0.139208515008327,24.2340312815776,60842.984
4.20563108678868,0.13650233989078,24.2320677786643,60845.89
4.20549392440998,0.140308628563979,24.2311830565396,60848.796
4.20561519269933,0.137304440680375,24.2254876865657,60851.702
4.20576889929615,0.137650731823275,24.2264860422061,60854.624
4.20575226242869,0.137008746984762,24.2266139855294,60857.531
4.20556431997399,0.139320281366685,24.2242083502372,60860.437
4.20557671433238,0.138364033125876,24.2184824479632,60863.343
4.20562959403256,0.135883945192912,24.2174500011041,60866.249
4.20555700101948,0.137371997690075,24.2212956994554,60869.171
4.2057902056775,0.139171510860642,24.2221104854416,60872.077
4.20574932793942,0.135815403330137,24.2205315501179,60874.984
4.20571879891423,0.133986967448545,24.2140018948957,60877.906
4.20545700073085,0.13469071442707,24.2125782802335,60880.812
4.20589702043724,0.13544905973566,24.2174147045604,60883.718
4.20597760581062,0.137289467654248,24.2158899637178,60886.624
4.20578022310904,0.136105995463872,24.2082776289236,60889.531
4.2055838193565,0.137589232221174,24.2106620881875,60892.452
4.20584231837974,0.139100125255369,24.2099561320012,60895.359
4.20593180126689,0.137028172153315,24.2063216881074,60898.265
4.2059800546142,0.140587874125752,24.2018955633626,60901.171
4.20573840490593,0.135518192469369,24.2074322072946,60904.093
4.20608186050272,0.137620784718273,24.1987948238128,60906.999
4.2057391077122,0.134638147815288,24.2071279268438,60909.906
4.20593240181327,0.136771748314284,24.2069686838669,60912.827
4.2057281877924,0.140366015621909,24.2010615552662,60915.734
4.20600791424304,0.138461442625838,24.1985775012454,60918.64
4.20568297336863,0.138506488812755,24.2042273451803,60921.546
4.20598436156149,0.138083004623582,24.2022817646507,60924.452
4.20603308996068,0.135496908038281,24.203063758606,60927.359
4.20635728539698,0.135818574862189,24.1995470392544,60930.265
4.20595844214636,0.136796322685817,24.1972897393395,60933.187
4.20604726440066,0.135230543373501,24.195250541584,60936.109
4.20590373643562,0.13716212125952,24.1921212802321,60939.015
4.20618946259905,0.134206118147116,24.2016075570371,60941.921
4.20611312699813,0.135506387780235,24.1919886421892,60944.827
4.20645851309903,0.136473557043372,24.1932564757839,60947.734
4.20629939653098,0.138246077955175,24.2118286439403,60950.64
4.20604841030365,0.138916349170519,24.2068704355708,60953.562
4.20632931767627,0.13787723016285,24.1995644668405,60956.468
4.2062241716945,0.141060679891629,24.2012076154644,60959.374
4.20609706067337,0.140463090716165,24.196480885816,60962.281
4.20630316708474,0.136991559400921,24.1976424383516,60965.187
4.20636369765426,0.137218388939408,24.1895781606085,60968.109
4.20638777305897,0.136488092701214,24.1824564202906,60971.015
4.20620357691725,0.133870678167616,24.1883946233903,60973.921
4.20627050868573,0.136897159216724,24.188553392686,60976.859
4.20645448564765,0.135753055704319,24.1921281587677,60979.874
4.20660038937625,0.134213858582667,24.1806377459044,60982.781
4.20549156941652,0.127870480823503,24.1891286034263,60985.734
4.20539219368693,0.125458470844232,24.1874127846333,60988.64
4.20541732539082,0.128541815760221,24.1889760698808,60991.546
4.20543091093109,0.129150539574077,24.1806372952317,60994.468
4.2053440074602,0.123645601385884,24.1782379782616,60997.374
4.20554158596555,0.128345222996827,24.1914816131294,61000.281
4.20550248873064,0.131556165541455,24.1747105099509,61003.187
4.20522361092658,0.125523151397878,24.1764985683459,61006.093
4.20536536424235,0.125441901719939,24.1757757897749,61008.999
4.20528870115634,0.125969177120351,24.1655359957927,61011.906
4.20538386803127,0.125575520521241,24.1781517812776,61014.827
4.20512682658934,0.127829319007386,24.1732074030302,61017.749
4.20549384647177,0.125526222915724,24.1696627403463,61020.671
4.20523926163065,0.123924448659213,24.167170292996,61023.577
4.20528349331119,0.129995884930606,24.1725249194241,61026.484
4.20531633200038,0.128583598114144,24.1578518057461,61029.39
4.20543344701266,0.127495712028661,24.1632455693194,61032.296
4.20553043912766,0.126843993288861,24.1604432036611,61035.202
4.20542544960388,0.125215406735266,24.1666787816418,61038.124
4.20547970341574,0.122999756354318,24.1689663041367,61041.031
4.20520523223759,0.12665312444002,24.1612025233412,61043.937
4.20563468123891,0.125273496331247,24.1634379706596,61046.843
4.20548077900558,0.128831339027661,24.1671816925832,61049.765
4.20541027908873,0.125423625489731,24.1668473392872,61052.671
4.20569428125637,0.125905444065803,24.1669930849152,61055.577
4.20559068315213,0.128551634198056,24.1617208095815,61058.499
4.20544265251766,0.125821645017504,24.1690264433718,61061.406
4.20560200739051,0.124759055372304,24.1599337457844,61064.312
4.2057581170952,0.12401840696815,24.1567519399876,61067.218
4.20550595048761,0.122194347091676,24.1498715590203,61070.124
4.205522350436,0.126818491083313,24.1511939844816,61073.046
4.20580724449948,0.125671587165581,24.1557600777583,61075.952
4.2054481939799,0.125536622369102,24.1503600518109,61078.859
4.20564889863031,0.127315424757978,24.1439050681384,61081.765
4.20562234620745,0.126426679382104,24.1435236870059,61084.687
4.20572782371103,0.124500506979947,24.143896700685,61087.593
4.20544964439165,0.125322194732311,24.1449618428221,61090.499
4.20589638717301,0.126829913759197,24.1447971664895,61093.421
4.20584852980842,0.128855571736834,24.1431333239137,61096.327
4.20584272800171,0.125747231225015,24.1377927701116,61099.234
4.20578488386546,0.127788579437709,24.1416465929497,61102.14
4.20583097906061,0.124529889363883,24.1444004069539,61105.046
4.20608565825722,0.129123922821767,24.1361040369998,61107.968
4.2057980663673,0.126823640555205,24.13261354747,61110.874
4.20588068532223,0.124966919599514,24.1218635160548,61113.781
4.20550209203858,0.127022751816484,24.128089157148,61116.702
4.20594710425623,0.127108145232614,24.1307142319593,61119.609
4.20563536548215,0.12523050221242,24.1315756818769,61122.515
4.20587704958091,0.126434291798278,24.1340674913488,61125.421
4.20557582639845,0.125890458176373,24.1398222259599,61128.343
4.20579715599661,0.123297603017451,24.1397723066585,61131.249
4.20598577959857,0.124086564614013,24.1314423501366,61134.171
4.20588391127172,0.124650328175709,24.139784153801,61137.171
4.20594943423824,0.123585722050984,24.1374239950817,61140.187
4.20583371082308,0.125510860287733,24.1295891925369,61143.187
4.20593347346635,0.122788197633158,24.1363129296943,61146.187
4.20611300306414,0.12491017261451,24.1291776466154,61149.171
4.2059528408907,0.126441500413117,24.127783197339,61152.14
4.20598091645467,0.1242463194627,24.1281656419366,61155.109
4.20626763768696,0.122959583816453,24.1303421532444,61158.077
4.20618513365033,0.125149335956296,24.1220829650905,61161.062
4.20619762818782,0.127080358970764,24.1239909868141,61163.984
4.20637614104994,0.125780030812987,24.1174308748524,61166.906
4.20625114830598,0.12550445699103,24.1228570969946,61169.812
4.2063430678978,0.125313794783123,24.1234482198272,61172.718
4.20631998124426,0.125878247195341,24.1208260134837,61175.624
4.20617004282008,0.121913209520255,24.1246633664911,61178.531
4.20607523798879,0.126053319515513,24.1166523346515,61181.437
4.20642741622687,0.125221047888296,24.1108890450282,61184.343
4.20620018292837,0.126091943654065,24.1156629699143,61187.249
4.20635139113275,0.125515965040011,24.1133745134963,61190.156
4.20629218767052,0.126050605034304,24.1108953689315,61193.062
4.2062367931093,0.123343151116539,24.1042026395045,61195.968
4.20643520572496,0.125855353438275,24.1118644685001,61198.874
4.20640483058076,0.126244399754993,24.1168860986633,61201.781
4.20650309487128,0.123870080949229,24.1148585208456,61204.687
4.20652661533373,0.12331096938249,24.116403899151,61207.593
4.20637946627435,0.121825891525148,24.1082464323396,61210.499
4.20656292084276,0.124812803944709,24.1110254436296,61213.406
4.20557026742738,0.11560321410462,24.1139014494183,61216.343
4.20559361868976,0.116144894573024,24.1121853190801,61219.249
4.20549272799788,0.113397036121407,24.1103499076603,61222.156
4.20570857802317,0.112388175990003,24.1058487606352,61225.062
4.20533845859307,0.116912567927004,24.0985756964399,61227.984
4.20540207406073,0.113131126036678,24.1004533838969,61230.89
4.20553198729477,0.11592476855185,24.1071321308708,61233.796
4.20547263073961,0.115267627404108,24.1038331935259,61236.702
4.20569912815591,0.115412637836551,24.1041570756962,61239.624
4.20555421750411,0.115031869920002,24.0955838519348,61242.531
4.20555873598642,0.117894600871872,24.1002214824465,61245.437
4.20524654408085,0.116792187915694,24.0989446381941,61248.374
4.20560490229455,0.11314049643294,24.1016398060573,61251.281
4.20539293450674,0.115604035967538,24.0996603190671,61254.187
4.20547515939271,0.115511360970265,24.0896917676203,61257.109
4.20537111188664,0.1148943254895,24.0889189450819,61260.015
4.20562454927387,0.116955455377484,24.0903164527722,61262.921
4.20551750526222,0.11343269874793,24.0932162442538,61265.827
4.20548935805614,0.115610534298219,24.0842992308788,61268.749
4.205425645581,0.117067219944842,24.0885398614074,61271.656
4.20548742783284,0.114192110824708,24.0898039030504,61274.562
4.20569962295961,0.11271314122121,24.087243047109,61277.468
4.20579651398937,0.115985726666616,24.0884202928796,61280.39
4.2055498457172,0.11475251355701,24.0865308597711,61283.296
4.20564925125136,0.111705347764406,24.0852444276631,61286.218
4.20559503769682,0.11602558805666,24.0843804984393,61289.124
4.20551901895598,0.11483347169806,24.0812381492169,61292.031
4.20584500251342,0.114683282015337,24.0820187080661,61294.937
4.20547350496747,0.116839106915755,24.0813172480631,61297.843
4.20573381209356,0.114197177699537,24.072303960104,61300.765
4.20565399600406,0.114875887402051,24.07151094604,61303.671
4.20572219924959,0.114226262384748,24.0765451222912,61306.577
4.20561982077211,0.116245604674912,24.0801070715392,61309.484
4.20585121293368,0.116821057491708,24.0790719817755,61312.39
4.20594964262249,0.112612685160414,24.0771558999929,61315.312
4.20533124885026,0.117274506001237,24.0716012053696,61318.218
4.2058220667458,0.112939716951905,24.0782556511636,61321.124
4.20570896459264,0.114295753271917,24.0768843465278,61324.031
4.20594063386333,0.113001271838822,24.0739237508238,61326.952
4.20582881235299,0.115470685601793,24.0784376818445,61329.859
4.20585453862047,0.116361746192305,24.0752249825906,61332.765
4.20592774283957,0.113873789585099,24.0794735034219,61335.671
4.20579356844252,0.116346243794783,24.0854404829498,61338.593
4.20585442868163,0.114494768536785,24.0688197844914,61341.499
4.2060339894529,0.116244045339291,24.0721360671117,61344.406
4.20582780514315,0.112901779205122,24.0796745904984,61347.327
4.20588291244762,0.110894209556312,24.0756765118013,61350.234
4.20606135161574,0.113282739236473,24.0796802245324,61353.14
4.20606350599795,0.114339482131779,24.0819312411356,61356.046
4.20596154412506,0.113302943671631,24.0748791076056,61358.952
4.20600440725527,0.114655082275033,24.0798356329575,61361.874
4.20617327536543,0.114113271001507,24.0771404650754,61364.781
4.20597856453174,0.114399279962446,24.0690653478232,61367.687
4.20590952277353,0.115657478887167,24.0657533471249,61370.593
4.20603987973063,0.115188338605865,24.0667261956384,61373.499
4.20612206375944,0.113276941379934,24.0646062728386,61376.421
4.20623455992386,0.111608183370293,24.0662439097082,61379.327
4.20620867192312,0.115897752977329,24.0638786836405,61382.234
4.2060562003164,0.113902317615513,24.0646767725948,61385.156
4.20611168165602,0.114101858563314,24.0725485439902,61388.062
4.20630798924199,0.110870321680606,24.0671197907257,61390.968
4.20616855299359,0.112615254450783,24.068136403983,61393.874
4.20609676372726,0.111683482008559,24.0558928212256,61396.781
4.20622772468306,0.113969104241354,24.0651165012567,61399.702
4.20633565259427,0.11380283827324,24.0575221527519,61402.609
4.20621200243699,0.112782619663351,24.059746525847,61405.515
4.20632203537612,0.114948980118545,24.0506901824359,61408.421
4.20630933991484,0.113915898026604,24.0425081612515,61411.343
4.20639544410426,0.112714191629631,24.0587683506234,61414.249
4.20632016028895,0.112723666972355,24.0573185846656,61417.156
4.2064012393393,0.111269535411691,24.0583331357456,61420.077
4.20632790069897,0.114299719122107,24.0574184263901,61422.984
4.20636342843525,0.114233927674616,24.0666460058008,61425.89
4.20622381550101,0.11301022812476,24.0541913874142,61428.796
4.20644846545061,0.113848923978617,24.0514873580011,61431.702
4.20644682894475,0.115041729561246,24.0513427679746,61434.624
4.20646755312304,0.114098187177526,24.0507575747358,61437.531
4.20640149996949,0.114155033478781,24.0522473360717,61440.437
4.20653837195745,0.113158855996914,24.0582134951715,61443.359
4.2066754553422,0.115629484731992,24.0563216628674,61446.265
4.2064997138548,0.111387102563214,24.0501783549301,61449.171
4.20651013338273,0.109757884336414,24.0523872520692,61452.077
4.20642745956502,0.113821419971797,24.0498232606877,61454.984
4.20647481094406,0.113194710042886,24.0495847750188,61457.906
4.20676773097874,0.112764911258051,24.0467032661718,61460.812
4.20652118732752,0.113349202930834,24.0499186261168,61463.718
4.20664838550241,0.112573415475845,24.0434959727601,61466.624
4.20634217763078,0.11393556869558,24.0439881203129,61469.531
4.20640938188031,0.113700920997831,24.0396126799838,61472.452
4.20672792143394,0.110113673168485,24.0521550183848,61475.359
4.20654333402288,0.112654152857152,24.0478631626788,61478.265
4.20663301767618,0.11191110191719,24.043995009209,61481.171
4.20681231956009,0.112985094584249,24.0349892521879,61484.093
4.20668421122543,0.112853458369624,24.0405666708198,61486.999
4.20679123113269,0.114798631464399,24.0355353009317,61489.906
4.20676004967991,0.112255570381833,24.0454101093643,61492.812
4.20661847164528,0.113453376767635,24.0449721696235,61495.718
4.20678816432213,0.113597862109446,24.0392350164368,61498.64
4.20690364247201,0.11412721491123,24.0333678534718,61501.546
4.20695437369099,0.11048830568801,24.0257143482234,61504.452
4.20683018064409,0.111398679833493,24.0429091280385,61507.39
4.20689137689489,0.11679528959272,24.0476966124484,61510.296
4.20689261163572,0.109201004216652,24.0373085643197,61513.202
4.20673083470914,0.111016869360499,24.0389488952378,61516.109
4.20698048520608,0.11079029613022,24.0307647027323,61519.015
4.20704420359004,0.116210869003435,24.0305524964515,61521.937
4.20700141605813,0.111637590827262,24.0333312002933,61524.843
4.20719903717466,0.11338108621696,24.0322918749563,61527.749
4.20725416512204,0.110832970576301,24.0367557403341,61530.656
4.20716383960776,0.112122281480858,24.0348152424351,61533.562
4.2067717992275,0.115260418947163,24.0363713883071,61536.468
4.20717950075873,0.113118170414869,24.0268983210778,61539.406
4.20716380025648,0.111839858706936,24.0319748970229,61542.312
4.20709016684571,0.111859751047496,24.0270192997176,61545.234
4.2071923602569,0.114053901604161,24.0339744930511,61548.14
4.20726747004481,0.112137631490177,24.0246109872359,61551.046
4.20703784170909,0.110576931181639,24.032142525056,61553.952
4.20719340034483,0.109261276081455,24.0248538344755,61556.859
4.20723796290041,0.111021734031861,24.0248644000093,61559.781
4.20730619718552,0.110898491804556,24.0192221694586,61562.687
4.20750098841256,0.110644467329605,24.0119210897408,61565.593
4.20740758432552,0.110597285437447,24.0249199861773,61568.499
4.207501591358,0.113647810564859,24.0120699588632,61571.406
4.20727809636623,0.108693735700677,24.0223068581976,61574.327
4.20762786150154,0.11017444469529,24.0176328356994,61577.249
4.20640318137532,0.10167360829633,24.0259292712179,61580.171
4.20655498717879,0.101656135753852,24.0308934974895,61583.077
4.2053940326878,0.0964522236010183,24.0238283410996,61586.015
4.20526558444647,0.0920748408359023,24.0132364899494,61588.921
4.20557771534178,0.0931887875317231,24.0218666878195,61591.827
4.20557720347178,0.0932471645743218,24.0065544446614,61594.734
4.20519838044168,0.0957581703669073,24.0021507855726,61597.64
4.20537358326085,0.0916464531848008,24.0105863599976,61600.546
4.20550171972429,0.08967664429721,24.0180452816518,61603.452
4.20521209023412,0.0912800985944192,24.0165408911014,61606.359
4.20521280498165,0.0942452403494458,24.0155102661581,61609.265
4.2052667383527,0.0930408931593868,24.0111255027726,61612.171
4.20501170543813,0.0928805323950736,24.0116615572021,61615.077
4.20519606787939,0.09472239953354,24.0122222689002,61618.015
4.20511963993236,0.0964663545386516,23.9964739069776,61620.921
4.20496366911992,0.0933446629478649,23.9980798166877,61623.827
4.20509228237185,0.0950830323498216,24.0008376471687,61626.734
4.20518099822669,0.0918864676773751,23.9987643719572,61629.64
4.20502205871061,0.0941490320363011,24.0009622158262,61632.562
4.20502490142868,0.0945783001744432,24.005745200804,61635.468
4.20496077262809,0.0907745569203995,24.0020864275292,61638.374
4.20510476893189,0.0945538956945399,24.0021699539722,61641.281
4.20510808791661,0.0948705700296941,24.0062594341346,61644.187
4.2051557072534,0.0945274426797352,24.0035272606351,61647.093
4.20499549926401,0.0952308797226556,24.0016278950284,61649.999
4.20520922848588,0.0922857484221789,23.999170633321,61652.921
4.20512078314272,0.0945681527153058,24.0062101923895,61655.827
4.20537907640005,0.091501863431567,24.0058791033554,61658.734
4.20501637149851,0.0919170329409516,24.0065579057315,61661.64
4.20512497536658,0.0909112797982812,23.9992898976376,61664.546
4.20527747362735,0.092445398031067,24.0042924680824,61667.452
4.20520966576233,0.0948514276407314,24.0036591202696,61670.359
4.20522689646452,0.0962118001842406,23.9965782859319,61673.265
4.20515093533657,0.0934607889790008,24.0085119107479,61676.171
4.20507215308871,0.0934057598435611,23.9980094371484,61679.077
4.20529235994148,0.0928639820770444,23.9944611210211,61681.984
4.20531714505337,0.0914070539954577,23.989194084778,61684.906
4.20505375202757,0.0935214141763743,23.9984483144476,61687.812
4.20508284198524,0.0953171343283515,23.9921492885221,61690.718
4.20494189991961,0.0954020746249942,23.996582282623,61693.624
4.205057550397,0.0926312805305273,23.9876626967072,61696.531
4.20530834461278,0.0924845836623494,23.9944631464276,61699.437
4.20534881116815,0.0942081661679742,23.9845848433889,61702.343
4.20527322423711,0.0914352146880715,23.992860221397,61705.249
4.20519066622338,0.0924390898407507,23.9889773034136,61708.171
4.20509829927563,0.0919605466603658,23.9811808158369,61711.077
4.20523399612262,0.092535221101743,23.9771708622328,61713.984
4.20509467777251,0.0945629631758016,23.982160120303,61716.906
4.20502218160522,0.0940974060437171,23.984801079296,61719.812
4.20518869615503,0.0932740847525014,23.9830966714289,61722.734
4.20549197716219,0.0932641869226363,23.9905212643264,61725.64
4.20502635296842,0.0941484302740999,23.9821164020619,61728.546
4.20518061356732,0.0934309082509103,23.9876551441323,61731.452
4.20528398708337,0.0944435301807779,23.9851366584725,61734.359
4.20533475119435,0.0925616037310847,23.9780734627069,61737.265
4.2052212756677,0.0935855320271333,23.9736793500071,61740.171
4.20512919023999,0.0955453669468803,23.9810514693955,61743.077
4.20533208434623,0.0953157526307511,23.983717283257,61745.984
4.20527330525195,0.0927252172433995,23.9804190213874,61748.89
4.20546811658691,0.0925503398327949,23.9777507091385,61751.812
4.20527554881294,0.0929219714486807,23.9814107473838,61754.718
4.20530826953713,0.0937545534619376,23.979105157792,61757.624
4.20519050160813,0.0963885096906154,23.9801519032294,61760.531
4.20524713478158,0.0904904953952369,23.9768982597685,61763.437
4.20537654607306,0.0934198471015091,23.9786493734291,61766.343
4.20531765393829,0.0901263407964134,23.9765276944518,61769.249
4.20526896465707,0.0936034618264125,23.9804334795277,61772.156
4.20549480534158,0.0930379395106074,23.9758135539076,61775.062
4.20523787506662,0.0954708627595292,23.9856183437501,61777.968
4.20545743173724,0.0917384937281983,23.9766206759222,61780.89
4.20560279760517,0.092785462861295,23.9754423805362,61783.796
4.20532378310759,0.0918712716094532,23.966576971486,61786.702
4.20531511947982,0.0943943512842855,23.977048939106,61789.609
4.20545695801899,0.0950058355787101,23.9771179060424,61792.515
4.20541093966018,0.0936706378571989,23.9707952739486,61795.437
4.20554966921382,0.0920213154882463,23.9769069988278,61798.343
4.20570070208082,0.092986474472483,23.9760256162871,61801.249
4.20574970489479,0.0932911895675703,23.9739438722423,61804.156
4.205444688537,0.0937262933707781,23.9771267534568,61807.062
4.2054043439985,0.0924345247057084,23.9798571305575,61809.968
4.20547870507988,0.093076577821788,23.9770661244167,61812.89
4.20561982313804,0.0929474939280037,23.9731860274152,61815.796
4.20559863479973,0.0922938299982154,23.9649725993455,61818.702
4.20562003723007,0.0913071390051275,23.9609076804507,61821.609
4.20550751262348,0.0937253449072479,23.963008758129,61824.531
4.20547789070682,0.0920584557067299,23.9540676153667,61827.437
4.20560143455079,0.0902710447599156,23.9583326893045,61830.343
4.20577189748202,0.0915745236547416,23.963966332518,61833.249
4.20546942816242,0.0938384760740148,23.9612255917672,61836.156
4.20567315308639,0.0928145891222597,23.9604664728085,61839.062
4.20567252332532,0.0933808195587186,23.959960194243,61841.968
4.20572598055022,0.0938121363023021,23.9674378094859,61844.89
4.20548116156903,0.0943251133193379,23.9570033005457,61847.812
4.2057722131231,0.0945168386072655,23.9570122800424,61850.718
4.2058376086885,0.0920591584463981,23.9595582292052,61853.624
4.20565161472657,0.0915249170075642,23.9500811434114,61856.531
4.20583425226157,0.0920960414081073,23.9476226223616,61859.437
4.20574375015653,0.091076395678948,23.9517987952014,61862.343
4.20577285934824,0.0930432707987533,23.9457038856496,61865.249
4.20570369982068,0.0911483694899524,23.951073324566,61868.171
4.20574411647192,0.0933936939614797,23.9509783625918,61871.077
4.20559789655532,0.0948201522948219,23.9498615721443,61873.984
4.20576557129935,0.0909047670454903,23.9474517523587,61876.921
4.205812608201,0.0921272094642555,23.9554011332773,61879.827
4.20581036595929,0.0917425863388527,23.9518277186269,61882.734
4.20582968520944,0.0921780888086474,23.9500832142119,61885.64
4.20587134841128,0.0960674040118706,23.9459299421978,61888.546
4.20563702332918,0.0907822046677078,23.9549604004336,61891.452
4.20588618923673,0.0914989868939614,23.9449264335594,61894.374
4.20605963294798,0.0913546471718494,23.9444924469451,61897.281
4.20565508248203,0.0950446140001397,23.9445282019973,61900.187
4.20613819998461,0.0911896824027016,23.953430833973,61903.093
4.20594963590664,0.0940203725151,23.9468074273843,61905.999
4.20594514210415,0.0921943973337451,23.953805149639,61908.937
4.20595717841687,0.0934369501553295,23.94944729874,61911.843
4.20584725672635,0.0899276252481553,23.9510209176018,61914.765
4.20602880670098,0.0903963363441962,23.9516185474056,61917.687
4.20597780042314,0.0913304710473258,23.9450308113015,61920.593
4.20600647868993,0.0895752032805391,23.9420591413316,61923.499
4.20603264586405,0.0909550561983262,23.9486579399847,61926.406
4.20601031194841,0.0939295579095062,23.9476596785583,61929.312
4.20602764419869,0.090887504133356,23.9423375740269,61932.218
4.20614071915634,0.0931999365373855,23.9421328299317,61935.124
4.20594471843624,0.0915034425847905,23.9395696602584,61938.031
4.20591773692806,0.0926605545078507,23.9425571067191,61940.937
4.20612822562635,0.0901539777396843,23.9390021677331,61943.843
4.20610990839369,0.092374651421904,23.9420777896769,61946.749
4.20578407421055,0.0890800932718278,23.937271019963,61949.671
4.20610797710547,0.0908464294476236,23.939880969713,61952.577
4.20625237503314,0.0910565312153728,23.9425722664649,61955.484
4.20617848025563,0.0884273968023345,23.9396620912028,61958.39
4.20642408685892,0.0946051821371456,23.937858547403,61961.296
4.20640051354072,0.0916340318366351,23.94163790081,61964.202
4.20591647468967,0.0921947153023774,23.9426795315149,61967.124
4.2060418686037,0.0904279570467448,23.9342731222606,61970.031
4.20615275656147,0.0921405574744333,23.9297411189488,61972.952
4.20632254408684,0.0862389215721417,23.934427965156,61975.859
4.20651807440775,0.0838861652191185,23.9452459795297,61978.765
4.20636696290042,0.089768056651631,23.9448564809283,61981.671
4.20650888445536,0.0881468094944291,23.9336033697262,61984.577
4.20650554437873,0.0924731102808923,23.934009686556,61987.484
4.20635142800014,0.0827702257598655,23.9375863661385,61990.39
4.20620026656253,0.0924579913739688,23.9393475607493,61993.296
4.20635654943,0.0946726552019896,23.9274948297185,61996.218
4.2060859929454,0.0898620810617475,23.9270940736356,61999.124
4.20644998518323,0.090008486378464,23.932598812802,62002.031
4.20616693761079,0.0877109950713139,23.9291523867055,62004.937
4.20631218451834,0.0922912394895957,23.9388744566538,62007.859
4.20637344206191,0.0870349116108171,23.939968196447,62010.765
4.2064206495507,0.0904488312170568,23.9327797685225,62013.671
4.20629979173343,0.0894783175995795,23.9351108579202,62016.577
4.20636363075315,0.0896564968697628,23.9290764507827,62019.484
4.20640006834244,0.0902258304991668,23.9307584095631,62022.39
4.2067568246489,0.0917940869772156,23.9349717157111,62025.296
4.20572097593409,0.0830004404270434,23.9297213168851,62028.234
4.20553638201047,0.0800019086565236,23.9267883332425,62031.14
4.20560618595161,0.0791904017898881,23.9232974641152,62034.046
4.20556829197104,0.0815105955104744,23.9319579167408,62036.952
4.20557044191824,0.0795368917034787,23.926884115307,62039.859
4.2054298627829,0.0784831051347282,23.9316898709703,62042.765
4.20565080516211,0.0814644312164461,23.9291026553068,62045.671
4.20532693315649,0.0794599736018355,23.9231251570736,62048.577
4.20536818079069,0.0818539353342448,23.9138147927971,62051.468
4.20532592798729,0.0824912061817426,23.9113505396578,62054.374
4.20563435913536,0.0808010758808727,23.9065553714225,62057.281
4.20535832056331,0.0836819760650611,23.9110176850912,62060.218
4.20564157611802,0.0797436996702497,23.9159073487779,62063.124
4.20545419077945,0.0816774991360058,23.9196524097131,62066.031
4.2053116657302,0.0817713491040253,23.9202134760699,62068.937
4.20545575404472,0.0799626462605725,23.9197271089201,62071.843
4.20544255991765,0.0816076644602753,23.9133779294928,62074.734
4.20529469145217,0.0793618330117177,23.9153166596136,62077.64
4.2053452986553,0.0857449567219486,23.9150649877767,62080.546
4.20553317962491,0.0796853877722507,23.9158086453761,62083.452
4.20554467029018,0.0812562790683458,23.9170843296221,62086.359
4.2053543607951,0.0855094132266389,23.9094905846426,62089.265
4.20534845056065,0.0796374507635916,23.9059105280351,62092.171
4.20528012057073,0.081356359996065,23.9088851049595,62095.093
4.20561213556093,0.0771507232651211,23.9135678986248,62097.999
4.20541193023042,0.0816916079342822,23.9202001216748,62100.89
4.20535930313241,0.0824565762081718,23.9155441063281,62103.796
4.20527862403453,0.0821225548655092,23.9192674950872,62106.702
4.20543568027161,0.0797858345750852,23.9124070691712,62109.609
4.20536920072274,0.0816953589016188,23.9173421400524,62112.515
4.20510312197799,0.0830773710599188,23.9070123836662,62115.421
4.2055442677872,0.0801169222085665,23.9077917003674,62118.327
4.20536553215513,0.0793764934488215,23.9122810731603,62121.234
4.20532972387162,0.0795111747757612,23.9053355150225,62124.14
4.20557147666124,0.0802545811132135,23.9121968072145,62127.062
4.20512560997685,0.0818507395319355,23.9087465129663,62129.968
4.20543784957966,0.0798995886876953,23.9121815270018,62132.874
4.20549108508776,0.0856342890094131,23.9058424643626,62135.765
4.20582774495566,0.080999370968185,23.9074076394885,62138.671
4.20543950679472,0.0796160240177883,23.9105838644428,62141.577
4.20556355165278,0.0806464231204748,23.9014290289732,62144.484
4.20534959294612,0.0810508826580928,23.9089883285087,62147.39
4.20554382734951,0.0817792065364623,23.9037541169598,62150.296
4.20571605050216,0.0805054965364241,23.9031804621523,62153.202
4.20574618872547,0.0784235570633411,23.9046100180844,62156.109
4.2054906494209,0.0802823629887648,23.8977658022258,62159.015
4.20560420556554,0.080606970322604,23.8983111488603,62161.921
4.20581682347374,0.0814729128359817,23.9040697592312,62164.827
4.20573715396132,0.0787474778214589,23.9049458181467,62167.734
4.20572651278048,0.0783642439174407,23.9014201877286,62170.64
4.20572004793385,0.0804369038104614,23.9002060563952,62173.546
4.20562251308511,0.0828848809592412,23.9069646158616,62176.452
4.20587782368927,0.0802778650133167,23.9018227513993,62179.359
4.2054818041917,0.0804939045266681,23.9060166351746,62182.265
4.20554148105473,0.0812890277098923,23.9000804710394,62185.171
4.20603959588975,0.0772162315835319,23.9017999060716,62188.077
4.20553483713201,0.080301764926603,23.8976220030029,62190.984
4.20563124634221,0.0794941531339658,23.8947496402145,62193.89
4.20579675018191,0.0826970710737999,23.8956311689447,62196.796
4.20595225401514,0.0810466669830529,23.8927249964439,62199.702
4.20571808053805,0.0784647112767884,23.9029007416999,62202.609
4.20562260539141,0.0806357108774005,23.8977961440557,62205.515
4.20593797872096,0.0804824292290552,23.8977777927958,62208.421
4.20576286438738,0.0804072611004605,23.8975729617299,62211.327
4.2058950888746,0.0826553844063874,23.8988152104147,62214.234
4.20599377169373,0.078235686356393,23.8937028734894,62217.14
4.20589483981912,0.0775811210643116,23.8960429334095,62220.046
4.20575278786598,0.0796915076218823,23.8953615588002,62222.968
4.20544304539252,0.0804851818279135,23.8901491493694,62225.874
4.20574894696299,0.0796139619205571,23.8933866610711,62228.781
4.20613405533232,0.0769678195396092,23.8938255314137,62231.671
4.20568171891731,0.0791803527484149,23.8931181458427,62234.593
4.20617980660459,0.0794433826994222,23.9008433764909,62237.499
4.20573625367117,0.0804656566885351,23.8986935405903,62240.39
4.20577118273862,0.0776557847423955,23.8919836470689,62243.312
4.2059444428259,0.0794430842413372,23.9026417012915,62246.218
4.20559091308069,0.0787002395498549,23.8961542623474,62249.124
4.20581678194602,0.0849188823121959,23.8926714385132,62252.031
4.2060487706683,0.0804965266797179,23.8973876609916,62254.937
4.20590275460011,0.0784842883154395,23.8934607348306,62257.859
4.20598553431473,0.0820999685264316,23.8971018909112,62260.765
4.20590470634038,0.0787931554673602,23.9083047180938,62263.671
4.20617159451229,0.0818931567385373,23.9179962152929,62266.577
4.20601922264509,0.0771347717952976,23.9106971899387,62269.484
4.2061121894563,0.0806706923498803,23.9112113379651,62272.39
4.20586136817682,0.0803962729317971,23.9150694423823,62275.296
4.20594339881731,0.0805955767371316,23.9096544020509,62278.202
4.20593799893588,0.0773797830050827,23.9106911056488,62281.109
4.20604398176357,0.0814134733461954,23.9235130637615,62284.015
4.20616357636049,0.079674597149788,23.9127230317547,62286.921
4.20589631297159,0.0835611582425346,23.9094153168295,62289.827
4.20607023037559,0.0778584289580789,23.9140606839447,62292.734
4.20621102226845,0.0811978368766609,23.9244425837806,62295.64
4.20597944722446,0.0817750268593347,23.9223553267114,62298.546
4.2062457441755,0.0791043159803475,23.9269069433348,62301.452
4.20604040720047,0.0788992034356568,23.9302527041177,62304.359
4.20615645909794,0.0791609497719675,23.9322393299165,62307.265
4.20611291387273,0.0803034716264094,23.9306333170516,62310.171
4.20594803582238,0.0791309160883342,23.940310292917,62313.077
4.2064323944909,0.074185225585865,23.9314612041596,62315.984
4.20610606354756,0.0808025522165221,23.9300219770904,62318.921
4.20605736025435,0.0782827649640926,23.9315567440206,62321.827
4.20612034241068,0.0811041252061942,23.9222633044129,62324.734
4.20628982813183,0.0807962484641503,23.927760031278,62327.64
4.20632159597821,0.0803968111506324,23.9262689218722,62330.546
4.2062717451584,0.0824103452769138,23.9244905579465,62333.452
4.2061937653725,0.0752936940430999,23.9329962734483,62336.359
4.20624827472178,0.0773574616297695,23.9141958493772,62339.265
4.20640457828149,0.07901225719319,23.9275434830001,62342.171
4.20625355957082,0.0784603651651978,23.9279182895663,62345.077
4.20635668253605,0.0816197152983534,23.9276147946066,62347.984
4.20636255600422,0.0806300607308711,23.9359512109653,62350.921
4.20628162816899,0.0801836115235526,23.9358457181829,62353.827
4.20618160058875,0.0806384536314175,23.9362998041733,62356.734
4.2062652325873,0.0813280487266322,23.9392278886263,62359.64
4.20666939972665,0.0749744180262618,23.939858307139,62362.546
4.20499903518264,0.0754518338178755,23.9372338460306,62365.484
4.20549246062167,0.0677439665302032,23.934564837636,62368.39
4.20519130080229,0.0734463862613413,23.9368798951318,62371.296
4.20529863343232,0.0683462397992221,23.9299568942698,62374.202
4.20541588696062,0.0718913812146398,23.9373643011353,62377.109
4.20529565801028,0.0692697185876399,23.9318537933172,62380.015
4.20519861249638,0.0692741403400892,23.9398776532572,62382.921
4.20528201564134,0.0719235026311372,23.9355350782075,62385.827
4.20511166461936,0.068882862657406,23.9425176208512,62388.734
4.20565796859649,0.0711748093624595,23.9485069403877,62391.64
4.20547715429095,0.0726191462789458,23.9486623712436,62394.546
4.20500482554387,0.0701095676087056,23.9602206687966,62397.484
4.2052310469933,0.0697645586998554,23.9629330120453,62400.39
4.20541098688696,0.0707089418496454,23.9533964371218,62403.296
4.20511321684462,0.0683832780448805,23.9599788664306,62406.202
4.20517655795562,0.0690341300613524,23.9634291483606,62409.109
4.20555937069202,0.0702473533870075,23.9523307211715,62412.015
4.20531102821583,0.071243753379477,23.9463519864622,62414.921
4.20539770532169,0.0704410451269378,23.9639464232221,62417.827
4.20530797400132,0.0709445014993293,23.9573152111312,62420.734
4.20526475375161,0.0667509410691413,23.9559335507838,62423.64
4.20534594456549,0.0709524387204367,23.9514155198493,62426.546
4.20529862355456,0.0671145112866594,23.9512014678022,62429.452
4.20558805143953,0.0700467092636786,23.940903307515,62432.374
4.20530072815848,0.0722114682930735,23.9490200379911,62435.281
4.20522386313794,0.0710456877359353,23.9459710350862,62438.187
4.205206264433,0.0708651735690377,23.9512302158446,62441.093
4.20547884840677,0.0703121206084093,23.9528607895274,62443.999
4.20539833575233,0.0720980290151158,23.956459620123,62446.906
4.20511567657363,0.069949157366874,23.9599706991893,62449.812
4.20529285310997,0.0679100583051033,23.9544647451392,62452.718
4.205390482519,0.0685866795251303,23.9621998593018,62455.624
4.20522370213812,0.069803486473196,23.9662624808691,62458.531
4.20535295386703,0.0690919342059742,23.9712490489384,62461.437
4.2053958132232,0.0699060152603113,23.9728927480988,62464.359
4.20526540185212,0.0705259364035335,23.9767459516001,62467.265
4.20522245572241,0.0725305663290063,23.9694260332879,62470.171
4.20544481096856,0.0686283248198316,23.9526939495057,62473.077
4.20531912576227,0.0707917711736718,23.9647602337789,62475.984
4.2053202229433,0.0695551724916982,23.9689643435227,62478.89
4.20547665812635,0.0692450178121363,23.9812252982809,62481.796
4.20549383035472,0.0698973995555852,23.9836559251815,62484.702
4.20527514951943,0.0686922323940596,23.9791302382443,62487.609
4.20544264333151,0.0688020970320373,23.9765104682747,62490.515
4.20536615275562,0.0667803653973182,23.9709286628851,62493.421
4.20543162075088,0.0711624973213042,23.9726683974602,62496.327
4.20556757982595,0.0696484423163477,23.9742863211548,62499.249
4.20554485304499,0.0690139152630295,23.9799806318649,62502.156
4.20527461356899,0.0689770238816052,23.9754836422495,62505.062
4.20542797401335,0.0703832664470832,23.9852928325477,62507.968
4.20540419630176,0.0714604032439668,23.9763657131476,62510.874
4.20540076379654,0.0692047764771516,23.9867969913076,62513.781
4.20539973953139,0.0682126290385981,23.9945946076513,62516.687
4.20537193179661,0.0675222966478053,23.9976126926512,62519.593
4.20547504871359,0.0739181648782488,23.9883250841065,62522.499
4.2053288484347,0.0706606840642341,23.9874603836681,62525.421
4.20539359673566,0.0715976108507839,23.9792431457657,62528.343
4.2054665262285,0.0688628614240546,23.9761067800933,62531.249
4.20557521838133,0.0698004931411233,23.9717876044861,62534.156
4.2055838895779,0.0720612360439662,23.9773285249372,62537.062
4.20552890311906,0.0689325893597935,23.9722277631598,62539.968
4.20576951750146,0.0731574066379171,23.9714774575599,62542.874
4.20554995987709,0.0692750830560035,23.9748716652553,62545.781
4.20549826761637,0.0681568976146496,23.9777349043043,62548.687
4.20555882593423,0.0653403649077466,23.972255875081,62551.593
4.20560617499774,0.0691356521461029,23.977755485577,62554.499
4.20555368889315,0.0685740792632948,23.9886735206114,62557.406
4.20574698012534,0.0677037103828629,23.9860538122544,62560.327
4.20555153709388,0.0694338414905687,23.9854536278712,62563.234
4.2055244897282,0.0727842712385575,23.9926391695249,62566.14
4.20573151268881,0.0682469017164066,23.9951766751001,62569.062
4.2054173240656,0.0719131295600575,23.9973154567605,62571.968
4.20565784487196,0.0686497774902282,23.9985101831999,62574.874
4.20540816571796,0.0714063087198118,24.002624612706,62577.781
4.20559520893783,0.0692060880985826,24.0076208353341,62580.687
4.20561190619616,0.0691140815305441,24.0010865994852,62583.593
4.20532592319602,0.0666714894335916,24.0048182336018,62586.499
4.20563001616791,0.0681044926730495,24.0156831292552,62589.406
4.2055010125746,0.0689657356536946,24.0040312560946,62592.327
4.2057578821734,0.0714397809039701,24.0146994945734,62595.234
4.20551095569979,0.0689767296429845,24.0194106200111,62598.14
4.20588379301233,0.0689153069932052,24.0241436605824,62601.046
4.20541743912965,0.0683204394267238,24.0075717833497,62603.952
4.20563116227216,0.0717673191349656,24.0140263283579,62606.874
4.20605445623205,0.0687647614792105,24.0043613553491,62609.781
4.20568020555943,0.0682123584697507,23.9989194684011,62612.687
4.20575846359234,0.068899749483325,24.0113996693329,62615.593
4.20590505820225,0.0687800231214939,24.0116008567962,62618.499
4.20566366652219,0.0706785828479744,24.0238186430214,62621.406
4.20541733828969,0.0730430994470808,24.0158554232665,62624.327
4.20551437297061,0.0678080252206917,24.0048245030331,62627.234
4.20574136578813,0.0676934672989813,24.0024818305594,62630.14
4.20597078452805,0.0665742846817021,24.0151240522353,62633.046
4.20570605459834,0.0660369158425042,24.0095823762158,62635.968
4.20559422237736,0.0670851020806212,24.0112075077059,62638.874
4.2054859490446,0.0689283146865434,24.0092872432607,62641.781
4.20563802713545,0.0705200202570011,24.0040442442075,62644.687
4.20594490538359,0.0663409206473473,24.0001185732295,62647.593
4.20589346343132,0.065930884113273,24.0033852905395,62650.515
4.20573761920148,0.0708385393017126,23.9941931584042,62653.421
4.20596199093355,0.0689625630322002,23.9934660801379,62656.343
4.20583371496306,0.0674280551932962,24.0042199485341,62659.265
4.2057384247619,0.0647443336146085,24.0125991649934,62662.171
4.2058302668278,0.0700349953790334,24.0201228351731,62665.077
4.20574640556154,0.0689918557246216,24.0058683319553,62667.984
4.20591655371577,0.0680116549800329,24.0056341179729,62670.89
4.20597386650829,0.0693170580666628,24.0078416693312,62673.796
4.20575442523906,0.0657023004768346,24.0121976987098,62676.702
4.20578650798971,0.0682150290805028,24.0262808401678,62679.609
4.20590024704703,0.0694786014828766,24.0387524440081,62682.515
4.20606982158002,0.0684336574742699,24.0435448955659,62685.421
4.20583285171652,0.0715259202374497,24.0409109216041,62688.359
4.20604158296605,0.0663603596434162,24.0334652770718,62691.265
4.20610221038142,0.0672885948251983,24.0209839152876,62694.171
4.20586115243339,0.0688848796623504,24.0275350864654,62697.077
4.20585878931288,0.0656459040257344,24.0280169112932,62699.984
4.20616916501607,0.0675408102467291,24.0188346290552,62702.89
4.20600989360401,0.0674207722764337,24.031166838624,62705.796
4.20613579266063,0.0714031589684616,24.0275449262922,62708.702
4.20597747874236,0.0716505865222146,24.0346240728086,62711.624
4.20598354454477,0.0693765437318501,24.0319655482948,62714.531
4.20587006181055,0.072069239705927,24.0310647239487,62717.437
4.20647956931473,0.0678302960077688,24.0267161066185,62720.343
4.20588480789317,0.0680377579559037,24.0356021488735,62723.249
4.20620270498862,0.0700309048935852,24.040462337684,62726.156
4.20615205029656,0.0673303511556285,24.0258902444852,62729.062
4.20581119519433,0.0635955067004941,24.0294492414454,62731.968
4.20594220517552,0.067434766170417,24.0361962963574,62734.874
4.20588815134305,0.0656747814986477,24.0308796938459,62737.781
4.20592758028816,0.0682035608744247,24.0411243083084,62740.687
4.20611076001471,0.070489192476795,24.0398416431807,62743.609
4.20586811285682,0.0653527571865129,24.0367092899622,62746.515
4.20638270706285,0.0702252811341999,24.0347676937549,62749.421
4.20616683432647,0.069316221960255,24.0263050418474,62752.327
4.20603582077279,0.0651126445065145,24.0343460845943,62755.249
4.20622233651917,0.0659694104278413,24.0471721674004,62758.171
4.20589507866802,0.0684206774308918,24.0386416166737,62761.077
4.20588367258396,0.0679694127671114,24.032738634627,62763.984
4.20598258378407,0.0703555391679995,24.0353391609198,62766.89
4.20620846644673,0.0675582784979155,24.0406381999732,62769.796
4.20617439695814,0.0699381441067954,24.0427990416076,62772.702
4.20635227136819,0.0670815175300545,24.0461474346373,62775.609
4.2063613430515,0.0671658898954299,24.0319440411954,62778.515
4.20607552140335,0.0662672647580787,24.0326953750909,62781.421
4.20597634773096,0.0653246504476786,24.0287910591075,62784.327
4.20602791598454,0.0659190801271502,24.0287869136289,62787.249
4.2064759207598,0.0693913746909639,24.0352324166085,62790.156
4.20653801288891,0.072108198354456,24.0377061227552,62793.062
4.20622286677402,0.0673087803774245,24.0502559514135,62795.968
4.20656035279146,0.0670935121788126,24.0554215646614,62798.874
4.20542073824215,0.0584317842634072,24.0376387556084,62801.812
4.20558694780804,0.0578716694989528,24.0512687724963,62804.718
4.20523679094172,0.0577329073535095,24.0599712919141,62807.624
4.20550709662956,0.0607411063202706,24.0656622631551,62810.531
4.20521106065888,0.0560106012117128,24.0621570781764,62813.437
4.20526862771378,0.0610999669661065,24.0570921410694,62816.343
4.20524957324916,0.0589413301613731,24.0676065658458,62819.234
4.2050491396368,0.0568687493777518,24.0601121759659,62822.14
4.20525130892114,0.0554499204423692,24.0749747779926,62825.046
4.20538216168206,0.0594937430630592,24.0667394123392,62827.952
4.20492503806744,0.0530167898814628,24.0628882993035,62830.859
4.20495770063423,0.0583832381229757,24.0730203834371,62833.781
4.20504510935144,0.055687420849295,24.0723007356137,62836.687
4.20534044608215,0.0639756494975185,24.0670539702179,62839.593
4.20510591721077,0.055923593085939,24.0879167529419,62842.499
4.20503485419806,0.0588433920649999,24.0836680242075,62845.406
4.20513615034683,0.0576555773287722,24.0794944803567,62848.312
4.20524357425557,0.0570211304127917,24.0769180643614,62851.218
4.20522289054649,0.05606595629714,24.0613480182004,62854.124
4.2052306922174,0.0573068868482655,24.0680790000811,62857.015
4.20523352116626,0.0564973877763471,24.0692833427469,62859.921
4.20522109137905,0.0557304865447525,24.0704764200411,62862.827
4.20508398253644,0.0579310661151253,24.0740347501678,62865.734
4.20514105245035,0.0562432528395204,24.0722959786607,62868.656
4.20560977107915,0.0611586098646041,24.0761301045362,62871.562
4.20548167111481,0.0601074437324303,24.0833791129109,62874.468
4.2050416488186,0.0593327109789892,24.0661732389204,62877.359
4.20521750315032,0.0603252586821564,24.0635297703689,62880.265
4.20511526254764,0.0586221899873942,24.0608693327498,62883.171
4.20516405982985,0.0590661958696237,24.0625453103191,62886.077
4.20503112211045,0.0637985105486657,24.0749179111088,62888.984
4.20505092270665,0.0568900674009665,24.0969516457298,62891.89
4.20546644154799,0.0601803802649742,24.1002900210718,62894.796
4.20569705684042,0.0630145653972919,24.093988881929,62897.687
4.20507882168622,0.0548710792729647,24.0877921106155,62900.609
4.20481811060955,0.0598852132210115,24.0868600469377,62903.515
4.20515455893454,0.0575013180433967,24.0845258555798,62906.421
4.20518887966439,0.0577549828805123,24.0846256736837,62909.327
4.20522415709574,0.0615289059181236,24.0870230859138,62912.234
4.20517227546094,0.0605772483751149,24.085788587013,62915.14
4.20532162391166,0.0579911198158965,24.0866652477742,62918.031
4.20509450229822,0.0580860913144429,24.0824261995633,62920.937
4.20516398067553,0.0599101356059899,24.0867300383342,62923.843
4.20517440666653,0.0579143045900303,24.0975245876441,62926.749
4.20525909089899,0.0554488701676616,24.1132631267656,62929.656
4.20512423743846,0.0584287871692266,24.1103487453307,62932.577
4.20515267387375,0.0577202804094226,24.1109146220649,62935.484
4.20568998243908,0.0587995223244049,24.1048251303296,62938.374
4.20504566181955,0.0599672068960781,24.109493530578,62941.281
4.20523385136932,0.058349594068764,24.1124335163129,62944.187
4.20527761818964,0.0573172848004249,24.1179309389188,62947.093
4.20529247267467,0.0560924119987103,24.1105686498091,62949.999
4.20525861778629,0.0590117769773802,24.1179370769909,62952.906
4.20534664472682,0.06010104748768,24.1202596521845,62955.812
4.2053190872198,0.056374384482331,24.1127573424539,62958.702
4.20528357160574,0.0590334453555204,24.1321811082804,62961.609
4.20534550588325,0.0588626215481221,24.1181135568167,62964.531
4.20545893742763,0.0585382724710274,24.1202061060242,62967.437
4.20553904554333,0.0601639948030914,24.1211155963847,62970.343
4.20537800818441,0.0593600823259358,24.1239699314431,62973.249
4.20521712811933,0.0567283725746641,24.1175551721345,62976.156
4.2052724294258,0.0597226782062379,24.1155653724757,62979.046
4.20560773165304,0.0601601917310468,24.1082763691432,62981.952
4.20540488838248,0.0607834729009545,24.1128392222055,62984.859
4.20527731402474,0.0578621978405716,24.1052133826855,62987.765
4.20530771756348,0.0619668964468491,24.1120361924048,62990.671
4.20544981668323,0.0601918378611924,24.1208658358075,62993.577
4.20535277398224,0.0550988342364358,24.1122650723191,62996.499
4.20531204101366,0.0576890897667529,24.1064198721786,62999.406
4.2055791234745,0.0582492992241812,24.1076848583118,63002.296
4.20536706359997,0.0602631236281458,24.1188711814195,63005.202
4.20544954074311,0.0559079691611364,24.1203874723161,63008.109
4.20518554833206,0.0589695790557629,24.1301611588907,63011.015
4.20571042493353,0.0571350912840514,24.1210904011654,63013.921
4.20551150483608,0.0543057513547583,24.121443359272,63016.827
4.20530878993069,0.060787623218313,24.1188706590377,63019.734
4.20530079340961,0.0592325845349816,24.1085632649212,63022.624
4.20539416623772,0.058445460125705,24.1201976568733,63025.531
4.20572065641244,0.0581086894291188,24.1321422277957,63028.452
4.20554849181779,0.0612682699934044,24.1313787073708,63031.359
4.20544866443308,0.0558900457275781,24.135970142005,63034.265
4.20537353166805,0.0583950068789683,24.124919288893,63037.171
4.20547898734446,0.0570944011598267,24.1188019502297,63040.077
4.20528185026778,0.0574894100743605,24.12070941124,63042.968
4.20551328524775,0.0577279185201892,24.1220178742819,63045.874
4.20534807545133,0.0598373960520023,24.1239742498265,63048.781
4.20524894248108,0.0547314334413365,24.1320715735332,63051.687
4.20548292422426,0.0563857597828116,24.1329154570732,63054.593
4.20553577734748,0.0553029079112521,24.1458955285009,63057.499
4.2053943176157,0.0604358674271128,24.159837019354,63060.421
4.20558344111613,0.0620509372405917,24.1502565016074,63063.327
4.20565446926929,0.05794644867363,24.1470738259798,63066.234
4.20548651135072,0.0568088809352345,24.1436229852231,63069.14
4.20564011210201,0.0539688889627487,24.1543237251703,63072.031
4.20534765481074,0.056807099675466,24.1628034684306,63074.937
4.20552848179505,0.0603447109614289,24.1581324546072,63077.843
4.20550377821709,0.0540518077448941,24.1734399357148,63080.749
4.20545742216803,0.0573186494144729,24.1616436863133,63083.656
4.205278912984,0.0603480315802023,24.1606135744645,63086.562
4.20563903289295,0.0578512365424929,24.1607005902831,63089.484
4.20500872868334,0.0682495845898983,24.1655811357693,63092.421
4.20565532625457,0.0579346497831255,24.1734420599455,63095.327
4.20556750338573,0.0587114298286294,24.1646307223653,63098.234
4.20529168606394,0.0550231982907746,24.157737700303,63101.14
4.20550755381141,0.0595003086853971,24.1497061357455,63104.046
4.20574011084893,0.0538207072390978,24.148282601107,63106.952
4.20536073212145,0.0577721021882009,24.1544239703728,63109.859
4.20544005677638,0.0585150152427353,24.1725400335975,63112.765
4.2057665128909,0.0559625134825161,24.1625600478998,63115.656
4.2057469181841,0.0536460344156947,24.1553751567462,63118.577
4.20557810083597,0.0579618184495862,24.1578297923516,63121.468
4.20579224426005,0.0553260126886914,24.1526009993668,63124.406
4.20576712995953,0.0545776020099177,24.1540152577174,63127.312
4.20544451577181,0.0594075147304002,24.1655310759978,63130.218
4.20569038021735,0.0532212298263071,24.1604909478501,63133.124
4.20579828596947,0.0570455952055337,24.1541869059636,63136.031
4.20551525663053,0.0593931708098316,24.1513160550481,63138.937
4.20561786209072,0.0587463807235984,24.1649309458804,63141.843
4.20584540589704,0.0594117383826704,24.1658539131012,63144.749
4.20595505559762,0.0606015574543514,24.1592515037879,63147.656
4.20559044975255,0.0590370794480485,24.1653740064392,63150.562
4.20559548683329,0.0571058639416829,24.1686783709807,63153.468
4.20575411936547,0.060159128550879,24.1682073909981,63156.374
4.20590218596783,0.0553956551210464,24.1686860702199,63159.296
4.20591009070677,0.0547643440281039,24.1686923488942,63162.202
4.20571340639524,0.0568111267593808,24.1658915988686,63165.109
4.20570948365232,0.0574820286135557,24.1794520411967,63168.015
4.20575721062899,0.0565592585778489,24.197196124541,63170.921
4.20593941436445,0.0560248278469841,24.1898605063139,63173.812
4.2058534258492,0.0566584858766017,24.1870593821051,63176.718
4.20556343785271,0.0582969117094591,24.1829033697178,63179.64
4.20570988227224,0.0593403593348712,24.189807462696,63182.531
4.20563613851018,0.0603489081906866,24.1983445321458,63185.437
4.20593149086332,0.0592608156880488,24.1966558919859,63188.343
4.20584110243312,0.055798832986276,24.1890735373189,63191.265
4.20581217415803,0.0571989402175738,24.2036023808718,63194.171
4.2058180362261,0.0566301681188649,24.1997500995524,63197.077
4.20578521763317,0.0582693902454816,24.1981873661632,63199.984
4.20558875452306,0.0591636276913554,24.2001343155953,63202.89
4.20590460083849,0.0594543700703158,24.2013927413946,63205.796
4.20572637042793,0.0585628623399868,24.1958295413675,63208.702
4.20582170596551,0.056409571437516,24.1985831138202,63211.609
4.20601480097394,0.0571076158389382,24.200206279706,63214.515
4.20596330272188,0.0562190282399744,24.1937513408422,63217.421
4.20592356338085,0.058854471223639,24.1981558233426,63220.327
4.20590294429615,0.0563844083402745,24.1930120429175,63223.218
4.20590696565929,0.0586353692611007,24.20209093545,63226.14
4.20612987852158,0.0592560975297785,24.2156038601466,63229.031
4.205889662524,0.055678661628117,24.2205798387757,63231.937
4.20590982061743,0.0563108024632513,24.2185301672101,63234.843
4.2059316322487,0.0549795126650207,24.2126470530943,63237.749
4.20604566800875,0.0559563040061441,24.2194405056654,63240.656
4.20608546901594,0.056049337713961,24.2193713680659,63243.577
4.2061273397236,0.0574513183987322,24.2133787243865,63246.484
4.2059928073971,0.0534248444813244,24.2010463602274,63249.39
4.2059927767707,0.056683170088948,24.2085446463499,63252.296
4.20585760211214,0.0562604758801978,24.2136741463765,63255.202
4.20613489379319,0.0580178374228788,24.2177944288317,63258.109
4.20605668190412,0.0579635277417589,24.2113297188902,63261.015
4.20610331241353,0.0555291239517871,24.2124896756282,63263.921
4.20593112146057,0.0551235271262079,24.2141483175057,63266.827
4.20592166567754,0.0571349367773542,24.2108284932365,63269.734
4.20600632820243,0.0600990865872933,24.2197351887584,63272.64
4.20612523480139,0.0561162962562405,24.2247240997024,63275.531
4.20600462633591,0.0573050068586672,24.2273647803519,63278.437
4.20589894629893,0.0594954484293292,24.2132275442392,63281.343
4.20588240589588,0.0587438473038995,24.2193323859408,63284.249
4.20614558101608,0.0554327018692485,24.2256138827264,63287.171
4.20612537910263,0.0556977157235941,24.2166810789062,63290.077
4.20615120905998,0.0556473191975249,24.2243693906723,63292.984
4.20608613520623,0.0566529428673559,24.2139755190101,63295.89
4.2061360016679,0.0545032158689497,24.2161935713117,63298.796
4.20618625351833,0.0572285676062213,24.2274149865078,63301.687
4.20613505270089,0.0557519322258127,24.2312579443093,63304.593
4.20620430139933,0.0564895144863142,24.2347158136132,63307.499
4.20613752035594,0.0590832140656176,24.2466787742051,63310.406
4.20613055812675,0.0561659500159241,24.2308337535715,63313.312
4.20606231435544,0.0533824856400374,24.2214756623622,63316.218
4.20615279377834,0.0570500257625462,24.2139564028281,63319.14
4.20626962113933,0.0541101025541656,24.2179764599774,63322.031
4.20612693901971,0.0570915378024957,24.2131943051375,63324.937
4.20627716282489,0.0583514040705574,24.2116967649748,63327.843
4.20631647052419,0.058811978761852,24.2322932118311,63330.749
4.20605300874605,0.0566722386586245,24.2341400082128,63333.656
4.2060652932801,0.0571463774360083,24.2313990389487,63336.562
4.20620403240346,0.0556895906715863,24.2320601010651,63339.468
4.2062871373447,0.0546960918146692,24.2371438200738,63342.359
4.20605298108924,0.0543215099504709,24.2276144978675,63345.265
4.20623342705723,0.054534153729493,24.2288688695229,63348.171
4.20634431718488,0.0570285053140231,24.2230339344262,63351.093
4.20625463901209,0.056188202888387,24.2249986311834,63353.999
4.20643894234914,0.0515736699993887,24.2109470297297,63356.906
4.20662573150664,0.05581336130681,24.2253944059366,63359.812
4.20542951160558,0.0472754416840508,24.2368391979882,63362.734
4.20530251531712,0.0467513725511923,24.2476191475208,63365.64
4.20541336180102,0.048092595380983,24.247525954964,63368.546
4.20516177492939,0.0468088472011753,24.2415389946391,63371.452
4.20537772200048,0.0461373188761322,24.2340264495477,63374.359
4.20525228451293,0.0469554519624777,24.2413899048381,63377.265
4.20551632325171,0.0464255111989293,24.2384596622559,63380.171
4.20530972679461,0.0464321368882865,24.2328655241328,63383.077
4.20521893358555,0.047514448951908,24.2554085245526,63385.984
4.20508785729341,0.0429130583208947,24.2674139624142,63388.89
4.20513643116733,0.047298573947068,24.271231414737,63391.796
4.20525559879113,0.0479278055961514,24.2559561704427,63394.718
4.20528403344069,0.0476749639928009,24.2506305108374,63397.624
4.20520278408714,0.0480617421779668,24.2671544172809,63400.531
4.20519657554622,0.0464954041016846,24.2563411079724,63403.437
4.20534184539128,0.0466322441552886,24.2578761512184,63406.343
4.20518047563282,0.0471448722546395,24.255790037524,63409.249
4.2051656090643,0.0463500189525043,24.2541494184623,63412.156
4.20492849895191,0.0475073826801537,24.262576070589,63415.046
4.20534330560012,0.0470147089844622,24.2652203575782,63417.952
4.20528532448699,0.0498483042844429,24.2714542778787,63420.859
4.20510310109633,0.0489543336111132,24.2651947090924,63423.765
4.20501829429758,0.0456253125670121,24.2722402833601,63426.671
4.20523311231279,0.0476887278771594,24.2797180848582,63429.577
4.20503425970412,0.0480115986166262,24.2744517860894,63432.484
4.2052186946619,0.0447051089297243,24.2658621035111,63435.39
4.20486841653011,0.0465269650338814,24.2803519091621,63438.296
4.20533158040714,0.0481467952576211,24.2741494726587,63441.202
4.2052386384249,0.0476834618370518,24.278315711592,63444.109
4.20500400101962,0.0461321388586785,24.2914461767829,63447.015
4.20495773265347,0.0413210563525453,24.2897918509579,63449.906
4.20522769004906,0.0492305094924471,24.2989336310619,63452.812
4.20576811276544,0.0505299937258972,24.2950879123148,63455.718
4.20502275049977,0.0479252497831169,24.2793833930301,63458.624
4.20522818807518,0.045819989755364,24.2850102461905,63461.531
4.20506003517554,0.0466707537234227,24.2979938724737,63464.437
4.20546549902268,0.0508695622918985,24.2924841311069,63467.343
4.20519792615153,0.0469145817304111,24.2885180256124,63470.249
4.20499567565593,0.0501826242479509,24.2932332649286,63473.156
4.20552536565352,0.0467717574669159,24.2808814946243,63476.062
4.20511266459149,0.0474885852078901,24.2948113778252,63478.968
4.20509430106825,0.0466168089389692,24.2951692700154,63481.874
4.20503011549022,0.0469576112645126,24.2897320487416,63484.765
4.20519983676391,0.0487728639211764,24.2940268225625,63487.671
4.20508119091604,0.046339136939819,24.2981961564462,63490.577
4.20539619088438,0.0487124669809332,24.2995620212246,63493.499
4.2051989560006,0.0448978203929033,24.3055341741229,63496.406
4.20498890198215,0.0458928234809383,24.3021688114564,63499.312
4.2050454510057,0.0461052177582969,24.2974756198556,63502.218
4.20494086730248,0.0475872649069998,24.3022189407003,63505.109
4.20538942005389,0.0461996396148867,24.3089124014373,63508.015
4.2052906453689,0.0450415975671995,24.2991375847796,63510.921
4.20533548919942,0.0482337719313135,24.321776696987,63513.827
4.20520168528084,0.0481201206808016,24.3199237290919,63516.734
4.20513141416502,0.045812722432418,24.3202554634918,63519.64
4.205066849104,0.0456219540377817,24.3162580356057,63522.546
4.20536822610236,0.0462799300317578,24.3162312358128,63525.468
4.20524555411518,0.04499257135417,24.3124814621755,63528.359
4.20517160973244,0.0432655058658538,24.3117287712882,63531.265
4.20513145804019,0.0472826167432197,24.3197267260746,63534.171
4.20483797208082,0.0475475771601681,24.3102231934968,63537.077
4.20513794871273,0.0489794762553651,24.31627145944,63539.984
4.20503574995164,0.0501929518180415,24.3111902431573,63542.89
4.20499241699254,0.0485419444642477,24.3304820589764,63545.796
4.20521886513356,0.0458545276684433,24.3244171602212,63548.702
4.20546298985399,0.0517490746835704,24.3269640535436,63551.609
4.20519370280437,0.0469379183969326,24.3144449604357,63554.499
4.20534750384288,0.0473799717989082,24.3149652439313,63557.421
4.20546868823812,0.0479055888620372,24.3206979563516,63560.327
4.20516077910927,0.046325548217193,24.3259568310067,63563.234
4.20515666698291,0.0478042390796531,24.3390116744608,63566.14
4.20548636281224,0.0485320356695495,24.3339261235779,63569.046
4.20526134702227,0.0476404201562212,24.330030338652,63571.937
4.20534838883541,0.0469474290557185,24.3441062997545,63574.843
4.20511169365636,0.0463009891214447,24.3561320934106,63577.749
4.20527414075339,0.0462681165023551,24.3485278388069,63580.656
4.2054214020177,0.0457288105615463,24.3504865501986,63583.562
4.20535158602302,0.046056874434699,24.3382465724493,63586.468
4.20509156825261,0.0433048347865868,24.3536183215492,63589.374
4.20536530280085,0.0489653529413612,24.3572712962488,63592.281
4.20514447859584,0.0431851584153793,24.3451579961779,63595.187
4.20535125117412,0.0473671636190396,24.3317261293667,63598.093
4.20523760176011,0.0472750237725992,24.3357917078595,63600.999
4.20555331441877,0.0472261686246895,24.3329028259663,63603.906
4.20534145438212,0.0466084666896723,24.3411595372752,63606.812
4.20519146905285,0.0457765227044121,24.3384749905343,63609.718
4.20541565420955,0.0461284504690416,24.3451248912807,63612.624
4.20526962266532,0.0460057195649124,24.3449294550882,63615.531
4.20524930021253,0.0498623236340933,24.3616866986566,63618.437
4.20518709406412,0.0475149591790487,24.3791686811407,63621.343
4.20531868833751,0.0455441375059366,24.3510742136203,63624.249
4.20519321929138,0.0468261541072792,24.3540064369208,63627.156
4.20538881058707,0.0469654779683117,24.3481021665572,63630.062
4.20515312465492,0.0495193551219676,24.347666671316,63632.984
4.20532544634505,0.0479761760680655,24.3435010747597,63635.89
4.20542801765602,0.0437189906313267,24.3365140096548,63638.796
4.20548470991757,0.0456237068201524,24.3548174528853,63641.702
4.20555582869237,0.0448480063557059,24.3419451940763,63644.609
4.20537994295358,0.0451777660922523,24.3432921073498,63647.515
4.20520918400082,0.0459484041800944,24.3584705230933,63650.421
4.20535053561111,0.0470812975021774,24.3568369303881,63653.359
4.20520482499476,0.048115438613528,24.3593294137721,63656.265
4.20558238363327,0.0455692410788515,24.3602939833507,63659.171
4.20529858808,0.0490744645126511,24.3573070744119,63662.077
4.20549166652719,0.0476228024198319,24.3650601971718,63664.984
4.20520693246071,0.0471898721914026,24.3709669047522,63667.89
4.20528886125326,0.0455046677506655,24.3666247116116,63670.796
4.20537315109865,0.0456080686277624,24.3814650709695,63673.702
4.20549371307355,0.0474574911636811,24.395971023905,63676.624
4.20555130335003,0.0449228507607645,24.38284193067,63679.531
4.20558036563302,0.0482984977814444,24.3815517741576,63682.437
4.20536157796783,0.0467200605516897,24.3799886187379,63685.359
4.20561267391995,0.046490483187882,24.3828008459676,63688.281
4.20562688511867,0.0440340728449734,24.3914401644328,63691.187
4.20555620086877,0.0484939683000542,24.3908213910254,63694.093
4.20528441157546,0.050327215049217,24.3855677447932,63696.999
4.20537393248993,0.0465795468281928,24.3820482499494,63699.906
4.20550535450498,0.0454281930596131,24.370912128772,63702.812
4.20529060452798,0.0449051951935586,24.3883633656217,63705.718
4.2057741888124,0.0461402601751011,24.3956611443256,63708.624
4.20521142121679,0.0430008377813324,24.3928351393749,63711.531
4.20567924754707,0.0460470531356144,24.3918499588725,63714.437
4.20562935897975,0.0468998379572172,24.3869626588819,63717.359
4.20544173636998,0.0486777189184265,24.3944743451222,63720.281
4.20548951126228,0.046067149722554,24.4059414802374,63723.187
4.20527676390964,0.0501044936701532,24.409894195882,63726.093
4.20568635118147,0.0458352656072775,24.405390080962,63728.999
4.2054966379431,0.0467520864713728,24.3976937051353,63731.906
4.20534246581667,0.0419028519443336,24.4130356508026,63734.812
4.20553966159718,0.0466770616762954,24.4202347329883,63737.718
4.205389964907,0.0462924529266741,24.3987112693411,63740.624
4.20552953042999,0.0463398352606145,24.4032962951413,63743.531
4.20532281490059,0.0472033616542606,24.4150639034601,63746.437
4.20556566690822,0.0440199986515052,24.4142256349175,63749.343
4.20565574390787,0.0468644603767952,24.4156194357835,63752.265
4.20574925525552,0.0471021646541699,24.4189565256489,63755.171
4.20544962340537,0.0461254583526675,24.4145852631698,63758.077
4.20538764677082,0.0464911960766397,24.4132355683667,63760.984
4.20542305783491,0.0460547107642635,24.4071456191851,63763.89
4.20556485608884,0.0456438762083247,24.4066214261885,63766.796
4.20566512427351,0.0480496469487845,24.4013075256918,63769.702
4.2055155575008,0.0429759013088696,24.4098961968564,63772.609
4.20565595768338,0.0443212097929036,24.4176490995017,63775.515
4.20563675086767,0.0440625390562693,24.4079396024509,63778.421
4.20584009302694,0.0474976628247013,24.4101878600655,63781.327
4.20573225696232,0.0484614715619821,24.411068420093,63784.249
4.20556791287584,0.0483229963018632,24.4132376977022,63787.156
4.20571105371814,0.0446285285844788,24.4114469417545,63790.077
4.20571824396812,0.0476639689832172,24.4102773405271,63792.984
4.20546119650557,0.0462181218488231,24.4179115244394,63795.89
4.2058992891896,0.0452049456169806,24.4109744457015,63798.796
4.20556491969059,0.0451962565185168,24.4053449292317,63801.702
4.20571284671584,0.0486866604585276,24.405433600453,63804.609
4.20583720408216,0.043458094433656,24.4147355528267,63807.515
4.2057190379376,0.0465732473146727,24.423265187962,63810.421
4.20560159705813,0.0431843220679208,24.441203080056,63813.327
4.20575659059722,0.0461378899727646,24.4523716961479,63816.249
4.20560333197378,0.0445719810175361,24.4447411932317,63819.156
4.2055143422995,0.0430950832916807,24.4400805370084,63822.062
4.20599685864855,0.0469758952714456,24.4451285537931,63824.968
4.20587176317422,0.0489249812173793,24.4466438307018,63827.89
4.20563228831286,0.0460236964572893,24.4394325499384,63830.796
4.20576501338725,0.0483004701590466,24.440268136422,63833.702
4.20588101021269,0.0466840636219122,24.4478315030021,63836.609
4.20550629999604,0.0471049348794685,24.4450025306949,63839.515
4.20573958326146,0.0470600868842987,24.4408079846898,63842.421
4.20575896045544,0.0483755675345661,24.4305992500958,63845.327
4.20583128505288,0.0435817550201268,24.4486202506354,63848.249
4.20589799573376,0.0476932022906256,24.4750621210042,63851.156
4.20595305240593,0.0485352085494525,24.4706014549932,63854.062
4.20567605894067,0.0444224338720014,24.4546683429597,63856.968
4.20585926652386,0.0446600050102475,24.4458039610478,63859.89
4.20573877851676,0.0456649164860467,24.4469022217018,63862.781
4.20585952908403,0.04556856836638,24.45948194301,63865.702
4.20575747249241,0.0442043459083398,24.4463241586482,63868.609
4.20588792489069,0.0447979586047951,24.454185715858,63871.515
4.2059244998115,0.0481014294440125,24.4617055368577,63874.421
4.20600841573135,0.046424388152887,24.4566659574917,63877.327
4.20572439173052,0.044560322462353,24.4619275510409,63880.234
4.20619770298744,0.0469285330205809,24.4651993270747,63883.14
4.20575242103382,0.0463469855986075,24.4602114798869,63886.046
4.20604202432926,0.0470045339795353,24.4585540185452,63888.952
4.20584371509846,0.0471273674064885,24.4595287312471,63891.859
4.20572750419876,0.0467250986862373,24.457137047683,63894.765
4.20595056720331,0.0465274220275339,24.4785907609412,63897.671
4.20613655041488,0.0485722040068991,24.4796539876841,63900.577
4.20621475297311,0.0419132654711447,24.4776672362733,63903.484
4.20619972126246,0.0444793799857058,24.4705282145577,63906.39
4.20597320623328,0.0449248637119081,24.4677449049474,63909.312
4.20596120171613,0.0475584168428807,24.4649932965111,63912.218
4.20588272251564,0.0506268422090008,24.4563368064746,63915.124
4.20604566228967,0.0478849879973341,24.461742898614,63918.031
4.20594164025378,0.0446806399247747,24.4620619357745,63920.937
4.20618975785578,0.0471245306532556,24.4600949418899,63923.843
4.20583721966224,0.0468137811817073,24.4890695304975,63926.749
4.20594907505576,0.0463532157955317,24.4996927126112,63929.656
4.20590567467205,0.0418834820626803,24.4963688572999,63932.562
4.20614764541595,0.0448806565195342,24.5055972033751,63935.468
4.20626159376865,0.0451053015872209,24.5083394982507,63938.374
4.20593626845361,0.0439141868527845,24.4993544167723,63941.281
4.20590090421934,0.0437816324111716,24.4944915640194,63944.218
4.20602357690317,0.046378492712749,24.4884733826109,63947.124
4.20585561619166,0.0474766744290886,24.4785551964785,63950.031
4.20600607372084,0.0458906459391401,24.4903024477901,63952.937
4.20596092229763,0.048303384433432,24.4893550915379,63955.843
4.20601967699777,0.0434426980352936,24.4741724106279,63958.749
4.20606396617844,0.0483884207106492,24.472499663005,63961.656
4.20596751539513,0.0459793249976005,24.4704561655497,63964.562
4.20603818468296,0.0474231875617943,24.474165584764,63967.468
4.20587994592436,0.046635342310652,24.4828467266146,63970.374
4.20605955287557,0.0475164240187871,24.4892552793028,63973.281
4.20598375442214,0.0466866685909699,24.4964296887538,63976.218
4.2061223326513,0.0449974496226143,24.5029140442247,63979.124
4.20612034817519,0.0459281993142341,24.4932172022699,63982.031
4.20613619796914,0.0456999116832297,24.4806701979537,63984.937
4.20623582773133,0.0450057822418521,24.4803095585999,63987.843
4.20598000093803,0.0438961073502578,24.4867455369525,63990.749
4.20624539707786,0.044833592300764,24.4894950403863,63993.656
4.20610165580824,0.045669507442446,24.4903296450904,63996.562
4.20636921138292,0.0463966472973578,24.4986070774087,63999.468
4.20623392653438,0.043485692183111,24.4973574237007,64002.374
4.20587026922368,0.0464535097919228,24.5084866361713,64005.281
4.2060466542926,0.0430701250430309,24.5142676217126,64008.187
4.20586152168622,0.0432055396415751,24.4967332319812,64011.109
4.20625441087529,0.0433753464797725,24.4996668192857,64014.015
4.20618372249421,0.0443484733842311,24.510456095545,64016.921
4.20625817574669,0.0451254876846363,24.5023022671099,64019.827
4.20619070455297,0.0413486035278742,24.5061227956633,64022.734
4.20626276815605,0.0484723632380506,24.5107485454401,64025.64
4.20623355666182,0.0462913954323043,24.5143725930063,64028.546
4.20605386576556,0.0470105464378409,24.5123520739462,64031.452
4.2061843847921,0.0462841836230159,24.5104798804598,64034.359
4.20613359544661,0.0469339777874789,24.5415544017392,64037.265
4.20635422753898,0.0435630419747708,24.541123987311,64040.187
4.20629396313869,0.0426081944608189,24.5662097074001,64043.093
4.20645089750639,0.0420674898773509,24.5686489231944,64045.999
4.20625777076429,0.0428176309094145,24.5674210622536,64048.906
4.20624729601891,0.0440462975027158,24.552900602709,64051.812
4.20604543486514,0.0456274540047472,24.5536042648905,64054.718
4.2062100455362,0.0432918479640363,24.5399720290224,64057.64
4.20637928733722,0.0468792739471898,24.5444463275027,64060.546
4.20635583823499,0.0455981106511137,24.530186486644,64063.452
4.20649054733044,0.0465448725787801,24.5410596945121,64066.359
4.20652991917331,0.0470386262866497,24.5262827359032,64069.265
4.2061464801307,0.0462441414233427,24.5343191752165,64072.171
4.20635799875044,0.0474051661220206,24.5274755313314,64075.077
4.20649850526883,0.0444775434194137,24.529180328315,64077.984
4.20640614491325,0.0474352595632601,24.5338676757689,64080.906
4.20626395899147,0.0442478863104027,24.5291954881764,64083.812
4.20629974420589,0.0468309596430728,24.518928083329,64086.718
4.2062364467587,0.0443227110160384,24.5256386957227,64089.624
4.20622558847262,0.0437119771084383,24.5578316197094,64092.531
4.20623096893522,0.0403070085346008,24.5466738591579,64095.437
4.20659841551463,0.0430546140733914,24.5365206518097,64098.343
4.20540246655571,0.0350611606137526,24.536163567632,64101.312
4.20536757980406,0.0357757174069424,24.5327084823827,64104.218
4.20534645658707,0.0306883826453411,24.5371475232707,64107.124
4.20545336241102,0.0362155278897219,24.5318623144197,64110.031
4.20506674578682,0.0345193699285894,24.5290943346337,64112.937
4.2051245329055,0.0352356915920181,24.5457027665526,64115.827
4.20539593693809,0.0337591625879895,24.5476089517633,64118.734
4.20496312641715,0.0321689176367594,24.5592630104067,64121.64
4.2050835558181,0.0361865605484078,24.5627387788333,64124.562
4.20527061944157,0.0363700353318068,24.5636989656144,64127.468
4.20518906626742,0.0327947144708689,24.5493191410271,64130.374
4.20513617974052,0.0355537872339628,24.5506253973771,64133.281
4.20492740536686,0.0370550542453834,24.5472067442557,64136.187
4.20511826858922,0.0367832350842139,24.5431066818089,64139.093
4.20512898430649,0.0366730717949166,24.5457398022507,64141.999
4.20515152938925,0.03359362240366,24.5590268630276,64144.906
4.20534213238222,0.0365207367941021,24.573891473184,64147.812
4.20513880725062,0.0367177424011526,24.5719437490593,64150.718
4.20496029904919,0.0378329705217849,24.5749399122336,64153.624
4.20495490385627,0.0359550151195777,24.5667173975594,64156.515
4.204975431146,0.0341553998809516,24.5654061623888,64159.421
4.20498137539443,0.0395833061739267,24.5661003619314,64162.327
4.20486780929807,0.0407157731732276,24.5575031918753,64165.234
4.20514912429306,0.0358956735650709,24.5409488162635,64168.156
4.20506540805382,0.0360982718922722,24.5425797938729,64171.046
4.20519483050343,0.0353688428586167,24.5655191822977,64173.952
4.20520723171859,0.0333761062436464,24.5662161372201,64176.859
4.20540387743844,0.03346427446277,24.5888704852063,64179.765
4.2051069760241,0.0378770696041469,24.5775860727829,64182.671
4.20512103497637,0.0374600233176871,24.5742246392157,64185.577
4.20506511098219,0.0362194248565934,24.5736518292408,64188.484
4.20499718449771,0.036404150758014,24.561434032867,64191.374
4.20531326669012,0.035730149757448,24.5642851931179,64194.281
4.20502399927812,0.0335224737009216,24.5634042417707,64197.187
4.20510217412128,0.0352730308151869,24.5704147586542,64200.093
4.20518409379796,0.0361089138895457,24.587217821835,64202.999
4.20519293860024,0.0350187018666881,24.5750131750138,64205.906
4.20489995214766,0.0362678328960395,24.5683417813087,64208.812
4.20506476739336,0.0345176116368446,24.5706179799802,64211.718
4.20515163419743,0.0328433745738497,24.6004263113827,64214.624
4.20505819174935,0.036260515730022,24.6009023368638,64217.531
4.20481932611285,0.0358912460899586,24.610373136712,64220.437
4.20490102780822,0.0336193299043288,24.6021317053521,64223.327
4.20511272316054,0.0351288511296848,24.6065762245456,64226.234
4.20512779043193,0.0362986837873079,24.5959805336928,64229.14
4.20500485105315,0.0368794395130089,24.5809853363814,64232.062
4.2049322048711,0.0371539168150186,24.5808177502639,64234.968
4.20516206761046,0.0345094948995613,24.5767590692561,64237.874
4.20506398676531,0.0312209058446448,24.5818276378255,64240.781
4.20493463772628,0.0335265728383155,24.5826953871358,64243.687
4.20496166693808,0.0369368233985295,24.5940869603394,64246.593
4.20488967903233,0.0361493385541401,24.5899816093924,64249.499
4.20505653396537,0.0351768345022271,24.5798515183227,64252.39
4.20518616765699,0.0356750343524184,24.5955259124084,64255.296
4.205068159343,0.0361598049981441,24.5873956361206,64258.202
4.20527387038248,0.0328602164614342,24.5944329559535,64261.109
4.20516342871773,0.030656374536472,24.5990525750953,64264.031
4.20511453622924,0.0357838347703092,24.5873276131494,64266.937
4.20485786508377,0.0388496976852742,24.5886016495705,64269.827
4.20512594760444,0.0335395340338757,24.5917370187719,64272.734
4.20477175594965,0.0324053187166769,24.5956556137119,64275.64
4.20482596718598,0.0399649794134397,24.6038819305191,64278.546
4.20507189192203,0.0365224123624717,24.5944128305272,64281.452
4.20486727103914,0.0364625186329953,24.5910529804075,64284.359
4.20513960598095,0.0381942569346293,24.5835096437282,64287.265
4.20505209545734,0.0361806140297033,24.5821807845687,64290.171
4.20483981710968,0.0379266048857072,24.6067357909013,64293.062
4.20518540580353,0.0353077663190026,24.6202487682846,64295.984
4.20519094988399,0.0366459148238134,24.6076023759564,64298.89
4.20516219873065,0.0355760553601399,24.6090813407584,64301.796
4.20504418487685,0.0360381732837696,24.609109786428,64304.702
4.20505778864689,0.0333304077306198,24.6126367650921,64307.609
4.20527348232066,0.0357517649058977,24.6088960074507,64310.499
4.20516741117356,0.0374790856857773,24.6055886768489,64313.406
4.20519976851984,0.0349246186814533,24.6134210961644,64316.312
4.20503753948493,0.0362902193574844,24.6188423260958,64319.218
4.20516463800854,0.0353931917195646,24.6323429500454,64322.124
4.20524306394247,0.0331828601164537,24.6408580163094,64325.031
4.20508657643643,0.0373957621040135,24.666452295554,64327.937
4.20519845351949,0.0327066765335569,24.6769510700867,64330.843
4.20521298854177,0.0352884072681651,24.6504199439176,64333.749
4.20517314195993,0.0344106598789666,24.6394515542542,64336.656
4.20535357337384,0.0361143442180396,24.6414881146613,64339.562
4.20496983828348,0.0368869396231846,24.6591443267837,64342.468
4.205201980578,0.0376518593098018,24.6449951195467,64345.374
4.20490078370447,0.0362083189847156,24.6364322423898,64348.265
4.20515814313494,0.0352997421018596,24.6328876721855,64351.171
4.20516904996391,0.0344447407978408,24.6323768471804,64354.077
4.20528483254077,0.03738063844734,24.6196547839002,64356.984
4.20520860211031,0.0344238574238748,24.6182717319,64359.921
4.20480692699239,0.0369325405956082,24.620499665883,64362.812
4.20516982251813,0.0342161951492522,24.6351701417205,64365.718
4.20516104595428,0.038667976518945,24.6420346449907,64368.624
4.20478946183462,0.0297543240098608,24.6349976140469,64371.531
4.20533339208932,0.034292111232695,24.6538539102952,64374.437
4.20510976676594,0.0364868716417961,24.6662889825796,64377.343
4.20496832343608,0.0352104951050786,24.656170645904,64380.249
4.20530984028417,0.0341528737499073,24.6549188960878,64383.14
4.20526047837579,0.0356160684256166,24.649001467245,64386.046
4.20527874732055,0.0353306798396268,24.6480335017832,64388.952
4.20518243859925,0.039010888496592,24.6436096580844,64391.89
4.20519342915803,0.0365917748205384,24.6530267793587,64394.796
4.20508100395895,0.0379057156431922,24.6511115291141,64397.702
4.2051151594721,0.0341183673203073,24.6472237073485,64400.609
4.20511670616299,0.0360165619202979,24.646681017584,64403.515
4.2055303588189,0.0367969957104003,24.6496402173757,64406.421
4.20507846885292,0.0361642285203408,24.642742121245,64409.312
4.20502280448483,0.0388850966979046,24.640868447013,64412.218
4.20501852937268,0.0335149838377088,24.6477393798236,64415.124
4.20542147754871,0.0373673408103158,24.6381610666056,64418.031
4.20510548495596,0.0343908105141262,24.6453148514362,64420.937
4.20502900150775,0.0352638266074767,24.657151291584,64423.843
4.2052755314536,0.0339182445409413,24.6532209052699,64426.749
4.2051257724983,0.0348769722691428,24.6629300836199,64429.656
4.20512151223597,0.0331831088050728,24.6712103414286,64432.562
4.20528828704034,0.0306702609480429,24.659089738477,64435.468
4.20544789599225,0.0334978229915417,24.6734056432293,64438.359
4.20487739482455,0.036149452466772,24.6567671667047,64441.265
4.20518624042889,0.0321023948066269,24.6820452775681,64444.171
4.20521590495214,0.0321965367742615,24.6798687370664,64447.077
4.20537598773856,0.0350641242338154,24.6671787558907,64449.984
4.20536536366215,0.0330565802122181,24.6707932288215,64452.89
4.20520309114875,0.0356528200891825,24.6820443435108,64455.796
4.20524349538991,0.0351696138321547,24.6838031975574,64458.718
4.20534185979829,0.0376523102528496,24.6947581037901,64461.624
4.20527982512793,0.0352731382358681,24.68875436563,64464.531
4.20521691210055,0.0368708833748312,24.6915069817232,64467.421
4.20503381150798,0.0341965398314912,24.6851238784812,64470.327
4.20513969857022,0.0340979657334992,24.6740358214459,64473.234
4.20485244729843,0.0369952540923037,24.6871283162503,64476.14
4.20516800480719,0.0373131640911574,24.6936441258878,64479.046
4.20499272048011,0.0360210090085317,24.6917042883221,64481.952
4.20520184896208,0.0356127465920546,24.6923009203092,64484.843
4.20509464794559,0.0342800301538051,24.6828738588243,64487.749
4.20527367828732,0.035205352493657,24.6769280899525,64490.671
4.20510219213814,0.0336947191144075,24.6821678941067,64493.577
4.20527688180732,0.0340659874375631,24.6802123698968,64496.484
4.20532520999645,0.0335428881581193,24.6796820895944,64499.39
4.20540180343441,0.0340039367878921,24.6804652009522,64502.281
4.20554889794673,0.032479863364855,24.6876700477436,64505.187
4.20521192071662,0.0343178362280593,24.6955107407976,64508.093
4.20529585521504,0.0355480655960296,24.6962258541684,64510.999
4.20519981078863,0.0365883793217966,24.6968097328182,64513.906
4.20510779734569,0.0367782036445353,24.6980112879287,64516.812
4.20517333986345,0.0367850633421983,24.6946257621451,64519.702
4.20527924311426,0.0328423909589389,24.7075944524309,64522.624
4.20532273695002,0.0352638656648799,24.7249653088432,64525.531
4.20548699693384,0.0342532921815585,24.7413520413226,64528.437
4.20539597931582,0.0327133108172261,24.7421382718738,64531.343
4.20549053775479,0.0341026204653338,24.7392031737742,64534.249
4.20539383571357,0.0369024354798077,24.7454360328935,64537.156
4.20546907101139,0.0338245196985383,24.7257550682637,64540.046
4.20548258218017,0.0376925550247377,24.7183907316399,64542.952
4.20537343555845,0.0340141146779111,24.7165586337584,64545.859
4.20548435382363,0.0356705603090712,24.7195543847407,64548.765
4.20535114814346,0.0366571634258777,24.7153483679269,64551.671
4.20542478827459,0.0336986738150809,24.7012809945723,64554.593
4.20537684472155,0.0329106567262165,24.7095648823088,64557.499
4.20562773134739,0.0328370728882347,24.704386983252,64560.406
4.20536094350365,0.0359818224380307,24.7053064734922,64563.296
4.20529328277993,0.0352922458893302,24.7133138222597,64566.202
4.20540074247655,0.033177906405516,24.7058487799499,64569.109
4.20561108126793,0.0322146941222671,24.7069904666244,64572.015
4.20525916856355,0.0362033998323349,24.7142776427007,64574.921
4.20542784951744,0.037329334283642,24.7116520321726,64577.827
4.20541020405447,0.0377472881964809,24.7124396042185,64580.734
4.20556248482743,0.0360536051102447,24.7076312855477,64583.64
4.20527992201654,0.0362799126653557,24.7115927524968,64586.546
4.20515503664335,0.0364392304864819,24.7034836708402,64589.468
4.20519619737794,0.037289383413871,24.7155108331169,64592.374
4.20560662858803,0.0380431441597002,24.7073727728491,64595.265
4.20524814969366,0.0354263539300957,24.7098315149412,64598.171
4.20534794571934,0.0341694129136876,24.7069444754921,64601.093
4.20543317796598,0.0334121174217796,24.7151951300678,64604.015
4.20520600077055,0.0351215162730144,24.7164025923141,64606.937
4.20524559262515,0.032523543880508,24.7342792807021,64609.843
4.20546541130732,0.0369480704231952,24.7658212437041,64612.812
4.20560939799779,0.0357037268061878,24.7466927858996,64615.765
4.20545337523844,0.0365203387285729,24.7449563146572,64618.796
4.20537530133663,0.0381149769081814,24.7510931537641,64621.827
4.20549642988408,0.0335673993815395,24.7418586862868,64624.859
4.20538847905203,0.0303697933133173,24.7602500956779,64627.89
4.20517590505979,0.0365598421676116,24.7583464224233,64630.89
4.20570015649139,0.0365128663183442,24.744268927663,64633.921
4.20538774997443,0.0353590989308735,24.7545422983634,64636.859
4.20515447521785,0.0346778264358657,24.7515678572628,64639.827
4.20535867556131,0.0329765277604252,24.7522352053727,64642.843
4.20561779554063,0.0314778853850856,24.7423647875726,64645.89
4.20581208994228,0.0351201003717967,24.7633310177952,64648.921
4.20534191516859,0.0351081748461632,24.7536996408156,64651.906
4.20547653554266,0.0320844305689149,24.7487051858474,64654.952
4.20533728891599,0.0343973384512057,24.7419160932438,64657.906
4.20552242247245,0.038775117151321,24.7466317945172,64660.859
4.20567140868341,0.035537981670036,24.7467065793191,64663.859
4.20542503722328,0.0357144309129414,24.7449379930123,64666.89
4.20576779920652,0.0337836603801264,24.7479130547044,64669.874
4.20574596950796,0.0372529630664269,24.7654919076424,64672.843
4.20564580547345,0.0368207770174545,24.7528399513454,64675.906
4.2056286179542,0.0340227670054151,24.7724369764124,64678.906
4.2056653449085,0.0330120141095617,24.7680874393174,64681.89
4.20520370457815,0.0351470963699104,24.7577362835294,64684.859
4.20542062229399,0.0323181705341333,24.7558012179044,64687.796
4.20553338104121,0.0337266841271146,24.7510264094612,64690.749
4.20542842177909,0.0314436685644938,24.7566367376719,64693.656
4.20563204058616,0.0328253070817644,24.7426684722992,64696.577
4.20531657925615,0.0310338207754501,24.7355002537498,64699.499
4.20568709908292,0.03413627009572,24.7419440591272,64702.468
4.20547728998785,0.0314276551425336,24.7512827329583,64705.39
4.20566953939787,0.0370077522484601,24.7531629463089,64708.312
4.20538027451255,0.0363852271788212,24.7533018333269,64711.218
4.20575232619389,0.0325670385894665,24.7655424433253,64714.14
4.20561551131821,0.0309720290952618,24.78194437937,64717.062
4.20557807970229,0.0323251022765733,24.8025839962202,64719.999
4.2058654239597,0.03268054313862,24.8110473712961,64722.906
4.2056782417766,0.0331902063956707,24.810231301642,64725.812
4.20552678878303,0.0370012534014551,24.8085990950494,64728.702
4.20549910696086,0.0332241362114222,24.798729090277,64731.609
4.2057624305209,0.0376227722832538,24.8130130607156,64734.531
4.2055099525276,0.032900253603306,24.8087726212145,64737.437
4.2055543598154,0.0332050810215217,24.7891881346896,64740.343
4.20568658715793,0.0338080067145306,24.8098468962081,64743.249
4.20584852819636,0.0349927436215715,24.8277488198232,64746.14
4.20540216164234,0.0341960767196447,24.8306354165845,64749.046
4.20560531369736,0.0356302418149533,24.8377711171014,64751.952
4.20581567676278,0.0332802657907995,24.8239997069322,64754.859
4.20556359588389,0.0332364191196962,24.8082521188038,64757.765
4.20576931796894,0.0320621681563397,24.8336882895664,64760.671
4.20566850588289,0.0353807269568007,24.8592940103658,64763.577
4.20569168330444,0.0332907298635523,24.840969100164,64766.499
4.2057316034844,0.0313781592886509,24.8287285773837,64769.39
4.20580285257414,0.0336796841553191,24.8034873602728,64772.296
4.20571952290989,0.0326948819227663,24.8019048684527,64775.202
4.20557143008017,0.0340223378711246,24.7950957952594,64778.109
4.20569656615541,0.0336548731769187,24.7938687934306,64781.015
4.20572111287163,0.0345706322363813,24.7893342869074,64783.921
4.20580873388851,0.0328025572877912,24.7976612700847,64786.827
4.20560820823242,0.0349734884770673,24.7967857199595,64789.734
4.20568284567505,0.0333792413394851,24.8159102456277,64792.64
4.20586034168797,0.0339822260020567,24.8491348113822,64795.531
4.20576007562068,0.0338589700829984,24.8366668664828,64798.452
4.20574924821366,0.0353325591300422,24.8402266206163,64801.359
4.20593288588088,0.0321928530296472,24.8314620168404,64804.265
4.20555920949803,0.0343731599746308,24.8312914155764,64807.171
4.20568838887611,0.0349203411112636,24.8282962794931,64810.077
4.20567371428455,0.0355630581651268,24.8239306908027,64812.984
4.20570901370579,0.032748565944903,24.8149093276125,64815.89
4.20588164788258,0.032860444635141,24.8126436797643,64818.796
4.20595532668314,0.0346380087407816,24.8243796623803,64821.687
4.2059102358147,0.0358705814278397,24.8197117976674,64824.609
4.20586233490578,0.0340674392794113,24.8272409669576,64827.515
4.20573826235337,0.0341469957521295,24.8231886048687,64830.437
4.20579010160398,0.032254609157752,24.8395378582189,64833.327
4.20583176572497,0.0328106754285921,24.836720330073,64836.234
4.20588555836459,0.0337214968000626,24.8345200748846,64839.14
4.20574991927319,0.0342100849453847,24.8316461632144,64842.046
4.20608828673482,0.0316541952745181,24.8436381635574,64844.952
4.20595856950712,0.030945594985844,24.8374784911994,64847.859
4.2058344756955,0.0352701159102761,24.8394935628973,64850.749
4.20567764832611,0.03441995110305,24.8335490881415,64853.656
4.20594194267548,0.0350184226067824,24.8194252518839,64856.562
4.20569698437999,0.0330044035719354,24.8352883345114,64859.468
4.20618012707947,0.0337868703021824,24.8309354134024,64862.406
4.20578450421695,0.0340303657968708,24.8346928012612,64865.296
4.20577530181448,0.0326474299920042,24.8389497427779,64868.202
4.20580445791114,0.0342901390823936,24.8387252453753,64871.109
4.20580610983211,0.0358328737226025,24.8440197872194,64874.015
4.20592061010637,0.0347658114830567,24.8668365720293,64876.921
4.2060333048732,0.0331462404629258,24.8610108551302,64879.827
4.20595484252343,0.0334111913313652,24.8492882407752,64882.718
4.20592968159869,0.0339629849892859,24.8611003287455,64885.624
4.20572734353615,0.0356159344757646,24.8585181970655,64888.531
4.20613239853158,0.0361645465164623,24.8440176729034,64891.437
4.20591468515524,0.0341714541179232,24.8405253261158,64894.359
4.20595097187776,0.0342746087770602,24.8877963804636,64897.265
4.20601271311342,0.0347082735609032,24.8930265696992,64900.171
4.20581784629716,0.0333263733235542,24.8711950297686,64903.077
4.20568007154447,0.0315935398731811,24.8584112199938,64905.984
4.20577992636177,0.0309170325681084,24.8419730399645,64908.874
4.20595863444691,0.0316580452892797,24.8499097010807,64911.781
4.20629387572044,0.0359968726388221,24.8583545584776,64914.687
4.20618112557875,0.0364330611435768,24.8596803795652,64917.593
4.20598952200899,0.0357771425598385,24.8384887876675,64920.499
4.20569386706286,0.0379403859879259,24.8411917353733,64923.39
4.20604872184393,0.0328744455033771,24.8529229532616,64926.296
4.20577079468849,0.0377574350359647,24.8638840532287,64929.218
4.20587610247528,0.0339735702260501,24.8477761386157,64932.124
4.20581614126618,0.0310066153801659,24.8604523612307,64935.015
4.20588415080115,0.0367509690295765,24.8576669703509,64937.921
4.20604270158594,0.030404455025518,24.8676638531601,64940.827
4.20593177374012,0.0357570897986648,24.8731931103233,64943.734
4.20585726047936,0.0349741727872253,24.8775105004611,64946.64
4.20633188013526,0.0297792692130224,24.8576277601126,64949.546
4.20600238288304,0.0331723878376174,24.8586049677842,64952.452
4.20606891346922,0.0352854573214159,24.8671900316351,64955.343
4.20599727078116,0.030919035965382,24.8565530635551,64958.249
4.20607977938699,0.0350641445085063,24.8734353260307,64961.171
4.20587876441441,0.0354424333845406,24.8619862431545,64964.062
4.20594041156155,0.0327207086499157,24.8679379361374,64966.968
4.20595876227905,0.0319305304406929,24.8620528254722,64969.89
4.20591668284561,0.0334335644165757,24.8718140909495,64972.781
4.20612199645318,0.0333217255852286,24.8839600927474,64975.687
4.20582624825133,0.0319401117545396,24.9048593805438,64978.593
4.20627691428101,0.0317420662847188,24.9103311927908,64981.499
4.20578742314874,0.0315174227162197,24.8909638270196,64984.406
4.20588239673982,0.0337184126345627,24.8795467300867,64987.312
4.20593895312973,0.0334120100876882,24.8801322591149,64990.218
4.20610107437201,0.0341691000464847,24.8705651190151,64993.14
4.20605248182721,0.0339216307740992,24.8705363707508,64996.046
4.20594595839501,0.0336852774405933,24.8683461891502,64998.937
4.20610240372514,0.0314321014873796,24.8963459689933,65001.843
4.20606808350264,0.0323340391064364,24.8800795073847,65004.749
4.20629541685741,0.0361975066632019,24.8756428802604,65007.656
4.20593958498892,0.0321652356734912,24.8753249825448,65010.562
4.2057323117029,0.0344257705079639,24.8877918826727,65013.468
4.20589593953087,0.029867465223924,24.889780947153,65016.374
4.20590742472351,0.0327887863856341,24.8948369210087,65019.281
4.20613640237236,0.0321639049238797,24.889285580339,65022.171
4.20550706224344,0.0346821585242071,24.8787473769539,65025.031
4.20597036077255,0.0355634377950601,24.8792625878788,65027.906
4.20635400361887,0.030556701872089,24.8852093872611,65030.781
4.20627588412957,0.0313903120602888,24.8826491905805,65033.671
4.20617795158502,0.0336308545631724,24.8962785332177,65036.546
4.20617262756963,0.0319850043828873,24.8836184912724,65039.437
4.20619701882203,0.035014544199445,24.8797233751611,65042.312
4.20605866341229,0.0306799895113664,24.8976684272512,65045.202
4.20608564339964,0.0374546780939654,24.8961117449561,65048.077
4.20572847102738,0.0306638602774486,24.8923997595949,65050.968
4.20640153415254,0.0303273555052374,24.8941116604889,65053.859
4.20616978133746,0.034900391439096,24.8940963560417,65056.734
4.20666804898673,0.0353651629516073,24.9015121051963,65059.64
4.20595745729021,0.0370225147280743,24.9019994716493,65062.484
4.20625640428168,0.0277013931023877,24.9041824873434,65065.327
4.20610003992411,0.032649750985884,24.9137446761413,65068.187
4.20629667448626,0.0321860858898045,24.9116955260821,65071.062
4.20619020715327,0.0311311713556694,24.913681559645,65073.952
4.2059002073996,0.0343418736150466,24.9170886921528,65076.827
4.2061638136352,0.0328920974837728,24.9195740246005,65079.718
4.20616923053941,0.0308322453758407,24.91138414719,65082.593
4.20609189143261,0.0347220879060818,24.9129642431386,65085.484
4.20597703189526,0.0340023729116953,24.9174412232727,65088.374
4.20627001306417,0.0307273902973091,24.9159335634469,65091.249
4.20625206865574,0.0370610415614851,24.9235063283451,65094.156
4.20615872021882,0.0310940520956198,24.9211740194454,65096.999
4.20658908286734,0.0325996798816012,24.9020140732816,65099.859
4.20634821918259,0.0312947604278072,24.911116446932,65102.702
4.20635070395841,0.0329958860224968,24.9154559901149,65105.577
4.206293014215,0.030371850520225,24.9274443186106,65108.468
4.20634761465791,0.0363748454205762,24.923424900108,65111.343
4.20618094302935,0.0316339729200005,24.9225655835102,65114.218
4.20619454963923,0.0324302264454002,24.9238872591136,65117.109
4.20651473720864,0.0327527649115363,24.9206575247764,65119.999
4.2064012546037,0.0292868587715872,24.9229240355794,65122.89
4.20593090644724,0.0282900542251336,24.9248650552189,65125.781
4.20612082058095,0.033267346265585,24.9305201120426,65128.656
4.20649083878299,0.0302297275069569,24.9366582596398,65131.531
4.20613937235718,0.0315634451623984,24.9250059887794,65134.421
4.20650102761294,0.0342653699886396,24.9239833080981,65137.296
4.20636090346529,0.0316543346847122,24.928452581955,65140.187
4.20626550370431,0.0302159853301415,24.9349290626225,65143.062
4.20636938242174,0.0286554157604822,24.9308468248127,65145.952
4.20617309254639,0.0313729545766129,24.9287198244381,65148.827
4.2062998839437,0.0322341649840897,24.9349265917033,65151.718
4.20644239667249,0.0342933276979185,24.9335180856599,65154.593
4.20621127190273,0.0328647587870078,24.9329680321179,65157.499
4.20625323955832,0.0337071030317412,24.9418464408125,65160.343
4.20632748551429,0.031657698429345,24.9439165433094,65163.202
4.20618654816398,0.0311681522532477,24.9408686760403,65166.046
4.20628332294048,0.0305426549288708,24.9463163440277,65168.921
4.20625895958848,0.0317433193879622,24.9509092532518,65171.812
4.20649178741131,0.0315726462290079,24.9534805215197,65174.687
4.20645141164811,0.0300658585596366,24.9541945257473,65177.562
4.20655674048166,0.0320196228937565,24.9490450152118,65180.452
4.20641842186874,0.0315435044047597,24.9519867850691,65183.327
4.20649201089507,0.0322739013238241,24.9453365787878,65186.218
4.20628145340461,0.0302461787114379,24.9431197667425,65189.124
4.2061397017899,0.0326420710697956,24.9416140140817,65191.968
4.20636731931523,0.0316112908445568,24.9399759606601,65194.827
4.20640911600485,0.031275510850002,24.9544943429962,65197.671
4.20627841798589,0.0315926146008652,24.9642135221355,65200.562
4.2065227587342,0.0328705927227893,24.9697475576231,65203.437
4.20637384954473,0.03034572862759,24.952280709856,65206.312
4.20647690066675,0.034436715046337,24.9466511261059,65209.202
4.20636366999954,0.0320194443600235,24.9513361566636,65212.077
4.20638635293059,0.0324266937196417,24.9469162052046,65214.952
4.2064270018583,0.0317382408898621,24.9449515009551,65217.827
4.20629615271901,0.0316747353346708,24.9548739046398,65220.749
4.20664812245092,0.0310629284069031,24.9507764189364,65223.593
4.20642058868961,0.0308650089174142,24.9574434828747,65226.452
4.20637778921062,0.0327075276391846,24.9623253445401,65229.296
4.20658741909341,0.0311865003757907,24.9639569623129,65232.171
4.206461441233,0.0343773019265674,24.9661868557513,65235.046
4.20665078305854,0.0324557859695415,24.9583821369093,65237.937
4.20665364461723,0.0326463802908013,24.9709847684561,65240.812
4.20652654255245,0.0319217329323811,25.0048207762999,65243.702
4.20662186216545,0.0329874409168262,25.0001564096755,65246.577
4.20635631693,0.0338391457828113,24.9774201205814,65249.468
4.20654736706154,0.031782191585076,24.9859952196718,65252.343
4.20647546135321,0.0314160392590941,25.0021887315099,65255.249
4.20641736340532,0.0342444587741124,25.0006739075055,65258.093
4.20667433882037,0.0329563507346114,24.9968975764763,65260.952
4.2065560179464,0.0331507237396251,24.9854482544934,65263.812
4.20649358856908,0.0297840790749106,24.9765434246055,65266.687
4.20674170879257,0.0304242658417321,24.9714866591077,65269.577
4.20651099752535,0.0342205665261057,24.9820564057921,65272.452
4.20629959824168,0.0320272498575939,24.9867774473802,65275.343
4.20656255103306,0.0336550890874809,24.9939588520508,65278.218
4.20658879035494,0.0311965472354954,25.0038194347766,65281.124
4.20645148026064,0.0318838868952943,24.9802997573525,65284.015
4.20669156312818,0.0327358781657414,24.9873796409243,65286.89
4.20665447448072,0.0322932657410549,24.9984672470346,65289.765
4.20669531101266,0.0319038230194038,24.9950705199515,65292.656
4.20656278978481,0.0307440149580295,24.9910654246834,65295.531
4.20658760568063,0.0338839358974014,24.9825521434974,65298.421
4.20642713138051,0.0296991661613463,24.9808307432967,65301.296
4.20668013547048,0.0305883230276216,24.9769264616656,65304.187
4.20647245294,0.0306937186353328,24.9868441407064,65307.062
4.2067657749708,0.0295917155924123,24.9966754660045,65309.937
4.20652580365637,0.0321814175174512,24.990559586558,65312.827
4.20662531794545,0.0322282791432858,25.0002181765388,65315.702
4.2066944104437,0.032071450312615,24.9862965745519,65318.609
4.20686157008517,0.0300086492427117,24.9852501228656,65321.452
4.20642991968015,0.0313842292920572,25.0070738264666,65324.312
4.20654924239898,0.0322774536084366,25.0141523688918,65327.156
4.20656909734624,0.0347939926328198,25.0025212105175,65330.031
4.20670326903135,0.0321796635564875,25.0076227601812,65332.921
4.20662665101595,0.0318369000685877,25.0195909472085,65335.796
4.20650661833261,0.0312256933908204,25.0057737278579,65338.687
4.20677165685718,0.032145217990262,25.0042855211729,65341.562
4.2065024503943,0.031279289713256,25.0229409492993,65344.437
4.20678102041709,0.02871175391022,25.0237832817804,65347.327
4.20665622728385,0.0326551342983969,25.0106531982825,65350.234
4.20660927270747,0.0328374334064343,25.0090868992369,65353.077
4.20667912296079,0.0310831623185208,25.0027193078525,65355.937
4.20677951077118,0.0325670289469264,25.0167412892283,65358.781
4.2066054198695,0.03358478753948,25.012864949329,65361.671
4.20674159723158,0.0321827814201976,25.0250476821213,65364.546
4.20671070446855,0.0343447065851219,25.0125997803445,65367.437
4.20682717323689,0.0303259074389202,25.0159239817766,65370.312
4.20648829598995,0.030343292908696,25.0161878201273,65373.187
4.20687577091782,0.0325746112642634,25.0301888158563,65376.077
4.20674942725703,0.0271223376909195,25.0211156920933,65378.952
4.20657748298104,0.0320153164294439,25.0115329361883,65381.859
4.20680386296536,0.0298860768118477,25.0065117895799,65384.702
4.20689409088364,0.028588826348509,25.0140484994755,65387.562
4.20673628828472,0.0313508826766323,25.0352520289626,65390.406
4.20710219347486,0.0338083800976274,25.0354541499851,65393.281
4.20649386880268,0.0295837784678246,25.0262646180557,65396.171
4.20663379825938,0.0281608560267825,25.0276783241151,65399.046
4.20653939920166,0.0339503487178425,25.0382705046574,65401.921
4.20669147819716,0.0312014078964431,25.0299349551811,65404.796
4.20664393637578,0.0320651467590364,25.0303486887148,65407.671
4.20680136966679,0.0329951739931465,25.0311943781562,65410.562
4.20669436489041,0.033007138366009,25.045386943546,65413.452
4.20686563837221,0.0366888322689667,25.0369522007294,65416.359
4.20670869548124,0.0372045820676344,25.0327575522534,65419.202
4.20661813651185,0.0305763775606726,25.0219557203441,65422.062
4.20716505376068,0.0320284393786777,25.0288924589461,65424.906
4.20697198888848,0.0319430302164543,25.0506825417132,65427.796
4.20669178580649,0.0303946584629122,25.0464621719709,65430.671
4.20702030494544,0.0358029979068278,25.0491820752024,65433.546
4.20705907790953,0.0309387269459089,25.0267372533081,65436.421
4.2075006764969,0.0270878675251146,25.0445004095437,65439.312
4.20697079730996,0.0196310597596341,25.035351056022,65442.14
4.20005567034888,-0.0032140907870665,25.0460215520543,65444.968
4.20196861594037,-0.000856557979434596,25.0932971331288,65445.968
4.20094203947131,-0.00112762124417808,25.1043781680693,65455.296
3.98225974531035,-2.00992891296085,25.106192074198,65465.483
3.95973604758025,-2.01445016418111,25.1787748882567,65474.905
3.9421824971315,-2.01509252088016,25.2760018030741,65484.28
3.92718474310638,-2.01522597936908,25.4023542992758,65493.655
3.91415291431812,-2.01231235306305,25.4996218390856,65503.014
3.90269108563786,-2.01239830530608,25.6087307010962,65512.327
3.89249863299548,-2.01279378285235,25.7238655337203,65521.718
3.8831863685937,-2.01345595006547,25.8370813259234,65531.077
3.87475647703011,-2.01343343096462,25.9483758922067,65540.499
3.866851606617,-2.0153197213715,26.0860015981567,65549.827
3.85975657807941,-2.01518861246817,26.2115969632156,65559.186
3.85292823290917,-2.01512061258989,26.3213117533328,65568.577
3.84656547886893,-2.01368232405661,26.4274784305092,65577.921
3.84058753174331,-2.01367529668611,26.5572967901902,65587.311
3.83480093413787,-2.01309421556746,26.6716735656943,65596.686
3.82968311134657,-2.01147115557433,26.7739671217801,65606.046
3.82476613313945,-2.01684961742041,26.9105799148113,65615.421
3.81991101162994,-2.01393888732713,27.024218117509,65624.811
3.81541906844799,-2.01526693922513,27.1421782374164,65634.186
3.81077482036201,-2.01457282800609,27.2508870954514,65643.546
3.80665336113052,-2.01335825221249,27.3604334101066,65652.921
3.80270095920112,-2.01300038973041,27.4616048844281,65662.264
3.79880796649546,-2.01521344807666,27.5635800910527,65671.655
3.79462552670949,-2.01278703266675,27.687270110979,65681.014
3.7909881193234,-2.01353705775457,27.8098118239057,65690.327
3.78732403994047,-2.01505201405852,27.9145170615481,65699.733
3.78356715612475,-2.01406381854168,28.0324427243501,65709.061
3.77986983284615,-2.01434585078556,28.1412718342952,65718.468
3.77609001790973,-2.01538611323918,28.2466793005479,65727.858
3.77234495469225,-2.01327535323875,28.348432736183,65737.218
3.76852259438707,-2.0125678706211,28.4649219928195,65746.577
3.76481994955938,-2.01504688691085,28.5734288971773,65755.936
3.7606070076986,-2.0145780254117,28.681384202971,65765.296
3.7568466166686,-2.0140684393555,28.7636544363673,65774.702
3.75284207725094,-2.01208346402455,28.8719697566355,65784.046
3.74878813319935,-2.01189657971459,28.9750443182968,65793.374
3.74494719731879,-2.01383689682033,29.096048335201,65802.702
3.74041009115014,-2.0129594827923,29.1907885086115,65812.139
3.73648353134387,-2.01423768517048,29.272137161356,65821.499
3.73245214159039,-2.01353603366745,29.381462218345,65830.858
3.72810188125819,-2.01354761613303,29.4606846209163,65840.171
3.72400391084272,-2.0137122199232,29.5663512399361,65849.577
3.71975493289292,-2.01408223573648,29.6751779020154,65858.952
3.71526594017675,-2.01328207739187,29.7606136790922,65868.358
3.71123098276867,-2.01395109918676,29.8374059260299,65877.702
3.70688181990333,-2.01306887870283,29.9071064323243,65887.014
3.70281193068899,-2.01461332732803,30.0057383439459,65896.374
3.6986713507907,-2.01249420439351,30.0958109196708,65905.702
3.69452260014928,-2.0136557261562,30.1618885540585,65915.061
3.69057137009014,-2.01437715405096,30.1887702160474,65924.389
3.68654027661848,-2.01141798314712,30.254407991635,65933.718
3.68260751771199,-2.01205335467407,30.3026374324274,65943.061
3.67870459316219,-2.01483296505983,30.3724480667856,65952.483
3.67485792096812,-2.01345285460157,30.385992646347,65961.874
3.6712233161598,-2.01490979215555,30.4052435760816,65971.249
3.66742500661596,-2.01439651881984,30.4751318637899,65980.561
3.66374726775143,-2.01373437851779,30.5233744319369,65989.936
3.66018729392138,-2.01250058858978,30.5325342898572,65999.343
3.65659104733979,-2.01212439413153,30.5701997906536,66008.702
3.65309831849133,-2.00964559116217,30.5588091580612,66018.03
3.64972626181987,-2.01288527044756,30.5834890336229,66027.405
3.64628984445419,-2.01477132722438,30.6324340635809,66036.796
3.64288580861889,-2.01594835910924,30.6557376950763,66046.155
3.63945074190132,-2.01141785234607,30.6868014238602,66055.577
3.63606870694575,-2.01584936640812,30.7063362816733,66064.968
3.63290509711558,-2.01141848102025,30.66813160547,66074.358
3.62964048041826,-2.01147585793967,30.7365401064637,66083.78
3.62629473738816,-2.01469157761402,30.7590977188278,66093.171
3.62304486604874,-2.01354843298585,30.7796520066174,66102.514
3.61987563979923,-2.01461349678915,30.8189256845946,66111.843
3.61674117384186,-2.01355590770417,30.8244808042431,66121.202
3.61371986850411,-2.01466187651352,30.8365866999589,66130.593
3.61037182326464,-2.01334041671146,30.8594788591821,66140.046
3.60710740053111,-2.01333708396075,30.9008439818611,66149.389
3.60386495706463,-2.01126293985578,30.9056638619625,66158.749
3.60075144301584,-2.01369690020305,30.948114196866,66168.108
3.59750031282979,-2.01028237062242,30.9754792416419,66177.514
3.59477233180175,-2.01022320942384,30.9948282338794,66186.874
3.59165259327271,-2.01222598591378,31.0134305231212,66196.264
3.58856789221541,-2.01276482518822,31.0766233610384,66205.577
3.58539560120839,-2.00966588942053,31.0792535340495,66214.952
3.58251794396255,-2.0122550607673,31.1291507143565,66224.311
3.5794416890247,-2.00959044443144,31.1652993488118,66233.639
3.57667013474888,-2.01380258434357,31.1933243571398,66243.077
3.57373221585561,-2.01222688610965,31.2732613776444,66252.421
3.57078742841742,-2.01246035351218,31.3096404920679,66261.811
3.56798146813221,-2.01415866635078,31.3542119380873,66271.171
3.56504852631472,-2.01292244125074,31.4028702789661,66280.53
3.56221917794964,-2.01769644941667,31.4438904491414,66289.889
3.55921365418909,-2.01195924815831,31.4936262737948,66299.28
3.55659297720539,-2.01141787789272,31.5416746436615,66308.655
3.55351725583609,-2.00863261378018,31.5717322841964,66318.014
3.55105982250401,-2.0031964870373,31.5843605818129,66327.389
3.54823571698529,-2.01500673375021,31.6234963340923,66336.749
3.54542656061832,-2.01301583476595,31.7039268932404,66346.077
3.54283715634045,-2.01327977216841,31.7406302295912,66355.499
3.54034517854563,-2.01468823552357,31.8149403047151,66364.889
3.53746304439393,-2.01226447492698,31.8543544318186,66374.28
3.53500081321532,-2.01437246267856,31.8869467688233,66383.639
3.5323572989027,-2.01190794189637,31.9367249299185,66393.03
3.52980823326329,-2.013045124666,31.9641397512029,66402.436
3.52720291743805,-2.01138447704564,31.9877988452946,66411.796
3.52461184843281,-2.01389749003035,32.093434133629,66421.155
3.52199656885474,-2.01431083158673,32.1322264476454,66430.483
3.51955552569314,-2.01475136830467,32.1684555446009,66439.843
3.51706931305921,-2.00981122433041,32.2072037881015,66449.202
3.51475369313734,-2.01483416887594,32.3019801849682,66458.577
3.51226407985349,-2.01292545670512,32.2773862838507,66467.936
3.5099513448024,-2.01115561401286,32.3205368723362,66477.264
3.50739928130264,-2.01051992166264,32.3594147938173,66486.624
3.50517262292692,-2.01437441068187,32.4349409976864,66495.983
3.5028252182251,-2.01338594290458,32.4904805416714,66505.311
3.5003161752125,-2.01424070504266,32.5461348317209,66514.764
3.49833546337681,-2.01597095674505,32.5743819802717,66524.124
3.49600852412768,-2.01486645158373,32.6613240130381,66533.483
3.49361148383893,-2.01535307162007,32.704783172164,66542.843
3.4915625197904,-2.01421254729189,32.7464119680845,66552.218
3.48922236171855,-2.01284299307735,32.8182770490357,66561.546
3.48692826937758,-2.01496546671858,32.8351918466014,66570.968
3.48454362776479,-2.01345733946472,32.8138591115513,66580.296
3.48265816825716,-2.01204048723286,32.9273625993118,66589.639
3.48069475710814,-2.01207891767201,32.961917725353,66599.077
3.47842038588481,-2.01424839996091,32.9965232700486,66608.468
3.4761760656184,-2.01358017773132,33.0547155504943,66617.858
3.47432092017802,-2.01335665446311,33.1012606825146,66627.343
3.47216130746033,-2.01545964238894,33.1368783130095,66636.686
3.47012981869111,-2.01418579372982,33.2242855800129,66646.108
3.46769744094023,-2.01131014634441,33.2937041700235,66655.468
3.46583789302414,-2.01492371473045,33.319290813571,66664.827
3.46380843265216,-2.01276150138392,33.3298644475513,66674.171
3.46196790459296,-2.01394088345494,33.3904263384182,66683.593
3.45979136554954,-2.01469151439981,33.4576167229506,66692.921
3.45790566729874,-2.01632332487148,33.4839124059536,66702.249
3.45590272219837,-2.01263602453313,33.4960749863505,66711.686
3.45400862996678,-2.012616142677,33.542706550466,66721.046
3.45207149377976,-2.01248646476925,33.5954548111824,66730.421
3.44995278584117,-2.01178407789025,33.6453629181822,66739.811
3.44810496943883,-2.01185533810604,33.6687936600245,66749.155
3.44624777348572,-2.01362375652144,33.6959683853665,66758.514
3.44427564625752,-2.01616338635286,33.7471613204219,66767.874
3.44239730519587,-2.01460497338582,33.8933866704451,66777.233
3.44061106848556,-2.01469462128278,33.9326162507629,66786.593
3.43868687487661,-2.01408503167114,33.9417032906345,66795.983
3.43669453458323,-2.01470983138365,33.9766931309084,66805.343
3.4349716804405,-2.01300277485189,34.0194269991617,66814.733
3.43301985634358,-2.0133418566353,34.0272891178664,66824.077
3.43122544771937,-2.01230367144877,34.1558622979349,66833.436
3.42927105963134,-2.01375223806742,34.1754366679396,66842.827
3.42754729413716,-2.01286740448736,34.2136320178168,66852.233
3.42552560330767,-2.0122866127952,34.3101303414215,66861.561
3.42375549294239,-2.01079400008592,34.3360027523827,66870.921
3.42181692578316,-2.01326821869545,34.4108479706551,66880.311
3.4200347520704,-2.01332429757155,34.414437624332,66889.686
3.41822917054305,-2.01276384887794,34.5048005372091,66899.046
3.41618994103627,-2.01236273636066,34.543148312906,66908.421
3.41442319718859,-2.0145932714507,34.5527743421227,66917.749
3.41237320673009,-2.01425576013695,34.5543107637563,66927.139
3.4105142298464,-2.01108036915052,34.6221027581541,66936.468
3.40894070379043,-2.01314318149877,34.6456968715685,66945.764
3.40685846207059,-2.01481610877501,34.7548097810659,66955.077
3.40495988022026,-2.01403256689753,34.7502149413775,66964.421
3.40324765952394,-2.01056830412278,34.8480742988335,66973.78
3.40139737427605,-2.01613480685282,34.9057879952647,66983.155
3.39950442351253,-2.01400529502206,34.9622512251057,66992.514
3.39745348256007,-2.0137224002113,35.0410143702798,67001.874
3.39565823782555,-2.01155900573825,35.0351651249418,67011.28
3.39374026396651,-2.01330625929165,35.073452864929,67020.639
3.39177729549709,-2.01267781024979,35.1249674590966,67029.968
3.38980048033977,-2.01308320386823,35.1668124541641,67039.374
3.38771326677479,-2.01365708055639,35.1393438255567,67048.749
3.38578482937843,-2.01082296736139,35.1769112767164,67058.124
3.38382882935397,-2.01427669547479,35.271021806793,67067.452
3.38176522257431,-2.01104906933633,35.3467967273175,67076.843
3.37987057182749,-2.01273145509147,35.4045848593613,67086.202
3.37774930109494,-2.01147523702972,35.4473681187,67095.546
3.37565868126249,-2.01161270203041,35.5069476401027,67104.889
3.37352195726243,-2.01042547409847,35.5618870125922,67114.327
3.37153523092954,-2.01094901484147,35.608761261664,67123.702
3.36939179243519,-2.01357593601709,35.5591340970102,67133.093
3.36737535013624,-2.01208329251214,35.5951248901711,67142.452
3.36517874739841,-2.01156075067966,35.6229682436033,67151.764
3.36288268619513,-2.01307512311931,35.7861253408334,67161.171
3.36061315544648,-2.01440285436505,35.845974611563,67170.561
3.35853191311309,-2.01166830401274,35.8896933592974,67179.921
3.35649548217064,-2.01417063238328,35.9382214811676,67189.28
3.35393027428282,-2.01394665566206,35.9745502744134,67198.671
3.35175826838349,-2.01325779629192,36.0225179453791,67208.03
3.34945716258789,-2.01133552175101,36.1034662934135,67217.389
3.34711423341953,-2.01415788269383,36.1701338889816,67226.733
3.34473867735322,-2.01476922537335,36.230273487722,67236.093
3.34225060029439,-2.01369872599576,36.2320024245771,67245.483
3.33985750342903,-2.01329877088102,36.2607793747871,67254.874
3.33708143415602,-2.0116887206853,36.3735408826881,67264.233
3.33471318196824,-2.01311131719535,36.3787905209791,67273.593
3.33211658290623,-2.01085109805724,36.4782851277195,67282.952
3.329452124099,-2.01345130861765,36.5540450387307,67292.311
3.32660795146195,-2.01331637031331,36.5346819234601,67301.702
3.32395900275035,-2.01497242761424,36.5946564614058,67311.061
3.32119259776967,-2.01140743279404,36.688466619644,67320.405
3.31836537346177,-2.01583735793165,36.7403298715743,67329.718
3.31524517194089,-2.01330011142322,36.7993182582953,67339.046
3.31202445583517,-2.01221610824031,36.8633780797342,67348.436
3.3088026854065,-2.01398565408964,36.8828705263034,67357.796
3.30563692506902,-2.01333937203508,36.9148445776736,67367.186
3.30240461239123,-2.01202428037332,37.0426274730619,67376.577
3.29899735879192,-2.01429703428441,37.0452933199134,67385.999
3.29558374842211,-2.01306270200245,37.1416148881797,67395.374
3.29175557648972,-2.01262902281132,37.1640553794278,67404.764
3.28776060387805,-2.01454459610881,37.2386186116543,67414.139
3.28394365140871,-2.01370860729968,37.2778196774115,67423.499
3.27989598109658,-2.01204434307257,37.2865120284766,67432.827
3.27557326344317,-2.01340284452396,37.3271623529087,67442.218
3.2712968081197,-2.01450127914175,37.5027913580705,67451.593
3.26653156446297,-2.01156937947496,37.576457570131,67460.952
3.26175057102354,-2.01258904272958,37.6635210514777,67470.311
3.25683330522761,-2.01304617672177,37.6928245987635,67479.655
3.25144047184783,-2.0115438623231,37.6791237651472,67489.03
3.24597718049324,-2.01306231971107,37.7364710664691,67498.421
3.24014262399389,-2.01334025109614,37.6858141795462,67507.811
3.23425898003554,-2.01134383044015,37.9001034991754,67517.171
3.22807772815054,-2.01317769870172,37.9329155123743,67526.499
3.22158142949114,-2.01180276445895,37.9968666173606,67535.858
3.21489599226809,-2.01200448533756,37.9483642800402,67545.171
3.20788478744995,-2.01377377575352,38.023090952841,67554.499
3.20033025350591,-2.01175364089568,38.1688196994744,67563.858
3.19293152679078,-2.01225315352702,38.1730365989331,67573.186
3.18468575912883,-2.01481667752444,38.3177480676774,67582.561
3.17638273866889,-2.01207586229525,38.3759936791329,67591.889
3.16768412888784,-2.00900959330312,38.4879911514647,67601.264
3.15850578796263,-2.0120927124035,38.4499928567437,67610.655
3.14841957749021,-2.01108898124277,38.5661271555955,67620.249
3.13827985635503,-2.01175214867875,38.7190216691957,67629.733
3.12755978860868,-2.01177405424934,38.7081683246057,67639.311
3.11597916900625,-2.01250952848974,38.8763218914622,67648.858
3.10430970207827,-2.01290136526877,39.0203141928252,67658.358
3.09197324062826,-2.01643727675312,39.0805798759154,67667.827
3.07890190318494,-2.01525763719218,39.1616155261763,67677.358
3.06538591427023,-2.01433121652151,39.1636983669127,67686.889
3.05109866036943,-2.01180732980382,39.2343410865532,67696.452
3.03662984437494,-2.01425295435052,39.4224974119339,67705.952
3.02130025359209,-2.01261228622519,39.499298589273,67715.514
3.00526821174632,-2.01165614066226,39.6450693397658,67725.108
2.98901772964384,-2.01509832625154,39.619613566498,67734.655
2.97173629932002,-2.0132306752067,39.8062265362494,67744.186
2.95343390761871,-2.01459438368821,39.8296653879438,67753.749
2.9333808986679,-2.01427222737768,39.9025008289899,67763.296
2.91089228420267,-2.01262522170436,40.1730624327603,67772.827
2.8851038794102,-2.01259272136964,40.226337542192,67782.358
2.85506356019168,-2.01270212004958,40.404733293947,67791.843
2.81847467435315,-2.01318325283104,40.4060723974722,67801.374
2.7749119448904,-2.0111410428532,40.4869795309408,67810.843
2.72114236148435,-2.01437214341148,40.6952353617801,67820.436
2.65537836980133,-2.01310828897483,40.8739088696932,67829.921
3.02652980164989,-0.00100772780529427,41.0510076975567,67839.546
3.11203104068546,-0.00234322337879722,41.023651051492,67849.218
3.17280202477789,-0.0025951993871852,40.8971918708902,67858.827
3.21940505830408,-0.0033840082458008,40.8221380583353,67868.499
3.25635419195704,0.00330691713487865,40.6792368450122,67878.108
3.28745453356149,-0.00420231719830446,40.5785293268065,67887.827
3.31337710438664,0.00178229154921675,40.4617489125254,67897.436
3.33665373828993,-0.000962309639790296,40.1252667923713,67907.108
3.35644322192687,-0.00253155971977273,40.1366519704321,67916.764
3.37421513613187,-0.000249664018711634,39.9655138069626,67926.389
3.38967138761247,0.00142014928432054,39.7728826308133,67935.983
3.40389850340858,0.000679220070944321,39.5462058155221,67945.686
3.41676671578739,0.000488450354653158,39.4011667093599,67955.28
3.42871428719056,0.000147510679160206,39.2900342001567,67964.983
3.43950945834115,0.00080818278215485,39.1182694101917,67974.561
3.44943353910288,-0.00253293540576006,38.8973576177649,67984.233
3.45865534492561,-0.00329750627038693,38.7681532008436,67993.858
3.46729740981204,-0.00273645539982818,38.5959294994667,68003.53
3.47531729026826,-0.000145078095317608,38.4095996274886,68013.155
3.48286361184859,-0.00286740749564258,38.1785188135245,68022.811
3.48986068128586,0.000372132973733381,38.071860652677,68032.452
3.49690876976377,-0.000124117897476353,37.8359702955544,68042.124
3.50318898344727,0.000875627147986795,37.6458474448464,68051.733
3.50913297481281,0.00225562223977557,37.5682149337254,68061.405
3.51487108584338,-0.00411746673769316,37.4166992132178,68071.014
3.52020167161414,-0.000724742999521435,37.2177610237959,68080.686
3.52560488483894,-0.0041420238329998,37.0679019393103,68090.296
3.53048774325981,-0.00155069086602032,36.8756842967492,68100.077
3.53549393988439,-0.00208180333500428,36.7321272312205,68109.936
3.53966279195192,0.00131600818619414,36.5167022239183,68119.718
3.54415426081747,0.000114875448674691,36.2768907386289,68129.514
3.548253485158,-0.00462754381054873,36.1993445764526,68139.28
3.55230970661331,-0.000788972828070733,36.0881970912257,68149.03
3.55602703242881,-0.00173946086169938,35.9070394285425,68158.796
3.55973794994445,-0.00373560474557826,35.7880340132911,68168.561
3.56334982719735,-0.000948497101170573,35.6232420213736,68178.327
3.56658863832175,0.000415678362672248,35.4798662351766,68188.061
3.5701324005606,-0.000338314417776041,35.3454552112851,68197.811
3.57313941147296,0.0014714852463275,35.1712532126051,68207.655
3.57615882055086,0.00113778028127962,34.9664338497327,68217.468
3.57926222168443,-0.00156946215107733,34.8648231037599,68227.28
3.5819644087943,-0.00306711354552603,34.8147695152028,68237.03
3.58448396912733,-0.00307911544488581,34.6762582928688,68246.796
3.58733607194251,0.00121858259309588,34.5655799889483,68256.608
3.58993738876167,-0.000583347258457563,34.4059204576956,68266.358
0.236356184152679,-0.00348442627618414,23.3720475048121,68267.358
0.00336524422388181,-0.00149573390003958,23.369433909575,68269.905
4.98513696564046,0.00050560825353359,23.3865354228732,68272.858
4.98472045064886,0.000441775050066125,23.3869832569363,68275.67
4.21343968400049,-0.000733659394197854,23.3850609762733,68280.014
