Voltage_measured,Current_measured,Temperature_measured,Time
3.86612310997564,-0.00383002993695888,24.4342439877502,0
3.64489959323355,-2.26186662034753,24.4410531028631,2.532
4.00109914520211,1.4891607995163,24.4457271349476,5.5
4.01104077793213,1.49102946252599,24.459602695451,8.344
4.01748504930662,1.49141343446027,24.4583846917897,11.125
4.02305137615092,1.48950266473943,24.4599075122318,13.891
4.02773166683473,1.48879503261412,24.4708935873932,16.672
4.03185409053654,1.48990079803223,24.4782626162989,19.5
4.03621802598365,1.49072157781602,24.4786146198414,22.282
4.03986256785969,1.48813577746059,24.483267751975,25.063
4.04303221390301,1.49092862375118,24.4904878928966,27.828
4.04606772260017,1.48876118243923,24.5014065402661,30.641
4.04929016067925,1.49096320772356,24.5147821799323,33.453
4.05216547451991,1.48853008338971,24.5310489039596,36.219
4.05584936270788,1.49288631659117,24.5350137312248,39.735
4.05851626765809,1.49156569453547,24.5438326424342,42.578
4.06094808901659,1.49056745731712,24.5602623858053,45.438
4.06360920555788,1.48899546153945,24.5574357896991,48.297
4.06576090172906,1.489612155477,24.5724988125914,51.188
4.06803761991012,1.49026496736141,24.5847077672607,54.047
4.07023128727757,1.4893998106872,24.5906798554279,56.922
4.07253116811094,1.48789077361074,24.5957220924558,59.797
4.07427366180996,1.48884023108449,24.6099334434213,62.688
4.0761734642772,1.49404094169743,24.6164579115769,65.657
4.07792332565919,1.49132394248532,24.6333604642656,68.547
4.07969162313542,1.48919511079997,24.6440776031593,71.453
4.08146507721797,1.48936379799091,24.6444490757095,74.344
4.08292532183931,1.49325470524532,24.6556899816819,77.235
4.08391074412741,1.49041088858744,24.6604227534793,80.188
4.08595900099745,1.49099524948483,24.6724480518895,83.172
4.08728519331028,1.49231815147685,24.6889742221394,86.094
4.08841284079473,1.48491148493559,24.6906172751709,89.016
4.09003891344797,1.48936145284475,24.7020403809744,91.922
4.09105362455188,1.49071490442587,24.7173513190453,94.907
4.09236124322372,1.4877132284306,24.7420472244979,97.844
4.09345187858789,1.49094383262188,24.7470426327518,100.766
4.09432513475716,1.49073626519979,24.7583794328971,103.75
4.09548488837506,1.49199857971786,24.7693974874002,106.703
4.09620734301013,1.49415509132452,24.7788018897927,109.641
4.09760886000173,1.48992108528741,24.7781387735367,112.641
4.09827476385023,1.48813809030027,24.7883382852008,115.594
4.09932480704471,1.49067228431028,24.8065992736075,118.547
4.10033275731693,1.48976355728357,24.8189140133379,121.532
4.10097057467482,1.49128137367755,24.8262699265748,124.5
4.10213725848619,1.48692548854911,24.8315705353172,127.532
4.10290034632621,1.48762918030366,24.8369862454323,130.516
4.10381129713743,1.49056017772332,24.8608567844383,133.563
4.10450217956496,1.48843344993602,24.8681947833045,136.563
4.10497216078636,1.48754771450505,24.8743761974502,139.563
4.10600535088843,1.48996851395979,24.8806839609265,142.563
4.10647307824967,1.48993226695257,24.8837918042961,145.594
4.10732569081082,1.48946693600921,24.895314307051,148.578
4.10810672465729,1.48904902765977,24.9065517360992,151.61
4.10887516984833,1.48856503927374,24.9153858336458,154.672
4.10954654495068,1.4918632689904,24.9249822097715,157.735
4.11012560358062,1.48939530191651,24.9275858630636,160.782
4.11088410753316,1.48949374693095,24.9413825037322,163.844
4.11132784466291,1.49465178773747,24.9540760543166,166.922
4.11202770954294,1.49064003681506,24.9582795108594,170.032
4.11280750215939,1.4901560019409,24.9687998390746,173.11
4.11347173872058,1.48953620814951,24.9874861168985,176.188
4.1138643106052,1.49074535834048,24.9950068332295,179.266
4.11439716383159,1.48897291830436,25.0028818206667,182.422
4.11511211619238,1.48952200663591,25.0081667607245,185.563
4.11579105875255,1.49178247164713,25.0255494475147,188.703
4.11653260156938,1.49183732044762,25.0334986862406,191.86
4.11711338198194,1.48926884910915,25.0425508746301,195
4.11750202151126,1.49072090226915,25.0519681214546,198.188
4.11824479243167,1.48957683473645,25.0677605165,201.36
4.11862403085795,1.48976075591503,25.0744785805134,204.5
4.11916406344049,1.4914126476228,25.0904959146947,207.657
4.11978952568459,1.49076079647453,25.096286826798,210.813
4.12041778165225,1.49115366379556,25.1164058455977,213.969
4.12093113188608,1.49136154783048,25.1277849491763,217.11
4.12159543493932,1.48752417824529,25.1281397004975,220.297
4.12193262162941,1.49216391973284,25.1401149923892,223.485
4.12234249409119,1.49223028064536,25.1497407010486,226.672
4.1232367457698,1.48882223559452,25.1576195782446,229.86
4.12388364714304,1.49116034741941,25.167850538874,233.078
4.124213547954,1.48756761896204,25.1816169463174,236.36
4.12445980894366,1.49168530982382,25.1873655935651,239.594
4.12533641885058,1.4867280959391,25.1939839869747,242.813
4.1256732152054,1.4891316253546,25.2152185287091,246.11
4.12635902054576,1.49038003489721,25.215575533024,249.375
4.12643059103285,1.48966443738951,25.245897541819,252.641
4.12722954961573,1.49049682144659,25.2446592860992,255.938
4.12771185426763,1.48768951124576,25.2555631187893,259.219
4.12848696633515,1.48812570463875,25.2679707094723,262.547
4.12886694186004,1.4900199911214,25.2754662261366,265.828
4.12920422249512,1.48807675710127,25.2914446412615,269.157
4.12983728506488,1.48998481482638,25.2970094769105,272.469
4.13065103623043,1.49170655625904,25.3070821785599,275.875
4.13110867143269,1.4911331184341,25.3160925120341,279.219
4.13137988099834,1.49038944467845,25.3276433259525,282.594
4.13190297201958,1.48952678255921,25.3251542058021,285.953
4.13280793684134,1.49227268840941,25.3371711224113,289.344
4.13299290522091,1.49226278146233,25.3383508203545,292.719
4.13387435782582,1.48936804744867,25.3537521161675,296.141
4.13420126527051,1.48862534137782,25.3672596939316,299.547
4.13502096218212,1.49031201304498,25.3775619842219,302.969
4.13551748109744,1.48933718312651,25.3846184005923,306.375
4.1358366837532,1.48979171532197,25.4007189450537,309.797
4.13663459180832,1.48980968859307,25.4093912487463,313.25
4.13691259229716,1.48865154866722,25.4218418256968,316.703
4.13747771919852,1.4891610036411,25.4262695474377,320.157
4.13811529469728,1.49087977367939,25.4348138599201,323.625
4.13841805637627,1.49142313336254,25.4526794745031,327.078
4.13896078148637,1.49080395953089,25.4542728276583,330.563
4.13970080432942,1.48895404184376,25.462821564031,334.047
4.14021279307626,1.49251377931626,25.4663290168131,337.547
4.14123013155438,1.49366823855864,25.4758662715668,341.063
4.14121491286497,1.49092699172895,25.4946394550095,344.594
4.14166818856435,1.48838281643017,25.5010968501164,348.203
4.1424855602482,1.48967601772287,25.5133493997446,351.735
4.14289964315442,1.49229896789546,25.5217406172987,355.282
4.14362909730818,1.49042556089827,25.5301158774751,358.891
4.1439777259131,1.49022067945884,25.5436879070542,362.485
4.14469201677879,1.48976229669974,25.5509451878988,366.125
4.14534032598799,1.49285196695893,25.5630421414022,369.719
4.14598073504485,1.49241962296166,25.5768353586056,373.36
4.14618372392422,1.48971391717235,25.5853459686237,377
4.14701276229669,1.49146644536271,25.6110580315771,380.641
4.14756298941971,1.4929562967439,25.6131962680065,384.297
4.14807053782499,1.48966190274093,25.6238946967794,387.985
4.14853851233103,1.49059728036967,25.6279692908368,391.688
4.14937454055424,1.48767762750326,25.6346396052036,395.438
4.14980110237679,1.49063496749876,25.6581323589101,399.203
4.15064955848892,1.49139976950714,25.6587266860194,403
4.15127108489117,1.4904229396117,25.6798508350457,406.735
4.1516891469154,1.49113224575484,25.6823782066938,410.5
4.15228971716577,1.49041048776591,25.6843670499681,414.266
4.15299624189587,1.4902427538408,25.6822127342575,418.047
4.15323590638755,1.48936598184845,25.7048985604201,421.844
4.15384150946478,1.48729203421689,25.7139946913957,425.641
4.15456461675786,1.49247322966847,25.7149041495966,429.469
4.15523597202552,1.49113603532404,25.7330402883431,433.282
4.15590721850922,1.49075675870846,25.7452691876689,437.219
4.15650140216527,1.49217145541174,25.7518285800367,441.078
4.15703780131493,1.49170672091455,25.7578041439151,444.938
4.1577160969133,1.48988572621547,25.7709062451385,448.875
4.15830589359149,1.49154062510419,25.7899292638681,452.766
4.15875452010387,1.49101640096132,25.7964099652485,456.75
4.15909297760472,1.49036984125868,25.8161634777978,460.672
4.16009095203141,1.48948528001193,25.8225204076497,464.625
4.16093942600881,1.48962671207697,25.8415610461346,468.563
4.16159150055572,1.48955574288566,25.8523554682179,472.547
4.16201539157133,1.48770681684712,25.8661093956254,476.578
4.16262249342373,1.48922895816368,25.8759117138419,480.547
4.16339036883328,1.49015097427892,25.8857631219025,484.547
4.16386384995682,1.48906231275716,25.8999417346303,488.594
4.16440844202607,1.48922717732256,25.9050510845241,492.657
4.16492564296339,1.48910319829211,25.9281354228663,496.735
4.16567240489995,1.49058405202375,25.935214103869,500.813
4.16656157814854,1.49064792997815,25.9438895172834,504.907
4.16697227799944,1.49221663858946,25.9566585566052,508.985
4.16715852637651,1.48989122727703,25.9761496937939,513.063
4.16774465308285,1.48835606293067,25.9868056252736,517.172
4.16883259455206,1.48969422682952,25.9990619534767,521.344
4.16953450576514,1.491798024081,26.0101822761763,525.532
4.17022346634909,1.49324304501106,26.0280943194944,529.766
4.17058037105456,1.49027722644714,26.0344160978976,533.953
4.17104269169707,1.48974036610923,26.0485301874785,538.141
4.17197487390053,1.49117836093706,26.064809665839,542.391
4.17255749939339,1.48892169089417,26.0833262110895,546.61
4.17309025619768,1.49078664043615,26.0920686883527,550.844
4.17423529488637,1.48904101997323,26.1087951120839,555.125
4.17475470996217,1.487315283783,26.1312858111086,559.422
4.17537012004386,1.48772071624297,26.1402538815535,563.766
4.17606885159282,1.49174354051713,26.1481021307129,568.11
4.17672544973933,1.48909497180755,26.1688545168309,572.5
4.17755559940436,1.48968565287974,26.1834097742676,576.907
4.1780385054979,1.49116580058364,26.2013468494695,581.344
4.17864117006347,1.48917942320249,26.2149983267305,585.766
4.1796157956687,1.49250333055096,26.2243579300169,590.157
4.17995654179043,1.48593776515262,26.2544052081794,594.547
4.18069969126519,1.49096369870767,26.2658040888042,598.969
4.18137584797537,1.48840822832261,26.2874092143648,603.422
4.18215261436646,1.48922825336623,26.2988144603094,607.907
4.18299747035478,1.48759481777295,26.318985266732,612.516
4.183599295264,1.49039554360117,26.3259506810494,617.141
4.18422291560566,1.49267733560483,26.3492970681245,621.641
4.18531844482939,1.49109573418435,26.3706613249158,626.157
4.18601437904762,1.49082740005845,26.3847169051757,630.719
4.18661411921947,1.48824486502041,26.4067724160476,635.266
4.18725081991796,1.49202488137907,26.4233910579261,639.875
4.18796825627032,1.49020304502934,26.4450883974265,644.532
4.18891712076921,1.49066947548981,26.464949642447,649.188
4.18949359196665,1.48906888145978,26.4836144959892,653.828
4.19024519728969,1.49127053647174,26.4970768019811,658.485
4.19121857059216,1.49019872041529,26.5130610997029,663.172
4.19192934914434,1.49111868429469,26.5445351123124,667.891
4.19265302847766,1.49012034530514,26.5677459969461,673
4.19367711539276,1.49100665189824,26.5823904860495,677.891
4.19461324433563,1.49110586531038,26.6071371688078,682.75
4.19526660230468,1.48997455689571,26.6162503041095,687.672
4.19597681329175,1.49119782947964,26.6317174005587,692.547
4.19651987775961,1.48971829740568,26.6658540538712,697.5
4.19770167710572,1.4905256682026,26.6836306135941,702.5
4.19836433523968,1.49089921137399,26.6982917930066,707.422
4.19971113572588,1.49282198030133,26.7127701071585,712.453
4.20044014179432,1.49097674933074,26.7378412450281,717.516
4.20105749115536,1.48977662344007,26.7605671185696,722.907
4.20207361061896,1.49281998685417,26.7831198552669,728.078
4.20319855666007,1.49069930564563,26.8110949041732,733.297
4.20382493677605,1.48726125064369,26.8369842026906,738.516
4.20518201139448,1.48612608958559,26.857799667606,744.141
4.20584248239801,1.48701428025866,26.8796647016234,749.532
4.20656874387607,1.48704544710704,26.8901627465716,754.907
4.20776088523694,1.48606957012352,26.9128289712216,760.344
4.20656456818085,1.46178320175427,26.9340437145569,765.75
4.20505489358569,1.4377555224324,26.9654888901952,771.282
4.20566903486444,1.43687917740162,26.9833542510795,777.203
4.20650177416708,1.43603919609507,27.0058631064683,782.891
4.20726778067162,1.43513251578015,27.0230278402232,788.547
4.20784893517866,1.43361924226121,27.0234975897251,794.235
4.20647510534934,1.40962436068017,27.0538668534535,799.907
4.20682521604871,1.40481135525213,27.0723853878697,805.594
4.20806978514698,1.40290968656606,27.0821788349763,811.344
4.2064161025515,1.38185912280728,27.0966700320879,817.063
4.20673425421815,1.37994720845953,27.121359439884,822.844
4.20751038858258,1.37853118847948,27.1353220581006,828.61
4.20852193234622,1.38108892454115,27.1575577250066,834.469
4.2072142861316,1.35629987871148,27.1658023128659,840.282
4.20724428901505,1.35213593490935,27.1856179421105,846.188
4.20811913728812,1.35076775808996,27.1826426418984,851.985
4.2086580547163,1.35338037426869,27.1992693944219,857.938
4.20763677124368,1.3242601217071,27.2112238296189,863.797
4.20635950414992,1.30326040316826,27.2274956928876,869.766
4.20660765543921,1.30155395496449,27.2388589322531,875.766
4.20711642031262,1.30254320732577,27.2341512647017,881.766
4.20784375375108,1.29949475661417,27.2450466979914,887.782
4.20657525863757,1.27249169025495,27.2614861660613,893.782
4.20715025665928,1.2728894641,27.2525972838003,899.797
4.20765934294207,1.27071029193636,27.2659800929272,905.844
4.20862553433633,1.27077576185578,27.2734035624961,912
4.20695161318668,1.24724524531953,27.2743646319899,918.172
4.20826103224054,1.24243549069324,27.285286056459,924.297
4.20833953239476,1.24730314019659,27.2902202073436,930.453
4.20887820806963,1.24286962090781,27.2821502809336,936.61
4.20794030726127,1.22106329763684,27.2904377973264,942.86
4.20848617265147,1.21974673604528,27.287020612921,949.032
4.20901376463173,1.21839631295916,27.2951887002353,955.297
4.20788205439909,1.19148262798486,27.299044419004,961.594
4.20840946176063,1.1931260134217,27.29706152104,967.922
4.20885401154295,1.19163647848468,27.2900709495367,974.203
4.20984894776399,1.18964811905087,27.2775915273438,980.5
4.2083009279049,1.16572807210708,27.2706000495091,986.813
4.20907960256878,1.16226158978281,27.2700920931112,993.188
4.20774075555723,1.14025842668593,27.258600141073,999.641
4.20793993448049,1.14095816959882,27.2509516609401,1006.094
4.20883179904074,1.13369798487848,27.2561427028669,1012.547
4.20744018307738,1.1160501040991,27.2499076155722,1019
4.20770903149826,1.11206365895791,27.2329264128442,1025.516
4.2083143027169,1.11356231088597,27.2254086704361,1032
4.20890057135053,1.11087892923508,27.2150455567865,1038.594
4.20786688895018,1.0891212243733,27.2054885595724,1045.188
4.20836801078694,1.08632211805907,27.200893060343,1051.797
4.20882671377556,1.08508092049096,27.1915406823649,1058.438
4.2093375257861,1.08310601683565,27.1877970215341,1065.078
4.20995053698004,1.08077570021296,27.1776118650892,1071.782
4.20848419801095,1.05712498909438,27.1599325424859,1078.453
4.20924556589877,1.05716722743075,27.1420356852068,1085.125
4.20996308473508,1.05483453251815,27.1326636590652,1091.813
4.2086394806898,1.02919697403497,27.1126024950715,1098.532
4.2068188044163,1.00929054692787,27.0920999229229,1105.282
4.20736541498726,1.00705364515806,27.0744910037401,1112.157
4.20779220445302,1.00784474732677,27.0692569421917,1119.032
4.20815843194897,1.00492831341024,27.0635923818789,1125.844
4.20887924251004,1.00293510564039,27.0485667794519,1132.688
4.20941811874506,1.0066914052557,27.0201314330144,1139.657
4.20997680656488,1.00328038469949,27.0006202982818,1146.594
4.20847258162738,0.98051408134389,26.9834871888184,1153.469
4.20893775151444,0.97754347791576,26.9723399340404,1160.516
4.20937525088982,0.977915863361921,26.9458709126755,1167.578
4.20997746906428,0.976259732879974,26.940168311198,1174.594
4.20852776314573,0.953659156649502,26.9242096160888,1181.61
4.20903562577176,0.950811454570738,26.8994507988975,1188.688
4.20942571935556,0.950580082535411,26.8850526673963,1195.75
4.2099223185804,0.945611585036466,26.8708248658525,1202.938
4.20847523812112,0.925288665146147,26.8562588429729,1210.094
4.20866720041167,0.9225423594596,26.836881815271,1217.297
4.20918921897631,0.924124338205577,26.8232577289391,1224.532
4.20980236671163,0.921398035230827,26.8059439650755,1231.719
4.21026295300346,0.921127527801973,26.7741673322434,1239.016
4.21071697204173,0.919953533717277,26.7509998890122,1246.328
4.20938118717096,0.898389623103903,26.7238721996129,1253.641
4.20950122137503,0.896792714095877,26.7132088240259,1261.016
4.21029927667031,0.894913630830375,26.6991958158771,1268.407
4.20872352887726,0.871517562789989,26.6774646225355,1275.797
4.20935097604085,0.871408904629132,26.6611030902854,1283.219
4.20940650390763,0.871555848003028,26.6421152361197,1290.641
4.20969957452152,0.867631941996966,26.6209954195506,1298.157
4.20834393224642,0.846788821317358,26.6029231249994,1305.703
4.20840006289093,0.846292010724403,26.5857515263763,1313.203
4.20887786465494,0.843874414581943,26.5685647441576,1320.797
4.20917570755307,0.841094194225281,26.5502168860994,1328.297
4.20971522020119,0.841820125870612,26.5404155118863,1335.938
4.2101890281287,0.839691140439493,26.5260211914445,1343.578
4.21066267506635,0.839095889864747,26.5097326787538,1351.25
4.2091623831918,0.81446211168291,26.4982792431538,1358.907
4.20966621648492,0.814569750675827,26.4802304757821,1366.61
4.2098077261393,0.815120424490542,26.4568438727792,1374.422
4.21020631781089,0.817325630151983,26.4442255768267,1382.203
4.2107303532408,0.814538828966981,26.4312121879484,1389.969
4.20917917698195,0.792036105045874,26.4214645634929,1397.719
4.20971764628102,0.789224970482924,26.4042027163821,1405.657
4.2099937420899,0.788446327555247,26.39513107385,1413.547
4.21024955751395,0.786728692834304,26.3701821679732,1421.485
4.21068977381432,0.790341615978764,26.3497689303168,1429.375
4.20907657275849,0.766915086268609,26.3244179349695,1437.203
4.20971132470506,0.764216247899812,26.3210486213458,1445.188
4.20984553893318,0.761951653573037,26.3001091580045,1453.094
4.21032335820908,0.762750549788275,26.2942467483277,1461.141
4.21070251353172,0.761183363458637,26.2673679060783,1469.25
4.21122294531922,0.759080455826287,26.2561285880855,1477.344
4.2116465906022,0.760155484847543,26.2386630127191,1485.422
4.21053207696581,0.738386976403925,26.2221116262411,1493.625
4.21076758994567,0.736415341030658,26.1989391882788,1501.782
4.2090942290716,0.71571037796528,26.1926313236075,1509.922
4.20929505725408,0.712961720777859,26.180428838967,1518.032
4.2097428344672,0.71525556770116,26.1673836206959,1526.219
4.20990476885799,0.711969028310625,26.1552008929168,1534.328
4.21048294926764,0.712396268273481,26.1418019821889,1542.547
4.21082855959678,0.710384469634781,26.1218767868183,1550.813
4.20935549557234,0.68591310224427,26.1135053002808,1559.078
4.2096090568997,0.683797302921803,26.1038112651749,1567.391
4.20972150355252,0.685471436990223,26.0861923689322,1575.782
4.21034949412436,0.684887134949708,26.0855982428276,1584.157
4.21045213958095,0.685421817056017,26.0620152941879,1592.532
4.21105555538483,0.682785303273958,26.0546509638513,1601.016
4.21129712352823,0.683130219927965,26.0436727410544,1609.344
4.21203937512607,0.682951869153787,26.0383923371595,1617.594
4.21043242467085,0.65967853478468,26.0175863248033,1625.938
4.21061970155215,0.658151057492134,26.0021187598518,1634.313
4.2109341837877,0.659671153993517,25.9855513513111,1642.625
4.21146071858483,0.655533312691099,25.9755673592471,1651
4.21176815421527,0.656889472964677,25.9677275869673,1659.532
4.21037878922129,0.630793287851465,25.9549172397927,1667.953
4.21030239448185,0.630128340273466,25.939722715099,1676.438
4.21075399908252,0.630397877275167,25.9254038489193,1684.922
4.21121805504276,0.628886449296077,25.9167902589358,1693.532
4.21148940003192,0.629586479336712,25.9049495711908,1702.078
4.21174775010826,0.628100377061127,25.9011082215246,1710.688
4.20999475662084,0.607778352244318,25.8879363917685,1719.282
4.2103262839245,0.605861385597736,25.8577973752657,1727.922
4.21077303616054,0.603948241446158,25.8561324219028,1736.641
4.21096295757518,0.604940817702837,25.846156003319,1745.391
4.2112875516493,0.604871062100515,25.8282054142039,1754.125
4.21194336270321,0.601934326523997,25.8162580663955,1762.953
4.21019486769364,0.582155813007708,25.8134437523194,1771.688
4.21043205782116,0.580206750027677,25.8089251662821,1780.563
4.21060171900916,0.578406854061103,25.7872058592971,1789.344
4.21104151490363,0.57755187745776,25.7866125789055,1798.235
4.21136001095751,0.57694005541267,25.774295557629,1807.172
4.21157892178282,0.578098136977866,25.753375704232,1815.828
4.20999674676485,0.554200525717556,25.7368485979033,1824.485
4.21019578195536,0.554688788737952,25.7227006983324,1833.313
4.2103941234892,0.552901200711822,25.7022865901038,1842.11
4.21077393638539,0.551393352804954,25.6956840755958,1850.953
4.21117449306619,0.551326120721211,25.6837887109195,1859.719
4.21148692152556,0.550257863035615,25.6785881178708,1868.625
4.21152625691016,0.552018388533792,25.6653954700104,1877.547
4.21211110935383,0.5481012374,25.6464113123485,1886.516
4.2105654145954,0.523387873890343,25.6370357402562,1895.485
4.21070008571825,0.526644344476102,25.6286782362422,1904.5
4.21074735042259,0.523354439548198,25.6163353326398,1913.578
4.21120521110642,0.522448094995744,25.6038822034053,1922.688
4.21149014265674,0.522725478013343,25.6062324577224,1931.813
4.21178359018545,0.520578406035818,25.5853849652124,1940.969
4.21220574046475,0.522739782950929,25.573105704952,1950.172
4.21259028099325,0.519996267145115,25.554180071373,1959.344
4.21088339646654,0.499151303987693,25.5470249463258,1968.547
4.21101853157435,0.496149816135105,25.5372891411513,1977.828
4.21137715942153,0.495769278566489,25.5231465775369,1987.11
4.21175367222235,0.495521291939147,25.5077349198737,1996.407
4.21217228258285,0.494949839842207,25.5154538068712,2005.797
4.21219203028853,0.493249303248725,25.4956046283948,2014.516
4.21234798299813,0.493826699378659,25.4800556786952,2023.266
4.21289063612874,0.490757158976386,25.4733449754544,2032.11
4.21114603618354,0.470610180652018,25.455360294552,2040.985
4.21123926938464,0.471261191144826,25.453215377754,2049.813
4.21138084254988,0.470696971090834,25.441570611035,2058.703
4.21173129327103,0.469137273771256,25.4330570903408,2067.641
4.21006232921347,0.44694278845705,25.4300571269761,2076.532
4.21042659324221,0.447061299804264,25.421934059095,2085.469
4.21021811033886,0.445003009354976,25.3957865667522,2094.469
4.21016392347933,0.445918561387474,25.3909512445705,2103.563
4.21068386102165,0.443818912711101,25.3804927965321,2112.641
4.21080927734466,0.445218347170197,25.3735695108054,2121.766
4.21118534665153,0.441947082106186,25.3762092222886,2130.828
4.21127895534094,0.438326683359075,25.3650554891715,2139.985
4.21168379629961,0.44088880484311,25.3475108617617,2149.235
4.21008089212509,0.421861793455472,25.3281292588608,2158.5
4.21014063172835,0.418736356407924,25.3158148464063,2167.797
4.21043580881903,0.420507994390816,25.3072692975106,2177.047
4.21033862261469,0.419359945673093,25.2975171666992,2186.344
4.21055357347682,0.418620405646943,25.2885794997578,2195.782
4.21097832916073,0.414896009205985,25.2844119356466,2205.141
4.2110973797929,0.416699652350736,25.2795494280348,2214.625
4.21144936193918,0.417663554977575,25.2652361513245,2224.032
4.21177105024566,0.414735815019349,25.2487101285431,2233.516
4.21188530961557,0.412836572798045,25.251150200197,2243.047
4.21232734851401,0.414656992454093,25.2422733989356,2252.532
4.21249611937735,0.413361974192531,25.2275004352107,2262.094
4.21268776920874,0.414056234936216,25.2130745060594,2271.797
4.21102736520322,0.391396799631432,25.2002382480729,2281.453
4.21124604527216,0.388864134976021,25.1982495826257,2291.11
4.21145127071258,0.39086870924663,25.1901782344957,2300.844
4.2116468460062,0.39076447311115,25.1681262542564,2310.563
4.21218717425554,0.389677553772897,25.1665707717008,2320.375
4.21232933475314,0.386491176366896,25.1545600288059,2330.11
4.21230914937795,0.386943297146442,25.1373955730097,2340
4.21270395050812,0.387109910675635,25.1275402402502,2349.844
4.21114783891996,0.362993460633545,25.1173825484369,2359.766
4.21102411880961,0.364520061802143,25.1088976412438,2369.672
4.21114590043129,0.361700772517354,25.1016324215886,2379.688
4.21139546153825,0.36100428608264,25.1008277001141,2389.735
4.21157508475299,0.361958717997843,25.0947304894618,2399.813
4.21190863803405,0.362516231487394,25.077455349203,2409.875
4.21213779227549,0.362806224249636,25.0727329749675,2420.016
4.21229877539432,0.364347130801974,25.0607619689705,2430.157
4.21254639246232,0.362219060974114,25.0465587465154,2440.375
4.21274839340254,0.359683249509295,25.0443138902331,2450.563
4.21107511107727,0.33661988182519,25.0341666648438,2460.844
4.21117073463828,0.339743175973797,25.0275620899554,2471.125
4.21127637094796,0.3362765191501,25.0161816379997,2481.407
4.21142153262933,0.333948241909503,25.0025614297012,2491.828
4.21163205854393,0.339143044853078,24.9960456862309,2502.157
4.212049796624,0.335344523452858,24.982342539896,2512.016
4.2119448175963,0.333580740907822,24.977244570358,2521.938
4.2123236639361,0.335179314599344,24.9722916551394,2531.86
4.21267835025933,0.335248752019025,24.9694773486512,2541.782
4.21277357953384,0.335233432899953,24.9601805271705,2551.688
4.21285034749668,0.336051136576069,24.9484981857253,2561.735
4.2132181855401,0.333445567865308,24.9380954947673,2571.75
4.21336211830594,0.330728280897378,24.9358700718177,2581.828
4.21384500286839,0.332427066220753,24.9165584368253,2591.875
4.21192161045086,0.306641596944157,24.9134085595569,2602.016
4.2120861239342,0.309278749820832,24.9051374454385,2612.219
4.21206233692256,0.309286561210065,24.9060777087527,2622.422
4.21216910872903,0.306978875135152,24.8961733632944,2632.672
4.21234733798058,0.307803076944768,24.8948086085018,2642.938
4.21268672439676,0.308192416145871,24.8835377065295,2653.282
4.21077160448059,0.286200570556663,24.8800947755906,2663.672
4.21071112075523,0.284200452443567,24.8685527763176,2674.016
4.21074605712363,0.283251082751461,24.8581821413815,2684.438
4.21079664902398,0.284820295023549,24.8524681903324,2694.813
4.21099569130844,0.283518024419885,24.8382417207491,2705.328
4.21102052415051,0.283004848632587,24.8363986020926,2715.828
4.2113207273361,0.284745568620163,24.8323734910234,2726.375
4.21153823882624,0.283772614200324,24.8107591837564,2736.969
4.21188200140021,0.282170658221896,24.8141127655072,2747.703
4.21172503651296,0.282378294387655,24.7993123294225,2758.391
4.21204108536661,0.282054331498175,24.7946010233125,2769.078
4.21243586312481,0.279939210853462,24.7960465631019,2779.875
4.21257741417496,0.282399658672462,24.7850088327604,2790.657
4.21076047271475,0.25906219242991,24.7751674367208,2801.344
4.21074442692847,0.258794536071973,24.7674039227541,2812.172
4.21050590335706,0.259282917441064,24.7591008953865,2823
4.21088652029732,0.258797693402823,24.7635251818377,2833.891
4.21088950936887,0.260394025533982,24.7526519632626,2844.891
4.21106737250148,0.257142800388969,24.7330631963243,2855.86
4.21127787129606,0.257968233632642,24.7360976727619,2866.875
4.21132694429811,0.258578309530117,24.7243431772943,2877.875
4.21152405176211,0.254247045467191,24.7043592058353,2888.969
4.2118312856691,0.256432449013014,24.7006167487815,2900.094
4.21212467671824,0.256811713564968,24.6936874922383,2911.235
4.21226436547424,0.253945932797472,24.6842726235443,2922.407
4.21221095203448,0.253309106178219,24.6894163835634,2933.61
4.21274369493167,0.254600794319591,24.6769079780551,2944.891
4.21263789314216,0.254965798904376,24.6765895341232,2956.188
4.21301422003426,0.255345235604574,24.668703771554,2967.5
4.21309424774056,0.253443214128634,24.6645747850381,2978.891
4.21347328022181,0.25247886777415,24.6545827221043,2990.344
4.21372889441331,0.24977444772579,24.6582573191918,3001.828
4.21191670416719,0.230694649629678,24.6422688598702,3012.719
4.21185419957638,0.229346430851592,24.6314662884799,3023.625
4.21200051852089,0.228533863809798,24.6128957487979,3034.547
4.21179346259318,0.233940268056384,24.6217569871125,3045.594
4.21206562566848,0.23077944256378,24.6181363930336,3056.578
4.21220185902935,0.225811262905519,24.6016173811607,3067.657
4.21234523499004,0.228135814340336,24.5872616427424,3078.766
4.21268696884598,0.226260657819467,24.5842583887583,3089.922
4.21259392409456,0.228922861507865,24.5936378051994,3101.125
4.212687942628,0.226248249385571,24.5730209964167,3112.344
4.21288938714875,0.22562841045793,24.5779065869979,3123.625
4.21309096260637,0.22950502032368,24.5615073326217,3134.922
4.21333486380069,0.227582527850978,24.5662858504498,3146.282
4.21360971798266,0.224180839712041,24.5529711244259,3157.578
4.2114966947526,0.202019235633183,24.5510262931695,3168.985
4.21162170065144,0.201658708175958,24.5602927766847,3180.438
4.21163624848511,0.202163814038458,24.5449049008032,3191.938
4.2116992025466,0.203422845332769,24.5390113886406,3203.438
4.2120400226713,0.204838647170802,24.5409409478164,3215.016
4.21204067540233,0.201587377321602,24.52984018302,3226.516
4.21186067071712,0.200264630282487,24.5213915536729,3238.188
4.21220560554947,0.203000302396762,24.5147550286062,3249.797
4.21243240072595,0.200681001416636,24.5111421268541,3261.453
4.21247778434235,0.198864203709093,24.4921050211549,3273.157
4.21254355504932,0.199915278560653,24.4965438857333,3284.969
4.21274732809014,0.203678978192011,24.4875095714607,3296.797
4.21278068705554,0.202152482511283,24.4893429940343,3308.657
4.21316604572542,0.201793083987685,24.4701950540075,3320.532
4.21306795198393,0.197356165615426,24.4763159990252,3332.36
4.21337883823736,0.200759148819532,24.4677023203179,3344.297
4.21360045733028,0.200225113370214,24.4579963119662,3356.266
4.21171093108673,0.174997271446905,24.4477478080183,3368.313
4.21154807626595,0.177931603727498,24.4576213511214,3380.391
4.21144367967242,0.17634275111893,24.4452990766451,3392.516
4.21157003154093,0.174466605052555,24.4437936704629,3404.688
4.21174898784036,0.174790828379165,24.4477699711721,3416.86
4.21165072127014,0.176215379514082,24.4188720590045,3429.078
4.21182823878958,0.175597349035104,24.4214545359827,3441.313
4.21192982522112,0.173609452648439,24.4169342866408,3453.594
4.21195372829039,0.174082267200265,24.4040900922585,3465.969
4.21216561100899,0.17485954062981,24.4154964890204,3478.36
4.21237096792523,0.172444302805414,24.4077469060416,3490.641
4.21254100195545,0.173531403988418,24.3934333101821,3503.047
4.21267914113172,0.174280109863845,24.3910636394953,3514.938
4.21290698617301,0.172372680343565,24.3824456841005,3526.844
4.21283637375095,0.174379126486945,24.3805598849779,3538.875
4.21316390834229,0.175293740757293,24.376148946463,3550.922
4.21317068780527,0.172558016635387,24.3739828637858,3562.985
4.21365556183198,0.17205947620027,24.368362857752,3574.938
4.21152593178375,0.150592792405841,24.3478254473644,3587.016
4.2114163027712,0.14875318922416,24.3666396089083,3599.125
4.21143501784867,0.151506267749806,24.3580899356761,3611.36
4.2112809684736,0.150503473665296,24.3671293173546,3623.61
4.21135667278479,0.151915631557528,24.3606808081594,3635.938
4.21124208450129,0.149553777985702,24.3449241754096,3648.188
4.21152401038611,0.150081741609719,24.3479123974191,3660.547
4.21154530953996,0.151260389987708,24.3391029849306,3672.891
4.21171222490787,0.149824055835088,24.3293760500019,3685.297
4.21197121505,0.150869662704761,24.3295635125556,3697.703
4.21197067554517,0.148485096161091,24.3184446680428,3710.266
4.21197606581044,0.149991514401577,24.321674235349,3722.813
4.21224315595804,0.148692666718035,24.3194827315778,3735.438
4.21238136613888,0.149650236267601,24.3060442952405,3748
4.2126049054629,0.15004284978554,24.3092097623957,3760.703
4.2123075288508,0.149535971094512,24.3095904989136,3773.438
4.21247343479069,0.1478917549666,24.290384911792,3786.172
4.21282396474666,0.147403317958503,24.2959455095341,3798.891
4.21289740737364,0.146169492133109,24.2969749304171,3811.735
4.21315017974573,0.148039056445211,24.2909077449599,3824.61
4.21312724535602,0.147556284837416,24.2979538953197,3837.516
4.21320582604143,0.148376951930548,24.2852875777281,3850.391
4.21341341072666,0.147898544553384,24.2894492773728,3863.391
4.21360045718011,0.146096001607349,24.2794110091131,3876.407
4.21198534570951,0.12434872738942,24.270050110333,3889.516
4.211492695908,0.124403472219123,24.2818327948052,3902.641
4.21153625030473,0.121999096660002,24.274591011063,3915.75
4.21156396017627,0.123499765495193,24.2679276630511,3928.844
4.21137798656399,0.124487536665797,24.2593307120302,3942.032
4.21154814637667,0.123802967165957,24.2611091157293,3955.219
4.21165326523603,0.124553821060685,24.2646517609293,3968.5
4.21193410021092,0.12189389831457,24.2535491713548,3981.828
4.21153725148743,0.123572331267471,24.247748006718,3995.235
4.21212816334771,0.126273367670534,24.2525164490417,4008.641
4.21195370108038,0.119618331954113,24.249451748079,4021.438
4.21236568325987,0.122358417971578,24.2313143205802,4034.313
4.21206145878504,0.121536720852389,24.2361976867093,4047.235
4.21222727294383,0.122975624660512,24.2271162822409,4060.11
4.21231549891616,0.124886715215983,24.2245192849821,4073.141
4.21243637353344,0.123941279539338,24.225311499041,4086.219
4.2124619086719,0.123514752441127,24.2157360774063,4099.282
4.21257840127775,0.123420848786321,24.2047781013001,4112.375
4.21260398769722,0.123112332577151,24.2066476900947,4125.578
4.21257818428148,0.122375982600604,24.2067862932441,4138.766
4.21290061030499,0.123121819537731,24.2091745471397,4152.016
4.21309954533916,0.121759107205474,24.1993961087302,4165.25
4.21330670827798,0.119426498740987,24.195723873722,4178.578
4.21313679675715,0.121775282032638,24.1928353466494,4191.938
4.21314044029107,0.120853126935789,24.1824005956069,4205.375
4.21353902492602,0.12052156584506,24.1758892589783,4218.782
4.21347127019586,0.120908776565592,24.1840070533728,4232.328
4.21344358560768,0.118569893528279,24.1798336073159,4245.813
4.21383930048534,0.121175098007751,24.1780365191673,4259.391
4.21180856581702,0.0918273729869894,24.1699196887962,4272.953
4.21165833050021,0.0991178490325584,24.1616885777921,4286.547
4.21163804213031,0.0989385861390008,24.1715805102683,4300.297
4.21144672831189,0.0985896723628366,24.1641997094598,4313.985
4.21143515361555,0.0988988317855067,24.1566449910639,4327.735
4.2114743098921,0.0957917007826417,24.1590270290728,4341.516
4.21158690457095,0.0975803832800695,24.1530858967944,4355.344
4.21161022771463,0.0965322014202919,24.1589398590627,4369.235
4.21156806639331,0.0944108826560449,24.1584248331866,4383.219
4.21191206912076,0.0935924899903958,24.1632880340563,4397.157
4.21162988196338,0.0959473637546836,24.1546243883216,4411.125
4.21150321695841,0.0954906016425133,24.1500817590768,4425.157
4.21167703730743,0.0973397053607588,24.1401351005683,4439.297
4.21199196745435,0.0950328810845268,24.1338337415583,4453.469
4.21196869949569,0.0936837438703202,24.1411950477476,4467.703
4.21196246384938,0.0918637908144177,24.1311163837735,4482
4.21202762354499,0.0956492279614109,24.1241201772282,4496.282
4.21211662907189,0.0924268690392091,24.1287395315237,4510.594
4.21243244460456,0.0951908947009325,24.1269998940534,4524.297
4.2129457549557,0.0995229117750106,24.1207749333146,4538.063
4.21258163938936,0.0946196916524598,24.1068155358539,4551.828
4.21240341946301,0.0947644646541574,24.1083022634918,4565.719
4.21285540303237,0.0915128170116087,24.1140915501009,4579.594
4.21271192307742,0.0944959554632999,24.1074282815689,4593.469
4.21299943825051,0.0943844195217238,24.107412960075,4607.438
4.21286854890343,0.0928925961060463,24.1005759833809,4621.391
4.21301625565454,0.0935788048025028,24.0983049051797,4635.5
4.21324968322822,0.0901421076486663,24.0951461370593,4649.594
4.21329629506909,0.0922901360144375,24.1013991305747,4663.703
4.21360682953125,0.096039119892731,24.0935665347198,4677.953
4.21304680916891,0.0909071252562621,24.0971397636883,4692.172
4.21356680273364,0.0906891527504992,24.0846465587769,4706.407
4.213731035244,0.092234884651917,24.0873603996601,4720.641
4.2137846375788,0.0928545584038203,24.0866818554899,4734.985
4.21372425630947,0.0905661639100623,24.0874868613701,4749.422
4.21364063490368,0.0883345989876098,24.0822649976353,4763.86
4.21418233521499,0.0907230871017739,24.0747927980898,4778.25
4.21416077308568,0.0906072593383031,24.0737376683374,4792.813
4.21405524706196,0.093299585596733,24.084259510839,4807.407
4.2141396520536,0.0898143360900511,24.0741523658331,4822.047
4.21469632045776,0.0907716446305078,24.075312459806,4836.766
4.2126384754773,0.0662896603810237,24.0748264494401,4851.407
4.21239958708571,0.0669448619532496,24.0722569295466,4866.078
4.21212465365676,0.067969466438848,24.0700632079091,4880.782
4.21235924577918,0.0679267733498315,24.059078781,4895.594
4.21219875611636,0.0696898085559429,24.059115657423,4910.375
4.21210951575538,0.0687440287559694,24.0607087816687,4925.328
4.21212805798462,0.0704404570344379,24.0566904534101,4940.297
4.21222908240455,0.0684185324733477,24.0498987629184,4955.266
4.21238934662121,0.0689601337610098,24.0555348820159,4970.297
4.21218267223486,0.0690523215777897,24.0548944667162,4985.438
4.21199105151923,0.070237158285264,24.0445856313216,5000.516
4.21211096025406,0.0674477095755556,24.0455470200554,5014.438
4.21227991785149,0.0682515673860696,24.0470303836936,5028.282
4.21226728766787,0.0674130691704656,24.0284248416876,5042.25
4.2125885922877,0.0689930958038939,24.0297938105919,5056.313
4.21230838526186,0.0665097946362768,24.0195809924912,5070.297
4.21268754537796,0.067893533462361,24.0371573075202,5084.328
4.21245736548124,0.0662889802678645,24.0335467125269,5098.407
4.21240510543462,0.0707156943645871,24.0346689640638,5112.5
4.21284273268361,0.0661355231746985,24.0304218552591,5126.641
4.21278866803271,0.0659847524402677,24.0354990384384,5140.86
4.21250802587573,0.0661389619824545,24.0263901168972,5155.172
4.2126989543725,0.0622310832493612,24.0177213985639,5169.516
4.21287091157727,0.0676026101071149,24.0232751031668,5183.907
4.21278485383902,0.0672904088499753,24.0265772193432,5198.25
4.21295593289733,0.06656271152287,24.0317368846479,5212.735
4.21295572545282,0.0669404053283272,24.0356980624687,5227.188
4.2128011631009,0.0675739142653794,24.036642763188,5241.766
4.21317931929359,0.069311916838635,24.0196517873512,5256.297
4.21345012796897,0.0670379920492521,24.0183960837558,5270.813
4.21332301042588,0.0673635595997362,24.0168599010889,5285.391
4.21327512330434,0.0679546371277072,24.0153972688711,5300.016
4.21347310359042,0.0655208873100122,24.0113019109375,5314.703
4.21365581695225,0.0647014369218643,24.0174497521707,5329.485
4.21344134326069,0.0641584362829595,24.0154634192503,5344.282
4.21382425788568,0.0649596914526101,24.0031349606554,5359.141
4.2135492779574,0.0665152786768299,24.0010357058324,5374.063
4.21391188998739,0.0645217928693506,23.9996288754076,5389
4.21389850339172,0.0619148077435479,23.9950618033618,5404
4.21377352813753,0.0628644638457208,24.0105403952057,5418.969
4.21389658184716,0.0661744846927514,23.9919200163689,5434.016
4.21388553064389,0.0615876477145262,23.9813992449271,5449.078
4.21391792011786,0.0656614901735948,23.990455635216,5464.157
4.2143571823773,0.0635523194942867,23.9862669401686,5479.235
4.2144373889658,0.0655693332999155,23.992539239882,5494.422
4.21410581935222,0.0589014549471924,23.9837429034043,5509.657
4.21413964019356,0.0638874059247566,23.991227522101,5524.985
4.21426170997283,0.0645630677243893,24.0013678372137,5540.282
4.21446179006809,0.060590070243073,23.9953998632239,5555.578
4.21472389143515,0.0662389197413738,23.98409269483,5571.032
4.21248784731812,0.0407478396051338,23.9799183445731,5586.453
4.2122187990012,0.0425858240229385,23.979944133193,5601.953
4.21205988970936,0.0424708354408462,23.990716112689,5617.516
4.21213710116164,0.0419239135933996,23.9664600896703,5633.094
4.21193793158246,0.044279197656486,23.9734533310645,5648.688
4.21218068562776,0.0428774597023526,23.9693109625806,5664.313
4.21205149669497,0.0423568533712336,23.9771665739881,5680.094
4.2123239037529,0.0435183310631337,23.9714639232718,5695.828
4.21199976049198,0.0410983380107036,23.9773022687077,5711.657
4.21215947370983,0.0421146577725857,23.9663046431611,5727.547
4.21176158250969,0.0438716502484046,23.9658980650934,5743.485
4.21205488840748,0.0436763567309345,23.9746040323054,5759.422
4.21215429081263,0.0440701736131005,23.9585236856226,5775.438
4.21205472557375,0.0388869185775359,23.9580585285102,5791.36
4.21219780746921,0.0408171918454218,23.9703130875363,5807.422
4.21208646546493,0.0425051288590172,23.9651492515625,5823.532
4.21216869586936,0.0429769466171457,23.9682733115838,5839.657
4.21200797026554,0.0416271848165947,23.9694912734393,5855.875
4.2122657722025,0.041528662384466,23.9632600347936,5872.11
4.21229305817815,0.0416215405416039,23.9690048167472,5888.407
4.21212853391582,0.0393195717933883,23.9718003283528,5904.625
4.21228414102177,0.0434104863536325,23.9619230892722,5921.016
4.21235488505726,0.0407550752478994,23.955440933012,5937.453
4.21239360820937,0.0403327817926964,23.959187704767,5953.969
4.21228207190531,0.0399492234531215,23.9676051593222,5970.516
4.21199176501324,0.0434532732636379,23.9668676106514,5987
4.21252906120443,0.0415801574278982,23.9667830957351,6003.532
4.21233587303204,0.0397822654183608,23.9702307411539,6019.063
4.21231404673986,0.0435786606742896,23.9632104574544,6034.469
4.21254926227926,0.0416850102595046,23.960760519719,6049.985
4.21250959086337,0.0415834933655519,23.9591336776178,6065.547
4.21284781056032,0.0389157337744293,23.9480064080454,6081.157
4.21263054921705,0.0413873167612562,23.9473672653603,6096.75
4.21273245795064,0.0406855327825476,23.9549916472557,6112.36
4.21265324418712,0.0431899141300113,23.9640660274877,6128.094
4.21264883787188,0.0406389371734922,23.9574958853041,6143.782
4.21281270024192,0.0412044550347818,23.9517719856743,6159.641
4.21292856965097,0.0391636981171569,23.9469016217594,6175.547
4.21285071447026,0.0388548500485873,23.9458959949783,6191.422
4.21279842246315,0.0410984409645634,23.9521767007369,6207.407
4.21267127005245,0.0400878478004584,23.9535859285796,6223.407
4.21303128773347,0.0390564032651227,23.9465448375333,6239.453
4.21297414197134,0.0404482031930952,23.9464533197103,6255.485
4.21291223492366,0.0401232834723649,23.9505109483192,6271.688
4.21289813513116,0.0392253574964686,23.9437665503999,6287.953
4.21304234787516,0.0390485137030492,23.942721626889,6304.188
4.2131273744658,0.0389684963948549,23.9509050535191,6320.532
4.21304204073626,0.0410740911828982,23.9433537121488,6336.86
4.21332067373437,0.0436536481135071,23.9428736766701,6353.235
4.21334746972832,0.0373578491367086,23.943207105298,6369.657
4.2132840809678,0.0384247386765146,23.9359655335329,6386.016
4.21339900917615,0.0396363376802036,23.9383936711734,6402.5
4.21346243842342,0.0389530502183394,23.9411513936812,6419.032
4.21318993600838,0.0397731403553777,23.9463084809102,6435.61
4.21316100140146,0.0423117109938177,23.9348066859119,6452.235
4.21336542878803,0.0404846304276804,23.9399599435666,6468.907
4.21352582076941,0.0365590283126838,23.9394741196321,6485.61
4.21370946837376,0.0397694765042204,23.9351953167747,6502.344
4.21362852617278,0.0379789653050909,23.9423188732242,6519.094
4.2137105960528,0.0390822028865668,23.9396770948075,6535.953
4.21357133168594,0.0397822314511175,23.9464016091705,6552.797
4.21369963272384,0.0394130481087714,23.935794502046,6569.672
4.21371348814534,0.0404781802015661,23.9411018018503,6586.594
4.21374768104931,0.0377660520459962,23.9353839238767,6603.61
4.213850731987,0.0385403712146209,23.9335350216531,6620.61
4.21403462131476,0.0386190476104722,23.9237932698512,6637.703
4.21377043945303,0.03593588130415,23.9222274227174,6654.86
4.21403911167743,0.0380992715983361,23.929579412059,6672.063
4.21404613398481,0.0372268746491451,23.9418213210653,6689.266
4.21426878429135,0.0391349368876797,23.937946568229,6706.641
4.21430876941219,0.0403353141137217,23.9308695963266,6723.953
4.2142778173891,0.0388902292099478,23.9277494691477,6741.391
4.21445750963939,0.0393533020181439,23.9286078638133,6758.813
4.21467514134369,0.0387057701994053,23.9372686168115,6776.313
4.21221244210071,0.0175103910832756,23.9334569689095,6793.875
4.17428912702884,-0.00500132310398714,24.0268924734783,6811.297
4.18998641382968,-0.00021888773932178,24.0851565954752,6828.828
4.19402786974326,-0.00225258327111279,24.1032362188139,6846.375
4.19604112312712,-0.00300551293682331,24.093473540989,6864.047
4.19771304706105,-0.00287830162633563,24.0974564877191,6881.719
4.19849576952259,-0.00207971057603674,24.0820606089262,6899.422
4.1992502877788,-0.00145931018868113,24.076700696014,6917.188
4.19949243559398,-0.0013870260516029,24.0663654053892,6934.969
4.2000083579,-0.00180801167357503,24.0666976022477,6952.844
4.20012768825865,-0.00174476280517988,24.0486223637639,6970.75
4.2003665914667,-0.00367069288020432,24.0562616005492,6988.735
4.20021058578518,-0.00171786447548408,24.0530552065826,7006.766
4.20062565664278,-0.00601153652272192,24.0590535237485,7023.578
4.20075738859762,-0.00584612120244403,24.0576415606722,7040.36
4.200923150296,-0.00291886164188505,24.0553393284543,7057.266
4.20078367470286,-0.00249698245743178,24.0494681232642,7074.157
4.20082673117605,-0.00336920107618267,24.0495023158192,7091.172
4.20069769126003,-0.00361757026055596,24.0345209074193,7108.188
4.20085363327465,-0.00301234091759084,24.0376306265313,7125.25
4.20100850886983,-0.000656534351862809,24.0401073886757,7142.282
4.20098831497653,-0.00392720559914956,24.0332599478825,7159.172
4.20089291383033,-0.00412030713238281,24.0303425376554,7176.235
4.20090222898274,0.000513693248492477,24.0363057633377,7193.328
4.20079581865434,-0.000407977919133617,24.041717135675,7210.485
4.20108509569652,-0.00458127934721968,24.0368523750986,7227.625
4.20079749106577,-0.00709948046960612,24.0368481523237,7244.828
4.20082801387158,-0.00285518538042301,24.0132812653311,7262.11
4.20069503370667,-0.00373250249823329,24.0135113502211,7279.297
4.20084348600715,-0.00341477223153775,24.0175966460321,7296.61
4.20075372687829,-0.00501795899415411,24.0120002257543,7313.969
4.20087591572356,-0.00265645490528473,24.0156373524237,7331.391
4.20059523563929,-0.00223445064050104,24.0076666088181,7348.875
4.20095239379085,-0.00268910592145664,24.0054886168141,7366.328
4.20063456592136,-0.00255214038163468,23.9988589940821,7383.813
4.20064676944692,-0.00662691122596106,24.0099617089364,7401.391
4.20041876036145,-0.0072731648210827,24.0064386290639,7419
4.20075343831887,-0.00256467084012226,23.9980962241122,7436.719
4.20053297942719,-0.00246043936743094,23.9964703573818,7454.375
4.20055972054282,-0.00370332846354631,23.979728039941,7472.11
4.20060692300869,-0.0035906259830682,23.9868558118602,7489.891
4.20042565299593,-0.00223575560404948,24.0002719986623,7507.86
4.2009204710718,-0.00151633725427978,23.9926333758122,7525.782
4.20040633733498,-0.00469665867184818,23.9812903519941,7543.797
4.20034708005469,-0.00818075903097272,23.9795559536385,7561.75
4.20044718795996,-0.00410469900319083,23.9797503950379,7579.813
4.20062780209233,-0.00384083330876587,23.9870083466079,7597.875
4.19935952179147,-0.00186589188336802,23.9370439461353,7598.875
4.19949743380614,-0.00213942698980712,23.9240735640975,7615.656
3.98560634280933,-1.98877811499591,24.0042567091947,7634.578
3.96324726947515,-1.99255790316575,24.1628683039451,7652.656
3.94664665633929,-1.98849119143145,24.346367696765,7670.797
3.93276586748834,-1.99115175198826,24.5461319519208,7688.969
3.92100341076232,-1.98950267016707,24.7413361033851,7707.156
3.91094852030518,-1.98918046337119,24.9371319025163,7725.328
3.90171226424214,-1.98949229648815,25.1279540127658,7743.516
3.89320849375889,-1.98959136731741,25.3131560687257,7761.719
3.88571330446296,-1.990342039605,25.5106512364045,7779.891
3.87835190067044,-1.98878816090667,25.6949339848597,7798.094
3.87145401779567,-1.99121263982193,25.8867084791711,7816.266
3.86496414554226,-1.99044951715001,26.0714218205959,7834.469
3.85897424708013,-1.9886489069951,26.2471859004213,7852.625
3.85298258225657,-1.99145532147628,26.4241344794756,7870.859
3.84707627403505,-1.98918308978376,26.5956144702097,7889.016
3.84146224558679,-1.9916954359055,26.7751168958861,7907.234
3.83606894816611,-1.99129890833994,26.932399422631,7925.375
3.83098124537761,-1.98956332628882,27.0980241574131,7943.625
3.82572805361569,-1.99063833164218,27.2546284403722,7961.781
3.82101033839437,-1.9890838981509,27.4059021616268,7979.922
3.81612429211441,-1.99253654874478,27.557097001541,7998.062
3.81143039485948,-1.98982330209445,27.7262982756282,8016.156
3.80678789611427,-1.98889201663502,27.8745402366209,8034.359
3.80208824147748,-1.99069605254211,28.0073070376413,8052.547
3.79740067738217,-1.9863088983141,28.1540222684528,8070.687
3.79281701520844,-1.99110548874605,28.3056089345355,8089.078
3.78804503046884,-1.99041456241156,28.4469967483019,8107.219
3.7836562439249,-1.98846457287252,28.5783277608127,8125.5
3.77906755153241,-1.98994767927482,28.7202937136491,8143.797
3.77446864197111,-1.9901974712992,28.8521378030519,8162
3.76979249081275,-1.991663730043,28.9803587592152,8180.281
3.76528408819627,-1.98798957444005,29.0951403087883,8198.531
3.76087012711221,-1.99133445691165,29.213309430209,8216.75
3.75661959339653,-1.99060792357995,29.3276891099281,8234.922
3.75223457675917,-1.99139982662312,29.4167369650016,8253.297
3.74785466559658,-1.98960781383526,29.5204700467094,8271.469
3.74381994968965,-1.98844278477288,29.6002760297044,8289.687
3.7397570985459,-1.98785419424522,29.6784470672473,8307.812
3.73547934312665,-1.98989504443387,29.7566099759798,8326.141
3.73137703914187,-1.98968425185511,29.8194329416507,8344.453
3.72751749321763,-1.99258763728966,29.8909538964396,8362.672
3.72359068024656,-1.98879438647289,29.9484896227917,8380.984
3.71966813906628,-1.99309690254638,29.9989019512991,8399.359
3.71564452982536,-1.9921496639327,30.0669944187021,8417.672
3.71153468672076,-1.9917143706985,30.1070477330048,8435.891
3.70769701189812,-1.99071696121259,30.1293300401218,8454.125
3.70371964569759,-1.99111715350241,30.1802126426496,8472.453
3.69982064217147,-1.98944393010811,30.2219149159964,8490.687
3.69611117502964,-1.99049703443368,30.2593276924153,8509.016
3.69212605939051,-1.98835832693643,30.3024862825181,8527.266
3.6883083580263,-1.99059976325107,30.3372712082427,8545.594
3.68428706006177,-1.98841186604489,30.3830592086079,8563.922
3.6807547150632,-1.98899636735796,30.4237361296503,8582.266
3.67703954258866,-1.99096084754538,30.4531580826832,8600.641
3.67332542037709,-1.99017522543346,30.5152750261272,8619.047
3.66943739524542,-1.98993774606703,30.5567665662428,8637.469
3.66597954800884,-1.99028102285527,30.5983069713,8655.797
3.66228879881998,-1.9902188853904,30.6699627035494,8674.078
3.65889361250131,-1.99275339961941,30.7202708865676,8692.562
3.65536593804028,-1.99187468079629,30.7658804530192,8710.875
3.65178859178827,-1.99156706939992,30.8138989893638,8729.203
3.64829465396988,-1.98944909356002,30.870021523211,8747.625
3.6448721090673,-1.9913170102294,30.9290827757491,8766
3.64144702038222,-1.99310605115258,30.970478320348,8784.516
3.63770554826131,-1.98956759500287,31.0254930892978,8802.859
3.63454492963143,-1.98985846109664,31.0947875589441,8821.281
3.6310585488056,-1.99163197795676,31.1471579968802,8839.672
3.62783117352758,-1.99083665938613,31.205771494345,8858.031
3.62435020165864,-1.98783102547866,31.2469236314795,8876.422
3.6213397951878,-1.99104078079849,31.3269280194948,8894.781
3.61784037939009,-1.98839168780947,31.380888993821,8913.172
3.61459532268532,-1.98963906109335,31.4399377300469,8931.562
3.61127925498042,-1.989537615362,31.4796375091078,8950.078
3.60791289865254,-1.98760880580635,31.5334020276386,8968.562
3.60474678585076,-1.98849275362172,31.6004103034902,8987
3.60149443591791,-1.99050880475616,31.6472911801972,9005.453
3.59833190750531,-1.98849994729275,31.7068988553717,9023.937
3.59520131751671,-1.98835311288041,31.767579184301,9042.484
3.5920116813131,-1.99170838146587,31.8175418529776,9060.922
3.58896025829853,-1.99001830167287,31.8830537191243,9079.422
3.58588437678145,-1.98994978194228,31.9296160101438,9097.906
3.58260761235921,-1.99201700476844,31.9889231747296,9116.547
3.57972902096674,-1.99180720054611,32.0378472148085,9134.984
3.57665856578425,-1.9894022187706,32.0907421616406,9153.656
3.57356767041218,-1.99097788317032,32.1290684954545,9172.156
3.57065094468928,-1.99119653072555,32.1967041186601,9190.734
3.56764291622412,-1.99199407146211,32.2336117340006,9209.281
3.56474532363655,-1.98885148934038,32.2737336152339,9227.828
3.56180508903976,-1.98865525638111,32.3433592453875,9246.437
3.55872359241717,-1.99365339849729,32.3896806441548,9264.937
3.55597973254595,-1.99363892103604,32.4484925330649,9283.531
3.55310328263661,-1.99027208334825,32.4913706011487,9302.094
3.55060331150485,-1.98878807675828,32.5449249716747,9320.766
3.54777535402757,-1.99017136233126,32.5991956411123,9339.312
3.54510470965197,-1.98990925916236,32.6440600709953,9357.891
3.54229848337005,-1.9909931451942,32.7041123886488,9376.516
3.53963187544025,-1.99087039336419,32.7477090959946,9395.203
3.53690416325072,-1.990168972712,32.7915856079597,9413.922
3.53442350009645,-1.98939510490649,32.8398310543075,9432.625
3.5320290427908,-1.99155197490582,32.9008353692279,9451.266
3.52936081183262,-1.98831088383095,32.9385882070693,9469.953
3.52702729936873,-1.99063780793175,33.0021529178061,9488.719
3.52450165180405,-1.99067076928089,33.0373058186203,9507.453
3.52232450628028,-1.98813951729914,33.0788884246739,9526.156
3.51997457355631,-1.99030105573812,33.1162095776921,9544.906
3.51768585967291,-1.99348436757098,33.165199789991,9563.766
3.51528696937545,-1.9869953073351,33.2229632812564,9582.578
3.51299955884105,-1.98941500113031,33.2664279979099,9601.359
3.51099751818277,-1.98888351880271,33.3119889073388,9620.062
3.50878832398404,-1.99002306759137,33.3532274793318,9638.781
3.50668628381896,-1.99023297899055,33.3955028268911,9657.516
3.50474797495199,-1.98887171882036,33.4359371588706,9676.281
3.50276588442535,-1.9870699392293,33.5001496047051,9695.187
3.50083648472867,-1.99028806426983,33.5323810407308,9713.922
3.49877566517368,-1.98993844438609,33.5836107459843,9732.844
3.4967840424103,-1.9911514270282,33.6332585650671,9751.687
3.49498836051758,-1.98883417138029,33.6641842565725,9770.5
3.4931284216269,-1.98938358176673,33.7168112647267,9789.422
3.49109893674636,-1.98882604598532,33.7754971798787,9808.297
3.48913764587798,-1.98957125839499,33.8262443227708,9827.172
3.48725863633721,-1.9909099043038,33.87603812976,9846.094
3.48523487059087,-1.9904958390925,33.9034143201219,9864.844
3.48347375998959,-1.99090325764391,33.9573477989917,9883.812
3.48153059748564,-1.99057038565191,33.9964517820566,9902.734
3.47967719263044,-1.99032525699757,34.0535069539838,9921.672
3.47744603310901,-1.98870205058295,34.104690988688,9940.641
3.47575412536913,-1.99085132620173,34.1470217509784,9959.469
3.47351444329718,-1.99126565181813,34.2073411141363,9978.453
3.47139469879267,-1.99271731080305,34.2674753812161,9997.547
3.46973244285041,-1.99021398166225,34.3192718209079,10016.672
3.46769675990101,-1.99186015937282,34.3700339157391,10035.781
3.46511890577301,-1.99082805907323,34.4156758002054,10054.844
3.46330617552495,-1.99110550709034,34.4683099489831,10073.859
3.46116675880856,-1.99076905789299,34.5471777634239,10092.906
3.45889556946134,-1.99005840946396,34.5951291765468,10112.062
3.45676730091768,-1.98900058128674,34.6468849921891,10131.266
3.45451117863744,-1.98887266370028,34.704912431795,10150.422
3.45222914547547,-1.99110911889646,34.7799156549382,10169.453
3.44976013491381,-1.98696629840092,34.8352035292717,10188.578
3.44756079415306,-1.99305445554901,34.9075577214039,10207.672
3.44518716235731,-1.98848263247967,34.9543202644839,10226.828
3.44263367245792,-1.98990420597187,35.0311978919884,10246.109
3.44018381398161,-1.98648502833775,35.093101058,10265.391
3.43719940072851,-1.98840954949349,35.1750614672161,10284.687
3.43464922087419,-1.99062857037503,35.2332415194473,10303.844
3.43188536754619,-1.9934743666608,35.305477934184,10323.078
3.42892018798984,-1.99686724217713,35.3739014047983,10342.328
3.42619465059218,-1.99307902219409,35.4332510474005,10361.5
3.4232419862004,-1.98850503827771,35.5198824046046,10380.797
3.41982078562031,-1.98885677376329,35.5908275106037,10400.125
3.41656379802981,-1.9911580400648,35.6685047228504,10419.5
3.41320554763545,-1.98996649832498,35.7507396630701,10438.812
3.40975363632533,-1.98917799000609,35.8400779207218,10458.109
3.40602445186709,-1.99004313200704,35.9056999888144,10477.453
3.40219132365108,-1.99026291510985,35.9793452373372,10496.812
3.39800343043324,-1.99089806913088,36.0590625043474,10516.156
3.39395057694937,-1.98635648658742,36.1389604232854,10535.562
3.38952208698176,-1.98912739114129,36.2255004642032,10554.953
3.38441102315844,-1.99057137414655,36.3173747067011,10574.328
3.37894600490543,-1.99085933564438,36.400557033218,10593.844
3.3733979875478,-1.99040824133951,36.4907788026588,10613.328
3.36733561405958,-1.9894442451878,36.5850296641414,10632.766
3.36050074014899,-1.99029520171281,36.6719671373468,10652.25
3.35329242597259,-1.98874527795608,36.7501925458083,10671.734
3.34508977669472,-1.98859780735607,36.8503566901089,10691.203
3.33609290093995,-1.98682287165614,36.9388294704157,10710.703
3.32605248686816,-1.99064934606662,37.0512857753627,10730.109
3.3146608500833,-1.99246824877641,37.1568562534673,10749.547
3.30193255376019,-1.99002386323844,37.2723291424859,10769.062
3.28728031982409,-1.99002623242505,37.3747469293785,10788.609
3.27063110838384,-1.98988995153873,37.4946255740771,10808.172
3.25129778207848,-1.988561871252,37.6139594768187,10827.891
3.22982176417329,-1.99067008123601,37.7428200370929,10847.5
3.20468765251241,-1.98945812106878,37.8697096318244,10867.203
3.17634888707941,-1.99187498059357,38.0122192128803,10886.844
3.14340495814182,-1.99001074554856,38.1680304633222,10906.5
3.1049182361798,-1.99587398960584,38.3190945773652,10926.109
3.06019375993626,-1.99093957384965,38.474345945233,10945.812
3.0060247970507,-1.98933373628173,38.6445866880503,10965.656
2.93886703931115,-1.99137550096104,38.8033052851398,10985.516
2.84895931544338,-1.99076805497077,38.998210967743,11005.531
2.72583957096256,-1.99163486478171,39.2121625704046,11025.5
2.55244489313714,-1.98865253963547,39.4936818312323,11045.75
2.35389673988417,-1.98726220868669,39.882410587016,11065.859
2.14597576693539,-1.98895540221854,40.4287844050653,11085.953
2.77260988306317,-0.00185767908949717,40.590429145357,11106.203
2.87558130632832,0.00091038449878518,40.2816675571972,11126.437
2.92727329545736,-0.000402599654854661,39.9281486358127,11146.656
2.96190653140531,-0.003276912489818,39.5654852295906,11166.937
2.98738389093024,-0.00412362664407752,39.1675855389889,11187.203
3.00814956579018,-0.00488724505431751,38.7998201496293,11207.469
3.02527732208287,-0.00266043233743599,38.4148976778744,11227.828
3.03951433190982,-0.00448127058337526,38.0507071862947,11248.25
3.05182550489119,-0.0088513052747597,37.6935821867094,11268.75
3.06211270908568,-0.00143329876408607,37.3384784889293,11289.109
3.15000065535429,0.00151266971959436,30.577385154985,11290.109
2.90504954491264,-2.25822367008545,30.5726261104055,11292.625
3.27040356131998,1.49102522346044,30.5731116478448,11295.609
3.30151807545771,1.48958856444748,30.5578918846256,11298.5
3.32216228363555,1.49190365379026,30.5364336111357,11301.375
3.34011979094094,1.49250882209353,30.509103099254,11304.25
3.35601777073327,1.48862645884025,30.4711086350417,11307.14
3.37046819815475,1.49086775862298,30.4366247766691,11310.015
3.38381525340222,1.48936623498955,30.4145778988824,11312.906
3.39635764356626,1.49098593323454,30.3801816787069,11315.781
3.40841553060953,1.49084666988023,30.3521950545045,11318.671
3.42007372600598,1.4893330501045,30.3208679780858,11321.562
3.4307269848297,1.48924447928973,30.2916006130871,11324.437
3.44150260340074,1.49201176024585,30.2574632488514,11327.312
3.45158255128975,1.49032015929779,30.2257336465503,11330.171
3.46160951010593,1.49189638871932,30.1952424810116,11333.015
3.4709145950468,1.4890212154846,30.1666277516946,11335.875
3.47976566485433,1.49048877443738,30.1485778570392,11338.734
3.48880875505148,1.49170395908052,30.107870926815,11341.593
3.49760814964664,1.49140663209555,30.0748450492802,11344.468
3.50576277647789,1.48844282410906,30.044991694536,11347.343
3.51392661655019,1.49166705557966,30.0169358614156,11350.203
3.52182182696911,1.48883270349892,29.9789193328166,11353.109
3.52965183610041,1.49122970518877,29.9525833765076,11356.015
3.53733797918014,1.48797603401026,29.9175268284903,11358.968
3.54475477892223,1.49031180034129,29.8885380418937,11361.89
3.55160815987411,1.49034401480158,29.8743589556124,11364.796
3.55867690077231,1.48904304998372,29.8364592024974,11367.671
3.56532260165395,1.4911648929622,29.8161333557869,11370.578
3.57190736691619,1.49006209243262,29.7902515059937,11373.5
3.57847507246069,1.49070161753477,29.7637560635622,11376.515
3.58490758796419,1.48901344422174,29.7386877720571,11379.437
3.59104849502948,1.49005946619674,29.7072148537748,11382.375
3.59698139303206,1.4911254015233,29.6835011607458,11385.296
3.60315118065395,1.49071288183703,29.6573276806639,11388.281
3.60903067732861,1.48911778781688,29.6316565034904,11391.234
3.61451565631119,1.48765784533458,29.6065342942948,11394.171
3.62041069777991,1.48988180278244,29.5934897032449,11397.187
3.62572772555458,1.49129796824675,29.5675869691455,11400.14
3.63115023174512,1.49028624255989,29.5442887229663,11403.156
3.63627738925963,1.49133903881951,29.512930568347,11406.125
3.64148075465598,1.49300303378728,29.4877333490804,11409.078
3.64675676754881,1.48844019525885,29.4525406192955,11412.078
3.65188240941156,1.49133077377736,29.4234620353992,11415.078
3.65656769361371,1.49138588891083,29.3988502547306,11418.093
3.66139177778624,1.49122688740117,29.3796309016215,11421.109
3.66597056710279,1.49134906248421,29.3503379862511,11424.125
3.67075899061134,1.48945273000786,29.3270183354248,11427.14
3.67535252157851,1.49053995573358,29.3010021644348,11430.156
3.67977394483213,1.49256028666973,29.2729985220757,11433.156
3.68426145130528,1.48947713957986,29.2478766035376,11436.203
3.68846842591642,1.49271775880634,29.2183968442756,11439.218
3.69259469264268,1.48927365359329,29.1943844534698,11442.265
3.69682144343243,1.48942918292397,29.16984743276,11445.343
3.70105087803302,1.49005925372566,29.1479358409617,11448.39
3.70495963211883,1.48898202225598,29.1168871538201,11451.453
3.70938178068035,1.49095267394093,29.1048739488591,11454.562
3.7135612649042,1.48804337915727,29.0818435908416,11457.687
3.71721989831374,1.49195900291405,29.0520506550064,11460.75
3.72135402574223,1.49053107143472,29.0278008655012,11463.859
3.72510246502358,1.49178208886986,29.0089139896586,11466.984
3.72877517161569,1.49052044802281,28.9825927710062,11470.125
3.73232568785763,1.49057082538024,28.959771476505,11473.265
3.73619431924218,1.48805254994123,28.9344220043356,11476.437
3.7394913022659,1.48997668774337,28.9063899140356,11479.578
3.74338285479915,1.49003145275368,28.8768720434952,11482.812
3.74690233029935,1.49116895962128,28.8593105589166,11486
3.75043194467436,1.49047342985827,28.8371217695319,11489.156
3.75366826836621,1.4894501630174,28.8212794554063,11492.296
3.75718652233145,1.49085451235307,28.7982795031859,11495.484
3.760509681122,1.48991555934079,28.7714669046077,11498.64
3.76357976135248,1.48788357052112,28.7569682852465,11501.796
3.7667870835438,1.4906642297386,28.7259118263298,11504.953
3.77005736461793,1.49254148812995,28.7073106170122,11508.14
3.77326508043832,1.49186426263023,28.6880234744278,11511.375
3.77638493675331,1.48927464657474,28.6611953309585,11514.562
3.77968902068156,1.49230570661594,28.6421577010073,11517.734
3.78251913580881,1.4909519199634,28.6164528809451,11520.937
3.78555324119224,1.49161732620542,28.5834281391024,11524.187
3.78853133965641,1.49113611862553,28.5652176044333,11527.484
3.79148803127172,1.48892054842282,28.5487516994723,11530.718
3.79426036928843,1.49054114097739,28.5264059728659,11533.953
3.79724167825901,1.48952106563688,28.4931586283557,11537.265
3.79955333388896,1.49293683087215,28.468213471642,11540.546
3.8026069670683,1.48918936052204,28.4548132703151,11543.796
3.80544673015122,1.49090429916714,28.4309060300961,11547.109
3.80778390283064,1.4910827902752,28.413397964872,11550.375
3.81047998741035,1.4923847670322,28.397603272251,11553.718
3.812893731068,1.49002588168941,28.385976706282,11557
3.81545605688449,1.49270084559479,28.3615622161577,11560.343
3.81768649101993,1.49150688557841,28.3393489604567,11563.656
3.82010903350134,1.49302981364145,28.3288977252653,11567.031
3.82224090073758,1.49065336091506,28.3093975890964,11570.39
3.82405069538419,1.49297815889285,28.2907779399247,11573.75
3.82636509614743,1.48711349819702,28.2631570566237,11577.14
3.82821078811266,1.49055698223901,28.2479479955779,11580.484
3.82976477019981,1.49166300600869,28.2205402016061,11583.875
3.83155489299392,1.49241105100403,28.2053135582196,11587.265
3.83360649570977,1.49092230864035,28.1729047588833,11590.703
3.83468367736226,1.49113976756749,28.166393429745,11594.187
3.83599567698922,1.49135609393093,28.1431141049287,11597.671
3.83768579272681,1.48620558020176,28.1331016883812,11601.156
3.8394343662781,1.48643572590846,28.0999233290001,11604.656
3.83971721682597,1.49121528931423,28.0737205034725,11608.109
3.84078681332314,1.49116929295089,28.0664210280092,11611.609
3.8420542707843,1.49405215537544,28.050245146857,11615.078
3.84293850051524,1.49268916891549,28.0415805297437,11618.531
3.8438190329493,1.49198418982456,28.0161311992323,11622.015
3.84496022055515,1.48864718404454,27.9945074820934,11625.515
3.8458992964877,1.49181625184632,27.9794979065448,11629.031
3.84662017247957,1.49159737010253,27.9665921285431,11632.64
3.84749986458421,1.49152680447507,27.9452544490492,11636.187
3.84804325512561,1.49113550899225,27.9383879711949,11639.765
3.84905226100987,1.48878664814619,27.9299146456944,11643.328
3.85000319714634,1.48836394152125,27.9110080012497,11646.968
3.85043837252008,1.49132897880737,27.886914756267,11650.546
3.85110018114988,1.48916681737225,27.8698139715554,11654.187
3.85179984039594,1.4894528907533,27.8529821552903,11657.781
3.85237251944176,1.48954838977765,27.8382112680812,11661.437
3.8534872206775,1.49074284521761,27.8306032063513,11665.062
3.85448262697682,1.49173116980686,27.8185973384963,11668.718
3.85487839106777,1.49148389962275,27.81108675804,11672.359
3.85560944857914,1.48983444488412,27.7901399721936,11676.031
3.85628724246997,1.48891959770026,27.7801237858535,11679.75
3.85727284962019,1.48964622740226,27.7732258383332,11683.484
3.85789197529682,1.48987698360099,27.7591583811595,11687.265
3.85853629179027,1.48939716037386,27.7471257130013,11691.046
3.85960497640953,1.49025986497976,27.7290934428463,11694.875
3.86025763902692,1.48854421868866,27.7113474776646,11698.656
3.86095400959469,1.49346933974317,27.7006146294118,11702.437
3.86168472698935,1.48866412746535,27.6891062724679,11706.203
3.86257094744457,1.48988267336148,27.6764454923392,11709.984
3.86322042945583,1.49159261834102,27.6571562360273,11713.781
3.86415512287757,1.49227249340262,27.6424410663317,11717.593
3.86458632489145,1.49080039815568,27.6216185069922,11721.406
3.86574395939827,1.49260768175546,27.6267853795536,11725.25
3.86652215555617,1.49031312183916,27.6122857589424,11729.171
3.86716459648269,1.49248919904561,27.6035185411012,11733.078
3.86802463876564,1.49042430699301,27.5829214313614,11736.937
3.86900915418682,1.48958370204472,27.5700477096627,11740.875
3.86953794137957,1.4889928063595,27.5693594288074,11744.781
3.87060247075064,1.4922199098635,27.5497892053651,11748.718
3.87137509918012,1.48772358714772,27.5340084067962,11752.656
3.87220728366944,1.48959523742863,27.5206851114635,11756.64
3.87301530033869,1.48894367217181,27.5137477784833,11760.656
3.87348183113086,1.48929499693077,27.511894766545,11764.609
3.87449833414251,1.48953791980626,27.5011101172921,11768.609
3.87520340392711,1.49013983178736,27.4959134051983,11772.625
3.87613056899929,1.48982116980294,27.4622790344298,11776.687
3.87686164320978,1.49168672930747,27.4477851072011,11780.781
3.87775972769955,1.4900811113161,27.4328891969199,11784.875
3.87854772735894,1.48987996058156,27.4261306430575,11788.984
3.87923055755235,1.4907541553998,27.4105558578889,11793.093
3.88015657725594,1.48832659814721,27.4014892691705,11797.187
3.88101897026119,1.49042073600555,27.3910362305056,11801.265
3.88167652240805,1.48886542063141,27.372465667891,11805.375
3.8825513911105,1.491872695711,27.3667052060917,11809.5
3.88345464456279,1.49066517146301,27.3555082335178,11813.64
3.88430402079779,1.49165015242695,27.3477409058794,11817.781
3.88494396223177,1.4930119203787,27.3388547035254,11821.968
3.88576786516124,1.49010502817136,27.3367715665605,11826.203
3.88655998728544,1.49183612011574,27.3213146876,11830.39
3.88747314161439,1.49014089552768,27.3160146785947,11834.687
3.8885174713667,1.48964624255391,27.3027662005255,11838.937
3.88888254109541,1.49088948190411,27.2819409730257,11843.203
3.88999638786687,1.48957129825272,27.2742214268957,11847.515
3.89078972536231,1.48914096683542,27.2640654259967,11851.812
3.89155099108822,1.48957012739514,27.264831228936,11856.14
3.8924506512476,1.49299424876962,27.2518840853234,11860.484
3.8928668528984,1.49062962129098,27.2485823393158,11864.843
3.89393502195187,1.48962218602416,27.2372680984582,11869.234
3.89453930213396,1.48892883660253,27.2273433064525,11873.625
3.89550314906077,1.49030987009543,27.2163118150306,11878
3.89597339646051,1.48979796097539,27.2110378257162,11882.421
3.89703914455519,1.48898184814889,27.2063542011098,11886.859
3.89787191218414,1.49186003959324,27.1973134659108,11891.359
3.89859707491474,1.49175593391545,27.1921839044001,11895.812
3.89951949163075,1.49152537503869,27.180939062681,11900.281
3.90064339098529,1.49157959218783,27.1697513270603,11904.781
3.90114455505324,1.49053975993561,27.1622554869318,11909.343
3.90183180608026,1.49127378585858,27.1610045211942,11913.843
3.90264025605765,1.49277105742989,27.1443090364957,11918.453
3.90354071169015,1.4901982664011,27.1345080617257,11923
3.90442346852406,1.4890433876899,27.1370079050056,11927.609
3.90513357875573,1.49018045093424,27.1181446673525,11932.25
3.90584487414104,1.48947872949985,27.1067745020502,11936.89
3.90685226920008,1.48947627345355,27.1059738216333,11941.546
3.90768450998533,1.49208743478177,27.1076897060314,11946.25
3.90829022285636,1.4904785971074,27.0949499845112,11950.937
3.90917172790568,1.49252796862664,27.0740088923191,11955.64
3.90971999392497,1.48771915323313,27.0816085718866,11960.343
3.91092013683317,1.48953056101098,27.057070429242,11965.062
3.91133453708939,1.49059814250488,27.0468176149384,11969.812
3.9120442548297,1.48804265430743,27.0398008056176,11974.656
3.91313256776984,1.48661881378497,27.0397385736775,11979.453
3.91368708721568,1.49059130280078,27.0357899497973,11984.234
3.91485792082629,1.49001921431015,27.0206392432769,11989.062
3.91563091020849,1.48923321115334,27.0108780775681,11993.906
3.91609296334183,1.48949602752648,27.0006468679987,11998.75
3.91703915557194,1.49127062238696,26.9971272510622,12003.64
3.91755505563463,1.49291113328086,26.9798283527641,12008.5
3.9188280163424,1.49131532632702,26.9756542361441,12013.421
3.91932996363356,1.4913094885711,26.9702848852439,12018.39
3.92043459114671,1.49090645138555,26.9686752138958,12023.375
3.92078084262219,1.49327533300191,26.9592277856783,12028.39
3.92169143298971,1.49285550671986,26.9542206963876,12033.421
3.92217638799565,1.48754992452767,26.9467796034712,12038.5
3.92318089072063,1.49092469821797,26.9380150888323,12043.546
3.92380985430649,1.49108978116062,26.9241412760027,12048.609
3.92453886727248,1.48954693970989,26.919410242657,12053.687
3.92514706437176,1.48987967375127,26.9139166296377,12058.828
3.92586258249926,1.48938509330842,26.904977314477,12063.937
3.92650624767627,1.49087328452834,26.8872378307366,12069.062
3.92707270010924,1.4902960006183,26.8833813267277,12074.25
3.92795513511877,1.48964793422449,26.8819538858278,12079.421
3.92857264035127,1.49066080842829,26.8739295040162,12084.625
3.92887103948255,1.49168668860904,26.8740351109122,12089.812
3.92981485957517,1.48972805937933,26.8633708158664,12095.062
3.9305335511454,1.492155414131,26.8651788685051,12100.312
3.93104901739053,1.49053319410157,26.8503782488861,12105.64
3.93166779500408,1.49096995779921,26.8337922531867,12110.984
3.93236442325853,1.49147202633946,26.8260686945634,12116.328
3.93301718874595,1.48970132747224,26.8271093856507,12121.671
3.93344428509773,1.49040810869641,26.8270144076098,12127.046
3.93420529867103,1.48929033589205,26.8174653090551,12132.437
3.93467271059794,1.49324949446754,26.8083872594472,12137.828
3.93559634707893,1.49054390138695,26.8067082302403,12143.234
3.93598159339072,1.4924774357611,26.7970637856848,12148.687
3.93646995470913,1.48817644217437,26.7980710863339,12154.156
3.93713596022249,1.49075319659934,26.7860360479904,12159.64
3.93769606142237,1.49107446878507,26.7816116023298,12165.171
3.93835359594415,1.49093918316742,26.7788812802652,12170.765
3.93880366285962,1.48879373178111,26.7705522729878,12176.281
3.93930378792027,1.49107797373111,26.7649561891379,12181.859
3.94003892231064,1.49019963595565,26.7617498252856,12187.468
3.94049482197616,1.49240987622673,26.7489054254877,12193.062
3.94089728607491,1.49178703031967,26.7472130662458,12198.703
3.9413333752515,1.49248798413618,26.7335309179685,12204.359
3.94208133992306,1.4904745540688,26.7271834967854,12210.031
3.94287867026479,1.48669659855604,26.7270022769034,12215.75
3.94306707785811,1.49129586456855,26.7235715773124,12221.468
3.94353602750492,1.48809374332471,26.7150922402944,12227.265
3.94393629043454,1.48954442744226,26.7109044090396,12233.062
3.94478579236486,1.49021133332789,26.7050318921138,12238.937
3.94534648860563,1.49086051326093,26.7019083287329,12244.734
3.94556648108767,1.49174485108084,26.6937220507598,12250.609
3.94631862509088,1.49007196830387,26.684223216486,12256.484
3.94684383736594,1.49173841723461,26.6842051850542,12262.39
3.94721699872434,1.48754653856084,26.6797524470354,12268.343
3.94757389330661,1.49133077669802,26.6771825857124,12274.312
3.94837089356162,1.49002085196151,26.6712285512616,12280.296
3.94872407775403,1.49068426434016,26.6663612415303,12286.281
3.94923707747081,1.49076791040218,26.6700882658275,12292.265
3.94975681905368,1.48696003580643,26.6602782802782,12298.281
3.95034571897217,1.49259036448355,26.648901386953,12304.328
3.95082808603635,1.48983168578242,26.6539526418072,12310.437
3.95146664461479,1.49132105104356,26.648280064455,12316.515
3.95187354301501,1.49116309390593,26.6452016366345,12322.656
3.95232772589885,1.49147487086229,26.6405114317809,12328.781
3.95283673178543,1.49180468370474,26.6406207387612,12334.953
3.95332091423866,1.49075177245133,26.637010408189,12341.156
3.95392600278458,1.49143358596066,26.6247444883097,12347.421
3.95427563178994,1.49057117654197,26.6225978853797,12353.718
3.95498864832854,1.49249736938795,26.6149151191403,12360.031
3.95520421914533,1.49131926015304,26.6219293384965,12366.328
3.95587904546501,1.48922660039642,26.622094865375,12372.718
3.95630617687559,1.49336477221277,26.6193160315458,12379.046
3.95683723249823,1.49012647014581,26.609216494864,12385.406
3.95729387486989,1.49050745525092,26.61459696459,12391.812
3.95769625800336,1.49038388728322,26.6095703176209,12398.203
3.95850838449918,1.49097076486861,26.6025878814239,12404.671
3.95906367245852,1.48701366805817,26.6035068544211,12411.125
3.95947534593593,1.49007208311818,26.5993973892854,12417.609
3.96000475080186,1.49069520374307,26.590034098177,12424.156
3.96056040964726,1.49079784356988,26.5878194936411,12430.703
3.96114904649139,1.49000137182591,26.5848680156987,12437.296
3.96168374453699,1.48823677314643,26.580863395022,12443.875
3.96224762286856,1.49045403525402,26.5776097326801,12450.5
3.962742309019,1.4890620776966,26.582127387798,12457.156
3.96358916702142,1.4906050796659,26.5738333517294,12463.89
3.96401512904389,1.49077804509738,26.5719042717898,12470.593
3.96451063916213,1.49370629334442,26.5672003725994,12477.375
3.96472682371598,1.49055675338087,26.5734620672695,12484.156
3.96584713652781,1.49291952068394,26.5726473113417,12490.937
3.96617519059208,1.49506756357764,26.5644818833314,12497.75
3.96662666323606,1.49137266485204,26.5637694411594,12504.578
3.96722809907191,1.49088630527578,26.5629183886129,12511.468
3.96777020090904,1.49048124049757,26.5736290566138,12518.343
3.96824433428184,1.48924933846802,26.5706497702621,12525.234
3.9689810290818,1.49132685590509,26.5738969743006,12532.156
3.969348478186,1.4913967935759,26.568539215197,12539.093
3.96992853420754,1.49037498327867,26.5716799960126,12546.093
3.97090144410627,1.49079580507318,26.5701940660203,12553.125
3.97089297852589,1.48995751962177,26.5742857743039,12560.125
3.97172362206836,1.49001606056515,26.5681095726591,12567.218
3.97243529716843,1.48810695534666,26.5725315265905,12574.265
3.97289898728633,1.49000735058317,26.5695772653321,12581.406
3.97346091926133,1.4908761457281,26.5698247310434,12588.578
3.97431197906648,1.49046097675818,26.5591635344941,12595.75
3.974563282843,1.48928401989543,26.5594716346569,12602.984
3.97527408992072,1.49292048776967,26.5668791953031,12610.234
3.97576522882598,1.49139485795774,26.574773499344,12617.578
3.97653746532645,1.49118233880167,26.5698138600689,12624.89
3.97720755150722,1.4912802863145,26.5702544515182,12632.265
3.97771401229726,1.48968860869089,26.5781682736572,12639.593
3.97823524027236,1.49159785346956,26.5664984103092,12646.984
3.97891809487843,1.4909153840816,26.5756969655597,12654.375
3.97942463166133,1.48989056476616,26.583055929338,12661.796
3.97982745024812,1.49120607512486,26.5717715901657,12669.265
3.98066784097387,1.49080012862283,26.5729215356303,12676.75
3.98130332869795,1.4900291907244,26.5732479921243,12684.265
3.981728911548,1.49069432330423,26.5790789080119,12691.859
3.98243955132054,1.49140444401352,26.5730536389985,12699.453
3.98313641865481,1.48963585842451,26.5750150730082,12707.015
3.98353175277331,1.48933381463586,26.5813381437308,12714.656
3.98441889719531,1.49188579208438,26.5839945445753,12722.234
3.98479339578296,1.49220078240837,26.5863538809112,12729.89
3.98533144388202,1.48949225416979,26.6053510565665,12737.578
3.98599286037355,1.48797294973817,26.5929421237353,12745.343
3.98662785895638,1.49152553460903,26.6031066992629,12753.062
3.98704070691697,1.49214545370419,26.5981129217358,12760.843
3.98767372647518,1.49010041820006,26.5982220214872,12768.687
3.98841987616309,1.49088041081576,26.5974628789448,12776.546
3.98909599828334,1.49171955581897,26.5997963287798,12784.468
3.98967072529464,1.49022082309071,26.6053079729561,12792.343
3.99015310798143,1.49086069421159,26.6087359922182,12800.187
3.99063745890637,1.49266254652646,26.6211697429424,12808.078
3.99156427178933,1.48868406158422,26.6270961067329,12816
3.99195918304312,1.48674857126788,26.633120322995,12823.906
3.99262438706432,1.49097158728403,26.6340797676303,12831.875
3.99298971296282,1.49032041246011,26.6322453959381,12839.828
3.9937990389867,1.48937888080692,26.6363440272552,12847.859
3.9942981058869,1.49303498184502,26.6529190169149,12855.953
3.99493302042742,1.49101937027732,26.6511463902133,12864.078
3.99556044960978,1.49185392655826,26.6595973282768,12872.234
3.99612611641056,1.49033655784258,26.6627262236439,12880.359
3.99667427476689,1.49158215914027,26.6629485800445,12888.515
3.99745490368988,1.49309356654782,26.6646601976203,12896.75
3.99784937759366,1.49133198558749,26.6628200000193,12904.796
3.99827572474259,1.4881240990323,26.6868753158283,12912.828
3.99916648644978,1.48883981732067,26.6808200021935,12920.937
3.99967387021189,1.48898157570524,26.687482069589,12929.062
4.00023748993601,1.48833510624434,26.6948794970624,12937.218
4.00101199413406,1.49032244104764,26.7022730623928,12945.39
4.00146873835038,1.49161707418515,26.7045166924615,12953.64
4.00212074889693,1.49269597355471,26.6992699421956,12961.953
4.00266280959614,1.49262739421264,26.6985979035236,12970.203
4.00345024644687,1.49172091983206,26.7033695529946,12978.515
4.00390774222257,1.49223517550719,26.7135964428349,12986.875
4.00480403416524,1.48812488908177,26.728130738605,12995.265
4.00542688678936,1.49118549074235,26.7342209474446,13003.703
4.00598421398163,1.49459530692992,26.7359385940884,13012.156
4.00646910639847,1.49111934305761,26.7352772972653,13020.609
4.0073523348304,1.48840984435134,26.7437586353251,13029.078
4.0080144405216,1.48944428595351,26.7430153781685,13037.64
4.00859222125074,1.49082275168994,26.7527522323459,13046.25
4.00906183974053,1.49285170067858,26.7625277868522,13054.828
4.01001796474503,1.48963343879844,26.7658159475277,13063.453
4.01058061388257,1.48758607610308,26.7767524035528,13072.156
4.01115582498647,1.49079390088131,26.7905489518678,13080.812
4.01229396714738,1.48762760659338,26.7886745848248,13089.531
4.01269359797242,1.49043333241139,26.7917611522254,13098.375
4.0130889551797,1.49100925781265,26.7866177922458,13106.843
4.0139632651266,1.48967980020656,26.8048898532117,13115.39
4.01509825929526,1.48503185258144,26.8120641248156,13124
4.01493602511619,1.49296990122332,26.8284793160027,13132.593
4.01587079850567,1.49460898759948,26.8355526649493,13141.25
4.01681655610887,1.49111539680707,26.8496699484285,13149.937
4.01737898444045,1.48977460984886,26.8526760844828,13158.687
4.0182220131938,1.49253487495809,26.8619700957214,13167.468
4.01899286576724,1.48874316818131,26.8682616696457,13176.25
4.01963763526868,1.49127396898114,26.8785642404658,13185.093
4.02067801274047,1.48980596031511,26.8887193826796,13193.937
4.02120446933881,1.49236174775576,26.8968639364048,13202.828
4.02215698635969,1.49027500760031,26.8910331758206,13211.718
4.02243403492902,1.48679778945468,26.9073444915554,13220.656
4.02361977920001,1.49329724643749,26.9134962973711,13229.687
4.02417694747029,1.49312275727623,26.9336086688615,13238.75
4.02487073074566,1.48703605735133,26.9435214518251,13247.812
4.02557677583,1.48973432955228,26.9437060378947,13256.906
4.02669198691699,1.487494981697,26.9490043188167,13265.984
4.02750970726113,1.49085042802765,26.9690016371293,13275.125
4.02809976936965,1.4922207932299,26.9707593668333,13284.296
4.02870861429126,1.49041364053642,26.9750768219023,13293.515
4.03001914213818,1.48846194847033,26.9815620053886,13302.109
4.03049539434061,1.4882418792724,26.9921623804732,13310.718
4.03136809430949,1.48971515104614,27.0032146742715,13319.343
4.03181289855605,1.4901742484201,27.0314209959315,13328.015
4.03306182687666,1.48978443935147,27.0355579722664,13336.734
4.03369139981887,1.49433347509243,27.052321132723,13345.484
4.03457598894395,1.49018795383403,27.0562740020565,13354.234
4.03550712051792,1.48989079501429,27.0598184841962,13363.031
4.03604505024827,1.49043020187171,27.0764041818909,13371.859
4.03713690966681,1.49007297314528,27.0992523700569,13380.718
4.0379804892753,1.49082252352008,27.093209120302,13389.593
4.03913193736949,1.4917394278338,27.0848271405481,13398.484
4.03989269407017,1.49469395256037,27.1008572317059,13407.453
4.04047235172932,1.48586592729119,27.1213887306126,13416.484
4.04149365797224,1.49438469648706,27.1290743900572,13425.453
4.04228761626764,1.48927741966499,27.1394935589315,13434.515
4.04310487993018,1.49099034024169,27.1462522321707,13443.609
4.04422948038191,1.49164044714166,27.1591489181391,13452.703
4.04524567807748,1.48804051314365,27.1675284055784,13461.89
4.04585485733283,1.49029466948988,27.1785294889267,13471.14
4.04699189962197,1.4930879230382,27.2009957415478,13480.312
4.04814709570244,1.49002134716082,27.1922021762983,13489.562
4.04883593546174,1.49320289170901,27.2124808289896,13498.812
4.04970085585842,1.49022967216597,27.22615047613,13508.156
4.05068246279478,1.49189002324826,27.2352152830972,13517.531
4.05155581943746,1.49112582382511,27.2418845161735,13526.906
4.05277089081403,1.49045350677311,27.2528824187391,13536.281
4.05378144962337,1.48778441964219,27.2558943888368,13545.703
4.05455297538405,1.49125166945907,27.259493542686,13555.203
4.05557117511894,1.49357171915593,27.2881636631134,13564.75
4.05696992623275,1.49425711281531,27.3001657215637,13574.296
4.05781877859781,1.49385871811558,27.3107899737663,13583.875
4.05892376034314,1.48979729089192,27.332682362877,13593.5
4.05984791355919,1.49137765420814,27.3244597302192,13603.187
4.06093065158797,1.49229001426376,27.3415105354409,13612.89
4.06217724727037,1.49255814644769,27.3549978761708,13622.578
4.06317811474756,1.4902420655251,27.3667365559097,13632.343
4.06441921829013,1.49119950500409,27.3812036063975,13642.109
4.06570827407831,1.49086572455837,27.4009099429491,13651.953
4.06658801978524,1.49072067099132,27.406098332871,13661.875
4.06746797147153,1.49255997901416,27.4201496920756,13671.765
4.06876411795676,1.48943528155997,27.4282074807518,13681.718
4.07007559697156,1.48943921066924,27.4451303093047,13691.687
4.07100052900059,1.48951598229463,27.463333468711,13701.64
4.07222167180741,1.49107809278635,27.468611142338,13711.687
4.07329521030521,1.49229477892647,27.48206313505,13721.812
4.07500311017371,1.48993684186591,27.4885492889013,13731.906
4.07601347018465,1.48989882347597,27.507492448273,13742.031
4.07709997845237,1.49161260896599,27.5248671273631,13752.203
4.07873601424782,1.49012778905506,27.5300878725832,13762.375
4.07950368210134,1.49137046325469,27.526912555858,13772.687
4.08085505752715,1.49111085079886,27.543201354822,13783
4.08251635425308,1.48838840147904,27.5646386450619,13793.328
4.08337061790689,1.49232576567441,27.5731587099295,13803.046
4.08503665053064,1.49057701856427,27.5695841038843,13812.796
4.08584177302933,1.49502594948088,27.5910738568834,13822.593
4.08713132860731,1.48890880749762,27.6108032779042,13832.328
4.08871680076987,1.49042646714835,27.6123578263999,13842.156
4.0899342798224,1.48799611847838,27.6335666095334,13852
4.09085731866834,1.49204144827466,27.6408532283003,13861.968
4.09217754505366,1.49057331139929,27.6604917588437,13871.859
4.09398184328802,1.48570196031309,27.6692758348376,13881.796
4.09505445514969,1.49083180929107,27.6794507912487,13891.796
4.09646538788834,1.49000341008786,27.6905925082798,13901.843
4.09756449515541,1.49147585287903,27.7066729777262,13911.875
4.09888492443626,1.48796406441555,27.7211680699908,13922
4.10025211583823,1.49215603762318,27.7327045337402,13932.078
4.10166427438369,1.49192273653991,27.7472335809833,13942.25
4.10350200756831,1.49028422453338,27.7661780759906,13952.437
4.10443489033359,1.49148113951375,27.7814026626341,13962.64
4.10578478730763,1.49081846080635,27.7889747813919,13972.906
4.1073978870654,1.49081822572394,27.8056274892041,13983.218
4.10878984143168,1.48907369435855,27.8091679221439,13993.546
4.11019064102304,1.49230299097682,27.8248381901999,14003.921
4.11179765710936,1.49007331340944,27.8350391618182,14014.359
4.1128834406907,1.49068386263429,27.8533473529862,14024.812
4.11463800125932,1.49082893366772,27.8632831704899,14035.296
4.11589434252216,1.48875258753797,27.8799911233653,14045.765
4.11738573286068,1.48938516715604,27.8953230488019,14056.312
4.119139059108,1.4918897552983,27.9043237905156,14066.921
4.12081372723104,1.48749520846786,27.9204441962041,14077.578
4.12194379487447,1.49646014351781,27.9233342504832,14088.25
4.12354195241712,1.48894467505365,27.9456656273932,14098.953
4.12492464216989,1.49175453394886,27.9496386119361,14109.656
4.1266466027454,1.48917351868696,27.9631768457048,14120.515
4.12826012468127,1.48856248368285,27.9770843491759,14131.312
4.12963100401548,1.48853202647431,27.9892828159383,14142.14
4.13127732422508,1.48960880119066,28.0007769108518,14153.062
4.13281305534388,1.48983281576008,28.0147281378653,14164.062
4.13429620651537,1.48899045026085,28.0221272003362,14175
4.13573479340942,1.48929457698946,28.0359074054394,14186.015
4.13762925295221,1.49136503371218,28.0571390995954,14197.062
4.13900776374087,1.49298610976191,28.0674831797106,14208.14
4.14080815728295,1.49130523079924,28.080454810514,14219.265
4.14257335667038,1.49263988910793,28.0878800400952,14230.421
4.14389366553674,1.48748272774722,28.1131527704161,14241.656
4.14561272016293,1.49054515721089,28.1265550443236,14252.906
4.14748601944448,1.48761475659947,28.1419102923486,14264.187
4.1492513662112,1.48943559860817,28.1653949084785,14275.484
4.15074292533892,1.48987827350533,28.1745799254749,14286.828
4.15217709803123,1.49337501378739,28.1964899645315,14298.265
4.15386665251208,1.48861461951189,28.2104620080669,14308.984
4.15535048998034,1.49011923037651,28.2299113604901,14319.781
4.15692784499211,1.48820190758926,28.2314875514069,14330.593
4.15869247401069,1.49063934955367,28.2408615813516,14341.484
4.16015972590887,1.48730807194185,28.2587842792118,14352.406
4.16166057941268,1.48994878730053,28.2773999151417,14363.375
4.16319385984083,1.49263427310247,28.2882572682185,14374.359
4.16482725498494,1.49001060869077,28.2993021033111,14385.406
4.16627768634327,1.48669706320582,28.3270857373175,14396.453
4.16800109409908,1.491377480243,28.3474182811963,14407.515
4.16970356280278,1.49052421658568,28.3647473014733,14418.671
4.17105987103382,1.48682086899918,28.3709599101605,14429.843
4.17288455932439,1.48826131758978,28.4017910395016,14441.078
4.17442801914738,1.49173898723637,28.4251802705412,14452.281
4.17583767902846,1.48983422811436,28.4395344506518,14463.562
4.17767024400439,1.48914837063695,28.4665975013415,14474.875
4.17910935493488,1.49063550893971,28.4796665131215,14486.203
4.18072142834756,1.49143221684005,28.5026320281354,14497.546
4.18229127123582,1.48778412753706,28.5220307554686,14509.015
4.18425518433152,1.49168687676427,28.5501598793391,14520.453
4.18578749361826,1.49691206013223,28.5661224994302,14531.906
4.18711973361877,1.48777977495633,28.5925485195976,14543.812
4.18885096017705,1.49259714130569,28.6129291169979,14555.484
4.19044435210392,1.49205926812757,28.6365767067558,14567.187
4.19232085789147,1.48868274181855,28.6834231732932,14578.953
4.19404331644739,1.49262659760637,28.7048352832417,14590.812
4.1957621873681,1.49144510468447,28.7357113013225,14602.656
4.19716887136561,1.4900568828278,28.7722685455414,14614.593
4.19893576187964,1.4906038625649,28.7857003387492,14626.5
4.20077314876992,1.49049430422372,28.808097194752,14638.468
4.20201134847862,1.48541083754167,28.8358511551829,14650.796
4.20355826752428,1.48064017627746,28.8650195006132,14663
4.20503966572718,1.47705441049198,28.8848240010341,14675.218
4.20656550099366,1.47584483361332,28.9174219674704,14687.781
4.20800703365244,1.47216554923859,28.9459012808714,14700.187
4.20784186071059,1.44742500175234,28.9820003716191,14712.656
4.20723008606422,1.4230050445083,28.994250351209,14725.171
4.20836471791304,1.42081437716673,29.0219734066393,14737.718
4.20802562847586,1.39406934568076,29.0482583919664,14750.312
4.20677093182082,1.36850725287805,29.0534000237631,14762.937
4.20774404508552,1.36599308432018,29.0737145177973,14775.656
4.20713509444886,1.3411002516633,29.0881884242462,14788.343
4.20794950914524,1.33834854386618,29.1057848007246,14801.046
4.20955724997065,1.33823966119402,29.114162805992,14813.14
4.20918054959061,1.31174948493027,29.1222928652917,14825.25
4.20832286800511,1.29195762577245,29.1175220773066,14837.468
4.20732211885221,1.26204225889725,29.1338610625838,14849.687
4.20813442898552,1.26133701711482,29.1300931440128,14861.937
4.20926576031502,1.25802952149742,29.1279953371584,14874.234
4.20880885216696,1.23798562634384,29.1283921074902,14886.515
4.20773611599016,1.2102239754947,29.1299234538983,14898.921
4.2089378239678,1.20688803571013,29.1339282678448,14911.703
4.20791301505341,1.18381373220429,29.1133199981121,14924.312
4.20927374895544,1.18274339399848,29.1008027386873,14936.921
4.21019664739844,1.17863743598704,29.0774674346863,14949.578
4.20972960677528,1.15282278592476,29.0701789274289,14962.234
4.20890913074818,1.1280509658605,29.0473235442213,14974.906
4.20828561734504,1.10381713676438,29.0175967114415,14987.703
4.2090393712884,1.10162819578951,29.0054347288832,15000.5
4.20810121727215,1.07782219272356,28.9748196092666,15013.359
4.20919412540657,1.07986083111693,28.9477179593246,15026.234
4.21032911355492,1.07010357404009,28.9191822460379,15039.109
4.20965648733019,1.04735737979495,28.8961480803051,15052.093
4.20863178022872,1.02437805048187,28.8633926425802,15065.031
4.20762753621941,0.997785691573365,28.8345828806964,15078.062
4.20844964907849,0.997686437057747,28.7995582769514,15091.187
4.20932378613212,0.994107430861204,28.7681474139799,15104.265
4.21040919095161,0.99489255184624,28.7326432292536,15117.484
4.20982004563432,0.967686832281082,28.68727592032,15130.656
4.2088317309973,0.94210050135869,28.6512874717382,15143.89
4.20953157595281,0.938759119473387,28.6038312285167,15157.296
4.21024237808666,0.940239995362301,28.5674375136678,15170.859
4.20962419606543,0.914635803958644,28.5363251882754,15184.437
4.2103381118408,0.911151432926878,28.4865125669083,15198.125
4.21102894485005,0.91029668874124,28.4358253685816,15211.843
4.21008924288024,0.889721674098936,28.3982103148568,15225.562
4.20910597727905,0.862121264833719,28.3663098546445,15239.296
4.20985509669668,0.863048325608175,28.3305975172756,15253.156
4.20900849678254,0.837335978554147,28.2899400764563,15267.015
4.20947775665269,0.834002336045315,28.2473158298433,15280.906
4.20992122307424,0.835794693568778,28.2006760323604,15294.828
4.21075940851563,0.834174936782977,28.1647283619792,15308.218
4.21004612107824,0.808109378713174,28.1139985622027,15321.64
4.21049820862341,0.809314189924488,28.0866599277045,15335
4.21129895027278,0.810982079947471,28.0473389834481,15348.39
4.20997143986402,0.781862714441028,28.0138565250909,15361.859
4.21066890228176,0.783805513187119,27.9740512781201,15375.265
4.2093825746275,0.760869519525817,27.944238598169,15388.875
4.21023673824182,0.75364494473026,27.9017005717473,15402.328
4.21043618320256,0.756164708342271,27.8676716236575,15415.984
4.21124345796304,0.754584263925399,27.8341413808784,15429.734
4.21190423485652,0.754334268552993,27.8038989810861,15443.437
4.21100315924766,0.728614590731664,27.7616198265069,15457.187
4.20982170966982,0.706749632774196,27.7233043616528,15471
4.21001891982928,0.709239277952396,27.6927530831945,15484.875
4.21076168389094,0.70498394664865,27.6510010412317,15498.843
4.2096970461153,0.681160162027826,27.6256222707408,15512.843
4.20998908350683,0.678767717927618,27.5911224576812,15526.734
4.21055247245189,0.682814483596302,27.557684054745,15540.75
4.2110673457924,0.675731715845937,27.5335572452221,15554.734
4.2117520266353,0.677032498821829,27.5102993033689,15568.796
4.21051624765891,0.652787163562461,27.4725879624437,15582.984
4.21120007460202,0.651265722934584,27.4295523047187,15597.093
4.21173740176481,0.651202373941892,27.4060146239123,15611.031
4.21043934704617,0.627599865296768,27.3745109842803,15625.062
4.21062285371013,0.625944651653117,27.3350657072026,15639.015
4.21127584966085,0.624928335102722,27.310516132045,15653.062
4.21177346640758,0.624827067375652,27.2816599559995,15667.156
4.21086235519944,0.59971242722185,27.2575906697053,15681.203
4.21113350205659,0.600961845574722,27.2177834742318,15695.39
4.21182507653597,0.597484583998733,27.2023140269402,15709.609
4.2105380526355,0.574942233301538,27.1676904860743,15723.906
4.21083218191137,0.575098457773153,27.143318468441,15738.25
4.21103723209107,0.573417066104401,27.1259845229249,15752.64
4.21190486053003,0.571758301268873,27.0938288816675,15767.062
4.21064842389256,0.547693954976918,27.0659193016067,15781.468
4.21091671712668,0.546347344299795,27.0524379519792,15795.906
4.2112183646046,0.545584669933187,27.032864965537,15809.984
4.21184308671127,0.543948144448141,26.9936209922201,15824.14
4.21022478795753,0.520069674648015,26.972612684609,15838.328
4.21047695273431,0.52114917751752,26.9461796179852,15852.546
4.2108831381889,0.516092111228234,26.9008276016411,15866.75
4.21155025670678,0.516989115469311,26.8835705204152,15880.984
4.21163064304545,0.517359676628622,26.8671539122451,15895.343
4.2125955580597,0.516757198524351,26.8338980271586,15909.718
4.21095427459913,0.494808431631145,26.8072165825675,15924.156
4.21134242711794,0.493515150829354,26.7834975734333,15938.609
4.21165821939537,0.490930566636088,26.7676772290782,15953.125
4.21216471457406,0.490742828103099,26.7309011767514,15967.718
4.21283566906976,0.48978963905134,26.7191388343477,15982.296
4.21158530062188,0.463728362542632,26.7044620152346,15996.89
4.20981456066102,0.441553897057308,26.6770742095176,16011.546
4.2096702472684,0.445452882072327,26.6603329305883,16026.25
4.20989670225231,0.444259326769017,26.6430392549519,16040.89
4.21031918879235,0.442125554028723,26.6116560717513,16055.562
4.21084560943694,0.440996368691768,26.5970559502926,16070.265
4.21130450700928,0.441704920371072,26.5752582910245,16085.218
4.21154764803943,0.438818737901649,26.5499723007625,16100.093
4.21197837148553,0.438752542701698,26.5329899488516,16115.062
4.21033836609488,0.41581998223043,26.5025692672959,16130.14
4.21075994398774,0.416017169742339,26.4776510135922,16145.14
4.2107398141354,0.41614469239365,26.4551936927399,16160.14
4.21136252933132,0.413898310392288,26.442123957732,16175.187
4.21197899100881,0.411727270140044,26.4205721963777,16190.312
4.2118303747025,0.415668994864069,26.3870770179481,16205.593
4.21286849437386,0.409505324762402,26.3727848517499,16220.859
4.21092095480007,0.385795621617648,26.3445641354307,16236.234
4.21153067726493,0.385085055825278,26.3195286989859,16251.578
4.21164440597778,0.386061031369483,26.2965384276982,16266.921
4.21175291275746,0.39035972340351,26.2898221990683,16282.343
4.21246752834311,0.386643335513003,26.2599904166647,16297.859
4.21226856488301,0.384109071935448,26.238907513517,16312.062
4.21321675783196,0.383455787241837,26.2364716622208,16326.281
4.21171902272929,0.358385516025788,26.2140478194494,16340.609
4.21146277665701,0.361587929604107,26.1748116903366,16355.015
4.21190267043655,0.358212782943604,26.1625466708209,16369.406
4.21207235999767,0.357478584330984,26.1431935131832,16383.796
4.21215736507542,0.360297215712162,26.120499263687,16398.156
4.21242184756563,0.35866690559758,26.1032174978649,16412.515
4.21306101768741,0.355206139420728,26.0922787215443,16427.031
4.21141299262945,0.335050142827961,26.0714864887169,16441.515
4.21170913745091,0.335691220991826,26.0622052897313,16456.109
4.21163376720042,0.33442984055081,26.0388141574605,16470.765
4.21193920186969,0.331731946138707,26.0241039709901,16485.421
4.21219620313773,0.332076392672083,26.0078193800359,16500.031
4.21248747942515,0.332829091873444,25.987717817472,16514.687
4.2127493259888,0.33281792853433,25.9777015512196,16529.234
4.21294747795803,0.331880992645838,25.9666549732965,16543.984
4.2133341996023,0.329592750214827,25.9416941315153,16558.843
4.21373279229554,0.329687398698908,25.9341423033706,16573.656
4.21213064655902,0.306047792316938,25.9123714387646,16588.609
4.21219042502693,0.305281915545946,25.884404715912,16603.546
4.21225618721471,0.303852301203285,25.8672702737383,16618.468
4.21241298113421,0.304132177181216,25.8570939379929,16633.468
4.2126598659947,0.307262025006777,25.8438523799426,16648.546
4.21107923753029,0.280642408364194,25.8234543635657,16663.64
4.21106929183266,0.284211541080332,25.8169173553791,16678.828
4.21129326738675,0.28401328812882,25.7975656067373,16694.062
4.21122601550232,0.282105690834928,25.7782495086829,16709.125
4.21151399379042,0.281183174663209,25.7604978063276,16724.406
4.21167914410842,0.282592819865582,25.7399733892629,16739.656
4.21194874063213,0.279453160197477,25.7298033766127,16755.062
4.21203644057704,0.282902480421352,25.7315348077608,16770.359
4.21271930503891,0.278234542973406,25.6998670174571,16785.781
4.21066538191169,0.256047100900316,25.6947433684449,16801.203
4.21077502352638,0.254392813242409,25.6763896500875,16816.656
4.21088442463469,0.257813569692422,25.6629382077402,16832.015
4.21077981704215,0.255396703947961,25.6302531365079,16847.406
4.21114950981047,0.256328740210381,25.6367664471841,16863.031
4.21171228124693,0.256923363822136,25.6203754426426,16878.671
4.21150747699505,0.255775758443224,25.5984469758168,16894.421
4.21174095875338,0.254453558456674,25.5830934138833,16910.125
4.2120645274534,0.251788529243261,25.5556402201815,16925.765
4.21238805262946,0.252136380284857,25.5418665416579,16941.562
4.21272196290027,0.252069276476121,25.5454902554431,16957.484
4.21287611936707,0.251136392329852,25.5409084283217,16973.375
4.21317327816964,0.251790006746809,25.5276518850904,16989.375
4.21339137637972,0.250802589660264,25.5117289383923,17005.265
4.21358205092944,0.251917154352073,25.4996705369942,17021.343
4.21203585094868,0.228515100174902,25.4751583651851,17037.406
4.21196752449922,0.228770626810697,25.4532144789319,17053.578
4.21199185884219,0.228039497970906,25.4450212829428,17069.765
4.21212988889166,0.228288344428633,25.4420099794598,17086.015
4.21259569364252,0.223950143768049,25.4198949977538,17102.187
4.21268772609988,0.22475140430625,25.4176722840053,17118.484
4.21314751801344,0.225744189041047,25.3884161636505,17134.843
4.21293778732704,0.223741479123103,25.3915488412135,17151.218
4.21331832888999,0.228668786026568,25.3790250500487,17167.656
4.21353331937984,0.227002989325305,25.3544382612336,17184.171
4.21383429765378,0.224387348249904,25.3505474089853,17200.781
4.21179885914441,0.201715346771027,25.3382602895884,17217.421
4.21172471279999,0.203095400639206,25.3123260799395,17233.859
4.21192135034689,0.201382413374385,25.3115062035211,17250.484
4.21217754748421,0.200863533237704,25.3039601820173,17267.171
4.21191105873,0.201844336274114,25.2844576571619,17283.906
4.21206649082052,0.200409987092002,25.2713484812793,17300.796
4.2125746883212,0.204373587688057,25.2548433506131,17316.468
4.21213851476071,0.199892744818986,25.2510342092298,17332.125
4.21240703475638,0.198467411059883,25.2412237236608,17347.812
4.21291915016511,0.201219096321181,25.2350673563631,17363.562
4.21284678167015,0.195654971073054,25.2107321990305,17379.39
4.21338894987224,0.196799038664972,25.2269521782156,17395.343
4.21363751067068,0.196699477083274,25.2023065445996,17411.281
4.21209087514741,0.173442274474337,25.190594623392,17427.234
4.21155528114292,0.172823217248295,25.1940768475819,17443.25
4.21156604361967,0.174070405621783,25.1679867058527,17459.312
4.21167542424096,0.17501599884072,25.1627800663906,17475.343
4.21167711731507,0.175796743758859,25.1407323972284,17491.484
4.21182205394222,0.171364416227597,25.1426412652641,17507.703
4.2120288649498,0.173175183818319,25.140385585304,17523.921
4.21210746584982,0.174294648131333,25.1186310656407,17540.171
4.21227712984961,0.172412464376469,25.1083941174792,17556.39
4.21249000975121,0.170951350131107,25.1077424813048,17572.812
4.21292880767045,0.174984984791126,25.0930386391963,17589.171
4.21281179785759,0.176490511626414,25.0924853533982,17605.5
4.21313157208611,0.175601725311045,25.0780004257817,17621.921
4.21328520727463,0.174875722764249,25.0747695012667,17638.39
4.21311263069992,0.174067063882399,25.0591851623937,17654.921
4.21322030726475,0.173637096726053,25.0408437583084,17671.578
4.21366212441546,0.17071689366156,25.0353845300971,17688.218
4.21179071914031,0.149019135894994,25.031575797378,17704.921
4.21192581129067,0.148245218457294,25.0247991092653,17721.625
4.21167161953236,0.148668457193834,25.0103855212304,17738.406
4.21186829135113,0.150612359146204,25.0113800353674,17755.25
4.21170220591911,0.150440999485759,25.0016189452774,17772
4.21194008393159,0.150469641542338,24.9908364795246,17788.734
4.21200421892957,0.150281186662336,24.9915056643592,17805.593
4.21224772839552,0.151449399016418,24.9683985985104,17822.562
4.21255274261421,0.146609788743966,24.9726402982836,17839.593
4.21241801384635,0.151387284405092,24.9578903916551,17856.687
4.21251219779516,0.149032260627424,24.956872538959,17873.796
4.21286541870615,0.145170084373494,24.9476712646008,17891.046
4.21289061857044,0.147934701608836,24.932587383539,17908.203
4.212790944065,0.145853990992919,24.9286563348437,17925.406
4.21303941656476,0.147934633254254,24.9152741890066,17942.531
4.21333334519562,0.144945005858653,24.9153904067792,17959.843
4.21330217728623,0.145517452635838,24.9032954215172,17977.328
4.21339379389035,0.147497757385874,24.8933349410716,17994.718
4.21359933225107,0.146565480738352,24.8899576500835,18012.171
4.21222696442616,0.126206028860055,24.8798699187031,18029.656
4.2118533569004,0.121908119032401,24.868229490033,18047.203
4.21191134271061,0.124413661083846,24.8586943477379,18064.859
4.21179693503477,0.122904916596047,24.8568730620763,18082.515
4.21182653541433,0.126234758449195,24.8436181606569,18100.312
4.21195541900365,0.121872731778149,24.8543517401688,18117.859
4.21155240156684,0.122996097656187,24.8346733029831,18135.625
4.21192151079954,0.122965045296361,24.834690088244,18153.484
4.211963618813,0.119902294438931,24.8232664812727,18171.421
4.21220095419695,0.120909910378999,24.8067584895974,18189.484
4.21225225008003,0.119264713955962,24.8132556158546,18207.578
4.21274122861456,0.122512446921608,24.8009753683906,18225.593
4.21284898395338,0.121914008011772,24.7947459501757,18243.671
4.21254618195239,0.12017959742223,24.776141355098,18261.781
4.21302666096091,0.12151845505455,24.7749074046233,18279.625
4.21286947640829,0.117492269160612,24.7824090939232,18297.843
4.21288736784431,0.119510248071303,24.7761033964361,18315.031
4.21349267698312,0.119529751076493,24.7657390152322,18332.265
4.21348935226193,0.118663315421138,24.7411192828984,18349.515
4.21332091229469,0.118405162680889,24.7524792006208,18366.734
4.21363982209347,0.123000746874908,24.7318855510733,18383.921
4.21160319495942,0.0944753431964769,24.7417732807335,18401.265
4.21138721726626,0.0973627700488001,24.7387766441258,18418.609
4.21129819821651,0.0994305713127131,24.7252731190067,18435.968
4.21132212577802,0.0969581700161459,24.7251226362059,18453.265
4.21136893764593,0.0937147791188116,24.7058258657655,18470.609
4.21117857383569,0.0954856662619996,24.6963717726883,18488.187
4.21165361036253,0.0965185395417016,24.7086286271627,18505.812
4.21149411599929,0.0963631899120098,24.7069832465277,18523.484
4.21144426154509,0.0962902054562901,24.694626583287,18541.171
4.21159746162295,0.09628874395919,24.677014442716,18558.953
4.21145797506102,0.0971355335915577,24.6696193567649,18576.75
4.21180435418433,0.095758513772495,24.6720773443232,18594.546
4.21184407434984,0.0956527350671929,24.6669092953176,18612.328
4.21163666714244,0.0977876441248048,24.6548652485823,18630.25
4.21191466912476,0.0945241142371831,24.6459461207961,18647.875
4.21179895576402,0.0919114920445393,24.6472785127795,18665.921
4.21188261708041,0.0942061722142516,24.6501403302397,18683.812
4.2119756914715,0.0952850946874141,24.6479228984007,18701.906
4.21230040711817,0.0925346126431551,24.6413468648732,18720.031
4.21223028304035,0.093919007590381,24.6201164406684,18738.218
4.21230651111668,0.0915427421470042,24.6252508518343,18756.484
4.21246754537131,0.0915075320743407,24.6168186935987,18774.796
4.21270019068671,0.0938321078303161,24.6122520162508,18793.14
4.2127364774324,0.0943129086066448,24.6080637853986,18811.546
4.21297352511623,0.0933702290070157,24.6047326288833,18829.953
4.21301828167724,0.0914402088641519,24.6004272871039,18848.421
4.21318287683343,0.0898775390006305,24.6021872263109,18866.859
4.21338934142098,0.0932764888354185,24.5984866522342,18885.421
4.21329346437726,0.092012339469291,24.5855376709825,18903.984
4.21331433158407,0.0916448715487716,24.5935899623973,18922.687
4.21356665708276,0.089291393970124,24.5866990132024,18941.421
4.2136201847649,0.0907965730530598,24.5727091235897,18960.171
4.21386729412232,0.087223454660905,24.5786605331259,18978.984
4.21386949393632,0.0901686883968266,24.5721570639706,18997.843
4.21374434239539,0.0910897163775917,24.57733282185,19016.656
4.21410117425252,0.0920583726796138,24.5460650714539,19035.609
4.21442354158586,0.0888595067872798,24.5562827419199,19054.609
4.21439046854981,0.0892600732134708,24.5419518391297,19073.578
4.21415337458293,0.0886023744956586,24.5403502382608,19092.578
4.21497884758033,0.0875059752003514,24.5434948861391,19111.703
4.21298258620008,0.0677738607302056,24.5297090285859,19130.734
4.21283380765342,0.0643506491028548,24.5345684120706,19149.843
4.21277732826241,0.0675360905504473,24.5358826015851,19169.109
4.21249249636057,0.0685853472925827,24.5313718211047,19188.5
4.21218676530548,0.0664861322673526,24.5171193647512,19207.796
4.21245767388541,0.063515039130561,24.5225805221367,19227.156
4.21249369639027,0.0677866453211832,24.5088459690511,19246.578
4.21252259444187,0.0659551324241107,24.5068406572948,19266.109
4.21266784696525,0.0699024188729708,24.5241623916528,19285.64
4.21282670050016,0.0687679712026028,24.5140830913786,19305.281
4.21257705722832,0.0678339480150118,24.5030526156714,19323.718
4.21298684295603,0.0664798014226273,24.5013351473283,19342.187
4.21257953481316,0.0687303926014001,24.509297997785,19360.734
4.21294581715608,0.0663593640563014,24.5017978174047,19379.296
4.21275883109978,0.0687672592536758,24.4985056835247,19397.906
4.21264982361816,0.0676336244972287,24.4809119304599,19416.562
4.21280288118645,0.0655572650217303,24.4764358444273,19435.234
4.21304254655278,0.0669329673285074,24.4704521868077,19454.015
4.21293565523449,0.0655844181663054,24.4593677979008,19472.812
4.2131573994961,0.0645416849036696,24.4690317133902,19491.593
4.21305840869609,0.0673360680891738,24.4707350816976,19510.484
4.21342054712488,0.0669195509467348,24.469100970214,19529.39
4.2135816940465,0.0660952650866367,24.4681104524842,19548.359
4.21326332565171,0.0662041898219476,24.4648045411296,19567.328
4.21362279632924,0.0658267739273039,24.4636365067953,19586.375
4.21334095987446,0.0676255301444961,24.4593536605298,19605.453
4.21369327079848,0.0646326696807684,24.4567297983885,19624.64
4.21392390426636,0.0657880473479677,24.4443186851468,19643.812
4.21392582729337,0.0650704220833737,24.4389749510672,19663.109
4.21392331499511,0.0635976080892496,24.4380457494064,19682.468
4.21403607450171,0.067242630632536,24.4344223186405,19701.859
4.21384765476229,0.0620297012732818,24.436570843349,19721.25
4.21435666206287,0.0630163509654412,24.4526822657617,19740.703
4.21409482786603,0.0603058795686629,24.4260410755712,19760.109
4.21439919259662,0.0657663779325279,24.4284080216316,19779.718
4.21433020299551,0.0647504935737438,24.4318061799692,19799.25
4.21450669081336,0.0620530088736507,24.4284351705179,19818.875
4.21470186575949,0.0635055660058008,24.4319408018261,19838.484
4.21290195501131,0.0390697694203512,24.4305173645268,19858.281
4.21250192839357,0.0398844267680322,24.4100917924102,19878.015
4.2122831199437,0.0434157892176184,24.4150155184934,19897.734
4.21240483913314,0.0417626515371431,24.4113468083272,19917.531
4.21222943115114,0.0396302669749645,24.4035485627689,19937.375
4.21232141061654,0.0410768323596829,24.3998106538242,19957.437
4.21215873291135,0.0428048216334681,24.3933675250682,19977.531
4.21225719391741,0.0428097427319761,24.4015150854901,19997.562
4.21201711447169,0.0433493627279199,24.4053276839036,20017.718
4.21230196922277,0.0420239208727911,24.4094000109458,20037.781
4.21225787060279,0.043302557519017,24.3915124534811,20058.031
4.21213391043149,0.0406442012610091,24.3813629808044,20078.265
4.21188315527539,0.0422206761336363,24.3930409910122,20098.593
4.21204683216604,0.0376818372499795,24.4039997925982,20118.906
4.21239111426198,0.0406072001243116,24.4000535560495,20139.265
4.2127154229665,0.0414517396255066,24.3803718217369,20159.734
4.21246854104655,0.043163801650236,24.3798374597727,20180.218
4.21243534443304,0.0433404403736358,24.3696334875381,20200.75
4.2124811406304,0.0379423928976078,24.3714035177823,20221.234
4.21223076846936,0.0419384372105793,24.3799721689043,20241.859
4.21249136595508,0.0426182954372749,24.374964297174,20262.515
4.21262636272574,0.0427918542554045,24.375977480871,20283.171
4.21271398899035,0.0446836660001257,24.3736957352935,20303.859
4.21261439616605,0.0424554815301013,24.3569994349507,20323.546
4.2126378812433,0.0402784875517563,24.345529959676,20343.25
4.21279552100512,0.0376992162546881,24.357134595928,20362.968
4.212908490628,0.039688682559427,24.3564239300631,20382.812
4.21257185169183,0.0426315334523973,24.3468084061916,20402.687
4.21255726862544,0.0422851048121177,24.3431044054931,20422.64
4.21288922595056,0.0423788609754487,24.343422630189,20442.265
4.21263634186458,0.0391147755333863,24.3574308191924,20461.843
4.21271835197002,0.0389979350965127,24.3418404805105,20481.468
4.21286687462651,0.0404426493665248,24.3295270303792,20501.171
4.21296106838961,0.0399257926635356,24.3355287887943,20521.046
4.21304444428647,0.041276839939866,24.3380775447771,20540.968
4.21317029072368,0.0398772539745519,24.3264964021506,20560.843
4.21311733152893,0.0390001130173359,24.344529825917,20580.734
4.21317277708012,0.0412920694215927,24.3254487748572,20600.671
4.21320641936956,0.0384353087273005,24.3325606361635,20620.64
4.21319988153613,0.0407102769281835,24.3311821444261,20640.656
4.21325004474484,0.0399902751197429,24.3285084792538,20660.687
4.21333818161214,0.0403096675407914,24.3202785199633,20680.906
4.21343301312649,0.0376978087564859,24.3128306623996,20701.203
4.21346049905861,0.0385636990761462,24.3291840989398,20721.406
4.21358495902392,0.0397483260511789,24.3177949725735,20741.718
4.21364549481664,0.040358741713674,24.3104189299471,20762.078
4.21364560673361,0.0380836186779846,24.3135185869899,20782.5
4.21387439655443,0.0402781791580816,24.3165671594642,20802.968
4.21388386552122,0.0408067251664416,24.3123070754997,20823.39
4.21358855156218,0.0405338187291909,24.31184279375,20843.921
4.21376740143521,0.0373883432800821,24.3131676663164,20864.437
4.21396947421437,0.0385546003518601,24.3183923783671,20885.125
4.21375812972797,0.0408318844478314,24.3023223415386,20905.843
4.21382370984464,0.0386666043701546,24.3131856078986,20926.5
4.21400405808854,0.0337880586879991,24.3139797026463,20947.218
4.21400452026594,0.0384274770865633,24.3206450475468,20968.031
4.21398833824089,0.036472551516274,24.2976692061417,20988.859
4.21417909750213,0.0377942409692115,24.2972273508209,21009.781
4.2140987474677,0.0372871006605284,24.2908393091097,21030.718
4.21438998567304,0.0363866348158519,24.2781378499758,21051.687
4.21447718843303,0.0370943075667193,24.2938660493623,21072.703
4.21461859205866,0.038770923125507,24.2880074086806,21093.89
4.21226481411602,0.0138297898483779,24.2928590790839,21115.093
4.16878389747772,-0.00418829296684113,24.4027639240031,21136.171
4.18764691230993,-0.00188350809082745,24.480744936584,21157.39
4.19229038163999,-0.00193427475240917,24.4963977777296,21178.687
4.19436786378077,-0.00304949037660406,24.4898068888829,21200.031
4.19620950883046,-0.00260602645452507,24.4814713136773,21221.281
4.19737263087212,-0.00487721804673245,24.4732101492035,21242.656
4.19790529377029,-0.00232837863293611,24.4606364519882,21264.109
4.19821476872757,-0.00311246602925541,24.4551805070742,21285.546
4.19876617481508,-0.00316931416673046,24.4531556585126,21307.031
4.19878035743871,-0.00493893872723807,24.4440323176245,21326.546
4.19903540378572,-0.0016229488183729,24.4348536934932,21346.093
4.19933651901487,-0.0019408646654106,24.4288034617186,21365.656
4.19927846217317,-0.00528789436104323,24.4301514341763,21385.203
4.19932901849322,0.00216638636578339,24.425355195591,21404.937
4.19895317305471,0.00066558773798009,24.4234671178797,21424.64
4.19944454777339,-0.0042167106843881,24.41291240392,21444.375
4.19945439438805,-0.00431144335609527,24.40434043426,21464.093
4.19933334466897,-0.00269791412241642,24.4195825633119,21483.875
4.19934966951317,-0.00212113666796157,24.3875670098665,21503.64
4.19949695503624,-0.00591087806454675,24.3979985153006,21523.484
4.19941646947658,-0.00389334231611688,24.4081601401614,21543.406
4.1992237702952,-0.00294761279590042,24.4020490054237,21563.328
4.19960921594464,-0.00130160228830072,24.3986153513195,21583.39
4.19964859570733,-0.00353131751911352,24.3965371001414,21603.453
4.1995836943833,-0.00697926002069772,24.3788814959872,21623.562
4.19924451257513,-0.00114874532521221,24.388412672493,21643.593
4.19915968725371,-0.00398377324673178,24.3702238519984,21663.781
4.19946696201708,-0.00148785510786893,24.3587724899756,21683.921
4.19948399897532,-0.00511790200638176,24.3549693593857,21704.203
4.19944720019036,-0.00153917720359116,24.3686595988193,21724.437
4.19911117166359,0.00037809882158702,24.3694878125682,21744.75
4.19928032318725,-0.00124936771283613,24.3546785046174,21765.109
4.1990705373324,0.00140300891527258,24.342561963504,21785.562
4.1992493439591,-0.00282131519414086,24.3543562627725,21806.109
4.19825740959446,0.000713050461932678,24.2670878152902,21807.109
4.19851034985432,-0.00212029119433548,24.2611067098762,21823.781
3.99023544977249,-1.98888125692306,24.3343996686396,21842.812
3.96828444050039,-1.98963490373897,24.4967651988927,21860.937
3.95194771409879,-1.99187518318871,24.6913850306154,21879
3.93814183789075,-1.99099716675016,24.8620878904178,21897.156
3.92650571065562,-1.98841591542118,25.0487894962722,21915.422
3.91644615527867,-1.98801616526429,25.2364260709767,21933.5
3.90704144246033,-1.99077429457273,25.4306545336018,21951.734
3.89898836579966,-1.99121411878304,25.6205137371738,21969.828
3.89096439727913,-1.98919154703708,25.8123592852851,21988.062
3.88382991041372,-1.99013044300175,25.9964976204636,22006.125
3.87684388323468,-1.99028855346962,26.1768025724504,22024.406
3.87039412047436,-1.99067875328075,26.3506371442965,22042.578
3.86393933935957,-1.99127959344545,26.5280864568772,22060.844
3.85790522674319,-1.991053665351,26.6932346473442,22078.922
3.85195151960503,-1.98967531325514,26.8587633377384,22097.172
3.84623927031925,-1.99122255812029,27.0235838139929,22115.375
3.84076010888189,-1.98952000170941,27.1938840235896,22133.531
3.83535761261629,-1.98991094501276,27.3490396926969,22151.703
3.83040126134217,-1.9914558964149,27.5102448897192,22169.891
3.82515648782107,-1.98848429953149,27.6776179319037,22188.125
3.82063250767793,-1.99145303231471,27.8276884973551,22206.359
3.81556786429209,-1.98926102228717,27.965132832069,22224.531
3.81059168675597,-1.9908681864938,28.12455685681,22242.672
3.80590150413092,-1.99082146894351,28.2552250957906,22260.859
3.80107691253916,-1.99019647905517,28.4020922056365,22279.141
3.79627426292847,-1.99012023101066,28.5424847229204,22297.437
3.79133377695648,-1.98708242116571,28.6833060285045,22315.625
3.78683636860626,-1.98985527990515,28.8192758593172,22333.75
3.78224205691184,-1.9912485442346,28.9564754036811,22352
3.77744658960751,-1.99013144756414,29.0861588771659,22370.187
3.77281692985022,-1.99032725657361,29.2027467838786,22388.344
3.76841629467014,-1.98981184158094,29.3093258917487,22406.609
3.76361985858082,-1.98800283387298,29.4209608948092,22424.812
3.75923731418215,-1.98891489031396,29.5181788920026,22443.141
3.75492703603215,-1.9909399188921,29.6283873237277,22461.281
3.75059651743203,-1.99101230274027,29.7052706408078,22479.453
3.74628031817603,-1.9889955977078,29.7873620931773,22497.656
3.74257965630034,-1.99047919605405,29.8696733278389,22515.953
3.738437156049,-1.98978247220512,29.9341671222928,22534.156
3.73423883838928,-1.9888579727986,30.0082439030462,22552.375
3.73028468199166,-1.99276520301559,30.0740902259027,22570.812
3.72629905613058,-1.98755772917976,30.1148353603296,22589.109
3.72215786815036,-1.98793599251857,30.1590441278346,22607.359
3.71850519317664,-1.98802365170639,30.2210775944378,22625.672
3.71443746958572,-1.98839428008765,30.2468798888257,22644.062
3.71053338214645,-1.98799956881477,30.3003630342977,22662.453
3.70684024382542,-1.98852532248064,30.340377200824,22680.687
3.70272277126321,-1.98970831119995,30.3839440788071,22698.937
3.69877232462556,-1.98819285286805,30.4176029946979,22717.359
3.69495489591423,-1.99308014691164,30.4697639797819,22735.734
3.69140615778585,-1.98865137356142,30.5212640697971,22754.109
3.68781409208691,-1.9908185098062,30.5709332637591,22772.453
3.68388745438491,-1.98988679836554,30.5952425081987,22790.797
3.68014293989274,-1.98928493751942,30.6442288565086,22809.109
3.67652539345569,-1.98952765714923,30.703598347444,22827.453
3.67285141921183,-1.98758277347171,30.7497647551582,22845.812
3.66913307459563,-1.98871990586677,30.7994239365793,22864.187
3.66575281639857,-1.98915013658059,30.8608520781125,22882.531
3.66211598004819,-1.99209869788874,30.8980969662819,22900.859
3.65841806166266,-1.99104581885025,30.9658968425638,22919.172
3.6551211603934,-1.99131295929086,31.0125400434882,22937.594
3.65134939739284,-1.98923634782195,31.0514403502524,22955.859
3.64808079052847,-1.98611412709197,31.1189518732559,22974.203
3.64464811357328,-1.9917326647778,31.174182065316,22992.547
3.64118880950967,-1.98919546649856,31.2180026169941,23010.984
3.63802464591907,-1.99062310450663,31.2955266081873,23029.281
3.63458832045437,-1.98886842172427,31.3341705724217,23047.672
3.63110766996102,-1.99003341267436,31.3913318045391,23066.203
3.6278600637342,-1.98876464380517,31.4411031750196,23084.562
3.62462522619628,-1.98958848689589,31.5059672336034,23102.953
3.62133338614517,-1.99257950127741,31.5502767728595,23121.5
3.61774525453234,-1.99023809741609,31.6159379547652,23139.875
3.61474495399511,-1.98785275453383,31.6719835797793,23158.344
3.61164399094293,-1.98964581427849,31.7245439010084,23176.797
3.60838772775011,-1.98915449253538,31.7743032904804,23195.25
3.60520458032714,-1.99059562937975,31.8365497051983,23213.719
3.60185431775889,-1.99093139774318,31.8853464736514,23232.297
3.59877739075575,-1.98921038004749,31.9401312974809,23250.812
3.5956645884558,-1.98838458455596,31.9903944302502,23269.391
3.59283889614825,-1.9881687625542,32.0511300937542,23287.781
3.58949088449349,-1.99160023166084,32.0879101624044,23306.312
3.58671670189144,-1.99073596399208,32.1554307818377,23324.875
3.58361704910826,-1.98942045990087,32.2052356904124,23343.422
3.5805469026412,-1.98704475210495,32.2648158520137,23361.937
3.5774771791429,-1.98951849643475,32.3155195819438,23380.531
3.57464848407459,-1.98724734554207,32.3632685514524,23399.078
3.57157224133839,-1.98937492624387,32.4063920246943,23417.641
3.568680486379,-1.99001062734572,32.4477221544268,23436.344
3.56596248096385,-1.98855038376358,32.4992292200302,23454.953
3.56304149507244,-1.98886604059047,32.5660460030423,23473.609
3.56018399795215,-1.99072741731209,32.6097248467944,23492.203
3.55742647472233,-1.98852913067003,32.6574765336886,23510.828
3.55463630464693,-1.98749006350601,32.6945030410799,23529.453
3.55200844830665,-1.98970430141732,32.7402208963709,23548.125
3.54946592187969,-1.98827024246186,32.792786670375,23566.812
3.54658766095539,-1.98956914207927,32.8373997462813,23585.469
3.54408602551076,-1.98946482020028,32.8931618627214,23604.078
3.54163462228974,-1.98798329168094,32.9330489760261,23622.734
3.53894767873511,-1.99148172646598,32.9837318302587,23641.406
3.53662984729804,-1.98772898915087,33.0322685206572,23660.062
3.53400304075462,-1.9888227408224,33.0767702830495,23678.766
3.53152100789336,-1.99121540881453,33.1285978087483,23697.422
3.52932133236219,-1.98822600449758,33.1893111329759,23716.281
3.52718097296512,-1.98897093414767,33.2222114698967,23734.984
3.52481038997161,-1.99006477163067,33.2655882060639,23753.781
3.52249716657692,-1.99013244494733,33.3154510113586,23772.516
3.52035933190644,-1.98931316039847,33.3530011455892,23791.297
3.51816345349729,-1.98876734401143,33.4127413808146,23810.016
3.51596401274996,-1.99021948910793,33.4442859956415,23828.734
3.51389503023805,-1.98997148517891,33.4926041468814,23847.469
3.51182909672755,-1.98904139836173,33.5511892375728,23866.187
3.51002740823654,-1.98847909984389,33.5723986684421,23884.969
3.507826255485,-1.99282734128918,33.6118314060383,23903.75
3.50578204077119,-1.99127257646873,33.6652340091443,23922.797
3.50408877295388,-1.9896695063505,33.7302152796011,23941.703
3.50239078691199,-1.98938323618467,33.7699428697172,23960.672
3.50026209727661,-1.98732244488611,33.8087616054461,23979.516
3.49855715923184,-1.99026736895481,33.8694739077959,23998.359
3.49663099455212,-1.9882537169196,33.9148531666853,24017.219
3.49472862681297,-1.98934868196769,33.9633074666256,24036.047
3.49296575461533,-1.98865210372101,34.0267859626589,24055.062
3.49112033591716,-1.99172375300281,34.0645773744184,24073.984
3.48930052434899,-1.9912523892968,34.107310398742,24093.109
3.4873441548273,-1.99042922875842,34.1536721694741,24112.141
3.48561122639363,-1.98989522264333,34.1943674185796,24131.094
3.48358358402965,-1.98999024044929,34.2496457120687,24150.016
3.48181309595111,-1.99106955545986,34.3023933429571,24169.125
3.47982984701723,-1.99192453323556,34.352362078657,24188.234
3.47790654846364,-1.98975142358664,34.4175624811351,24207.187
3.47605841016665,-1.98947348452971,34.4686602306088,24226.172
3.47410096745755,-1.99035528470094,34.5237125498014,24245.187
3.47196525488209,-1.98790394230102,34.5888480900539,24264.281
3.46994699627534,-1.9900744510098,34.6381332302645,24283.375
3.46792157538423,-1.98756474882338,34.7024741361123,24302.469
3.46582858456505,-1.98900132382769,34.7710281416594,24321.547
3.46368987329202,-1.98909639599196,34.8185861840086,24340.547
3.46162347037934,-1.99153226800455,34.8793050111327,24359.625
3.45938147508206,-1.98839165425073,34.9290381415793,24378.687
3.45697991225167,-1.9923629575779,35.0022209285128,24397.844
3.45450591573745,-1.98957664254829,35.0585316422838,24416.922
3.45269189836372,-1.98983584882517,35.1315649242177,24436.078
3.44990987226745,-1.9921481923823,35.1877149301796,24455.375
3.44755872703629,-1.98939166863293,35.2501632759568,24474.625
3.44487200907962,-1.99035579284408,35.325556776941,24493.844
3.44226388029802,-1.99003480547424,35.3873640879341,24513.156
3.43957423618561,-1.98841857482265,35.4622372695048,24532.437
3.43666848202702,-1.99055246352484,35.5240384795328,24551.812
3.43381277220045,-1.98669979012939,35.594407485774,24571.016
3.43093787572732,-1.98725066943508,35.6658835166679,24590.156
3.42782885353395,-1.98943251712879,35.736361812292,24609.453
3.42455238736437,-1.98927761221893,35.8099707253794,24628.75
3.42113815584948,-1.98889067423908,35.9004176475195,24648.031
3.41761165817253,-1.99012545334237,35.9870030261433,24667.516
3.41409239701773,-1.99191980465179,36.0548015204321,24686.875
3.41022331807179,-1.98680308045118,36.1350319615733,24706.25
3.4064775369759,-1.9905086668213,36.2199672055607,24725.547
3.40198560116074,-1.98845629631919,36.3026519756236,24745.031
3.39757536575107,-1.99087599092841,36.3741737377677,24764.516
3.39298701880407,-1.9893044744896,36.4663095562632,24783.922
3.38780046466391,-1.9901947255848,36.533488251643,24803.297
3.38238204819697,-1.98976869368266,36.6203784278017,24822.75
3.37646700238082,-1.98931926940467,36.700468170552,24842.203
3.37023943194977,-1.99038237671247,36.7799551281026,24861.687
3.36297419720618,-1.99092695384621,36.8904601803111,24881.125
3.35498375832916,-1.98840208730779,36.9718512925049,24900.641
3.34643199917224,-1.99213709700265,37.0628403045164,24920.203
3.33659465585952,-1.98903107289992,37.1594829634529,24939.75
3.32548621339933,-1.99001836779935,37.2544038675755,24959.344
3.31294318634985,-1.99156242165631,37.3507255785944,24978.875
3.29830956541953,-1.98969235845072,37.4672880716707,24998.359
3.28178084881607,-1.99439119635115,37.5805415154393,25017.812
3.26227880041441,-1.99108139166329,37.7027963421445,25037.484
3.23974579956591,-1.9899038455289,37.842614223312,25057.141
3.21407770093661,-1.99115752971836,37.9784115782105,25076.797
3.18357285558283,-1.99334977569944,38.0961653213354,25096.641
3.14889662458229,-1.99223733339833,38.248259956401,25116.297
3.10828889682244,-1.99177075020985,38.3965062653855,25135.937
3.05978716885139,-1.98848232659323,38.5459921157647,25155.844
3.00091044074871,-1.99087238844669,38.7120083523371,25175.797
2.92522442642123,-1.9882576381015,38.8810259173873,25195.844
2.81991248372551,-1.98854765994296,39.0640055286827,25215.859
2.6594852120354,-1.98849499032139,39.2860675944774,25235.828
2.40219267685394,-1.98806660804415,39.5910591442915,25255.906
2.11101669878521,-1.98949256264008,40.063965963102,25276.062
2.7844582173535,-0.00374745660612423,40.2602340862871,25296.328
2.8900944200107,-0.00153622578435072,39.9473624162066,25316.719
2.94210799704018,0.00360155060392892,39.6330815367261,25336.937
2.97715171258998,-2.68975136853865e-05,39.2587200846665,25357.266
3.00325660532329,-0.00469295999617817,38.9002561381376,25377.562
3.02437351888885,-0.00312135978638339,38.5343434697868,25397.906
3.04176419649235,0.000481816329165239,38.1840045763132,25418.281
3.05633893273278,-0.00257889266149139,37.8302883496997,25438.547
3.06851807380729,-0.00525057354352744,37.5020159122785,25458.984
3.07922623823352,-0.00323038524139762,37.1617386014679,25479.453
4.20159670902941,-0.00056238643586847,24.0648253425718,25480.453
4.20162057314459,-7.25746446889889e-05,24.063147568933,25489.813
4.00561908735708,-1.99092636979763,24.0842688334459,25500
3.98876844174278,-1.98551495294745,24.161908768828,25509.375
3.9752325349263,-1.99270618875076,24.2289132940382,25518.719
3.96416078940948,-1.9877436935513,24.3132785217126,25528.109
3.95423233952387,-1.98944872216754,24.4249591321743,25537.547
3.9452239676844,-1.99039753223886,24.516100772606,25546.938
3.93714072712475,-1.98837302680701,24.6319911093775,25556.281
3.93002987325448,-1.98912698939415,24.7271004365183,25565.609
3.92291196036951,-1.98886945280669,24.8451657936347,25575.047
3.91667872870023,-1.99197822444556,24.9250507738619,25584.406
3.91064179868449,-1.99248729523424,25.02745302922,25593.797
3.90468807048611,-1.98896084032001,25.1360121939699,25603.188
3.89935716934586,-1.98894096496972,25.2533279413258,25612.563
3.89424676954653,-1.98902426207295,25.3532089139591,25621.922
3.88950765877599,-1.99184925728236,25.4423163014239,25631.281
3.88461067346226,-1.99177402246397,25.5566960445438,25640.609
3.88032630176505,-1.99239462889074,25.6712569450283,25649.969
3.87561041439975,-1.98769209718255,25.7638400130303,25659.359
3.87143792408743,-1.99159865994286,25.8676307994558,25668.703
3.86738253892799,-1.98831167461001,25.9652865671458,25678.047
3.86352585925546,-1.99080418335668,26.0826373332245,25687.469
3.85955519773972,-1.98864212002944,26.1923951634498,25696.828
3.85600370500818,-1.9909555464601,26.2931504511665,25706.219
3.85242105927828,-1.98841838628855,26.3903808928489,25715.578
3.84888223978475,-1.9918707027352,26.4872328239064,25724.922
3.84545267671208,-1.98870936285706,26.5863157639284,25734.297
3.84211435498877,-1.99264960119884,26.6864966930532,25743.656
3.83903466871514,-1.9919005644281,26.7770274175283,25753
3.83556252450845,-1.98923707625774,26.8754012580353,25762.359
3.83262347028054,-1.98910751032654,26.9846424849694,25771.781
3.82965910678671,-1.98555418270664,27.0659375393239,25781.094
3.82666585269665,-1.99049067353909,27.1712550491357,25790.531
3.82353564488136,-1.99079989675257,27.2524187759076,25799.906
3.82047683180726,-1.98985598468096,27.3628316488706,25809.234
3.81766303763608,-1.99009158733009,27.4595134979705,25818.641
3.81443982407291,-1.98668104699911,27.5631370482094,25827.984
3.81155427686486,-1.99137644936253,27.6421286331371,25837.313
3.80862785517288,-1.98763982496128,27.7420406950759,25846.688
3.80574352777917,-1.98856508902766,27.8349698872867,25856.078
3.80253561944004,-1.99325044808639,27.9257120769144,25865.484
3.79937991919243,-1.9898552454587,28.0056257105735,25874.828
3.79641258590391,-1.9878893689574,28.0979487705459,25884.203
3.79302169771629,-1.98985711942628,28.1950472630454,25893.531
3.79001238355026,-1.98837460915358,28.2720741195399,25902.906
3.78677959314121,-1.9890826190523,28.3649616437501,25912.281
3.78347210246624,-1.99027856363696,28.4592403687095,25921.688
3.78012223830274,-1.98848619121523,28.5464379581212,25931.047
3.77702349866294,-1.9893805839351,28.6298565917137,25940.422
3.77363931588628,-1.99085422367902,28.7020635179942,25949.781
3.77020359820686,-1.98813876289467,28.8011517346853,25959.172
3.76693734785283,-1.99109940522981,28.8728808447816,25968.563
3.76338280827204,-1.99119441321063,28.9664979483552,25977.922
3.76011886562471,-1.99136537716338,29.0432348424004,25987.313
3.75654282624552,-1.99171707355022,29.1031789354692,25996.734
3.75315764162009,-1.98791196036634,29.1704167388147,26006.156
3.74960134347769,-1.98713024061741,29.2413729862827,26015.531
3.74648523475722,-1.99068809225504,29.3027370106529,26024.891
3.74327098785633,-1.98721721036269,29.3734931445182,26034.25
3.7398413333041,-1.98897451934065,29.4450891478318,26043.594
3.73673624352849,-1.99251698209881,29.4976995550884,26052.969
3.73347635441972,-1.99208091291656,29.5234132029578,26062.281
3.73028121795151,-1.98836757401187,29.5723772098504,26071.703
3.7273067271784,-1.98978937908821,29.612164982152,26081.063
3.72435075948083,-1.98928040771635,29.6722226267292,26090.469
3.72133291414916,-1.98944252684456,29.6842490407595,26099.813
3.71825057193811,-1.989659067694,29.7151926624689,26109.172
3.71535040788108,-1.98990099946779,29.7354474009184,26118.547
3.71253509840205,-1.98687220185445,29.7693429153324,26127.938
3.70977023140472,-1.99062481568646,29.804260790352,26137.328
3.70722298553525,-1.99145543661865,29.7976968579927,26146.688
3.70429125364801,-1.98891840962478,29.7874999551605,26156.078
3.70168082543179,-1.9911471231522,29.7970990986815,26165.406
3.69917220582443,-1.99029524435553,29.8107829047209,26174.797
3.69644120314164,-1.99043868139763,29.8339606984534,26184.172
3.69378309322691,-1.98922179624704,29.8469377231333,26193.516
3.69146921098823,-1.98803213246971,29.8637368141292,26202.875
3.68864788203103,-1.98921907708038,29.8832154408915,26212.266
3.68617925600695,-1.99102456653704,29.8762562040205,26221.625
3.68358863764719,-1.98843313150556,29.8788877309012,26230.984
3.68125243160123,-1.98785114870388,29.8884891456285,26240.313
3.67850493185405,-1.98838128710683,29.8946713597277,26249.719
3.67609837389216,-1.98695128768287,29.8963510069974,26259.141
3.67373261441926,-1.98928589945418,29.9032253384305,26268.469
3.67130619276817,-1.98985902629517,29.9279360270568,26277.859
3.66882296410387,-1.9865767616793,29.9383440966301,26287.234
3.66641890137876,-1.98861443632754,29.9527418262897,26296.594
3.66402930006195,-1.98946942345798,29.9723797397079,26305.938
3.66179498767649,-1.98926526927822,29.9845245050253,26315.297
3.6591193706173,-1.99093422874323,29.9960922117443,26324.688
3.65679584666437,-1.98780237276822,30.0087526029556,26334.016
3.65429182959825,-1.98804048938913,30.0385541856526,26343.422
3.65199205149925,-1.99033449484258,30.0612613434945,26352.781
3.64974720209758,-1.99156321055363,30.0758080190629,26362.094
3.64726977385532,-1.9902279034502,30.1025374302601,26371.531
3.64479131281513,-1.98658487068973,30.1314538683141,26380.875
3.64256956102575,-1.98772885359618,30.1511182904928,26390.25
3.6402353095656,-1.99090852527405,30.170230782104,26399.625
3.63808511448915,-1.98830494739378,30.2053590545397,26408.969
3.63571767435394,-1.99022384351118,30.2440262183413,26418.375
3.63347281903391,-1.99283203261343,30.2680060067596,26427.766
3.63116799244758,-1.98902206479754,30.3076343644846,26437.141
3.62915386892423,-1.98940472270174,30.3372740854821,26446.5
3.62680283592937,-1.98878302177313,30.3683951510173,26455.859
3.62463821930236,-1.9916664899761,30.3943843897267,26465.219
3.62228140081499,-1.98941947846486,30.4327163569387,26474.578
3.61999096062894,-1.98816475367541,30.4624311000261,26483.922
3.61795068332564,-1.99135319790746,30.5098184368498,26493.25
3.61577123186404,-1.9867053135537,30.5430588408058,26502.656
3.61376305538187,-1.98925201194821,30.5793471570622,26512.016
3.61157970980006,-1.99288706549272,30.6075741562052,26521.391
3.60949119935232,-1.98706115219106,30.6495601558701,26530.75
3.60726582808384,-1.99271931530659,30.6791145082419,26540.125
3.605324764597,-1.99083768778279,30.7188581038681,26549.5
3.60285324122843,-1.99004529666984,30.761819590251,26558.875
3.60123808158511,-1.99016162756115,30.8032057231452,26568.25
3.59878284177725,-1.99112848141954,30.8325897851034,26577.609
3.5972066274956,-1.99231342111252,30.8686254404921,26586.984
3.59491798855382,-1.99012955151958,30.9210949856139,26596.344
3.59272565235273,-1.98955464583727,30.9617181939064,26605.75
3.59100023760372,-1.98936084583972,30.9989182325947,26615.109
3.58904825073566,-1.98974591592536,31.0399621491249,26624.484
3.58694453158024,-1.98820934665122,31.0822066243678,26633.859
3.58492819144166,-1.98865125173003,31.1072622238979,26643.172
3.58330069955892,-1.98655997704681,31.1376257597411,26652.578
3.58123980337638,-1.99052745803703,31.1729252724288,26661.922
3.579240530889,-1.9895172760235,31.2122109002962,26671.313
3.57748177586432,-1.99017339250766,31.2483635251539,26680.656
3.57578348210181,-1.98815667833313,31.2906229173248,26690
3.57365402122009,-1.9916060642074,31.3254452876174,26699.406
3.57190068589613,-1.9851202782911,31.3596150340785,26708.75
3.57000750633933,-1.9894170321333,31.4072790692861,26718.141
3.5682036882095,-1.99088212319959,31.439891444891,26727.5
3.56640715681446,-1.989378883997,31.4684588910127,26736.875
3.56453695737638,-1.99022654282007,31.5099476768101,26746.219
3.56276813828557,-1.98806811933054,31.5589795228332,26755.625
3.56093570408802,-1.98975964777359,31.603774565102,26764.984
3.55916170906595,-1.98729619177786,31.6466117720107,26774.344
3.55747364827329,-1.99068186429185,31.6721506617265,26783.703
3.555619718627,-1.99139691586593,31.7081347380453,26793.078
3.55398393159986,-1.99106819479029,31.7518420938235,26802.469
3.55224768549553,-1.98773602451501,31.786767625598,26811.828
3.5503738927276,-1.99061740944215,31.8062671178594,26821.156
3.54889079764659,-1.98992730973333,31.8367225570471,26830.578
3.54728844625481,-1.98790506046624,31.8795591012914,26839.953
3.54556628956831,-1.9934389365775,31.9060238656834,26849.313
3.54403785167391,-1.98980938163378,31.9598133825289,26858.641
3.54187423438627,-1.98662990261428,31.9907787788381,26867.969
3.54069920614623,-1.98925431280433,32.0160147727833,26877.391
3.53919528230516,-1.99050334399064,32.0668695126689,26886.813
3.53752347341672,-1.9895773495602,32.1052366878035,26896.203
3.53612819734584,-1.9925977239283,32.160774072709,26905.609
3.53455608822641,-1.99317360675438,32.1688970405759,26915.031
3.53302500586408,-1.98511333783914,32.2146090226573,26924.391
3.53143654577239,-1.99181263314609,32.2597005816392,26933.75
3.52997652257482,-1.98583327306761,32.2995060579493,26943.188
3.52804371865333,-1.98717025375579,32.3447384812951,26952.531
3.5270056477694,-1.9884117663515,32.371559709381,26961.906
3.52531987475416,-1.99377475560662,32.3971533991671,26971.281
3.52415379638689,-1.98679875351281,32.4413742043104,26980.672
3.52255298212724,-1.98797397050313,32.4791102237096,26990.016
3.52123250993378,-1.98842560640776,32.5011570738576,26999.359
3.5198263603039,-1.98814767192439,32.5328597001714,27008.75
3.51827026344669,-1.98832605330208,32.5836761132279,27018.141
3.51686009427372,-1.99027927906063,32.6034933156472,27027.469
3.51562571624683,-1.99100984353671,32.6466632307476,27036.844
3.51413746606373,-1.9884453937317,32.7095010332126,27046.234
3.51285462106595,-1.98782068590384,32.7107694596518,27055.578
3.51136301763388,-1.99275446549118,32.7231163146317,27064.906
3.51023860240584,-1.98777296870583,32.7753740855478,27074.281
3.50896869006109,-1.99030092469606,32.8133426236816,27083.703
3.50763097693124,-1.99157496358088,32.847526789698,27093.063
3.50649998481372,-1.98967308012478,32.883505722261,27102.406
3.50501912354354,-1.98961385843636,32.9351838282103,27111.781
3.50382927254142,-1.98862919073454,32.9691304933218,27121.109
3.50227531855832,-1.99024363583111,32.9938151290017,27130.5
3.50095065079446,-1.98908308562147,33.0421219900001,27139.906
3.4998706524436,-1.99026130242984,33.0621663237178,27149.234
3.49848604643392,-1.98851141189814,33.0916794696871,27158.656
3.49743052382893,-1.98922917170156,33.1162111043924,27167.984
3.49625158165554,-1.98701941341395,33.1529657336025,27177.328
3.49465464117123,-1.98987693701067,33.2055980471174,27186.688
3.4935440248747,-1.99084939668948,33.2323391744029,27196.094
3.49249648913582,-1.99217305557603,33.2816493736471,27205.422
3.49111152838098,-1.98772094442946,33.3052148688889,27214.813
3.48998410399408,-1.98962490927098,33.3498769953265,27224.203
3.48877830640118,-1.9922252897279,33.3672080655599,27233.531
3.48757832112883,-1.98988361123912,33.4006638956046,27242.875
3.48627658672927,-1.99063958897772,33.4446865919598,27252.25
3.48511029184494,-1.98932335622513,33.4858731302305,27261.625
3.4837742849845,-1.98821177118406,33.5248296497878,27271.063
3.48242616469777,-1.98864949809958,33.5413827069261,27280.422
3.4814420582659,-1.98649651896931,33.5757684134794,27289.797
3.48022658407695,-1.9893797520877,33.6339380870823,27299.156
3.47899773818118,-1.98910762317799,33.6611689635188,27308.469
3.47774141025787,-1.98861287343392,33.6690844368201,27317.828
3.47653237218976,-1.99062109835064,33.7326883807101,27327.219
3.47546051317914,-1.99131263536099,33.7521451515395,27336.641
3.47407166692792,-1.98955069333458,33.7835517970535,27345.984
3.47292361857997,-1.98931038713286,33.8250979705925,27355.359
3.47180918036931,-1.99103413048997,33.8620882591175,27364.75
3.47073621073592,-1.98976352372009,33.9047757099909,27374.141
3.46919886006211,-1.98731161365547,33.9221668347346,27383.469
3.4681381858197,-1.98864489638688,33.9717638265227,27392.828
3.46680154372706,-1.98872332624798,34.0024016914471,27402.203
3.46573292257537,-1.98854895840357,34.0521284192164,27411.531
3.46453572039299,-1.98944423208839,34.0451277741576,27420.953
3.46323920441164,-1.9883683123394,34.0955861818835,27430.359
3.46180404941307,-1.99061231046687,34.1349301585073,27439.656
3.46066779803679,-1.99094185525349,34.1684872676711,27449.063
3.45939164265815,-1.99113143663872,34.2059419848307,27458.469
3.45811744902802,-1.98981374959866,34.2400756316924,27467.828
3.45694629549599,-1.9890361153998,34.293153146704,27477.156
3.45579289358373,-1.98846212534633,34.3114916040103,27486.531
3.45434340007208,-1.98956902138556,34.392934997669,27495.891
3.45287399074461,-1.99044016380303,34.4125378348761,27505.266
3.45175514191844,-1.98811671826695,34.4519083322009,27514.625
3.45063803563367,-1.98971518467274,34.4684010124029,27523.984
3.44925420110368,-1.99018711090346,34.5008930069026,27533.375
3.44804626109918,-1.99044122178108,34.5536516196383,27542.734
3.44647454414422,-1.99066483162941,34.5903925147348,27552.125
3.44543345643058,-1.9884457494656,34.6417572113339,27561.516
3.44391524392472,-1.98874958525807,34.6321116338997,27570.875
3.44243637732267,-1.98963571480843,34.6781757549908,27580.25
3.44110383115107,-1.99078214299819,34.7329991698382,27589.75
3.43977849614529,-1.99081434352252,34.7659812841947,27599.141
3.43839955237,-1.99031067571447,34.7976691582671,27608.484
3.43694381384592,-1.98944448917192,34.848465045639,27617.844
3.43576690240784,-1.98979252290021,34.8901970867023,27627.234
3.43425864157703,-1.9899108925311,34.9367766842569,27636.563
3.43278624638544,-1.98831657729988,34.9646325677316,27645.984
3.43141559996831,-1.98822583799311,35.010694310036,27655.344
3.42972761912765,-1.98881332185439,35.0514536842833,27664.75
3.42827434037807,-1.98932078997118,35.0734971267714,27674.141
3.42692255738476,-1.99189216029194,35.1008933871752,27683.531
3.42538593109875,-1.98795609872145,35.156795916253,27692.922
3.4238940640772,-1.98928614714343,35.202650024496,27702.359
3.42246141718772,-1.99110076088591,35.2595119431666,27711.656
3.42094874878103,-1.99082531475142,35.2938427168839,27721.016
3.41935988191189,-1.9892390144289,35.3275047230286,27730.328
3.41761642466884,-1.99038867005859,35.3696315095905,27739.672
3.41595511316243,-1.98914823420695,35.3945221603921,27749.031
3.41435136230678,-1.98979401971776,35.4448599892047,27758.359
3.41261968760275,-1.99032671985523,35.4730266156394,27767.703
3.41118306917469,-1.98914012893129,35.5198064824483,27777.031
3.40934891017827,-1.98700050638405,35.5566941931302,27786.484
3.40759722832299,-1.98736465732202,35.6151252370129,27795.844
3.40576436820207,-1.99166926719698,35.6629258908499,27805.234
3.40390983851452,-1.99191574761112,35.6881390552664,27814.609
3.40209417627015,-1.9917448180745,35.7424442271074,27823.938
3.40027403151944,-1.98897955508677,35.7614878442385,27833.328
3.39851092047195,-1.98741473904669,35.7748839244781,27842.703
3.39640048006106,-1.99286066655746,35.8754188298099,27852.063
3.39447588426419,-1.98815077590893,35.9089839780489,27861.453
3.39238668383326,-1.98811760047745,35.9570760830578,27870.797
3.39046274977822,-1.99169804667205,36.0061742335493,27880.188
3.38834126401524,-1.99016846324926,36.051683410178,27889.563
3.38623682698772,-1.99029642608455,36.0904261283487,27898.891
3.38377870503824,-1.9880235039476,36.1260088380126,27908.281
3.38157457818889,-1.98967161775058,36.166470376717,27917.625
3.37929867133977,-1.98964244733513,36.2074440489421,27927
3.37675977292034,-1.98697589149207,36.2597237819155,27936.328
3.37425010887298,-1.98928925099015,36.2952650920885,27945.703
3.37155191250182,-1.98607382976922,36.3449673651658,27955.109
3.36899991583437,-1.99144600510778,36.390372446125,27964.453
3.36624660990547,-1.98872727360669,36.4296491128776,27973.844
3.36329323276405,-1.99071690175763,36.4785248186865,27983.203
3.36038222892257,-1.99137465231816,36.5634332676263,27992.547
3.35701695787399,-1.98989971182486,36.5532772087939,28001.906
3.35374557417237,-1.98937416785621,36.570788690536,28011.266
3.35040152891011,-1.98966992312688,36.642895629229,28020.672
3.34675500566317,-1.98980059283567,36.7120294558652,28030
3.34306164356898,-1.98945758033641,36.7672330379158,28039.313
3.33913796913654,-1.98870496590926,36.805346524027,28048.672
3.33494046721521,-1.98750581606672,36.8679915202533,28058.078
3.33058402077713,-1.989504097822,36.9241267966994,28067.438
3.32610763549431,-1.98977595206909,36.9727350318326,28076.766
3.32128042580929,-1.98749861922664,37.0243653340066,28086.125
3.3162981707168,-1.99033930414945,37.0541866051765,28095.469
3.31088792537977,-1.98871896323054,37.1403553160669,28104.828
3.30509280828238,-1.98910507835131,37.2033376228022,28114.172
3.29923982839312,-1.98947736763647,37.2259327745948,28123.563
3.29301928267694,-1.98969060515154,37.2917966953636,28132.906
3.28638754331824,-1.991345414754,37.3555773999155,28142.313
3.27937849983847,-1.9889938408862,37.4175747018702,28151.656
3.27194944952062,-1.98705611995372,37.4806686779507,28161.188
3.26379455355981,-1.99121904867451,37.5583161560463,28170.656
3.25553921933337,-1.98828518011157,37.5871346004287,28180.109
3.24648720804238,-1.98953964431612,37.6723389414683,28189.672
3.2367434637561,-1.98728143580383,37.7468435570449,28199.219
3.22678826481888,-1.99140826449788,37.8132909730447,28208.781
3.2160235083552,-1.98854207998374,37.8948875557775,28218.344
3.20467039721859,-1.9870300016576,37.9524747154286,28227.844
3.1926014749846,-1.98926414539856,38.0181300295124,28237.375
3.17998479376952,-1.99068500638534,38.0484524965382,28247.016
3.16634770142947,-1.98907886317437,38.1280465933336,28256.516
3.15182158847105,-1.98385618394994,38.2515095734307,28266.016
3.13640249900635,-1.98973750873527,38.3381001176716,28275.5
3.11995569840895,-1.98822562736209,38.3936234476077,28285.172
3.10235454759333,-1.98832172356063,38.4326097128973,28294.766
3.0832501542691,-1.98777061844604,38.5179505994519,28304.484
3.06284394733156,-1.99030515379241,38.6434318954759,28314.094
3.04088478409169,-1.98923234094871,38.7635811265559,28323.766
3.01670717489596,-1.98790626972857,38.8334455290969,28333.516
2.9904775115469,-1.99271814136844,38.9608928299776,28343.25
2.96159587819447,-1.98676343926953,39.0647284723652,28352.859
2.92957399810419,-1.98799454250135,39.1675290451641,28362.5
2.89425115945319,-1.99062656168595,39.3093473009394,28372.109
2.85591196270593,-1.98825488565399,39.4249042586738,28381.828
2.81354259792459,-1.98462656391677,39.572843439185,28391.469
2.76474911697284,-1.98605222267905,39.7245224103607,28401.125
2.70556715688156,-1.98698258551077,39.8605285397705,28410.719
2.62830617356638,-1.98832440100922,39.986633867938,28420.406
2.52221369111415,-1.98839810010834,40.1969425426696,28430.047
2.37127169026766,-1.98882117042261,40.43098541952,28439.656
2.16630095052059,-1.98960117425486,40.6701370684365,28449.297
2.82416516859425,-0.00414603591664611,40.8563322022546,28459.031
2.9381995072854,-0.00170779532019252,40.8390390415563,28468.859
3.00814030728327,0.00147302473305213,40.8005680456031,28478.703
3.06369383887181,-0.0011675875992059,40.6865101885284,28488.563
3.11061323588951,-0.00358665134794784,40.5662506705219,28498.344
3.15128606634712,-0.00526493650625526,40.4352264452761,28508.219
3.18559593123055,0.000866542869970548,40.2829428556905,28518.047
3.21405285384785,-0.0034681559757925,40.1252925704978,28527.875
3.23857955399107,-0.00392055100691726,39.9644280240331,28537.656
3.26012480035368,-0.00107884254968624,39.7847266293871,28547.469
3.27922249205308,-0.00479749948487187,39.6180577373587,28557.266
3.2961609572802,-0.00471443258656194,39.4656573494042,28566.984
3.64199924422651,-0.00474132943193498,26.3404949729099,28567.984
3.44254401261151,-2.25831181262828,26.3390363648567,28570.531
3.75986517260534,1.49443617987367,26.3498255267423,28573.265
3.77137223668374,1.49171268378458,26.3543454899861,28575.781
3.77898302479895,1.490015518371,26.3457332989777,28578.312
3.78541366245062,1.48854059131736,26.3367484008137,28580.828
3.79101370499644,1.48881186314871,26.3222884371348,28583.296
3.79573598049746,1.490753105144,26.3017232775396,28585.75
3.80002081569937,1.48733995679499,26.2882260908985,28588.218
3.80423879015178,1.48934112502519,26.2760510410208,28590.703
3.80850991074789,1.49028724890894,26.2583292885811,28593.234
3.81180903881687,1.48888417277832,26.2476117468773,28595.781
3.81502763861259,1.48989469225216,26.2330678254338,28598.25
3.81785121440583,1.48989873460396,26.2240277122911,28600.734
3.82049411427402,1.49010518616241,26.2107548038269,28603.187
3.82288766816439,1.49295628147941,26.2009573835339,28605.671
3.82527963563306,1.48912734272328,26.1767903485081,28608.14
3.8276562457529,1.49012690696215,26.1722848775527,28610.687
3.82960140298566,1.48942417720202,26.1671422554722,28613.156
3.83132641129905,1.49347288353337,26.1558826873101,28615.625
3.83270959253619,1.49085564222188,26.1448625799508,28618.093
3.83439718894057,1.49265671014667,26.1326172370444,28620.562
3.83597918064408,1.48904134947135,26.1311174722583,28623.046
3.83710272696805,1.48930539295828,26.1168027374806,28625.578
3.83851074019704,1.48937625196399,26.1059239861133,28628.093
3.83992839775094,1.49228839484741,26.0945894902176,28630.625
3.84081687574278,1.49119032157901,26.0855128169716,28633.14
3.84219963416047,1.49163785026137,26.0705763163062,28635.64
3.84298192978269,1.4913745207565,26.0599455733889,28638.109
3.84401230035437,1.49252093473993,26.0525231737658,28640.578
3.84496166076891,1.49231402855236,26.0525759921228,28643.093
3.84592556544235,1.48984703413975,26.0440911735308,28645.625
3.84684190229524,1.48840548507001,26.0404008278129,28648.14
3.84757829472048,1.48916815770715,26.0259242203641,28650.671
3.84867392291806,1.48913204938555,26.0176352498221,28653.187
3.84928596272667,1.49001685044646,26.019443478881,28655.703
3.85032976574923,1.49071349667813,26.0067065535088,28658.234
3.85076176565421,1.48800207287614,26.0016369957269,28660.75
3.85190237973431,1.4916353634662,25.9840546798723,28663.218
3.85252584701483,1.4899781587946,25.9847214275371,28665.687
3.85341480281008,1.48983455767508,25.9742953907997,28668.218
3.85390886883589,1.49353214087272,25.9740031663087,28670.734
3.85486889029539,1.49132364526473,25.9663424836228,28673.265
3.85529068167649,1.4912523236921,25.9660738034174,28675.781
3.8561472154402,1.48674434365823,25.9521422224301,28678.296
3.85698579055768,1.49201460122343,25.9450225421464,28680.828
3.85759878875927,1.49261898474812,25.9460284517931,28683.343
3.85837137079928,1.49083085431992,25.9397541997568,28685.859
3.85916290193066,1.49057694155705,25.9400418182662,28688.39
3.85960191643794,1.49096249432494,25.9234490937489,28690.906
3.8602185398521,1.49112873095968,25.9211657162726,28693.39
3.86148439674544,1.49050035169552,25.9138946374002,28695.859
3.86185720125235,1.49121214707242,25.9074223056299,28698.343
3.86244860901434,1.49101064210018,25.9034353060108,28700.859
3.86316595837314,1.49232718582815,25.907535565854,28703.375
3.8639369778928,1.49134490014417,25.9040519214243,28705.906
3.8644690771095,1.49212767574765,25.8997356505116,28708.421
3.86524908867733,1.49197963899641,25.8955122874268,28710.953
3.86569972373025,1.49012348500076,25.8877376080091,28713.468
3.86647626011809,1.48814767419859,25.8774590538206,28716
3.86740140152815,1.49317345105387,25.8742870882159,28718.515
3.86809202002362,1.49271424555152,25.8704667260362,28721.031
3.86863838972288,1.49160558459465,25.8707508875037,28723.625
3.86907544060292,1.49060064503025,25.8664163711163,28726.109
3.86995371039844,1.48914933982558,25.8716982771478,28728.593
3.87040942721432,1.49048999514013,25.8652870074533,28731.062
3.87128220133813,1.48713662697223,25.8632960964422,28733.546
3.87176659615454,1.49087703683247,25.8611149888781,28736.015
3.87259241705563,1.48888945514444,25.8531015404674,28738.531
3.87327559630702,1.49086242257355,25.847248089985,28741.046
3.87370326889046,1.49001407146429,25.8446807980419,28743.578
3.87454397110525,1.49059293297212,25.8392091916419,28746.046
3.87513132341393,1.49174272436276,25.8448156893761,28748.515
3.87551273315182,1.49111733990647,25.8290517989131,28750.984
3.8762464847214,1.48956765821593,25.8224065786306,28753.515
3.87685442113272,1.49250049085419,25.8236752817467,28756.031
3.87775187969117,1.48771754567475,25.8272127798238,28758.562
3.87839209459733,1.48909857637049,25.8174891138886,28761.078
3.87881068154413,1.49380098223976,25.8102545338233,28763.593
3.87988606676498,1.49147726270005,25.8052464802599,28766.125
3.88037896193953,1.48668010075346,25.7969609784625,28768.64
3.88085788990948,1.49310503922214,25.7896877250194,28771.171
3.88201188093148,1.48983607641867,25.790569226901,28773.687
3.88211376449374,1.49083207673895,25.7961992693372,28776.218
3.88301114698423,1.48817485101575,25.7857370478212,28778.734
3.88342537049946,1.49073796116108,25.7789077837131,28781.234
3.88369876729559,1.48665101586739,25.7852391242432,28783.796
3.88450521892121,1.48923758223068,25.7739046045152,28786.343
3.88522184023102,1.49260429670276,25.7710601875467,28788.859
3.88573588842467,1.49092750679138,25.7661056189886,28791.39
3.88644366621225,1.49381109713519,25.7710233639008,28793.906
3.88665399413335,1.49201154963753,25.7711804157587,28796.437
3.88740466877609,1.49471458927551,25.758887896667,28798.953
3.88819293074662,1.49006340025589,25.7517902414978,28801.468
3.88917206228015,1.49189458962629,25.7504781946554,28804
3.88960090581438,1.48924029299834,25.7476445945146,28806.515
3.8900796345561,1.49563568110895,25.7427620991546,28809.046
3.890593259125,1.49179939094103,25.7431064742352,28811.562
3.8912510852041,1.48918794549794,25.7474819022059,28814.093
3.89145950927215,1.49195118747972,25.7540931149211,28816.609
3.89239388314354,1.48827866599039,25.7395679828063,28819.078
3.89319269600517,1.4912018201283,25.7387932770218,28821.546
3.89345813843994,1.49229828097178,25.7397606632228,28824.015
3.89382512284115,1.49123843838413,25.7302231502539,28826.5
3.89483156881421,1.49176598120804,25.7225699770004,28828.984
3.89539430368847,1.49140598589591,25.7310897869248,28831.468
3.89600864707945,1.48950978274072,25.7242628305946,28833.953
3.8963804829381,1.49041347998771,25.7194958034656,28836.421
3.89678105223335,1.48944789603845,25.7226865894578,28838.89
3.89765452744998,1.48984285548325,25.7193382820086,28841.421
3.89823325486924,1.49185515726593,25.7136900007498,28843.937
3.89850556707896,1.49104926141278,25.7177548934173,28846.453
3.89927949734356,1.49115666452312,25.7065734561945,28848.984
3.89974182668317,1.49145951341478,25.7027350842388,28851.5
3.90015156771963,1.49127441820311,25.7084267641876,28854.031
3.90082788407607,1.49171544081833,25.7080679861109,28856.546
3.90198891478991,1.48267875680244,25.7139755005767,28859.078
3.90193751332117,1.48799588257904,25.711286141926,28861.593
3.90274436481976,1.49147272665264,25.7087053263609,28864.109
3.90300858741164,1.49126962209553,25.702220650633,28866.64
3.90385826512259,1.49104897999073,25.7042137233387,28869.156
3.90379546746653,1.49173139945393,25.6992398331893,28871.687
3.90472426784897,1.49228374232794,25.6875597873769,28874.171
3.90512894255925,1.49190153623454,25.6960463318605,28876.64
3.9060381467771,1.49360002416762,25.6951386373649,28879.171
3.90607587814492,1.49141011183723,25.6861455056222,28881.687
3.9068580287541,1.49096432688868,25.6892435031279,28884.203
3.90711577322933,1.49257923142933,25.6873772638063,28886.734
3.90776770772691,1.49377516110519,25.685744947115,28889.25
3.90815049085726,1.49205997971195,25.6900026457217,28891.781
3.90892501202461,1.49144594030993,25.6901076728148,28894.296
3.909593333801,1.49096242109212,25.6901846184254,28896.828
3.90975727243439,1.49069726658307,25.6892616956167,28899.343
3.9106560709921,1.49152750207772,25.6956036270428,28901.859
3.9110272330382,1.49034854426471,25.693857532322,28904.39
3.91142031138236,1.49276684755158,25.6873895597473,28906.937
3.91185830271172,1.49254507327769,25.6817329242256,28909.453
3.91239424039251,1.4933154510068,25.6829806343996,28911.984
3.91298502615448,1.49080811428056,25.6795527085604,28914.5
3.91353525565396,1.49033603096856,25.6709281366812,28917.031
3.91394608594946,1.48797720892709,25.6785351124563,28919.546
3.91461343223325,1.49152753469008,25.6793376658654,28922.078
3.91496810973182,1.49046285815137,25.6750696931346,28924.593
3.91518128871766,1.49124717090548,25.6684257980034,28927.109
3.91601918308889,1.49041853660242,25.6683016899956,28929.578
3.91627523933171,1.48983965236421,25.6710107554416,28932.14
3.91684973362621,1.49029488566066,25.6665282766989,28934.609
3.91745351530558,1.48958695491763,25.6771618691642,28937.078
3.91760813763903,1.49359210383207,25.6629561671054,28939.546
3.91838968571647,1.48986386551815,25.6635739000616,28942.062
3.9187078712904,1.49270967148239,25.6532302569932,28944.593
3.91923463418927,1.49193476814404,25.6520492949549,28947.109
3.9196729925434,1.49175799438057,25.6534507360502,28949.64
3.92003945860302,1.48831491071124,25.6516980534777,28952.156
3.92073667262409,1.49212157962882,25.6471139068512,28954.671
3.92083365423384,1.49172181830093,25.6485265575037,28957.203
3.92145929493325,1.48969908383752,25.6533466721872,28959.718
3.92175669285941,1.48996603632654,25.6526057972256,28962.25
3.92212179015273,1.49258934220987,25.65142633335,28964.765
3.92265131501092,1.49028136821888,25.6521682400546,28967.296
3.92305548677111,1.4907294456985,25.644437013986,28969.812
3.92368512280803,1.48911310737247,25.6387984420829,28972.343
3.92408134274476,1.49011092744612,25.652043102939,28974.859
3.92420276440662,1.49398211803582,25.6459857361693,28977.375
3.92478948138759,1.49090752437115,25.6441507648972,28979.906
3.92521246412718,1.4917108365485,25.6525232442522,28982.421
3.92541465574294,1.49306661567679,25.64124709484,28984.953
3.92605367889706,1.49226891951326,25.6389405593614,28987.468
3.92627955349516,1.49190674511427,25.6347502229984,28990
3.92684384461078,1.49246003353666,25.6419045205184,28992.546
3.9271909213453,1.49037877270347,25.6447518717691,28995.015
3.92759761243949,1.48909734257993,25.6394047108145,28997.515
3.92796967239781,1.48483625487435,25.6439346826842,29000.031
3.92854955967745,1.49095291471093,25.6442144458484,29002.562
3.92901290480738,1.49142506810051,25.646704059066,29005.078
3.92918782423254,1.49183838478731,25.6463507817609,29007.609
3.92968343164041,1.48812211915556,25.6289477055162,29010.125
3.93002167951901,1.49231168588301,25.6320155853179,29012.656
3.93034686674068,1.49480729802121,25.6293866750822,29015.171
3.93082630035721,1.49006610968557,25.6309730845114,29017.703
3.93108193198488,1.49174402235778,25.631812719848,29020.218
3.9315880883359,1.49168365245563,25.6325308681723,29022.75
3.93173838609429,1.48963123521512,25.6345609027281,29025.265
3.93229826355744,1.49161434194988,25.6368068405028,29027.796
3.93265111291126,1.49092756071608,25.6410873043176,29030.312
3.93321671423727,1.48936576943747,25.6374161414387,29032.843
3.93308114835557,1.49218415254214,25.6351661079739,29035.359
3.93361030873962,1.48998590113475,25.6308635097959,29037.875
3.93399324100766,1.49212898385438,25.6426860183583,29040.406
3.93408456546899,1.49130373853102,25.6461137170623,29042.921
3.93469241625532,1.4906323442348,25.6474637843261,29045.453
3.93498130182723,1.4891211672716,25.6402476628684,29047.968
3.93539071883489,1.48747738185203,25.6344646541325,29050.484
3.93569884885784,1.49055055132703,25.6364423729862,29053.015
3.93599086551698,1.49137102887467,25.6354493599754,29055.531
3.93640827940627,1.49132353140006,25.6342304927886,29058.062
3.93655649641673,1.48922925733097,25.6360772208555,29060.531
3.93689342530256,1.49202736574184,25.6552446577885,29063
3.937095805447,1.49284348040989,25.6519471873181,29065.468
3.93773315461702,1.49103392799172,25.6427947671903,29067.937
3.93787228838972,1.49440903288675,25.6496214950339,29070.406
3.93825369568388,1.49101037762733,25.641814416392,29072.937
3.93839708543462,1.49121586979063,25.6342692568972,29075.453
3.93870345608321,1.49069730282428,25.6396151673753,29077.984
3.93917219372632,1.48689227073662,25.6446707521124,29080.453
3.93956204963213,1.48823700263665,25.6327275213143,29083.031
3.93995594085159,1.49245872033776,25.6178395855578,29085.5
3.94016501855311,1.49082860459491,25.6276388034979,29087.968
3.94049588252515,1.49008519295565,25.6222498356641,29090.453
3.94066728779358,1.48967120243714,25.6279345149108,29092.984
3.94120809822007,1.49187996469439,25.622747196736,29095.5
3.941276096686,1.49263534221616,25.6246382105592,29098.031
3.94173165356286,1.49140068918965,25.6337665752237,29100.546
3.94189670144529,1.49088349597931,25.6369892903285,29103.062
3.94238403736869,1.49103719472797,25.6308470358034,29105.593
3.94250539765292,1.49061857113851,25.6279815664632,29108.109
3.94285971916689,1.48963674752895,25.631994988771,29110.64
3.9433036470392,1.49061025480434,25.6390533377998,29113.156
3.94350779374325,1.48878392216293,25.62768960819,29115.687
3.94392599439582,1.49178176026352,25.6282790051477,29118.203
3.94405064800541,1.49175047289942,25.6345377107142,29120.734
3.9447038037607,1.49149278384117,25.6378022825928,29123.25
3.94460568474805,1.49149766525995,25.6307200346244,29125.796
3.94511157135429,1.48756639684301,25.6237207620603,29128.265
3.9453089016363,1.49139159463131,25.6278307413355,29130.734
3.94536091780267,1.48798328308239,25.6304090116147,29133.203
3.9459261852006,1.49298676825416,25.639107213781,29135.734
3.946190802756,1.48951391672372,25.6435995448997,29138.25
3.94618538281663,1.49198685511127,25.641576919816,29140.765
3.94666963403823,1.48845996545365,25.6434687576561,29143.296
3.94725732411939,1.49078531586072,25.6342784998891,29145.812
3.94737582427811,1.49160897636282,25.6375232050569,29148.343
3.94751456588258,1.49344575774271,25.6379042172134,29150.859
3.94771004643885,1.48941946263847,25.6370238113747,29153.39
3.94802443415318,1.49183972159894,25.6267091044097,29155.906
3.94837058584872,1.48641901635947,25.639833301005,29158.437
3.94868798128329,1.48878198885984,25.6422611432832,29160.953
3.94891404629092,1.49109034157893,25.6469338072778,29163.484
3.94893948042568,1.48979219100125,25.6464038062411,29166
3.94920543611735,1.49269818025423,25.639898437629,29168.515
3.94974260986758,1.49139603212523,25.648918778819,29171.046
3.95011240425771,1.49248996984889,25.6469787319219,29173.562
3.95020779815781,1.49119657228767,25.6472557028115,29176.093
3.95048728237299,1.49282590881647,25.647793577995,29178.609
3.95080562447254,1.48975424825875,25.6458264587994,29181.14
3.95112769224458,1.49086646003016,25.643410196903,29183.656
3.95168554467895,1.49102283890251,25.635353666305,29186.171
3.95160378828549,1.48989088719785,25.6384767565489,29188.703
3.95207692330699,1.48873281907442,25.6364626487994,29191.218
3.9521642494793,1.49256857181185,25.6402291485133,29193.687
3.95235322388757,1.48942798223941,25.641483918334,29196.171
3.95281411706826,1.49103910357838,25.6439210699701,29198.64
3.95298549788302,1.49145388709272,25.6428368456637,29201.109
3.95307121526621,1.49386354956547,25.6426607269194,29203.578
3.95332443050524,1.49180013923805,25.6367040269831,29206.109
3.95383230718134,1.49059507135491,25.6440015821169,29208.625
3.95398750556181,1.4917087737819,25.6469932450777,29211.14
3.95404193321293,1.49073695978973,25.648381024852,29213.671
3.9542369768045,1.48969666703262,25.6691283266953,29216.187
3.95488330733423,1.49175980126467,25.6605764233321,29218.687
3.95473853407594,1.49172235790328,25.6643663070494,29221.156
3.95528666744091,1.4905668213335,25.6650417303971,29223.64
3.95566578696228,1.49168526815173,25.6640861373822,29226.203
3.95607706549374,1.49197418093933,25.6764581089849,29228.718
3.95584791689696,1.49178792217762,25.6776489600665,29231.25
3.95623533113522,1.49097347091898,25.6658348151018,29233.765
3.95658411128981,1.48873618549433,25.6704906568531,29236.281
3.95675860552164,1.49043187436544,25.6650422884642,29238.812
3.95717026541223,1.4895545608947,25.6732383752768,29241.328
3.95730888258695,1.48960408074044,25.6704191711696,29243.859
3.95750238714028,1.48905683059165,25.6731333573036,29246.375
3.95778501233526,1.49163086246538,25.6710716951354,29248.906
3.95797519945622,1.48945598647651,25.673188616591,29251.421
3.95829437225315,1.49115155512805,25.6778404412781,29253.953
3.95849486804934,1.49379193494288,25.6755227974406,29256.468
3.95870609649773,1.49093713874539,25.6819686381636,29258.937
3.95897220393546,1.49183370783447,25.6762447792622,29261.421
3.9594031752667,1.49118764437108,25.6802437093732,29263.875
3.95958573111707,1.49197534404546,25.6758783369017,29266.343
3.96011729285598,1.49060586613761,25.6801846738037,29268.828
3.96024879045509,1.49217406942157,25.6816383870596,29271.359
3.96035755194156,1.49193523957904,25.697512906346,29273.875
3.96047330967291,1.49093307356245,25.6895937164817,29276.39
3.9607362419695,1.49105824521612,25.6774581079696,29278.921
3.96117773840379,1.49205084808678,25.6814455832333,29281.437
3.96112845684874,1.49177108302831,25.6751407188562,29283.968
3.96183254726273,1.49275047102028,25.6783673072968,29286.484
3.96222396870956,1.49254109398657,25.6821883582051,29289.031
3.96203137890833,1.49077184796611,25.6784241681628,29291.562
3.96230661270975,1.49002340814333,25.6774584089157,29294.078
3.96263292628228,1.4905188126721,25.6734876255234,29296.609
3.96274146095199,1.49065745734645,25.6683022430631,29299.125
3.96318770472762,1.49287191679881,25.6776257884027,29301.64
3.96360885918418,1.49046330307729,25.6853392556918,29304.171
3.96356745531184,1.48818131416882,25.6919396596566,29306.687
3.96394857449497,1.49322653904511,25.6907530886798,29309.218
3.96417120761007,1.4896560549284,25.690849832403,29311.734
3.96445126039838,1.49260814177231,25.6904066868597,29314.265
3.96476607404449,1.48919218041465,25.6940482663775,29316.718
3.96493417252565,1.49126759647206,25.6932974318378,29319.187
3.96514628695053,1.49112176227431,25.6936094107387,29321.718
3.96538217707668,1.491010035047,25.7047793976976,29324.234
3.96586437809312,1.49000250765133,25.7007175237409,29326.765
3.96592691629063,1.49096825492476,25.7114907988568,29329.281
3.96616727069631,1.49068613384573,25.7022884479335,29331.812
3.96639968445777,1.49159309300329,25.710194905834,29334.328
3.96683441174648,1.49168814140898,25.7209829322174,29336.843
3.96713041237655,1.4902497905112,25.721758535928,29339.375
3.96712125897504,1.48842061439541,25.7265957655987,29341.89
3.96763597308194,1.49254344361001,25.7257081935728,29344.421
3.96748160284924,1.48989146476615,25.7369618940595,29346.937
3.9679670894703,1.48943186987068,25.7369574278903,29349.468
3.96804736857814,1.4920396911633,25.7332112840111,29351.984
3.96858439958501,1.4925256274422,25.7325430497155,29354.515
3.96890640244258,1.4929048885456,25.7279764816309,29357.031
3.96896786494858,1.49119790729151,25.7292857137507,29359.562
3.96932689023408,1.48858986257077,25.7272806443467,29362.078
3.96963418355387,1.49116373274951,25.7357069362103,29364.609
3.9697543145131,1.49009000501732,25.7374336112009,29367.125
3.97011543611565,1.49053658886164,25.7248635062509,29369.64
3.97026109765412,1.49057249585588,25.7370881486421,29372.171
3.9702431804947,1.49111806673074,25.7369046556547,29374.687
3.97084527852328,1.49352321283906,25.7343389565066,29377.218
3.97089258406768,1.49197120641091,25.7470779868536,29379.734
3.97127472996862,1.49036598566039,25.7506563197082,29382.203
3.97144909503144,1.48690310758308,25.7617139526146,29384.671
3.97205798832978,1.4917084717348,25.7567604022387,29387.14
3.97196176260663,1.49019852989916,25.7594538621975,29389.625
3.97218889120748,1.48835667134835,25.7603620938883,29392.093
3.97260393821581,1.49030208415482,25.7544478864577,29394.609
3.97295071013209,1.49041163817202,25.7562939367361,29397.125
3.97303325147867,1.49226656302352,25.7550168879477,29399.656
3.97338882284224,1.49363937939007,25.7660437680584,29402.171
3.97339877607902,1.4907760005259,25.7668624800837,29404.718
3.97404022603752,1.4945893419929,25.7717661948294,29407.281
3.97421070567542,1.49287800267293,25.7680417689622,29409.75
3.97424979795359,1.48939562283764,25.7747537192803,29412.218
3.97427921012476,1.49134117214301,25.7657293477381,29414.687
3.97482885534499,1.49212878855887,25.7703448728224,29417.14
3.97490893156973,1.48908735247738,25.7684080683426,29419.609
3.97505032845777,1.49010755620207,25.7784163677448,29422.14
3.97560892269012,1.49428422666635,25.7919800483014,29424.656
3.97587053746459,1.48903634852183,25.7880230939012,29427.187
3.97610769645639,1.49090730637297,25.7926185632217,29429.703
3.9764037907332,1.48871541096566,25.790090483722,29432.234
3.97653554087483,1.49002442641649,25.7956136170122,29434.75
3.97678157813106,1.48892423670453,25.7924936032489,29437.281
3.97711463399765,1.49048816212743,25.7843254791402,29439.796
3.9772691038324,1.48909988744512,25.7876696832102,29442.328
3.97749700870007,1.4920675844264,25.7906323820238,29444.843
3.97757371167826,1.49357900792934,25.7969563569781,29447.375
3.97782675092507,1.49145598342289,25.7947806760554,29449.89
3.97838527988165,1.49242622533469,25.791547878443,29452.421
3.97848727364012,1.49184918176051,25.7941395148153,29454.937
3.97886310723747,1.48925249483007,25.7942356106132,29457.468
3.97902459939205,1.49015097472782,25.8008357918532,29459.984
3.97935691109667,1.48825514494953,25.7986838019614,29462.5
3.9794715932145,1.4921275508132,25.8051152219291,29465.031
3.9799899564255,1.49054954995801,25.801607130199,29467.546
3.98012041038205,1.48870404942069,25.8074360797171,29470.078
3.98051201156561,1.49048413436272,25.8130278980528,29472.593
3.98043110546473,1.48932047803195,25.8161412461727,29475.109
3.98068411910771,1.49163113490155,25.8191743628236,29477.64
3.98080361989151,1.48988872295757,25.8230124003665,29480.187
3.98122870785578,1.49192795320239,25.8278731838626,29482.718
3.9815025605896,1.4915967905396,25.8273631901765,29485.234
3.98170158133664,1.49045940912137,25.8364605239223,29487.765
3.98211291140416,1.49058403650307,25.8403241686519,29490.281
3.98238007399011,1.49189622897847,25.838357258966,29492.796
3.98253419594515,1.49174852162716,25.855909251954,29495.328
3.98287339476047,1.49021425955894,25.8517970301204,29497.843
3.98315851657292,1.49120836512643,25.8517132063405,29500.375
3.98338018332833,1.49121805381971,25.8519934026382,29502.89
3.98354892300889,1.49321878147562,25.8560379796419,29505.406
3.98383877222559,1.49183106365078,25.8436263803381,29507.937
3.98379301523343,1.49040651890636,25.8423060746081,29510.484
3.9843574550031,1.48876004199007,25.8427595085538,29512.953
3.98460291195588,1.49411115953728,25.844256820552,29515.437
3.98487528948861,1.49253984823768,25.8498791887918,29517.906
3.98522490505788,1.49110921470395,25.8519816039899,29520.375
3.98544390320675,1.49200184482969,25.8383996302961,29522.843
3.98530668692266,1.49032857270343,25.8536458531191,29525.375
3.9859061411188,1.49127709291266,25.859254560355,29527.89
3.98581240592818,1.4894898022534,25.8665747877516,29530.406
3.98614887807297,1.49162915207459,25.8746142631148,29532.937
3.98639938520693,1.48739210013075,25.8848576197997,29535.453
3.98660446192441,1.48994585126384,25.88086454567,29537.984
3.98705589256848,1.48913624152026,25.8882354108156,29540.5
3.98718191904652,1.48965478409484,25.8901043428731,29543.031
3.9873863763063,1.49230006555893,25.9013842109145,29545.546
3.98776167267501,1.48936087684303,25.8973058357032,29548.062
3.98802055903768,1.49059350147299,25.8938087554468,29550.625
3.98814903372598,1.49077567720268,25.8966905837771,29553.14
3.9886150142648,1.49416609006525,25.8952571732695,29555.656
3.98878287902635,1.49305547984326,25.8975950508158,29558.187
3.98899968973264,1.48967306770006,25.8989130703302,29560.703
3.98914171017706,1.49179422984226,25.9061884769989,29563.234
3.98946576125699,1.49143156942521,25.9066769550892,29565.75
3.98993322177367,1.49244713678683,25.9033379634113,29568.281
3.99015100220206,1.48912882911711,25.907315012053,29570.796
3.99024248118624,1.49048558418303,25.9085399291817,29573.328
3.99026012513571,1.49060085504621,25.9127478092653,29575.843
3.99068561028483,1.49206772455047,25.9082736956326,29578.375
3.99097948322185,1.49019254584598,25.9103416288704,29580.89
3.99115638060058,1.4928274214974,25.9155721518777,29583.421
3.99152448521139,1.48947884224561,25.9254541734788,29585.937
3.99170537089959,1.49283315481937,25.9244548359087,29588.453
3.99187971303847,1.49364319970796,25.9215689587205,29590.984
3.99201508492625,1.49026018335702,25.928957740085,29593.5
3.99233468105776,1.49314439949089,25.9336345366102,29596.031
3.99249325001164,1.49193292520803,25.9369968131172,29598.546
3.99274568054517,1.49115273337295,25.9411620161098,29601.078
3.99312623285729,1.49194665797954,25.9469715553494,29603.593
3.9932897839373,1.48888621059306,25.9444527781416,29606.062
3.9936738705322,1.48836469873164,25.9428179867056,29608.546
3.99367155977727,1.49006681996236,25.9436814820622,29611.015
3.99444491345083,1.48778542625239,25.9479822394529,29613.546
3.99433343648272,1.49028950247213,25.9553644950045,29616.125
3.99432306385326,1.49435565909439,25.9531869650762,29618.593
3.99493106536307,1.48530617175803,25.9597957966968,29621.078
3.99506918668354,1.49028673015547,25.9563930016176,29623.546
3.99505371865361,1.48889440175739,25.9586577637646,29626.015
3.99562526022421,1.49008807921057,25.970016112651,29628.484
3.99582603583788,1.48883461354549,25.9766353618983,29631.015
3.99578684493128,1.49318070924936,25.9795032518988,29633.531
3.9962175615212,1.48871092031766,25.9745385275206,29636.062
3.9964587591653,1.4898177250699,25.9775711792718,29638.578
3.99682747997496,1.48895021131469,25.9757531076978,29641.093
3.99691286810087,1.49255186260827,25.981739147401,29643.625
3.99722417692467,1.48988386585689,25.9848697713801,29646.14
3.99731773994008,1.49090874789378,25.9878132259024,29648.671
3.99746078689912,1.49267653440572,25.984807424218,29651.187
3.9979109291842,1.49217878977223,25.9836891352093,29653.718
3.99795533198597,1.48949952032284,25.9930372843092,29656.296
3.99819856332115,1.4891449527029,25.9932456674567,29658.765
3.9988184014355,1.4943926699891,25.996353358403,29661.281
3.99862050569137,1.49270154153476,25.999372014948,29663.75
3.99905011713797,1.49051986474917,25.9995631771705,29666.218
3.99960975577904,1.48831218100112,26.0056940804534,29668.718
3.99957630433886,1.49085666799729,26.0156816706174,29671.25
3.9998436163565,1.49131614459389,26.0184552573359,29673.765
3.9999320237516,1.4918049549584,26.0207626615807,29676.296
4.00043986036651,1.49280833253042,26.0265984017415,29678.812
4.00035536506653,1.49027501477073,26.0191234767351,29681.343
4.00073105429954,1.49191856955156,26.0330348031665,29683.859
4.00077535567766,1.49198890963411,26.0402102276844,29686.39
4.00099928981285,1.48942425707702,26.037432769623,29688.906
4.0015256456803,1.49348620478831,26.0452993198797,29691.421
4.00163187329186,1.4916671323215,26.0502570088484,29693.953
4.00196687959806,1.48978393170263,26.0536289066418,29696.468
4.00241136232699,1.48777887930337,26.0514594445788,29699
4.00233807879277,1.49118548897621,26.0539673354085,29701.515
4.0027716125304,1.49119583213785,26.0552489482612,29704.046
4.0027892053278,1.49262464667969,26.0584403083102,29706.562
4.00312693402994,1.49174812914396,26.071472193328,29709.093
4.00337571980272,1.49140239030743,26.0719566492348,29711.609
4.00369555975427,1.49128307879883,26.0812342647903,29714.125
4.00380313802214,1.48937448802911,26.0825661751717,29716.656
4.00388136792239,1.49054732924737,26.0837669198815,29719.171
4.00468291741941,1.49017437063416,26.0807038624429,29721.703
4.00462215092627,1.49037593725535,26.0725544352914,29724.218
4.00503805986216,1.49179196119595,26.079505375132,29726.75
4.0051792131795,1.49095633296875,26.0757907930482,29729.265
4.00546276250383,1.49322611989299,26.0803891003317,29731.734
4.0054641561571,1.4916188896402,26.0928832432851,29734.203
4.00564055467837,1.49238433438959,26.0972295398272,29736.671
4.00586761696403,1.49041506810189,26.093899703027,29739.156
4.00638030693219,1.49154156464192,26.0998703497708,29741.625
4.00643896325899,1.4921596700652,26.1071824060204,29744.14
4.00681920094609,1.48924953689439,26.1074872409121,29746.671
4.00694714887058,1.49288977718381,26.1125131448229,29749.187
4.00711505851072,1.49125326182092,26.109411764024,29751.656
4.00748869449638,1.49201310746786,26.1111638451494,29754.171
4.0076030297984,1.48992768022574,26.1191889715345,29756.656
4.00795498663378,1.49170676141533,26.1167959045665,29759.125
4.00818800882582,1.49136986090294,26.1191373188296,29761.64
4.00817447837979,1.49076902452302,26.1294207504938,29764.125
4.00881720224036,1.49024515769689,26.1253938391664,29766.593
4.00864894151988,1.49281277561125,26.1253993000459,29769.062
4.0090732379418,1.48901963708273,26.1275302808412,29771.531
4.00951249478644,1.49164560651221,26.1328705466165,29774
4.00961194637269,1.4898993053504,26.1362990236135,29776.531
4.00972490625461,1.49138844607581,26.1399865930018,29779.046
4.01022554362135,1.49274184148656,26.1563721517411,29781.578
4.01014420510197,1.48897067309391,26.1624821978617,29784.093
4.01063319616088,1.49050963592632,26.1651337035579,29786.609
4.01096208741397,1.4901959656276,26.172384846304,29789.14
4.01118451866327,1.49081929634624,26.1692893876399,29791.656
4.01135983192534,1.49474019124166,26.1607329125537,29794.187
4.01157849685344,1.48939988239441,26.1673380802752,29796.703
4.01199659899984,1.49263771565426,26.1669324878096,29799.234
4.01201474217546,1.48995407684704,26.1763064191645,29801.75
4.01223901384505,1.48926682852394,26.1733073199901,29804.281
4.01239927116029,1.49229830779112,26.1808187965776,29806.796
4.01260696265975,1.4926939689084,26.1768015855107,29809.328
4.01326839353693,1.49096892192906,26.1849293873655,29811.843
4.01356123360795,1.49009111625899,26.183814487227,29814.375
4.01375237577422,1.49247400587385,26.190977978548,29816.89
4.01392619696887,1.49024501497568,26.2043978161381,29819.406
4.01401437689845,1.48848804706343,26.2082157582901,29821.937
4.01433237773319,1.49115178183419,26.2066267076591,29824.453
4.01471752776152,1.49319487025747,26.2106044608316,29826.921
4.01488041556242,1.48860621036428,26.2166527659497,29829.406
4.01477001609793,1.49357416128141,26.223268293951,29831.875
4.01518322092453,1.49217528894119,26.2229707009338,29834.343
4.01554392335096,1.49073019095631,26.2207585429991,29836.812
4.01639893278182,1.48948706691258,26.2289803262706,29839.343
4.01615925034994,1.49001866679464,26.2193518649459,29841.859
4.01585660926263,1.49051607916192,26.2289941196132,29844.39
4.01648438981236,1.48924726778553,26.2308776398442,29846.906
4.0169425960689,1.49247717080063,26.2380365642804,29849.406
4.01738224056407,1.49475943536542,26.2375967688103,29851.89
4.01734038969422,1.49277271378492,26.2415006252987,29854.359
4.01768098127889,1.49519077551974,26.2465704291599,29856.843
4.01768561484677,1.49374348534929,26.2485451634664,29859.296
4.01809776672763,1.49258354749917,26.2520086665636,29861.781
4.01819722883799,1.49169345256157,26.2585514572048,29864.25
4.01866534166505,1.49046960700468,26.260383238133,29866.765
4.01879239978203,1.48916798921772,26.2602703695463,29869.296
4.01901690851993,1.49347651530378,26.264607345853,29871.812
4.01950104337132,1.49042125007564,26.270245911784,29874.343
4.01955459926156,1.48952625355898,26.2683184557092,29876.859
4.01979099741432,1.4877412786099,26.2780638181593,29879.375
4.0203117639815,1.49146973246702,26.2810465971038,29881.906
4.02039210166317,1.49193718899406,26.2914505057396,29884.421
4.020378380995,1.49186207849125,26.301743932442,29886.953
4.02098752840358,1.49115592648914,26.2990912679999,29889.468
4.02141131812461,1.49211398219508,26.3026952306642,29892
4.02142480145506,1.49118669728431,26.3065224716367,29894.515
4.02162379346465,1.49279973787612,26.3115781467302,29897.031
4.02192269909314,1.48936661692239,26.3126530735412,29899.562
4.02200876690948,1.4928815958183,26.3146706486664,29902.078
4.02222222226135,1.49097015607247,26.3211906671535,29904.609
4.0225726963293,1.4908306560648,26.3197727948967,29907.125
4.0232547462665,1.4946299935539,26.3130733466436,29909.656
4.02303917999987,1.48923667928496,26.3271439930431,29912.171
4.02345818159748,1.49347753679542,26.3350933781217,29914.687
4.02383794956359,1.48982174150045,26.3394503182482,29917.156
4.02392932235296,1.49064952977491,26.3414034668551,29919.64
4.02421925592035,1.48917659378344,26.3455584150928,29922.109
4.02458243315738,1.48815309078836,26.3488363901743,29924.578
4.02491330955463,1.49409896701811,26.3475464756773,29927.046
4.0250721503574,1.49135503297928,26.3513791681833,29929.562
4.02525926402249,1.48958453607736,26.3491688703999,29932.093
4.02552683938725,1.49380988469088,26.3540241684178,29934.609
4.02593864668518,1.48959303246033,26.3583331100187,29937.203
4.02626647401096,1.49270353837264,26.3702552176787,29939.671
4.02630904889645,1.49438008929009,26.3734292827101,29942.14
4.0264331302654,1.49007034955473,26.3755471498665,29944.625
4.0268668553138,1.49085301351702,26.3771121018389,29947.093
4.0270902284961,1.49177489410607,26.3834055498949,29949.625
4.02731517040188,1.49154511715454,26.3836166662857,29952.14
4.02789990371079,1.4906995592425,26.3919125643497,29954.671
4.02822592467387,1.4932982340761,26.3907710773224,29957.187
4.02812385542247,1.49188895370641,26.3944932704093,29959.703
4.02838892666909,1.49137220718466,26.4004977079005,29962.234
4.0288432703342,1.49068566360282,26.4018261031142,29964.75
4.02883139711275,1.48834133042283,26.4044435078198,29967.281
4.02916969769531,1.48956822029493,26.4105670356229,29969.796
4.0293380529846,1.4884939561532,26.4197326789226,29972.328
4.02979837445345,1.49122283179935,26.4140540462278,29974.843
4.03021453333766,1.49107800458578,26.419540614993,29977.359
4.03052175481388,1.49063686567129,26.4250622348089,29979.89
4.03066984338577,1.49006956393683,26.429866046826,29982.406
4.03091562964482,1.49016367599341,26.4303412454496,29984.937
4.03132163604939,1.49048217008807,26.4372403895241,29987.453
4.03140305987038,1.4874629056717,26.434793575372,29989.968
4.03158010661727,1.49093802155953,26.4312488147116,29992.5
4.03227374758265,1.49217877488447,26.4310245314048,29995.015
4.0324196782051,1.49170996738492,26.4447349196794,29997.546
4.03274210315723,1.4938132204203,26.4492113269617,30000.062
4.03288758827205,1.49147295041935,26.4554086938116,30002.593
4.03308196406502,1.49120956877269,26.4638092759302,30005.109
4.03341445178078,1.49130090459172,26.4691332269857,30007.578
4.03328255076989,1.49333875320199,26.4650554006394,30010.046
4.03349245326778,1.48972655696308,26.4671286202722,30012.515
4.03429822728229,1.49079468922537,26.4706047953264,30014.984
4.03439401904899,1.49342647137049,26.4704129829328,30017.453
4.03471448262733,1.48911087561648,26.4710369223568,30020.046
4.03494354540957,1.48971274910098,26.4746023965811,30022.5
4.03511117049199,1.49162819330662,26.4856657255676,30025
4.03565506551284,1.49016194190992,26.5010882758767,30027.468
4.03564414143805,1.49096700890655,26.5068508291549,30029.953
4.03625374976207,1.48923369581055,26.5131483796453,30032.421
4.03631421000525,1.49166191494246,26.5159911554108,30034.89
4.03663110975141,1.49118601801733,26.5069881115337,30037.359
4.03655440307009,1.49019577247146,26.5148691673168,30039.89
4.03711465885831,1.48992740191473,26.5208016608975,30042.406
4.03730236422474,1.48970448142829,26.5214749136721,30044.937
4.03766122302979,1.49115424512933,26.5322203321142,30047.453
4.03822431933273,1.49143866131454,26.5333240428318,30049.984
4.03801246234282,1.49003708414706,26.5333203338079,30052.5
4.03895824717822,1.49152756577753,26.5365336645801,30055.015
4.0387131617517,1.49082951151634,26.5362559381222,30057.546
4.03885382010299,1.48855670304233,26.5444887665653,30060.062
4.03931099296893,1.4941437304923,26.5445336887809,30062.593
4.03964269921724,1.4868134679848,26.5434225257961,30065.109
4.03999703334358,1.49187776285439,26.543641687238,30067.64
4.04019642836693,1.49123501534678,26.549175146029,30070.156
4.04072723192897,1.49219773107104,26.5549930242358,30072.671
4.04095774762014,1.49340957852054,26.5466623829861,30075.203
4.04104833865177,1.49072082391624,26.5467272506071,30077.718
4.04149311553742,1.49063850481935,26.5619306931107,30080.25
4.04157994232987,1.49365936323714,26.5653268808055,30082.765
4.04202470789734,1.49259744575537,26.5731047262041,30085.281
4.04233788301015,1.49136806830062,26.5661266072337,30087.812
4.04269516522029,1.48989166675052,26.5744167114278,30090.281
4.04280398640811,1.49208468715821,26.5775523535272,30092.75
4.04322980286906,1.49249239807003,26.5785795869073,30095.25
4.04346837299655,1.49007708224821,26.5823367213731,30097.718
4.04356597139937,1.49261418439954,26.5844810257782,30100.218
4.04403435416967,1.49057588968917,26.593872243473,30102.687
4.04422273041439,1.49302456118089,26.6059379047678,30105.156
4.04447954745554,1.49088514720452,26.5980642489403,30107.671
4.04482468521037,1.49062961584383,26.6029984335353,30110.203
4.04524036736118,1.49178809080176,26.614313278241,30112.718
4.04524051659831,1.48998486684757,26.6143028605002,30115.25
4.04574191950516,1.4919160170621,26.6291945591765,30117.765
4.04561734495429,1.48968091989915,26.6246587811277,30120.296
4.04619434882332,1.49061938044311,26.6320211448631,30122.812
4.04646972637503,1.4918405818483,26.6492408891392,30125.343
4.04687979908488,1.49026283408025,26.6484344977227,30127.859
4.04747383083503,1.49222756759247,26.6524304612623,30130.39
4.04735534766461,1.48728166827805,26.6583158826245,30132.906
4.04755346904144,1.49121843923257,26.6635486585268,30135.437
4.04813838986601,1.49040366788675,26.6648581241508,30137.953
4.04844339363911,1.49038391511926,26.6724561458547,30140.468
4.04879099538094,1.49041330619733,26.6722449503998,30143
4.04899468019347,1.4901081789402,26.6742227446402,30145.515
4.04925470907809,1.48782478548452,26.681098678532,30148.046
4.04961790230807,1.49142853887055,26.681173179065,30150.562
4.0497643112922,1.4897005834649,26.6815706188967,30153.078
4.05009042032597,1.49325624277407,26.6824482787937,30155.609
4.05036764095605,1.4916484645444,26.6940017377232,30158.125
4.05080093362305,1.49321154398205,26.6963449642078,30160.656
4.0509725877183,1.48966946611769,26.7041893301296,30163.171
4.05121685010948,1.49185870736908,26.7121694694439,30165.64
4.05174493952487,1.49020289085956,26.7101315842369,30168.109
4.05204330300151,1.49076100277797,26.7142463552267,30170.578
4.05192000138126,1.49373980630202,26.7201718028905,30173.062
4.0524118660148,1.48930304778551,26.7282507604577,30175.546
4.05293548145459,1.48859740830422,26.7320324020453,30178.062
4.05308890162192,1.48907030561866,26.7306643850601,30180.578
4.05377045590734,1.49436030355008,26.7423651894651,30183.046
4.05385668565817,1.49107848220121,26.7451260754691,30185.531
4.05360945330264,1.48764406991421,26.7498211569109,30187.984
4.05451190745493,1.48913498377411,26.7499583207025,30190.468
4.05457375022063,1.49001219239974,26.7603213894813,30192.937
4.05519736596192,1.49163755120359,26.7658681249687,30195.453
4.05524175819834,1.49215320679172,26.768250165057,30197.984
4.05592687583908,1.49142912382148,26.7707917057975,30200.5
4.05550150270981,1.48827202827414,26.7853958506822,30203.015
4.05612385089947,1.48666282654573,26.7881929605956,30205.546
4.05615806604282,1.48843270715071,26.7919253491337,30208.062
4.05648544277651,1.48869634057015,26.7890381046618,30210.593
4.05696652097873,1.48996654752633,26.7875958410546,30213.14
4.05727419865308,1.49118082195888,26.7957700889619,30215.609
4.0578293053813,1.49109523915854,26.7958506560461,30218.109
4.05844316548063,1.49001406500307,26.7912745255305,30220.593
4.05840505355572,1.49165952707386,26.8016372151102,30223.125
4.05841257154348,1.49158873688588,26.792508405528,30225.64
4.05890708430459,1.49113056940337,26.8045169886343,30228.156
4.05977130692492,1.49439330089825,26.8115447491267,30230.687
4.05971903277203,1.49276618913128,26.8230606826785,30233.203
4.05970734046057,1.48832874188742,26.8247869883178,30235.734
4.06047171838435,1.48994443499069,26.8356479817662,30238.25
4.06065516844151,1.49256664045183,26.8403617538397,30240.781
4.06089748179552,1.49215901250191,26.837499579549,30243.296
4.06129767403869,1.49022067657661,26.8385161138287,30245.828
4.06167835651763,1.49180877677885,26.8473248525044,30248.343
4.06195506167074,1.49297128948212,26.8477489748044,30250.875
4.06207208446552,1.49164539356392,26.8471967954523,30253.39
4.0623860379221,1.49080896133642,26.8479511981115,30255.921
4.06302869973228,1.49361926445394,26.8583612368553,30258.437
4.06328231567929,1.49119114345432,26.8636543764703,30260.953
4.06347766657806,1.4910572110896,26.862895778045,30263.484
4.06368087773023,1.4922434725295,26.8762142686205,30266
4.06394973043943,1.49087953074294,26.8778421114122,30268.531
4.0644918008004,1.49137568895046,26.884696219357,30271.046
4.06468876053993,1.49384317101662,26.87868921417,30273.562
4.06508268603295,1.49313811147981,26.8804077004577,30276.093
4.06526593883364,1.49075882776359,26.8948246773706,30278.609
4.06596216486087,1.49213538840024,26.8943819097225,30281.078
4.06590149219421,1.49049559925935,26.9013679989263,30283.546
4.06651483995302,1.49291583588768,26.9019052146075,30286.046
4.06654180517148,1.49218516849311,26.9010638044079,30288.515
4.06697699151784,1.49114005328805,26.9022607571567,30291
4.06705952140741,1.49267263259608,26.9128413746436,30293.468
4.06756567468281,1.49024921985659,26.9226940447321,30295.937
4.06813545979242,1.49021749406349,26.9259101663474,30298.406
4.06823966635537,1.4900732304437,26.9241425909303,30300.937
4.06861478366533,1.49133091450554,26.9330353401743,30303.453
4.06899466361447,1.48982801901549,26.9314421014465,30305.968
4.06927880521678,1.48958673117599,26.9402277701555,30308.5
4.069602879432,1.49300663354381,26.9501609225738,30311.015
4.06976358908677,1.49371402305984,26.9558787462601,30313.546
4.07020255437023,1.49059442803399,26.9569036175089,30316.062
4.07062258963359,1.48900722039367,26.964657440095,30318.593
4.07090196651646,1.49208861398904,26.9588171760156,30321.109
4.07120916118913,1.48912713304588,26.9643732264009,30323.64
4.07157886388302,1.48955826977409,26.9732240871407,30326.156
4.07183454912851,1.49256293025686,26.9832413749186,30328.687
4.07213049014591,1.49055410192211,26.98649690964,30331.203
4.07258772173403,1.49088650723704,26.9997585978322,30333.718
4.07301246712507,1.49002351700846,26.9980109311184,30336.25
4.07319459164402,1.49149818233114,27.0010876186332,30338.765
4.07371076786734,1.49129231551043,27.0040186314358,30341.296
4.07381967590227,1.49049416534531,27.0064349653119,30343.812
4.07418420791535,1.48862338228289,27.0071074199433,30346.343
4.0746574588617,1.49070326963784,27.0179390880432,30348.859
4.07503857802006,1.49219090945235,27.0211463689371,30351.328
4.0754544893041,1.49032916508841,27.0224992347731,30353.796
4.07581278903927,1.48929898484144,27.0295886294691,30356.343
4.07615260640052,1.4923757079879,27.0252312652414,30358.828
4.07634484829048,1.49255337644121,27.0265500139281,30361.312
4.07668033110861,1.49239306338374,27.0370061879759,30363.781
4.07708200477246,1.49118010130814,27.0439474113617,30366.296
4.07726578733518,1.49017827616718,27.0438713582518,30368.812
4.07777853920705,1.49074126899456,27.0526902120571,30371.343
4.07787499272704,1.49143484774391,27.0533598720036,30373.859
4.07819107945702,1.49135588277494,27.056377499661,30376.39
4.07878312115146,1.48773678517336,27.052595568192,30378.906
4.07924364746851,1.48965120955338,27.0533283896498,30381.437
4.07954852187074,1.49123446347379,27.0660384790589,30383.953
4.07985078716297,1.49256764672209,27.0686082201245,30386.468
4.08013975430064,1.48923867400882,27.0726108493129,30389
4.08033703508635,1.49114517042133,27.0750735040915,30391.515
4.08069281144551,1.49286443421522,27.0845438302718,30394.046
4.08103642312371,1.49085209161506,27.090233826533,30396.578
4.0814256782475,1.49085639642087,27.0926636590076,30399.093
4.08184241796162,1.49041779469453,27.1024198493209,30401.625
4.08221814153297,1.49125166209163,27.1062544462496,30404.5
4.08273579942469,1.49299876072128,27.1134046186684,30407.109
4.08311749177658,1.49108627844514,27.1223339733855,30409.703
4.08348288334112,1.48996839658014,27.1184437138303,30412.265
4.08370947539825,1.49095940974741,27.1189173551872,30414.843
4.0842462219253,1.48953227782051,27.121718214875,30417.406
4.08450228664648,1.49271643474089,27.1324254336594,30420.093
4.08476312368808,1.48908515436208,27.1343717199094,30422.703
4.08527025074191,1.49282933970615,27.1466512382937,30425.296
4.08551824163658,1.49013527198373,27.1529944607858,30427.89
4.0858805013819,1.4894524827296,27.1585725175729,30430.5
4.08639218031173,1.48997027210154,27.1622020401732,30433.062
4.08643718767497,1.49273783359523,27.1714606502643,30435.625
4.08709778623254,1.49281715252343,27.1677022340527,30438.203
4.08740434055322,1.48902628805288,27.1742940166228,30440.765
4.08750110560092,1.49059448268767,27.1811898464804,30443.328
4.08860416671502,1.49051026484081,27.18801663571,30445.89
4.08850479126317,1.4883229691686,27.1931256192465,30448.453
4.08894284634224,1.48716374821157,27.1952854444083,30451.015
4.08933809538011,1.48623166689049,27.2004825288745,30453.578
4.08982328519267,1.49026594424339,27.2071805988526,30456.14
4.09013143032217,1.49009324961173,27.2136712671701,30458.703
4.09060114003575,1.49022677363104,27.213555976451,30461.296
4.0907606870224,1.48899887323271,27.2205535183156,30463.859
4.09101288811469,1.48915506759604,27.2209620321499,30466.437
4.09167105585776,1.48845809900023,27.2166783052786,30469
4.09173406859637,1.49211056873832,27.2195158193837,30471.562
4.09213439959059,1.48912036246926,27.2364429921486,30474.14
4.0926847970993,1.49169564160458,27.2433966532045,30476.703
4.09305124652736,1.48954334618072,27.2461338862797,30479.265
4.09355530405132,1.49267812324079,27.2501889432097,30481.812
4.0935331608735,1.49271946410535,27.262450537939,30484.39
4.09401633032058,1.49272301649689,27.2599388711171,30486.953
4.09454524152402,1.49089268154279,27.2709442369487,30489.593
4.09514316828139,1.48918988401817,27.2695986637766,30492.25
4.09544187675088,1.48944077137797,27.2722696150263,30494.828
4.09564996884246,1.48995452500725,27.2727217403014,30497.39
4.0957908090907,1.4871417218901,27.2800964245049,30499.968
4.09663968301597,1.48857421544002,27.2727387979698,30502.531
4.09669499709789,1.49170763008845,27.2822527059725,30505.093
4.09708422184902,1.49109445240114,27.2852357849238,30507.656
4.09772023712604,1.49058791563677,27.2953007322263,30510.218
4.09797125620386,1.49224606531461,27.3034542566197,30512.781
4.09845484339543,1.49237736096335,27.3036733861012,30515.343
4.0985102376352,1.49300844875528,27.3117164740894,30517.906
4.09883623149249,1.49108654418388,27.3129655198682,30520.468
4.09956983904291,1.49185110685251,27.3025126174573,30523.046
4.09974570317122,1.48950663260489,27.317256652234,30525.609
4.09994441826004,1.49097770960599,27.3202580424641,30528.171
4.10063465558039,1.49208711012237,27.3373648310576,30530.734
4.10113906861916,1.49698091764882,27.3391593940554,30533.296
4.10152286441908,1.49344352603206,27.3386917081565,30535.875
4.1019377541136,1.48898458244459,27.3397256923384,30538.437
4.10250961318949,1.49216727915221,27.3455154474849,30541
4.10253354565463,1.48834646517297,27.3485425441174,30543.562
4.10312612886018,1.49126163281188,27.3489626186028,30546.14
4.10330715351789,1.49228651956592,27.3601641173788,30548.703
4.10353879712125,1.48712973141936,27.363584624561,30551.265
4.10410180667525,1.49299346929237,27.3629638549067,30553.937
4.1045648603002,1.49141447382919,27.3752863985446,30556.531
4.10474166181874,1.49080176656606,27.3781311805866,30559.093
4.1052227040743,1.48951553473393,27.3825569758621,30561.671
4.10544534669882,1.48892682593555,27.3916676945242,30564.218
4.10615022295016,1.49161734473863,27.3939287556426,30566.781
4.1062740139337,1.49058241527059,27.394796289637,30569.343
4.10710129478562,1.49206065394074,27.4050449624323,30571.906
4.10737636973517,1.49040655586223,27.4080151515914,30574.468
4.10772224772711,1.49204043302163,27.4173046405896,30577.031
4.10805342692413,1.49256554105674,27.4191470199084,30579.593
4.1086752710321,1.49484257607597,27.4277318197886,30582.156
4.10898460245945,1.49333256095814,27.4318841298006,30584.718
4.10907498006873,1.49182839560918,27.4393639583462,30587.281
4.10967463447936,1.49148895399083,27.445847690501,30589.843
4.11003603368079,1.48908306889078,27.4489248848679,30592.406
4.11046803424578,1.4910355301635,27.4506736452283,30594.968
4.11128092013253,1.49417599017685,27.4519174817868,30597.546
4.1113515066323,1.49688634122182,27.4637267902963,30600.109
4.1116652115544,1.49000796704168,27.4690340695197,30602.671
4.11204668109115,1.49214520811387,27.4707267992034,30605.234
4.11234297496799,1.49000427888139,27.4791055236132,30607.796
4.11301694863931,1.48994747544361,27.4834445272595,30610.359
4.11312938024592,1.49061705146151,27.4849481110686,30612.937
4.11341466716554,1.49123343212932,27.4888120446338,30615.5
4.11382136307345,1.49195786712062,27.492578562799,30618.062
4.11440815528084,1.49145132143924,27.4948588572034,30620.625
4.11478227925712,1.49140283533922,27.4970386399215,30623.187
4.11546606987149,1.49312489333867,27.4977985704656,30625.75
4.11565745141703,1.48977287667481,27.4987550977725,30628.312
4.11622799160824,1.48978978675541,27.5065787829645,30630.875
4.11643725717244,1.48942670845252,27.5148222903497,30633.437
4.11698364891145,1.4931652753195,27.5214407952549,30636
4.11714182944311,1.49003520273025,27.5167342815928,30638.562
4.11755142266608,1.49420339156574,27.5341708654742,30641.125
4.11823476145548,1.4964681074956,27.5346830355486,30643.703
4.11822167764165,1.49016706490137,27.5368818814962,30646.265
4.11894492530974,1.49202344159341,27.5413494147507,30648.843
4.11946296513861,1.49262975344648,27.5535188851112,30651.468
4.11983724883188,1.49319512279875,27.5500097677147,30654.078
4.12022299929096,1.48960673393213,27.5568985091915,30656.656
4.12038768315965,1.49037553926366,27.5576288650034,30659.218
4.1208272809403,1.49088724848612,27.5732307366654,30661.812
4.12129928606301,1.48852692820452,27.5811034001905,30664.375
4.12180226541513,1.49178809147622,27.5793217109586,30666.937
4.12208731783035,1.49112114236562,27.588882682544,30669.5
4.122545124975,1.49121614259883,27.5889452966972,30672.062
4.12289909218188,1.49133909391126,27.594995446508,30674.625
4.12330294868396,1.49033602879598,27.6070420569138,30677.187
4.12370248155745,1.49304137684609,27.6040888427353,30679.75
4.12439568200054,1.49151123362988,27.6097303476381,30682.312
4.12458835962152,1.49067877617861,27.6196521861049,30684.875
4.12507926455628,1.49031121036674,27.6273451912639,30687.437
4.12528599537003,1.49453435537174,27.6262214640504,30690
4.12594751014976,1.49078968578335,27.6338318207246,30692.562
4.12648592352818,1.49308838593586,27.6364725556004,30695.125
4.12675113155659,1.49289299530189,27.6487936563648,30697.687
4.12686439308012,1.49102941345672,27.6491958872406,30700.25
4.12773808475347,1.49420821321175,27.6428834153257,30702.812
4.12801420572794,1.48900658639511,27.6503143688085,30705.375
4.12824474980676,1.48930722805037,27.6663774539321,30707.937
4.12870183403098,1.49489248602474,27.6774879525707,30710.5
4.12938619613464,1.49108482171809,27.6783097107227,30713.062
4.12944602054307,1.49376184023826,27.6843648112722,30715.656
4.13019797202103,1.48945575863231,27.6906232076742,30718.281
4.13044704371244,1.49339652115451,27.6938924179549,30720.906
4.13055197967645,1.48934124730953,27.6939684583252,30723.578
4.13107867007002,1.49308527202036,27.7068512754793,30726.203
4.13156382784454,1.49155572425006,27.7027714057539,30728.781
4.13206067603532,1.49210188422831,27.7040242970449,30731.343
4.13236776114603,1.49069530945419,27.7156278588189,30733.906
4.13285182349226,1.49123725843757,27.7097704472573,30736.468
4.13339739820288,1.49108465062405,27.7160952620861,30739.031
4.13376212868797,1.4935114840908,27.7198938315943,30741.578
4.13414455610522,1.48874561179775,27.7276460045907,30744.14
4.13453934462992,1.49157993610164,27.7412406895049,30746.703
4.13491783315678,1.4920689318884,27.7471961634155,30749.265
4.13531942832895,1.49295065709341,27.7558534252995,30751.828
4.13581277119793,1.48852980661633,27.7503211679015,30754.39
4.13602688958798,1.49000145896635,27.7486249928551,30756.953
4.1366264420571,1.4916246783409,27.7531220187335,30759.515
4.13723588909805,1.49036421839611,27.7626305559805,30762.078
4.13746001002292,1.49313061618629,27.7728578805285,30764.64
4.13788230929566,1.49242098239302,27.7782167303856,30767.203
4.13821516556322,1.49298063352488,27.7884734895076,30769.781
4.13893865566767,1.49284090473142,27.78937798477,30772.343
4.13894070558993,1.48850873501695,27.8001129595939,30774.906
4.13964882252622,1.49036064615988,27.7996531042879,30777.468
4.14000092010125,1.49021657201646,27.8129114788794,30780.031
4.14044602150583,1.48991454516505,27.8195207121099,30782.593
4.14064998474603,1.49142089201402,27.8240015421298,30785.187
4.14114443563539,1.49210506686104,27.8326081273811,30787.812
4.14148412123894,1.49081755555835,27.8331246038776,30790.421
4.14187912167189,1.49063719355166,27.8342248120569,30792.984
4.14241765903497,1.49101011865506,27.8410219509143,30795.546
4.1428405319902,1.48982762876394,27.8482522153673,30798.109
4.14336449828945,1.48943478285598,27.8569487830599,30800.671
4.14376961846857,1.48813438836704,27.8652137697726,30803.234
4.14383619633728,1.48852195496477,27.8696433961883,30805.796
4.14418867806149,1.49162777834218,27.8738586841746,30808.359
4.14484086458329,1.49235111967435,27.8795475940012,30810.921
4.1450951882891,1.49142703936864,27.8831759424849,30813.484
4.14542482578673,1.48990066091682,27.8941896461963,30816.046
4.14601061337961,1.48930390316531,27.8952275471948,30818.609
4.14688156739706,1.49359165155214,27.9060494926435,30821.171
4.14708372590559,1.49226796310371,27.91521747393,30823.734
4.14744820294344,1.49182265546549,27.9098022603187,30826.312
4.14803210797898,1.49759653659314,27.9091317625761,30828.859
4.14827778030866,1.49247991825022,27.9117906397701,30831.437
4.14884568766686,1.49109167101314,27.9182060217076,30834
4.14897827457634,1.49077073013685,27.924257579596,30836.562
4.14954483154815,1.48792324952981,27.9251718838318,30839.125
4.14964582041985,1.49287490291274,27.9438787790884,30841.687
4.15039361745409,1.489517169859,27.9589338197711,30844.25
4.15075219181434,1.49217067557918,27.9633230589099,30846.843
4.1512847759573,1.49081151270076,27.9680385173534,30849.406
4.151328066572,1.48956373898996,27.9761710008601,30852.031
4.15177191922362,1.489464613875,27.9765888568291,30854.593
4.1521641844556,1.49217821497102,27.9918588588917,30857.156
4.15259434549053,1.49265476926353,28.0035312272796,30859.718
4.15302355707147,1.49274767070008,28.0124388262359,30862.281
4.1533806344172,1.49424046755731,28.0220552868735,30864.843
4.1537487447976,1.49150740816454,28.0272460854729,30867.406
4.15421668167856,1.48769886538033,28.0303363853557,30869.968
4.15461310005933,1.49089558299437,28.0393573663408,30872.531
4.1549955620933,1.48999794394008,28.0447518152485,30875.093
4.15564586028691,1.49220726639073,28.0592307826905,30877.656
4.15571452229463,1.49196826089598,28.0650481068438,30880.234
4.15645484195122,1.49058143979945,28.0643790109043,30883.156
4.15677934214382,1.49245967759356,28.0683515796646,30885.921
4.15730108719931,1.48921636021671,28.0694601988693,30888.609
4.15756627257757,1.49057809784817,28.0826646693688,30891.328
4.15805496536319,1.49191386184267,28.0883597342451,30894.062
4.15846468704104,1.49313893297481,28.1007247674461,30896.796
4.1591328787883,1.49165765795012,28.1108963513099,30899.453
4.15933187817031,1.49467438539086,28.1241509999812,30902.187
4.15993047145954,1.48937985389351,28.130145105587,30904.859
4.16027595330726,1.49257081056504,28.1295899175448,30907.578
4.16064599133514,1.48983692011166,28.1357450250535,30910.234
4.16093587499793,1.49138573318374,28.1469574556597,30912.953
4.16166986763228,1.49172966989014,28.1579205802708,30915.625
4.16184107199914,1.48872687897532,28.1608277678494,30918.359
4.16250600995278,1.48862383763643,28.1622043898686,30921.031
4.1627490352191,1.49000677109658,28.1700828047514,30923.765
4.16340313991306,1.48917002325418,28.1796624138407,30926.484
4.16360187885068,1.48811605360414,28.1930503615733,30929.234
4.16412835523083,1.48970448836409,28.1937118038664,30932
4.16454236548716,1.49080211765086,28.2138032799955,30934.75
4.16498562138884,1.4904063026647,28.2253098931849,30937.484
4.16559960105782,1.48882482526437,28.2344163096487,30940.218
4.16579716676939,1.4908346382162,28.2383438595608,30942.921
4.16637454447155,1.49304400007226,28.25291781895,30945.656
4.16681181789706,1.48942138930753,28.2482287924115,30948.328
4.16731805573982,1.49080014551638,28.2515912085072,30951.093
4.16761170359168,1.49066212133809,28.2590400572905,30953.765
4.16808678771931,1.49078440657028,28.2741756784337,30956.484
4.16855984947404,1.4894700182734,28.292517036871,30959.171
4.16888763549032,1.48922200023244,28.2932360435284,30961.89
4.16936278576253,1.48929220659702,28.3028625361797,30964.562
4.16996073173854,1.491506072977,28.3125809662334,30967.296
4.17006007137502,1.4918233046889,28.3203993542809,30969.968
4.17067758636429,1.48983715189018,28.3252972734725,30972.734
4.17088371819381,1.49131544310637,28.3247475743048,30975.421
4.17156197028905,1.49214748252455,28.3359329277793,30978.156
4.17198240321348,1.49061588984936,28.347591682696,30980.828
4.17228671427394,1.49119126271909,28.3553407630536,30983.562
4.17304719163216,1.49215187971644,28.3656827977624,30986.234
4.17322069377606,1.48974976949613,28.3746128031829,30988.953
4.1739244426251,1.49031609806829,28.3787635585062,30991.656
4.17403963120267,1.49029118843752,28.3930737802928,30994.421
4.1744281879679,1.49086302506288,28.3988883121213,30997.093
4.1750461468752,1.49235869216209,28.4122047409818,30999.812
4.17562065127164,1.49047485709239,28.4215851660868,31002.484
4.1758393953846,1.49165794033866,28.4318548980156,31005.203
4.1762360922525,1.49262223040852,28.4355699863144,31007.968
4.17680286661953,1.49118155615064,28.4435676920296,31010.718
4.17721350792616,1.4888201436251,28.4543700039576,31013.468
4.17775433837954,1.49270096476906,28.4765568557778,31016.203
4.1780360063183,1.4917529663052,28.4802532403206,31018.875
4.17855675635233,1.48967416597937,28.4931111412527,31021.609
4.17886858644275,1.49110332496022,28.4981740929987,31024.281
4.17914213450588,1.48906325518662,28.5103201171135,31027.031
4.17977289876314,1.49205422314681,28.5217567610752,31029.703
4.18013929093308,1.49091947411742,28.5369767374842,31032.437
4.18073565197996,1.49109254066622,28.5422960749245,31035.14
4.18120231467986,1.49065311330553,28.5495523750439,31037.89
4.18160628748083,1.49423329931605,28.5678217556111,31040.562
4.18201457522855,1.49057346941198,28.5761529487263,31043.296
4.18240431050525,1.49122347263428,28.5839380830447,31045.953
4.18331331055901,1.49016223231882,28.593802014243,31048.687
4.18350136810472,1.49261783575733,28.599142265766,31051.359
4.18375140384359,1.48838390639426,28.6064270807357,31054.125
4.18422907569249,1.48839132827585,28.6163845836395,31056.828
4.18476810237031,1.49051281209554,28.6212547057357,31059.546
4.18502713688035,1.4917938549545,28.6276690438909,31062.218
4.18577724927287,1.49027291722474,28.6358933088328,31064.953
4.18616534727601,1.4900583591889,28.650733802585,31067.625
4.18656927710762,1.49175625491243,28.6634203163454,31070.343
4.18701193627812,1.49077777737779,28.6728633309635,31073.046
4.18757512491752,1.49249552654488,28.6825160423957,31075.765
4.1879339507495,1.49217069500179,28.6958940658421,31078.437
4.18814737065372,1.49114908989219,28.7021134333952,31081.203
4.18883264140067,1.49085513633466,28.705020918807,31083.875
4.18915151324245,1.49121854713477,28.7100036316386,31086.593
4.18959626631035,1.49267274971154,28.7148526927795,31089.328
4.19040048497464,1.49033223615666,28.7256548470109,31092.093
4.19081365623206,1.49104735157954,28.7455932151175,31094.812
4.19121570205359,1.49057405052057,28.7606012952433,31097.531
4.19138919989394,1.49211843813393,28.7626460514431,31100.234
4.1923064528332,1.49129846428462,28.7719031078366,31102.953
4.19265225693749,1.48866018275399,28.7877198608203,31105.625
4.19295937195122,1.49216141872762,28.7945550451025,31108.39
4.19326164524492,1.49125297663568,28.7987485573495,31111.062
4.19399913368826,1.49058754390117,28.812542719204,31113.796
4.19408964698546,1.49256365223511,28.831903297163,31116.484
4.19487175636362,1.49334669969149,28.8477138790189,31119.218
4.19518059782898,1.49074484173647,28.860897001427,31121.89
4.19575147602845,1.4912919418433,28.8663992444146,31124.625
4.19643612693188,1.4911488427227,28.8827067642563,31127.296
4.19668043985576,1.49104381273979,28.8868828670432,31130.015
4.1971344233853,1.49220343546675,28.8874327147289,31132.687
4.19755750803032,1.49337143291036,28.8874817760012,31135.421
4.19817989891508,1.4913065975376,28.9014340768575,31138.109
4.19843025287309,1.49207006429785,28.9080642317799,31140.875
4.19905107828934,1.49028077276436,28.922832557183,31143.562
4.19938838356964,1.49002663424361,28.92608911406,31146.296
4.200082592532,1.49313907670966,28.9370179304843,31148.968
4.20054428096648,1.49015832059274,28.9699523719114,31152.078
4.20125476397192,1.49261472585089,28.99182003848,31154.937
4.2015914341581,1.49242874277014,29.0066815099346,31157.765
4.20214312965191,1.49052055438733,29.0053433504268,31160.609
4.20287681837733,1.4928950205982,29.0132544785145,31163.453
4.20312133436426,1.49092045950302,29.0223042024985,31166.375
4.20353950903179,1.49127032413939,29.0232747132404,31169.234
4.20420209829877,1.49115859418787,29.0338197996827,31172.078
4.20454772553473,1.49055149609979,29.0262236163821,31175
4.2048679041564,1.49130124597878,29.0418114717787,31177.812
4.20578268694309,1.48853878033125,29.0521207592557,31180.64
4.20638300115111,1.48903822906944,29.0675254239435,31183.484
4.2067071773684,1.4898528812366,29.0837749446938,31186.343
4.20702998107979,1.49024748206744,29.0943653544845,31189.218
4.20741103656574,1.48952861169135,29.0960396650176,31192.046
4.20814978764038,1.48581668588161,29.1145222206745,31194.89
4.20646339370266,1.46591696425762,29.1201263530619,31197.718
4.20678646374745,1.46014373900683,29.1271313787742,31200.546
4.20714626001061,1.46682924864288,29.1304594931349,31203.406
4.20735443411987,1.46123498429706,29.1537864927081,31206.281
4.20776948558661,1.462473840323,29.1621871922656,31209.109
4.206322357892,1.43599651675523,29.1763079765896,31211.953
4.20638273524037,1.43641943540101,29.185608542227,31214.796
4.20667670041303,1.43644975438078,29.1993430146264,31217.64
4.20527909415428,1.41534507296289,29.2066956429524,31220.515
4.20532575895834,1.41253246824424,29.2081540369543,31223.375
4.20560936574614,1.41287999225691,29.2158882409968,31226.218
4.20589468982249,1.41322296122284,29.2285548558551,31229.062
4.20628128180039,1.41225687774753,29.2395635102488,31231.937
4.20652130381869,1.4127636725709,29.2537818688391,31234.812
4.20693238114895,1.41124248283934,29.2560979191413,31237.656
4.20727133968409,1.40974023391708,29.2463078684468,31240.562
4.20734109870626,1.40933250114838,29.2441185230103,31243.437
4.20779627819143,1.4084361165819,29.2674798926022,31246.281
4.20612262586792,1.38607492522856,29.2769663429878,31249.156
4.20662842194203,1.38369943798534,29.2814624829447,31252.062
4.2066231206131,1.38434210801456,29.2812884246954,31254.953
4.20716296643552,1.38418670063251,29.2867784749732,31257.828
4.2070784657893,1.38423203804167,29.2901149524264,31260.703
4.20757617151172,1.38565047636147,29.2902813399866,31263.578
4.20581395342836,1.35874769225144,29.295317551454,31266.453
4.20609016121245,1.35903220159206,29.3067082465931,31269.359
4.20626177761567,1.35936506072751,29.3180365958006,31272.234
4.20651673744422,1.35951163042476,29.3270777989208,31275.125
4.20674967134432,1.35799840545669,29.3302877524013,31278
4.20707271251675,1.3589443381348,29.3451908785998,31280.906
4.20761748949074,1.35433755414372,29.348781927565,31283.781
4.20605787514672,1.33660283713842,29.3588197534021,31286.687
4.20612194011161,1.33517952339862,29.366885590831,31289.562
4.20641642544552,1.3344185327422,29.3661716256849,31292.453
4.20643019836358,1.33160740735522,29.3705603990984,31295.328
4.20688312624271,1.33718825007769,29.3679376402515,31298.234
4.20706883531813,1.33201967651375,29.3824743546378,31301.109
4.2073731170123,1.33133745230582,29.3872353728768,31303.984
4.20775882596893,1.33617391635618,29.397297417715,31306.859
4.20809751270086,1.32963143860425,29.4020092854776,31309.765
4.20845564356458,1.33123481799318,29.4036023642577,31312.656
4.20856498679296,1.32942312062932,29.407251583072,31315.531
4.20708161319435,1.30490181290475,29.4135774836525,31318.437
4.20749003990412,1.30610044224587,29.4154445666411,31321.312
4.20768054507531,1.30361108109474,29.410637796779,31324.203
4.20600658389609,1.28158897037915,29.4238483856021,31327.078
4.20626116442513,1.28023874305572,29.4288358969992,31329.953
4.20645295629711,1.28319780449041,29.4437756175214,31332.843
4.20675303807078,1.2771596786587,29.444829730769,31335.718
4.20678562074057,1.28186792100639,29.4443596895898,31338.593
4.20718110667688,1.28145697166369,29.4438362708543,31341.5
4.20760306607211,1.27954902127807,29.443907893636,31344.406
4.2059290651302,1.256712349351,29.4489304770158,31347.312
4.20596010338618,1.25625777290865,29.4563442841414,31350.14
4.20629121633382,1.25561968104356,29.4466506399294,31352.953
4.20640654967155,1.2555197147052,29.4446141758463,31355.812
4.20657376904748,1.25481891650852,29.464141347483,31358.671
4.20676120372427,1.25725212402696,29.4524358752646,31361.546
4.20725459786589,1.25199347123498,29.4461044529619,31364.468
4.20754758234399,1.25276412990895,29.4599438985908,31367.375
4.20808251902416,1.24930588806553,29.472890257295,31370.281
4.20834683909909,1.24945848283409,29.4820785614685,31373.093
4.2086924900016,1.25285016449606,29.4761065982736,31375.906
4.20716663065842,1.22887297251841,29.4742185861475,31378.765
4.20732964058516,1.22772556939961,29.4692411286174,31381.625
4.20730926078284,1.22677178907823,29.4681866111192,31384.5
4.207650876978,1.22647260520708,29.4760240851259,31387.312
4.20804326771679,1.22506251895315,29.4691622978096,31390.125
4.20794266068182,1.22522347817534,29.4731594402885,31392.968
4.20840372512652,1.22530681026846,29.4871151091814,31395.843
4.20868062775713,1.22540130892142,29.4833137493506,31398.718
4.20727548990137,1.20222091734428,29.4822299456104,31401.64
4.20745550770595,1.19977267224915,29.4885432325959,31404.546
4.20771181359203,1.19885990897781,29.4793632997055,31407.437
4.2080389238846,1.20056591088757,29.4749611290766,31410.312
4.20828490471556,1.20038382026962,29.4626481856138,31413.187
4.20852001742251,1.19963866080406,29.4723351646437,31416.078
4.20865623825511,1.19795208906755,29.4762245593475,31418.953
4.20715888195563,1.17534769383413,29.4734615709115,31421.843
4.20743560363885,1.17461251258481,29.4770259771055,31424.718
4.20740238371244,1.17746807127675,29.4751420495269,31427.625
4.2077910173335,1.17258421059405,29.4682624399141,31430.546
4.20812399071552,1.17428942508302,29.4583231927771,31433.421
4.2085076076895,1.17460071005189,29.4580472314473,31436.312
4.20856814727493,1.17472355343366,29.4638285955733,31439.187
4.20905051793033,1.17309384633287,29.4589294624621,31442.078
4.20903269605989,1.17301146817574,29.4508790351973,31444.984
4.20963690886641,1.1681659341676,29.4504528062405,31447.89
4.20811367896502,1.1477772144588,29.4474008583964,31450.703
4.20810091276181,1.14599187022545,29.4521372861957,31453.515
4.20821384405762,1.14586560984913,29.442313121443,31456.39
4.20842423677463,1.14855621516475,29.4415597673338,31459.265
4.20874360657192,1.14608550670364,29.4284920630863,31462.078
4.20716503736811,1.12160625949971,29.4382506218819,31464.921
4.2075639410305,1.12643574304793,29.4388550879927,31467.781
4.2077917212837,1.12255938837177,29.4234883395912,31470.64
4.20791465194673,1.11838294218706,29.4260164827295,31473.515
4.20813604389549,1.12340318658315,29.4290850956652,31476.406
4.20835587765254,1.12079708621586,29.4246293734028,31479.281
4.20868474092185,1.12247639384525,29.4239441531513,31482.203
4.20694581015863,1.09871475364475,29.4283745170325,31485.062
4.2071400194992,1.09678889160332,29.4250320506282,31487.953
4.20727318891009,1.09753439542639,29.4169118126117,31490.765
4.20718711263281,1.09852157592175,29.4147725668064,31493.578
4.20740483486595,1.09597724610735,29.4213607815138,31496.437
4.20806408086034,1.09781335458752,29.4214312984921,31499.328
4.20830252433125,1.09576988555544,29.4188349099768,31502.203
4.20841196801499,1.09407926129355,29.4104666209416,31505.078
4.20852093291091,1.09309599336116,29.402355438641,31507.968
4.20883446761631,1.09462570528292,29.3974754117953,31510.875
4.20735806921754,1.07132593304585,29.3927711125289,31513.765
4.2072824317943,1.07241525318688,29.3880824180749,31516.64
4.20751650508868,1.07087696866036,29.3775639841205,31519.515
4.20757553452038,1.07139874920341,29.3752348740448,31522.406
4.20796414312775,1.07050232171672,29.3710744210549,31525.281
4.20808593031891,1.06956377752647,29.3429223991446,31528.546
4.20847694317695,1.06840579126376,29.3462906968335,31531.531
4.20884549410687,1.06761074308115,29.3428129275985,31534.484
4.20909088029492,1.06643828810361,29.3310718234607,31537.406
4.20930209660327,1.06818665621235,29.3128237960437,31540.312
4.20959036667001,1.06540632298817,29.3051163031538,31543.25
4.2076989522259,1.04285844925465,29.3184518762106,31546.171
4.20818618333376,1.04473121564909,29.3138082475144,31549.078
4.20860566317683,1.04405836207627,29.3180002657756,31552
4.20862254405693,1.04004770548555,29.321460193245,31554.906
4.20820767909035,1.04231393384824,29.3109517909492,31557.843
4.20879109665726,1.04101849833185,29.3073148944719,31560.765
4.20925574204697,1.04116919001721,29.306340574424,31563.671
4.20947734844624,1.04071656642186,29.2933859182029,31566.578
4.20948008559015,1.03810877912039,29.2822410831912,31569.5
4.20977005055074,1.03981939159813,29.2744113008676,31572.406
4.20830174868251,1.01571469215015,29.2766114486353,31575.375
4.20824945423061,1.01716355997239,29.2728417702471,31578.328
4.20844007344232,1.01579555268876,29.2741725319985,31581.234
4.20866738552229,1.01838172648279,29.2646872548059,31584.156
4.20704464983565,0.992058515088674,29.2535692942062,31587.078
4.20726658765673,0.997371291298378,29.2451777045488,31589.984
4.20733564903644,0.989500777211083,29.2251392231684,31592.968
4.20738094565337,0.993671012472225,29.2066637648395,31595.937
4.20766827472009,0.994620411985213,29.2048859635881,31598.859
4.20776186339637,0.993018835740772,29.1925235841287,31601.781
4.20778049880846,0.990827244225527,29.1827827513454,31604.703
4.20827989968455,0.992110634730689,29.1949887195151,31607.671
4.20832910804381,0.992243167193501,29.190381948458,31610.593
4.20846997920061,0.988954599786927,29.1828764667184,31613.5
4.20873083765796,0.988711084818384,29.1644841943359,31616.453
4.20896737743122,0.988551974727374,29.1590473054071,31619.359
4.20930419233977,0.991725433208356,29.1512647082723,31622.281
4.20936195768909,0.988171313731961,29.1431046604589,31625.203
4.20973374999232,0.987671955926166,29.1334977677879,31628.109
4.20796866807652,0.965104167689344,29.1258323806433,31631.031
4.20825386089126,0.966598993966661,29.1216696971363,31633.953
4.20842363642121,0.963826320579979,29.1201304645736,31636.859
4.20874405778605,0.966305920652111,29.1076077159736,31639.781
4.20839782558252,0.962945284925596,29.1050057194154,31642.718
4.20858595078849,0.965162425390321,29.0968427838075,31645.64
4.20920279036043,0.964358028161387,29.0906190631099,31648.546
4.20894254109248,0.962949417095427,29.0719583392908,31651.468
4.20935858588818,0.964762776132888,29.0742202043665,31654.39
4.20945460852635,0.962300400696608,29.0681671394458,31657.296
4.20976082551237,0.966676463539666,29.051053144634,31660.203
4.20844810120809,0.93993279704096,29.0402143974953,31663.125
4.20825896238327,0.939522088813406,29.0388283876877,31666.031
4.20856803830375,0.940090438037795,29.0285319230593,31668.953
4.2088643349522,0.935683625772973,29.0195431907106,31671.859
4.20860742025319,0.934147616652126,29.0102217769364,31674.796
4.20889942478976,0.939650743174339,29.0056274293837,31677.703
4.20895293333259,0.939003063501902,28.9950875280665,31680.625
4.20922561457545,0.935553125256073,28.989384493752,31683.531
4.20965348941533,0.934274378170669,28.9784505763402,31686.437
4.20824057938226,0.912962256892848,28.972191396626,31689.39
4.2080210167581,0.909072493095238,28.9689113561563,31692.343
4.20821173471881,0.912497206905188,28.9449976260812,31695.296
4.20818308787343,0.912348120336204,28.931303000185,31698.218
4.20874586986295,0.909632742723451,28.9174518055607,31701.14
4.20878433482157,0.909292654450619,28.9102320171323,31704.062
4.20845855027898,0.914367264374847,28.9084675082249,31707.046
4.20884203369697,0.909223709581533,28.8995941011755,31710.015
4.2091641608054,0.910714386826384,28.8935239144717,31712.953
4.2093129195738,0.910048773492727,28.8927736732023,31715.875
4.20940478051742,0.911245277953833,28.8859903196583,31718.859
4.20974685210106,0.911326510325565,28.8767075097943,31721.859
4.20954624160561,0.908387213725242,28.8755032152689,31724.781
4.20966761084281,0.911886130221557,28.8683100292652,31727.75
4.21031034263873,0.908023983174864,28.852251523873,31730.703
4.21028898408701,0.907114555769265,28.8352594695758,31733.64
4.2107058205111,0.910188291468797,28.8361667071979,31736.546
4.20914807652975,0.887071910523645,28.8231727249756,31739.453
4.20908275352468,0.886965703263898,28.8169703697236,31742.375
4.2093287671279,0.885062716361784,28.7968425466635,31745.312
4.209597600358,0.883191737486893,28.7914721334587,31748.281
4.20772093748276,0.861072922553825,28.7846641691757,31751.218
4.20760419784472,0.862283044954208,28.7756402598318,31754.171
4.20771623702813,0.864407575112497,28.7769845795239,31757.109
4.20794680202555,0.861828149966887,28.7633266787268,31760.125
4.20775551274356,0.860067797620668,28.7566023508092,31763.093
4.20848155978449,0.859782554609568,28.7573704564302,31766.062
4.20844439017432,0.857520177417666,28.758128260783,31769.015
4.2082115882198,0.866140560125369,28.7507911522032,31771.984
4.20859346746048,0.863810705982325,28.7252883059177,31774.937
4.20871038646481,0.86046979301396,28.7060874767852,31777.875
4.20911546478148,0.858503021931063,28.6794860946769,31780.89
4.20870144308086,0.861179571686488,28.6752138745331,31783.812
4.20916730196901,0.860286831265803,28.6667467363476,31786.734
4.20973678917959,0.854508177281829,28.6704165119736,31789.64
4.20773404552582,0.831211823441857,28.6591115847546,31792.546
4.20766550119114,0.838031329440399,28.6539225481503,31795.468
4.20791878661147,0.830710855783782,28.6492058254703,31798.375
4.20824737338054,0.833459308950739,28.6308134254496,31801.281
4.20824594444901,0.83349134952574,28.6177656913202,31804.203
4.20821922735903,0.832127581289953,28.6014779288268,31807.125
4.20848150076853,0.830465692993155,28.5992848674465,31810.062
4.20873411063232,0.830643465161431,28.5849441265543,31813
4.2088579857048,0.828619069045984,28.5699256202454,31815.921
4.20901338352757,0.831103828199074,28.56682639371,31818.843
4.20912011386384,0.832003671702483,28.5592041750623,31821.75
4.20911427302776,0.830433457966394,28.5513875895938,31824.671
4.20938602154791,0.831887268517013,28.5335528521009,31827.578
4.20972091881405,0.829046224873836,28.5282898278987,31830.5
4.20998286263486,0.829665324916832,28.5223092782414,31833.406
4.21010383065887,0.83095534975354,28.5122205388358,31836.312
4.21008086006458,0.830897308344987,28.4978993535523,31839.234
4.21030697629787,0.836211926159136,28.4896992545236,31842.14
4.21072456505398,0.826816301482377,28.4857927256898,31845.078
4.20860705599318,0.807658109147202,28.4680260907464,31848
4.20920073431669,0.803029090480349,28.458159281499,31850.968
4.20897318059682,0.803480849596468,28.4606924957355,31853.937
4.20920538086088,0.807413884008259,28.4539663839527,31856.937
4.20933516290886,0.806314569392951,28.4425821985027,31859.984
4.20962354238257,0.803812301833442,28.4362259402867,31862.968
4.20964616570686,0.804813781732214,28.4348498772216,31865.921
4.20982675222205,0.803974328418045,28.4390922471845,31868.875
4.2100885988598,0.80396802113195,28.4251490526568,31871.843
4.21008577469689,0.804025067431658,28.4169111448821,31874.812
4.21037131307882,0.799516595931693,28.4194539383598,31877.765
4.21019522046917,0.803992947064706,28.4036182694408,31880.75
4.21066532597573,0.805165844498402,28.3977857065766,31883.703
4.20906797965924,0.779855160246811,28.3648227547387,31886.687
4.20907051868557,0.781160777173813,28.3437193754753,31889.64
4.20919908484963,0.783064707357711,28.3333716938622,31892.593
4.20928415516502,0.77971435278089,28.3356031246061,31895.609
4.20959247733347,0.779801000033681,28.3322851050805,31898.562
4.20939204526506,0.782079497173038,28.3347223738306,31901.5
4.20975117971319,0.776328471575013,28.331859500604,31904.421
4.20965791518426,0.778248682966713,28.3265824886257,31907.343
4.2099924469014,0.776456561121233,28.3163798641116,31910.25
4.21008036035377,0.779502455483816,28.3059051266301,31913.156
4.21010983872103,0.777506177298476,28.2958310904345,31916.078
4.21032742533136,0.777648952598695,28.2875227595478,31918.984
4.21059730296647,0.776933675049669,28.2755876190695,31921.89
4.20912870770749,0.752249360229428,28.2666822330052,31924.812
4.20895168471101,0.751963281807019,28.2571665529954,31927.718
4.20927798424164,0.753749783730032,28.2490027023098,31930.64
4.20910337928882,0.755816684272096,28.2425893752676,31933.578
4.20906524799096,0.751806637563854,28.2353898971158,31936.484
4.20930695787695,0.751142555775686,28.2273642893354,31939.406
4.20947611848335,0.755035994641645,28.2182248801326,31942.312
4.20969855828661,0.750575716087547,28.2097088842571,31945.234
4.20958900881958,0.752603348694558,28.2017536604275,31948.14
4.20966802990043,0.754577913111331,28.1815338515953,31951.062
4.2100661154908,0.752418843100383,28.1817769403122,31953.968
4.21019183225747,0.752842736140538,28.1753649673225,31956.89
4.2101169120653,0.750309356612155,28.1655440949189,31959.796
4.21037533840527,0.752247492214877,28.1536237465357,31962.718
4.21062540096321,0.752129619618659,28.1408361509309,31965.625
4.21095923815068,0.747958872547972,28.1378742285284,31968.546
4.21075263103199,0.755422766378463,28.1429606237888,31971.453
4.21107133488069,0.748055241247823,28.130888893425,31974.375
4.2111544256596,0.756156267554097,28.1137832165477,31977.281
4.21167274335259,0.744544050128445,28.1090946778693,31980.187
4.20995539967178,0.723414020236002,28.0961749718312,31983.109
4.20973504159538,0.728139450326365,28.0888004259391,31986.046
4.20997184638557,0.728836379009581,28.0811888000269,31989
4.21014036696999,0.728672905042003,28.0739925442512,31992.046
4.21010462875972,0.72943497930856,28.0751482544682,31995
4.21028220786037,0.727028115169798,28.0607976346753,31997.968
4.21069770756185,0.728161658371643,28.0459670138272,32000.906
4.20903206134004,0.703736534958487,28.0290198791804,32003.89
4.20877292793782,0.709162719796003,28.0114321806249,32006.937
4.20864646406499,0.70765671397696,28.0076769947022,32009.921
4.20914816052187,0.706264647745947,27.988599153543,32012.953
4.20912532921612,0.700608924050422,27.9816769171133,32015.906
4.20937647128496,0.702689258837931,27.9768729896265,32018.812
4.20935277712212,0.705993711256937,27.9704938576895,32021.718
4.20917203377227,0.705593759008962,27.9638462310898,32024.64
4.20956616239135,0.700849942880987,27.9617401589033,32027.562
4.20912253142568,0.705131742950082,27.9547860896791,32030.468
4.20964074671625,0.701835740712755,27.946228608394,32033.375
4.20984653632121,0.701813454773542,27.9355180829704,32036.296
4.20976177148595,0.701626907169039,27.9332752099852,32039.218
4.20993257463313,0.701992971209438,27.9237179848989,32042.125
4.20971888825292,0.702591649412516,27.9127365039501,32045.046
4.21022480006914,0.703555966668989,27.905767776075,32047.984
4.21026960504121,0.702386991208713,27.8962673631287,32050.89
4.21048581648492,0.703061364836365,27.893645543358,32053.843
4.21069116770686,0.70090494065793,27.8903936613577,32056.765
4.20879970298092,0.677293998459947,27.8744850710446,32059.734
4.20873135532244,0.673982464832033,27.8573729648903,32062.671
4.20929434219481,0.680033089258218,27.8463446965374,32065.593
4.20906666294624,0.677526850034588,27.8327707170476,32068.546
4.20929499094877,0.674768611404798,27.8415672578433,32071.468
4.20934911712142,0.676297885674024,27.8453652981794,32074.39
4.20963105744328,0.677189536642976,27.8240324026501,32077.296
4.20956408574145,0.677416559491252,27.8100491339781,32080.218
4.20944852285612,0.677931389723484,27.7916024285673,32083.14
4.20980247480738,0.675822802144717,27.7820039446447,32086.046
4.21014185962085,0.677596100938207,27.7711251706768,32088.968
4.21005223914154,0.673533124074871,27.7702654897628,32091.906
4.2104658042751,0.672160745365983,27.7674619999089,32094.921
4.21021596393428,0.674340426935551,27.7688851313085,32097.859
4.21042593022138,0.676907034529165,27.7658994182904,32100.796
4.21065174590666,0.675425942400268,27.7590073295147,32103.828
4.21086940191013,0.675068523684725,27.7484012332418,32106.765
4.21090094593633,0.675323328755761,27.7307726902505,32109.796
4.21107574100758,0.675056222067105,27.7346413501055,32112.843
4.21131061093482,0.673220746264357,27.7313928406953,32115.859
4.21129284747451,0.674662922221426,27.7183613816566,32118.828
4.21114205979558,0.673877207749508,27.7100276178403,32121.796
4.21166142730546,0.671104102257414,27.7031442986933,32124.765
4.20973871694018,0.651602641511256,27.6971566204855,32127.718
4.20997237863562,0.653083939306468,27.68968413625,32130.625
4.20991693510369,0.648746551122394,27.6866176784712,32133.593
4.21006261074094,0.653038158752076,27.6744881923828,32136.531
4.20993448700537,0.650934455018415,27.664911083801,32139.468
4.21025200095978,0.648955397984399,27.6650860487352,32142.39
4.2102002032164,0.65135230483134,27.660813366175,32145.312
4.21050744094155,0.647479738557814,27.6482909015305,32148.218
4.21053245952922,0.648937632324229,27.6337654218737,32151.156
4.21060583129642,0.649660727963538,27.621587562881,32154.062
4.2109238998245,0.64544257823046,27.6148094138751,32156.984
4.21087843457244,0.649732592186118,27.6045437273777,32159.906
4.2111601456964,0.646132737596044,27.5974079123565,32162.812
4.21110705676985,0.647627827198089,27.5963160426668,32165.734
4.2111799675585,0.648545220276868,27.5869592071483,32168.64
4.21109719437932,0.649692319681705,27.5789671290609,32171.562
4.21156455543792,0.646525035076414,27.5578978855431,32174.484
4.20973007731425,0.623783421332578,27.5671354522834,32177.39
4.20989210194475,0.622300428683913,27.5601524500779,32180.312
4.20989809562682,0.623849283445246,27.5501349546886,32183.25
4.20984561424107,0.624326449165645,27.5403829429266,32186.156
4.21012733991227,0.621676252402422,27.5354085029989,32189.078
4.20971528077706,0.623470683568496,27.527529138654,32192
4.21021612144854,0.624639191821445,27.5217198101775,32194.906
4.21026721013073,0.624619630063364,27.5060969129014,32197.859
4.21041975854127,0.622786841743649,27.4976614574261,32200.765
4.2101793759655,0.621665588657675,27.4906929829235,32203.687
4.21049462293901,0.625781035763265,27.4880179798516,32206.593
4.21061720531548,0.621924857683768,27.4800968913995,32209.515
4.21057354319068,0.623682854682563,27.4713841716527,32212.421
4.21087024812497,0.62427458173158,27.4671535563201,32215.328
4.2110108517919,0.6189232202651,27.4630757910797,32218.25
4.21102147560998,0.622913663665574,27.455946003861,32221.171
4.21110783503308,0.619338081247298,27.4521885792413,32224.078
4.21135292913739,0.621544462079634,27.4348680909292,32226.984
4.21139661130756,0.622502017102895,27.43106349472,32229.921
4.21170551009008,0.620792298402272,27.4210751730906,32232.843
4.21011889115747,0.6044039819177,27.4117484268432,32235.75
4.20962388710481,0.598016051777548,27.3996875011638,32238.671
4.20971204193123,0.596079549284683,27.3925152153001,32241.578
4.2100061883309,0.59677540412848,27.3923127300961,32244.484
4.20997157892904,0.597854547223108,27.3847516063734,32247.39
4.2101058337304,0.598111630633053,27.3742105654616,32250.296
4.21012178374404,0.596984471939912,27.3742441256894,32253.218
4.21031878529251,0.599198003314305,27.3779687344009,32256.171
4.21073235372664,0.592369375676991,27.3653567830481,32259.14
4.21036089758682,0.595344680651321,27.3513061493423,32262.062
4.21023473526878,0.594185761196996,27.3330963922895,32264.984
4.21064040428019,0.595768571703008,27.3209234161072,32267.89
4.21086868835223,0.596830718850773,27.3254990342603,32270.812
4.21058076297917,0.597395406457921,27.3120563950842,32273.718
4.21115194139581,0.594637276687206,27.3183592717484,32276.625
4.21137247549285,0.591341963013285,27.3052882823353,32279.546
4.21101087646873,0.597085864459533,27.2939278116635,32282.453
4.211413042264,0.594302164448191,27.2960869397438,32285.359
4.21154274109039,0.59567313638159,27.2895896896561,32288.281
4.2115635777517,0.595393445741236,27.2884104816847,32291.218
4.20996234523994,0.574913078474321,27.2780223832772,32294.125
4.20975576774587,0.572931182785438,27.2663394067677,32297.031
4.20997385448426,0.574197687347699,27.2628398933832,32299.953
4.20986693597573,0.573451596023979,27.2527757827223,32302.859
4.20991588304128,0.572149065747657,27.2496337541685,32305.765
4.21032767146147,0.567821059370934,27.2393686679603,32308.671
4.21043213915226,0.575267383010366,27.2370443053664,32311.593
4.20975539626639,0.572471998176002,27.2187419886363,32314.5
4.21014419047988,0.571420133912385,27.2174547798573,32317.421
4.21061518207764,0.568808931641659,27.20928755569,32320.359
4.21061666767652,0.570033822320346,27.1991991411134,32323.328
4.21064361905672,0.57136853863135,27.1958878335819,32326.265
4.21095739480496,0.576830796175697,27.1814497379006,32329.187
4.21097663867607,0.569992284278731,27.1647843380594,32332.125
4.21072241367482,0.567541326795984,27.1602759665191,32335.062
4.21094584133631,0.566820247274826,27.1613313921903,32337.968
4.21106276991618,0.567713437939581,27.1497989857897,32340.89
4.21094155613696,0.569244442066887,27.1347560837525,32343.796
4.21124114860827,0.569675628539196,27.1393848357191,32346.718
4.21133012289491,0.56842189466979,27.1396102565405,32349.625
4.21154093838435,0.569554172955381,27.1406050301767,32352.546
4.21148378975974,0.568677592860056,27.131971215375,32355.453
4.21204952902278,0.572743383414876,27.124060484399,32358.375
4.20974573189123,0.547594348352892,27.1098973663803,32361.312
4.20965003441595,0.543500568884969,27.1094806669049,32364.265
4.21018712661925,0.546313920560277,27.1041400924024,32367.171
4.21031312895235,0.547440623594142,27.0981709702105,32370.093
4.21002300474282,0.556457909684035,27.0970996436675,32373
4.21014488740274,0.544243916827249,27.0979962214265,32375.921
4.21009326553895,0.545331767678753,27.0942378436995,32378.843
4.21047048389648,0.545951587118952,27.0823464269107,32381.75
4.21043372671266,0.543747279769118,27.0741063984557,32384.671
4.21021372379411,0.535829714264005,27.0753074620528,32387.578
4.21060970321581,0.542905883130205,27.0618111942055,32390.5
4.21086599407668,0.545322550552336,27.0587448239656,32393.421
4.2107180465997,0.546798902445209,27.0531977259082,32396.359
4.21085353288581,0.544674982981864,27.0513438923499,32399.281
4.21075020836735,0.541221677663916,27.0365755890908,32402.187
4.21093110164933,0.544367290728631,27.0123529460198,32405.109
4.2113532838096,0.546692802760699,27.0135952472279,32408.031
4.21081678457779,0.546425554941355,27.0000074253721,32410.937
4.21122386677547,0.547193479098468,26.9948955433486,32413.859
4.21127908691291,0.543327681762524,26.9810614916214,32416.765
4.21155757290717,0.541605365700664,26.9780086567431,32419.671
4.20946250204629,0.522594343014297,26.9780813398338,32422.593
4.20981495260321,0.520519480578628,26.9741374355571,32425.5
4.20956324014679,0.515514131514298,26.9688547865011,32428.421
4.20978422624212,0.52054801651233,26.9667020749027,32431.343
4.20977544356074,0.519916164207597,26.9635443177729,32434.25
4.20976708551795,0.521264374747036,26.9650561995832,32437.156
4.21006278664518,0.519381873988447,26.9562956308891,32440.078
4.20999972316149,0.51743953082924,26.948692625394,32442.984
4.20965505967351,0.52078094291412,26.9344738106815,32445.921
4.20985968579346,0.522248251594042,26.9295898556311,32448.859
4.21019050083756,0.515664615477383,26.9193066228294,32451.781
4.21030639175983,0.516067860115368,26.9194717512787,32454.687
4.21035224273669,0.517513474523629,26.9168332764023,32457.609
4.21027888204928,0.517877933353823,26.9153268090733,32460.515
4.21045711240823,0.518543692098777,26.9046484176095,32463.437
4.21054849556418,0.517434628375738,26.8994712150105,32466.343
4.21064696797845,0.517129852965944,26.8862260814623,32469.265
4.21071236037185,0.51627212560712,26.8836343810087,32472.187
4.21068412403333,0.515781936649682,26.8907644155115,32475.093
4.21118251233603,0.514066322395913,26.8851759638233,32478
4.21095313391751,0.516794628589093,26.8721999191813,32480.953
4.21120184609983,0.516528351974445,26.8654826889481,32483.859
4.21122954814396,0.517553580622356,26.8567812400204,32486.765
4.21131956152064,0.514647490075514,26.8517608806112,32489.687
4.21123359415541,0.519127765767436,26.84170038089,32492.593
4.21137922961966,0.51277083538659,26.8454760054727,32495.5
4.21174090673715,0.51540414567534,26.8383534939774,32498.421
4.21170444029135,0.515857432594198,26.8259307745483,32501.328
4.21173561334573,0.514062129495736,26.8233724166677,32504.25
4.21191060753214,0.513161365362629,26.8069432558123,32507.156
4.21197555043746,0.517941686395691,26.8135235353621,32510.078
4.21214753422519,0.513908350590105,26.8071637010887,32512.984
4.21227845074646,0.515624816712929,26.797942106135,32515.906
4.21249981233554,0.514122969004949,26.7892669461713,32518.843
4.21242972092796,0.514038138189686,26.7825448020869,32521.781
4.21270542750306,0.514272892315741,26.7764382064934,32524.687
4.21090158442992,0.494412719576091,26.7614573784939,32527.609
4.21070598834641,0.490785964580563,26.7639905854235,32530.531
4.2109333250435,0.490541739887616,26.7541309071498,32533.437
4.2108388051243,0.492442257783907,26.7555981935912,32536.343
4.21100256670995,0.486617805697477,26.7509978204977,32539.265
4.21119996567535,0.491034694935649,26.7362697752297,32542.171
4.21122293809012,0.489691718328222,26.7278139743261,32545.078
4.21119746983502,0.489537046557532,26.7229045374418,32548
4.21136766531185,0.489186862928831,26.723986356333,32550.921
4.21099257151518,0.490126362078983,26.7176940327095,32553.859
4.21119350295859,0.490014252567926,26.7149423276486,32556.765
4.21144694216605,0.489523512902297,26.7113230797837,32559.671
4.21153202862831,0.490783797616627,26.7032385330703,32562.578
4.21172234990391,0.49131762551663,26.6958757670203,32565.5
4.21138628115285,0.488713157829531,26.689006964127,32568.406
4.21175413555052,0.490141897753366,26.6805464653787,32571.328
4.21181239383363,0.488806084348655,26.6723455230977,32574.25
4.21195734767899,0.487025950873736,26.6618682877514,32577.156
4.2120576898318,0.48773291845465,26.6517530958085,32580.062
4.2121103734804,0.487562783843246,26.6424892468833,32582.984
4.21206844501219,0.487059887816443,26.6300481812551,32585.906
4.21250405266948,0.489632168138507,26.6383775989359,32588.828
4.21234776270069,0.489411500376765,26.6332056927794,32591.734
4.21261630216936,0.488675938330765,26.6414603994893,32594.64
4.21074760394295,0.464471605355117,26.6418104921827,32597.562
4.21081703850844,0.465224224895318,26.6411122224075,32600.468
4.21079980533981,0.463787465390766,26.6277128217931,32603.375
4.21088371680881,0.468526301962296,26.6242760166265,32606.281
4.21091350819404,0.466119422102045,26.624309515327,32609.203
4.21071268956491,0.466664818763853,26.614750212772,32612.14
4.2108844233407,0.465316613745504,26.6118265098022,32615.062
4.21096580237,0.467802972842644,26.6062452239977,32617.984
4.2112453921448,0.46473553248053,26.6001698557953,32620.89
4.21090734258365,0.466855444856884,26.598011585934,32623.796
4.21125745359268,0.466975105571343,26.592201896625,32626.718
4.21153255025866,0.463388071097735,26.5855457297491,32629.625
4.21144297630202,0.465641703868518,26.5864135239557,32632.546
4.211476960047,0.462471463053899,26.5816994409733,32635.453
4.2112540137434,0.466598637884786,26.5731426830685,32638.375
4.21156306106284,0.461714281074715,26.5688258821783,32641.343
4.20983798550453,0.443038336305123,26.5684679447369,32644.359
4.2100166706396,0.442652899947298,26.5572490548623,32647.296
4.20964408656275,0.439826078962141,26.5548190281303,32650.218
4.20983244467599,0.445011562523722,26.5526072993389,32653.14
4.20973141572228,0.441039276650141,26.5360871424264,32656.078
4.20985681546386,0.440565835327365,26.5271616840381,32659
4.20974302563969,0.437596967655687,26.5241964787263,32661.921
4.20987552713318,0.440476626269662,26.5201369800936,32664.828
4.20990554533536,0.444566281501332,26.5195112678509,32667.75
4.21005677177577,0.44120572527257,26.5166798057603,32670.656
4.21014280120228,0.441656284322756,26.5098693723468,32673.578
4.21003215224163,0.44081847071381,26.5025687712538,32676.484
4.21015366846928,0.442691910258113,26.5027342886419,32679.406
4.21055318772483,0.444873406928763,26.4954278842712,32682.312
4.21009266825013,0.441254395005447,26.4846695865059,32685.218
4.21030078163232,0.439555527557755,26.4821606587901,32688.171
4.21051067315338,0.443379333587147,26.4810919670171,32691.078
4.21041606273382,0.440398925917417,26.4767251884353,32693.984
4.21050397137217,0.439661544073785,26.4828748460855,32696.906
4.21030904852349,0.436707850754637,26.4738323752761,32699.812
4.21078905382735,0.438000802654157,26.4696349474794,32702.734
4.21070012574875,0.440939387405297,26.4600549966061,32705.656
4.21076879158022,0.440410290257165,26.4505360023009,32708.562
4.210753394679,0.441256266197818,26.4416739870076,32711.484
4.21094350348117,0.442179913278166,26.44048343387,32714.421
4.21116488958206,0.440996586850374,26.4316803966351,32717.328
4.21131264679716,0.44147908865117,26.4215446836819,32720.25
4.21094975206427,0.439663937474803,26.4188090132679,32723.156
4.21152725705475,0.439479724103672,26.4167859204149,32726.078
4.21130747807543,0.438738207197215,26.4029852959536,32729
4.21152138877961,0.440128043438534,26.3963700733466,32731.906
4.21167319925528,0.437444134192306,26.389251263798,32734.828
4.20976706748346,0.418473581429146,26.3797978241653,32737.734
4.20980681347316,0.41550310953524,26.3822384705282,32740.656
4.20971708527159,0.416745067359536,26.3783924301645,32743.578
4.20964455341721,0.413519207141025,26.3801441969573,32746.515
4.20970714206694,0.412874038959121,26.3721175046629,32749.421
4.20972842738121,0.416591751413976,26.3711589006036,32752.343
4.20996276192198,0.414545477225021,26.3693894919163,32755.281
4.20984917152793,0.412605625748922,26.3620852500378,32758.203
4.20982361723921,0.413557045771862,26.3619139116446,32761.109
4.2097281392089,0.411037888995903,26.3567233929824,32764.031
4.21011934179402,0.414010201083379,26.354985137826,32766.953
4.20996661342261,0.41229915542652,26.348070502126,32769.859
4.21004001912779,0.416239651276545,26.3512394830218,32772.781
4.21051721322081,0.414489548327785,26.3413227861197,32775.687
4.21064446963349,0.412905177853027,26.3418187994916,32778.609
4.20995516160077,0.410245096274171,26.3297761294413,32781.515
4.21010894117371,0.422675770263891,26.3259315543431,32784.437
4.21033126440673,0.412356591978036,26.3275496700823,32787.375
4.21034947207704,0.414503494950077,26.3256737149693,32790.328
4.2107374396367,0.411863576826429,26.3168569151073,32793.234
4.21085049486939,0.416065178564258,26.3191011837846,32796.156
4.21045807437788,0.41342758575839,26.313057659216,32799.062
4.21106190627257,0.413228513257816,26.3087998601961,32801.984
4.21067527276328,0.411901243491379,26.2982404832833,32804.906
4.21097643519355,0.412930688187262,26.290740232073,32807.812
4.21118041255413,0.413347026897969,26.2832517104889,32810.734
4.21053738568852,0.415326993287611,26.2742235094846,32813.64
4.21185440975257,0.41284694323674,26.2655475700612,32816.562
4.21109230051746,0.411184479735564,26.256997458686,32819.468
4.21188222999046,0.411466003390631,26.253676197825,32822.421
4.21118614941159,0.41359715385259,26.2500437256345,32825.328
4.21140954804629,0.411633120126125,26.2581629530793,32828.25
4.21123451274224,0.408055916917499,26.2482345889715,32831.156
4.21149947975067,0.409805635618478,26.2558849959461,32834.078
4.21166948978974,0.409118707155388,26.2517408901152,32836.984
4.21151251494105,0.40948109624453,26.2402669073357,32839.906
4.21151474477929,0.410441270685235,26.2432535288286,32842.828
4.21189626903176,0.409126385982328,26.2401625817086,32845.734
4.21207996734087,0.413722101334096,26.2292513398184,32848.656
4.21232778239828,0.410819665458482,26.2284107540854,32851.562
4.21217458208035,0.413536586235112,26.2233352296048,32854.484
4.21229486983604,0.412065122331311,26.2235536005778,32857.437
4.21245106988887,0.407613023219049,26.2103109081451,32860.343
4.21250316241519,0.411373089862625,26.2060815706822,32863.265
4.21261509483709,0.408594623957175,26.2086235233265,32866.187
4.21090025513193,0.39261528089733,26.203451174595,32869.093
4.21074430716753,0.383244596909175,26.2142093203641,32872
4.2108884925813,0.385051488414432,26.2077000551176,32874.921
4.21063763304958,0.385950045093162,26.1933781326381,32877.828
4.21079948369356,0.387927353529315,26.1827454243018,32880.75
4.21064991955417,0.384538435768408,26.1865239035088,32883.687
4.21096848432917,0.386317288143921,26.1843757902439,32886.593
4.21098548167421,0.387264242303475,26.1638053520978,32889.515
4.21077125504475,0.385215291502929,26.1649060743381,32892.421
4.21079482997968,0.384440808216041,26.1649650507218,32895.343
4.2111200006824,0.385318881847719,26.1576243591456,32898.25
4.21070577148809,0.385276123752963,26.1524200076552,32901.171
4.21155188203958,0.384357154333379,26.1529516000118,32904.078
4.21098625260459,0.387034715350303,26.1489286668096,32907
4.21106474882518,0.385154806852134,26.135183966123,32909.906
4.21128040582622,0.387343535454767,26.1401108626735,32912.828
4.21158062291813,0.384166836363654,26.1329842662052,32915.765
4.21141633164474,0.383492606726325,26.1308753085515,32918.671
4.21166015328053,0.382590527434573,26.1064762420662,32921.593
4.21168063785624,0.384154424774372,26.1108125797465,32924.5
4.21199788797596,0.382396348812089,26.1071202056847,32927.421
4.2117703184964,0.383350409459686,26.0967222627629,32930.328
4.21171921786206,0.384139186962783,26.1061946148601,32933.234
4.21189897549242,0.381418303554145,26.0974076598802,32936.156
4.21203196520308,0.383966423700449,26.0773887990309,32939.062
4.21213130056657,0.384398125719067,26.0747675849899,32941.984
4.21180922399274,0.383971943079698,26.0805322381437,32944.89
4.21230261619371,0.382397298472823,26.0740154198905,32947.812
4.21239068102509,0.383873382581602,26.0724004614602,32950.718
4.21223727693543,0.383388598604454,26.0734264916736,32953.64
4.21254955863817,0.384508811920791,26.0644853162235,32956.546
4.21258337552675,0.378446925794127,26.0626101486803,32959.484
4.21056128494692,0.359241995298393,26.0598510403061,32962.406
4.2106344348664,0.363109905035947,26.0692236153853,32965.312
4.21084399874249,0.361115080904632,26.0613714756613,32968.234
4.21065314213524,0.359071048060426,26.0482290725661,32971.14
4.21066904772513,0.361460153206793,26.0476538207837,32974.046
4.21071877291154,0.360416962898946,26.0350625089751,32976.953
4.21088334033097,0.362527173597896,26.0355824146143,32979.859
4.21064456305876,0.361461992872646,26.0349109259208,32982.765
4.21090645790203,0.359602654722473,26.0325000734007,32985.687
4.21081499384805,0.361384380520285,26.0219685545681,32988.593
4.21085244892037,0.359578364547274,26.021584574198,32991.531
4.2107883216686,0.360056014765179,26.0191677788128,32994.453
4.21109282272057,0.361641600243533,26.0157229452929,32997.359
4.21102217811469,0.362369769451536,26.0135957652657,33000.281
4.21095425647121,0.356185037220966,26.0007750547056,33003.187
4.21097812417057,0.359161743035025,25.9965580003559,33006.093
4.21107832464321,0.361803898204867,25.9966584410757,33009.015
4.21114585098224,0.361495944765734,25.994993930291,33011.921
4.21128765230353,0.361113733393186,26.0019392312935,33014.843
4.21121258082734,0.360815478594829,25.993353177848,33017.75
4.21156430422025,0.35956972662713,25.9969322112976,33020.656
4.21141658915887,0.35883507853835,25.9919723726554,33023.578
4.21151026947173,0.357781860059139,25.9814658273047,33026.484
4.21147534966603,0.35926685638489,25.9754519169111,33029.406
4.21149345573077,0.359919283928243,25.9712111732453,33032.343
4.21145813793773,0.360516771805765,25.9717056143138,33035.25
4.21179599711896,0.360627016539457,25.9620986976438,33038.171
4.21169236061865,0.360808572065076,25.9728756229477,33041.078
4.21192787928481,0.359455836156098,25.9628650111099,33043.984
4.21214182610457,0.357936792027347,25.9571505139892,33046.89
4.21227360926919,0.356967297047078,25.9510497341625,33049.812
4.2122214656926,0.35753394103001,25.9518299292193,33052.718
4.21223657090391,0.358331658534795,25.9429200848393,33055.64
4.21232709921922,0.358320441049014,25.9399532229106,33058.546
4.21214731383248,0.356374026475998,25.9416218775724,33061.453
4.21207947919663,0.355338989636919,25.9343979642383,33064.39
4.2125450951571,0.356446483912023,25.9233325771616,33067.312
4.21255734389298,0.356728018817431,25.9115244032894,33070.218
4.21073974802271,0.333961471802778,25.9155333408998,33073.14
4.21068122679621,0.333456568557676,25.9160043261793,33076.046
4.21065190323745,0.333583451485642,25.9109314009949,33078.968
4.21061403694777,0.333556784112529,25.9071587299483,33081.875
4.21065108564953,0.33569577023955,25.900598402255,33084.796
4.21048167574442,0.334497330904264,25.895147143344,33087.796
4.21057846663678,0.336475326901431,25.8954171320453,33090.765
4.21095532579159,0.336782844718501,25.8920620007803,33093.703
4.21076971290897,0.336581220562511,25.8838564915104,33096.64
4.21069086055844,0.337844080461206,25.8788777591442,33099.546
4.21100870514979,0.336480688128343,25.8748053574246,33102.468
4.21058739937952,0.333929288917113,25.8674291306826,33105.375
4.21110506139933,0.33167124585302,25.8693580379618,33108.281
4.21048387399125,0.33815112941393,25.8749807932724,33111.203
4.21108311646955,0.335140746808175,25.8631024221155,33114.109
4.21106286333763,0.339798859527966,25.8612247695289,33117.015
4.21107968652878,0.336142125634061,25.8574202662798,33119.921
4.21108006711454,0.333428927736732,25.8566578245608,33122.843
4.21124043560534,0.334391656931363,25.8529932209977,33125.75
4.2112995877726,0.331497677108821,25.8636817075143,33128.687
4.21130478818374,0.333466693093487,25.8544984241417,33131.609
4.21136853256039,0.333393908074358,25.8463828359599,33134.515
4.21154096967565,0.33452540162769,25.8409409130743,33137.421
4.21159722745426,0.331268259623003,25.8355440988744,33140.343
4.21158721348523,0.331751054799294,25.831471584309,33143.25
4.21139692029946,0.33213608819457,25.8286537178408,33146.187
4.21178494710135,0.33021037755249,25.8235526909108,33149.156
4.21163315058793,0.333604330199275,25.8220394996682,33152.078
4.21167450706211,0.335119455171286,25.819986358544,33154.984
4.2118276828862,0.333618813968522,25.8169951235425,33157.89
4.21181435404873,0.333287611864573,25.815779457082,33160.812
4.21176248366173,0.333951991076975,25.80651856165,33163.718
4.21191459728767,0.330305611508224,25.7977696348445,33166.656
4.21186562464336,0.335212512505213,25.7969382151631,33169.562
4.21210857552503,0.330341852231818,25.7903982731876,33172.484
4.21171836458449,0.331176430792091,25.7891154468485,33175.39
4.21193741045933,0.330727652283005,25.7829927795584,33178.296
4.21233831679951,0.327538612644159,25.7723657572371,33181.218
4.2119934940619,0.330274735026478,25.7650272629365,33184.125
4.21224031772774,0.330439941788432,25.7662609678743,33187.046
4.21274542907569,0.329471521992293,25.7613795888872,33189.953
4.21250947267658,0.331973618946873,25.7620380779245,33192.875
4.21238864179268,0.329593103449561,25.7627690490124,33195.781
4.21262333791423,0.329989701575512,25.763310999504,33198.718
4.21245874955926,0.332186680777179,25.7589125993166,33201.625
4.21281540445336,0.331066494862994,25.753322008052,33204.546
4.21274325764718,0.331270286259169,25.7515207809197,33207.453
4.21291081192051,0.327853460462699,25.7517868730245,33210.359
4.21297692696764,0.329176789893397,25.7495285680159,33213.281
4.21300624119352,0.329642284178897,25.7321804220417,33216.187
4.21336998752866,0.330752526404791,25.727314522077,33219.109
4.21315991450149,0.32967638060709,25.7222397667684,33222.015
4.21307200457318,0.329659972996947,25.7357040309328,33224.921
4.21338225391968,0.329397838244295,25.7236904869703,33227.828
4.21333704392264,0.332090065360639,25.717675581618,33230.734
4.21358130033306,0.330449179084774,25.7189702928373,33233.656
4.21160659689484,0.306811835422798,25.7120134404479,33236.562
4.21135320316853,0.307711199255002,25.6989762802499,33239.484
4.21163542178703,0.305105135460382,25.7068895018186,33242.39
4.21164071096242,0.307511579896555,25.7074353445569,33245.296
4.21155241358596,0.30595790799911,25.7089254472569,33248.218
4.21143804769999,0.306425968359582,25.6975241690079,33251.125
4.21129592902004,0.307000126954718,25.6854286152182,33254.031
4.21130115537379,0.304671970252537,25.6843960775876,33256.953
4.21155286598286,0.306833866704831,25.6832863915103,33259.859
4.21153656847629,0.30486065021864,25.6800284932015,33262.765
4.21149754508148,0.305337801959485,25.6873566477581,33265.687
4.21190875260451,0.307325479708284,25.678246735209,33268.593
4.21173229606513,0.310812024333329,25.6638291391224,33271.515
4.21190694173435,0.304843533636706,25.6695587980809,33274.421
4.2119216196732,0.308700646317437,25.6576915366793,33277.328
4.21169879216856,0.307883068152186,25.6556121974303,33280.265
4.21162149393545,0.307603171540159,25.659782890442,33283.203
4.21188879386721,0.304062676572768,25.6585271930139,33286.125
4.21185916741345,0.306173912094898,25.6552278734502,33289.031
4.21217816626302,0.303930586324255,25.6502332572698,33291.953
4.21168377764351,0.306692239850996,25.6558014544811,33294.859
4.21191000376007,0.305383112680686,25.6455776426833,33297.765
4.21216383820466,0.303172827181234,25.6446057231864,33300.687
4.2125809762505,0.305143205431099,25.6448247556362,33303.593
4.21031785758459,0.285660708284052,25.644454236019,33306.5
4.21007901261051,0.280753722086863,25.652819357754,33309.406
4.21014361588123,0.284234250007502,25.6450750420332,33312.312
4.21014325516421,0.282796622597766,25.6318294381129,33315.25
4.21036639848252,0.281311203991685,25.631900208333,33318.156
4.21034428602131,0.282224057340661,25.6247708390287,33321.062
4.21016052334003,0.280454460034008,25.6213924104373,33323.968
4.21017204031029,0.281972353799904,25.6171699974615,33326.89
4.21020220499113,0.279279786265509,25.6127151941907,33329.796
4.21033541911857,0.280427441805644,25.6089008303301,33332.703
4.21038126684793,0.283615517588436,25.6200698393304,33335.609
4.2102747222925,0.284637801593469,25.6140281530591,33338.531
4.21025742226602,0.282082722433434,25.6049863625383,33341.437
4.21015685523786,0.282812870050172,25.5996108890431,33344.343
4.21012974702211,0.281757314518742,25.6028515533003,33347.25
4.21053711259923,0.284941405873644,25.6056446752993,33350.171
4.21043982081878,0.283808107095166,25.6007425063855,33353.093
4.21064846768277,0.281736093791357,25.6019013045453,33356
4.21045564189477,0.28121739770157,25.58413447616,33358.906
4.21018562729461,0.280738234286674,25.5802235403746,33361.828
4.2105764800036,0.279577216490039,25.5806927658686,33364.734
4.21039749491972,0.281043220129502,25.5753879208547,33367.64
4.21088270861333,0.282327071624907,25.5846154700403,33370.562
4.21079232060931,0.28481268262502,25.5845169507173,33373.468
4.2104548572063,0.280518126233136,25.5812782460633,33376.375
4.21075955222084,0.283220235135821,25.5706252247607,33379.296
4.21069728533381,0.281718452305882,25.569241453778,33382.218
4.21069693044113,0.281936053349854,25.5658642342856,33385.125
4.21064609237293,0.283870427231407,25.5549685059756,33388.046
4.21087684758071,0.281625125391157,25.5581230585946,33390.953
4.21074297573374,0.283248662758172,25.5548738603324,33393.859
4.21093129340335,0.282208311241664,25.5558439769847,33396.781
4.21085792883912,0.280794540980259,25.5432091127444,33399.687
4.2109310393895,0.281921563224575,25.5508266269757,33402.593
4.21085390124875,0.280325538022281,25.5479661199769,33405.515
4.21101240226465,0.281173200941648,25.5493343860323,33408.421
4.21127873155342,0.281720331440032,25.5487055632739,33411.328
4.211148145029,0.280399368725104,25.5455154988036,33414.25
4.21124157005791,0.282390536266817,25.5362812190761,33417.156
4.21139415092407,0.278296533171799,25.5353033729941,33420.062
4.21142205105482,0.279196924028695,25.5297913117323,33422.984
4.21144342005428,0.279808998931452,25.5269543270001,33425.89
4.2113091944232,0.276551326506057,25.5148964777307,33428.812
4.2115963424536,0.278833711931209,25.5089264777522,33431.718
4.21144149878838,0.279622781860178,25.5230744090411,33434.625
4.21174935129738,0.280657251732819,25.5133388778358,33437.531
4.21187203920719,0.279491084688559,25.5140389591615,33440.437
4.21195732674418,0.282029850387126,25.5119075285796,33443.343
4.21183715080441,0.278084754876514,25.5040648170508,33446.281
4.2116742987894,0.279213952685728,25.5016022222232,33449.218
4.21190532083672,0.279446045629474,25.4906458929544,33452.125
4.21196779188406,0.282623858813629,25.4892303797743,33455.046
4.21197573898355,0.279481924243609,25.4902475398839,33457.953
4.21207509526334,0.278228024604761,25.4947114458935,33460.859
4.21214827881454,0.276785157777236,25.4815958540393,33463.765
4.21192141814707,0.273365772785582,25.4797879986145,33466.671
4.21229002027984,0.282127738883343,25.4759608690343,33469.593
4.21223132866288,0.279206949462524,25.4728793742982,33472.5
4.21205130699076,0.277656543816217,25.4624051267125,33475.406
4.21206126708907,0.280500240648286,25.4655363854042,33478.312
4.21233652120102,0.277636532524317,25.4696712276311,33481.25
4.21254225668447,0.277642952516683,25.4717848420045,33484.156
4.21255558029025,0.277464210844314,25.4671631274719,33487.078
4.210736365352,0.254483134097774,25.4717473515835,33489.984
4.21062465258786,0.258966183973063,25.4626970736568,33492.89
4.21034133547965,0.254931025197655,25.4552242298556,33495.796
4.21043207677134,0.254567402747665,25.4623322676251,33498.718
4.21059580012707,0.255519990566672,25.4540097562605,33501.625
4.21041184347622,0.258561694724418,25.4515921843484,33504.531
4.21053559497183,0.25550052223478,25.446984140859,33507.437
4.21052866179093,0.255793807570359,25.4471123297746,33510.343
4.21055874774499,0.262900987249201,25.4594577644962,33513.265
4.21047008477816,0.261796959250547,25.4514937596803,33516.171
4.2108269430543,0.26050824353076,25.4448962542001,33519.093
4.21066333283589,0.258723512046601,25.4373339590058,33522
4.21059355418115,0.256165466177406,25.4304463379755,33524.906
4.21054094707359,0.258824976651501,25.4319468036799,33527.812
4.21061849981223,0.254470381742216,25.442356567114,33530.718
4.21056131727136,0.25688745612829,25.4402642731401,33533.64
4.21091757814885,0.254563890446732,25.4390653899404,33536.546
4.21073688842763,0.259189038309429,25.4314126629532,33539.453
4.2107933186174,0.258083584163873,25.4150260738628,33542.359
4.2108912646012,0.263142601510122,25.4130796984213,33545.281
4.21071899349034,0.259924776979386,25.3993372153391,33548.187
4.21090836588378,0.25732440923802,25.3958939402826,33551.093
4.21106176968875,0.252943502993857,25.4029993985165,33554.015
4.21110980964932,0.256682609772447,25.4045790728389,33556.921
4.21098016360933,0.252641088499449,25.3987693398575,33559.828
4.21098294706906,0.257502839219307,25.3952039758753,33562.734
4.21103884200591,0.254947195554921,25.3879469914285,33565.64
4.21090737161062,0.255268929342414,25.3953479801246,33568.562
4.21126032801139,0.254569315904053,25.37823661295,33571.468
4.21102492441788,0.255353270314433,25.3742234889294,33574.375
4.21131544599808,0.25764337041475,25.3736770672746,33577.281
4.21124171087589,0.254940827660114,25.3678987058366,33580.203
4.21122707098672,0.254244255279663,25.3711628068303,33583.109
4.21139604003495,0.254921103873294,25.3655025550683,33586.015
4.211266754534,0.25594128909559,25.3678338670325,33588.937
4.21143128655781,0.257544149574386,25.3516761557294,33591.843
4.21131189740412,0.256527854077223,25.3576871494727,33594.75
4.2113350958428,0.254540162695989,25.3488102629049,33597.671
4.21160761401416,0.255172746853369,25.3463627095859,33600.578
4.21165516805883,0.25372196705724,25.3391269014824,33603.484
4.21172753464677,0.252807093876523,25.343272553206,33606.421
4.21170291750013,0.253064608513833,25.3445464328495,33609.328
4.21166693387135,0.256449893485812,25.3541983430469,33612.25
4.21176696333965,0.25324895872903,25.3564665965318,33615.156
4.21190311180956,0.253621694007026,25.3487791244882,33618.062
4.21172114741394,0.251780004996586,25.3411112180599,33620.968
4.21190058850787,0.250891138069021,25.3372594219411,33623.875
4.21195659624107,0.252754975520815,25.3405156134541,33626.796
4.21222317229423,0.255016868766363,25.331258121299,33629.703
4.21193904987775,0.254060009919102,25.3286525822009,33632.609
4.2121333375053,0.253538545855994,25.3272167915194,33635.515
4.21212507352434,0.254031896849695,25.3259623480932,33638.453
4.21207468494709,0.253928679976635,25.330895268422,33641.359
4.21214570175796,0.256574254872956,25.3277611886341,33644.281
4.21211339948476,0.251485842428842,25.323712278489,33647.187
4.21230462847502,0.252263090576703,25.3237674721924,33650.093
4.21240320713664,0.251645152120201,25.3210950211274,33653
4.21232398652661,0.251043510126495,25.3206788045365,33655.921
4.21226269930454,0.253083813876514,25.3241445001125,33658.828
4.21262339531172,0.251560906457287,25.3226769486247,33661.812
4.21265568781432,0.251355488834414,25.3198193048953,33664.765
4.21262656344884,0.253126294506132,25.3143439208723,33667.75
4.21270996937939,0.255219602758551,25.3091174478276,33670.703
4.21301880081696,0.25514863072595,25.3130777738649,33673.687
4.21280131122604,0.250934141759128,25.3054546017387,33676.609
4.21271054403053,0.254342829535092,25.3052535400343,33679.531
4.21283239816134,0.251943602395111,25.3011194648341,33682.437
4.21285227244332,0.252243466307975,25.3052559419642,33685.343
4.21301618639118,0.248697675595196,25.3039024773536,33688.25
4.21301299133935,0.250875249139615,25.2930623433914,33691.171
4.21275007783734,0.25327367297753,25.291277184195,33694.093
4.21295229134092,0.252722145579542,25.2915790375353,33697.031
4.2131775089492,0.251826286800069,25.2873757644581,33699.937
4.2132942846067,0.245323878304304,25.2810544099586,33702.859
4.2133339341675,0.248070715475354,25.2782294601147,33705.765
4.21298360659848,0.247876412066658,25.2670949629838,33708.671
4.21327597854472,0.25136088456603,25.2660256011001,33711.578
4.21395628152363,0.256769465219278,25.2681283429361,33714.484
4.21162906841509,0.225219800296841,25.2607274987066,33717.406
4.21158721982486,0.228530369949811,25.2659033635814,33720.312
4.21138356152151,0.224540246188599,25.2595935821517,33723.218
4.21155216645796,0.226876473138413,25.25231472271,33726.125
4.21163913319634,0.234753100689546,25.255652317516,33729.062
4.21128810117133,0.226534274428358,25.2500936571361,33731.968
4.21146840178012,0.230229152971924,25.244606119487,33734.875
4.21138011012966,0.228868506798285,25.243700518141,33737.796
4.21095770872934,0.226781023303958,25.2351431866209,33740.703
4.21134973166878,0.228194633065519,25.24501270232,33743.609
4.21154202653006,0.226622478880661,25.2423415479104,33746.515
4.21160408774179,0.2281546780212,25.2366543360975,33749.437
4.21139657660114,0.227361978675499,25.2386172873422,33752.343
4.2115661469654,0.228069050917556,25.2419001338771,33755.25
4.2116149941368,0.235211884498965,25.2393116554573,33758.156
4.21119002236619,0.231452144134167,25.2283517452357,33761.062
4.21164232830565,0.229093780716774,25.2367177045695,33763.984
4.21177963489419,0.230713204757994,25.2475119589883,33766.89
4.21154232522228,0.227140328662702,25.2321118382805,33769.812
4.21132052137533,0.227155897740926,25.2365383645997,33772.843
4.21171059421896,0.224543482780544,25.2261566125269,33775.859
4.21175020127819,0.230571733767239,25.2234851083188,33778.859
4.21181380343325,0.229555451832818,25.220236280839,33781.843
4.21157609378333,0.226849481941959,25.2226334783007,33784.828
4.21202862447153,0.2272919268218,25.2157132583914,33787.75
4.21180959269093,0.228638313859466,25.2170919031405,33790.656
4.21175731226985,0.22529459883447,25.2052950814852,33793.562
4.21187437766962,0.224263426532914,25.2028906106044,33796.468
4.21161215401593,0.227900537699131,25.201805268085,33799.375
4.21199755180525,0.226193867681005,25.2058751796138,33802.281
4.21202272668557,0.227704312173102,25.2035100875841,33805.187
4.21190539639298,0.226138073612138,25.2028848260876,33808.093
4.21214398759252,0.228119876095891,25.2068284463317,33811
4.21197319213825,0.224888863263015,25.1994933349374,33813.906
4.21223306716724,0.226970415834443,25.1982568869426,33816.828
4.21195361577581,0.225886401580292,25.1965287789586,33819.734
4.21210854594325,0.227891421723737,25.1925178462107,33822.64
4.21239702153193,0.224762240895065,25.1966391610289,33825.546
4.21239172327027,0.227672517962033,25.1920463259475,33828.453
4.2124034782705,0.224649276787185,25.186159705289,33831.359
4.21231024866198,0.226561622141263,25.1835456856575,33834.281
4.21245473915757,0.229771612975894,25.1822651387271,33837.187
4.21258017759339,0.226224440220717,25.183251807924,33840.093
4.21236054617837,0.228293665410109,25.1745989411846,33843
4.21256310890417,0.226275791976851,25.1736240892166,33845.906
4.21270926911234,0.225863120919715,25.1720242693188,33848.812
4.21265462178312,0.226605100288976,25.1732280688661,33851.718
4.21266445824464,0.224971350590756,25.1665179672504,33854.625
4.21273012891005,0.227177140829567,25.1619528772875,33857.531
4.21265923152218,0.228159590654241,25.1562749154677,33860.437
4.21249133540045,0.225720574617759,25.1533606613027,33863.343
4.21270905659576,0.225875774505024,25.1572157743913,33866.25
4.21297127733365,0.225281763373358,25.149732594125,33869.156
4.2129100147877,0.223516684984697,25.1489038490201,33872.062
4.21275460488809,0.225022474868072,25.1395558736057,33874.968
4.21310250002317,0.22896402174643,25.1369714666716,33877.875
4.21314287212877,0.225173525538684,25.1367072453537,33880.796
4.21315026878314,0.228117643331648,25.1350892760811,33883.703
4.21294248493884,0.222863240972775,25.1375794773403,33886.609
4.21314618584997,0.226687958749065,25.1321792881954,33889.515
4.21288404910442,0.222572328119315,25.1368393928066,33892.421
4.21308340332442,0.222449712382015,25.1361861715114,33895.328
4.21345223874817,0.221950453415784,25.1373248585475,33898.265
4.21334936463565,0.226851328969811,25.1328465012148,33901.187
4.21331186290457,0.224242844345524,25.1216900741005,33904.093
4.21350661084649,0.225302457992932,25.1254589986465,33907.015
4.21335013290421,0.223653645111926,25.1186579776719,33909.921
4.21336604082575,0.22343224209167,25.1201555190678,33912.828
4.21367550234226,0.221959075478173,25.119774573245,33915.734
4.21164653951833,0.203433392683772,25.1192951355044,33918.64
4.21162650567188,0.201908486319074,25.117633930423,33921.546
4.21149653616813,0.203570766100257,25.1211857083008,33924.453
4.21136182904796,0.202086055382886,25.1217343154479,33927.359
4.21133543923254,0.200911309563184,25.1191949893331,33930.265
4.21135803306685,0.202731749855228,25.119840385975,33933.203
4.21147633445398,0.200839107539162,25.1184531903586,33936.109
4.21140954481124,0.202704128938019,25.1095564687189,33939.015
4.21155726695705,0.2006151347918,25.1052710190024,33941.937
4.21120371918508,0.204307180592936,25.1036530279484,33944.843
4.21139577809556,0.198812402219618,25.0972558386625,33947.75
4.21146901849731,0.198315700395143,25.0927216477199,33950.656
4.21153672783178,0.201406815205042,25.0911689834151,33953.562
4.21144490589484,0.203089342885922,25.0806557777268,33956.468
4.21167251796476,0.199632497430016,25.0818829945233,33959.375
4.21148695688473,0.200581073201712,25.0839688645288,33962.296
4.2113835072644,0.202115258491107,25.0766125875099,33965.203
4.21165935753089,0.201877880233069,25.0779719311199,33968.109
4.21144650637673,0.202274034847063,25.0764588237669,33971.015
4.21163911632891,0.201720750691982,25.0738558911638,33973.937
4.21152540229404,0.201739740235244,25.0785147230873,33976.843
4.21156719207934,0.205207744018042,25.0647591751885,33979.75
4.21165715996219,0.202494054274068,25.063336637116,33982.656
4.21164419151933,0.200446335380554,25.0631475614041,33985.562
4.21170174565933,0.20237769790016,25.0605937984204,33988.484
4.21167902231866,0.200226230886615,25.0695132095439,33991.39
4.21162729700426,0.19882485327171,25.0643312403848,33994.296
4.21165286649036,0.199342923468284,25.0587548197639,33997.203
4.21188036200601,0.201818747805999,25.0568266612301,34000.125
4.21171735786739,0.201793064246421,25.0573417563074,34003.031
4.21196157865714,0.198546090912436,25.0524539411475,34005.937
4.21163194947991,0.200228551643301,25.0511436157713,34008.859
4.21171371398234,0.202386377883617,25.0501176467777,34011.765
4.21190260499379,0.20032563435767,25.0439212481014,34014.671
4.21179534328958,0.200398042017484,25.0455021434599,34017.578
4.21210196771731,0.19913876759188,25.0455695317582,34020.484
4.21179526659812,0.198745462310886,25.0465582193579,34023.39
4.21200346464381,0.201344535258935,25.0497512744999,34026.296
4.21220334389975,0.202208180281782,25.0443479136815,34029.203
4.2118168878561,0.202522179802395,25.0406993354694,34032.125
4.21187259851715,0.200071661802736,25.0378278066967,34035.031
4.2122236712965,0.200881166040956,25.0332240345564,34037.953
4.21220127847082,0.199933893291408,25.0296521674962,34040.859
4.21201046060982,0.19977437868943,25.0253977802102,34043.765
4.21234329095523,0.199067197291655,25.0246989071122,34046.687
4.212220210373,0.200252553846551,25.0231578395734,34049.593
4.21221184550102,0.201804345956074,25.0301752932137,34052.5
4.21216645944367,0.197987148906354,25.023242604095,34055.406
4.21237613919713,0.199551423508411,25.0207226315885,34058.312
4.21230485579433,0.200939568807082,25.011907092392,34061.234
4.2123912542871,0.20034039129396,25.0187195851349,34064.14
4.2124925174497,0.19992699506535,25.011362718683,34067.046
4.21256644365843,0.199360479728517,25.024896678581,34069.968
4.21244881313971,0.199977921756906,25.0242391385285,34072.875
4.21234954689693,0.200419675099957,25.0254750319243,34075.781
4.21263195656623,0.197850946047008,25.0151653102346,34078.687
4.21262625093936,0.199962109578134,25.0088111077374,34081.593
4.2125762842857,0.200126263215466,25.0111814267626,34084.515
4.21266781977826,0.195865497936014,25.0060796571561,34087.421
4.21248660888714,0.196496394494228,25.0005165598815,34090.328
4.21269007834014,0.199524367624176,24.9919551839858,34093.234
4.21267581262078,0.19878029207353,24.9972108074122,34096.156
4.21269037405542,0.199201409463326,24.9938911296353,34099.062
4.21281408713782,0.196434695131329,24.9833504982099,34101.968
4.21278092612909,0.198105448446585,24.9936033797875,34104.875
4.21275494306446,0.198528142872865,24.9899382907827,34107.781
4.21298146698512,0.19635401046641,24.986873489989,34110.687
4.21283582887056,0.198819681594353,24.981683195748,34113.609
4.21312853819059,0.200510080154007,24.9828694067171,34116.515
4.2132575934624,0.198232423456715,24.9853440498993,34119.421
4.21324408088257,0.198381489559374,24.9926050146147,34122.328
4.21303057876044,0.195803360553827,24.9885869991735,34125.234
4.21332480910189,0.198546201999157,24.9913871659173,34128.156
4.21305450669079,0.195691043588857,24.9843374709133,34131.062
4.21313614482385,0.195878039000419,24.9835678674168,34133.968
4.21304212474552,0.198383857997641,24.9839905148865,34136.875
4.21341460093288,0.198051110666796,24.9871598018024,34139.796
4.21337141108851,0.198240424372139,24.985782470954,34142.703
4.21315627198783,0.199538067566287,24.9795006365294,34145.609
4.21355000366988,0.199155315175528,24.9699738547323,34148.546
4.21154329754646,0.175550537817709,24.965637585619,34151.453
4.21119850616928,0.174765945013455,24.9660402546091,34154.359
4.21121894251403,0.178221343251034,24.9606855456525,34157.265
4.21139655223394,0.178114366280449,24.9667114442573,34160.187
4.21129576504405,0.176908239178221,24.9587018969461,34163.093
4.21128683340654,0.174977872525008,24.9578475992628,34166
4.21105155918814,0.176562835473118,24.9596219681657,34168.906
4.21141457822975,0.176062852301296,24.9613512779648,34171.812
4.21121850467581,0.178254891968803,24.9566145787027,34174.734
4.21118199786177,0.176426497728667,24.956051517879,34177.64
4.21126191623004,0.176176186075293,24.9560087032648,34180.578
4.21108886328066,0.175503423606708,24.9468088704239,34183.484
4.21113216778316,0.178264485654659,24.9503142807249,34186.39
4.21105623601461,0.173800965634273,24.9481728773821,34189.296
4.21140618561879,0.17643269265522,24.9483032389142,34192.218
4.21122052187368,0.173771427953107,24.9517751744934,34195.125
4.2111899581975,0.176795074816611,24.9504113011612,34198.031
4.2113618087881,0.172790125109975,24.9473638684681,34200.937
4.21156319608876,0.178410239261868,24.952233251051,34203.843
4.21151512970914,0.175606189409238,24.9422388400235,34206.765
4.21147193197704,0.176494430847427,24.9481278395051,34209.671
4.21141491449554,0.174170967358105,24.942329052607,34212.578
4.21152980410366,0.175572211546249,24.9384623949995,34215.5
4.21149081266552,0.175267623416534,24.938136922484,34218.406
4.21139829556162,0.175587137812266,24.9329182751493,34221.312
4.21137562012228,0.176415155347587,24.928956974893,34224.218
4.21149020405205,0.176327588763301,24.9329520640373,34227.14
4.21166237612145,0.174937510213664,24.9242119902304,34230.046
4.21135921824306,0.175108301634832,24.9215217290766,34232.953
4.21150544691196,0.176232704730416,24.9265490230325,34235.859
4.21172945860266,0.174040717656934,24.9167277045032,34238.765
4.21159783160318,0.175236131808131,24.9237699268256,34241.687
4.21155798355432,0.175010282180645,24.9203747637117,34244.593
4.21185791183047,0.172983634133907,24.9223863456245,34247.5
4.21176769485665,0.175151699746232,24.9179337854691,34250.421
4.21144571061313,0.176035464906736,24.9132498822964,34253.328
4.21175349546075,0.17603013293217,24.9132950692225,34256.234
4.21194044382988,0.175562103254387,24.9082477721908,34259.14
4.211913116873,0.174453600154897,24.8980212057161,34262.062
4.21200541450022,0.176665952629609,24.9013312219579,34264.968
4.21194126884827,0.175124266329053,24.8998410912068,34267.875
4.21177903955252,0.176545398670426,24.9015583581922,34270.812
4.21191021399911,0.173252117427021,24.8978378251355,34273.718
4.21182426253812,0.176124065570204,24.9016474875328,34276.625
4.21203109573805,0.174019373467872,24.8853623876287,34279.546
4.21202725959694,0.175342948036278,24.8882918604957,34282.453
4.21201310592156,0.172135316963689,24.8914776796584,34285.359
4.21202500701235,0.174813446847532,24.8941936280736,34288.265
4.2120707486055,0.174969327116808,24.8827740838859,34291.187
4.21210114649792,0.175171794111877,24.8880371357442,34294.093
4.2121140386793,0.174649086680141,24.8907753537734,34297
4.21206719890664,0.172181414912647,24.8920661636157,34299.906
4.21190789388451,0.173837667428577,24.888312037278,34302.843
4.21236076948085,0.176688184283557,24.8861657705593,34305.75
4.21224261039496,0.175729334704032,24.8929941612294,34308.671
4.21252111113887,0.175144528953925,24.8813459731191,34311.578
4.2125007241771,0.174349583726741,24.8854893207557,34314.484
4.21246134236418,0.176233126503856,24.8804118801987,34317.39
4.21214756609021,0.175143540231753,24.8762077578831,34320.296
4.21237574091903,0.172940555382145,24.869657563224,34323.203
4.21232041897446,0.1765865879961,24.8666239695998,34326.109
4.21242323943195,0.17374723071536,24.8693517786294,34329.031
4.21223154349637,0.17347162258904,24.866953270072,34331.937
4.21277687528024,0.174286401746675,24.8695868541336,34334.843
4.21250542306432,0.171676216102317,24.8620850911635,34337.75
4.21229011542821,0.172331835000712,24.8635303395437,34340.671
4.2124289459364,0.174619472841934,24.8678005831933,34343.578
4.21251576733755,0.172504302877112,24.8605661023263,34346.484
4.21240257193364,0.172875015741929,24.8551567521571,34349.39
4.21251273243627,0.175503720402622,24.8636141448125,34352.296
4.21279955338933,0.174686598807846,24.8620329904282,34355.203
4.21300552191004,0.174730687769794,24.859989176328,34358.109
4.21257100011424,0.170334685107563,24.8525808683407,34361.015
4.21299696506685,0.174876525360095,24.8532654397958,34363.921
4.21282700881883,0.170521426476196,24.8521489840197,34366.828
4.21278490344916,0.173598541252186,24.8543854005097,34369.75
4.21291172886326,0.169421246993758,24.8526240668583,34372.656
4.21266342674364,0.173612620767131,24.8480699184339,34375.562
4.21280529103912,0.172887319803579,24.8450415407555,34378.468
4.21275623187855,0.172785661304798,24.8421143332386,34381.375
4.21308314486339,0.174198525820697,24.8432532938992,34384.296
4.21307768993893,0.175782664133719,24.8354848790277,34387.203
4.21322412494586,0.175774095556309,24.8369832697454,34390.109
4.21325490873148,0.172569899068853,24.8375005556069,34393.015
4.2130301714482,0.170890941292635,24.8381561710111,34395.937
4.2129125173724,0.1728914702179,24.8384755826405,34398.843
4.21305260881235,0.171689928505258,24.8307705896079,34401.75
4.21330232144304,0.171337935673551,24.8255411459335,34404.718
4.21355797081569,0.17198239911503,24.8309186391308,34407.703
4.21146953802441,0.151951149033451,24.8225599055652,34410.671
4.21132811968412,0.151532436651589,24.829929338849,34413.656
4.21165544124856,0.150177553855472,24.8285180806379,34416.578
4.21129563970234,0.149229590976425,24.8320835645671,34419.5
4.21093694065368,0.150359976274093,24.8237783848075,34422.406
4.21119381650428,0.153594848665425,24.8198340011252,34425.312
4.21135408133196,0.154765943024211,24.8164502003557,34428.234
4.21120509964866,0.150953740390438,24.8236103513926,34431.14
4.21118048617703,0.150067897100304,24.8195161224978,34434.046
4.21130244893333,0.153135853830882,24.8189574930633,34436.984
4.21108605711572,0.148161700667573,24.8147701078857,34439.89
4.21100866806543,0.147714928164255,24.8057001294825,34442.796
4.21112412081069,0.15018300471734,24.8110010133061,34445.703
4.21113109880455,0.151214328582876,24.803925471087,34448.609
4.21119991134627,0.150825981186515,24.8007074083576,34451.531
4.21142693990784,0.151991620338879,24.8006085419716,34454.437
4.21123034253926,0.14965762269574,24.8019794025353,34457.343
4.21111128770999,0.150265815786382,24.802902970365,34460.25
4.2113537067565,0.149996342478856,24.8008816666475,34463.156
4.21105899135233,0.149148840226577,24.7969625523758,34466.062
4.21115386957573,0.148083310706218,24.7986546296777,34469
4.21116697857116,0.15163283572172,24.7906405777753,34471.921
4.21134367558334,0.151346491862113,24.8019120618395,34474.828
4.21112135579732,0.151414564561304,24.7924769338909,34477.734
4.21118329361015,0.148808277060222,24.7909609692002,34480.64
4.21109498446005,0.151790763103529,24.7932925595244,34483.546
4.21144175556946,0.152794065270084,24.7940248739534,34486.468
4.21142603544074,0.149560211427518,24.7815255459578,34489.375
4.21142325445016,0.149216464137551,24.7826960041126,34492.281
4.21129365346136,0.152658350711828,24.7911942270758,34495.187
4.21105802809197,0.147884089758459,24.7922063592187,34498.093
4.21128617424418,0.149547729280175,24.7899143449556,34501.015
4.21113056126883,0.150763776345421,24.7823782314709,34503.921
4.21111496942897,0.150061455219974,24.7814209863517,34506.828
4.21111103733555,0.146421092965412,24.7748185087399,34509.75
4.21186110291141,0.148842739521944,24.7679890698356,34512.656
4.21167195270933,0.150775268716273,24.7662893631191,34515.562
4.21140834353763,0.151320659968004,24.7676513559874,34518.468
4.21118733652318,0.149193596242719,24.7697861298736,34521.375
4.21137056644777,0.149905238726625,24.7715117330935,34524.281
4.21149143457951,0.152107546440978,24.7771865203172,34527.187
4.21153462345212,0.152786245246081,24.7711882360399,34530.109
4.21151427545638,0.152588805750621,24.77393644894,34533.015
4.21097099231186,0.153284764456171,24.7775396541598,34535.921
4.21157638474068,0.148643885336683,24.7769888066458,34538.828
4.21131729356287,0.151707493810329,24.7745445537433,34541.75
4.21164104517975,0.149875656849113,24.7779899745232,34544.671
4.21154321499779,0.147088234173371,24.7723120660592,34547.578
4.2115748643702,0.149815072845957,24.7611267535148,34550.5
4.21165370591829,0.151129859453657,24.7558252001742,34553.406
4.21155190233666,0.148463813731461,24.7497946302327,34556.312
4.21171022221912,0.148989744273108,24.7484172065417,34559.218
4.21141897530152,0.148097578868009,24.7524583373078,34562.125
4.2119144342241,0.148926422215468,24.7515126751752,34565.031
4.21208051867724,0.150448255076205,24.7541350860774,34567.953
4.21179645239517,0.148619444677726,24.7567588668455,34570.859
4.21175583842355,0.148213835111271,24.7567667146543,34573.765
4.2115935662153,0.149195363159811,24.7546327711917,34576.703
4.2117258053106,0.147576761575746,24.7536725982507,34579.609
4.21162669868738,0.147888185809706,24.7538228423451,34582.515
4.21175008025652,0.151098990008672,24.7527158092365,34585.421
4.21190158186952,0.147481573406673,24.7578328318192,34588.328
4.21173448275372,0.15105380938324,24.7515782326882,34591.25
4.21205974340467,0.148128115303159,24.7426632743458,34594.156
4.21210566917089,0.14847614799948,24.7362994773461,34597.062
4.21213122363999,0.147640630108299,24.7421285195119,34599.968
4.21213022963663,0.146346397816333,24.7342440649726,34602.875
4.21198822268302,0.14790069858667,24.7360448445553,34605.781
4.21228123885124,0.150351181607976,24.7406235242815,34608.703
4.21201162158454,0.150655281275175,24.7324278225165,34611.625
4.21211279688699,0.149391376025602,24.73111672735,34614.531
4.21229830410755,0.15000455344135,24.7339581675912,34617.437
4.21213576808656,0.145849469796353,24.7407778590333,34620.343
4.21234377950092,0.150943977386449,24.7400634031175,34623.25
4.21218653425681,0.147270655194862,24.7325775937031,34626.156
4.21231854692032,0.147784984500396,24.7462829882194,34629.078
4.21221219279112,0.148837954432273,24.7378657510257,34631.984
4.21240617305372,0.150905483867661,24.7332074770464,34634.89
4.21232846641653,0.149460046581665,24.7399822025088,34637.796
4.2122363330362,0.149532113165375,24.7436257203438,34640.703
4.21243210916323,0.147753010951358,24.7374197983755,34643.625
4.2125871835332,0.14822556502449,24.7310967926544,34646.531
4.21239842907922,0.150034798230328,24.7317053657063,34649.437
4.21250815220368,0.148132475626839,24.7309592583415,34652.343
4.21256856092929,0.146020352619777,24.7347861287489,34655.25
4.21249292280604,0.145916182665858,24.7387881386067,34658.203
4.21240505071246,0.145506341284046,24.7418607492634,34661.203
4.21253437175495,0.147142699444437,24.7280923355133,34664.14
4.21245819702037,0.150352983138779,24.7169097675886,34667.125
4.21275842012592,0.144827224209554,24.7154507574886,34670.062
4.21273994611526,0.145317317174674,24.7108754185317,34673.062
4.21300856994623,0.147109025973473,24.7174293904491,34675.968
4.21269347296223,0.147644723466947,24.7130413117961,34678.875
4.21275896242497,0.146124789317179,24.7089485661771,34681.781
4.2127576117714,0.145526220089909,24.7127949850067,34684.687
4.21251081335738,0.148736447827929,24.7109405619457,34687.593
4.21287703243772,0.149291078021241,24.7139442141207,34690.5
4.21304571557011,0.148017408890413,24.7031254092354,34693.406
4.21309264405139,0.149447918326149,24.7021357908578,34696.312
4.21323974471924,0.145740027095986,24.7023293946107,34699.218
4.21278180653185,0.146248786601337,24.6996887483495,34702.125
4.21300253823407,0.145864463533878,24.7016856522717,34705.062
4.21284457489723,0.147109449166953,24.7060949386971,34707.968
4.21302601840514,0.148615315067152,24.6962766880779,34710.875
4.21294676326219,0.142615381406823,24.7007557489906,34713.796
4.21295724470384,0.141750598702342,24.7017721826687,34716.703
4.21308334379813,0.14666182865714,24.6992527052982,34719.625
4.21321652695658,0.153589912059358,24.6934234630429,34722.531
4.21290696159368,0.148234462801242,24.6892686334855,34725.437
4.2135478257654,0.14751091059144,24.6912713254888,34728.343
4.21309415635791,0.145851726446334,24.6873726848309,34731.265
4.21348183340374,0.148765472973389,24.6971915326807,34734.171
4.21323110967952,0.148997682807836,24.688169454829,34737.078
4.21338353750927,0.144905576547581,24.6790142337198,34739.984
4.21361024326611,0.144145461497709,24.6801513167205,34742.89
4.21145624776038,0.121398624543843,24.6848871950847,34745.828
4.21133647386139,0.122217646974112,24.6782595733551,34748.734
4.21100081139559,0.122699412060332,24.6809674421408,34751.656
4.21191962540075,0.12158905323565,24.6885168100705,34754.562
4.21102788164225,0.124403307297447,24.674472156761,34757.468
4.21171880874196,0.126174378956791,24.676684022496,34760.437
4.21131057426341,0.125861622172671,24.6721989416111,34763.343
4.21141654339101,0.124922136832319,24.6763069627583,34766.281
4.2112916987162,0.124152163222348,24.6673785915967,34769.234
4.21117021127187,0.122299615411345,24.6720017049521,34772.218
4.21137362660842,0.124949425031122,24.6803733055663,34775.203
4.21100180908543,0.122204225287469,24.6779619685577,34778.171
4.21104250311161,0.124541532049674,24.6693481021569,34781.187
4.21140273758578,0.125136038656581,24.6758787050465,34784.156
4.21089543502693,0.126710881377595,24.6637417307645,34787.093
4.21182072906005,0.12126548985248,24.6775512718622,34790.031
4.21094337345621,0.124697617375397,24.6762003074306,34792.953
4.2112698322479,0.119800703407012,24.6701137695952,34795.89
4.21124768476727,0.125235951781098,24.6632478153172,34798.812
4.21089244386577,0.119476200867507,24.669191908768,34801.718
4.21107826151786,0.124142092631583,24.6643494797887,34804.625
4.21134734778735,0.123968216113386,24.6718164008535,34807.531
4.21143879073585,0.123384593719495,24.673528927596,34810.421
4.21102317276011,0.123497401316811,24.6727527333504,34813.343
4.21136280477427,0.12492894199225,24.6682773844171,34816.234
4.21095649059166,0.122707681408269,24.6693145307834,34819.14
4.21091096382741,0.123487165476072,24.6666267826332,34822.046
4.21126910083523,0.125356132771703,24.6581096417132,34824.953
4.21094160810459,0.123545564268671,24.6586503989431,34827.875
4.21129119615155,0.126268841220352,24.6475795978007,34830.781
4.21126016674171,0.124746357217842,24.6544559726157,34833.687
4.21157956140905,0.126078694198627,24.6573437270278,34836.578
4.21129742813234,0.123699108693764,24.6538000041396,34839.484
4.21137512240502,0.125200181121364,24.6435797913817,34842.39
4.21122112314364,0.125337073671978,24.6505084195447,34845.296
4.21133588474893,0.126726321188606,24.646310149802,34848.203
4.21154098676811,0.127808968373538,24.6432153044689,34851.109
4.21131852462342,0.124940109974498,24.6453473065901,34854.015
4.21128149077717,0.123640019250729,24.6396918096707,34856.921
4.21132698815503,0.124082471598043,24.6391212689387,34859.843
4.21163237343464,0.125120747960854,24.6360147578359,34862.75
4.21160170791914,0.124633466111145,24.6358903402291,34865.656
4.21140765774538,0.123475933447325,24.6359016916159,34868.562
4.21139999580685,0.126363908046235,24.6439537902377,34871.468
4.21123213925084,0.11786182988618,24.6378314875708,34874.375
4.21138373870423,0.130130469489744,24.6504845838613,34877.281
4.21140825803359,0.124437009227908,24.6467467399976,34880.187
4.21159958651595,0.121854339670417,24.6481903030886,34883.093
4.21167715647746,0.125317046478835,24.643183734149,34886.015
4.2114728201514,0.123949347613275,24.634926472192,34888.921
4.21181019816075,0.121710357796667,24.6322782019082,34891.843
4.21172407023798,0.123681682909461,24.63310967985,34894.75
4.21151467465452,0.125631088729,24.6275310444488,34897.656
4.21152439228724,0.123821978412321,24.6234620235256,34900.562
4.21146175195584,0.12276471570649,24.6301556630735,34903.484
4.21149646089991,0.124210218013926,24.6229840898535,34906.39
4.21159279331308,0.124171489320257,24.6247912774973,34909.296
4.21168504422078,0.123234682478179,24.6270482638539,34912.203
4.21157461177282,0.124909680759537,24.6200519027588,34915.125
4.21176714352064,0.122399919390952,24.6253735471606,34918.046
4.21178090750383,0.122865425097751,24.6193914048562,34920.968
4.21167086145144,0.124657807883073,24.6145310046767,34923.875
4.2117544035801,0.12103514787398,24.617284535608,34926.781
4.21179378853598,0.121923074528364,24.6205092054582,34929.687
4.21189538559607,0.119933187208186,24.6199110769003,34932.593
4.2118622564485,0.123248762210372,24.6211251410975,34935.515
4.21170616345725,0.120716878288986,24.6178412520785,34938.421
4.21177982877209,0.121123477059345,24.612520428274,34941.328
4.21220386538289,0.125234923266947,24.6114800424365,34944.234
4.21168449083346,0.125589961464107,24.6147304538419,34947.14
4.21222625427769,0.124041018757548,24.6153803075825,34950.062
4.21235067082915,0.122024516225039,24.6194426568517,34952.968
4.21213734930279,0.124393393516434,24.6134332191647,34955.875
4.2117968625843,0.122447591459081,24.6172113249975,34958.796
4.21165611996445,0.121115405724558,24.6120110460748,34961.703
4.21199346100389,0.11984864411583,24.6050867579925,34964.609
4.21199229787408,0.122683599656784,24.593463353384,34967.515
4.21213836506475,0.123279170753285,24.5957348096012,34970.437
4.2120208616195,0.123126965170435,24.5904376540876,34973.343
4.21176134154858,0.123849078121425,24.5922641428468,34976.25
4.21222696891624,0.121830106850205,24.5892502362583,34979.156
4.21255381528106,0.123718540070695,24.587066117069,34982.062
4.21230136383748,0.122639058656491,24.5925903197022,34984.984
4.21202170695207,0.121615265656701,24.5939964339744,34987.89
4.2120680831368,0.122993261514696,24.5957467956245,34990.796
4.21217564049984,0.119654084201254,24.5907775179106,34993.703
4.21226282677972,0.12306624624415,24.5978542766445,34996.625
4.21212238664808,0.124157127924496,24.5927462928349,34999.531
4.21212804628437,0.120521943591904,24.5907714343515,35002.437
4.21231717757306,0.122155449174609,24.5876411142507,35005.343
4.21219953432838,0.121995002513445,24.5916623785177,35008.25
4.21239979908873,0.123115490758135,24.592240974163,35011.171
4.21243948280906,0.123521980192643,24.5900329159009,35014.078
4.2122558017426,0.120564951383043,24.58392984239,35016.984
4.21247636528985,0.119667925992771,24.5893671451271,35019.906
4.21238845224444,0.123767979297189,24.5878642965479,35022.812
4.21231453573849,0.122616822693792,24.5828456924565,35025.718
4.21252978338477,0.122232940013153,24.5745285174555,35028.625
4.2124676740985,0.120378646251928,24.578318693004,35031.546
4.21258295784656,0.122343753927591,24.5716902830809,35034.453
4.21250315636058,0.119079229672968,24.578211956353,35037.359
4.21242035064241,0.118005043188307,24.5697820753076,35040.265
4.21257289234069,0.12132204151719,24.5714114780322,35043.171
4.21275294246815,0.118934453348543,24.5664991566946,35046.078
4.2127224990234,0.121320253376627,24.5688578293615,35049
4.21277515813437,0.121088725395406,24.5724765494423,35051.906
4.21267662252107,0.122775863637638,24.5687551984353,35054.828
4.21263873141044,0.122554633238299,24.5820457412754,35057.734
4.21287435343332,0.118741687058488,24.5827455913003,35060.64
4.2125333560055,0.12055023121674,24.5738468682052,35063.546
4.21287663399193,0.121540302012012,24.5687965526688,35066.453
4.21279857620611,0.121810423785627,24.5694065525134,35069.359
4.21300388010987,0.120277891577389,24.5676467693192,35072.281
4.21293459900879,0.121903618335775,24.5585527944547,35075.187
4.21291518396219,0.121125030314833,24.5512444935902,35078.093
4.21282730235771,0.123478177702976,24.5510373938303,35081.015
4.21278957803418,0.121830171315608,24.5543300566702,35083.921
4.21283428120947,0.122574633576519,24.5553375975955,35086.828
4.21306265150719,0.119364507925572,24.547657739612,35089.734
4.21282825053618,0.118213105617745,24.5567435063293,35092.64
4.21294029267866,0.117080079289878,24.55584698178,35095.546
4.21305976272433,0.121767174779119,24.5545627782014,35098.468
4.21311095306853,0.118593383372116,24.5530677713001,35101.375
4.21309347390678,0.121001616467955,24.5481830453601,35104.281
4.21326418692897,0.11750563305504,24.5506191951643,35107.187
4.21311077225477,0.117087298259266,24.5542608126919,35110.093
4.2131978696263,0.120707940242161,24.5549012303592,35113.015
4.21316416408585,0.120307621880806,24.557687532157,35115.921
4.21301603962049,0.119595510611949,24.5475590251481,35118.828
4.21303003816599,0.121217201733496,24.5471403145585,35121.734
4.21307422018225,0.120410866584919,24.5494193830172,35124.656
4.21328238372438,0.1203553845922,24.5425314794329,35127.562
4.21349023841196,0.119830931359289,24.5445481569657,35130.468
4.21339864562669,0.118307693203624,24.5465569496288,35133.375
4.21345595479075,0.121129639950389,24.5433871046895,35136.281
4.21337286824384,0.120360606479297,24.5485150100616,35139.187
4.21322712836213,0.121560869591184,24.5503681654559,35142.109
4.21342228491554,0.121284748071697,24.5534377215859,35145.015
4.21328403703413,0.121701514605539,24.541139581813,35147.921
4.21347306883442,0.120042476773077,24.5453980821027,35150.843
4.21342988470333,0.118795139172645,24.5398677256175,35153.75
4.21327521831732,0.118633071708565,24.545106009413,35156.656
4.21354666577742,0.119810824413891,24.542020399243,35159.562
4.213413411876,0.11738611341401,24.540187225075,35162.468
4.21360747127328,0.11858689130274,24.5371491111299,35165.39
4.21142019848336,0.0954538479682644,24.5350039718792,35168.296
4.21139064914984,0.0921633431314948,24.5388517093859,35171.203
4.21155198796714,0.0974118701338446,24.5394698801704,35174.109
4.21121980000539,0.0943014722113127,24.5316936807599,35177.046
4.21123334903529,0.0981618425241437,24.5370124898553,35179.953
4.21141913767119,0.100515698846313,24.5329217618755,35182.875
4.21118880935585,0.0941369525030794,24.5245054717092,35185.781
4.21111887512281,0.0946525863815535,24.5310037728855,35188.687
4.21112742095719,0.0989781422248706,24.5214828449867,35191.593
4.21121031124026,0.0961455770597489,24.5192131150734,35194.515
4.21136809678216,0.095739341734575,24.5180358372374,35197.421
4.21111247753003,0.100157021804842,24.5349150709057,35200.328
4.21110018266635,0.0963319111705322,24.5264828584733,35203.234
4.21101451743584,0.0929860249860782,24.5285271824756,35206.156
4.21094877993164,0.0978123471627088,24.5259137127661,35209.078
4.21091906383618,0.0960509318164193,24.5254099260764,35212
4.21102493689693,0.0957827100929572,24.5194581369618,35214.906
4.21136299634615,0.0974550694788117,24.5177298624491,35217.812
4.21103127326241,0.099482831035217,24.5124277269546,35220.718
4.21125700161779,0.0981289361577721,24.522630390257,35223.64
4.21096387748937,0.095871986138892,24.514458825443,35226.546
4.21107252502108,0.0978972652648647,24.5179926837765,35229.484
4.21105218378023,0.0987962020990764,24.5194341436343,35232.39
4.21110735260911,0.0930766772015457,24.5100142741779,35235.312
4.21113517095475,0.0958966473659393,24.5189526771929,35238.234
4.21139349058426,0.0984776480175569,24.5070035506505,35241.14
4.21131711101038,0.0958352269748597,24.5138675631335,35244.046
4.21107249699488,0.0960322798012777,24.5098775092429,35246.953
4.21135823630364,0.0994939324738625,24.4999845520238,35249.875
4.21125653907109,0.0963400255427576,24.5041880484256,35252.781
4.21114358652253,0.0981632903155174,24.5049151185985,35255.687
4.21116085430854,0.0968412256677334,24.5012728474341,35258.593
4.21140190702381,0.0975059150819418,24.5044688698555,35261.5
4.21132687655552,0.0957674004338702,24.4974226697236,35264.421
4.21103435513347,0.0967454239084092,24.4995899736112,35267.359
4.21095096836677,0.0961144013594714,24.4964505154112,35270.265
4.21133042321941,0.0964830702684475,24.4990978992215,35273.171
4.21123716136333,0.0975941649309388,24.4918419081141,35276.078
4.21094665586009,0.0990008512941847,24.4942798071609,35278.984
4.21111486759312,0.0969229217872109,24.4951034547522,35281.89
4.21107446527292,0.0968797686598109,24.4949115586775,35284.812
4.21132480615579,0.100268954076135,24.4867209984838,35287.718
4.21132286031114,0.100536483460684,24.4985885875687,35290.625
4.21096843985543,0.100243210493828,24.4979562237048,35293.531
4.21107404074618,0.0990308557457727,24.4935070193681,35296.453
4.2113298126167,0.0971652011983123,24.4892157491748,35299.359
4.21154270600669,0.0961514968540455,24.4974266475961,35302.265
4.21140010468977,0.0969859700188852,24.4969511103613,35305.187
4.21115418321496,0.0969789223974974,24.4926717645274,35308.093
4.21114972020635,0.0955817096822641,24.4980763787592,35311
4.21148075749828,0.097340936637768,24.4916717881499,35313.906
4.21138465579648,0.0954294454326684,24.4869881050711,35316.828
4.21132184693468,0.0960806295330866,24.4822784515213,35319.734
4.21146205785849,0.0953741378017004,24.4794317156163,35322.64
4.21123318551096,0.0945686325381293,24.4839774576691,35325.546
4.21124622849605,0.0984471889927936,24.4932874530987,35328.468
4.21135762146379,0.0969123557826807,24.4830157165818,35331.375
4.21136112049609,0.0984718777405317,24.4892618883577,35334.296
4.21143102276037,0.0987081158703342,24.4925453180468,35337.203
4.21163756734761,0.096052827880022,24.4913302870643,35340.125
4.21155240584762,0.0962096887643482,24.4993118351068,35343.031
4.21133989609123,0.0984915744432546,24.4982369214285,35345.937
4.2114281936724,0.0952660651321375,24.4893587628371,35348.843
4.21134869326601,0.0945136505031328,24.48113904908,35351.765
4.2115562475618,0.0965681786519504,24.4833218898308,35354.671
4.21157461057897,0.0961103275863489,24.4828459779739,35357.578
4.21153516678337,0.0949928246521349,24.478043313563,35360.484
4.21159890246387,0.0959670028820502,24.478110629157,35363.406
4.21137896398343,0.0959381081191194,24.4863636564349,35366.328
4.21155456689944,0.0944953056484179,24.4834364849645,35369.234
4.21138022620061,0.0962100949063994,24.4824452116301,35372.14
4.21161814363383,0.096426431725814,24.4773338132777,35375.046
4.21168337792223,0.0969154859524698,24.4764333588677,35377.968
4.21170882468544,0.0957369468848985,24.4750426243084,35380.875
4.21183339102389,0.0963959654270756,24.4759397485077,35383.781
4.21143715127157,0.0956565872114786,24.4739875700666,35386.687
4.21158400218736,0.0976934261438747,24.4757691587685,35389.609
4.2117126673128,0.0971238534212791,24.4718653722005,35392.515
4.21141917652225,0.09659795831903,24.4774450207833,35395.421
4.21155087031351,0.0934118757479113,24.4866268906143,35398.343
4.21161402919479,0.0966092283790173,24.4742599223807,35401.265
4.21178767858691,0.0978780037253649,24.4732011596554,35404.171
4.21175379217856,0.0929588378921216,24.4890427583476,35407.078
4.21159869986596,0.0934011825065426,24.4779401406839,35409.984
4.2117955630794,0.0936326070877263,24.4762963216357,35412.906
4.21175903651908,0.0954391491167876,24.4785113935509,35415.812
4.21166441215599,0.0954459970571092,24.471409530258,35418.718
4.21158969444682,0.0956251955574813,24.4782366524388,35421.625
4.21183818349134,0.0958726814695614,24.4811749140644,35424.546
4.21165754200189,0.0963091807683296,24.4724859883731,35427.453
4.21181049038047,0.0966476676406654,24.4724054384532,35430.375
4.21153511859086,0.0947087675100774,24.4729974572272,35433.281
4.21183722542183,0.0956296526516179,24.4708559840171,35436.203
4.21204994646166,0.0976822936838121,24.4718518594167,35439.109
4.21172303603387,0.09685676527658,24.4631666179952,35442.031
4.21226323106991,0.0938216758898467,24.4570959016205,35444.937
4.21195117048933,0.0943595848365998,24.4643126757777,35447.843
4.21195968068602,0.0961999107488857,24.4564244753588,35450.75
4.21175074463644,0.0952542641254247,24.454673451655,35453.671
4.21210146901892,0.0920313882582822,24.4596047686274,35456.578
4.21201049768877,0.0934295186054936,24.4584747772463,35459.484
4.2120637901278,0.0985512095408834,24.4588940055201,35462.39
4.21193139743145,0.0932045866066203,24.4589789229131,35465.296
4.21201240312741,0.0958892311926972,24.4597218498816,35468.218
4.21196585931436,0.0928370413872159,24.4585091022891,35471.125
4.21226437225512,0.0924319662705186,24.4577972273336,35474.046
4.21225371941065,0.0957672110985819,24.4604176397539,35476.953
4.21209517870024,0.0958158837847595,24.458929142972,35479.859
4.21209466685072,0.0969039373025481,24.4582778594651,35482.765
4.21232116782263,0.0944634256206836,24.4515426341048,35485.687
4.21242934656545,0.0936397855374782,24.4500866276627,35488.593
4.21204487107957,0.0954968704788241,24.4466406768935,35491.5
4.21223872823818,0.0934246725828983,24.439137367763,35494.421
4.21194720656243,0.0968134761140608,24.4467973163118,35497.328
4.21249885232121,0.0961988120630568,24.4585837228075,35500.25
4.21222266905974,0.0957057895993101,24.465433214976,35503.156
4.2122757139687,0.0954489089144126,24.455440784488,35506.062
4.21230459299096,0.0937541113836417,24.4535782150042,35508.968
4.21241450508612,0.0938847646929806,24.4431875932569,35511.875
4.212220924614,0.0961750194874202,24.4451809131478,35514.796
4.21238643697762,0.0958045874715938,24.4503037356761,35517.703
4.2124993750852,0.0986575975173746,24.444371095321,35520.609
4.21246297881256,0.0942028423140071,24.4399119853758,35523.515
4.21254158089876,0.0956738372036009,24.4315980649863,35526.453
4.21216569657995,0.0932080462333116,24.440851968462,35529.359
4.21243181481776,0.0942234049760404,24.4405739422379,35532.265
4.21253720726695,0.0949543532873802,24.4366932037574,35535.171
4.21263692320305,0.0934579145905984,24.4496319338091,35538.093
4.21251708000871,0.092491828883067,24.4544902288119,35541
4.21259071034292,0.0934618312950147,24.4540828881089,35543.906
4.21258552430174,0.0914109629204931,24.4500629202794,35546.843
4.21245689096708,0.095724033295869,24.4486127697016,35549.75
4.21244360913244,0.093421469962452,24.4508550512362,35552.656
4.21237387177479,0.0926669362946741,24.4382740202558,35555.562
4.21287834559444,0.0957304316369651,24.4443394973935,35558.468
4.21245229340651,0.0950843680121138,24.4393049884538,35561.375
4.21226043763786,0.0934877611813531,24.4257732226784,35564.281
4.21253790765889,0.0956492753559383,24.4246198455487,35567.187
4.21260636501086,0.0923778217858889,24.4229222729043,35570.078
4.212688467965,0.0960732687354866,24.41856839269,35572.984
4.21241885623139,0.0959961841226769,24.4131817103133,35575.89
4.21267385375698,0.0914625951121153,24.420811954613,35578.828
4.21278077495453,0.0927583473701659,24.4215828168519,35581.734
4.21264491436103,0.0928805780004566,24.4195854209525,35584.64
4.21287310171722,0.0919940926260626,24.4172264698765,35587.546
4.21264748029385,0.0930010489195832,24.4117414574844,35590.453
4.2126350918272,0.0929081752412496,24.4109032206276,35593.359
4.21285455823013,0.0937824188765346,24.410593144028,35596.265
4.21267930488645,0.0922698685045128,24.4137115807508,35599.171
4.21281309028106,0.0904801099317224,24.4155542101537,35602.078
4.21302553451567,0.0893039423116101,24.4168067663516,35604.984
4.21257929861044,0.0927981952925276,24.4179389692834,35607.89
4.21296065486062,0.0930172631126152,24.4193264178098,35610.796
4.21295591579329,0.0954761259207874,24.4094138229502,35613.703
4.21277697365817,0.0934581382872569,24.4051615594172,35616.609
4.21293689684823,0.0953933806241769,24.4063787594491,35619.515
4.21273224473601,0.091205289789189,24.4084238790829,35622.421
4.21309268270099,0.0962664586743098,24.4101648651336,35625.328
4.21298897504566,0.091754815523566,24.407302129582,35628.234
4.21330870515373,0.0916843571664155,24.3977941247629,35631.14
4.21296552789892,0.0901937829770911,24.3976122004571,35634.046
4.21303135943248,0.0936440544741201,24.3984080794091,35636.953
4.21308310667803,0.0923898700493448,24.3997302532249,35639.843
4.21296042331679,0.0932461914605247,24.3893452864857,35642.75
4.21293120606017,0.0894613521799717,24.3923488206026,35645.671
4.21294039387112,0.090976684348096,24.3966305609367,35648.578
4.21314013530272,0.0919733724879395,24.4012481066128,35651.484
4.21283395427389,0.0922151056312341,24.4046089989488,35654.39
4.21315601968098,0.0950078015375216,24.3992031655454,35657.296
4.21318179309347,0.0902233491520355,24.4059226987156,35660.203
4.21315819748689,0.0913797681221417,24.4081752841958,35663.109
4.21329330664676,0.0906320795950162,24.3963019775142,35666
4.21329675362508,0.094595874071359,24.3958854432534,35668.906
4.21316800250806,0.0919819418950307,24.3994752993668,35671.812
4.21330170145411,0.0929961714994614,24.4007838641375,35674.718
4.21318274321765,0.0929720877338157,24.3979205441362,35677.64
4.21337297391134,0.0945390783089702,24.40828398042,35680.546
4.2132047633392,0.0924693881579203,24.3998591402063,35683.453
4.21344590076211,0.0926460271074665,24.4058872629302,35686.359
4.21316536166907,0.0931020939159798,24.4015917319606,35689.265
4.21353673105424,0.0926727585975895,24.4041605284873,35692.171
4.21366365805648,0.0923584849583403,24.4088097765727,35695.078
4.21336499157776,0.0922087081162369,24.40416441653,35697.968
4.21339492460081,0.0915089630200627,24.4037593210205,35700.875
4.213330112876,0.0914111542130186,24.3982408746131,35703.781
4.21345712258229,0.0924956822541439,24.4077467548996,35706.687
4.21352555488475,0.0939713003290372,24.4036129374313,35709.609
4.21327150040792,0.0924056509717274,24.404334242814,35712.515
4.21370921143456,0.0912164356452909,24.3985413466039,35715.421
4.21360889625919,0.0882569725373855,24.3973890286307,35718.328
4.21324616320363,0.0920032239175597,24.3947852633053,35721.234
4.21340384680906,0.0886008520504809,24.4000530707988,35724.14
4.21368998482787,0.0906927065651403,24.4082327379251,35727.046
4.21361985731373,0.0918714426144537,24.4027439723943,35729.953
4.21383315003719,0.0914313911658811,24.3950480581921,35732.859
4.21408000255071,0.0951177848127448,24.3904810344063,35735.765
4.21386654078097,0.0911603424595707,24.3891890378741,35738.671
4.2139751542337,0.0932462838193748,24.3933563127559,35741.593
4.21386490502971,0.0922632664906566,24.3856508876383,35744.5
4.21390466680248,0.0921979548519766,24.3826869984673,35747.406
4.21380881537981,0.0916193166145833,24.3899358770349,35750.312
4.21344222047784,0.0928832578689585,24.3831215865874,35753.218
4.21358302321146,0.0890614082174255,24.3902743979818,35756.125
4.21362864948146,0.090834117994387,24.3900226317852,35759.031
4.21384916182816,0.0911284325621942,24.3874586261395,35761.937
4.21407128414327,0.0931037487165168,24.3854585334676,35764.843
4.21373840729687,0.0933085018183733,24.3832931655845,35767.75
4.21394369580337,0.089228641879923,24.3861824744705,35770.656
4.21410161582094,0.0902109650706929,24.3785377705005,35773.562
4.21403069424817,0.0939069615117041,24.3842677577467,35776.484
4.21409212959776,0.0917122097563779,24.3807821564059,35779.39
4.21392156804934,0.092187699068429,24.3745020624971,35782.296
4.21399498737079,0.0892626098369399,24.3678280448009,35785.203
4.21397129927685,0.0899120275632778,24.3657548838129,35788.109
4.21418675469111,0.0887506219255921,24.3664976930557,35791.015
4.21404997829024,0.0862624825515306,24.3711235608811,35793.921
4.21417199218914,0.090281743063399,24.3725739303177,35796.828
4.21432677446285,0.0909819939115841,24.3673233595878,35799.734
4.2142433774158,0.0908987802870926,24.3627259379827,35802.64
4.21394088059327,0.0890123020366179,24.3692797601488,35805.562
4.21433504644374,0.0931490268094612,24.3668355792615,35808.468
4.21419561832017,0.0892726169350806,24.3709754433688,35811.375
4.21428678693723,0.0904314965886238,24.3656539773507,35814.281
4.21431422618796,0.0889758299599637,24.3665728238908,35817.187
4.21445859199165,0.0895589173835417,24.3680347738269,35820.093
4.21438043847378,0.0892830928883408,24.37302453617,35823
4.21433172982104,0.0884264764935212,24.3697624116705,35825.906
4.2143207746979,0.089071255057751,24.3631747887415,35828.812
4.21424473812947,0.0914327978578727,24.3709304065293,35831.718
4.21441807101712,0.0890895111065033,24.3688042268713,35834.625
4.21471455109843,0.0881419265040765,24.3700860764182,35837.562
4.21239603285843,0.0675314149179631,24.3656639431453,35840.468
4.2123756538682,0.0712836105362179,24.3645399045742,35843.375
4.21229207087935,0.0689379979571075,24.3674285736491,35846.265
4.21258345175302,0.0704147007448427,24.361245832189,35849.171
4.21216667790255,0.0678101670834234,24.362614942255,35852.078
4.2120955943804,0.0693097082662457,24.3575213036461,35854.984
4.21206178549258,0.0682144735241292,24.3609218181255,35857.89
4.21225924573132,0.068777496406846,24.3648477921639,35860.796
4.21222723000032,0.0698717063734866,24.3620283163064,35863.703
4.21214368298685,0.06835927091732,24.3568276657325,35866.609
4.21223339216796,0.0690783053711079,24.3502885668789,35869.546
4.21182578447157,0.0703853110549348,24.3496743635456,35872.453
4.21211775369261,0.0691029205914909,24.3514209370996,35875.359
4.21199242155579,0.0677957607900932,24.3550274018246,35878.265
4.21200124944269,0.068184911676963,24.346014256082,35881.171
4.21221900614909,0.068597029992204,24.3421435704294,35884.078
4.21194741228197,0.0690081488572162,24.339159563957,35886.984
4.21177214468341,0.0685173170404516,24.344992721669,35889.89
4.21188748614915,0.0692770911444846,24.3471845739449,35892.796
4.21222342021665,0.0716053000009026,24.3512060361354,35895.703
4.21185224134146,0.0689763210768511,24.3487753062129,35898.609
4.21187635290029,0.068458885589204,24.3515276720325,35901.546
4.21198563540493,0.0680345820914868,24.3492797611171,35904.453
4.21219320649518,0.0687412870537591,24.3564281888732,35907.359
4.21205943188075,0.0717804153217304,24.3532805561584,35910.265
4.2119128543835,0.0715931348979592,24.3525971250385,35913.171
4.21187790075961,0.0668428711283638,24.3532939586508,35916.078
4.2118620232713,0.0699516116730025,24.3551562805254,35918.984
4.21185499522433,0.0695737881443525,24.3521269190268,35921.89
4.2120937139238,0.0701327109783684,24.3509864370608,35924.781
4.21213179480057,0.0685606172755873,24.3575528617478,35927.687
4.21166969032141,0.067300491555404,24.3470382751023,35930.593
4.2118331916863,0.0707258193141669,24.3456783934456,35933.5
4.21181054972841,0.0711624252778882,24.3512650566987,35936.421
4.21203189222524,0.0697902288010601,24.3427142238066,35939.328
4.21194977002457,0.0699607479559486,24.3413415057172,35942.234
4.21225335060115,0.0731560591711451,24.3480573778117,35945.14
4.21175202324154,0.0667871997924784,24.3469432284738,35948.046
4.21198159469848,0.0694330837255749,24.3383815445338,35950.953
4.2118482010856,0.0705138334839899,24.3397956687674,35953.859
4.21195209643318,0.0705573534871892,24.3379366060993,35956.765
4.21221410633387,0.0700790523549871,24.3454322788032,35959.671
4.21211446745568,0.0794733762292267,24.345246377233,35962.578
4.21195744927208,0.0723385429703845,24.3435627705385,35965.484
4.21218724071245,0.0726129251184641,24.3387410387468,35968.39
4.21153234316481,0.0669885916281879,24.3410585966473,35971.296
4.21201800785845,0.0709003643713983,24.3458049403876,35974.218
4.21207320064459,0.0682024394503469,24.3514414077572,35977.125
4.21202163643217,0.0700315178861678,24.3527250182088,35980.031
4.21224988029135,0.0701122751033289,24.3415617001422,35982.937
4.21198392557497,0.0681546460734415,24.3453312758867,35985.843
4.21219062297121,0.068074663396222,24.351165824796,35988.75
4.21181874695824,0.067081317686488,24.3400212894561,35991.656
4.21219610661819,0.0682504000154504,24.3442911181517,35994.562
4.21227296848818,0.0703495060803951,24.3336261145791,35997.468
4.21187768767185,0.0673073504329476,24.3359028435647,36000.39
4.21184936140558,0.0693689196585349,24.3282909989032,36003.296
4.21214354659462,0.0703880938530513,24.3284412284295,36006.203
4.21209800084998,0.0692398855341895,24.3286980930814,36009.109
4.21202273061675,0.0709739035893321,24.3298840902898,36012.015
4.2123493496356,0.070721744177557,24.3360021680564,36014.937
4.21199075145929,0.0686400536458535,24.3303069092171,36017.843
4.21228442441313,0.0706307870149642,24.332719941284,36020.75
4.21251995242894,0.0660658144833463,24.3357276339568,36023.656
4.21219288981613,0.0678590506505689,24.3438453766632,36026.562
4.2122085116543,0.0683104369073703,24.3395928675226,36029.468
4.21233974884832,0.0671945353003956,24.3318110732494,36032.39
4.21219931482429,0.069565976112953,24.3286157720306,36035.296
4.21213487329263,0.0694453774318724,24.3315914740913,36038.218
4.21225818575957,0.0681972635955615,24.3315974347652,36041.125
4.211909470729,0.0697542643155082,24.3271868971864,36044.031
4.2121072134184,0.068813297735112,24.3248789879253,36046.937
4.21215779992277,0.0712196968636129,24.3230346996903,36049.843
4.21201239994003,0.069980347469653,24.3233470185812,36052.75
4.21222270113357,0.0664641611175936,24.3201160264734,36055.656
4.2122664591889,0.0670535660478419,24.323390885544,36058.578
4.21219450757372,0.068358242225762,24.3188084100946,36061.484
4.21225373818684,0.0669491561075791,24.3262382891944,36064.406
4.21208680725392,0.0670845333543776,24.3210372472919,36067.312
4.21234226561424,0.068305748056313,24.3149547942279,36070.218
4.21202819091213,0.0681063694725762,24.3174700769751,36073.125
4.21213588197429,0.0717816250015244,24.3028680278208,36076.031
4.21218869073662,0.0693395138407308,24.2989925756973,36078.953
4.21240425350472,0.0692846998652362,24.3066483359538,36081.859
4.21203274309563,0.0673514516710224,24.3060082858188,36084.765
4.21238841190031,0.070431296213701,24.3189536282996,36087.671
4.21214287432071,0.0680223789754828,24.3190798989911,36090.578
4.21242576116906,0.0696405682861241,24.3129641992763,36093.484
4.21209195636183,0.0718069424147996,24.3097804444648,36096.406
4.21260523244024,0.0690207630381302,24.314468622793,36099.312
4.2122480721102,0.0685265437988874,24.3073441012105,36102.234
4.2123532344666,0.0666473786037228,24.3056148575257,36105.14
4.21228442267614,0.0668047719459674,24.3032296184863,36108.046
4.2126410327287,0.0656355256086874,24.3121481623137,36110.953
4.21253383177261,0.0715217939002709,24.3216278507879,36113.859
4.21238941392522,0.0711882467758043,24.3146163783575,36116.765
4.21238881967749,0.0696560179038971,24.3140034404961,36119.671
4.21271742376991,0.0677915395585908,24.3109463321783,36122.593
4.2124671978554,0.0673206207843029,24.3104043630075,36125.515
4.2122221579436,0.0692243912399036,24.3112682208578,36128.437
4.21278188257245,0.0698862700007824,24.2985971156508,36131.343
4.21237817557976,0.0680559716066329,24.3056819737863,36134.25
4.21249980669085,0.0670560237579905,24.3076285254738,36137.156
4.21226424730353,0.0667463377496689,24.3084067280187,36140.062
4.21268867770399,0.0708041523928398,24.3033754057012,36142.968
4.212288791468,0.0664312535646819,24.3038915584609,36145.875
4.21233843382316,0.0689997790687106,24.3015948295425,36148.781
4.21250973467292,0.0688787143684657,24.2997787152173,36151.703
4.21244942014538,0.0657371083771121,24.3025512431849,36154.609
4.21249312922987,0.0676732564301439,24.3002691017285,36157.515
4.21284662801096,0.0623938241207999,24.2993701135637,36160.453
4.21284576716709,0.0681420301686379,24.302624529631,36163.359
4.21284869166792,0.0696462747325139,24.3013641246665,36166.265
4.21262611347291,0.0679693256836257,24.3080494953275,36169.171
4.21276438985438,0.0672156607264404,24.3010572029693,36172.078
4.21270259847832,0.0677595906848773,24.3077747278677,36174.984
4.21242945049181,0.0684089419689661,24.3110369061419,36177.89
4.21250471499168,0.067431873232151,24.3009331560836,36180.796
4.21261468536535,0.0694224820252019,24.302718037026,36183.703
4.21256012569007,0.0717535033264654,24.2983895519225,36186.609
4.2127422959414,0.0679122097909693,24.2917553125488,36189.515
4.21231043516918,0.0690793678584602,24.3020810744974,36192.453
4.21263284857555,0.069221863085691,24.2943500998904,36195.359
4.21244525298722,0.068361112686299,24.2889548786486,36198.265
4.21262510930619,0.0706042042884919,24.2899313795609,36201.171
4.21249390071005,0.0691389644246142,24.2930160714827,36204.093
4.21273816086539,0.0651385458552789,24.29237003151,36207
4.21270493007057,0.0694870374005608,24.2860672615203,36209.906
4.21262794388886,0.0681490906733621,24.2878222294045,36212.812
4.2129014931593,0.0671930097291204,24.2922096973542,36215.718
4.21264033208237,0.0689972655101771,24.2891189147183,36218.625
4.21263794986952,0.0661001663022419,24.298725726193,36221.562
4.2128133632828,0.0662552307788971,24.2998542102716,36224.468
4.2131948035915,0.0658481003193765,24.2983538595808,36227.375
4.21275992097246,0.067844842063791,24.2958103924387,36230.281
4.2130092023119,0.0683092747273809,24.2970793711308,36233.187
4.21297272563215,0.0661646741518107,24.2956638741277,36236.078
4.21278430322667,0.0689622916568687,24.2956205860394,36238.984
4.21300761348672,0.0647436511779491,24.2902061591538,36241.89
4.21266763912423,0.0683106389041032,24.2894785830414,36244.796
4.21287876508115,0.068824230377863,24.282805091958,36247.703
4.21285145273814,0.0664464394496568,24.2807494951786,36250.609
4.21303261566755,0.0649536367206638,24.2836658433094,36253.531
4.21303423453659,0.066519787726964,24.2837787893158,36256.437
4.21298463478823,0.0674987844900421,24.2814841975871,36259.343
4.21303953747323,0.0655231754695654,24.2865201874482,36262.25
4.21293601160193,0.0672128563592063,24.2839888823572,36265.156
4.21294074602458,0.0669612525552045,24.282217408365,36268.062
4.21314446379992,0.0670251318706664,24.2829567662877,36270.968
4.21291887384185,0.0683973104642259,24.2834881034925,36273.875
4.21296627287266,0.0669236574464953,24.2841484943412,36276.781
4.21302258560829,0.0663678260408986,24.2893831968264,36279.671
4.21311705524787,0.0665322291714653,24.286723202765,36282.578
4.21301445807466,0.0684631407055781,24.2821207149042,36285.484
4.21309894871615,0.0670563725523583,24.281680023873,36288.406
4.2130765390347,0.069535059889445,24.2767212390108,36291.312
4.2129178816674,0.0661601905568491,24.2834344809623,36294.218
4.21295187118576,0.0691587294383972,24.2795848931213,36297.125
4.21313196883892,0.0655950965824174,24.2806939249544,36300.031
4.21321366573907,0.0655760890556479,24.2804037128374,36302.921
4.21311927717206,0.0690513649820375,24.283451512308,36305.828
4.2130286745138,0.065435579238494,24.2759999990549,36308.734
4.21316416062776,0.0671085229322116,24.2815618788389,36311.64
4.21318172696322,0.0653597772401391,24.2857016768086,36314.546
4.21319203042756,0.0653174294730706,24.2833048596539,36317.453
4.21309944771292,0.0690604715916976,24.2820394668678,36320.375
4.21300529587495,0.0676616236271051,24.2817547804216,36323.281
4.21318948383514,0.0657159980958039,24.2817536409715,36326.187
4.2132433284705,0.0641419769687948,24.2844412716278,36329.093
4.21337151824695,0.0696316734925516,24.2820888002865,36332
4.21320199989237,0.0671858221287693,24.2843301637027,36334.906
4.21323641301128,0.0686777744783275,24.2801682544653,36337.812
4.21330711005899,0.0677184860546415,24.2814114127294,36340.718
4.21313052502379,0.0660072697017946,24.2731975367087,36343.625
4.21314098544012,0.0647503727018512,24.2787965074433,36346.531
4.21332349041975,0.0657307996104994,24.2722652093545,36349.437
4.21352410086271,0.0633873031339409,24.267669949298,36352.343
4.21318396112736,0.0648923116308815,24.2694108139974,36355.25
4.21353328178102,0.0637248982259023,24.2729583266991,36358.156
4.21363814053184,0.0655890212839269,24.2781598941828,36361.062
4.21310447909024,0.0683658371407915,24.2643173450008,36363.968
4.21344563709708,0.0674154399030238,24.2637049612726,36366.875
4.21336734093478,0.0666450079232166,24.2724166115245,36369.781
4.21343804087587,0.0670936047949611,24.2741145235021,36372.687
4.21351554218013,0.0619477375809362,24.2738531902191,36375.593
4.21357690673208,0.0644805032659931,24.2720216829219,36378.5
4.21352039486081,0.0638152594153614,24.2714364475079,36381.406
4.2135007638884,0.0668545273864552,24.2716819139515,36384.312
4.21356281810963,0.0655852077808889,24.2653233342192,36387.218
4.21353185825822,0.0671126053302496,24.2678832473441,36390.125
4.21360077589314,0.0663396564703235,24.2677052525281,36393.031
4.21375172173133,0.0662569493525652,24.2680433808503,36395.937
4.21365821010422,0.0655669865298902,24.2675095015438,36398.843
4.21345217462649,0.0639466719562574,24.2683275550958,36401.75
4.21355371089898,0.0668067473742968,24.2682035834253,36404.656
4.2137283644602,0.0665049432967849,24.2720744649638,36407.562
4.2134845838668,0.0689643709149425,24.2683813641473,36410.468
4.2133954274147,0.0666556325483214,24.2625251520906,36413.375
4.21344052539065,0.0667126066049698,24.271007360456,36416.296
4.21363769345946,0.0671093957538439,24.2709622451606,36419.203
4.21341018882674,0.0656109692112568,24.2573965288775,36422.109
4.21361422673401,0.0672565888803944,24.2590467459029,36425.015
4.21368411451359,0.0666814058382438,24.2545044259864,36427.921
4.21361950011767,0.06701237616521,24.2601829760964,36430.828
4.21360255840633,0.0660164740592224,24.2583444781465,36433.734
4.21388440175532,0.064402684246004,24.2564849378247,36436.64
4.21376481741926,0.0653159556518827,24.2540558627668,36439.546
4.21384123371969,0.0660047859053533,24.2531314027934,36442.453
4.21386491600261,0.0653596276598739,24.2536764380674,36445.359
4.21389172267892,0.065131699332901,24.2532105715078,36448.281
4.21354361624077,0.0651023076193365,24.2492730961255,36451.187
4.21369191367825,0.0662729643010303,24.248089718024,36454.093
4.21390006194391,0.0653218601068121,24.2453425867256,36457
4.21341815431897,0.0664125356674292,24.2496511250792,36459.906
4.21383161726259,0.0655992763363824,24.2451307494799,36462.812
4.21384516475798,0.063548351537394,24.248736184491,36465.718
4.21380724548298,0.0678736055036685,24.2477421229731,36468.625
4.21378199141488,0.06523109521719,24.2470777602498,36471.531
4.21389660942737,0.0634863893744702,24.2472736016989,36474.437
4.2140646489043,0.0659614834989646,24.2510149048834,36477.343
4.2139550824562,0.0642358195406495,24.2541217323073,36480.265
4.21369550843255,0.0670476383578551,24.2588809614901,36483.171
4.21366396511918,0.0660145290897966,24.2560449489567,36486.078
4.213983001866,0.0644052093141397,24.2558824738174,36488.984
4.214036693177,0.061956472248658,24.2569023482482,36491.89
4.21390653815259,0.0630862846547227,24.2535286739317,36494.796
4.21409609423896,0.0641670175118642,24.2566255070305,36497.703
4.2138740576402,0.0636008059319516,24.2614833322092,36500.609
4.21384094372528,0.0661507823319095,24.2560840422013,36503.515
4.21415066915715,0.0635469181422571,24.2548532549124,36506.421
4.21399427986305,0.0629936592625926,24.2446460593358,36509.328
4.21398182037689,0.0651938882391358,24.2397839823843,36512.265
4.2141286738081,0.0612098892084619,24.2566493364805,36515.171
4.21396020016972,0.0671743444705956,24.256164989888,36518.078
4.21400724920587,0.0665000557215057,24.2543212790668,36520.984
4.21409371867927,0.0647430963738442,24.2490995829484,36523.906
4.21398869231531,0.0654978288817909,24.2524216283329,36526.812
4.21400414408074,0.0650292685591193,24.2635981727979,36529.718
4.21405240393561,0.0615461177145965,24.2629934709805,36532.625
4.21410899261606,0.0632126271953358,24.2648434870704,36535.531
4.21421220017659,0.0638126016032288,24.2615355523519,36538.437
4.21407313144091,0.0649423595072239,24.2563850681863,36541.343
4.2141803961808,0.0615151223211376,24.2569067026295,36544.265
4.21432133244538,0.0636923161270145,24.2577739515759,36547.171
4.21396453269655,0.0629648862714074,24.2527102465551,36550.078
4.21412094444565,0.0645892668593679,24.2536806341599,36552.984
4.21402277564545,0.0646106535697794,24.2589121511347,36555.89
4.21446492242045,0.0636217854080105,24.2548252412447,36558.796
4.21445962569262,0.0627030738271192,24.2504809120883,36561.703
4.2143450742943,0.0625971723747997,24.2502515832422,36564.609
4.21413700144006,0.0629155293327588,24.2440893480363,36567.515
4.21432699670668,0.0636379736041332,24.2511647327274,36570.421
4.21419384098511,0.0643145731570529,24.2458876729918,36573.328
4.21402390893214,0.0647321284956408,24.2410670334718,36576.234
4.21433303726115,0.0635810817319198,24.2475148780249,36579.14
4.21440222586913,0.0610429781653987,24.2430836126103,36582.046
4.21430488384019,0.0641349564003065,24.2413455340501,36584.953
4.21431624439711,0.0645480783789211,24.2390134146519,36587.859
4.2142132664239,0.0664168631129136,24.2359993091887,36590.765
4.21442798333114,0.063127397447663,24.2368062277576,36593.671
4.21473172976218,0.0622100639677483,24.234301509583,36596.578
4.2124636507671,0.0422574165399395,24.2410354815704,36599.484
4.21250059939916,0.0455582989231417,24.2424667903181,36602.39
4.21224360523417,0.0419019106830629,24.2379955030448,36605.296
4.21231324579772,0.0431875242403453,24.2350518221174,36608.203
4.21219303300602,0.0418830881073238,24.2366296787085,36611.109
4.21214468332141,0.0406820499652979,24.2362919596508,36614.015
4.21205526590766,0.0437093383530596,24.2315388777742,36616.921
4.21211580677118,0.0431736086761109,24.2330262131271,36619.828
4.21216135835618,0.0431774602476968,24.2348918245253,36622.734
4.21224446535875,0.0420583424851546,24.2361789689763,36625.64
4.2121014012759,0.0439648754021846,24.2348610250784,36628.546
4.21227541029622,0.0433256482356598,24.2336336795722,36631.453
4.2119560949362,0.0424093688977832,24.2282714800603,36634.359
4.21219740741994,0.0434977958364855,24.2320323455485,36637.25
4.21209956910193,0.045290365430195,24.2300631280004,36640.156
4.21190056982103,0.0443417014824069,24.2296005752304,36643.078
4.21186449179189,0.0437474101440003,24.2393136588795,36645.984
4.21198499825282,0.0419162103797145,24.2362756622348,36648.89
4.21215891905955,0.0410343424289666,24.2288653728963,36651.781
4.21200041475765,0.0446108581546789,24.2183742160287,36654.687
4.21203150414124,0.0440596520320039,24.216164605081,36657.593
4.21187321691342,0.0419740432755379,24.2117704800166,36660.5
4.2120178162793,0.0399893565171923,24.2197141550301,36663.406
4.21192346770012,0.04508959451675,24.2215708615267,36666.296
4.21186647293168,0.0476197271861449,24.2193454401728,36669.203
4.21200530675143,0.0423202124093463,24.2251722292241,36672.109
4.21191633237801,0.0419411461961191,24.2212837442341,36675.031
4.21161815243888,0.0416348432307475,24.2164318103284,36677.937
4.211930405449,0.0415604939251468,24.2185285564094,36680.859
4.21192325216928,0.0424318661071251,24.2174256158125,36683.765
4.21159386220326,0.0424559876719111,24.2256139739684,36686.671
4.21206942253646,0.0431522038921982,24.2333304619919,36689.593
4.2117922893884,0.0425394136658578,24.2291344475313,36692.5
4.21161982068527,0.0430173992888184,24.2233479878435,36695.406
4.21195321376772,0.0421546082242503,24.2310516746638,36698.312
4.21184885072222,0.0439513363594047,24.2195880228176,36701.218
4.21175619183494,0.0408753834893801,24.2151344096828,36704.125
4.21179862092628,0.0440498117024354,24.2145776119479,36707.031
4.2118378084595,0.0439369801548079,24.2074340102501,36709.937
4.21174735367569,0.0457412298038609,24.2093061618169,36712.875
4.21162820971274,0.0436093239198953,24.2189046331147,36715.781
4.21185012912412,0.0423499060373072,24.2155660136252,36718.687
4.21199998795427,0.0420596176695797,24.2134807057394,36721.593
4.21202005337176,0.0411012333533728,24.2207960060809,36724.5
4.21192007382072,0.0440125082704786,24.2198013150451,36727.406
4.21214467949165,0.0433947884258142,24.20988900723,36730.312
4.21191420779637,0.0448509920690313,24.2049950215727,36733.218
4.21180718612279,0.0424798756094592,24.2148402208967,36736.125
4.21190594567747,0.0424416697389257,24.2146845724304,36739.031
4.21216314571618,0.0413747896244466,24.2206433888366,36741.937
4.2117674695745,0.0414415439138137,24.2206256115398,36744.843
4.21179743523957,0.0449290405618468,24.2248040689091,36747.765
4.2116066310583,0.0433170483112015,24.2205784463984,36750.671
4.21189684719128,0.0443307435300786,24.2241853269953,36753.578
4.21180149195663,0.0409483583103284,24.2267651237155,36756.484
4.21162563258567,0.0456546082120364,24.2303960325367,36759.39
4.21170040745025,0.0463534748312866,24.2268064644221,36762.296
4.21182008731548,0.0454167129755362,24.2288884748131,36765.203
4.21189458612166,0.0455091754693162,24.2277791470261,36768.109
4.21206647167416,0.0423105068460538,24.2189872476809,36771.015
4.21179044783379,0.041268852615204,24.2216260686084,36773.921
4.21178032066101,0.040720128952778,24.214586112709,36776.828
4.21184306181586,0.0427425649578705,24.2153921012573,36779.734
4.21171354985534,0.0418000426924127,24.2177596948174,36782.656
4.21193237238375,0.0442404938988114,24.2138366279164,36785.562
4.21176755631657,0.0418611173674629,24.2090474046538,36788.468
4.2119674899436,0.0425097244125177,24.2074083010043,36791.375
4.21172256755019,0.0423661603187592,24.2078057344359,36794.281
4.21186912427296,0.0435583502744716,24.2177160493826,36797.187
4.21177916441886,0.0449690309299146,24.2146370014302,36800.093
4.21203616573776,0.0405689921998045,24.2183682945954,36803
4.21197192870067,0.0429334557520213,24.2092563800109,36805.906
4.21180769166657,0.0436561833295421,24.211532959717,36808.812
4.21185865332929,0.0426475223155116,24.2074774817038,36811.734
4.21176850596059,0.0429240825054016,24.2064835344875,36814.64
4.21188905489114,0.0450509394701003,24.2077643394965,36817.546
4.21206974905118,0.0433065188803474,24.2064262328337,36820.453
4.21174211369173,0.0424547704211304,24.2180720421973,36823.359
4.21189408171694,0.0463496743444793,24.2073865618828,36826.265
4.21190346840683,0.0417917233766365,24.2101121279412,36829.171
4.21193756617588,0.0421742136985771,24.2101979625053,36832.078
4.21201129727642,0.0423850372022198,24.2032019580877,36834.984
4.21143617573952,0.0438367292809263,24.2047538036946,36837.89
4.21183927703051,0.0471152595158067,24.2013503960556,36840.796
4.21181646439778,0.0441501838519479,24.1961874896718,36843.718
4.21203732202186,0.0425304343348659,24.1984977254958,36846.625
4.21178364496992,0.0402586888509988,24.1976243093939,36849.531
4.21180547428107,0.0416572949429787,24.204172832364,36852.453
4.21215109346828,0.0415360907613621,24.1973556732073,36855.359
4.21179614967162,0.0403881233610222,24.2040415562857,36858.265
4.21183677812051,0.0454215364642187,24.2043029369087,36861.171
4.21211155736097,0.0432288533747317,24.211942322133,36864.078
4.21192294910546,0.0428282140586993,24.2023483671447,36866.984
4.21207857345893,0.0427150343551262,24.2023836749945,36869.89
4.21176811772594,0.041980533327569,24.2054770507261,36872.796
4.21183933403318,0.0436189077360564,24.2065803265894,36875.718
4.21180513140803,0.0441339947847288,24.205202700443,36878.625
4.21155986511229,0.0403858964897026,24.2041709638664,36881.531
4.21184131152828,0.0432489463985713,24.1968100461914,36884.437
4.21198755622535,0.0441547682507251,24.2143228498732,36887.343
4.21185417077384,0.0447439549838739,24.2103204133492,36890.25
4.21185436738337,0.0425861229933975,24.2078891418086,36893.156
4.2119432060907,0.0428778761649604,24.2108537422003,36896.062
4.21190461815903,0.0464044277096978,24.2027857997038,36898.968
4.21172330885292,0.047296592871845,24.2053667666914,36901.875
4.2118690381219,0.0439195327285959,24.2044183119752,36904.781
4.21182753091476,0.042978727576557,24.199352309113,36907.703
4.2117378169237,0.0410860492165513,24.1965512288436,36910.625
4.21190880311912,0.0409522071538617,24.1923335248154,36913.531
4.21190047989261,0.0449878240496129,24.1969111114215,36916.437
4.21201587099257,0.0419448763497865,24.1894608320217,36919.343
4.21167197925401,0.0419743946192812,24.1906411501877,36922.25
4.2120733875193,0.0422643983769105,24.1953189983546,36925.156
4.21208956291359,0.0446023206103862,24.1910241186563,36928.062
4.21203847142664,0.0429947927409038,24.1854914856063,36930.968
4.21195958577181,0.0402984074739838,24.193159074848,36933.875
4.21211186840098,0.044807591840372,24.1991779506663,36936.781
4.21210479978955,0.0437076331315465,24.2005356239637,36939.703
4.2119817096837,0.0432880111626892,24.2038551886594,36942.609
4.2117013933261,0.0437938688990369,24.2051892113195,36945.515
4.21202893470009,0.0428243098935225,24.2007670653676,36948.421
4.21210655048753,0.0436779229043713,24.1967784322487,36951.328
4.21201886294216,0.0413599515255534,24.1973080022947,36954.234
4.21207811505517,0.0455536942760138,24.1959580514179,36957.14
4.21198078038331,0.0428014632734888,24.2011606418232,36960.046
4.21206415579791,0.0444495995844356,24.1935148242819,36962.984
4.21161906217595,0.0449644900916265,24.1982604703502,36965.89
4.21226292177973,0.0420720419777068,24.1900042405731,36968.796
4.21205864784899,0.0436140348573116,24.1891599988859,36971.718
4.21192224923551,0.0443132393717012,24.1892925669644,36974.64
4.21211955202606,0.0405400357223343,24.1890477332298,36977.546
4.21218474910649,0.043522267886472,24.1877861276733,36980.453
4.21194251726493,0.0418833247489797,24.186887049306,36983.359
4.21220207071444,0.045093584963793,24.1852404058279,36986.265
4.21206452927717,0.0390769433795299,24.1894353276575,36989.171
4.21210260105262,0.0451054342046267,24.1814750559902,36992.078
4.21219119910055,0.0428525429317615,24.1854121075158,36994.984
4.21220465041076,0.0422781616257027,24.1815674579038,36997.89
4.21210902600514,0.0436547509451533,24.1806428357455,37000.796
4.21202088386917,0.0429210998605932,24.1848314646714,37003.734
4.2121084086873,0.0409785099160867,24.1880036812555,37006.64
4.21205154763273,0.04144443714499,24.1842263112197,37009.546
4.21223911356648,0.041858990364535,24.1891815000934,37012.453
4.21185631647922,0.0434854358732253,24.1845705071904,37015.359
4.2121087948521,0.0430084320612447,24.1792486061072,37018.265
4.21208142597765,0.0428505024199131,24.1744272986048,37021.171
4.21205258132848,0.0421739838214691,24.1775866903226,37024.078
4.21216570693268,0.04403084651763,24.1812850564237,37026.984
4.21228299488082,0.0444404281254985,24.1726284916816,37029.89
4.21225357080129,0.0419057227602264,24.1750422348328,37032.796
4.21213697826208,0.0405192453296629,24.1726821253069,37035.703
4.21233891021326,0.03913461091352,24.1763627213625,37038.609
4.21231399925419,0.0453109316282152,24.1724663558093,37041.515
4.21231546639777,0.0435851838596986,24.1866593600661,37044.437
4.21230509495017,0.0415804571864592,24.1897666879821,37047.343
4.21220996309563,0.0426935359207762,24.1939178569171,37050.25
4.21223575752133,0.0410757230329413,24.1862638654012,37053.156
4.21234371901891,0.0448517097499702,24.1833863238258,37056.062
4.21227689350921,0.0436451379099736,24.1815576268816,37058.968
4.21226129773869,0.0427451720460063,24.1899130953363,37061.89
4.21232853295544,0.044899147752957,24.1929690777456,37064.796
4.21251182609754,0.0414024706797122,24.1893813528677,37067.703
4.21233217819563,0.0424534529345732,24.1912869440918,37070.625
4.21224386014951,0.0438057495106332,24.1936682890764,37073.531
4.21228925142869,0.0422865861271984,24.1883767852738,37076.437
4.21237989458399,0.0426870020571278,24.1955380607109,37079.343
4.21219435408626,0.0429642141802115,24.1824210238584,37082.25
4.21214530256476,0.0439509681256513,24.1784897573591,37085.156
4.21222027766143,0.0432477371293946,24.1751426966359,37088.062
4.21229487469419,0.0419909043261656,24.1787838181775,37090.968
4.21226243095806,0.0425317384040084,24.1782265970139,37093.875
4.21232328065962,0.0428421808996098,24.1737377760516,37096.781
4.21224927011995,0.0414803537223376,24.1696949305008,37099.687
4.21228055826192,0.0431412270583089,24.1668204113931,37102.609
4.21228024098667,0.0395938234389503,24.170205362276,37105.515
4.21231141915503,0.0408003623283888,24.1729328604572,37108.437
4.21242358640019,0.0392090233673059,24.1692443803965,37111.343
4.21248467399078,0.0422425979869182,24.1691370363314,37114.25
4.21261913507669,0.0409924579336957,24.1646387266256,37117.156
4.21276273523931,0.0401879944459934,24.1708833106261,37120.062
4.21235626320919,0.0404414127129979,24.1813284323398,37122.968
4.21240818394688,0.0399790616431185,24.1755284134653,37125.875
4.21230722125381,0.0410692818979057,24.1734386446381,37128.781
4.21217334417848,0.0454994833239556,24.1711182275796,37131.687
4.21231695234572,0.0407509202380461,24.1689691574338,37134.593
4.21207235494642,0.0408142781605231,24.1760798208084,37137.5
4.21249101823238,0.0413383097868345,24.177867081253,37140.421
4.21255882686072,0.0392167503505639,24.1734234741031,37143.328
4.21227925200065,0.0423677058865465,24.1708096065696,37146.234
4.2126444690052,0.0413561298368199,24.1655999928262,37149.14
4.21237269605763,0.0427588741182033,24.1725995053568,37152.046
4.21230831392421,0.0426757907144269,24.169679544309,37154.953
4.21247875077072,0.0419758151924018,24.1779757925512,37157.859
4.21257853651539,0.0421747472223874,24.1700134616406,37160.765
4.21238162135961,0.0426721613007464,24.1781749988917,37163.687
4.21242751725304,0.0441297971563498,24.1704224979435,37166.609
4.21252849357067,0.0440902641582227,24.1602340166403,37169.515
4.21220209716937,0.043050708775628,24.1637925410707,37172.421
4.21236343505026,0.0420984417637182,24.1608113422165,37175.328
4.21265834767738,0.0438127572162644,24.1574768200142,37178.234
4.21252547827098,0.0424142253342684,24.1589455309606,37181.14
4.21270428143239,0.0417496938406759,24.1532119694245,37184.046
4.21236268483288,0.0448586796504359,24.1498083029066,37186.968
4.21267198549124,0.0422505954254614,24.1533709690259,37189.875
4.2125640242325,0.0424542993145478,24.1610797606535,37192.781
4.21251900561069,0.0421298612103222,24.148627576673,37195.687
4.21253407957731,0.0425071768129245,24.1514034213395,37198.609
4.21237845804698,0.0435182764912661,24.1476888208206,37201.515
4.21242751980283,0.0456651217047451,24.1494004781163,37204.421
4.21228111705726,0.0431191109315139,24.1532476160167,37207.328
4.21258295611552,0.0397735184913375,24.150157468716,37210.234
4.21244766932813,0.0416188884989885,24.152168989565,37213.156
4.21252537807574,0.0374224415698971,24.1597160195613,37216.078
4.21271207126003,0.0408805589098449,24.1487132796595,37219.015
4.21270086548798,0.0404694366051226,24.1496244511336,37221.968
4.21281105331539,0.0413164157579074,24.1556954064111,37224.953
4.21270777189204,0.0408503199322667,24.1550285122658,37227.859
4.21261187999379,0.0430372016661872,24.1567997113946,37230.765
4.21253304866894,0.039969224649795,24.1595636375921,37233.671
4.21255653208499,0.0421739483711258,24.1612910556002,37236.593
4.21241834097742,0.0414276948710886,24.1604277511082,37239.515
4.21235379920831,0.0429136625820344,24.1553906279016,37242.421
4.21252671778224,0.0436693984817075,24.1592134831007,37245.359
4.21284855323378,0.0420412593228891,24.1543227311671,37248.265
4.21278538282277,0.0426415046774221,24.1627240780518,37251.171
4.21277570188911,0.0428207994315712,24.1532180793406,37254.078
4.21266510736705,0.0428882897877211,24.1466367199953,37256.984
4.21262918948752,0.0432824447353647,24.1549493859826,37259.89
4.21261014070525,0.0441643874045686,24.15704721866,37262.796
4.21298980949262,0.0438036526033491,24.1470262333061,37265.687
4.2128023381172,0.0435138830499059,24.1571893573063,37268.609
4.21266893696531,0.0417850838060339,24.1544058837863,37271.515
4.21273132739855,0.0424502203785548,24.1529214762192,37274.421
4.21295258878528,0.041794104972016,24.1580236901777,37277.328
4.21278032853403,0.0436673827022314,24.158130213088,37280.234
4.21265865516638,0.0407745445162243,24.1441880000703,37283.14
4.21280342159277,0.0407878956614583,24.1580330993652,37286.046
4.21278419129032,0.0390836830952724,24.1608359602198,37288.953
4.21271117351406,0.0389132818441309,24.1496140362056,37291.859
4.21284650410603,0.0398501858446655,24.15259105348,37294.765
4.2126677863257,0.0389412785704696,24.1496791009145,37297.671
4.21272083396966,0.0428971967100438,24.147818951134,37300.578
4.21279179814777,0.0409578063369673,24.1602055802119,37303.484
4.21286823754118,0.0393500853379174,24.1640741735889,37306.39
4.21266987701569,0.0416832944532489,24.1577287382323,37309.296
4.21295372903188,0.0388123567077154,24.1537634212991,37312.203
4.21280060421617,0.0427280636503229,24.1482081678738,37315.109
4.21275136866813,0.0395406220344742,24.1420230303182,37318
4.21268038483991,0.0394932879455862,24.1347458171427,37320.906
4.21294592177508,0.0416427776791881,24.1424020217062,37323.812
4.21280644690994,0.0419515301745482,24.1433827812447,37326.718
4.21299646081402,0.0409508367479658,24.1456897569506,37329.625
4.21300886536903,0.0417301817104988,24.1401445168338,37332.546
4.21288670190287,0.0398890362137214,24.1418782616158,37335.453
4.21295385297561,0.0398580114615825,24.1322629635909,37338.359
4.21280978840002,0.0402335692221947,24.1363562705844,37341.265
4.21292087750404,0.038909086659902,24.1311971186117,37344.171
4.21276991826291,0.0424743563615858,24.1354716113525,37347.078
4.21293811984428,0.0446971831731681,24.1404884857362,37349.984
4.21289101174362,0.0451588859722647,24.1439856387781,37352.875
4.21259247085657,0.0401374542463442,24.1438711013603,37355.781
4.21297596785237,0.0421661656569675,24.1447410295329,37358.687
4.21315808774809,0.0400033743910937,24.1507742826029,37361.593
4.21290372292636,0.0400912279035957,24.1531616703267,37364.531
4.21304193824539,0.0388557248693925,24.1553087268601,37367.421
4.21300840601919,0.0410278283016105,24.1549546928766,37370.328
4.21288326017139,0.040979400885606,24.1557148365954,37373.234
4.21296438684871,0.0436464950795117,24.1494123119256,37376.14
4.21304747042048,0.0393098134020997,24.1431971372258,37379.046
4.21280706706918,0.0419173759956985,24.1379960430647,37381.953
4.21288724522751,0.0384607396113825,24.1332017719984,37384.843
4.21300143988181,0.0450233425330074,24.1415246171786,37387.75
4.21310858107886,0.0411304988902276,24.1468062996552,37390.656
4.21285891450978,0.0399203890738351,24.1501134272965,37393.562
4.21299231980977,0.0418928306981985,24.1435685670177,37396.468
4.21299170067307,0.0409724185126653,24.141598112789,37399.375
4.21311117785775,0.0410761637117831,24.1438002094427,37402.281
4.21314126100537,0.0438486998854545,24.1394881344707,37405.187
4.2132422593088,0.0398367408899144,24.1405852374977,37408.093
4.21324668122148,0.0403286784108922,24.1340023083518,37411
4.21325231444955,0.0402233260116088,24.1396791438036,37413.906
4.21294352146381,0.0424170673959451,24.1320052785467,37416.812
4.21317098513412,0.0407404478013404,24.1378964372829,37419.703
4.21310418807061,0.042152179302263,24.1301642112438,37422.609
4.21308869386269,0.0407587975468273,24.1338040672994,37425.515
4.2133678121985,0.0388792096443921,24.1339247843146,37428.421
4.21292863297858,0.0409020365621972,24.1311710826327,37431.343
4.21333128992674,0.0400102028604509,24.132374776896,37434.25
4.21302315627398,0.038692634624812,24.1380204271901,37437.156
4.21341422337759,0.0386236081633434,24.1353500468356,37440.062
4.21333520304495,0.0423065246053624,24.1329127831857,37442.968
4.2133301869934,0.0403951688503182,24.141606747005,37445.875
4.21302253752641,0.0386120767352374,24.1354886751962,37448.781
4.21314351424651,0.0413682528574904,24.1280473264518,37451.687
4.21329175197922,0.03901421620152,24.1227197369747,37454.609
4.21307040231699,0.0426631828373697,24.1262816618092,37457.531
4.21319621696838,0.0409088802605364,24.1308571007393,37460.531
4.2131839226889,0.0426680282495501,24.128061382434,37463.468
4.21325028540345,0.0389639226377426,24.1369163754627,37466.437
4.21319371693264,0.0411306058258652,24.1315449697983,37469.39
4.21318597686371,0.0393589519930413,24.1297104233588,37472.453
4.21338414131845,0.0414720597056265,24.1379736236584,37475.421
4.21317912302105,0.0398243334782392,24.1367617947335,37478.421
4.21354259744021,0.0412379425268444,24.1303150009713,37481.453
4.21331070259366,0.0370522352699088,24.1216423398545,37484.453
4.21326314287381,0.0385875047731884,24.1243094153008,37487.421
4.213190207658,0.0402075774654062,24.1239508495144,37490.421
4.21318507434564,0.0390329895051491,24.1206416716126,37493.453
4.2129922236068,0.0429023916960356,24.1225889254864,37496.437
4.2130775630561,0.0363903365318843,24.1203846131844,37499.484
4.213362320779,0.0388428485315765,24.1219125755901,37502.468
4.21349010135571,0.0390223675818812,24.118484454008,37505.484
4.21317625026565,0.0412457098429213,24.1131410522391,37508.484
4.21337816084291,0.0395318199119534,24.1230930096501,37511.5
4.21355528084417,0.0436652293625879,24.1211335202292,37514.5
4.21339359565759,0.0419151067527079,24.1191683928897,37517.5
4.21345224538899,0.0395203430202468,24.1191588428506,37520.531
4.21350497618946,0.0419896039182845,24.1254394664589,37523.562
4.21332969017625,0.0405026316912875,24.1320484762379,37526.562
4.21343429567795,0.0413004275090825,24.1275407793733,37529.531
4.21338825339819,0.0370041091406606,24.1197139064473,37532.531
4.21336920811018,0.0383768205134377,24.1209948142481,37535.468
4.21338490810465,0.0412333758425812,24.122520963327,37538.437
4.21339007441237,0.0422527573682532,24.12518627862,37541.359
4.21339223785854,0.0406752996469873,24.1153159341813,37544.265
4.21337533252094,0.0385697162430355,24.1215051332328,37547.296
4.21377080763011,0.0401475309383639,24.1296882221964,37550.296
4.21372616664231,0.0391937464664064,24.12974124773,37553.328
4.21351157999745,0.0393597210356822,24.1366646318728,37556.296
4.21335674623013,0.0399612027447743,24.1302297239075,37559.203
4.2136571327274,0.0394996510387692,24.13150441941,37562.187
4.21342736841036,0.0383747535320106,24.1324807734027,37565.109
4.21328446463576,0.0401522589928379,24.1300296756746,37568.046
4.21335197413759,0.0413100481864599,24.1264312321982,37570.953
4.21348092717819,0.0410829812195748,24.1258737740142,37573.859
4.21349694590072,0.0420840557419627,24.1264727015668,37576.765
4.21343440384348,0.0420219167092317,24.133682409776,37579.671
4.21369429790781,0.0399528676316654,24.1289423826797,37582.578
4.21345975992892,0.0392751759958335,24.1257809809595,37585.484
4.21349839208911,0.038992801484166,24.1222687458224,37588.39
4.2135889223104,0.0376472785536873,24.1183043509596,37591.281
4.2135930718827,0.0395123359630161,24.114202415828,37594.187
4.21345337230507,0.0403648178279585,24.1136882829631,37597.109
4.21357790789079,0.04202580778848,24.1243100548097,37600.015
4.21353310172284,0.0424378088054973,24.1140558336663,37602.921
4.21366472215909,0.0391187506047533,24.127465422073,37605.828
4.21385608091699,0.037203159530174,24.1231577961876,37608.734
4.21352755217028,0.0407134436131213,24.1291693708946,37611.64
4.21365211706499,0.0410536700722065,24.1289185015339,37614.546
4.21367013914496,0.0402460498321583,24.1347798061733,37617.453
4.21358381536738,0.039530113448301,24.1293064977423,37620.343
4.2135399729744,0.0375377124855269,24.1286436802572,37623.25
4.21361485563778,0.0392703287280642,24.1292739832641,37626.156
4.21372739881455,0.0405058724581728,24.1236401174759,37629.078
4.21347334268782,0.0388959051396818,24.1268380720274,37631.984
4.21356995270861,0.0385966023215567,24.1288073504254,37634.906
4.2134326153495,0.0384657255185679,24.1242786292126,37637.812
4.21360254712144,0.0382273984224249,24.1227585894014,37640.718
4.21353915361026,0.0406279945528692,24.1289916017271,37643.625
4.21351834003535,0.0379405010707802,24.1262990622688,37646.531
4.21344906565267,0.0398804349899352,24.1302251521652,37649.421
4.21365734902121,0.0381646314553273,24.1374207990167,37652.328
4.21364625075702,0.0376482373083099,24.1309390781817,37655.234
4.21372567310746,0.039741810038437,24.1215166251374,37658.14
4.21385683032809,0.0407428416587455,24.1244284803758,37661.062
4.21360899923335,0.0387079481219426,24.1271211297892,37663.968
4.2137705591569,0.0407045235744747,24.1250670922626,37666.875
4.21376303912589,0.0381797189024376,24.1234617121908,37669.765
4.21357335942841,0.0411873629782084,24.1091608972871,37672.671
4.21389896243016,0.0424650646529476,24.1167677894802,37675.578
4.2139287822991,0.0387736262578319,24.111139220525,37678.484
4.21356594090621,0.0402647472010666,24.1158525173201,37681.39
4.21363317569212,0.0397283594252405,24.1213605950306,37684.296
4.21364166028956,0.0405005517203002,24.1184557723,37687.203
4.21367382669028,0.0376135822142438,24.117916416282,37690.093
4.21396817264097,0.0382690404049893,24.1283087218059,37693.015
4.21397466813249,0.0389442396600923,24.1255570758066,37695.921
4.21401782918787,0.0374798996422846,24.120280634036,37698.828
4.21390314250552,0.0373883042487206,24.122216092952,37701.734
4.21381280685779,0.0369826744220382,24.1206030122574,37704.625
4.21392347309211,0.039624355082932,24.121534348066,37707.531
4.21381665325312,0.0403810361878367,24.124766660681,37710.437
4.21381455580236,0.0408427355360247,24.1261759837272,37713.343
4.21405636942224,0.0391522856489484,24.1260930786715,37716.25
4.21387745227271,0.0390051259547359,24.1268400512633,37719.156
4.21398903410599,0.0370395060865926,24.1268770463998,37722.062
4.21386999285633,0.0401394634580773,24.1309670927695,37725
4.21414279015728,0.0403098672296776,24.1208751617723,37727.89
4.21386304670482,0.0374788057846068,24.1249855291809,37730.796
4.21394263309444,0.0381262642948961,24.1229412642736,37733.703
4.21394494373785,0.0404093300601071,24.1249812112691,37736.609
4.2140796378128,0.0373786096178646,24.1225810519331,37739.515
4.21383614389511,0.041058813657942,24.1167355189763,37742.421
4.21399814845389,0.039021515808185,24.1104382694207,37745.328
4.21378738397456,0.0397697354138362,24.1110457579517,37748.234
4.21391603271013,0.0359949131146464,24.1079059501592,37751.14
4.21386445195662,0.0343996894476832,24.1087365263513,37754.031
4.21389001629024,0.0381593654608731,24.1048992497208,37756.968
4.21423091268555,0.0401335536924195,24.1163338394058,37759.875
4.21416074845892,0.0357787192064215,24.1136056327009,37762.781
4.21421356657561,0.0402939092206379,24.1130977032628,37765.687
4.21413472732385,0.0406983718939816,24.1178958307627,37768.578
4.21401053909411,0.0394009866045803,24.1185734904526,37771.484
4.21403477928406,0.038731417002093,24.1143389893592,37774.39
4.21412775319047,0.0400715681415224,24.1154109482255,37777.296
4.21408652367732,0.0362815193126765,24.1155210732373,37780.203
4.21397479354515,0.0400692461084997,24.1064946375474,37783.109
4.21400879016316,0.0375651198431088,24.1126207761359,37786.015
4.21401367146941,0.036806334931542,24.1116063920112,37788.906
4.21408313201866,0.0407885868590167,24.1064291610091,37791.828
4.21401861748926,0.0395859109063267,24.1061285021189,37794.734
4.21426796243643,0.0409054382406272,24.1027989542702,37797.64
4.21419650231619,0.0386055812811335,24.1058059482672,37800.546
4.21421861256219,0.0395515159762873,24.1057642735872,37803.437
4.21397631601539,0.0392632508191511,24.0977757717378,37806.343
4.21403164270938,0.0407168910495713,24.1117405620515,37809.25
4.21420667197026,0.0393837177952111,24.1074191549985,37812.156
4.21413935253844,0.0404949175987429,24.1009482238275,37815.062
4.21422763520089,0.0377980821731337,24.0929373252934,37817.968
4.21417200625586,0.0380773986573724,24.0951954980619,37820.875
4.21410578924543,0.0376628393612035,24.0966779056081,37823.781
4.21444919388668,0.0378422708466069,24.0996281029125,37826.687
4.21432829415458,0.0383203142084577,24.1030504369506,37829.593
4.21426063016337,0.0396573262009043,24.1089658583183,37832.5
4.2140354255564,0.0375052818608157,24.1069701887502,37835.39
4.21434994361942,0.0389434987075491,24.1021566273585,37838.296
4.2142231018649,0.0385147428830211,24.0999089351104,37841.203
4.2143397238437,0.0376962290838854,24.1048512596942,37844.109
4.21431203355436,0.0362559410747461,24.1129010040597,37847.015
4.21431536845981,0.0405635465753483,24.0976586281658,37849.921
4.21434281928335,0.0393590877884984,24.0994417243929,37852.828
4.21427060962256,0.0383314698216655,24.0939834197605,37855.75
4.21413405619174,0.0395780580877064,24.0931644948976,37858.656
4.21440407351743,0.0359318316080652,24.092587549981,37861.546
4.21424949994296,0.0396032498643102,24.0878980855583,37864.453
4.21414818799865,0.0430948127048495,24.092300673792,37867.359
4.21428556738372,0.0375407828805947,24.0985121508495,37870.265
4.21446221428115,0.036017574468991,24.0952033981176,37873.171
4.21430559315443,0.0361474090750818,24.0972811055777,37876.078
4.21449889233709,0.0372629529832211,24.1031839116262,37878.984
4.21435887457983,0.03967861948086,24.0958650224283,37881.875
4.21454914956259,0.0364492848443542,24.1034129905378,37884.781
4.21443324512128,0.0371829952514076,24.0993005375001,37887.703
4.21420391493359,0.0392561923566548,24.1006929971874,37890.609
4.2144820651954,0.037519123884104,24.1043856250165,37893.515
4.2144034825871,0.0376758688697596,24.1067598950337,37896.421
4.21433579928166,0.0371977750209711,24.0950539377839,37899.328
4.21459197250511,0.0379241895004603,24.1005658509747,37902.234
4.21256004140105,0.0158105605821996,24.0975748684708,37905.125
4.20858053230847,0.000310050656573399,24.0900146040406,37907.984
4.20945261834626,-0.00623793673808988,24.0905048335234,37910.828
4.2096812311355,0.00152171304815076,24.0926043223816,37913.718
4.20966560928937,-0.00100339323083975,24.0943722489195,37916.593
4.20952535928919,-0.00174455541369751,24.1022917457145,37919.468
4.20956059067915,-0.00149984240357249,24.0989820918548,37922.375
4.20930030809363,-0.00497586070246665,24.0987507288569,37925.218
4.20953506736048,-0.00214483114680668,24.0940891625284,37928.078
4.20951670977408,-0.00294715067120791,24.1010836239836,37930.921
4.20943673731583,-0.00299228310293122,24.0998896136524,37933.812
4.20894584724106,-0.00124422141743558,24.1005286035364,37936.687
4.20937633233327,-0.00287556218251024,24.0958233165701,37939.562
4.20912996665438,-0.00211709415196254,24.1010998340044,37942.453
4.2090544901447,-0.00452614632780725,24.1050187053399,37945.328
4.20894372129056,-0.00201810243572704,24.1052401194067,37948.218
4.2090776309163,-0.00516527919535865,24.1040592898956,37951.109
4.20908085665948,-0.00246186551261844,24.1025806464566,37953.984
4.20912839395082,-0.00146971605306576,24.0998286277791,37956.89
4.20898051591308,-0.00225897582493515,24.1061585411736,37959.734
4.20896747009902,-0.000896124739433628,24.1025389943712,37962.593
4.20902787884365,-0.00191269168661573,24.1002160745824,37965.437
4.20875827548784,-0.00381738276060057,24.0963012216132,37968.328
4.20904369127411,-0.00186976990331974,24.1003243762542,37971.203
4.20866498367282,-0.0046634089745708,24.0998127397555,37974.078
4.20870166681514,-0.00380027419670186,24.1100000459565,37976.968
4.2087933276463,-0.0054882970888938,24.1055757946412,37979.859
4.20865772105498,-0.00416863670107095,24.1023231551652,37982.765
4.20878952005388,-0.00278579489688174,24.1047311917032,37985.64
4.20880033796884,-6.99495470175214e-05,24.0995613816036,37988.531
4.20859810350102,-0.00424904714766574,24.1038097784282,37991.406
4.20881351170704,-0.00324214606729518,24.0953637106407,37994.281
4.20868116314225,-0.00245446042842971,24.0902870426755,37997.171
4.20834456900153,-0.00463245936763251,24.1000651234526,38000.046
4.20872419431976,-0.00550205410289721,24.0973929012236,38002.937
4.20868325259479,-0.00461837920838378,24.0986126498224,38005.812
4.20850958451842,0.00103124746067437,24.0961921562738,38008.703
4.20827626088743,-0.00475086680680784,24.1018170552598,38011.593
4.20849752616441,-0.00241852241490435,24.1070123668251,38014.468
4.20839602900771,-0.0040030661399031,24.1050374277111,38017.343
4.20829015276028,-0.00272730234346245,24.1105159947268,38020.265
4.20851070106471,-0.00115912580067721,24.1127364458149,38023.109
4.20794328682762,-0.00268954541461003,24.1153434798586,38025.968
4.20821821349961,-0.00192982280182763,24.1124947440561,38028.812
4.20824932428305,-0.00423420885570349,24.1090072897131,38031.703
4.20824803287014,-0.0070765709013087,24.0945199740903,38034.578
4.20821805337696,-0.00252863191248206,24.093737175126,38037.468
4.20810255535385,-0.0014390102672264,24.0943440386548,38040.343
4.20828322086231,-0.0045434353748664,24.0933924265507,38043.234
4.20805056216676,-0.00369715839572388,24.0944172061387,38046.109
4.2081772180068,-0.00261674854486766,24.0977422415158,38049
4.20817987900392,-0.00259357431205925,24.0913865186876,38051.89
4.20809599311933,-0.000618493410287056,24.0904553175431,38054.75
4.20809548090103,-0.00501871242987379,24.0934322307997,38057.593
4.20814637185797,0.000130602386129852,24.0923841647174,38060.453
4.20790894407775,-0.00123031789486886,24.0926496789282,38063.328
4.20802258260825,-0.0045400307341596,24.0944131710545,38066.218
4.20794815438223,-0.00272154350847409,24.0995752346766,38069.109
4.20815324050335,0.000633081886518844,24.0945256379676,38071.984
4.20794062633674,-0.0055830473411031,24.0897431375023,38074.875
4.20779890909758,-0.00196726175116648,24.0968520940389,38077.75
4.20778633064463,-0.00478930304017711,24.0911109719464,38080.625
4.20778304447885,-0.00589787452256657,24.0920974867231,38083.546
4.20772803178316,-0.000346497467804501,24.0997270545186,38086.39
4.20769345651505,-0.000529627495635989,24.096419534771,38089.25
4.20749239166084,-0.00343236058464191,24.1058851629057,38092.093
4.20775096499951,-0.00455336133159163,24.0992859809385,38094.984
4.20775833064039,-0.00384893189599579,24.0995507879248,38097.859
4.20770958320234,-0.00357970994430944,24.0963794770436,38100.734
4.20790745398088,-0.00335118800172398,24.0934181196477,38103.625
4.20768767905305,-0.00489228978966402,24.088576663233,38106.5
4.2076069470965,-0.00171779175323979,24.0830407330199,38109.39
4.2077773401005,0.000175535835161883,24.0849110317447,38112.281
4.20759782498131,-0.00427885898204283,24.0880125114692,38115.156
4.20770190253711,-0.00431628746426171,24.0960697652902,38118.062
4.20745385522307,-0.00316576241916238,24.1021801919467,38120.906
4.2078429656742,-0.0013202779117398,24.0950944606633,38123.765
4.20745984563586,-0.00326683988134047,24.088336767612,38126.609
4.20743121785647,-0.00187637681663495,24.0933465351599,38129.5
4.20734084736313,-0.00565872536120416,24.0932971342744,38132.375
4.2076829475447,-0.00219961794894751,24.0940602097808,38135.265
4.20780481019191,-0.000717883314395187,24.0900647167436,38138.156
4.20750212960094,-0.00390262728073407,24.0927396999836,38141.031
4.2075165513679,-0.00154585542966421,24.0981289711908,38143.921
4.20735012202019,-0.00249016979442176,24.0968227089149,38146.812
4.20768200439018,-0.000920080304804784,24.0955217650612,38149.703
4.20729573419651,-0.00321307618758624,24.0964645184597,38152.578
4.20739757085097,-0.00505820887609508,24.1005650265478,38155.453
4.20749493533295,-0.000847781873918667,24.1020302123494,38158.343
4.2075025318576,-0.00489979912578866,24.1018915805471,38161.218
4.20745169926369,-0.00319805331753942,24.0953121242294,38164.109
4.20741246797048,-0.00411989042860596,24.0931395869303,38167
4.2073187877187,-0.00136534999718015,24.0973048513505,38169.875
4.20725457556726,-0.00283494066489289,24.083623454754,38172.765
4.20718547483522,0.000199819097321521,24.0868159083544,38175.64
4.20700035290196,-0.00481583431249243,24.0838091221051,38178.515
4.20744355679142,0.00187532520531452,24.081031409586,38181.421
4.20720053228427,-0.00497057740847993,24.0866163473261,38184.265
4.20739749252891,-0.00146397189432575,24.0969531668671,38187.125
4.20729914300258,-0.00303989732860707,24.0946753475458,38189.984
4.20722644464312,-0.0020037686334523,24.0904901079572,38192.859
4.20708241440432,-0.00145254546133778,24.0910747293947,38195.75
4.20709345918219,-0.000923305881449231,24.0858652594603,38198.625
4.20709326510821,-0.00163800495504219,24.0877033208098,38201.515
4.2072719277193,-0.00491988473891791,24.0958368648324,38204.39
4.20725390589371,0.000228151885789897,24.0980065127688,38207.281
4.20721461901946,-0.00209032083686566,24.0897044231106,38210.156
4.20711444339517,-3.84659327943295e-05,24.093277052746,38213.062
4.2070587893845,-0.00277914745903278,24.0767190468901,38215.906
4.20719167134741,-0.000705800116279939,24.0822406506085,38218.765
4.20687768790308,-0.0041986546917246,24.0813432229738,38221.609
4.20707751038846,-0.00255851901184356,24.0797514684079,38224.484
4.20704135659897,-0.00544332182040548,24.0777747295477,38227.375
4.20711261374114,0.00168538762586942,24.0855310400896,38230.25
4.2071381386362,-0.00349290520688019,24.0921082667936,38233.125
4.20720979203622,-0.00375624417360992,24.0914756383355,38236
4.20709431051298,-0.00603509827374036,24.0834467751994,38238.89
4.20701774093326,0.000316355587457709,24.0856533455335,38241.765
4.20690363943028,-0.00285858976688229,24.0868096422609,38244.671
4.20691845741986,-0.00443861314930705,24.0871398116858,38247.515
4.20717419640925,-0.00226813017889715,24.0870670900668,38250.375
4.20700804305329,-0.000783381285151991,24.0901707460778,38253.218
4.20686248051242,-0.00266295081829696,24.0812027651422,38256.093
4.20692945900423,-0.0023290641591517,24.0859813480008,38258.968
4.20686510898302,-0.00208184254788239,24.0812700556644,38261.859
4.20696942913851,-0.0026571401505865,24.0777666146834,38264.734
4.20690027672547,-0.00324124208858851,24.0855164490719,38267.609
4.20669157010103,-0.00377729863002698,24.0823868070997,38270.484
4.20657634474871,-0.00665435341694555,24.085860479401,38273.375
4.20671819245025,-0.00187379535724422,24.0834363224306,38276.25
4.20664809022847,-0.00389778820290683,24.083104175805,38279.156
4.20697296271603,-0.00360637275950542,24.0741307825927,38282
4.20667962852681,-0.000830614613554808,24.0708010920088,38284.859
4.20703376502806,-0.00306779062232265,24.0819320406932,38287.703
4.20673501118373,-0.00208283663020328,24.0924006609525,38290.593
4.20700545142373,-0.00571142025352936,24.092889251473,38293.484
4.20654622839983,-0.000146326945797939,24.0846108622321,38296.359
4.20682382423438,-0.00288002475931243,24.0781989458152,38299.25
4.20658098171079,-0.0010426799157187,24.0801625568363,38302.125
4.20696243470961,-0.00123462099088393,24.0870505946949,38305.031
4.20658785829784,-0.00660659243153254,24.0830651641876,38307.906
4.20666308140417,-0.00522794546458389,24.0869777011449,38310.796
4.20646582875876,-0.001806244503265,24.0899526871776,38313.671
4.20660290175682,-0.00430209684829289,24.0859102786691,38316.546
4.20669864367251,0.000117355886084858,24.0854809487421,38319.437
4.20642966092882,-0.00414152589595692,24.0845990070303,38322.312
4.20641881936057,-0.00367522949479533,24.0797512251253,38325.203
4.20646353683394,-0.0054272322437569,24.0852123007209,38328.078
4.20649084990868,-0.00507216755477807,24.0992648485615,38330.953
4.20640764568942,-0.00270968393133899,24.0923171023087,38333.828
4.2065742545756,-0.00342921189968118,24.0930708807396,38336.718
4.20660617637228,4.17779222930221e-05,24.0911290750571,38339.593
4.20679225934563,9.67931772562049e-05,24.0903782646232,38342.5
4.20648985775103,-0.0019085094520412,24.0880611770715,38345.328
4.20670560708743,-0.00375584088391274,24.0875290901929,38348.187
4.20622707773978,-0.00672091306096311,24.0831281349554,38351.031
4.20676467589028,-0.00186317657107751,24.0730663844438,38353.906
4.20646901247967,-0.00194706235777516,24.0802983294962,38356.796
4.2064483904837,-0.000548922537145913,24.0776550654239,38359.671
4.20637751377174,-0.00354983680393629,24.0843358345166,38362.546
4.20638896741185,-0.00290616703382679,24.0668107691514,38365.421
4.20639701639553,-0.00661796756608413,24.0703380856884,38368.296
4.20645331791969,-0.00326193528581155,24.0680997608337,38371.171
4.20661277315233,-0.00433506743929237,24.0672990142727,38374.078
4.20632407669101,-0.00536104530415872,24.0689301051095,38376.921
4.20639065072724,-0.0033435107460539,24.0712609318986,38379.781
4.20650366389704,-0.00127532167917059,24.076897645912,38382.625
4.20634342048215,-0.00289386285579437,24.0740662984468,38385.515
4.20607338260438,-0.00115844858582853,24.0681373667661,38388.39
4.20622158621324,-0.000394320538215683,24.0718677753302,38391.281
4.20644934262376,-0.00144024959134378,24.0658713469498,38394.156
4.20633867245235,-0.000620805644930486,24.0597812065356,38397.031
4.20632293214064,-0.00103413653316192,24.0635694450652,38399.906
4.20599625971114,-0.00420837260007489,24.0590794516982,38402.796
4.20629019430318,-0.00428300796449976,24.0634298995115,38405.687
4.20628363250221,-0.00258967240094491,24.0680695752618,38408.531
4.20636903948037,0.000680484417560584,24.0703176648156,38411.39
4.20643456766708,-0.00051707970612734,24.0634572795952,38414.25
4.20632264267637,0.00303629070782122,24.0692620271487,38417.125
4.20596865922562,-0.00127320712110964,24.0680165760783,38420
4.20620313044603,-0.00517234431116558,24.0685227915228,38422.89
4.20620325389781,-0.00411107017285972,24.0708796370552,38425.765
4.20605431289395,-0.00410896063456701,24.0723008627756,38428.656
4.20613180331382,-0.00349998437351393,24.0736335292426,38431.531
4.20631995923309,-0.00271188548284523,24.080930986483,38434.421
4.20608922347593,-0.00341163287674913,24.0709049022656,38437.296
4.20636412523975,-0.00376297731430373,24.0738786400835,38440.203
4.20620237848857,-0.0026390025117677,24.0643247195842,38443.046
4.20602175738236,-8.13968160860241e-05,24.0711086404392,38445.906
4.20625363938568,-0.00447277290846592,24.0652937771099,38448.75
4.20625262642743,-0.00135589067928722,24.0785408736657,38451.625
4.2062178674554,-0.00251056422435788,24.070270461845,38454.515
4.20610773337465,-0.00213184633808627,24.0797446221864,38457.39
4.20624355732032,-0.00211189624868316,24.0732184545822,38460.281
4.20589274873757,-0.00248027147170068,24.072638674199,38463.156
4.20594291713944,-0.00361660529732312,24.0705367469223,38466.062
4.20602502273968,0.00038289123646501,24.0691159652853,38468.953
4.2063039616716,-0.00275706211677026,24.0697780723024,38471.812
4.2063345545529,-0.00417592457283412,24.0723300999759,38474.578
4.20638411016646,0.000718839147202783,24.0731271628526,38477.375
4.20608783089348,-0.00687342573213813,24.0748376554112,38480.171
4.2062004163051,-0.00473375826232371,24.0711479338394,38482.968
4.20615127949029,-0.00247036715474531,24.0663593173231,38485.765
4.20614593815206,-0.00418176328923499,24.0643667530778,38488.5
4.20599213223502,-0.00402476910313548,24.0681706606723,38491.296
4.20616833903415,-0.00158457612530359,24.0680592272328,38494.093
4.2060964153972,-0.00286799608189096,24.0581022472143,38496.875
4.20596843495825,-0.00493124754458441,24.0530265738754,38499.671
4.20601878655715,-0.00254070803107956,24.0581006605287,38502.468
4.20613705964147,0.000640302894418534,24.0562458837797,38505.25
4.20606043184856,-0.00175803974551092,24.0638161527809,38508.046
4.20607851893623,-0.00332495772534004,24.0597280883008,38510.843
4.20587713308539,-0.00270558996452662,24.0654829640386,38513.625
4.20602272824381,-0.00121264834280055,24.0669522859521,38516.421
4.20596435902483,-0.00427329485829199,24.0662087930182,38519.218
4.20576048497792,-0.00353647873365278,24.0740463729137,38522
4.20614636572353,-0.00556803395930297,24.0644108719664,38524.796
4.20581050390247,-0.00248384588425552,24.0563144252364,38527.593
4.20588045912739,-0.00134752948006922,24.0521471288953,38530.375
4.20604231153099,3.77153505343214e-05,24.061277395689,38533.171
4.20597048564726,-0.00324531844092391,24.0596010275992,38536
4.20603796385769,-0.0039758254534939,24.0591048544528,38538.781
4.20578356763521,-0.00295113631525366,24.0686798000676,38541.562
4.20574110455556,-0.00449380597279673,24.0629046154377,38544.359
4.20588570829594,-0.00316531518492212,24.0647983814221,38547.14
4.20577670796136,-0.00452391850688324,24.0695994362291,38549.937
4.20583311316456,-0.00231888629716965,24.058744850941,38552.765
4.20589843913076,-0.0040192636081239,24.0662919127136,38555.546
4.20568416937924,-0.00725228311776676,24.0654470659775,38558.328
4.20564964079145,-0.00413865740758553,24.0579895583264,38561.125
4.20596966040795,-0.00279239487011692,24.0627210194844,38563.906
4.2059008587171,-0.00035613159614943,24.0616885909921,38566.703
4.20606129845672,-0.00154643646552733,24.0589387157955,38569.437
4.20585775685554,-0.00262215922142933,24.0602453354134,38572.234
4.20584793412945,7.21070522221179e-05,24.0553812141565,38575.031
4.20591506150796,-0.00445577360079084,24.0610780878371,38577.812
4.2056776993457,-0.00117018095099967,24.0589918978088,38580.609
4.20588799062541,-0.00329010250919385,24.0606942593312,38583.406
4.20580190806554,-0.00370121295859069,24.059007753288,38586.187
4.20588037069781,-0.000836778035122856,24.0603676190242,38588.968
4.20588325106609,-0.00265722782650716,24.0612147015177,38591.765
4.20558785634241,-0.00259432772521044,24.0568822602728,38594.546
4.20576616368955,-0.00373957949221258,24.0562828663083,38597.343
4.20588484746721,-0.00329954587146036,24.0578192422378,38600.14
4.20569445869289,-0.00114123358313409,24.0622458874205,38602.875
4.20551206571137,-0.00189958417634446,24.06126137985,38605.609
4.20570737686335,-0.00300803163578823,24.058190111798,38608.343
4.20574757547913,-0.000127329574309727,24.0588171390492,38611.078
4.20566602645216,-0.00325255630948495,24.0536987150705,38613.812
4.20578875832418,-0.00123683586224036,24.0608561832513,38616.578
4.20576802204634,-0.00286940326166025,24.0572244405822,38619.312
4.20569663429739,-0.00690932511960563,24.0638354082311,38622.046
4.20560144902414,-0.00216029778250707,24.0569966233273,38624.781
4.20545433282844,-0.00528142051665338,24.0571689078603,38627.515
4.20578021478314,-0.00173089640148567,24.0624610818852,38630.234
4.20593888574183,-0.00792357171822901,24.0540974795698,38633
4.20554779706724,0.000374140919341862,24.0615161136284,38635.734
4.20564320359688,-0.00420945415834707,24.05957296863,38638.468
4.20550905741344,-0.00385921039206187,24.0640193531749,38641.218
4.20559261262377,-0.00229415700024877,24.0514011254617,38643.953
4.20549322059388,-0.000190057063614598,24.0607415326102,38646.671
4.20553154859248,-0.00323577655170813,24.0594085677112,38649.406
4.2055558969984,-0.0048930218453273,24.0616112780788,38652.156
4.20554949423907,-0.00151360408116926,24.0607291747358,38654.875
4.2052628234158,-0.00250637493396906,24.0593137957891,38657.625
4.20558067320732,-0.0021538807396518,24.0525457801414,38660.359
4.20567216854009,-0.0043114408420301,24.0665816776471,38663.078
4.20563122531173,-0.00291789807050682,24.070047934886,38665.812
4.20549118133891,-0.00122187300958769,24.0679242157499,38668.531
4.20534140689499,-0.00256963950772602,24.0668273329115,38671.265
4.20529980758958,-0.00190417890685549,24.0664394944691,38674.015
4.20579594497448,0.00041680755561978,24.0673012635272,38676.75
4.20549402272406,-0.00576513694137664,24.0627818346289,38679.484
4.20546395889929,-0.00361273182134662,24.0692681951578,38682.218
4.20575073513448,-0.00298474012442778,24.0730743822195,38684.968
4.205557882098,-0.000967081208070164,24.0628846185346,38687.687
4.20549748346557,-0.00464680047918585,24.0635822714495,38690.437
4.20570127066136,-0.00554710967546154,24.0683092073799,38693.171
4.20543587007051,-0.00490278134878814,24.0684141354611,38695.906
4.20540337012138,-0.00442370817744196,24.0658462268774,38698.64
4.2057042163645,-0.0030628564590149,24.0678705794464,38701.375
4.2055422867556,-0.00191275809618947,24.0717954325274,38704.109
4.20559879188608,-0.00134907469329029,24.0675885194479,38706.843
4.20535067617869,-0.00273572078206805,24.0652888851113,38709.578
4.20566280501214,-0.00194482803498346,24.0549361533231,38712.296
4.20538358085883,-0.00319080501032685,24.0568614551222,38715.031
4.20521050868818,-0.00265495167722144,24.0682686653101,38717.781
4.20549793353864,-0.00387584943297978,24.0619388750027,38720.515
4.20547031640341,-0.00397309332696331,24.0529943030832,38723.234
4.2055181100884,-0.003841992138481,24.0531877081277,38725.968
4.20562547655923,-0.00416079838116921,24.0544969023896,38728.687
4.2054448740009,0.000203057857914158,24.0554734018077,38731.437
4.20534361533876,-0.000325624593512021,24.0521517821915,38734.156
4.20542407371564,-0.00318717445649115,24.0529562272447,38736.89
4.20535216271539,-0.00314734387538241,24.0581446249103,38739.609
4.2054738588269,-0.000800223469623709,24.0609741132834,38742.343
4.20531997979603,-0.0020260536642342,24.0456123432416,38745.093
4.20518888900246,-0.00187532930924437,24.046275432699,38747.828
4.20526800209373,-0.00455223111130404,24.0465841163188,38750.562
4.20526480341056,-0.0030155621895248,24.0503189478013,38753.296
4.20516207896217,-0.00234262897633928,24.0457753181117,38756.031
4.20522787860958,-0.000825953105609932,24.0430307661584,38758.765
4.20515000963144,-0.00128333061591322,24.0503982572881,38761.531
4.2052397840401,-0.00190881824335956,24.0493065934313,38764.265
4.20524708443285,0.00245210563628989,24.0535139263178,38767.015
4.20504893821178,-0.00281661465651076,24.0514362217863,38769.75
4.20530329386234,-0.00104101822564317,24.0475964413735,38772.484
4.20520590488166,-0.00231561448173287,24.0551972014782,38775.218
4.2055593864071,-0.00346542282577184,24.0610573015452,38777.984
4.20523148952333,-0.00226206614377155,24.0670644173953,38780.718
4.20540641046739,-0.00171377038776036,24.0643726172203,38783.468
4.20536338797251,-0.00395096789794002,24.0645608719474,38786.203
4.2051451952652,-0.00152835425148467,24.0632695321185,38788.921
4.20516789641764,-0.00151972721022621,24.0641826388902,38791.656
4.20531924605954,-0.0051649986517679,24.0639671355332,38794.375
4.20498928012776,-0.00604718628115533,24.0631606685767,38797.109
4.2050279973787,-0.00342340191134324,24.065187662087,38799.843
4.20491455000425,0.00184865932148414,24.0535967538746,38802.578
4.20525743867791,0.000198002693652184,24.0485211361643,38805.312
4.20525094019105,-0.00347052751256681,24.0531243965539,38808.046
4.20537699318988,-0.00225332228613526,24.0595302124181,38810.781
4.20518176242279,-0.00272654051921797,24.0579511782888,38813.515
4.20534265684735,-0.0023805899539669,24.0586013790083,38816.25
4.20530234439075,0.00218644403796353,24.0485924251248,38818.984
4.20519185317795,-0.00460025376277663,24.0467336235798,38821.718
4.20533908811804,-0.00246971569836619,24.0514412992601,38824.453
4.20509765397597,-0.00357451903825368,24.0519776768661,38827.171
4.2050209740141,-0.00446975214406388,24.0470219768349,38829.921
4.20506998869653,-0.00218503608581259,24.0522207447891,38832.656
4.20506086680395,-0.000319116481733929,24.054114758857,38835.39
4.20511751491487,-0.00320314521376058,24.0565287357768,38838.109
4.20525032966279,-0.000976548184594187,24.0542416352155,38840.843
4.20491992378499,0.000415901935489543,24.0519083249543,38843.578
4.20508064186145,-0.00383132399560711,24.0547984816896,38846.312
4.20502956291985,-0.00333410252357525,24.0430834795574,38849.031
4.20508287749252,-0.0054000181638116,24.0568588194959,38851.765
4.20510609439309,-0.0012573331199433,24.051949705004,38854.5
4.20513088611901,-0.00614634896086509,24.0524934997492,38857.25
4.20517767172912,-0.00182881977912682,24.0570075935959,38859.968
4.20505341073427,-0.00860112555597463,24.0561551509747,38862.703
4.20520511441462,-0.00252675978255355,24.0555321458927,38865.437
4.20505271228633,-0.00294150725784948,24.0497194147326,38868.171
4.2048699638436,-0.00319994778892725,24.0461702456891,38870.906
4.20504682809728,-0.00716870038134743,24.0449522270023,38873.64
4.20524249563548,-0.00106555406624566,24.0525130572494,38876.359
4.20480574260194,-0.00189770691899365,24.0543970932587,38879.093
4.20496801229005,-0.00323472628249942,24.057125911956,38881.843
4.20510963267172,-0.000378183334893167,24.0572797605395,38884.578
4.20478716731518,-0.00411707320375251,24.04623914037,38887.312
4.20490730838358,-0.0045672885013321,24.0516150819515,38890.078
4.20487769871201,-0.00406428725133797,24.0544564601176,38892.796
4.20498955305507,-0.00285700771020176,24.0427270994937,38895.531
4.20498215315818,-0.00115307664756262,24.0443368906722,38898.281
4.20519325762352,-0.00317382984135523,24.0486769763801,38901.015
4.20500902047919,-0.00180787883965615,24.0519730200026,38903.75
4.20514027334659,-0.00316746377260645,24.0506937970285,38906.515
4.20514642288589,-0.00544997856383676,24.0450449921308,38909.25
4.20487630148892,-0.00153414740174442,24.0528567632572,38911.984
4.20487098711737,-0.00100417049253763,24.0662542524772,38914.718
4.20490998651129,-0.00181519405672015,24.053187251936,38917.453
4.20495081840902,-0.00283272153352266,24.0575429073861,38920.187
4.20481792749282,-0.00125590725003995,24.0499384327886,38922.921
4.20454182754019,-0.00305509637744012,24.0501198685958,38925.64
4.20471804748307,-0.0018922659067327,24.050938834265,38928.375
4.20522192129314,-0.00401524575990803,24.0501356627024,38931.109
4.20475500901489,-0.0035240480663715,24.0459679380669,38933.843
4.20478937236198,-0.00401716453212823,24.0403702133721,38936.578
4.204966401479,-0.00333767925216532,24.0468432652083,38939.312
4.20484361769981,-0.00152463236421569,24.0444848653121,38942.031
4.20484456626776,-0.00274999251087104,24.0419815223553,38944.765
4.20497426115575,-0.00350402869790132,24.0467191819858,38947.515
4.20487700056986,-0.000802149659701315,24.0459475052026,38950.25
4.20477875512497,-0.00236380613169105,24.0463134050283,38952.984
4.20485726657075,-0.00290952685666837,24.037884888607,38955.718
4.20488997221984,-0.00392297458176159,24.0443798471528,38958.453
4.20511969879133,-0.00482600861144691,24.0458112589843,38961.187
4.20470021163318,-0.00323372462751062,24.0386134788924,38963.921
4.20488503583351,-0.00163066744308324,24.0446404254893,38966.656
4.20481716823858,-0.00406005655003663,24.0399902662786,38969.39
4.20465594580859,-0.0039230953872872,24.0428272324795,38972.125
4.20474904053461,-0.00521829999718978,24.0405024629837,38974.875
4.20463002434888,-0.00244400350832576,24.0470626283949,38977.609
4.20476084207434,-0.00316499432331704,24.0468771097099,38980.343
4.204711147852,-0.000242691215230193,24.0522468153506,38983.078
4.20476496729706,-0.00372838188086879,24.0454271365169,38985.812
4.20458432867271,-0.00677265181387665,24.0435155945262,38988.546
4.20476263756912,-0.00250518923202539,24.0400688146844,38991.296
4.20465281400059,-0.0036279191769074,24.0380995832234,38994.031
4.20474437581923,-0.00493308071830123,24.037626837222,38996.765
4.20466614462903,-0.00126385742378609,24.0373852631611,38999.5
4.20482459883121,-0.00544046626387692,24.0345658704821,39002.234
4.20477836897941,0.00229857210535736,24.028424411908,39004.968
4.20466417395447,-0.0042175739263945,24.0366918445796,39007.718
4.20478860849917,-0.00376706541868133,24.0401780123516,39010.453
4.20489890697185,-0.00469246003367232,24.0368697704384,39013.187
4.20479622869838,-0.00283738057488127,24.0394121741751,39015.921
4.20477744770121,-0.000579780032147097,24.0425896719916,39018.656
4.20464977900568,-0.00759941451120023,24.0381270909169,39021.39
4.20485781396058,-0.000373599805983475,24.0446791764024,39024.109
4.20467078824238,-0.00379366177764064,24.0393369720313,39026.843
4.20472507842468,0.000479853967808384,24.0358688057915,39029.578
4.20451442983155,-0.0035515187660062,24.0393805384825,39032.312
4.20454168532545,-0.00278089658447242,24.0389866609388,39035.078
4.20480385508908,-0.00483550104643224,24.0262133560155,39037.812
4.2048502792336,-0.00390433280151727,24.0197949125663,39040.562
4.20480250759665,-0.000525222986546365,24.0255169621296,39043.296
4.20460095306889,-0.00175341326743982,24.0342317044615,39046.031
4.20494226039799,-0.00532647707141225,24.0320052136029,39048.765
4.20466558083808,-0.00297733234644706,24.0394808078466,39051.531
4.20482627786873,-0.000115575384439836,24.0370193165721,39054.265
4.20429367965393,-0.00113530003679193,24.0337997735075,39057.015
4.20459283627743,0.000728977533010491,24.0349155137758,39059.75
4.20457215530423,-0.00147837153238329,24.0362303283265,39062.484
4.20446082828045,-0.000391949342970107,24.0393224422066,39065.218
4.20443478736962,-0.00120540575711312,24.0339283060663,39067.937
4.20463671474229,-0.00184790449003588,24.0254079607566,39070.687
4.2045968504295,-0.00362354213284672,24.0267249918485,39073.421
4.20471229815579,-0.000950437462026598,24.0285244651234,39076.156
4.20443132559844,-0.00132668422068432,24.025198419479,39078.89
4.20441768492822,-0.00377183607230118,24.0333426408895,39081.625
4.20466279441162,-0.00202682550814157,24.0271956890524,39084.359
4.20451555334345,-0.00315768448517821,24.0212236994481,39087.093
4.20472768466083,-0.00036674916253878,24.0223648635521,39089.828
4.20445192012243,-0.0030828172471248,24.025220066368,39092.562
4.20452440512316,-0.00022033829000292,24.041779646058,39095.312
4.20428074499764,-0.00180303915960009,24.0423450521157,39098.046
4.20456181971216,0.0012179654920227,24.0382934591362,39100.765
4.20440086126345,-0.0035772338807885,24.0329449060788,39103.5
4.20453981108481,-0.00350097409418388,24.0409431825191,39106.234
4.20447708675041,-0.000684682419080698,24.0416665057425,39108.968
4.20433573409939,-0.00350615764084181,24.0335956627512,39111.703
4.20441191967303,0.00140329288111116,24.0351638228432,39114.437
4.20457790421786,-0.0023288043134561,24.0315214760203,39117.156
4.2045199213894,-0.0042528350996898,24.0360906143493,39119.89
4.20435597311906,-0.00215518888259883,24.0328755800229,39122.64
4.20459022260159,0.000340034791639574,24.0331107907413,39125.375
4.20445814864892,-0.00141346399129587,24.045735830951,39128.109
4.20449901607013,-0.00212277369535616,24.0396361119821,39130.843
4.20450166100164,0.00136535900759551,24.0437308777594,39133.578
4.20435408424823,-0.00234871224297094,24.0393171215615,39136.312
4.20421714536134,-0.00258573789392808,24.037662241855,39139.031
4.20439229781287,-0.00526941870130217,24.0381191266699,39141.765
4.20455322623927,0.0028802326414857,24.0408933178802,39144.5
4.20428797448221,-0.000344616551900336,24.0418758289032,39147.234
4.20437337501176,-0.00318105941568906,24.0383051206929,39149.968
4.20443092737612,-0.00150309330593361,24.0389711586832,39152.703
4.20446281193256,-0.00557741328799176,24.0329132264818,39155.453
4.20443283044163,0.000673829579663227,24.0341444057006,39158.187
4.20446746336343,-0.00199494379827184,24.0288649621252,39160.921
4.20423086521097,-0.00254376309318271,24.0311094624035,39163.687
4.20448979985864,-0.000729568099710819,24.0357973113548,39166.421
4.20437840047863,-0.00167413127797821,24.0268125773808,39169.156
4.2043444969654,-0.00147259982873313,24.0281885454399,39171.906
4.2044027109804,-0.000743141888388465,24.0300255287086,39174.64
4.20443683189528,-0.00172893262519667,24.0362934244446,39177.375
4.2044284669791,-0.00188433453166675,24.0363588787175,39180.14
4.20417566379897,-0.00192098518891892,24.0376140005898,39182.859
4.20446934673585,-0.00407016721809331,24.0378734837917,39185.593
4.20441930073611,-0.00426156634702828,24.0393066973123,39188.328
4.2042021145124,-0.00130049960752905,24.0372086235244,39191.078
4.20435383130977,-0.00165121897985002,24.0342152955835,39193.812
4.20414672700357,-0.00145600603290429,24.0299877819612,39196.546
4.20447285340631,-0.00270916182870875,24.0288205142371,39199.281
4.20441448825798,-0.00353946683409361,24.0321760447347,39202.015
4.20422671516862,-0.000297206584699152,24.0353002982072,39204.765
4.20407968345292,-0.00291930908095815,24.0357254432544,39207.5
4.20461721926645,-0.00268538272339111,24.0268712568048,39210.234
4.20438504540067,-0.00187648102920169,24.031001670204,39212.968
4.20444264231339,-0.00232925324037619,24.0350667066251,39215.703
4.20417186445541,-0.00475433531147395,24.0353673399709,39218.437
4.20421011142735,-0.00186986385998386,24.0262144595953,39221.187
4.20426633063717,-0.00237817732955809,24.0310352463146,39223.921
4.20166868026705,-0.00394751088174558,23.9550040208254,39224.921
4.20154993460925,-0.00110101937257441,23.9589106570744,39234.312
4.00542674093078,-1.99053292823216,23.992368822254,39244.437
3.98805952794551,-1.987433769391,24.0502229652085,39253.812
3.9745552990076,-1.98871373834727,24.1255503442166,39263.234
3.96343322982557,-1.99123008101353,24.2302111897922,39272.655
3.95331842866206,-1.9904033058244,24.3203916166867,39281.968
3.94470112120779,-1.98858251940476,24.4253386720103,39291.327
3.93629774009942,-1.9890898593119,24.5217087911128,39300.734
3.9288477740893,-1.99215487384128,24.6165948944761,39310.124
3.92198367350935,-1.98858556229236,24.7226499297337,39319.468
3.91545026201887,-1.98950745536755,24.8382916185865,39328.874
3.90928928813195,-1.98962496516864,24.9465701741074,39338.234
3.90376473500924,-1.98887295069034,25.0410064058333,39347.609
3.89833869531356,-1.99033794683154,25.1428768175984,39356.937
3.8930352644024,-1.99122434507404,25.2499691481655,39366.296
3.88809980448005,-1.99189205943773,25.3546345844422,39375.734
3.88349716362717,-1.99124434206358,25.4612502371634,39385.093
3.87896703403083,-1.99054304003142,25.565051976288,39394.452
3.87462436010572,-1.99126004669029,25.6736683361448,39403.827
3.87027190594136,-1.98762687637302,25.7671362460734,39413.187
3.86623755938675,-1.98858344629734,25.8908507271215,39422.546
3.86219656424128,-1.98851623780058,25.9897003179707,39431.905
3.85836769655341,-1.98882635270664,26.0921335843106,39441.265
3.85456472904869,-1.98979060674794,26.1936792147406,39450.64
3.85093702526716,-1.98976214542386,26.2887725954303,39460.046
3.84753740897697,-1.99120328877407,26.390148008956,39469.405
3.84428934003402,-1.98999979809667,26.4843792153319,39478.749
3.8408099027027,-1.98791565063537,26.580409965006,39488.14
3.83750790423081,-1.98733151090606,26.6949275019474,39497.515
3.834631908864,-1.98987867131293,26.7765228873126,39506.905
3.83146425515158,-1.99079915830818,26.8822958505868,39516.234
3.82820619192466,-1.98951232734037,26.9806096075931,39525.593
3.82521000684884,-1.98963725631079,27.0764873193662,39534.937
3.82228994847268,-1.9890802431366,27.1680882819943,39544.327
3.81920314750706,-1.98974675897036,27.2554506640858,39553.687
3.81616025825117,-1.99062524175557,27.3518199224846,39563.077
3.81326058641944,-1.98949719135484,27.4596396142818,39572.405
3.81013424694239,-1.98898753918317,27.5301026075629,39581.765
3.80719094428491,-1.98938355713456,27.6260669579899,39591.124
3.8040187070197,-1.98915884790892,27.7228949024775,39600.515
3.80131661940304,-1.99078312661222,27.8341315536043,39609.859
3.79798084985654,-1.9882888150575,27.9309584531765,39619.28
3.79505921271315,-1.98828593978757,28.0182530328235,39628.64
3.791633397367,-1.98955675382036,28.1186781595717,39637.999
3.78856610826706,-1.98805198196157,28.1956189454063,39647.374
3.78535894886913,-1.98893180276569,28.2841039894576,39656.671
3.78195689841587,-1.98953406805034,28.3677067891295,39666.093
3.77884269713389,-1.99194370608349,28.4597888981174,39675.421
3.77546598933774,-1.99105197539035,28.5407345817366,39684.843
3.77227851029545,-1.99204477762004,28.6223919793172,39694.155
3.76860957382516,-1.9894657324123,28.6934156493576,39703.484
3.76528946246837,-1.99013045363864,28.7931005042756,39712.827
3.76195946903807,-1.99154239629277,28.8691378273966,39722.202
3.7584058527769,-1.98833937937314,28.9482249551644,39731.546
3.75492200283952,-1.98928664007542,29.0251825112319,39740.905
3.75195774714235,-1.98741443953761,29.0935854887824,39750.265
3.74841744301172,-1.98954296630533,29.1642964097169,39759.64
3.74490227109909,-1.99051471839445,29.2291148319051,39769.015
3.7415379228682,-1.98939350282457,29.3041605301926,39778.343
3.73850684518322,-1.9903052150666,29.3462018878081,39787.687
3.73513697569539,-1.9881537871513,29.401910033571,39797.015
3.73200396530002,-1.99159467117624,29.4430969905113,39806.359
3.72894606952571,-1.98647480700396,29.4817758833353,39815.718
3.72580365819073,-1.98823392661352,29.5202443804254,39825.062
3.72277650826877,-1.98790539054706,29.5611244172689,39834.546
3.71988740200135,-1.98810939531794,29.5967310116717,39843.905
3.71692721631412,-1.99034913961049,29.6198325470773,39853.249
3.71403560029498,-1.98765856455008,29.6545653773917,39862.624
3.71122909358999,-1.99075823797244,29.6885798075146,39871.999
3.70835073476183,-1.9907215909747,29.6982616585253,39881.405
3.70560417471037,-1.99035700392083,29.7022541422268,39890.796
3.70303352283226,-1.99039258908067,29.7128606744822,39900.187
3.70018549945851,-1.98937022546069,29.7250226042331,39909.53
3.69758021214567,-1.98940315336252,29.736532638241,39918.89
3.69500402874577,-1.9895724987321,29.7465822520424,39928.218
3.69222084396269,-1.98868802293562,29.744628278129,39937.609
3.68962713501607,-1.98856219612264,29.7822369089694,39946.968
3.68723901297606,-1.99107162223982,29.7756158340667,39956.374
3.68444208334111,-1.98917867542066,29.7705473191567,39965.734
3.68233891548498,-1.99092906137481,29.7850945846003,39975.062
3.67967907831135,-1.9897212896099,29.7807774480908,39984.437
3.67713761782978,-1.98859416389836,29.7859332960962,39993.765
3.67449967958322,-1.98793269822022,29.8128688601459,40003.202
3.67206425105657,-1.99336882651674,29.8213769395175,40012.546
3.66964256849366,-1.9907833321659,29.8352101216825,40021.921
3.66720750382299,-1.98970273995419,29.8477963378526,40031.28
3.66487022511417,-1.9888098057217,29.8620972947575,40040.671
3.66219173323144,-1.99039900854846,29.8794612053427,40049.999
3.65996640356034,-1.98872793523345,29.9051973950737,40059.374
3.65739698832932,-1.98832877829792,29.9167831455902,40068.749
3.65496995972718,-1.98775026809133,29.9233481321612,40078.109
3.65275987075885,-1.988296335861,29.9376118599029,40087.499
3.65041048311261,-1.98766509051657,29.9707559051184,40096.874
3.64785425956048,-1.99117921656126,29.9795954668224,40106.249
3.64556925606778,-1.99000751443943,30.0194425354435,40115.577
3.64320364653154,-1.99091821468208,30.0458102547406,40124.905
3.64088840881849,-1.98982958212264,30.0676524460001,40134.265
3.63874688784146,-1.98947448000491,30.0868230838457,40143.655
3.63612492860816,-1.98998411409891,30.1172954389609,40153.077
3.63400254191819,-1.98737735736722,30.1450517339105,40162.437
3.63173724330824,-1.98954680722748,30.1776530731817,40171.765
3.62949537845454,-1.99064657742641,30.1930698516747,40181.202
3.62734702187311,-1.99042912065855,30.2366486386804,40190.562
3.62502918109237,-1.98921196186505,30.2708586913762,40199.905
3.62295792242501,-1.99026009427726,30.334959431627,40209.249
3.62075671907432,-1.99052182181725,30.361297171381,40218.671
3.61831833244344,-1.98933535163715,30.3865996485412,40227.999
3.61617009754599,-1.99254776367817,30.4197120200052,40237.374
3.61398568597513,-1.98920800123135,30.4499252939846,40246.765
3.61165049099153,-1.99040792087823,30.4801554439372,40256.109
3.60975464133239,-1.99062633693095,30.5226512256822,40265.437
3.60771093798987,-1.98900338858302,30.5575288712509,40274.874
3.60563362557143,-1.98714244416203,30.602129220477,40284.218
3.60339352995169,-1.98851051408493,30.6491595219601,40293.593
3.60117452166355,-1.99286179323759,30.6879638093933,40302.952
3.59898379926699,-1.99145685985534,30.7134752247375,40312.327
3.59704465197015,-1.99249691834596,30.7616083427398,40321.702
3.59520330602239,-1.99317553519606,30.7885239083884,40331.109
3.59312038612225,-1.99352994609421,30.8181865540941,40340.452
3.59107122014446,-1.9888816870293,30.8607499848077,40349.812
3.5891173497638,-1.9895810273787,30.9024923324478,40359.171
3.58703385946095,-1.98922033796717,30.9435664881378,40368.546
3.58541006835469,-1.98751911080713,30.9806870417333,40377.905
3.58325038984808,-1.98993763313048,31.0273740054311,40387.218
3.58127390704391,-1.99211577764844,31.0541618187909,40396.655
3.57952505124027,-1.98934029075958,31.0954869630138,40405.984
3.57735584780172,-1.98926078342117,31.1340150139469,40415.39
3.5756269077685,-1.98905557860064,31.1810975466823,40424.734
3.57377320187699,-1.99166822005978,31.2298844912401,40434.062
3.57168279912698,-1.98808278336837,31.258848840217,40443.53
3.56988373426512,-1.98786938447602,31.2938756165153,40452.874
3.56795670520467,-1.98830940130049,31.3364520498633,40462.234
3.56615953123421,-1.98960869376465,31.3758901719092,40471.577
3.56448188731198,-1.99108642327342,31.4230592550462,40480.952
3.5623847155615,-1.98829871493502,31.4527587613237,40490.327
3.56068464059016,-1.98837095568811,31.4943540612232,40499.655
3.55905006059861,-1.99021916382932,31.5227222473037,40509.03
3.55714208703578,-1.9872612246198,31.5504051186092,40518.437
3.55530203079443,-1.99204343944826,31.5860887098484,40527.812
3.55369640904018,-1.99086123999121,31.6233977110709,40537.187
3.55209764425772,-1.99071338784408,31.6738843399194,40546.562
3.5505478039115,-1.9892853464013,31.705703721955,40555.937
3.54876212638236,-1.9913653936979,31.7346667518414,40565.265
3.54703666312776,-1.98941620274828,31.783878172206,40574.624
3.54552245068784,-1.99051670052515,31.8176961880803,40583.984
3.54403440688152,-1.98820558940497,31.8421963720578,40593.39
3.54208452503022,-1.99086519582828,31.8863998581226,40602.749
3.54014651451637,-1.98752546230435,31.9257452829013,40612.093
3.53895807645994,-1.98684255875476,31.9413762226772,40621.484
3.53737071588343,-1.99051449486068,31.9805105121403,40630.859
3.53577695233875,-1.98817345794195,32.023021704976,40640.234
3.5339369297003,-1.98895635246257,32.0628065776266,40649.577
3.53267622512349,-1.98258772660675,32.1135847911976,40658.984
3.53137052864968,-1.99051651609314,32.1335601489248,40668.359
3.52988181265733,-1.9870271117501,32.1790121957797,40677.749
3.52799098569901,-1.99335766434374,32.2053976757953,40687.093
3.52658167012142,-1.98800578273719,32.2462488802951,40696.484
3.52514669211143,-1.9882721580724,32.2818109050819,40705.812
3.52419090590221,-1.98411871920561,32.3198666243598,40715.202
3.52201096082926,-1.98925527541886,32.3563101441445,40724.562
3.52075414672905,-1.98985869324717,32.3828351029307,40733.89
3.51914450220575,-1.98268588694087,32.4267957875293,40743.187
3.51792098853219,-1.98611493082229,32.4620097063642,40752.562
3.51662685075338,-1.99279548593392,32.4968688780962,40761.921
3.5151853490213,-1.99053347596125,32.5297432533958,40771.343
3.51386793094857,-1.98317730368501,32.5658009509301,40780.734
3.51251300531443,-1.98783665335525,32.6009186354139,40790.155
3.51105218073388,-1.98705017506999,32.6430721990197,40799.515
3.50982026549505,-1.98854187929887,32.6815022942812,40808.937
3.50814665102062,-1.98854405019056,32.7068353057916,40818.296
3.50706462125027,-1.99129246262712,32.7329490482867,40827.655
3.50594248447923,-1.98989626443557,32.7867393148235,40836.999
3.50431561142413,-1.98665902080039,32.8274562332461,40846.327
3.50304232460225,-1.9899174980933,32.8521801467578,40855.718
3.50186900876001,-1.9892837096025,32.9022143615017,40865.077
3.50046098156272,-1.98845864787627,32.9242366649339,40874.421
3.49918030273821,-1.98870939130725,32.95807527088,40883.796
3.49804976593336,-1.9906475040931,32.9824609038956,40893.187
3.49670282690147,-1.99002854872019,33.0175839748097,40902.53
3.49547581069985,-1.98964589504554,33.0588739759845,40911.89
3.49427629709784,-1.9910088312747,33.0589966431826,40921.28
3.49309867621715,-1.99021039847921,33.1371906419539,40930.624
3.49160444108758,-1.98624394174897,33.1604948516334,40940.015
3.4903645602393,-1.9898166745783,33.1924842654296,40949.374
3.4893623704421,-1.98643076414961,33.2314936898451,40958.749
3.48761089307667,-1.98913721245223,33.2626731611908,40968.109
3.48692050908863,-1.98940040774081,33.2966860362484,40977.437
3.48561643010419,-1.99152800831366,33.3548688387839,40986.859
3.48419968626256,-1.98891205270436,33.36605280017,40996.187
3.48300627621789,-1.98894297871384,33.377711889569,41005.593
3.48185251183243,-1.98780881802832,33.4324079426876,41014.937
3.48052798509235,-1.99190086302759,33.4487975694464,41024.296
3.47941497888565,-1.99118117077914,33.4934655236384,41033.655
3.47814379655035,-1.9895159668492,33.542980311002,41042.984
3.47706363064141,-1.98868532866518,33.5709440055972,41052.374
3.47557602815367,-1.99021966616416,33.5923449602956,41061.78
3.47452044999239,-1.9886504797167,33.6480333038701,41071.202
3.47315485227032,-1.98957695402385,33.671950926715,41080.562
3.47175202514233,-1.98779237129845,33.6964318775018,41089.89
3.47059609350804,-1.98816819188069,33.731489021348,41099.249
3.46948145187441,-1.98891585895719,33.775045438954,41108.562
3.46831338540408,-1.9894131970774,33.8210159300734,41117.905
3.46710749887432,-1.99023746736455,33.8427579945433,41127.234
3.4658429281817,-1.99190700060003,33.8871426696903,41136.562
3.46463778282326,-1.98897358670781,33.954973446613,41145.952
3.46335696920095,-1.99052257812724,33.9625297120639,41155.343
3.46216671980509,-1.98817837892339,33.994089448242,41164.671
3.46084846641512,-1.98747494258265,34.0191250960799,41174.077
3.4595518330848,-1.98691861205174,34.0523115524721,41183.437
3.45836015304489,-1.98877821111075,34.1067460918987,41192.765
3.45686836902199,-1.99044535329792,34.1359236824179,41202.14
3.4558703808655,-1.98970703515389,34.1461338171852,41211.499
3.45444351962399,-1.99067165075016,34.201923804063,41220.874
3.45316227247381,-1.9902179255156,34.2384084603864,41230.202
3.45194771498193,-1.99056671244573,34.2891214097288,41239.562
3.45070774341987,-1.99072893294163,34.3337040886376,41248.968
3.44953026218067,-1.9906797769231,34.360930636021,41258.327
3.44801433695623,-1.98952914528451,34.3964695147687,41267.671
3.44664544530988,-1.99167365520099,34.4356808667969,41277.062
3.44540647448776,-1.98878222200903,34.4615611905821,41286.421
3.44399911475705,-1.9883480468751,34.5222811018723,41295.78
3.44263101599944,-1.98998110864711,34.5624810418043,41305.218
3.4413353794029,-1.98911549254137,34.5752799399575,41314.546
3.44004969308186,-1.98820471511731,34.6334277420992,41323.905
3.4384486459621,-1.99018629502927,34.6538706846418,41333.28
3.4370777552515,-1.99146759864753,34.6983213979732,41342.671
3.43578052135016,-1.98889586107461,34.7174554284132,41351.999
3.43446128180189,-1.98878183845468,34.7580796837733,41361.359
3.43300182055044,-1.98862614198676,34.8241872979536,41370.671
3.43138247080286,-1.99023230192345,34.8445891309244,41380.015
3.42990252983612,-1.99076791389241,34.8987855332464,41389.374
3.42859616232167,-1.99035671958555,34.9185727053943,41398.718
3.42701831754834,-1.99001023554852,34.9564691093352,41408.062
3.42546684476435,-1.98912080153667,35.0041178999864,41417.421
3.42405440699908,-1.98893844873921,35.0539441266218,41426.78
3.42240921387063,-1.98789671410299,35.0913662449383,41436.109
3.42082649216152,-1.99094311276771,35.1239317176311,41445.53
3.41938432741036,-1.98901181911299,35.1653542961946,41454.874
3.41781182361969,-1.9894824997294,35.1693244420858,41464.234
3.41621853083822,-1.98787853661247,35.2332321399552,41473.64
3.4145482837774,-1.99036576995175,35.2805773474885,41482.999
3.41302511014635,-1.99020128427231,35.3221993435253,41492.343
3.41103066137728,-1.99149230891724,35.3716339831517,41501.718
3.40946377382318,-1.9888994277716,35.4085187108531,41511.109
3.40783931267151,-1.98980404402778,35.4516157409786,41520.499
3.40587761478455,-1.98706921646084,35.4793230685918,41529.843
3.40398040224329,-1.99061187715384,35.5451124391377,41539.218
3.40233762006949,-1.98741692339041,35.6106121828506,41548.624
3.40059526799752,-1.98817015159971,35.6229494771463,41557.984
3.39868445157971,-1.98953328695585,35.6713948994476,41567.327
3.39690127843557,-1.9887300650768,35.7102151302184,41576.655
3.39500714047841,-1.99233545751081,35.7454064254524,41586.062
3.39275801853994,-1.9864500921073,35.7713242877995,41595.421
3.3909900561314,-1.98911538307862,35.8473819557038,41604.796
3.38867469108829,-1.99077154683185,35.8739839452601,41614.187
3.38652902558775,-1.98909123620582,35.9220402613758,41623.515
3.38399547267562,-1.9894632995834,35.9779703899457,41632.874
3.38228167463053,-1.98942068890928,36.0163654272143,41642.218
3.37997912586043,-1.98841014373919,36.0684943970999,41651.64
3.37742060806059,-1.99014811839453,36.0880553116812,41660.937
3.37506407169447,-1.99016217544591,36.1553197088808,41670.28
3.37242440108624,-1.98817100197212,36.2252223604697,41679.64
3.36966121648564,-1.99030412913655,36.2507027814017,41689.093
3.36711787886102,-1.9901671036121,36.2898059717992,41698.452
3.36422065124985,-1.98885708411129,36.3161095680346,41707.812
3.36124520235764,-1.98964019077077,36.3739393304914,41717.218
3.35832008249046,-1.98963794462407,36.4405064260794,41726.53
3.35513124706976,-1.98579839352691,36.4823366153242,41735.952
3.35163362522155,-1.99071015368516,36.5366360936148,41745.28
3.34840871726209,-1.98792465177687,36.5871923894173,41754.64
3.34479720133378,-1.98786405767145,36.630587573781,41764.046
3.34099863075238,-1.98803501059115,36.686944105923,41773.421
3.33701796752004,-1.99280809613056,36.7144622448376,41782.78
3.33300964039409,-1.98935414461514,36.7622195803402,41792.14
3.32855702850686,-1.98940829189537,36.8225975802773,41801.53
3.32387903267004,-1.98920517798412,36.8757558001783,41810.89
3.31915710274945,-1.9902176801053,36.9354933999743,41820.218
3.31396776072418,-1.98714242647672,36.9999576636144,41829.64
3.30861976600593,-1.98969572112366,37.0401993174978,41838.999
3.30271946359138,-1.99070317930912,37.0564460526242,41848.343
3.29686908729748,-1.98909839171902,37.1404733386507,41857.718
3.29092538929488,-1.98992793969975,37.1914401012157,41867.077
3.28408749799667,-1.98856129806944,37.2465098515056,41876.468
3.27692177092229,-1.98941293649291,37.308558174874,41885.812
3.26943465050151,-1.98793331295168,37.3717796662151,41895.249
3.26143227333324,-1.99076403985518,37.4324022968548,41904.749
3.25307510346919,-1.98716975647638,37.5104047614451,41914.202
3.24404402875188,-1.99051718934963,37.566655544017,41923.718
3.23436825692083,-1.98858017760901,37.6449689535197,41933.234
3.22447308190987,-1.98742992760476,37.7020293252734,41942.796
3.21367405615286,-1.98819868354407,37.7693527302694,41952.312
3.20240331641072,-1.98669538013763,37.8419905474113,41961.859
3.19003339716119,-1.99137549132711,37.9111779200466,41971.405
3.17748824174018,-1.99020910038918,38.0008642415215,41980.968
3.16405365052777,-1.98825084005535,38.0233141287745,41990.468
3.14954140863391,-1.98640753523114,38.1168604948091,42000.062
3.13406137726245,-1.98911940606629,38.235299889138,42009.64
3.1176169369355,-1.98763268017627,38.2706456221816,42019.249
3.09970675530142,-1.98950943534165,38.3766248625262,42028.952
3.08081621619692,-1.99064971187824,38.4748429994741,42038.593
3.06056538373623,-1.99043171666625,38.5575909979057,42048.218
3.03893225262601,-1.98659021962334,38.6727148616779,42057.827
3.01491050305352,-1.99247677677567,38.7701229656285,42067.499
2.98897532388821,-1.98767475194221,38.8563308912948,42077.171
2.96012777140061,-1.99070390299156,38.9631973835337,42086.796
2.9281941105209,-1.98958483527688,39.0548014854033,42096.484
2.89363625624391,-1.9883245292312,39.1758377370885,42106.093
2.85604127102416,-1.98725163916015,39.3181398294023,42115.702
2.81473033870902,-1.98859184580981,39.4713426675578,42125.359
2.76704505255677,-1.98613913686643,39.6211149985381,42134.999
2.70889517600199,-1.9879873029481,39.7455243218155,42144.687
2.63322158927699,-1.98494223480491,39.9310845483971,42154.405
2.53037527895389,-1.98979999038016,40.0854272910634,42164.046
2.38384728078457,-1.98761778527663,40.3317355451558,42173.687
2.18436378095292,-1.99110472991561,40.5775261014646,42183.327
2.82963239149887,-0.00336039680029052,40.7682943453402,42193.03
2.94263300481167,0.000747934358583939,40.7780246115985,42202.827
3.01224322836678,-0.00379330267360407,40.7075435480298,42212.593
3.0675707663498,-0.00276386917276004,40.6020268459776,42222.374
3.11513076537606,-0.00219799476437584,40.4782834602936,42232.155
3.15570433789851,-0.00139777584146835,40.3240762960049,42241.984
3.18923286402882,-0.000696255906495709,40.1827150954157,42251.765
3.21803651976681,-0.00186336173114547,40.0375147560824,42261.577
3.24268034115674,-0.00242958084478297,39.8584369480808,42271.437
3.26406121724354,-0.00426585562858357,39.7350063074523,42281.202
3.28333018431342,-0.00334947911976252,39.5572165870609,42290.984
3.30039439804918,0.000201380039569543,39.3838791938741,42300.796
3.31609949645008,-0.000135299069392344,39.2025946219271,42310.546
3.64552309203527,-0.0044490777179503,26.1742619249154,42311.546
3.44622125982158,-2.25611603076772,26.1768196417845,42314.046
3.7642867054105,1.49237437050419,26.1883791915054,42316.733
3.77524465252715,1.49151385807571,26.1858707925268,42319.264
3.78295116170724,1.49320749849682,26.1709531736079,42321.733
3.78923856499829,1.48903662865515,26.1594413975571,42324.233
3.7947702471072,1.48844803358582,26.1493817328667,42326.702
3.79942115253162,1.49396467880032,26.1287408773995,42329.171
3.80379254737078,1.49413650926933,26.1048742407085,42331.702
3.80756018520378,1.4873216158447,26.0910833654373,42334.218
3.81162806780855,1.48968714018878,26.0776849966808,42336.749
3.81479661091616,1.49033786283701,26.0707888921923,42339.264
3.81819133112571,1.49250773594592,26.0664742469687,42341.796
3.82121549159793,1.49117700921547,26.0517819277234,42344.311
3.82374615427392,1.49197211805758,26.0405226651522,42346.843
3.82602750476523,1.49500907743131,26.0322110067275,42349.358
3.82798446557478,1.49167892406237,26.016906349014,42351.874
3.82990787274938,1.4879866445638,26.0124663023374,42354.343
3.83183331295137,1.48863474388019,25.9942060516481,42356.827
3.83382011391114,1.49133948195819,25.9734605303015,42359.28
3.8352525363906,1.48878133093167,25.9628753973813,42361.764
3.83658043341983,1.48927436951158,25.9576245344274,42364.233
3.83793576199231,1.48968728760004,25.945593040468,42366.749
3.83940169488864,1.49015944336527,25.9342088652561,42369.28
3.84062444783727,1.49195573802735,25.9169034213146,42371.796
3.8419107290393,1.49172389282984,25.912597303479,42374.327
3.84288947313066,1.48988363211828,25.9056364516558,42376.796
3.84387828538609,1.49131186568283,25.8959033593494,42379.264
3.84475081175976,1.49377715512168,25.8879327671089,42381.733
3.84596639139934,1.48939322345319,25.889082438932,42384.249
3.84683726325597,1.48881218268769,25.8758886805737,42386.78
3.84788581338056,1.49337730008667,25.880216568622,42389.296
3.84837420810431,1.49131070221893,25.8807811075655,42391.811
3.84959446454719,1.49132567520717,25.8744841120863,42394.343
3.85037145804251,1.48946335163779,25.86371494229,42396.858
3.85101926867506,1.4911468018552,25.8546092664614,42399.389
3.85190585350958,1.49039463358983,25.8429825858932,42401.905
3.85253101217853,1.48992916397469,25.8348535660205,42404.405
3.85344661014598,1.48986294639756,25.8256403928386,42406.874
3.85432710540082,1.49290711529968,25.8220768685571,42409.343
3.85472481226407,1.49310047784631,25.8179266763607,42411.811
3.85572810577684,1.49042596865443,25.8087737124489,42414.327
3.85638952314303,1.49397586597348,25.8080106855893,42416.858
3.85726636719043,1.48883815468417,25.8175328135136,42419.374
3.85790575101083,1.49183824015533,25.8052326442968,42421.905
3.85883293164258,1.48858862600635,25.786822389575,42424.421
3.85937143349731,1.49357019094465,25.7874646974981,42426.936
3.85989792899911,1.49125279207667,25.7877392488429,42429.468
3.86072049241996,1.48808136036586,25.7783301755107,42432.046
3.86164017691579,1.4915296035965,25.7684301149438,42434.514
3.86251147140999,1.48987140487837,25.7681657074209,42436.999
3.86300873921931,1.4924158982715,25.7546758289221,42439.452
3.86372212380856,1.49134832095275,25.7413204398607,42441.936
3.86448563051435,1.49016285178553,25.7438352256408,42444.405
3.86508444670221,1.48885569440717,25.7491779421164,42446.921
3.86531631690525,1.49701847073512,25.737511677982,42449.452
3.86639638933434,1.4911392212444,25.7339394734595,42451.968
3.867271735964,1.49024131416306,25.7356739366277,42454.499
3.86771633553797,1.49172604701804,25.7276659178303,42457.014
3.86850021184984,1.48873645758761,25.7297703388683,42459.53
3.86946713455131,1.48826850125982,25.7166015893458,42462.093
3.86999684040841,1.49158786253794,25.7145876455436,42464.577
3.87058065483469,1.49269045917141,25.7168921912436,42467.061
3.87115791838739,1.48905893781055,25.7214526975913,42469.53
3.87173035672108,1.49105526999187,25.7082235871478,42472.046
3.87251597989368,1.49086367779104,25.7013480355347,42474.577
3.87306493965796,1.49367768894891,25.7088311589898,42477.093
3.87387560817621,1.49191567147129,25.692069956627,42479.608
3.87444209841115,1.49418946358588,25.6888586967369,42482.171
3.87487029075666,1.49374904938449,25.6818050415243,42484.655
3.8756203559821,1.4906239372402,25.6813661504623,42487.124
3.87636298862618,1.48945068311494,25.6871838565387,42489.593
3.87709869714867,1.48907447379801,25.6848007754022,42492.061
3.87788092224502,1.49162756479766,25.677194846729,42494.577
3.87843616573847,1.4946056564397,25.6725983417322,42497.108
3.87915946862359,1.49114206291488,25.6756246628255,42499.624
3.87954484532265,1.49065599701598,25.6706382312548,42502.155
3.88025984815406,1.49091774981587,25.6680117545914,42504.671
3.88076463161809,1.48948348063024,25.6612877459846,42507.186
3.88149541339103,1.49090654423411,25.659447685276,42509.718
3.88238880520799,1.49237261005233,25.6453826866472,42512.233
3.88283563860424,1.48828193498712,25.6533597794643,42514.764
3.88348088490245,1.49081093940362,25.6468201287167,42517.311
3.88422698151549,1.49237037965139,25.6433954361633,42519.796
3.88481181783794,1.48869353462173,25.6395765261313,42522.249
3.88506405098115,1.48751895321304,25.6385236421812,42524.718
3.88578108913978,1.49011008662341,25.6310232523597,42527.249
3.88652131630338,1.49135545096962,25.625988152486,42529.764
3.8873073108959,1.48860882713684,25.621002188525,42532.296
3.88764190432919,1.49361627196452,25.6230835064312,42534.811
3.88854580117922,1.49053657777891,25.6170619700986,42537.343
3.88917251972279,1.49055417251132,25.6190947001941,42539.858
3.88954212807373,1.48865857899567,25.6183268269512,42542.374
3.890163126328,1.49055097813196,25.6183498580955,42544.905
3.89069703724039,1.48965478908271,25.6120196750077,42547.421
3.89155012188832,1.48804942290471,25.6108890526092,42549.952
3.89219503703291,1.48975492391181,25.6107505868276,42552.468
3.89255006519942,1.49027671041207,25.6001024747795,42554.999
3.89306461082437,1.4919821989261,25.5988788807366,42557.514
3.89375993606971,1.49017786823326,25.6030797661118,42560.03
3.89451570151169,1.49194869540033,25.6062906182325,42562.624
3.89514615255095,1.48979099152585,25.6077780602426,42565.093
3.8953690807071,1.48992772117463,25.604570967041,42567.561
3.89593816416603,1.49072322631972,25.6017365820703,42570.03
3.89686764860472,1.49312925430782,25.5846639019498,42572.514
3.89746664592288,1.49100727820243,25.5986825307514,42575.03
3.89787236997055,1.49348924473333,25.5959407789655,42577.546
3.89856215822923,1.49059249540238,25.594023694113,42580.077
3.89903570678368,1.4903353946395,25.5834875855675,42582.593
3.89953212734659,1.49278621388942,25.578850490676,42585.124
3.90023926546435,1.48934132797442,25.576547184159,42587.639
3.90072256031573,1.49209440274446,25.5721236626616,42590.171
3.90129768817812,1.49263662429366,25.5760787403174,42592.686
3.90176483253135,1.49006132870574,25.5763757974698,42595.202
3.90229848281118,1.49056102015481,25.5775065261948,42597.733
3.90304987898471,1.48940060407897,25.5783041119498,42600.249
3.90388191685722,1.49024627240242,25.5731766055215,42602.78
3.90397637966706,1.4915297430241,25.5607937625941,42605.296
3.90464373220849,1.49109730661525,25.5562523036992,42607.827
3.90530724525791,1.49018365592135,25.5564911702574,42610.28
3.9055422541109,1.48928561939718,25.5556781903571,42612.749
3.90626748444339,1.49331848510802,25.5585697507762,42615.218
3.90685273028174,1.48990827553709,25.559003809763,42617.749
3.90742336407431,1.48897629956702,25.5583466637661,42620.264
3.90786249635832,1.49251347290738,25.556533984576,42622.78
3.9084247810952,1.49076952484836,25.551091987988,42625.311
3.90896319988289,1.48991998977942,25.5486489022099,42627.827
3.90954717688354,1.49044211241062,25.5508409510983,42630.358
3.90994717945197,1.49079411482087,25.5474520248464,42632.874
3.91066814039485,1.4919523118578,25.5457945806834,42635.405
3.91103704806391,1.49025982608044,25.5376061519064,42637.921
3.91155884588266,1.49236612820655,25.5325701102603,42640.436
3.91224920345855,1.4900153978984,25.5344590826374,42642.999
3.91249132349689,1.4920834015812,25.5290021748731,42645.53
3.9131535650585,1.48906139754201,25.5276673084464,42648.046
3.91393434400147,1.48647581478469,25.5259898600546,42650.561
3.91389788227031,1.48960541037545,25.5311495438262,42653.093
3.91479601344259,1.48926874148186,25.5259679000435,42655.608
3.91497059755995,1.49321477688798,25.5275450318584,42658.139
3.91594821122652,1.49130236733472,25.5247884758777,42660.655
3.91665124371016,1.49342572894834,25.5355047817248,42663.124
3.91648265074449,1.49301508888354,25.5329430038418,42665.593
3.91684142780992,1.49160693634343,25.5393496729263,42668.124
3.91748901175847,1.49133379386239,25.5272321690597,42670.655
3.91811562496265,1.4897970852524,25.5312005355248,42673.171
3.9184928437351,1.49002680003846,25.5319229609026,42675.686
3.91873248495931,1.49158300786082,25.5334365350045,42678.218
3.91965650941085,1.49208643137758,25.5324992291903,42680.733
3.92019218756001,1.49192966572357,25.5299981596858,42683.264
3.92042136020883,1.48801291096312,25.526297276312,42685.78
3.92099024793182,1.49289021576267,25.5250693115481,42688.296
3.92113600436615,1.49301028579449,25.5298018528819,42690.827
3.92157922813735,1.49227658510749,25.5316398365253,42693.343
3.92209050374018,1.49197812412917,25.5242591281158,42695.874
3.92263945485855,1.49174577390011,25.5309339584916,42698.389
3.92300574297063,1.49344649287644,25.5134335640939,42700.921
3.92378707013087,1.48828012386606,25.5126411687478,42703.436
3.92376552540415,1.49092305529308,25.5042456981238,42705.968
3.92437308166501,1.4879950270505,25.5038129555469,42708.483
3.92487168975631,1.4926498832328,25.5043038083281,42710.999
3.92503374766642,1.48964575753363,25.5004923682235,42713.53
3.92573887851936,1.49078279895585,25.5052070685821,42716.046
3.92592999781124,1.4905684817158,25.507411826703,42718.577
3.92637792243289,1.49136260013613,25.5106284615784,42721.093
3.92686457924998,1.49026167045591,25.5047916638627,42723.686
3.9272585893285,1.49054921712715,25.5046325315607,42726.171
3.92765219201282,1.49108205804613,25.5041508493611,42728.639
3.92781124869379,1.49096025609609,25.4999886990136,42731.171
3.92857070926321,1.49016487537159,25.500452311036,42733.639
3.92885225877917,1.49083969547614,25.497313794364,42736.124
3.92925565950397,1.49275894351728,25.4908995131299,42738.593
3.92935272745173,1.49176741733915,25.493271902314,42741.061
3.92980634564263,1.49166253251632,25.4997826098503,42743.53
3.9303105282365,1.49277408942581,25.4996952939574,42746.061
3.93085319644135,1.48968401119759,25.5007282648355,42748.577
3.93094172993693,1.49257796078645,25.4948439870103,42751.108
3.93151870384802,1.4912904371599,25.4988024216517,42753.624
3.93184118548687,1.49039045835038,25.4894628739087,42756.155
3.93221884764924,1.49098371179457,25.488868280797,42758.671
3.93261077613252,1.49248698582273,25.4915157588097,42761.186
3.93292936203377,1.49062888080717,25.491180186968,42763.718
3.9333332519731,1.49001203543159,25.4952463762321,42766.233
3.93363252281787,1.48795757265624,25.4893822535146,42768.764
3.93390444313981,1.49312697251269,25.4964595474228,42771.28
3.93439156187571,1.49093454633128,25.498752610398,42773.811
3.93463528210854,1.48982570000952,25.4976036053427,42776.327
3.93484175130678,1.49072235354655,25.4929578814006,42778.843
3.93570447324341,1.4927212751738,25.4935942342014,42781.374
3.93574415344537,1.49263094171721,25.489038455819,42783.889
3.93630439532775,1.49047887542276,25.4945010721918,42786.421
3.93648327450211,1.49029020889494,25.4955372524134,42788.936
3.93697215562531,1.49173752993616,25.4976661640459,42791.468
3.93715880623582,1.49056197500073,25.4965899178714,42793.983
3.93745985870759,1.49141940190264,25.4869873273356,42796.452
3.93787677513437,1.48993241880812,25.4869932875807,42798.921
3.93805119794706,1.49109375002515,25.4871037401176,42801.389
3.93854328434179,1.49288561755572,25.4865127395124,42803.874
3.93887388280127,1.49403969850278,25.4931819605397,42806.343
3.93925350904571,1.49249987115075,25.4861407410763,42808.858
3.93963898698869,1.49126172477043,25.4903297223954,42811.421
3.93994243542154,1.49133374589102,25.4883374824688,42813.889
3.94029282594224,1.49119443406676,25.4886463428616,42816.374
3.94080755338471,1.49238664417255,25.4899126684042,42818.874
3.94069359175844,1.49337957687477,25.4972661627976,42821.405
3.94111244821175,1.49174090250666,25.4890168196014,42823.921
3.94134039097219,1.49240824602671,25.4889268592608,42826.436
3.94154734535684,1.49001795782304,25.4872217460787,42828.968
3.94213612861363,1.4905115104314,25.4908570556505,42831.483
3.94236143633387,1.49151381613647,25.4932287342678,42834.014
3.94272590998734,1.49084797697293,25.494853007339,42836.53
3.94282753729094,1.49067672203173,25.493239604963,42839.061
3.94322086328799,1.49049529684518,25.4946944047703,42841.577
3.94351113998126,1.49007096595521,25.4940336328493,42844.108
3.9437268232595,1.49161126377847,25.4935087714023,42846.624
3.94432451487144,1.49076522041906,25.485873015466,42849.155
3.94458002371703,1.49191641852458,25.4972900308783,42851.671
3.94478347181554,1.49196069612977,25.4996262370072,42854.233
3.94521299648589,1.49124923525738,25.4999115252193,42856.702
3.94534596330774,1.48971932060285,25.5020290839633,42859.186
3.94567473962557,1.49138034749374,25.495390381013,42861.702
3.94576390405217,1.49412915346398,25.4929499217899,42864.233
3.94611094845334,1.49201716510261,25.4927417966735,42866.749
3.9466479534753,1.49179222659194,25.5023733411083,42869.28
3.94696960543107,1.49190035360234,25.4984813993928,42871.796
3.94697275128677,1.49040215358202,25.4925751748638,42874.327
3.94740605923929,1.48928274138381,25.4909537082413,42876.843
3.94775841292639,1.48957303692277,25.4934240818658,42879.374
3.94800796244547,1.4935961884883,25.4858360576651,42881.889
3.9481772872738,1.49041785717085,25.4934256042803,42884.421
3.94852757640007,1.49706547945408,25.4901743574838,42886.936
3.94855720630408,1.4914368619628,25.4853399784048,42889.452
3.94891499561166,1.48979393238495,25.4935298145446,42891.983
3.94958422668515,1.48645368427422,25.4946750272788,42894.499
3.94976419631674,1.49396248714886,25.4998910278791,42897.03
3.9498046936784,1.48984871393417,25.4949752023313,42899.546
3.95010182499155,1.49259821531129,25.5011421562615,42902.077
3.95039080960323,1.49319135871722,25.5060445836395,42904.593
3.95083843700509,1.49236849326384,25.4992356999375,42907.124
3.95081761714016,1.4882089412876,25.5019348831811,42909.639
3.95119270860337,1.49057713455555,25.4995238624098,42912.155
3.95166329164127,1.49169833243101,25.5057231668752,42914.686
3.9519111547178,1.49005429898932,25.5142596178636,42917.202
3.95235383819402,1.48926718335482,25.5110340438484,42919.733
3.95236423565719,1.49316049433624,25.5092763292786,42922.186
3.95299726494513,1.48971718336031,25.5069765616838,42924.671
3.95313721853353,1.48670492585774,25.5047263466666,42927.139
3.95311502912233,1.49439503539397,25.5075208507842,42929.608
3.95319458880707,1.48388897307073,25.4984199718449,42932.077
3.95380035230043,1.49273137655348,25.4991838292191,42934.608
3.95407552220948,1.49042291270615,25.5027469073376,42937.124
3.95428020254473,1.4904496464472,25.5017570964182,42939.655
3.95453485113597,1.4950210449262,25.5040136100903,42942.124
3.95481834794525,1.49340682350353,25.51206219716,42944.577
3.95473224598525,1.49131991781203,25.5075264661265,42947.046
3.95504920021719,1.49268299308195,25.5060418591375,42949.53
3.95551769469518,1.49263149044126,25.5103928517171,42952.046
3.95579301347028,1.49116168607569,25.50967615352,42954.561
3.95616563314501,1.49207430840193,25.5070368208628,42957.077
3.956179113621,1.49269959928987,25.5076523219568,42959.608
3.95669965850749,1.49082784539976,25.5124901311972,42962.124
3.95685731389261,1.48916659542942,25.5141102464224,42964.655
3.95720509616795,1.49261663962791,25.5147007741666,42967.171
3.95708228539184,1.49033478550823,25.5112769139496,42969.702
3.95760422969373,1.49343566596656,25.5156950191144,42972.218
3.95773719436651,1.49189598775475,25.5161301967708,42974.749
3.95823231209005,1.49151346216905,25.5100843088023,42977.264
3.95864752666791,1.49494261883362,25.5165634488481,42979.796
3.95834909820307,1.49034376187495,25.5161009537469,42982.311
3.9590357181585,1.49249848624317,25.5264328528127,42984.843
3.95930637597004,1.49107813192986,25.5232129045242,42987.358
3.95939616175837,1.49465444421788,25.5326078543257,42989.889
3.95950129998349,1.49196497068949,25.5300202978518,42992.405
3.96001336347978,1.49255187711342,25.527270682775,42994.936
3.95989120147943,1.48856438573153,25.5337207886649,42997.452
3.96044866583995,1.48810610324671,25.5306147290605,42999.968
3.96079719502173,1.48950148357129,25.5278837357515,43002.499
3.9610809287642,1.49207555257716,25.5283272847701,43005.014
3.96121878018202,1.49335387590357,25.5267378185541,43007.546
3.96140477843668,1.49033984536292,25.5234369276632,43010.061
3.96182342047951,1.4903845034005,25.527667352461,43012.577
3.96206359921949,1.49188334846896,25.5253669217584,43015.139
3.96256388322295,1.49142523547362,25.5338678997497,43017.655
3.96220161564427,1.49273743221648,25.5370958997613,43020.186
3.96271487645579,1.49422113153965,25.5375282435633,43022.702
3.96291229887329,1.48807531709805,25.5404552512598,43025.233
3.96310286627557,1.49306748049482,25.5372899971035,43027.749
3.96372378675693,1.49441643122703,25.5416026826677,43030.28
3.96380853002563,1.48966208968263,25.5500009419786,43032.796
3.96414146454564,1.4883653895691,25.5517400246938,43035.311
3.96427312309584,1.49315658648276,25.5526806645824,43037.843
3.96446016091175,1.48864443572003,25.5561274096145,43040.358
3.96497239523005,1.48875593113138,25.5557704892587,43042.843
3.96508249756053,1.49488028688562,25.5559885183304,43045.311
3.96544704414189,1.48792266091063,25.5615075076847,43047.796
3.96543490845887,1.49085527857329,25.5589604944969,43050.311
3.96590458910752,1.4912574751973,25.5563302297265,43052.843
3.96600679473125,1.49339685449518,25.5643984341253,43055.358
3.96588144137255,1.49256444057199,25.5649004137228,43057.874
3.96662935834672,1.48939932047181,25.5590339441553,43060.405
3.96673980081248,1.48914638523955,25.5539554369466,43062.921
3.96695564229142,1.49278537877173,25.5564282426958,43065.452
3.96733584132763,1.49291811774316,25.5635654817294,43067.968
3.96781580107626,1.48732822184132,25.5610662700642,43070.499
3.96789229529005,1.49185277192967,25.5704074565727,43073.014
3.96784275122933,1.48535077805093,25.5742989275353,43075.577
3.96802452041217,1.48943705864406,25.5747749805659,43078.093
3.96835798983858,1.49182970270088,25.5737880042113,43080.624
3.96905172949322,1.49313118140703,25.5717162181572,43083.139
3.96902183211753,1.49403555588784,25.5792834504097,43085.671
3.96921689651941,1.49167888841253,25.5838965528143,43088.186
3.96969486841828,1.49367054160983,25.5795030753738,43090.718
3.96985562493031,1.49098578171037,25.5735005152126,43093.233
3.97005552447441,1.48964349485888,25.5878080020845,43095.749
3.97024273003835,1.49164526686422,25.5937512845766,43098.28
3.9707746071463,1.49187156091075,25.5975042424481,43100.796
3.97114374835047,1.49551264979967,25.5938611268933,43103.327
3.97099097603523,1.49101794724621,25.5971491206009,43105.843
3.97150356690622,1.49252255887402,25.5939537588165,43108.374
3.97164694482337,1.48816122898378,25.599765646968,43110.889
3.97178522645838,1.49161818706713,25.5970850591667,43113.405
3.97195975671124,1.49189599801807,25.6016789184231,43115.936
3.97255229785085,1.49134192160637,25.5998104770264,43118.452
3.97292824361042,1.49045245576503,25.6040512817292,43120.983
3.97285715268339,1.49208250111236,25.6068428577609,43123.499
3.97332518564007,1.49053282297933,25.6050007498001,43126.014
3.97393718551958,1.49106270797315,25.6101346623213,43128.546
3.97380485879804,1.48922879752669,25.6161537100451,43131.014
3.9741529625659,1.49059432560964,25.6082000081759,43133.561
3.97455237530544,1.49097320037904,25.6128413221104,43136.061
3.97452508485216,1.4912501206739,25.617707345026,43138.53
3.97474704815469,1.48998479288768,25.6258241876973,43140.999
3.97472312395081,1.48899670919705,25.6336619552048,43143.514
3.97528284524449,1.49161351974806,25.6331501048972,43146.046
3.97574942337051,1.48906013609414,25.633960425999,43148.514
3.97587012854069,1.49232078315536,25.6395770096394,43150.983
3.97591740307133,1.49146709259021,25.6394336563292,43153.452
3.97638245816155,1.49247584727097,25.6386104583334,43155.921
3.97645431585446,1.4905460070612,25.6412995736815,43158.405
3.97650968283936,1.48967069955746,25.6396304896739,43160.921
3.97711130132484,1.49500513024286,25.6453833481693,43163.452
3.97715274592432,1.49084024888456,25.6506459509134,43165.968
3.977514575652,1.49112360093506,25.6601771152555,43168.499
3.97769566975493,1.4901881964102,25.6622045179443,43171.014
3.97809951793976,1.49145612864735,25.6570241686669,43173.546
3.97838691973199,1.49103693133031,25.6601117937736,43176.061
3.97850167939504,1.49161798692524,25.6648003645972,43178.593
3.97913603067582,1.49226656638668,25.6661475076934,43181.108
3.9794017420233,1.49101618239917,25.6605329180467,43183.639
3.97928871133715,1.48945267458694,25.6621971432255,43186.155
3.97977139805114,1.49396028453792,25.6686906283527,43188.671
3.97986935898377,1.49243738773092,25.6700463802287,43191.202
3.98011775456053,1.49165110442183,25.6693754096693,43193.718
3.98047245804669,1.49126403728067,25.6767553215502,43196.249
3.98017837087049,1.49347358055739,25.6666918479648,43198.764
3.98067425933889,1.48895666047135,25.6652586835676,43201.28
3.98107553642481,1.49234516645783,25.6669192528529,43203.811
3.98143860767829,1.4899693733493,25.6814615271546,43206.327
3.98168610200046,1.49279500939282,25.684195388514,43208.858
3.98187595410425,1.49169479698275,25.6860996928312,43211.311
3.98211088101021,1.49196205222675,25.6839182222153,43213.796
3.98218467817123,1.49120255163547,25.679173182904,43216.264
3.98253192652043,1.49163875888972,25.6799993276441,43218.733
3.9828104118784,1.49238738691332,25.6783813029087,43221.202
3.98300215043452,1.49039319184215,25.6752740879985,43223.718
3.9832216553979,1.48941945393141,25.6719562664433,43226.249
3.98375324154053,1.48937486714451,25.6757482737492,43228.764
3.98389267943818,1.48796928298246,25.6890777606997,43231.296
3.98366850393524,1.49067972120482,25.6953182712326,43233.811
3.98423722986783,1.49110566483168,25.6959002460114,43236.343
3.98469805773371,1.49008717611258,25.6928220772821,43238.827
3.98484626328494,1.49130467544636,25.6953176491447,43241.327
3.98494340041155,1.4901403353934,25.7074933633633,43243.796
3.98519968358709,1.49343365816649,25.7100198815691,43246.264
3.98558535180288,1.49097421237485,25.705100043547,43248.733
3.98567589042713,1.48999332801346,25.7050336922523,43251.218
3.98591633157008,1.49225378007779,25.7151154895944,43253.671
3.9863450631417,1.49146546493442,25.7118591368972,43256.202
3.98651599408538,1.49197885593123,25.7180810820265,43258.718
3.9867612489869,1.49353775623481,25.7130357524009,43261.249
3.98705013032163,1.49046752955111,25.7128944836925,43263.764
3.98725750119165,1.48620571620479,25.7141037383579,43266.296
3.98720922557232,1.48977318763083,25.7186027160099,43268.811
3.98776559761341,1.49163712909981,25.725171774167,43271.343
3.9879746523717,1.49250485002431,25.7320963346192,43273.858
3.98820989730084,1.49274853228849,25.7406565328771,43276.374
3.98869569775818,1.49318931728002,25.7447458382244,43278.905
3.98869550131815,1.49007598680409,25.7457384311405,43281.421
3.98906427074899,1.49278645119226,25.7446777558441,43283.952
3.9893048717485,1.49162240454918,25.7522248584338,43286.468
3.989474161825,1.49150953127308,25.7553386248421,43288.999
3.98972577979835,1.49089772452626,25.7551068833169,43291.514
3.99007049787652,1.4887155113471,25.7580948563824,43294.046
3.99058344012685,1.49341954885547,25.7504753401948,43296.561
3.99057637501731,1.48968767183211,25.7563802861396,43299.077
3.99071613522456,1.49248272544315,25.7580213014557,43301.608
3.9910972702139,1.48843467740684,25.7584869591575,43304.124
3.99129472809068,1.48747842187582,25.7583222804172,43306.686
3.99149851047013,1.49180869246153,25.7638339376427,43309.202
3.99192157034089,1.49136252132525,25.7804518034749,43311.733
3.99179882909167,1.49213030134806,25.7789571619269,43314.249
3.99236173968389,1.49345331786092,25.7914003402462,43316.78
3.99255521136156,1.49133812152413,25.7931639406832,43319.296
3.99267411059423,1.49100331212847,25.7935502382571,43321.811
3.99307092526784,1.4935292576664,25.7914724866254,43324.343
3.99300111887959,1.49091087202457,25.7958026762061,43326.889
3.99314777332982,1.49161795867364,25.7936002309737,43329.389
3.99365684199591,1.49130505458932,25.799800629377,43331.874
3.99393868803355,1.4921169472696,25.809048469566,43334.343
3.99403350170854,1.49052244658412,25.812845475269,43336.811
3.99450011248886,1.49090992396677,25.8133494469332,43339.405
3.99488747783723,1.48995467605779,25.8130800780952,43341.921
3.99477832245307,1.49116235280167,25.8206477428782,43344.452
3.99503600811557,1.49287913921543,25.8209016557826,43346.968
3.99547414875322,1.49221336869761,25.8317912535968,43349.483
3.99558586486997,1.49198023284057,25.8200973851176,43352.014
3.99574622106843,1.48992173649438,25.8282702804113,43354.53
3.99623154308756,1.49128822538372,25.8327965290162,43357.061
3.99633853539534,1.49210528392901,25.8357161756885,43359.577
3.99663766735088,1.48926483576699,25.839488295196,43362.108
3.99675830116151,1.49306659826694,25.8324755193915,43364.624
3.99680951085443,1.49201802612535,25.8388770964002,43367.155
3.99704695021352,1.49318700316092,25.8354562530137,43369.671
3.997363055366,1.49305032310041,25.8348443208749,43372.202
3.99767442871015,1.4893012407938,25.838790838921,43374.718
3.99813692755231,1.48810653892572,25.8433722418807,43377.233
3.99835716257532,1.49238412228447,25.8472887087922,43379.733
3.99853331453952,1.4923392739117,25.8493333630831,43382.327
3.99892102417207,1.4894431561334,25.8486834988437,43384.796
3.99880338149218,1.49198429951522,25.8538814006304,43387.28
3.99934542868657,1.49121055002567,25.8546860539781,43389.749
3.99939268319666,1.49358017774336,25.8576194894454,43392.233
3.99952379148631,1.49273290083822,25.8549959642333,43394.702
3.99984951282876,1.49056854552196,25.8637951712503,43397.171
4.00028303556292,1.49189440576,25.8725132498879,43399.639
4.00042006210358,1.49014280144191,25.8762746545767,43402.108
4.00048126581502,1.48982109103273,25.8744648398236,43404.577
4.00084654573308,1.48990920605939,25.8831098158503,43407.108
4.00118576673407,1.48737016325008,25.8894845476667,43409.624
4.00114334777804,1.48940389632179,25.8835899577855,43412.155
4.00116538487305,1.49200713779847,25.8900687059827,43414.671
4.00172607237183,1.49038616206776,25.8895396206193,43417.202
4.00184856219872,1.48914822460214,25.8808985577523,43419.718
4.00231031126567,1.48829455624079,25.893566725071,43422.249
4.00260500854066,1.49303403195486,25.8953140041335,43424.764
4.00278929966999,1.49019840841538,25.9016537020075,43427.296
4.00297818217909,1.49102630137873,25.9048743868827,43429.811
4.0033736478761,1.4913534252636,25.9123673343417,43432.343
4.00360896430838,1.49269325860271,25.9108787672369,43434.858
4.00363769080637,1.49125273583767,25.9203694690371,43437.374
4.00380975285294,1.49344794963183,25.9170302509072,43439.905
4.00412726139224,1.48986842587104,25.9162375478227,43442.421
4.004370779665,1.49018228551772,25.9149602046465,43444.952
4.00482111012049,1.4901961782227,25.9319101933052,43447.468
4.00497686199878,1.48873150081069,25.9391280734219,43449.999
4.00518137484132,1.49123084099263,25.9448502917097,43452.514
4.00529863223042,1.49035417392521,25.9452776458262,43455.03
4.00539526651556,1.49080281283042,25.9607222087602,43457.593
4.00594016380144,1.48948634679826,25.9627165140151,43460.108
4.00599448430463,1.48747297516495,25.9623293984477,43462.639
4.00646893382949,1.49037366248212,25.9670301371699,43465.155
4.00630660431312,1.49185445893347,25.9713583295627,43467.686
4.00678185096155,1.49314532595889,25.9708884822528,43470.202
4.00698769274478,1.49224998237305,25.9737156820786,43472.671
4.00737225126004,1.49183037269685,25.971563828333,43475.186
4.00784167503599,1.49242989495607,25.9778488088261,43477.655
4.00790631718057,1.4923635008588,25.9779494135441,43480.139
4.00794594932914,1.49130860861328,25.9830202788349,43482.608
4.00843749227612,1.48854241267534,25.9864829860205,43485.124
4.00866597454637,1.49345676492991,25.9919404647164,43487.593
4.00874487659347,1.49270856440441,25.9865551541893,43490.124
4.00899169004812,1.49114816689414,25.9828769807312,43492.639
4.00931299398953,1.49200022841756,25.997155673218,43495.171
4.00941010591774,1.49065160684255,26.0042041510681,43497.686
4.00969680536264,1.48887853398457,25.9992901269263,43500.218
4.01035239558085,1.49091916195173,26.0014664050158,43502.733
4.0105563859147,1.49064984128392,25.998663719882,43505.264
4.01028956312356,1.48838318287525,25.9993289843222,43507.78
4.01081232308389,1.49023457442818,26.0017907126119,43510.311
4.01105660461184,1.49140065850125,26.0127579694591,43512.827
4.01131998691743,1.49426751091028,26.0203240127283,43515.358
4.01156806746007,1.48970022784466,26.0171967653325,43517.874
4.01159098780121,1.49320622670719,26.0272908587827,43520.389
4.0119431776769,1.49337209778172,26.0278809369127,43522.921
4.01198785996804,1.49127253519065,26.0272755687491,43525.436
4.01238079232254,1.48991800971365,26.0279503720689,43527.968
4.01265236610243,1.49011035354936,26.0261469822846,43530.483
4.01317830841983,1.49264760584283,26.0338209569719,43533.014
4.01340143609032,1.49353740441099,26.0445776148577,43535.53
4.0134032692654,1.48667354294704,26.0486921175526,43538.061
4.01389975538598,1.49636562088939,26.057594544994,43540.577
4.01384372857431,1.49413373903538,26.0673751889827,43543.108
4.01429605311264,1.48827853612816,26.0647411520466,43545.624
4.01463650439868,1.49030217305426,26.0589642736723,43548.171
4.01480354123943,1.49083255259548,26.0592058270547,43550.702
4.01469509363872,1.49143214362856,26.0598417150837,43553.218
4.01513582939505,1.48969147198547,26.0670822912444,43555.733
4.0155731941158,1.49269304439635,26.0664925756451,43558.264
4.01578841894852,1.49273417768922,26.0707010424602,43560.78
4.01596758304947,1.49286618137403,26.0835896966539,43563.311
4.01620482056052,1.49037267183387,26.0850469516814,43565.827
4.01668774630917,1.49136517273403,26.096379642492,43568.358
4.01683656309681,1.49229490750395,26.1037411824736,43570.936
4.01714631931946,1.49097443995196,26.103065756098,43573.436
4.01716622500085,1.49295614090277,26.1083391118822,43575.905
4.01751837554133,1.49098070521751,26.1036167208946,43578.374
4.01768045154379,1.48960508020112,26.1077329993973,43580.905
4.01785125248842,1.48840727346612,26.1109471741141,43583.421
4.01824177509775,1.48989308170674,26.122622279411,43585.952
4.01848310148741,1.49118198261443,26.125788478015,43588.468
4.01876655669928,1.48860269857135,26.1172514219266,43590.999
4.01875800346035,1.49198088221261,26.1300460946627,43593.514
4.01943125812772,1.49350866500748,26.1218705980635,43596.03
4.01960400000585,1.49195356536835,26.1295129922027,43598.561
4.01976704645445,1.49268673717533,26.1291517952091,43601.077
4.02011632414661,1.48951102299904,26.1295691259585,43603.608
4.02064989845765,1.49273556009826,26.1301901104868,43606.124
4.02037199329711,1.49078129495525,26.138586483687,43608.655
4.02082769951099,1.49129603843693,26.1477596772062,43611.171
4.02087151687362,1.491598417962,26.1540210905238,43613.702
4.02122452319541,1.49367545869634,26.1535832126518,43616.218
4.02155237132386,1.49193121460567,26.1636604349761,43618.733
4.02181094359942,1.49168177934921,26.1648712484445,43621.264
4.02207079074537,1.49190258046029,26.1635319880736,43623.78
4.02238071508183,1.49036340916153,26.1736607571188,43626.311
4.02260245361712,1.49169670665083,26.1723890968108,43628.827
4.02282698494348,1.49160977754429,26.1822421343738,43631.343
4.02321888288158,1.48981618017651,26.1823932133759,43633.874
4.02359221531644,1.49269683249678,26.1760105002683,43636.389
4.02378428591708,1.49142936404294,26.183437807336,43638.858
4.02404675148104,1.48904463284791,26.187894290179,43641.343
4.02430889501303,1.49190074680743,26.2011473890595,43643.796
4.02438154726917,1.49514422378018,26.1991845025078,43646.28
4.02462707771895,1.49328875197905,26.2011552582311,43648.749
4.02494722168977,1.48983611291628,26.2065026791498,43651.264
4.0250817079499,1.49146784675526,26.2065666227444,43653.796
4.02560782201421,1.49010684825043,26.21471666689,43656.311
4.02585663216633,1.49199431450194,26.2224157408193,43658.78
4.02623376936519,1.49260511107014,26.2183514395565,43661.28
4.02637819700087,1.49088417692969,26.2246936546035,43663.796
4.02633743838454,1.49065632176985,26.2310672453169,43666.311
4.02665412071063,1.49267289250835,26.2340044010391,43668.843
4.02693901508452,1.49011176497492,26.2408872796127,43671.358
4.0271360129589,1.48866463324883,26.2386332454215,43673.889
4.02734765507529,1.4934044099246,26.2470315699851,43676.405
4.02763682917414,1.49198977555499,26.255311298812,43678.936
4.02838110167427,1.49111191275549,26.2564695161097,43681.452
4.02848712562093,1.48955241672145,26.2618744341627,43683.968
4.02877294250572,1.49503922553923,26.2537664002136,43686.499
4.02888796303761,1.48888692451753,26.2617974939053,43689.014
4.02881639626752,1.49075133085199,26.2669581385247,43691.546
4.02972538429108,1.49153642277403,26.2746900924859,43694.061
4.02967212428341,1.49121155280589,26.2778841390023,43696.593
4.02996760482328,1.49064481424323,26.2701054428808,43699.108
4.02997524052589,1.49282635482201,26.2824882752757,43701.624
4.03027035317194,1.49139792811742,26.2931457746348,43704.155
4.03071515534062,1.49183150753215,26.2973771928821,43706.671
4.03116469147373,1.49415795392952,26.2941357921442,43709.202
4.0313009244456,1.49484198179537,26.2986950847274,43711.718
4.03184913632945,1.49377349672314,26.2867782773481,43714.233
4.03193658201067,1.49004517721276,26.2938043063833,43716.764
4.03225789624252,1.49204489978973,26.3067443267168,43719.28
4.03220967894346,1.49125803576596,26.3190185900598,43721.811
4.03260126692634,1.48981861339571,26.3146885337165,43724.264
4.03316720623801,1.49414212947216,26.3174167506949,43726.749
4.03330729938785,1.49280374784275,26.3196371929938,43729.218
4.0334666678069,1.49388146097083,26.3134972347396,43731.686
4.03408373258332,1.49118677735354,26.3140117467429,43734.155
4.03428925392714,1.49380369567844,26.3292721062011,43736.686
4.03446815905945,1.48841600587796,26.3288572407592,43739.202
4.03447082213293,1.49019262065245,26.3283733524958,43741.671
4.03490981161747,1.49117430681499,26.3378897927677,43744.139
4.03514957647583,1.49042700881947,26.346684927251,43746.639
4.03533902535553,1.49148946489519,26.353175704651,43749.155
4.0356671519219,1.49207738813292,26.3585515049136,43751.639
4.0359986954597,1.49165848101022,26.3555602415827,43754.108
4.03606895364949,1.49055553321622,26.3618948510086,43756.577
4.03680959591499,1.49007684785168,26.3599075106871,43759.061
4.03674759679093,1.48964216801389,26.3613739103785,43761.53
4.03722188688718,1.4918078896238,26.3693599547875,43764.046
4.03735766241085,1.49040303775111,26.3711681141383,43766.561
4.03781501810382,1.49075679776241,26.3682662944032,43769.093
4.03799387770927,1.49050522260129,26.3787418615826,43771.608
4.03807565654999,1.49116272489963,26.3933230319788,43774.139
4.03835033565702,1.49274051206639,26.3976039992049,43776.655
4.03857124114534,1.49071944650581,26.4007399285099,43779.186
4.03908227435439,1.49018282907093,26.4070008894808,43781.733
4.03938093634321,1.49292283244621,26.4060671831094,43784.249
4.03967209561739,1.49151592215999,26.4059390232986,43786.78
4.03983100847421,1.49100183178756,26.4068314602928,43789.296
4.04031930437719,1.48821663907576,26.4234909199496,43791.827
4.04004591997262,1.49030945136562,26.4168686018173,43794.343
4.04050217378299,1.49403760256905,26.4280234572268,43796.874
4.04104832128575,1.48852240430245,26.4237891873202,43799.389
4.04104522329951,1.49209112008857,26.4357664351663,43801.905
4.04160357041485,1.48773234171336,26.4432426948251,43804.436
4.04195919404763,1.49138207616479,26.4511120513184,43806.952
4.0421828915403,1.49062049886401,26.4512940475765,43809.483
4.04245556218492,1.48980293455145,26.4513865331992,43811.999
4.04285969309268,1.49082055344516,26.4617074879469,43814.53
4.04315263497814,1.49005893728929,26.4620661425814,43817.046
4.04336541915887,1.49055868444792,26.4605865860891,43819.546
4.04362688872238,1.49056650821924,26.4575396772975,43822.046
4.04405675994181,1.49006716001085,26.4597651739913,43824.561
4.04433154639249,1.49274180545118,26.4703361988414,43827.03
4.04432881750943,1.49266639562153,26.4762704917534,43829.514
4.04485526240457,1.48818377968347,26.4729845164929,43832.046
4.04518851385548,1.49223958600257,26.4747970098681,43834.561
4.04536906958322,1.49130640582819,26.4825518996269,43837.093
4.04570105320222,1.49197262568234,26.483161395022,43839.608
4.04624737397242,1.49341194108649,26.490542589189,43842.139
4.04615968349116,1.49090913724352,26.4938549115784,43844.655
4.04646021803039,1.49227085676925,26.5064107117986,43847.171
4.04685375772587,1.49105259992742,26.5148315837882,43849.702
4.04718778991237,1.49063893758266,26.5266789830886,43852.218
4.04758238498364,1.49234426483399,26.5130683193099,43854.749
4.04775345279332,1.49157127096103,26.5235955482345,43857.264
4.04817812601564,1.49268420369844,26.525788873414,43859.796
4.04829893014688,1.48920082483928,26.5293509152737,43862.311
4.0485486887377,1.49241948303625,26.5328771180643,43864.843
4.04888051686727,1.4911882195634,26.523760593123,43867.358
4.04916948585062,1.49080868407374,26.5164647163022,43869.874
4.04951452135679,1.49154357576018,26.5194022729336,43872.405
4.04979903048477,1.49290894464878,26.5265045677157,43874.921
4.0505069373475,1.48883856139307,26.5344879540008,43877.452
4.05048540188196,1.49018585132922,26.5411648216347,43879.968
4.0509129801278,1.49248568124928,26.5419634825034,43882.483
4.05110854815227,1.49358849385009,26.5583477057327,43885.014
4.05114808570458,1.49095509911389,26.5546275064598,43887.53
4.05166681763719,1.49171784508226,26.5523284063687,43890.061
4.05191796765285,1.49146724886897,26.5569977123533,43892.608
4.05243775165101,1.49267767774104,26.5636418134893,43895.139
4.05285439364766,1.49086753097641,26.5767313142395,43897.655
4.05280560202453,1.49163852012944,26.5791518456038,43900.155
4.05314743966352,1.49045600269182,26.5733230193675,43902.655
4.05361767837032,1.4921443309579,26.591013682568,43905.186
4.05389578393057,1.48983550909442,26.5934549404502,43907.702
4.05408781051156,1.49262426549679,26.5928586521686,43910.233
4.05429962942687,1.49171841886947,26.5938060146682,43912.749
4.05478818676851,1.49102809968237,26.5838747180315,43915.264
4.05486831745325,1.49102311853795,26.5960210747438,43917.796
4.05527432421592,1.49134822143221,26.5941135155588,43920.311
4.05545883191957,1.49032792350511,26.5977580111141,43922.843
4.05592132213651,1.48954845074066,26.6009581652258,43925.358
4.05649804543666,1.49268666264953,26.6074452797924,43927.889
4.0565554329417,1.48932668791393,26.6147392334881,43930.405
4.05673920973121,1.48919350784794,26.6127252551693,43932.952
4.05727302056574,1.49133540701764,26.6202682314652,43935.53
4.05749321441938,1.49110518514556,26.6243808705883,43938.03
4.05781360974586,1.48995105316242,26.6354966275347,43940.53
4.05808405989639,1.49254937843378,26.6521462101318,43943.03
4.05845255466862,1.49455456816284,26.652687777363,43945.561
4.05874019776803,1.4894041288604,26.6549068016561,43948.077
4.05911253527039,1.49157161401035,26.6677511754553,43950.608
4.05931123578827,1.49038387777355,26.6734709292437,43953.124
4.05983075053096,1.49153950645935,26.6730864918886,43955.655
4.05999728238412,1.49231338186477,26.6775673720604,43958.171
4.06018748268166,1.49056929394683,26.677928299031,43960.686
4.06069322444682,1.49069138325117,26.6750791407651,43963.218
4.06106338137254,1.49322533407782,26.6758928911014,43965.733
4.06116238433149,1.49110860853008,26.6868751200973,43968.264
4.06159886424803,1.49246417092926,26.6882014855563,43970.78
4.06210981872163,1.49124554655519,26.6937796866862,43973.311
4.06218548163519,1.48916517348357,26.7037757478875,43975.827
4.06276232285265,1.49079177725358,26.7109607029998,43978.358
4.06290562729922,1.49088156460068,26.7114037410591,43980.874
4.06350469045297,1.49328128596787,26.7213077089362,43983.405
4.06354607289583,1.48959708809019,26.7239970522081,43985.921
4.06380384763996,1.49054167079425,26.7246033506669,43988.436
4.06422165470343,1.49038532977379,26.731322521912,43990.968
4.06453161446001,1.49292222405432,26.7370064002654,43993.483
4.0649778609645,1.49339240150769,26.748441132569,43996.014
4.06518914488496,1.49214526341257,26.7459779707366,43998.53
4.06550228351017,1.49367042108967,26.75026037387,44001.046
4.06565951310352,1.49397938158439,26.7592170144433,44003.53
4.06611904924759,1.49262012327314,26.7621095371019,44006.061
4.06637314513571,1.4929069284097,26.764794309638,44008.624
4.06670086636864,1.49067618051024,26.7694297286964,44011.077
4.06703794720015,1.49091342715549,26.7707009298728,44013.561
4.06751217230629,1.49219888920219,26.7652976867444,44016.014
4.06787231529702,1.49062855402306,26.7675389942692,44018.483
4.0682486819344,1.49055294695356,26.7759950139934,44020.968
4.0683912874409,1.48768821703748,26.7798182631188,44023.499
4.06844349691241,1.48990355425523,26.7884377271254,44026.014
4.06910634924846,1.49258781933794,26.7975029108527,44028.546
4.06919986445331,1.49237907881479,26.8027628658365,44031.061
4.06937154631965,1.49034072005896,26.810254909061,44033.593
4.06986406722419,1.49195616175584,26.8126175190783,44036.108
4.07057841196039,1.49066358489401,26.8264056485611,44038.639
4.07056653262293,1.49275800409565,26.8235265247917,44041.155
4.07093197899035,1.49292840970365,26.8231256687253,44043.686
4.07113351364117,1.49458226103855,26.8237665156802,44046.202
4.07159389003481,1.49270089368233,26.8236454966811,44048.718
4.07189967943372,1.49000507690818,26.8340019367818,44051.249
4.0725609648788,1.49334512598203,26.8327053559184,44053.764
4.07273609223952,1.49147612734961,26.8436737095655,44056.296
4.07309422990164,1.49153571512183,26.8496403621555,44058.811
4.07346227793822,1.48996281929253,26.8553452011505,44061.343
4.07394330819962,1.49260039935052,26.8660506374737,44063.858
4.07377661852297,1.49058472532187,26.8574569899236,44066.374
4.07456291016882,1.49342581922786,26.8646594545257,44068.905
4.07463522275859,1.49134759307396,26.8647728594706,44071.421
4.07524873358723,1.49202139337209,26.8771701874586,44073.889
4.0755615790394,1.4916932856756,26.873020670635,44076.389
4.07568260362355,1.48918418101352,26.890443379786,44078.874
4.07612382058661,1.49078912735664,26.8895881469216,44081.343
4.07644518549707,1.49162264787653,26.9013796926254,44083.827
4.07654699007771,1.49069531196249,26.9025161948595,44086.296
4.0772242263947,1.49234222345902,26.8967907417291,44088.811
4.07721074711012,1.49131518993155,26.9038014957791,44091.343
4.07778372061609,1.49010485232007,26.9075394109446,44093.858
4.07838250113921,1.48942572834159,26.9090560016236,44096.389
4.07863774075408,1.49131458969698,26.9165418405141,44098.905
4.07845813358155,1.49062923834001,26.9218272635551,44101.421
4.07923170738019,1.49207267428903,26.9258430220845,44103.952
4.07969181686044,1.49026324638251,26.9267408670157,44106.468
4.07992973555086,1.49021105985927,26.9312211355841,44108.999
4.0803529186722,1.48973430893831,26.9423485519531,44111.514
4.08075793824775,1.49395323246911,26.9601001073865,44114.046
4.08109025677127,1.49528942218094,26.9502063661167,44116.561
4.08107443038862,1.48868406984563,26.9548543868682,44119.077
4.0817988776241,1.48942504475731,26.9638852318987,44121.968
4.0819316164568,1.49178071055604,26.9549216626022,44124.577
4.08213614537027,1.4884458024652,26.9594631221849,44127.155
4.08280170341406,1.49234669198878,26.9687477707701,44129.718
4.0830814098742,1.48928931125644,26.9760226838857,44132.296
4.08326032540766,1.49145031169035,26.9727012421692,44134.843
4.08383105428764,1.48973150764374,26.9786756846671,44137.405
4.08425490730338,1.4898903902453,26.9929467621982,44139.968
4.08492604571334,1.49434347156547,27.0057466856315,44142.577
4.08476626934896,1.49164036542781,26.9958628425378,44145.186
4.08504936992508,1.48961161054045,27.0090331077181,44147.796
4.08568876420619,1.49425010640965,27.00699888991,44150.374
4.08611929695766,1.49128226619102,27.0160806492858,44152.936
4.08632313957047,1.48944638122263,27.0158322718532,44155.499
4.08683979569569,1.49233520877306,27.0149741879534,44158.061
4.08730194671648,1.4903716528383,27.0233325931566,44160.624
4.08709624514854,1.48793003338417,27.0179923790448,44163.186
4.08755085973589,1.49208345687874,27.0183035970042,44165.749
4.08820465409373,1.49204209808057,27.0326548645344,44168.311
4.08851046029123,1.49199115769289,27.0359086655859,44170.874
4.08844131207199,1.48845771803518,27.0424552803305,44173.436
4.08917952691331,1.49160574929929,27.0486908546971,44175.999
4.08965060176167,1.49268866385356,27.0510012805344,44178.561
4.08991938394454,1.49248336293543,27.0545375002,44181.124
4.09028787589178,1.49154301002152,27.0543517556872,44183.686
4.09065901421,1.48913981330739,27.0646949712367,44186.249
4.09117707595412,1.49144122791412,27.0646642235452,44188.811
4.09140987492866,1.49155081105608,27.0746460333614,44191.374
4.09184311444715,1.49166690732818,27.0790251832009,44193.936
4.09215924582794,1.49070074357163,27.0809837404277,44196.499
4.09287430002836,1.49104625919209,27.0792671863446,44199.061
4.09291307538484,1.49367915590653,27.0843257601916,44201.624
4.09324448688579,1.4883252047594,27.098793775332,44204.186
4.09354111652797,1.49007732418477,27.0982360860501,44206.749
4.09415971832277,1.49370383330912,27.1017674990252,44209.343
4.09456946592475,1.4905964107458,27.1070780706841,44211.921
4.09494053616595,1.48736359470133,27.1077387396068,44214.546
4.09530037455834,1.49273926463525,27.1220121309898,44217.124
4.09566112187615,1.48876423243633,27.1262881101538,44219.686
4.09602704359489,1.49199039142655,27.1296775198675,44222.249
4.09648324345132,1.48931164268279,27.131425084777,44224.811
4.09694362079455,1.49083667423145,27.1463189022015,44227.374
4.09708494587498,1.4891471909068,27.1531129599243,44229.936
4.09760811135755,1.49118664668452,27.1516171498795,44232.483
4.09781029467766,1.48846843443666,27.1621967788995,44235.061
4.09820532549203,1.49173750856578,27.1682036589799,44237.608
4.09865966852102,1.49285305654197,27.1783060940512,44240.186
4.09892167131105,1.49223444571385,27.1823878679688,44242.749
4.09940921015211,1.49149221143307,27.1669532777851,44245.311
4.0997796135477,1.49098496240117,27.1774469709685,44247.874
4.10019981947905,1.48943517551935,27.1789075882144,44250.436
4.1004682897601,1.49003500580673,27.1825454622445,44252.999
4.10134045021686,1.48981170236134,27.1987153806429,44255.561
4.10148445991899,1.49117169279724,27.2040064531417,44258.124
4.10158808537281,1.49320865930941,27.2106496866616,44260.686
4.10196862430043,1.49228330591048,27.2165117306684,44263.264
4.10255945063995,1.4888162616598,27.2218414272668,44265.827
4.10282806060839,1.49145205259748,27.2316194537337,44268.389
4.10331671515661,1.48819538303187,27.2295355253116,44270.952
4.10363407056339,1.49122044520424,27.2463347371099,44273.53
4.10402329251697,1.48936755773804,27.2407482153861,44276.124
4.10459015542134,1.49119400360289,27.2503308035989,44278.718
4.10465265717856,1.49108665952266,27.2510751077088,44281.28
4.10522445432745,1.49338620991246,27.2453228682386,44283.843
4.10603383548689,1.49214264906138,27.2491933393468,44286.405
4.10596077972377,1.49076604025358,27.2525409603344,44288.952
4.10643458679452,1.49192678826475,27.2577157302865,44291.514
4.10698016159806,1.49160255651214,27.2678749098972,44294.077
4.10691674161694,1.49191251187649,27.2662739620767,44296.639
4.10775032731071,1.49343812449445,27.2705917636908,44299.202
4.10814848618964,1.49252596700889,27.2842133949208,44301.764
4.10836404450109,1.49062407882622,27.2849986245797,44304.327
4.10889008236573,1.49038134921855,27.2919775490839,44306.889
4.10904623113146,1.4892932805185,27.2920275573063,44309.452
4.10971809457994,1.48888670273067,27.2997965746539,44312.014
4.11005870963765,1.48939856224229,27.3086992728412,44314.577
4.11056811822343,1.49237046828611,27.3163120095287,44317.139
4.11106441327309,1.49338475518277,27.3159036839057,44319.702
4.11133103677872,1.49005698735121,27.3265698228344,44322.264
4.11145204750487,1.49170336706904,27.326319385848,44324.827
4.11205117943383,1.49199254128854,27.3317923492676,44327.405
4.11244415081844,1.48984731234655,27.3341562144879,44329.968
4.11310906031804,1.48834190669594,27.3318847750157,44332.53
4.11309114062001,1.49080671848969,27.3420633865793,44335.093
4.11351677588704,1.48988969340841,27.342570620505,44337.671
4.11424682148832,1.49006959033846,27.3464812934026,44340.233
4.11466787444907,1.49295168691485,27.3544540403672,44342.796
4.11461466217629,1.48950597863448,27.3513253466004,44345.405
4.11540361946268,1.48831696644748,27.3578566710752,44347.983
4.11530666403954,1.49199377772576,27.3641797897104,44350.546
4.1163328306198,1.48838892285413,27.3643159534003,44353.108
4.11645001632451,1.49104370509615,27.3807190280878,44355.671
4.11655944451777,1.49087721539654,27.3772113621537,44358.233
4.11735499861726,1.48872178012927,27.384636577762,44360.796
4.11744321936448,1.48762421965616,27.3886818369407,44363.358
4.11822619953516,1.49252282817722,27.3887935492767,44365.921
4.11841332176722,1.4881303301862,27.4017873355886,44368.483
4.11896086878158,1.49004611612559,27.4033110744083,44371.077
4.11917196839725,1.49111795223004,27.4007587769969,44373.655
4.1196178783635,1.49309447152698,27.4055852262733,44376.233
4.12014955586127,1.49177344145652,27.4126954979393,44378.796
4.12039921439022,1.49099463675844,27.4301189158671,44381.358
4.12096232304734,1.49017306440032,27.4368266387491,44383.936
4.12121930828155,1.49306562516255,27.4426616857059,44386.483
4.12181919938987,1.48946223632354,27.442405882887,44389.061
4.12203326508012,1.49058329202109,27.4461432093881,44391.608
4.12249044047651,1.4927970660152,27.4428248671444,44394.171
4.12289684371772,1.49132501181343,27.4508504052839,44396.733
4.12307063562392,1.49079121922371,27.450762200831,44399.296
4.12366863541014,1.49403381594786,27.4521208122615,44401.858
4.12450135398736,1.49378260631634,27.4595911673543,44404.421
4.12475945037778,1.49044763591114,27.4553133628793,44406.983
4.12523551465135,1.49232666185061,27.4618047497711,44409.546
4.12558791283775,1.49321342665041,27.4692099654342,44412.108
4.12569817964198,1.49134819212478,27.4625292952138,44414.686
4.12595587229171,1.49042136617053,27.4672617889398,44417.233
4.12675051156742,1.49115181407216,27.4832235594481,44419.796
4.12684086197623,1.48828953294572,27.4807179544606,44422.358
4.12761050716421,1.49460157019144,27.4797670746827,44424.921
4.12796133914818,1.49163613757996,27.4968566414257,44427.483
4.1282119331476,1.49216063202498,27.5051835067122,44430.046
4.12853075744829,1.48834150773469,27.5143104104751,44432.608
4.12899133948424,1.49291447424119,27.5212720266893,44435.171
4.12959010274249,1.49296598863054,27.5257227753236,44437.749
4.13002696693859,1.49311150252574,27.5339930973745,44440.358
4.13039769816278,1.48832135732484,27.5440992632927,44442.999
4.13078719245687,1.49343233368102,27.5425098258226,44445.593
4.13102186770459,1.49112523789992,27.5544461995696,44448.171
4.13146360645127,1.49137537746774,27.5557120333144,44450.733
4.13200449726555,1.49206166163961,27.5634775974793,44453.296
4.13279879441733,1.49174416604689,27.5754362989618,44455.858
4.13283863497617,1.48920518880384,27.576279162229,44458.421
4.13315510377293,1.48989520566342,27.5767813401305,44460.983
4.13339682054982,1.49084180548047,27.5767970668708,44463.546
4.1341785490764,1.48894814475959,27.5824535412318,44466.108
4.13448496678684,1.49054018146828,27.5940490425414,44468.671
4.13491942891133,1.48791390143123,27.6099202637968,44471.233
4.135286278939,1.49367481223822,27.6073656718682,44473.796
4.13558165884162,1.49209741564613,27.603245185166,44476.358
4.13592512171561,1.49215874307308,27.6128320601801,44478.921
4.13635754411492,1.49135598986712,27.6226635628916,44481.499
4.13698315088508,1.49200344793832,27.6279246366951,44484.061
4.13735398436965,1.49207704295293,27.6300008740819,44486.624
4.13777074088589,1.48929005619312,27.6333351900007,44489.186
4.13816310557766,1.4930261693503,27.6471553066796,44491.749
4.13873603429814,1.49012225556507,27.651690253848,44494.311
4.1387900615949,1.48961492633524,27.6563176884953,44496.874
4.13932045295889,1.48927013182906,27.673787179309,44499.436
4.13987639087648,1.49065583881429,27.68039976577,44501.999
4.14008526980184,1.49048448359877,27.6668549529075,44504.561
4.14073191234571,1.48829528706559,27.671562472022,44507.171
4.14103013148034,1.49007520318341,27.6725664265099,44509.78
4.14150422245647,1.49054177211481,27.6864191530819,44512.343
4.14196698020395,1.49238584748273,27.6925873119444,44514.905
4.14235207716626,1.49166855103489,27.696572509059,44517.483
4.14302782208809,1.49112106813905,27.7009411947824,44520.03
4.14308627895715,1.48989339004844,27.7082275802819,44522.593
4.14368071800433,1.49015309690559,27.7139375583216,44525.155
4.14402016905833,1.49272018769244,27.7231139222514,44527.718
4.14428152261415,1.48873107140114,27.7237981510066,44530.28
4.1449300772377,1.49239474103135,27.7313915523176,44532.843
4.14519830743572,1.48496204193409,27.7363288191702,44535.405
4.14566999775522,1.48887542177122,27.7450662767578,44537.968
4.14647620284858,1.49071633755298,27.7534332014836,44540.53
4.14645879849648,1.49129392267848,27.7550113573829,44543.093
4.14672382907719,1.49205254474871,27.7676211687867,44545.655
4.14724404209646,1.49165123465342,27.7757389163817,44548.218
4.14753766200282,1.49056072580691,27.771824881098,44550.78
4.14809484437095,1.49267559201257,27.7915197467023,44553.343
4.1483203754197,1.49211064723089,27.7895220451624,44555.905
4.1488754845175,1.48921859116863,27.7918551644083,44558.468
4.1494657315455,1.48995776422846,27.7941899133255,44561.046
4.14980582618533,1.4927213569862,27.7877465254599,44563.593
4.15028686313701,1.49040001784718,27.7949321250179,44566.171
4.15063965115646,1.49256294760581,27.8163394567762,44568.733
4.15076879206452,1.49023885771381,27.823002547181,44571.296
4.15152453513832,1.48890973889969,27.8297890223936,44573.889
4.15176824513639,1.49073812809584,27.8321027882175,44576.499
4.15216938713715,1.49173805849138,27.845621536878,44579.061
4.15249111734371,1.49082637690246,27.8479084843811,44581.639
4.15299106609969,1.48967666897096,27.8513955726714,44584.186
4.15342757642066,1.49357905198969,27.8686452490105,44586.764
4.15354738330977,1.4901004896321,27.8752214080442,44589.327
4.15401429603128,1.48923651490767,27.8800801071148,44591.889
4.15485106726842,1.49065261921005,27.8828080777036,44594.452
4.15492641641108,1.48806181691802,27.8913640177249,44597.014
4.15518730961146,1.49094024617073,27.8988335639792,44599.577
4.15599138056286,1.49100368289906,27.8991790445225,44602.139
4.15634932792133,1.48989635883851,27.8996013478301,44605.093
4.15689683966634,1.49165893385937,27.9086752539898,44607.843
4.15696350270434,1.48980198931723,27.9169866239019,44610.53
4.15760783374351,1.49193718244163,27.9264939060478,44613.249
4.15811505103092,1.48985517043915,27.9331957570473,44616.014
4.15839343811782,1.49410167892788,27.9416295500803,44618.733
4.15890013124143,1.49033195454325,27.948020645863,44621.405
4.15938169312791,1.49067715117832,27.9672752752541,44624.139
4.15983249460335,1.49020141292772,27.9847309766022,44626.811
4.16016351829294,1.49535825216981,27.9844792455413,44629.53
4.16071463619428,1.48739383254518,27.9984377239037,44632.202
4.16083568029713,1.4893701085276,28.0079418035189,44634.936
4.16144790041161,1.49313244390663,28.0161653424035,44637.593
4.16167458367577,1.49191187450047,28.0159202186292,44640.343
4.16237015220957,1.4934799302636,28.0148973749935,44643.014
4.16291960175474,1.48993341173988,28.0255746442805,44645.733
4.16305830385098,1.49018872207538,28.0360829795892,44648.436
4.16360951077135,1.49007516657224,28.0496285957547,44651.171
4.1639794426818,1.49239709265942,28.052601664638,44653.858
4.1644164046377,1.49016927389236,28.0551956259974,44656.608
4.16501291801383,1.49136215725081,28.0640389054948,44659.311
4.16543093500076,1.48669200756572,28.0658225129776,44662.03
4.16602766971985,1.49219232211916,28.0719071604323,44664.764
4.16623309975581,1.48892584464202,28.0844882956514,44667.53
4.16660866809082,1.48775110055167,28.0926762161128,44670.202
4.16721489933706,1.49211794179245,28.0995947760307,44672.952
4.1678690983836,1.49000524893201,28.1098329959636,44675.624
4.16811776061602,1.49436256740016,28.1125665621901,44678.358
4.1684765939454,1.49027870791148,28.1242192099158,44681.03
4.16875472734733,1.4932861564622,28.1361033683657,44683.749
4.16935366408069,1.48944541536204,28.1510486863486,44686.421
4.16981516208999,1.49052696579087,28.1674855313369,44689.155
4.17033415581328,1.49244079738926,28.1825175289311,44691.827
4.17061733628302,1.49138762051242,28.1946770548254,44694.593
4.17116120069154,1.49124672617659,28.2044438302467,44697.28
4.17130348881178,1.49154830323218,28.2067888904847,44699.999
4.17208107026794,1.49328772792461,28.2087713544314,44702.671
4.17243566811138,1.49029477774815,28.2139319278135,44705.405
4.17290120728389,1.49289128194676,28.2224129136925,44708.093
4.17323710674306,1.49018260598925,28.21879312499,44710.843
4.17357967134244,1.49084999868885,28.2386561443138,44713.546
4.17404739087713,1.49416505134615,28.2518170649612,44716.264
4.17455371139177,1.49208759290717,28.2604719550492,44718.936
4.17503225757647,1.49035807451848,28.2747827685656,44721.671
4.17563566023639,1.49020849221695,28.274663285097,44724.327
4.17561243957405,1.49358589739341,28.2711540786221,44727.061
4.17613910035992,1.48952230030076,28.2789908915048,44729.764
4.17686160874744,1.49090947479519,28.302895490234,44732.53
4.17701873500783,1.489178003893,28.3098196420327,44735.202
4.17766934680457,1.49079530871716,28.3140872403341,44737.952
4.1780564015443,1.49072231928275,28.31461359139,44740.624
4.1786062231723,1.4884910675679,28.3323334359529,44743.358
4.17860992825073,1.48963766902853,28.3345206523139,44746.014
4.17915046770515,1.49011642961764,28.3462098276132,44748.749
4.17965037201857,1.49161646190246,28.3525234635358,44751.452
4.18022139025265,1.4919887973221,28.3655608423558,44754.171
4.18069175594823,1.48914965714449,28.380196631831,44756.874
4.18118483941674,1.48839351082756,28.4066287281461,44759.639
4.18164580115254,1.49020042338769,28.4105543074146,44762.296
4.18194990861887,1.49200741724036,28.4173048631396,44765.03
4.18244506073815,1.49255612666453,28.423171791649,44767.702
4.18300987412981,1.49194343642612,28.4335443236709,44770.436
4.18317056580852,1.491537445668,28.4397254056596,44773.093
4.1837933136015,1.4863648298975,28.4544362219024,44775.827
4.18414336394656,1.48996794805148,28.4714263137403,44778.53
4.18457254356112,1.49021438359176,28.472622572599,44781.28
4.18508226422491,1.48914980221464,28.4765697215605,44783.952
4.18565966885759,1.4921215733341,28.4956735082189,44786.686
4.18610781903439,1.48872784406244,28.5031138766931,44789.358
4.18651089197296,1.49282993663132,28.5065061722818,44792.093
4.18685096198901,1.49141126347215,28.5198989106582,44794.749
4.18729666788393,1.49195211222478,28.5287869177633,44797.514
4.18778268259431,1.48712464762683,28.5292925567919,44800.186
4.18824100781008,1.49115826336808,28.5361853494087,44802.921
4.18881707645289,1.49095008021828,28.5517729650781,44805.608
4.1892044466966,1.49135736529394,28.5618132063544,44808.343
4.18942177106765,1.49171610125098,28.5846730037714,44811.014
4.1902599187082,1.49097407023056,28.5998209864543,44813.78
4.19075626857731,1.49138864331539,28.6056072811291,44816.468
4.19120495116442,1.49042110559267,28.6207480289434,44819.171
4.19151124211162,1.49131409815276,28.6314742204276,44821.905
4.19198812261703,1.48949570796058,28.644395001382,44824.577
4.1923697789083,1.48921211874735,28.6473884750143,44827.327
4.1929743150228,1.4919057459137,28.6587731069616,44829.999
4.19354506150637,1.49287094875586,28.6569336535288,44832.764
4.19409370693046,1.49132489477286,28.6634221602687,44835.436
4.19405532245356,1.49170268892479,28.6785117235975,44838.155
4.19492156189882,1.48888931466568,28.6872460275163,44840.827
4.19544112192396,1.4902847137237,28.7016890811075,44843.577
4.19539208486385,1.49090939218364,28.712917195836,44846.249
4.19614570110563,1.49216046991687,28.7080228410845,44848.983
4.19642784305329,1.49242828396273,28.7138255870322,44851.655
4.19689538075505,1.49039997983895,28.7232993985075,44854.374
4.19758594711621,1.49309647400469,28.7506202804601,44857.046
4.19807876148325,1.49105993167086,28.7562652386601,44859.78
4.19842326362879,1.49274182650651,28.7631544076173,44862.452
4.19878078685934,1.48996874201729,28.7676911213749,44865.202
4.19944953739008,1.49228990022269,28.7766165793266,44867.905
4.19987725050714,1.49122052910126,28.7950928532245,44870.655
4.20013577383551,1.49052467614205,28.8007162227875,44873.327
4.20069698783757,1.48878221176077,28.8190500809032,44876.452
4.20128317212683,1.49136511659668,28.8374620894301,44879.28
4.2019300636782,1.49007655126619,28.8493788817876,44882.124
4.20247119658404,1.49250174102433,28.8600334323487,44884.968
4.20283478347375,1.4927576375644,28.8747796340105,44887.796
4.20319761694739,1.48928561659938,28.8811754336791,44890.655
4.20404020301435,1.48990117347215,28.8922678600453,44893.499
4.20430536448329,1.49262824590859,28.8969701267207,44896.343
4.20488978375724,1.49058219412066,28.9051627086534,44899.202
4.20548845182166,1.49326283732556,28.9209458036916,44902.014
4.20593856771561,1.49042217110758,28.9281991479265,44904.827
4.2064816457248,1.49325186953612,28.9309433587108,44907.671
4.20702409162569,1.49125179711275,28.9403587122997,44910.546
4.20736908759921,1.49217176709987,28.952883975811,44913.405
4.20806492177028,1.49130362818571,28.9593069703591,44916.249
4.20659282521711,1.46783023528528,28.9803639941884,44919.077
4.2069912236597,1.4686080579493,28.9970489758085,44921.921
4.20708073144458,1.46439400287259,28.9972989149703,44924.796
4.20731989467564,1.46633004830663,29.0091125105083,44927.639
4.20768646481814,1.4676976134201,29.0197188299414,44930.468
4.20596011596545,1.44232402400871,29.0184039781142,44933.296
4.2063382352344,1.44137521910325,29.0287968383763,44936.139
4.20664650208302,1.44391813424834,29.0371343955118,44938.983
4.20529374177406,1.41778372526245,29.0475684051241,44941.858
4.2052317600429,1.41889469983523,29.0544116233314,44944.702
4.20556356242402,1.41619755076088,29.0661687039909,44947.546
4.20593382381019,1.41469415505727,29.0832597563192,44950.389
4.20633482128866,1.41697965404803,29.0859100729922,44953.249
4.2064280256439,1.41649374251607,29.0873704327861,44956.124
4.20662360464735,1.41315728450102,29.0910275004649,44958.968
4.20715112100103,1.41345546535776,29.100015181924,44961.811
4.20755081138241,1.41261922661533,29.1067418960339,44964.686
4.20598912006938,1.39364374778849,29.111357120473,44967.624
4.20622568956384,1.38989400499994,29.1265260677235,44970.499
4.20672876535577,1.39096812118714,29.1438261622774,44973.358
4.2066132036176,1.39034459984997,29.1537026587763,44976.249
4.20705877568398,1.38829531701623,29.1545182193485,44979.093
4.20713624853654,1.38868417112891,29.1614452166819,44981.905
4.20733411133299,1.38499798298151,29.1660883825101,44984.749
4.20778696013117,1.38781143792787,29.1804721551193,44987.577
4.20632252181055,1.35974650544828,29.1838933302262,44990.389
4.20638187888172,1.36429122413167,29.1843616146131,44993.233
4.20647378059708,1.3609569451194,29.19678791671,44996.093
4.20678161005556,1.3610212301842,29.202584540795,44998.983
4.20699059276005,1.36078482653632,29.2012646527891,45001.827
4.2075617505809,1.36294637946715,29.2078633935093,45004.702
4.206261737541,1.33428835692247,29.2172277202756,45007.53
4.20617254965641,1.33608968733441,29.2240510680424,45010.405
4.20639776454011,1.33640370105145,29.2184115521761,45013.249
4.20650297552075,1.33552480869565,29.2241833975379,45016.077
4.20663459935443,1.33478648171132,29.2343038976866,45018.921
4.20709527696267,1.33833681052373,29.2270208808601,45021.796
4.20735999377702,1.33451429364689,29.2395636132182,45024.624
4.20777711927044,1.33397384326243,29.2482079065532,45027.468
4.20794602802078,1.33457741559886,29.2484579269493,45030.311
4.20832318876235,1.33309619515042,29.2521922897505,45033.186
4.20872157558136,1.32953517735745,29.26864090967,45036.03
4.20698216658517,1.30684477463424,29.2639487445446,45038.874
4.20733278819068,1.3105011511866,29.2665008035282,45041.718
4.20760100459897,1.31437072244968,29.2716092858772,45044.593
4.20565450463756,1.28791455198597,29.2799947685409,45047.436
4.20601609509332,1.28673486023284,29.2792756766953,45050.28
4.20634375760555,1.28297909124913,29.285929917414,45053.124
4.2066407054869,1.28409221991985,29.2828562390052,45055.983
4.20652265514924,1.28516818885993,29.2853049123756,45058.827
4.20697470302714,1.28193430070168,29.3001768038528,45061.671
4.20727498306767,1.28329251532465,29.3086782614625,45064.546
4.2079317104478,1.28450002539398,29.3105720958352,45067.405
4.20587891703895,1.25999368063453,29.3223924038501,45070.264
4.20629020484747,1.26026176599857,29.3207465828082,45073.108
4.20645383485612,1.25949822897683,29.324035652037,45075.983
4.2066324047753,1.25872134678616,29.3306331075086,45078.858
4.2069220995627,1.25783785513794,29.3428421172966,45081.733
4.20712320703095,1.25667149300533,29.334955199318,45084.608
4.2074657698487,1.25620865860323,29.3247739725141,45087.436
4.20800316833486,1.25677890322383,29.3261886860976,45090.264
4.20794820448732,1.2499548386081,29.3347899695694,45093.155
4.20811802016174,1.25349253030087,29.3449573034099,45096.046
4.20870125661425,1.2543766435656,29.3408527015388,45098.921
4.20712214621725,1.23048512401838,29.3383365698445,45101.796
4.2074582752297,1.23042441260287,29.326560847154,45104.686
4.20765543332895,1.23226963766714,29.3270218098503,45107.499
4.20792630462241,1.22926487688019,29.3220047739126,45110.311
4.20800997495044,1.22854941411989,29.3321559285538,45113.171
4.20834553380963,1.2287802367396,29.3227325524153,45116.03
4.20880937852377,1.22844674630825,29.3276758150775,45118.905
4.20693362566314,1.20578638072157,29.3330353055906,45121.811
4.20705269302977,1.20324709599019,29.3302242461075,45124.733
4.20716437282312,1.20225885527965,29.3334176109452,45127.608
4.20755560527011,1.20379974756936,29.3258203595069,45130.499
4.20829723154917,1.20210350224141,29.3225917773045,45133.374
4.20851516494799,1.20617269462739,29.3263206371694,45136.249
4.20877970779252,1.20457638252997,29.3268858954103,45139.139
4.20684625994109,1.17770217023678,29.3218627081876,45142.014
4.20709440854863,1.1751429192362,29.3190084957883,45144.889
4.20745075894133,1.17734222717255,29.3176881820289,45147.733
4.20767501473154,1.18168030138943,29.3159833831769,45150.577
4.20769752549311,1.17626003929114,29.3071556723135,45153.421
4.2084696856903,1.17783799733476,29.3126017226703,45156.311
4.20854595700423,1.17669800351988,29.3237124652162,45159.186
4.20877488032909,1.17276759716707,29.3234780975481,45162.061
4.2088574718709,1.17538536845577,29.3265740478069,45164.952
4.20922673172018,1.17423333590405,29.3300672976277,45167.827
4.20952434351261,1.1745512583278,29.3254003256853,45170.718
4.21007544286178,1.17479249312883,29.3286009273259,45173.593
4.20831455946394,1.14964377968155,29.33450673699,45176.405
4.20841842287704,1.15025360750853,29.3205106056504,45179.233
4.20883216140397,1.14719414064581,29.3242097314332,45182.108
4.20723424256283,1.13089462210405,29.3167408326738,45184.952
4.2074084713585,1.12448354068134,29.3076820746121,45187.78
4.20769343174421,1.12695273205915,29.2924200034381,45190.639
4.20771618550572,1.12526096211038,29.2836842890321,45193.561
4.2077499097375,1.12350223030625,29.2757935671828,45196.436
4.20837945886223,1.12287431625291,29.2841124785032,45199.311
4.20836446615065,1.12427183083764,29.2833129843399,45202.186
4.20848945359534,1.12533335059034,29.283331194442,45205.03
4.20873402208249,1.1224457611847,29.2791062384978,45207.843
4.20736567744245,1.10243800674826,29.2751595058834,45210.702
4.20750626208474,1.10167217469669,29.2633445567605,45213.561
4.20777070621831,1.09918172918816,29.2570638059463,45216.452
4.20761096009499,1.10202832480832,29.2635310226813,45219.327
4.20785885030883,1.09772747678482,29.2527157963035,45222.249
4.20841447965196,1.09701849607273,29.2489769268408,45225.124
4.20850964730636,1.09650114126506,29.2535346974557,45227.999
4.20878768966157,1.09610717758285,29.2562313385953,45230.889
4.20714988779278,1.07834921066532,29.2513388412435,45233.764
4.20739359673219,1.07405768248149,29.2402778753721,45236.671
4.20742290462277,1.0750863050879,29.236810366695,45239.561
4.2078839712678,1.07392569811389,29.2426685331377,45242.436
4.20764344066229,1.07452455581784,29.2267699391886,45245.327
4.20781360514148,1.07118131044218,29.2210074579164,45248.202
4.20821266921425,1.07249450166717,29.217801544919,45251.077
4.20846104989309,1.06786468176222,29.2134421450903,45253.999
4.20864816596409,1.07289228511204,29.1991778266582,45256.874
4.20900482918814,1.07071198249175,29.1949253586799,45259.764
4.20969475259237,1.06681792718264,29.1814126882832,45262.639
4.207753982237,1.04476996752066,29.1801096241128,45265.858
4.2079250696581,1.04910170221171,29.181763684299,45268.874
4.20787269503793,1.0440510844642,29.1893321653919,45271.811
4.208179199395,1.04453318147254,29.1796721026165,45274.733
4.20830050284069,1.04720057878125,29.1649447972869,45277.639
4.20848646426521,1.04790157906461,29.1683923137687,45280.561
4.20889703475208,1.04536186083344,29.1644309968239,45283.499
4.20898676653058,1.04412403535851,29.1502350984174,45286.405
4.20925995194562,1.04326158235677,29.1555467789545,45289.327
4.20967678117585,1.04630286410012,29.1417098539068,45292.233
4.20789314954538,1.01979136003622,29.135442491458,45295.139
4.20799660896733,1.02070509085321,29.1225736083078,45298.061
4.20838037382415,1.02006423158734,29.1184354981325,45301.061
4.20837020736771,1.0190196983421,29.1138542350269,45304.014
4.2089501391473,1.01852470070871,29.1055737158839,45306.936
4.20716979835505,0.996707052475396,29.0857315978521,45309.843
4.20700364173577,0.998867757095927,29.0785062591268,45312.764
4.20708236543927,0.999785642839736,29.0869346880236,45315.702
4.20743711554671,0.997223602418852,29.0919143716199,45318.639
4.20760743139165,0.992987659353886,29.0905515039301,45321.593
4.20798558399983,0.994190167105312,29.0747544048199,45324.499
4.20827203728591,0.995736678696636,29.0694642492184,45327.468
4.20827066715303,0.995557077497522,29.0567939528582,45330.405
4.2085026645834,0.994990364856344,29.060096235603,45333.311
4.20875198076979,0.993982434522564,29.052842308456,45336.218
4.20863986703027,0.9930286013598,29.0429882811342,45339.155
4.20928436954269,0.992011183749051,29.0367556374473,45342.061
4.20919698057632,0.993428877064336,29.0244176823895,45344.983
4.20937754635572,0.98941074409051,29.0227922749233,45347.889
4.21003267663629,0.991623348197923,29.0114031200986,45350.796
4.20816492833972,0.968739015585476,29.0013540917692,45353.718
4.20825827271474,0.968074499581733,28.9922074732075,45356.655
4.20845254616522,0.970740924876539,28.9882612718065,45359.577
4.20849622041405,0.967405099972376,28.9789208355272,45362.483
4.20869085928633,0.967735729871082,28.9597860148717,45365.389
4.20889383897865,0.963396422292732,28.9564962978464,45368.311
4.20933184482474,0.967757594915393,28.9508224049497,45371.249
4.20914241079211,0.967623659548823,28.9452754718653,45374.155
4.20959085706919,0.965218016351162,28.9345543639175,45377.061
4.2077437971255,0.941565929289624,28.9250387882981,45379.983
4.20796688842225,0.940073810701518,28.9147473736751,45382.968
4.20812324693485,0.939668871082774,28.9034842439666,45385.889
4.2078673805119,0.941228619855752,28.8980737459233,45388.796
4.20820206619504,0.942168499378802,28.8931775592086,45391.749
4.2085007395043,0.938848176325149,28.8904471131479,45394.655
4.20883375758063,0.938905967401326,28.877230967401,45397.577
4.20885922674814,0.939746212253565,28.8738129109617,45400.514
4.20931063651797,0.938290138532852,28.8612522590053,45403.436
4.20930649912233,0.93998654695329,28.856847765247,45406.374
4.20953106393622,0.940282544993695,28.8451009608613,45409.296
4.20964270642477,0.938163420025521,28.8328595102248,45412.264
4.2079048823859,0.913671768227852,28.8315619175258,45415.233
4.20817331730787,0.916931515918053,28.8163522389187,45418.171
4.20835500014675,0.917436350337446,28.8127434579916,45421.093
4.20842149557331,0.913094705812529,28.8100579409752,45423.999
4.20871823223967,0.914098542158368,28.7990637181397,45426.952
4.20871952478748,0.91478694703573,28.7971687056557,45429.889
4.20895874981081,0.914005319859655,28.7771017828219,45432.796
4.20903266363494,0.913523322405442,28.7778604350228,45435.764
4.20917082564608,0.911780442007834,28.7627681921336,45438.671
4.20963423478986,0.913604191214637,28.7532972339308,45441.593
4.20977395593589,0.909960518553376,28.750328344673,45444.53
4.20978912676802,0.911434288531575,28.738745914833,45447.514
4.20996487499563,0.910337778970265,28.728269060108,45450.468
4.21041465191284,0.911384628705695,28.71596325757,45453.405
4.21038090101645,0.909789284946556,28.7141017768076,45456.374
4.21088692652622,0.911306598913809,28.7144387697007,45459.296
4.20915526156123,0.884865634218724,28.7006312528493,45462.233
4.20919808701325,0.887449615226866,28.7013515796233,45465.139
4.20929923057619,0.886582105679811,28.6885737562454,45468.061
4.20951512060753,0.885396534403224,28.6802913865435,45470.968
4.20972132587395,0.889510872955618,28.6706779834204,45473.889
4.20797265654669,0.865865790470508,28.6595218382424,45476.796
4.20812832865943,0.861323784304192,28.6393982883827,45479.718
4.20812313751026,0.859955960503586,28.640458461064,45482.686
4.20803541322652,0.861049887059896,28.6260911912657,45485.702
4.20834611322676,0.859040404516542,28.6096005064953,45488.686
4.20853344914739,0.861526258635466,28.6063118608216,45491.639
4.20870271698682,0.86134245219657,28.5908713184213,45494.546
4.20914786727073,0.861352941757785,28.5792192424855,45497.483
4.20896330173014,0.862896643927447,28.5761026135288,45500.468
4.2087834290304,0.863573086041293,28.5621764571389,45503.421
4.2093711618557,0.860685037261524,28.5538441514565,45506.374
4.20941019376093,0.857113184856723,28.5504910917819,45509.311
4.20951495305248,0.861396197167388,28.5402487711301,45512.264
4.20988649346324,0.860445562833884,28.5313552822125,45515.186
4.20804678680314,0.834343129803049,28.5201085013973,45518.108
4.20811836231998,0.835153944253378,28.5059573663771,45521.014
4.20821208106363,0.835782478262248,28.4980644408553,45523.921
4.20841543891155,0.834574759492349,28.4818357532655,45526.843
4.20858657079515,0.837570904036126,28.481805159599,45529.749
4.20873103362781,0.833240971783517,28.4746724917918,45532.671
4.20855834828931,0.833390476410623,28.4722325680014,45535.593
4.20875635470429,0.832205363934484,28.4625735926497,45538.499
4.20935441683953,0.833494072914131,28.4611987429504,45541.421
4.20945896975456,0.83687830569033,28.4494665866037,45544.358
4.20970645905088,0.834998903247034,28.4382899896435,45547.28
4.20960657607122,0.83322606604634,28.4175977901986,45550.186
4.20989589556411,0.833471724033647,28.4068855178537,45553.139
4.20993604630424,0.830857679819199,28.4177516265965,45556.061
4.21006388691432,0.83241899537837,28.4131573467659,45558.968
4.21011359678211,0.831099669638855,28.4080875236995,45561.889
4.21061584655595,0.83150370710789,28.3987006873396,45564.796
4.20874400027415,0.808056217710619,28.3889695862267,45567.702
4.20907253046127,0.809528795529405,28.3740661167657,45570.639
4.20902982222315,0.807696701300462,28.3637971340646,45573.624
4.2093120584357,0.806770489528778,28.3555381001139,45576.624
4.20931534302614,0.806635205138495,28.3453491224599,45579.671
4.20944254747282,0.80884689298996,28.3347430871647,45582.624
4.20951825204444,0.805421277039858,28.3243449328667,45585.593
4.20961976577781,0.80862135550298,28.3193627883171,45588.577
4.20975925822697,0.806673748862218,28.3176260507307,45591.53
4.21003855169575,0.805722253641731,28.3119810765282,45594.452
4.21009354119623,0.807894732969907,28.2845366365166,45597.374
4.21068558115503,0.806938524972501,28.273733503837,45600.296
4.20869582900972,0.783238351417021,28.2688597623449,45603.202
4.20892270903443,0.780757650146487,28.2623780419829,45606.124
4.2089091819819,0.78400322219253,28.2591545828737,45609.03
4.20893640556388,0.782253757851532,28.2525208716273,45611.936
4.20901852203429,0.785720203502551,28.2496209398282,45614.843
4.20929524162427,0.781575526338712,28.2407023496524,45617.764
4.2092084403277,0.782104666014825,28.2298870966639,45620.686
4.20966829694158,0.780919138213454,28.2354603751832,45623.624
4.20990054130606,0.781741434078822,28.2227145746463,45626.593
4.20990572659251,0.780146819233006,28.2098360433119,45629.514
4.2097784211631,0.783128395533053,28.1937896401258,45632.499
4.21007757185199,0.780441145496021,28.19726493593,45635.421
4.21023099744293,0.778537979502984,28.1836027532894,45638.327
4.21030129119393,0.779179727699446,28.178786460133,45641.249
4.21059747298904,0.777964826670099,28.1649913601409,45644.155
4.20925873454936,0.755317875397102,28.1561757656482,45647.077
4.20902497377906,0.757899830864947,28.1239296883657,45650.014
4.20906091535434,0.753719133783244,28.1144844004805,45652.968
4.20895430149447,0.75833030711406,28.1095197519256,45655.905
4.2095998682718,0.7564958161482,28.1079499177782,45658.889
4.20932849670984,0.75429062150108,28.0912342292328,45661.843
4.20959141498058,0.75681511429731,28.087129896719,45664.796
4.20946674807043,0.754656344672924,28.0863382558716,45667.733
4.20985760994422,0.754517229250215,28.0721790800573,45670.733
4.2099401667713,0.758933498421241,28.0657989544699,45673.764
4.2100410651309,0.751240085525205,28.0507136912477,45676.796
4.21020593723376,0.751397929385868,28.040915932651,45679.796
4.21042963803317,0.751046286122412,28.0216524016101,45682.811
4.21018425048037,0.740140654722095,28.0251582227732,45685.843
4.21081463923949,0.753792426233439,28.0228888382886,45688.874
4.21077838785894,0.755035666146165,28.0182546946233,45691.843
4.21111901752265,0.749626789147259,28.0082393598976,45694.889
4.21102454965754,0.752458794328616,27.9761381689397,45697.858
4.21107489973087,0.746908936858847,27.9845551095081,45700.811
4.21121441217239,0.752984396183825,27.9591115611973,45703.827
4.21176942142205,0.752365062899038,27.9622681969109,45706.811
4.21007326794398,0.735503194027441,27.9469045070884,45709.843
4.21007212691818,0.730550029391267,27.9467963301802,45712.858
4.21014506415102,0.728622720255069,27.9307225306268,45715.905
4.21070056343603,0.733395256845092,27.9210221619737,45718.936
4.20881157281443,0.708326541068128,27.9181505593406,45721.968
4.20840408749045,0.707798975802329,27.9115501402936,45724.952
4.20875198783853,0.708077227222904,27.8899978147368,45727.874
4.20868973071537,0.70780433937516,27.8782497502479,45730.796
4.20843480265436,0.709230394684553,27.8735064079155,45733.702
4.20919772884251,0.705158748047787,27.8674665301665,45736.624
4.20904997722967,0.703915507299731,27.8562468332998,45739.53
4.2092434834501,0.705735947466566,27.8486068284182,45742.436
4.20931184326769,0.705098999060905,27.841305051019,45745.358
4.20935895647279,0.707316546488484,27.8315634800876,45748.264
4.20906757884597,0.70549287086544,27.8255017150566,45751.186
4.2096069536731,0.705184475227326,27.8191534308099,45754.093
4.20967927036226,0.703589810448157,27.8118242708751,45757.046
4.20969316404207,0.703039076075812,27.8039778089097,45759.952
4.20995495504655,0.702034175683129,27.7988904362213,45762.874
4.21010157649674,0.702905623044256,27.7888949078161,45765.78
4.21038196107516,0.701938643748278,27.7927134769156,45768.718
4.21029271305199,0.704520644703432,27.7796838611774,45771.639
4.2101840012459,0.704096088577699,27.7668058682876,45774.546
4.21033247854652,0.703405084336753,27.7558545168984,45777.452
4.21115353583012,0.702880244577369,27.7518605331508,45780.358
4.20936578596595,0.685575346752972,27.739510207007,45783.264
4.20925979301003,0.68180063464791,27.7235952267813,45786.186
4.20931598865024,0.682896947279931,27.7158110436724,45789.108
4.20923840992551,0.679627709399062,27.7104809783886,45792.046
4.20942332610727,0.677350340476737,27.6983791044648,45794.952
4.2095288304836,0.67787910805046,27.688507946837,45797.858
4.2094982780917,0.685007448915356,27.6826972246422,45800.78
4.20917893355161,0.683758260803291,27.6780780449756,45803.686
4.20965035383385,0.679267584511807,27.6731552647368,45806.671
4.20998347440316,0.679551864236136,27.6708747221617,45809.577
4.21023910775769,0.676975689318617,27.6549558952579,45812.514
4.21075032577771,0.67938681085426,27.6432452695611,45815.436
4.21042629757145,0.677742707965519,27.6333634632894,45818.343
4.21027837212609,0.67633303939341,27.6302119587428,45821.264
4.2105615730138,0.674445977214359,27.6286626606362,45824.171
4.2107598448999,0.679201578260688,27.6362749668256,45827.093
4.21118127082143,0.674318404799295,27.6320860795574,45830.014
4.21065608591755,0.675326854015703,27.6121177656118,45832.921
4.21141155237551,0.675869239028059,27.5921725131667,45835.889
4.21104309435433,0.676605376118253,27.588091166163,45838.827
4.21136498118452,0.676082635727377,27.5876699025273,45841.764
4.2115253089602,0.67483148728419,27.5757400404078,45844.749
4.21173663988645,0.67058253957677,27.5576336163342,45847.78
4.20995866873963,0.652628581344866,27.5534806871514,45850.733
4.21008391548023,0.653605621392415,27.5462490795635,45853.671
4.2099883529155,0.651464771775845,27.5367933006565,45856.624
4.21018482508068,0.650219839468625,27.5207878422462,45859.608
4.21017479096826,0.652461521112939,27.5067193578466,45862.546
4.21041182007268,0.654514436954959,27.5071244376965,45865.468
4.21055530141701,0.650950765186622,27.4915452970483,45868.374
4.21050654921985,0.652861756936361,27.4867923043613,45871.296
4.21070335749141,0.6537857677378,27.4804962203904,45874.202
4.21071889198469,0.649051142347935,27.4910586050279,45877.124
4.21099455303067,0.650123809526648,27.4874738572723,45880.03
4.21106258691926,0.653175438246954,27.4806456868319,45882.968
4.21097539505319,0.650315017833699,27.4704287372976,45885.889
4.21127534252457,0.650885291311487,27.4568082499609,45888.796
4.21119539354366,0.647604210893857,27.4498673569295,45891.718
4.21164619279234,0.648799520756758,27.4472712188451,45894.639
4.20971058340719,0.62582601091727,27.4332680620581,45897.546
4.20957650443292,0.627319124145335,27.4281274390564,45900.468
4.20979323756494,0.624933974662667,27.4164196070123,45903.374
4.20983487001411,0.62739693732473,27.4053574163234,45906.296
4.20991969122168,0.624032233521721,27.4046049381413,45909.202
4.21008930953995,0.626618085862518,27.3930784924168,45912.124
4.21010494478766,0.625427813420481,27.3921829102942,45915.061
4.21024865918486,0.626575960359564,27.3820151013605,45917.983
4.21048933871983,0.624954517274108,27.3852863524222,45920.889
4.21021397295714,0.627646822774614,27.3764260264256,45923.811
4.21047288559622,0.626359964488383,27.374795213754,45926.749
4.21054940822205,0.625948387481412,27.3627363218133,45929.671
4.21051676272823,0.626835250702121,27.3582207501701,45932.593
4.21076352904023,0.626382311268805,27.3493070817574,45935.499
4.21082077842837,0.62516717152216,27.3343149636399,45938.405
4.21124649510431,0.624691326986031,27.3279845827927,45941.327
4.21125940961313,0.619519124207549,27.3101864635952,45944.249
4.21122443955438,0.626718743355837,27.3102510099102,45947.155
4.21117378388,0.619989314282438,27.3065061007049,45950.061
4.21143636343661,0.623906377293703,27.302764985369,45952.983
4.2114484802178,0.618984129995164,27.3038081255539,45955.889
4.21173958103448,0.624451152765455,27.2925886201824,45958.843
4.21005700419023,0.604724681581516,27.2813716619129,45961.749
4.21018955227677,0.599506900916884,27.2755157843303,45964.655
4.20998159495916,0.599588125738705,27.2706358246368,45967.577
4.21043264809195,0.597045489619741,27.2626498999684,45970.483
4.21002557068546,0.5988201912095,27.2561112901154,45973.389
4.21008402562099,0.598941459760259,27.2617852813063,45976.311
4.21031383242637,0.599906264970862,27.2531989811184,45979.249
4.2103179514316,0.598057951506617,27.2364645248634,45982.186
4.21036561478813,0.599578235722025,27.2235229067484,45985.139
4.21071214777341,0.600632157638775,27.2291331859776,45988.061
4.21055481338471,0.600352086310523,27.2144264062114,45990.968
4.21063463338352,0.599301827676919,27.2220371334547,45993.889
4.21075650571357,0.597906175859221,27.2170989828825,45996.796
4.21101190579729,0.599569379940849,27.2074814641749,45999.702
4.21114388080954,0.598455976265805,27.1950062275315,46002.608
4.21139099788821,0.598081611306576,27.1783884497017,46005.53
4.21142619284534,0.596220349244281,27.1698504637189,46008.436
4.21145277737781,0.59770942133762,27.1746388567767,46011.343
4.21146536318739,0.598568374258275,27.1611409011565,46014.249
4.21181145916479,0.592806338197418,27.1527330545613,46017.202
4.20981294008017,0.573800063168069,27.1478683100138,46020.108
4.20990055971265,0.57449346223422,27.133792968778,46023.03
4.21018304349727,0.573910224460767,27.1166674381358,46025.936
4.21000391412403,0.573478859648867,27.113538389759,46028.858
4.21024707519916,0.572364626122011,27.110707781211,46031.764
4.2101885788719,0.572663430418667,27.1034536248847,46034.686
4.21032432810426,0.574146729455129,27.0758927954771,46037.593
4.21035521391999,0.574168815265666,27.0787127399837,46040.499
4.21037181623882,0.573420303351678,27.0740030609062,46043.421
4.2106055656916,0.571485825304238,27.0739497922587,46046.327
4.21083477277354,0.573122510380286,27.0678352554912,46049.249
4.21069986240379,0.573975591855157,27.0630496406381,46052.186
4.21076617489271,0.572626589704751,27.0586251289455,46055.108
4.21088490303505,0.574065394305332,27.0533505725138,46058.03
4.21106928853373,0.571849806588514,27.0500012483011,46060.968
4.21128763160884,0.573009022881356,27.0369701885759,46063.889
4.21122816168548,0.568984644965631,27.0224689691578,46066.874
4.21121999124482,0.570111111189769,27.0137239941226,46069.921
4.21146844365359,0.569545683425137,27.0228411723819,46072.936
4.21163866889338,0.572119521364604,27.0117084655656,46075.921
4.20987291874811,0.549445874793118,27.0005128636925,46078.858
4.20973082374123,0.546684788881912,26.9979552069583,46081.764
4.20973220866837,0.545772308623027,26.999426247343,46084.671
4.2100355198055,0.546760388319362,26.9886600333127,46087.593
4.20987071560582,0.546007814883583,26.9888141053272,46090.499
4.21007663443928,0.54955796776361,26.9808150567694,46093.421
4.21014569054856,0.547530132358214,26.9715695000521,46096.358
4.21001718519593,0.54745638783361,26.9612942468656,46099.374
4.21023992174264,0.545640130837218,26.9503684791924,46102.311
4.20999361447883,0.548559022927678,26.93514750228,46105.264
4.21035304401014,0.546978034156732,26.9296260442951,46108.296
4.2104248905172,0.545829165417575,26.9283207696432,46111.218
4.21060324745199,0.546746622943972,26.9249553879894,46114.124
4.21082663063753,0.546735355419393,26.9157024584291,46117.046
4.21078479435361,0.545964742905249,26.9138724161867,46119.968
4.21089590189416,0.546671106994686,26.9044873292036,46122.874
4.21090810500102,0.545008164976941,26.9079655746181,46125.796
4.21112560304284,0.544713756909251,26.8985998916915,46128.702
4.21118560526344,0.548069986754832,26.8911535332821,46131.608
4.21116499403936,0.546059126373743,26.8847750690432,46134.53
4.21134847971239,0.546173781456298,26.8697019402075,46137.436
4.21146232754687,0.541926396660007,26.8747146003481,46140.389
4.21140895423272,0.543809740468621,26.869200280372,46143.296
4.21173221989996,0.547753388096304,26.8591302183024,46146.218
4.20995670971515,0.52042347355143,26.862775397153,46149.124
4.2095807759878,0.522237805158857,26.854759947894,46152.046
4.20979169876822,0.517509803593625,26.845843806302,46154.968
4.2099159728416,0.520845941290562,26.8357065016573,46157.874
4.21001029313472,0.518752390957919,26.8290729015706,46160.78
4.20990807497931,0.518183590840478,26.8226138523251,46163.686
4.20994546980803,0.520846470266912,26.8117646857848,46166.608
4.21023808164584,0.521494786884994,26.8086027014089,46169.514
4.21008896016254,0.521504019811914,26.7958033459706,46172.436
4.21016383671707,0.520602078762351,26.791881640285,46175.374
4.20998242832667,0.520577612822371,26.7836193923462,46178.327
4.21033536801781,0.519327937356422,26.7840060810035,46181.233
4.21040307021584,0.518929142177362,26.7779089593687,46184.155
4.21061833992439,0.520352875891165,26.7849329337183,46187.061
4.21092278908132,0.522513709383526,26.7686263668315,46189.983
4.21049629567532,0.517622381370248,26.7669291696909,46192.889
4.21096337990086,0.519745641769385,26.76259431797,46195.796
4.21107124769605,0.517970561915114,26.7447207318733,46198.702
4.21083258668882,0.518245273239966,26.7466066180652,46201.624
4.2111144693802,0.513968875697828,26.7389710085864,46204.53
4.2111646257236,0.516997894883836,26.7451098266801,46207.436
4.21122046623413,0.516569881032237,26.739038079477,46210.389
4.21126452789019,0.51583547722866,26.7282893942414,46213.296
4.21165162497248,0.516615731919626,26.7219239601789,46216.218
4.21153013574188,0.516911610153945,26.7183141639018,46219.124
4.21178435460556,0.517570166474062,26.7061242476123,46222.03
4.21170989707867,0.518264758657765,26.6803138531505,46224.952
4.21187647491599,0.517103995848544,26.6820256120047,46227.858
4.21213509128799,0.515141574197702,26.6958520785623,46230.78
4.21198142668942,0.51473927541221,26.6920210324168,46233.702
4.21198893874158,0.517276680969104,26.6654618902912,46236.608
4.21263104080953,0.516638914876737,26.6630557061593,46239.514
4.21041006393546,0.49458983039257,26.6728053394601,46242.421
4.21051531081972,0.492876457501837,26.6551038700697,46245.358
4.21040688728239,0.49403759363166,26.6486063182264,46248.28
4.21048034455803,0.498984565964751,26.6446772844074,46251.186
4.21086893077279,0.493144946462611,26.6296688479275,46254.124
4.21069885122964,0.493384083598189,26.6255122687,46257.061
4.2108702267424,0.490880919071403,26.6246210022502,46259.983
4.21096272147388,0.491125275037517,26.6216381768659,46262.889
4.21088281833773,0.494163228077089,26.615208690986,46265.811
4.2107846414431,0.491609637469318,26.6098689057514,46268.718
4.21108998512555,0.490541249633557,26.6073719385035,46271.624
4.21129191378202,0.492244201674195,26.5948819555591,46274.53
4.21135713057049,0.492878763008905,26.5891156172469,46277.452
4.21127522959479,0.49368428363919,26.5808974584395,46280.358
4.21141761451255,0.490183009916657,26.5756147434556,46283.264
4.21125054442925,0.488211672010989,26.5704974830592,46286.171
4.21174327564203,0.493465489094711,26.5631006754755,46289.108
4.21165867087296,0.489449680803799,26.5519352192359,46292.03
4.21161443018973,0.491970438387658,26.5592639058233,46294.936
4.21189649771293,0.489794438331406,26.5488464919068,46297.843
4.21212452714008,0.493540157366972,26.5426274687901,46300.764
4.21196573725851,0.49105677232474,26.537378997824,46303.671
4.2124098805668,0.488965709401567,26.5275391152581,46306.593
4.21223916457108,0.485245236560513,26.5201558331394,46309.499
4.21159836329591,0.490380591835584,26.5191976437708,46312.421
4.21258251203047,0.494017258049072,26.509801008455,46315.327
4.21068520453239,0.466782598457213,26.5100190581435,46318.233
4.21060767104395,0.468533203877399,26.4999476454686,46321.155
4.21126638576218,0.463629309044427,26.4905906656125,46324.077
4.21079150656852,0.468403913208484,26.4878767660471,46326.983
4.21054094442214,0.469660582291711,26.4776332610041,46329.889
4.21116275100481,0.464141268064163,26.4752960243907,46332.811
4.210686296685,0.466154144117931,26.4722888593494,46335.718
4.21044706847869,0.468764102799413,26.469691458611,46338.624
4.21098448588236,0.468651960636917,26.4649353192497,46341.546
4.2113844240786,0.463385798059278,26.4616682157327,46344.452
4.21092200828931,0.46659749037342,26.4519221798551,46347.389
4.21085914972638,0.465345946484265,26.4480713030819,46350.311
4.21131545709768,0.46419624501114,26.4401830918367,46353.218
4.21163005468934,0.466766370764046,26.4341595748175,46356.124
4.20914127543173,0.448203242411081,26.4202682437445,46359.046
4.20940607275799,0.440853746645856,26.4210467248896,46361.952
4.20962906557638,0.441546803053598,26.420885776877,46364.874
4.20966120577526,0.442040976529434,26.4137591310232,46367.78
4.20946675666799,0.443509218275296,26.4043016398253,46370.702
4.20966178217068,0.444333273381823,26.4043175726081,46373.608
4.20988148914048,0.440200341400825,26.3935276876218,46376.561
4.20949185000485,0.444765493599695,26.3874610367554,46379.53
4.2095018569939,0.442415888562335,26.3822045704675,46382.483
4.20948717751299,0.445715590719353,26.3862648845625,46385.546
4.20943069312045,0.440278608162377,26.3820007795173,46388.546
4.20983800229927,0.445410215956518,26.376375403623,46391.468
4.20985250974161,0.445154401805237,26.3769256849596,46394.389
4.2103351635624,0.437830230908272,26.3555023589002,46397.296
4.21010424488578,0.44434754443425,26.3485242061073,46400.218
4.21005574933592,0.441073215121815,26.3520872917357,46403.124
4.20983948250139,0.445570134273281,26.3588661496015,46406.046
4.21020388845871,0.445359533703628,26.3618211022591,46408.952
4.21004814046632,0.438165794197656,26.34204804675,46411.874
4.2102208297683,0.441492601625427,26.3441645931935,46414.78
4.21047794911128,0.441720512355127,26.3452663549378,46417.702
4.21046131297708,0.439967120743214,26.3386737285562,46420.624
4.21055016995884,0.44182769589857,26.336038273933,46423.561
4.2104049691187,0.442207833155419,26.3336759274601,46426.561
4.21083316778282,0.438653739639114,26.3307681238959,46429.53
4.21064130928653,0.444128832899354,26.3223412063001,46432.452
4.21072930359659,0.44261198805023,26.310280017314,46435.421
4.21058365970272,0.441598680789726,26.3056905849986,46438.327
4.21102186084542,0.443804956855348,26.3012165871025,46441.249
4.21098818653167,0.442341916884586,26.2992930229574,46444.155
4.2113211385531,0.442056494962069,26.2803907986703,46447.077
4.21135036846566,0.435890964820535,26.2770358407645,46449.983
4.21124132834408,0.439180056234787,26.2771891262481,46452.905
4.2114399691017,0.437584264839042,26.2678501255722,46455.811
4.21156939014386,0.4402503481684,26.259648896079,46458.733
4.20960623449905,0.42080234638406,26.261491018997,46461.655
4.20973276584006,0.411602219396384,26.2623019922055,46464.561
4.20936501233166,0.416517341463563,26.263284924451,46467.483
4.20957166395007,0.414901310910787,26.2526790014871,46470.389
4.20957148114407,0.412945831044101,26.2553597347546,46473.296
4.20976412724471,0.415140797406001,26.2542354349558,46476.218
4.20983303975605,0.417438720676028,26.2489575609513,46479.139
4.20992200150913,0.414914048170853,26.2464768395339,46482.061
4.20986560663503,0.414785704195509,26.2335313032711,46484.999
4.20966623581472,0.41590719141067,26.2228615557447,46487.905
4.20970904621712,0.416740817942833,26.2097241547262,46490.827
4.20984453496807,0.419508065434415,26.2070645722309,46493.733
4.20993409862504,0.413922972353992,26.2031636230978,46496.655
4.20992573655525,0.415335551255276,26.2026958191683,46499.577
4.20999499397157,0.41535617924389,26.2009340413966,46502.483
4.21026041079543,0.415051167517585,26.2007085291688,46505.405
4.20998985984396,0.417687070017372,26.1946891928026,46508.311
4.21035013626672,0.413274630268586,26.185377076397,46511.233
4.2105353719302,0.409809154567063,26.1895194932781,46514.139
4.21033761372323,0.415507069718493,26.1863678330593,46517.093
4.21053266894138,0.414960582887768,26.1742644938176,46519.999
4.21049359639506,0.414992209693573,26.1770819621745,46522.921
4.210649104348,0.413917331780071,26.1669068743389,46525.843
4.21085155972551,0.415245072021946,26.1588609313454,46528.749
4.21107903310203,0.415053205108917,26.1501949918096,46531.686
4.21100836121344,0.409828680139125,26.1522917987246,46534.608
4.21108382278904,0.40927150019259,26.1472747651562,46537.53
4.21095897665922,0.411958677738442,26.1418187780776,46540.436
4.21101296313681,0.411992032923544,26.1462721521437,46543.358
4.21116460063519,0.415118865139931,26.1314635466372,46546.264
4.21128534565911,0.412014340270984,26.1354292452304,46549.186
4.21168155083176,0.411160672778833,26.1333595721186,46552.108
4.21125867867754,0.410782935862703,26.130449406814,46555.014
4.21148999823566,0.412573466053008,26.1244272292575,46557.936
4.2115870398301,0.410908969127547,26.1161761003073,46560.843
4.21181648638379,0.412835814162577,26.113757210171,46563.796
4.21182122327346,0.411748820644992,26.1003975087019,46566.702
4.21160494327267,0.412718563594466,26.101623033905,46569.624
4.21183655600113,0.412570877559776,26.09372198702,46572.53
4.2119917213166,0.412974737683886,26.0886683858833,46575.452
4.21199438773502,0.412547124814938,26.0920638258907,46578.358
4.21239780879178,0.410199457420433,26.0844916200326,46581.28
4.21245920095712,0.410172295356465,26.0795661114573,46584.186
4.21231860593871,0.407066928800714,26.0859071065175,46587.108
4.2123213874,0.410926290373316,26.0739941291545,46590.014
4.21279815027212,0.410700891515098,26.0722686109358,46592.936
4.2107187938411,0.386597212468282,26.0642802158884,46595.874
4.21069790188158,0.389274790795488,26.0725543612692,46598.78
4.21058244809615,0.389091656185451,26.0597206429981,46601.686
4.21068078266821,0.386737806355456,26.0598627277779,46604.608
4.21073667523154,0.383433658193529,26.0585945857747,46607.514
4.21083922391441,0.387712995593401,26.0525614008169,46610.436
4.21079211851819,0.387264987539141,26.0396982713728,46613.343
4.21099588162691,0.386135029865137,26.0335664422328,46616.264
4.21091765500603,0.38800961406044,26.0216603823955,46619.171
4.21105129293823,0.386931629871075,26.019184371805,46622.077
4.21097166274698,0.387949441926523,26.0164740441743,46624.999
4.21107406024266,0.386902334445809,26.0100357208056,46627.936
4.2112390514478,0.38657889997268,26.0019084026508,46630.843
4.2111000665769,0.386965691920484,25.9962189314452,46633.764
4.21126370580926,0.386622366898845,25.9966312128093,46636.671
4.21136494405101,0.385333635574621,25.9936805644867,46639.577
4.21137252126151,0.386496596129959,25.9912729509856,46642.499
4.21157176874242,0.383398792609858,25.9814477067824,46645.421
4.21182204365328,0.386217359188128,25.9736985162563,46648.358
4.21152252350205,0.38673993206399,25.9730861331123,46651.264
4.21167105383453,0.386249953887472,25.9653367466032,46654.171
4.21164649041584,0.38522522800187,25.9642774033344,46657.093
4.21180846499928,0.385112439764303,25.9523492073654,46659.999
4.21189485910642,0.385827995766729,25.949847506631,46662.921
4.21190447667972,0.387888662142084,25.9459651114159,46665.827
4.21193949117523,0.383906879972698,25.9435868552417,46668.733
4.21213659525505,0.383209943552258,25.9447467901733,46671.655
4.21214805365989,0.385693407498982,25.9472473896022,46674.561
4.21236955284827,0.386522101301446,25.9441366625205,46677.468
4.21230849038293,0.384640519091206,25.9420797750954,46680.421
4.21237073184777,0.384588626769212,25.9325034293906,46683.327
4.21249502996746,0.386173506128452,25.9219659581538,46686.233
4.21272251111627,0.385393905555808,25.9231919160838,46689.155
4.21082813299039,0.362492746967556,25.9246630926137,46692.061
4.2108479506836,0.362585950226966,25.9269465029224,46694.983
4.21068273793411,0.36063245721451,25.9259854305259,46697.889
4.21053283417962,0.359258545047349,25.9150354921212,46700.811
4.21085556263237,0.359315756134507,25.9041077062675,46703.749
4.21076845822672,0.362046639381663,25.8965543132964,46706.655
4.21078711654456,0.360105389203635,25.8938756646609,46709.577
4.21074559543689,0.35992028784289,25.9001904722621,46712.483
4.21097849359604,0.361099345756125,25.9000839762724,46715.389
4.21093467028019,0.360573210763812,25.8958283850633,46718.296
4.21116923415561,0.360133834131426,25.8816984049877,46721.218
4.21065470266063,0.360266984811915,25.8790244016065,46724.124
4.21104041681317,0.360158740018442,25.8782075801587,46727.046
4.21105804228235,0.359487941433932,25.86771075114,46729.952
4.21116438962759,0.36188700434386,25.8640475871646,46732.858
4.21147844413612,0.360729776639405,25.8613330085439,46735.796
4.2114963418151,0.362042606182897,25.8493646607021,46738.718
4.21112466148204,0.361525728985989,25.8505665679184,46741.624
4.21149171156283,0.363706788976277,25.84857703649,46744.53
4.21156817183972,0.361043249138497,25.8498472642227,46747.436
4.2114203137159,0.35869932076571,25.8400923911175,46750.374
4.21163509563715,0.358998665177014,25.8288259337698,46753.28
4.21159482483717,0.360678722815263,25.8186885491501,46756.202
4.21177417704103,0.360474794039479,25.8129305686216,46759.108
4.21174713891853,0.360338738638106,25.8137599551196,46762.014
4.21189890441941,0.359186638134964,25.8097554740224,46764.936
4.2118517733912,0.35693173872255,25.8096674207847,46767.843
4.21213602781424,0.358115479519891,25.8072162339978,46770.749
4.21221912413733,0.357264894516702,25.8034583151212,46773.655
4.21202670247279,0.359749609879549,25.8022820131576,46776.577
4.21217054420353,0.358587472922328,25.8037360488237,46779.483
4.21223630331069,0.35935420545293,25.7925349896124,46782.421
4.2124067926213,0.359722403479512,25.7854189631153,46785.343
4.21228883596801,0.358547508928829,25.7806287398232,46788.249
4.21234886933556,0.35704687451412,25.7818838301067,46791.171
4.21233929718557,0.359634082833585,25.773960815895,46794.077
4.2126695217706,0.356752924384201,25.769636945996,46796.983
4.21068059241857,0.337184737964225,25.7649370385543,46799.905
4.21075983577753,0.336041263917136,25.7614942475302,46802.811
4.21061948965351,0.335791244582547,25.7649055548236,46805.733
4.21062778374176,0.335597772896187,25.7619589445851,46808.639
4.21060289819609,0.337828627317062,25.7546304317815,46811.546
4.21080749537732,0.338431396850266,25.7543209199308,46814.468
4.21065071992313,0.336867786478732,25.7405824451248,46817.389
4.21055687009519,0.334548882861335,25.7303919001895,46820.296
4.21066724491076,0.335793316930354,25.7280510862769,46823.218
4.21078394223845,0.336081447302433,25.7345481262504,46826.155
4.21078667979246,0.333163145637954,25.7377371894879,46829.171
4.21087185594068,0.335587356613476,25.7302028292688,46832.093
4.21095916342725,0.337389860970503,25.7317003914772,46835.014
4.21081321044871,0.335899218152066,25.7257759085909,46837.921
4.21086750388973,0.336758689951456,25.7193195604441,46840.843
4.21072054352736,0.333540491602707,25.723158660076,46843.749
4.21114071273284,0.335441913881258,25.7152206015195,46846.655
4.21097536769004,0.33642779608824,25.7051155011625,46849.577
4.21126957858807,0.334570824150734,25.7090280227544,46852.483
4.2112269967988,0.334196493084467,25.705301053355,46855.389
4.21126246544781,0.333229209627916,25.700631729783,46858.296
4.21132228261187,0.335429624590594,25.6941175127833,46861.233
4.21155458122771,0.331511812763096,25.6884829015119,46864.139
4.21130042708151,0.335690563673241,25.6912066535081,46867.061
4.21162735240964,0.336085798428415,25.6918553380133,46869.968
4.21137391631733,0.334538486699001,25.6869097225668,46872.889
4.21168102761866,0.332472724878359,25.6769249558745,46875.796
4.21153157088802,0.334234076581981,25.6721469148141,46878.718
4.21176658668721,0.333755616181905,25.6777210229522,46881.624
4.21173236851637,0.330871033938064,25.6791324367355,46884.561
4.21195184182351,0.335134737478979,25.6760597380329,46887.483
4.21194909185187,0.333746141971728,25.6646986010493,46890.436
4.21193985195331,0.333029279416137,25.6524197659676,46893.405
4.21197833791127,0.333200385368572,25.6441962197126,46896.327
4.21204190691756,0.335485244721603,25.644809036556,46899.233
4.21202306342841,0.33087350376069,25.6434483713341,46902.186
4.21225416552638,0.332782566592691,25.6383847974563,46905.093
4.21235077530849,0.33602005109482,25.6288642847314,46907.999
4.21228730891033,0.331753351578464,25.6327670188184,46910.905
4.21232786617005,0.331218330263384,25.6307108416912,46913.827
4.21228250566834,0.332318635068075,25.6336887705735,46916.733
4.21253917417415,0.333020693456978,25.6289999405316,46919.639
4.21267731805911,0.332349590449667,25.62854671711,46922.546
4.21250995917902,0.334005144708744,25.6269816658685,46925.468
4.21282454232904,0.334060527301098,25.6177774263189,46928.374
4.21274327962725,0.331866030952376,25.6173655175942,46931.296
4.21285784469499,0.33029760555297,25.6045835868601,46934.233
4.21300933610438,0.328463007717561,25.6118876213656,46937.139
4.21281866951007,0.331595220222527,25.618326819697,46940.046
4.21303020158261,0.330375799977334,25.6181814667201,46942.952
4.21303468307021,0.330159088015678,25.6109726089124,46945.874
4.21320305647881,0.329332995896054,25.6045325500964,46948.78
4.21333786433787,0.331454977137217,25.5986402357775,46951.686
4.21337764805136,0.335408448998685,25.5971068034026,46954.608
4.21365552374098,0.333539223240132,25.5927857949335,46957.514
4.21159878060482,0.308478843813535,25.5753512204537,46960.421
4.21127125911635,0.310807441539469,25.5863945509437,46963.327
4.21124592670007,0.306574028841354,25.5793408477111,46966.249
4.21154633477032,0.307232973385155,25.5766915273539,46969.171
4.21148443908184,0.307597902399193,25.5778793909772,46972.077
4.21152057160792,0.307063555599432,25.5808256955374,46974.983
4.21158449965195,0.308097865631741,25.5813518958792,46977.905
4.21146346524675,0.304450685701744,25.5718594029921,46980.811
4.21162838119911,0.308088818927423,25.5583900456096,46983.718
4.21156783450467,0.306521823370333,25.5494519446988,46986.639
4.2113696525194,0.311898156557586,25.5557770340691,46989.546
4.21168878956031,0.306443463872363,25.5516815988286,46992.468
4.21159091992083,0.30790335404772,25.5493415473242,46995.374
4.21158728456268,0.309041256831919,25.5478672414144,46998.28
4.21171002583717,0.309097169292575,25.5402353964666,47001.202
4.21180696585257,0.30811975251362,25.5366273698152,47004.124
4.21201297048794,0.308490179324938,25.5316551583959,47007.03
4.21185422215593,0.306990137097265,25.5308215504593,47009.936
4.21185135219395,0.308669274857719,25.5202316803559,47012.843
4.21196731699407,0.304658279852212,25.5288394862064,47015.764
4.21193107769997,0.304311432245348,25.5232990748036,47018.686
4.21194005975714,0.307799108588213,25.5183350114985,47021.593
4.2119381905065,0.306264455949141,25.5170834808502,47024.499
4.21225009517347,0.306138742853383,25.50620956552,47027.405
4.21217902323219,0.304548372565634,25.5106041727377,47030.343
4.21204952216699,0.306769231336609,25.5047457104071,47033.28
4.21234559149099,0.30737046359756,25.503902079488,47036.202
4.21234932496068,0.306041305268438,25.500659124246,47039.108
4.21210362341232,0.306478266925053,25.4988054663814,47042.03
4.21220198528136,0.30507206413206,25.4939238131561,47044.936
4.21254745030698,0.303528601642122,25.4846246633514,47047.843
4.21250348231948,0.303106098232381,25.4866555111505,47050.764
4.21265113777305,0.30816349877118,25.494108733634,47053.671
4.210665997267,0.285619114631089,25.493054926306,47056.593
4.2106891839469,0.283106159716059,25.4908411103287,47059.499
4.21061140714748,0.281800964341944,25.4794502443048,47062.421
4.21075436664487,0.284922766883337,25.4731479337921,47065.358
4.21073400040745,0.281863016541251,25.4746929908326,47068.264
4.21049915966863,0.2859926507354,25.4743020553509,47071.186
4.21031649272328,0.283821160071154,25.4762899178659,47074.093
4.21078042253859,0.282585506055711,25.4696762535612,47077.014
4.21064050321,0.280973250916579,25.4625832122108,47079.921
4.21083227761476,0.283865546778046,25.4646434302529,47082.827
4.210634548582,0.282556521823301,25.4602466507746,47085.733
4.21062252752475,0.282284636507723,25.4496222239163,47088.639
4.21081081334937,0.282003978439334,25.4384498452398,47091.561
4.21081683213539,0.284581321813875,25.4391851231518,47094.468
4.21078597752809,0.283555724547241,25.4398026586173,47097.389
4.21095716860512,0.281442921954005,25.4291045862287,47100.296
4.2106011265446,0.281763944669113,25.426071616668,47103.218
4.21086911925188,0.281914317506555,25.4278702810881,47106.124
4.21091271668043,0.282073828547061,25.436743936303,47109.046
4.21092491223355,0.278635544453051,25.431583716184,47111.952
4.21116069817502,0.28087123761434,25.4194833537059,47114.858
4.21123282942461,0.284094799957884,25.4239795389283,47117.78
4.2110013916806,0.278452530209412,25.4208733659243,47120.686
4.21109263896596,0.283478128887844,25.4282567691475,47123.593
4.21113687234431,0.28284250140439,25.4256179319106,47126.514
4.2109047810268,0.280191480527876,25.4073574330949,47129.421
4.21114965329399,0.280010857972781,25.3989975614147,47132.343
4.21116624171383,0.279774918406124,25.4092814973441,47135.249
4.21117079499934,0.280049672597979,25.4025783241165,47138.171
4.21120797508325,0.282494492728556,25.3882753985077,47141.077
4.21138749340213,0.28032292211492,25.3878275154113,47143.999
4.2113792409383,0.281752977725852,25.3919669434478,47146.905
4.21163892847492,0.281235467935443,25.3854315598823,47149.811
4.21150334035502,0.28218189943989,25.3868618186035,47152.718
4.21132878268701,0.281318437714723,25.3781546022274,47155.639
4.21159165580334,0.281121694325147,25.3765211997429,47158.546
4.21158479005417,0.280417115465354,25.3738645087976,47161.468
4.21172148557603,0.28005733259472,25.3685120452175,47164.374
4.2116339668547,0.280238670649842,25.3600279512503,47167.28
4.2118489273413,0.279575410001131,25.3555681114111,47170.186
4.21180720155362,0.279846887064448,25.3513481775659,47173.093
4.21180953325671,0.279731113014201,25.3511411431758,47176.03
4.21187576566414,0.279753914640853,25.348769484907,47178.968
4.21190058181049,0.279722141227049,25.3484350873173,47181.874
4.21193821164878,0.280456384441117,25.3582665499832,47184.78
4.21197653353349,0.279311936546768,25.3544558865783,47187.702
4.21194145994544,0.278859037601565,25.3555505310645,47190.608
4.21235909991115,0.279927182022667,25.3496430959625,47193.514
4.21219584007915,0.278713137341329,25.3455393312287,47196.421
4.21246555176948,0.279174062209431,25.3330059022929,47199.343
4.2120460482783,0.281525128813896,25.329536045153,47202.249
4.2124283961016,0.276044550617888,25.3311453194622,47205.155
4.21216856474322,0.279607383846648,25.328514156769,47208.061
4.21243761995039,0.279695134497203,25.3210051914412,47210.999
4.21268285589804,0.279117576409461,25.3091909952135,47213.905
4.21063983487868,0.254140055989008,25.31128378625,47216.827
4.21066332326216,0.258579671678514,25.3135969681936,47219.733
4.21055968236299,0.256937318521837,25.3090103934359,47222.639
4.21059663057332,0.257283112177642,25.3050010020258,47225.546
4.21060631231242,0.256886020773209,25.3117956187176,47228.452
4.21075437593114,0.256816890501105,25.3074447385811,47231.374
4.21071391655427,0.256791107651378,25.30374239849,47234.28
4.2106318619608,0.25576295413306,25.2928384739422,47237.186
4.21054329568375,0.257059951560236,25.2915924882217,47240.093
4.2105929696824,0.262242057368061,25.2891883733808,47243.014
4.21076077380431,0.255303140006943,25.2833675474164,47245.921
4.21061836579842,0.257228438646654,25.2816156018927,47248.843
4.21091878924123,0.257328708800501,25.2808281407713,47251.749
4.21046320283304,0.256658797812994,25.2758119492947,47254.655
4.21087407163756,0.258050231736488,25.2733860170676,47257.561
4.21065886448007,0.257072827159579,25.2750169245651,47260.468
4.21100784096196,0.254538617312957,25.2811948592047,47263.389
4.21078072888358,0.254792349038874,25.2824357236807,47266.296
4.21070941399381,0.256456429698531,25.2775987735408,47269.202
4.2111436950078,0.25872917544599,25.2772989400505,47272.108
4.21086406410241,0.258262239266204,25.2764107241784,47275.014
4.21071625636288,0.252695398799403,25.2749179008114,47277.936
4.21098724477965,0.25684579179246,25.2744514705019,47280.843
4.21101003828135,0.255180333634762,25.2773396686845,47283.749
4.21098953324125,0.257526641417949,25.2585348683126,47286.671
4.21109700955209,0.258684503983755,25.2538227461446,47289.577
4.21127282387347,0.256369386824968,25.2431269938935,47292.483
4.2108384704212,0.259054111903869,25.231763997737,47295.389
4.21117492242035,0.254564805944488,25.2354061305056,47298.296
4.2114820841041,0.254692637361192,25.2426923169922,47301.218
4.21125202954343,0.251856498565503,25.2436097970214,47304.124
4.21135283861637,0.256615047633733,25.2351252611105,47307.03
4.2112520653645,0.255236400092387,25.2375144747846,47309.952
4.21107766103214,0.254293802038875,25.2336579243591,47312.874
4.21123249639763,0.255675019280425,25.2326099693038,47315.78
4.21157769611585,0.256137853934943,25.2290989874053,47318.686
4.21154726962533,0.254838155697826,25.2280200117608,47321.593
4.21166782958734,0.254724098903606,25.2174456955089,47324.514
4.21155844272604,0.253983560877811,25.2220999483021,47327.421
4.21126716619552,0.255220442373722,25.2146735667839,47330.327
4.2116357818236,0.254149260160574,25.219059114492,47333.249
4.21177317695196,0.254376467742571,25.2052415648096,47336.155
4.21171707720204,0.253158022423319,25.2012794726679,47339.061
4.21187220880397,0.253950205603073,25.1938080377305,47341.983
4.21170042811385,0.253408004055023,25.1927460285387,47344.889
4.21192341108059,0.254478856980302,25.1963504267232,47347.796
4.21214596400239,0.255255397939097,25.1972894876182,47350.733
4.21209618594499,0.252777338096933,25.194170407387,47353.655
4.21161798954787,0.25294007410884,25.1970371277465,47356.561
4.2118711336071,0.256156467661457,25.1903048482558,47359.468
4.21213692984997,0.251050563478916,25.1932607633701,47362.374
4.21213052484057,0.259486827153192,25.1856415591639,47365.28
4.21229496036865,0.257532408598556,25.1845787795687,47368.202
4.21221873079164,0.251042940073788,25.1903585117586,47371.108
4.21215721962072,0.253512013288953,25.1779627491412,47374.014
4.21245134462662,0.257049543612087,25.1814169716875,47376.921
4.21203895911505,0.256537727150284,25.1825298125069,47379.827
4.21232033893365,0.251938660747956,25.1714893247638,47382.764
4.2122283516415,0.252139446158307,25.175559636521,47385.686
4.21233612346657,0.251755435854966,25.1686186298765,47388.593
4.21236155555868,0.253711996750577,25.1698490474911,47391.499
4.21232089511897,0.255759305305498,25.1644095618769,47394.405
4.21261113718645,0.253321686623786,25.1600302040124,47397.311
4.21248762045377,0.257196288725473,25.1638434737203,47400.233
4.21274812952739,0.253063831074257,25.1545700332698,47403.139
4.2124943882892,0.254194310619569,25.1560002820275,47406.093
4.21277000193953,0.254062197977475,25.1625904251085,47409.077
4.21276667572136,0.247990943748549,25.1571252756616,47412.014
4.21312879493281,0.254733309412922,25.1476982900985,47414.921
4.21288364686538,0.252499210771754,25.1417932415038,47417.827
4.21322889373467,0.250092914611491,25.1359269185544,47420.764
4.21325493142673,0.253250352856684,25.1284315320728,47423.671
4.21303253133118,0.250078233463436,25.1304099920912,47426.577
4.21310223885182,0.251075355097796,25.1316039702437,47429.483
4.21354006714451,0.251836164538108,25.1228211443027,47432.389
4.21329772147437,0.253204122772278,25.1194097399988,47435.311
4.21307438040072,0.253458825604566,25.1163554518686,47438.218
4.213351781141,0.25096518145524,25.1151418157911,47441.124
4.21329988346061,0.249312177852941,25.1187016880311,47444.03
4.21357988014509,0.250000834202052,25.104677883465,47446.936
4.2118443422027,0.229291626115843,25.1085847547462,47449.858
4.21149328707641,0.234930207383531,25.1190245445005,47452.796
4.21162399497167,0.230976750067836,25.1160452360409,47455.702
4.21152589264371,0.230477212755924,25.1059939445885,47458.608
4.21160034663697,0.230378354025212,25.1136121981702,47461.514
4.2113029731893,0.230237811269101,25.113203443886,47464.436
4.21141929144717,0.227250457583783,25.1096933441144,47467.343
4.21154610834295,0.231798400640095,25.1067926451193,47470.249
4.21175227576682,0.231764038031522,25.1124022062089,47473.155
4.21123444816415,0.230050678975662,25.102847942454,47476.061
4.2115161709272,0.228053323261544,25.0998444834482,47478.983
4.21165351176079,0.225853287578254,25.0980584570973,47481.889
4.21133575595305,0.230122636027123,25.0972912507214,47484.796
4.21172802441892,0.229472921990265,25.1017964683798,47487.718
4.21204384814803,0.232064794183245,25.1044048115137,47490.624
4.21168640724657,0.229283794433787,25.0941594263012,47493.53
4.21147648633643,0.228180459404764,25.0893307118015,47496.436
4.21182220745393,0.230807396876083,25.0868542979616,47499.343
4.21178476614923,0.229672258408758,25.0797981148309,47502.249
4.21182197272873,0.226186354548946,25.0712771782792,47505.171
4.21158957138925,0.228686440409908,25.0743260305122,47508.077
4.21183563674286,0.226896666867813,25.0649256714826,47510.983
4.2116621228695,0.230285625564299,25.0673921762679,47513.889
4.21205633303108,0.227492972856018,25.068962847572,47516.796
4.21180637270294,0.229977668841452,25.0638893368767,47519.718
4.21198036721472,0.23321018153095,25.0620595751337,47522.624
4.21189089191658,0.226434558455901,25.0659470152313,47525.546
4.21207391283032,0.229474286812617,25.0444102588565,47528.452
4.21205419091118,0.231519905763088,25.0449393071402,47531.421
4.21210032436158,0.233283234246021,25.041256571438,47534.358
4.2118960541097,0.22920139666422,25.0384855724364,47537.389
4.21211338087816,0.228382235891314,25.0370920133395,47540.405
4.21214815284053,0.229268715581346,25.0341681222688,47543.311
4.21237598814557,0.228926639027652,25.0370153643217,47546.218
4.21201044726194,0.230077361729133,25.0359510741495,47549.124
4.21215154265984,0.226068519576543,25.0358718122085,47552.046
4.21215539601524,0.228928152133217,25.0332513535238,47554.952
4.21251520159485,0.233252946191314,25.0252146314173,47557.858
4.21263032905074,0.227952533807309,25.0276169158906,47560.764
4.21247424139353,0.226083704874615,25.025155704316,47563.671
4.21261660348362,0.229225688917394,25.017228051223,47566.577
4.21239053083406,0.226883516198224,25.0172501727579,47569.483
4.21265440706632,0.226569207463698,25.0093516667687,47572.389
4.21266746815357,0.225325837224448,25.0126947459685,47575.311
4.2125514395273,0.223590564010524,25.0072515353028,47578.218
4.21276160537244,0.225843014685141,24.99553465326,47581.124
4.21262831432063,0.225921445028938,25.0027162900535,47584.03
4.21287754452446,0.232499457457095,24.9973405472297,47586.936
4.21280309313327,0.224170420245412,25.0105038889943,47589.843
4.21285507314433,0.224054175184161,24.9958066157202,47592.749
4.21267672628806,0.227258766124077,24.993146339544,47595.655
4.21295840522458,0.223130913218913,24.9889602381864,47598.561
4.21291657716497,0.222391496399271,24.9899432502672,47601.468
4.2130058449877,0.228506595314837,24.9914824906496,47604.374
4.21319103426245,0.225654628281095,24.9901952046695,47607.28
4.21315890072257,0.224425385803817,24.9904695158021,47610.186
4.21292476368255,0.22580813701963,24.9869332143552,47613.093
4.21284449517073,0.227415573887265,24.9885036971457,47615.999
4.21324259474678,0.228346102582101,24.9822218307704,47618.905
4.21324173525475,0.225054474351402,24.987282119984,47621.811
4.21328861218242,0.226740488270394,24.9772732382891,47624.718
4.21350853082069,0.220915817829785,24.9793065315955,47627.624
4.21329749764642,0.224406926833804,24.9774692843278,47630.53
4.21332407786713,0.22296897606341,24.9683286223841,47633.436
4.21352574668621,0.224720124089656,24.9665281415401,47636.343
4.21346329697661,0.225531805403597,24.9583608089262,47639.249
4.2135759940032,0.225305514419238,24.9541626057437,47642.171
4.2115055730965,0.204076906548143,24.9579446934917,47645.077
4.21130174701372,0.202231611669533,24.9594782112505,47647.983
4.21146996476457,0.203793791366041,24.9616628955058,47650.889
4.21115492330303,0.204222476476508,24.9579978225123,47653.796
4.21134008784011,0.20048594528649,24.9561653253196,47656.733
4.21134477875649,0.202914194850636,24.953716051487,47659.671
4.21133706702669,0.204573313657408,24.9627875714226,47662.577
4.21110142684633,0.203192285004897,24.9615948287459,47665.483
4.21159500402439,0.200965373048543,24.9586762642152,47668.389
4.21115968260068,0.198682320439009,24.9525806964016,47671.296
4.21150773903504,0.201351441653252,24.952093626958,47674.202
4.21143389740162,0.206536214070866,24.9495471709473,47677.108
4.21120692259613,0.196339995966864,24.9422025437563,47680.03
4.21093673612141,0.200568317560636,24.9324423757921,47682.936
4.21155032251846,0.199018334166006,24.9342328018496,47685.843
4.21131088618876,0.202634125354857,24.9388418005814,47688.749
4.21135763497266,0.200971554869841,24.937209006527,47691.686
4.21130319496627,0.201162215614598,24.9334268725448,47694.593
4.21145094668397,0.203875521974995,24.9310899990175,47697.499
4.21112616858612,0.203266991025577,24.9350668648545,47700.405
4.21149553395951,0.200865169033705,24.9301655071883,47703.311
4.21156502617927,0.203542511813268,24.93817745359,47706.218
4.21161566688394,0.203006584630967,24.9268992354822,47709.124
4.21133909863534,0.204918445906919,24.9167909241113,47712.046
4.2117787400339,0.201128024208232,24.9255194736927,47714.952
4.21148050104938,0.204997154303164,24.9253155469351,47717.858
4.21141207782129,0.203586485300886,24.917135114107,47720.764
4.2117207140213,0.200645095653807,24.9068045989759,47723.671
4.21131292263942,0.201913615116145,24.8938156385581,47726.593
4.21147066148486,0.202337073334458,24.897637541258,47729.499
4.21171108482853,0.203402030766366,24.9057147032255,47732.405
4.21149041792015,0.201251958474178,24.8956989167696,47735.311
4.21190038003037,0.198301796320422,24.8953534124684,47738.233
4.21188085983778,0.198288577032887,24.8860634839014,47741.139
4.21204757825021,0.201840618288782,24.8862349413815,47744.046
4.21178215232007,0.203088514425516,24.8850963799663,47746.952
4.21200911246653,0.20035124230381,24.8809409701878,47749.858
4.2119524547822,0.201512372028985,24.8789830360204,47752.78
4.21179847936853,0.199430132180263,24.8757924109319,47755.686
4.21207965019471,0.198442595273718,24.877322104834,47758.593
4.21206472408356,0.204822146223562,24.8810610456263,47761.514
4.21218026528699,0.202487403212836,24.8713777493248,47764.421
4.2121178382292,0.201593445909811,24.8712615019826,47767.327
4.21201835356614,0.204038731494119,24.8766544777512,47770.233
4.21189019188266,0.19876023442707,24.8761456573673,47773.139
4.21213642353215,0.200200275095022,24.8708863684824,47776.046
4.21235379866422,0.199557550393344,24.8725308562491,47778.968
4.21212357986448,0.198709457582076,24.8724222128989,47781.874
4.21202560038756,0.201658776317108,24.8688037684981,47784.78
4.2119593486483,0.20044055296693,24.8687088169536,47787.686
4.21275909677182,0.198907442485773,24.8653528589183,47790.608
4.21222614949076,0.20115444138747,24.8611105470815,47793.514
4.21239425366603,0.203084581806315,24.8563169186688,47796.421
4.21265046806325,0.201220423968836,24.8554678916031,47799.327
4.21229949607257,0.199350887378875,24.8552353239519,47802.249
4.21239486877209,0.197718600675868,24.8593649808107,47805.155
4.21263971320738,0.202928782831781,24.8516832457122,47808.061
4.21263810216846,0.204369352080386,24.8482943481683,47810.968
4.21270166099244,0.199101263021048,24.8352958766208,47813.874
4.21314272966984,0.199789916834265,24.8477552974335,47816.796
4.21248888366472,0.200927288517327,24.8445484082645,47819.702
4.21249008477151,0.200200850948176,24.840841405615,47822.608
4.21262215365874,0.197660027242075,24.845200039098,47825.53
4.21280776975198,0.198744249149207,24.8417753204099,47828.436
4.21280175877759,0.200000982606486,24.831870499193,47831.343
4.2129409188186,0.202011853470062,24.8230356751261,47834.249
4.21289082454311,0.197657081393131,24.8313906525058,47837.155
4.2128667110889,0.201708730946903,24.8358029819285,47840.061
4.21281713464349,0.196844006556645,24.8290449461226,47842.983
4.21298310765566,0.197709333461419,24.8332522220025,47845.889
4.21293407178603,0.198467329299936,24.8404695695758,47848.796
4.21285218882239,0.199329616276384,24.8383902745792,47851.702
4.21313331061901,0.198678620767715,24.8291868574927,47854.624
4.2132266345587,0.197508257526177,24.8297356614223,47857.53
4.21345189830089,0.198514556245812,24.8246224723146,47860.436
4.2132462551715,0.200618817774044,24.8175290517668,47863.343
4.21336578493186,0.198804922255621,24.8213864912764,47866.249
4.21333898171715,0.198372872281812,24.8160497572632,47869.171
4.21342060283675,0.196250223789136,24.8215066581343,47872.077
4.21359361111872,0.199510948729518,24.8130669384559,47874.983
4.21145046075312,0.17666479210813,24.811781024725,47877.889
4.21144482154414,0.17738721942232,24.8103697813622,47880.796
4.21147853356591,0.176305586796054,24.8099706991985,47883.718
4.21127588958342,0.176600527987214,24.8103320659551,47886.624
4.21120178434938,0.17249763825835,24.8111714100684,47889.53
4.21131065929941,0.177191468560336,24.8102493320043,47892.468
4.21115631912327,0.176029608013302,24.8054931622219,47895.389
4.21131655394985,0.176280752081782,24.8015264822264,47898.296
4.21133051219934,0.174005015468162,24.8051196468462,47901.202
4.21121855135619,0.176067552620904,24.7954449929056,47904.108
4.21140060657158,0.175961557364221,24.8025109016506,47907.014
4.21130543248377,0.178330108626284,24.7942819499766,47909.936
4.21118728619938,0.178449212072068,24.795304763981,47912.843
4.21138986472296,0.176353090439428,24.7862662702557,47915.749
4.21126740129139,0.173356842676253,24.7809827465769,47918.655
4.21144913602022,0.176095362851004,24.7774011559374,47921.561
4.21128115069882,0.175398205663837,24.7824393847158,47924.499
4.21119503467884,0.177186156705387,24.7778369400044,47927.421
4.21115733801151,0.176562844714335,24.7885085956608,47930.327
4.21141360009488,0.175868486192742,24.789711362033,47933.233
4.21134386974186,0.176951995614508,24.790382358243,47936.139
4.21148836257207,0.173484452482393,24.7844870248513,47939.046
4.211222040909,0.175562521424656,24.7855411899181,47941.968
4.21140368550183,0.177884177762834,24.7842384385173,47944.874
4.21152665013846,0.176960020655095,24.7807297013815,47947.78
4.21157971347177,0.176498407760668,24.7814320926915,47950.686
4.21150143634769,0.17473084312949,24.7691042111376,47953.593
4.21137077400873,0.177833696558142,24.7806562851617,47956.514
4.21152539506313,0.17657853499714,24.7652240011763,47959.421
4.21144867309887,0.178610447951127,24.7601197300744,47962.327
4.21146937221972,0.176238972950483,24.7612218549031,47965.249
4.21172723277074,0.175681894822471,24.7605345851379,47968.155
4.21159350490289,0.175085922599651,24.7567491834284,47971.061
4.21144466085582,0.177752900312377,24.7434703681262,47973.968
4.21163186493883,0.177167313814954,24.7526463331595,47976.889
4.21174007115367,0.176444733651423,24.7573158371413,47979.796
4.21151738512944,0.1770262452,24.7607434641986,47982.702
4.21164131373181,0.177113077805619,24.759540730044,47985.608
4.21170468501275,0.176895151335072,24.7472906846633,47988.514
4.21158834303937,0.175253212110482,24.7476521853592,47991.436
4.21165770704207,0.17609202232261,24.7447733790097,47994.343
4.21201891689812,0.177923046366097,24.7464576927461,47997.264
4.21189316427982,0.176153923354662,24.7407392942111,48000.171
4.21176269532806,0.177265148451971,24.7435486753725,48003.077
4.21191141924296,0.174813535278556,24.7397049186306,48005.983
4.21181865523785,0.17705846877436,24.7513325894248,48008.921
4.21183476693555,0.173048818929107,24.7406839369335,48011.827
4.21192892096017,0.176528055297818,24.7368766610602,48014.749
4.21184243605023,0.175271443522154,24.7403438810073,48017.655
4.21186417277786,0.171535773242347,24.7352316608025,48020.561
4.21212349524541,0.175378859076191,24.7377157798391,48023.468
4.21197182646423,0.172759050851708,24.7366117670792,48026.389
4.21202873955455,0.177374536078587,24.7338950798071,48029.296
4.21209778981849,0.177415584475971,24.7344436356679,48032.202
4.21203351920724,0.178377000475383,24.7372733347949,48035.108
4.21204089895868,0.178021413307595,24.7289132603997,48038.014
4.21234534371939,0.177338820934637,24.7292011937458,48040.952
4.21207214337921,0.17524279221637,24.724436618001,48043.858
4.21186677259042,0.177276342345962,24.7254651796249,48046.78
4.21235469921433,0.174673282084889,24.7200272256844,48049.686
4.2123978716037,0.176276026263963,24.7101833334769,48052.593
4.21222522934645,0.173967653693807,24.7055347198438,48055.499
4.21266194600048,0.174425362669019,24.7012614199746,48058.405
4.21251674362504,0.175312704792768,24.7014786111753,48061.327
4.21232669893265,0.177036494160101,24.6992293060289,48064.233
4.21268148718751,0.173918050528549,24.6996655930948,48067.139
4.21264301840179,0.174288966957445,24.7000326679729,48070.046
4.21259026348927,0.175257751081159,24.6977655869791,48072.952
4.2125561528059,0.174408970324748,24.691893140814,48075.858
4.21244468109228,0.17118058353602,24.6923350489664,48078.78
4.21269175541142,0.173211751524273,24.6929968730141,48081.686
4.21256842340411,0.173235564083722,24.6965772991112,48084.593
4.21259140247796,0.17697572768439,24.6895188599451,48087.499
4.21280859346608,0.174262325797231,24.6870112827417,48090.405
4.21266078766614,0.175955798612905,24.6864625510183,48093.311
4.21280759148123,0.175065095512879,24.6850146999872,48096.218
4.21303201765942,0.172776531626845,24.6793487411074,48099.124
4.21294571329943,0.174245970321841,24.6867130772471,48102.046
4.21297292078973,0.173933862561075,24.6926412978045,48104.952
4.21307335085747,0.172291485763103,24.685931058313,48107.858
4.21297138546153,0.173519575242636,24.6825339090736,48110.78
4.21315640993137,0.172640503672506,24.6725258741749,48113.686
4.21309289904125,0.172910693259234,24.6598630623166,48116.593
4.21302084797679,0.173974224082113,24.6619780468361,48119.499
4.21287025593598,0.172662346388486,24.6626908701358,48122.405
4.21305911584797,0.171295570776744,24.6650309806504,48125.311
4.21317822450449,0.171798722775176,24.666784660195,48128.218
4.21331665944192,0.172057331733419,24.6650823197864,48131.155
4.21311394813678,0.172952745810725,24.662220992147,48134.061
4.21319441715305,0.17346935772958,24.6704599576518,48136.968
4.21322131179342,0.174325285298556,24.6660700854183,48139.889
4.21330566329454,0.172173552329828,24.6666144242903,48142.796
4.21328349596221,0.171916131646391,24.6687064514541,48145.702
4.21346303147407,0.173026348797481,24.6647601861023,48148.624
4.21343866659928,0.170896635502866,24.6605737924141,48151.53
4.2135515388571,0.17117493464514,24.6513052483842,48154.436
4.21145603271729,0.147278376801654,24.656100606235,48157.343
4.21124373834023,0.147879642211542,24.6514574069475,48160.249
4.2113717316461,0.150286855252726,24.6530862927012,48163.186
4.21145089882215,0.149245851650791,24.6505801740501,48166.108
4.21149722513833,0.152353459722764,24.6583793385924,48169.014
4.21122563844166,0.149703154156156,24.6549466770004,48171.921
4.21119175479279,0.15223025717868,24.6561475436025,48174.827
4.21136240439088,0.149972421672354,24.6546507535472,48177.733
4.21129793174202,0.150158033201517,24.6479421098221,48180.655
4.21130396472889,0.147881702814178,24.647972817628,48183.561
4.21138350052858,0.149713939333287,24.6434109667137,48186.468
4.21118214926876,0.153591614784343,24.6363290803555,48189.374
4.21124285777431,0.149540103657104,24.645801089036,48192.296
4.2112808850648,0.152455094861852,24.6418114895881,48195.202
4.21164158290592,0.152703906565341,24.6437051902775,48198.108
4.21110029509435,0.14936129279579,24.641531126055,48201.03
4.21138656919231,0.149389190082604,24.637355690257,48203.936
4.21147045454068,0.152718023573808,24.631105056931,48206.843
4.21149553798691,0.150282182415393,24.6264044209425,48209.749
4.21124985829821,0.149231457761907,24.6261276572087,48212.655
4.21138393838118,0.151751789766555,24.6332854072188,48215.577
4.21151277047091,0.150037566970166,24.6242137913189,48218.483
4.21144219183694,0.150164921688544,24.6166319205113,48221.389
4.21137592088358,0.148139083959017,24.6134517643182,48224.296
4.21150812671867,0.151910280688057,24.6101776191596,48227.202
4.21125056593192,0.14910447701702,24.6066635796176,48230.124
4.21122229032453,0.15087459567563,24.6134499123974,48233.03
4.21157694772766,0.149762852069646,24.6187293144061,48235.936
4.21162028430105,0.152675269764899,24.6084196928638,48238.843
4.21136508031029,0.146954026746676,24.6089960508161,48241.764
4.21165110959336,0.149040461935575,24.6055455400137,48244.671
4.21148588240736,0.147119212745123,24.6139258904864,48247.577
4.21151317090131,0.147667342524748,24.618829953061,48250.483
4.2115595045702,0.150691561684848,24.6121045257445,48253.389
4.21178523594251,0.15235026410661,24.6069990850742,48256.311
4.21155240657642,0.147890710975587,24.6105561414976,48259.218
4.21170383739526,0.151919688742368,24.610532349587,48262.124
4.21175699471602,0.150599729831811,24.6154131050845,48265.046
4.21165756828993,0.148233398070605,24.6095073158835,48267.952
4.2116582448179,0.148841998176885,24.6062270895521,48270.858
4.21183377132974,0.145951631513752,24.597336712089,48273.764
4.2115586034337,0.149499003976806,24.5894501300008,48276.671
4.21171785826924,0.14936107509213,24.58474302809,48279.577
4.21181952773073,0.149739389055333,24.5831906032241,48282.483
4.21175803301306,0.147197676181887,24.5840753422771,48285.389
4.21169848947731,0.149588132448361,24.5941706767721,48288.296
4.21155177948866,0.149491115199038,24.5907039534402,48291.202
4.21190933705415,0.149470892718819,24.5922722789525,48294.124
4.21190630948758,0.150501484606757,24.5877449285718,48297.061
4.21173950936173,0.146758657677467,24.5916281925394,48299.968
4.21179686874638,0.146621116460878,24.5913493936339,48302.874
4.21176672777444,0.150469859848989,24.5849009926539,48305.78
4.21213392295802,0.149467428467354,24.579852693236,48308.702
4.2120670150705,0.149734179674481,24.5876959223942,48311.608
4.21185020568836,0.148712082332741,24.5766981782956,48314.514
4.21194071706134,0.148265430600657,24.5707938853643,48317.421
4.21204526061955,0.14970117883452,24.5692964538022,48320.327
4.21206372073621,0.148617169984044,24.5811990845083,48323.249
4.21174518528112,0.147509328903677,24.586844130101,48326.155
4.21185505905815,0.147994501430542,24.5773018755867,48329.093
4.21222086214352,0.147291649913003,24.5727197034197,48331.999
4.21191234738748,0.150967402786712,24.5683147771029,48334.905
4.21215119999754,0.146833306869637,24.5697937532598,48337.811
4.21231180917168,0.151085383604883,24.5784119896369,48340.718
4.21197710400734,0.148817874089672,24.5765649406542,48343.639
4.21216899736411,0.149377803900929,24.5690158383864,48346.546
4.21222139220925,0.146905613989045,24.5704041038956,48349.452
4.21228593465293,0.149343920983607,24.5665363905456,48352.358
4.21239597073716,0.146335505884979,24.5619619049791,48355.264
4.21231126014774,0.149448397839207,24.5629454576789,48358.186
4.21240196468052,0.148236281026777,24.5581258165931,48361.093
4.21232353565414,0.146764208185303,24.5553049994458,48363.999
4.21222058324114,0.150039903495377,24.5494996011097,48366.921
4.21232347331689,0.148525555068627,24.563170659386,48369.827
4.21223872220904,0.149513376534585,24.5581710716928,48372.733
4.21208005153531,0.149088425300348,24.5565274035246,48375.639
4.21241743064448,0.14772013238229,24.5578772873688,48378.546
4.21251568119915,0.147800435834354,24.5495707673605,48381.452
4.21264321715463,0.150275423991679,24.5497010420349,48384.374
4.21274926714313,0.147016820965199,24.5515283975281,48387.28
4.21263146692831,0.148021662989914,24.5455233627387,48390.186
4.21264715524904,0.145588706328974,24.5423612055108,48393.093
4.21254315286447,0.147994562981923,24.5376279465413,48396.014
4.21257668706173,0.147091788853738,24.5353857988474,48398.921
4.21274902916133,0.143800685902974,24.541177540462,48401.827
4.2126828176896,0.147889975243966,24.5509792189515,48404.733
4.2125427441573,0.149891641509557,24.5496791310555,48407.639
4.21274496080427,0.150080115398265,24.5568255358725,48410.546
4.21263701871012,0.151333790496749,24.5552549310365,48413.452
4.21275041933641,0.150082397742152,24.5457896446209,48416.358
4.21273313414905,0.149938290930477,24.5537936900911,48419.327
4.21314507047837,0.147475657307671,24.5421179261497,48422.28
4.2126929847942,0.146325312102232,24.5354705101211,48425.28
4.21287610275101,0.144914954142489,24.5451103444187,48428.218
4.21308541898532,0.145387768892371,24.5461906153771,48431.171
4.21316738908801,0.144650443672947,24.5357113403885,48434.093
4.21298997657111,0.145713170940671,24.5323022142976,48436.999
4.21295480954024,0.147403541375382,24.5293862735686,48439.905
4.21329367374556,0.147964021425202,24.5368255093736,48442.796
4.21316952866946,0.146576824856801,24.5414476935794,48445.702
4.21308768176528,0.148259723324116,24.5404996656373,48448.608
4.21331082128968,0.145171972882291,24.5449598978815,48451.514
4.21321382188466,0.147615283657364,24.5358694772172,48454.452
4.21310075969009,0.145146174098798,24.5313809522371,48457.358
4.21335222393364,0.148330776220363,24.5329240683224,48460.28
4.21340224618809,0.147421972413858,24.5281417832544,48463.186
4.2131292075099,0.145800870542606,24.5324362385056,48466.093
4.21336842917833,0.147514027352699,24.5341308062076,48468.999
4.21344922453409,0.146779366036857,24.5278628237111,48471.905
4.21335483320057,0.145255055112542,24.5269921643685,48474.827
4.21315384279974,0.145506584998023,24.531476101032,48477.733
4.21341655727999,0.143606037229675,24.5259449479679,48480.639
4.21340319793667,0.147821982319449,24.5216270566534,48483.546
4.2134232134715,0.146693185606322,24.5178162050597,48486.483
4.21356578481388,0.14488639434611,24.5139183940018,48489.405
4.21154899115773,0.119436962058521,24.5097385591889,48492.311
4.21181952986598,0.120523920628324,24.5091420136461,48495.218
4.21154452313959,0.122417969787001,24.5124941020628,48498.124
4.21147229945043,0.12707665025567,24.5199055964244,48501.046
4.21162447240462,0.12614618288573,24.5196034814167,48503.952
4.21141178872188,0.124434117835589,24.5116961242943,48506.858
4.21133481919778,0.124788820373859,24.5074644173643,48509.764
4.21140380684282,0.123759696708788,24.5045049506655,48512.671
4.21144625782675,0.125066656491622,24.5075832457421,48515.593
4.2112553491238,0.128820462062351,24.5037113102179,48518.499
4.21120030149838,0.125204576643088,24.5123655073107,48521.405
4.2114161933182,0.125000004830912,24.5062142771028,48524.327
4.21132034549427,0.125822015474652,24.5072906230442,48527.233
4.21124474110884,0.125241908849028,24.5078183418059,48530.139
4.21133123527041,0.123134631643969,24.4918247053571,48533.139
4.21134763464634,0.123843776791539,24.5006134817074,48536.124
4.21159680748734,0.125903172997547,24.5064904726775,48539.155
4.21148571234166,0.12356418311883,24.4985155995278,48542.108
4.21116453174513,0.121193955097128,24.495242213398,48545.093
4.21156572942664,0.124803592222441,24.4856841928907,48548.03
4.21128207755538,0.123607082644444,24.4981819079103,48550.936
4.21140849128304,0.1261144645684,24.5002478712421,48553.905
4.21123603065068,0.120024096116676,24.4953783273565,48556.811
4.21154539148644,0.123327803263195,24.4922984763317,48559.718
4.21126102554211,0.123961912902661,24.4856369325531,48562.624
4.21146056470004,0.12499468532387,24.4826377642969,48565.53
4.21154753680656,0.125987365190128,24.4923851440591,48568.436
4.21123592333275,0.126657828335812,24.4889041773253,48571.343
4.21126248452041,0.123635758868051,24.4912870876532,48574.249
4.21148613838488,0.122732177127511,24.4858518915837,48577.155
4.2111383133269,0.124271228307733,24.4820945030938,48580.061
4.21117937532175,0.124003931261552,24.4799078003409,48582.968
4.21146574735558,0.125642628068575,24.4809331000125,48585.874
4.21167991557458,0.12521385016198,24.4723409299218,48588.78
4.2115806257059,0.121314511936264,24.4814427200652,48591.686
4.21143343038054,0.125381534950156,24.4759661947363,48594.593
4.21146761418634,0.122141874797423,24.4833311713737,48597.499
4.21154070075957,0.12337762970192,24.4740083662872,48600.405
4.21130999916431,0.123771273473779,24.4663607910643,48603.311
4.21148072805326,0.123998543241979,24.4635514535118,48606.218
4.21169320606837,0.12358833663248,24.4660663476522,48609.124
4.21159640576484,0.12105445564397,24.4675459437355,48612.03
4.21138560900698,0.12454248510528,24.4674890039541,48614.936
4.2116426111631,0.122511209836582,24.4637016578012,48617.843
4.21166688815922,0.125857937192415,24.4640828109354,48620.764
4.21182525939765,0.125508512148745,24.4651633696334,48623.671
4.21161810711369,0.126371707232599,24.4642389586243,48626.577
4.21172195787641,0.124100931236709,24.4647009379221,48629.483
4.21159185385001,0.126154390694275,24.464086430692,48632.374
4.2117324662744,0.123997804980582,24.4672514493055,48635.28
4.2116634298251,0.124260025359263,24.4652186921699,48638.186
4.21166696496441,0.123182411479333,24.4684883506406,48641.093
4.21168456418549,0.122963215171441,24.4680874956066,48643.999
4.21193815194914,0.1236439365775,24.457428767576,48646.905
4.21187377670895,0.121851780085671,24.451879069438,48649.811
4.21181615757586,0.124077680191032,24.4609397557118,48652.733
4.21173569486173,0.123563525130079,24.4557772647455,48655.639
4.21192785764581,0.124671452083081,24.4592404175315,48658.546
4.21208523328748,0.12313501021598,24.4516122118885,48661.452
4.21185775153214,0.120823567573281,24.4509386763899,48664.343
4.21182483267426,0.124128114006812,24.4497988170558,48667.28
4.21177369761367,0.122930376053731,24.4498718731895,48670.186
4.21183314283741,0.121214081375343,24.4470246044289,48673.108
4.21190061695621,0.121616002074831,24.4565657721417,48676.014
4.21191759580153,0.124448338928381,24.4551228328511,48678.921
4.21189516629561,0.121754142924533,24.4558243654891,48681.827
4.21178671488224,0.121993973389746,24.4608701778646,48684.733
4.2118569390059,0.122603792005191,24.4566142936611,48687.655
4.21204209183209,0.124140109038221,24.4487234045007,48690.561
4.21189748357583,0.123518045291583,24.4438596379451,48693.468
4.21222466803158,0.123491389049999,24.4508556819257,48696.374
4.21216194964437,0.12196721992503,24.4454661269956,48699.311
4.21227730714646,0.12321489161593,24.4388609458503,48702.218
4.21228257131187,0.123023993819024,24.4338092592819,48705.139
4.21219475303444,0.124309407245797,24.432103782742,48708.046
4.21203094836568,0.121945864699758,24.438120043617,48710.952
4.21220325927147,0.122089653109089,24.4378194980288,48713.858
4.21220778749544,0.123520966563088,24.4445092582975,48716.78
4.21235313677887,0.120427969012388,24.4389002895116,48719.686
4.21234332883458,0.12402943396881,24.4334214803883,48722.593
4.21230950957773,0.12186825248594,24.428802007061,48725.499
4.2123584362055,0.123494117588255,24.4271561511139,48728.421
4.2122389912419,0.122582375817005,24.4294678393768,48731.327
4.21224141995155,0.123230466625616,24.4354305674027,48734.233
4.2122546591756,0.120039865454089,24.4385282859805,48737.155
4.21231973477011,0.125812003461018,24.4381988129388,48740.061
4.21227469368568,0.123629822947688,24.4332812674271,48742.968
4.21248205315132,0.118678686783703,24.4331447081019,48745.874
4.21257944157563,0.122678318192734,24.4344172291411,48748.78
4.21234957891822,0.120964300396642,24.4232659695239,48751.702
4.21259017307916,0.121952279105518,24.4293000152971,48754.608
4.2121241898237,0.125054065934777,24.4307325646336,48757.514
4.21237180963582,0.122786167382861,24.4354840681217,48760.421
4.21244941147009,0.123009108833337,24.4240364166748,48763.327
4.21239788645585,0.120199237222722,24.4294442876689,48766.249
4.21269785859913,0.124307818831525,24.4316905957651,48769.171
4.21267512304715,0.124947841068426,24.4256074497994,48772.077
4.21273050475102,0.120533524012174,24.4202490334225,48774.983
4.21286295499426,0.120099978496102,24.4214799304485,48777.889
4.21263030165272,0.122616388217942,24.4104681289566,48780.796
4.21270971606466,0.120501670733858,24.4108277145178,48783.718
4.21262758739085,0.120257641393703,24.4076783823642,48786.624
4.21286828971468,0.12376470523562,24.4050166995734,48789.53
4.21259372214975,0.119137891512849,24.4156410838985,48792.436
4.21277190270351,0.121188713349486,24.4147856921579,48795.343
4.21269045888852,0.122689606635421,24.4201554583391,48798.264
4.21260911418048,0.124711209015541,24.4190432837018,48801.171
4.21295390960598,0.122679174236606,24.4174646732326,48804.077
4.2127600197534,0.120365979963122,24.4066883715126,48806.983
4.21311631100698,0.123432799560868,24.4064134825607,48809.905
4.21302296676147,0.12203288291688,24.4141906987102,48812.811
4.21281729548556,0.124654085285271,24.4141730931009,48815.718
4.21284313846138,0.118198641647835,24.413402341603,48818.624
4.21304691757585,0.118782464593164,24.4093992247047,48821.53
4.21322039334592,0.119418428845102,24.4060328024663,48824.452
4.21319823778099,0.118636129268545,24.4077809919968,48827.358
4.21317271625735,0.12261116995807,24.3975835133511,48830.28
4.21298767562499,0.120954500419632,24.403345351171,48833.186
4.21307340471953,0.120758781895771,24.4006699113778,48836.093
4.21307895165807,0.120579178677379,24.3975949514587,48838.999
4.21315234294074,0.122183635215386,24.3897154853952,48841.905
4.21350101717215,0.12089183683324,24.3885752373306,48844.827
4.21316396669949,0.122259934942401,24.3873799682898,48847.733
4.21317111931347,0.120662877067088,24.3840664800803,48850.639
4.21328964332605,0.119045115013207,24.3841749023714,48853.546
4.21331939874242,0.119039905152418,24.3851072361762,48856.452
4.21335113892208,0.119821900644549,24.3810624402146,48859.358
4.21351701179682,0.120075038575553,24.3813333185309,48862.28
4.21338910390509,0.118605296335827,24.3702913218973,48865.186
4.21346223743859,0.120094567416062,24.3732278475879,48868.093
4.21328833520215,0.118838976094259,24.3652981750474,48870.999
4.21326615813533,0.121182652979081,24.3674239410235,48873.921
4.2133875897686,0.121197216954348,24.3759646027419,48876.827
4.21352543481782,0.120930975510757,24.3707796846434,48879.733
4.2132059296254,0.120921633362778,24.3729154487404,48882.639
4.21385263434076,0.116669438043686,24.3722658248917,48885.546
4.21153868499176,0.0958095850764497,24.3751087959456,48888.452
4.21126858088322,0.0939016483686406,24.3700442914259,48891.374
4.21134556633742,0.0982483292719998,24.3692004342836,48894.28
4.21114561772506,0.0946468970957807,24.3714494131642,48897.186
4.21133693252499,0.098521663867048,24.3699692201234,48900.108
4.21140667954855,0.0981122985451104,24.3724491623448,48903.014
4.2114128460319,0.0971662084226648,24.3718625518593,48905.921
4.21127736790686,0.100014813276323,24.3678294287048,48908.827
4.21136050114422,0.100623041392269,24.3772271714783,48911.733
4.21118879662128,0.0978326967849528,24.3690031896894,48914.639
4.21113312545153,0.0981466479605021,24.3677051637487,48917.561
4.21102809830818,0.096266045618898,24.3696216389381,48920.468
4.21108574486312,0.0982478138791173,24.3704555039917,48923.374
4.21098218595112,0.0948050852498788,24.3668947834589,48926.296
4.21103505377764,0.0956687970409683,24.365256638268,48929.202
4.2110108085968,0.0946312123095048,24.3648438027485,48932.108
4.21078908960611,0.0985659645446967,24.3684931737297,48935.014
4.21103909080948,0.100791581380303,24.3608259960711,48937.921
4.21111129773973,0.0964451979618193,24.3574371825504,48940.843
4.2110984751317,0.0968632278847565,24.3613933410347,48943.749
4.21086241673262,0.0935237377242228,24.3673134682523,48946.655
4.21109519887705,0.0956701833321398,24.3672679873321,48949.561
4.21099655298464,0.099726174970133,24.3659321054677,48952.468
4.21099319678881,0.0965055068912807,24.3630533754294,48955.389
4.21121419503859,0.100736867740236,24.3651894220767,48958.327
4.21064936665906,0.0933891891428348,24.3586543609714,48961.233
4.21119409088904,0.0995128343317058,24.3632428806762,48964.139
4.21110882159148,0.0915160484035046,24.3489364940565,48967.046
4.21101108222863,0.0959290873996488,24.3509796464734,48969.968
4.21111881828359,0.0986178958786768,24.3488810379465,48972.874
4.2110352056843,0.0954076992074559,24.3467291310863,48975.78
4.21104742895856,0.0979507905936226,24.3459819632402,48978.686
4.21102137046984,0.0968305984096508,24.3469167333486,48981.593
4.21102133677949,0.0977253505637664,24.3436068716619,48984.514
4.21116579763275,0.0952390546384503,24.3493253838794,48987.421
4.21098109826613,0.0971295864044905,24.3491100983415,48990.358
4.2110861611425,0.0965437636747148,24.3442568588548,48993.264
4.21099465612432,0.094908340007339,24.3399983484373,48996.171
4.21133388734123,0.0961746130694431,24.3505881747483,48999.077
4.21110944148912,0.0938703202471322,24.3372888745087,49002.014
4.2111845628918,0.0981288883231179,24.3459502667509,49004.952
4.21086173925352,0.0964406429813507,24.3399276093314,49007.858
4.21116135784397,0.0958963133853974,24.3416363511827,49010.764
4.21111109361362,0.0974673044117181,24.3451799454536,49013.671
4.21110822267214,0.09995233740731,24.3437293753529,49016.593
4.21102262735831,0.0996796930279225,24.3358976153584,49019.499
4.21109167980105,0.0937399081019885,24.3439172411193,49022.405
4.21136674755347,0.0955950124481418,24.3470750368876,49025.311
4.21100060638621,0.100345093756228,24.3459288921534,49028.218
4.21123690610314,0.0975631340246548,24.3400852394303,49031.124
4.21126457424885,0.0980932373776387,24.3330227327356,49034.046
4.21107981221614,0.0927772827458433,24.3320226707195,49036.983
4.21148781860852,0.0984945496907671,24.3311925926237,49039.889
4.21119975032292,0.0948446435629223,24.330989057529,49042.796
4.21109863011098,0.0975910211042106,24.33503835064,49045.702
4.21090342723315,0.0982686392826618,24.3278090863746,49048.608
4.2113483782089,0.096345514602439,24.3331905700555,49051.53
4.21104354996944,0.0958481304714935,24.3350775051339,49054.436
4.21123315618335,0.0990626045500868,24.3269493353147,49057.343
4.21137053775812,0.0967916170470705,24.3306253378074,49060.249
4.21115032761271,0.0980793339421783,24.3345737314753,49063.155
4.21113208518547,0.0950227321672053,24.3315584061189,49066.061
4.21121094090335,0.0977855908798019,24.3326547674774,49068.983
4.21113147763939,0.0893222140001286,24.328279634962,49071.889
4.21137570638952,0.0978011945149586,24.3267361329781,49074.796
4.21155261889155,0.0965113409851191,24.3306096424595,49077.702
4.21129953958578,0.0925251714885328,24.3240925813172,49080.624
4.21152268735891,0.0980312912697505,24.3328447403039,49083.53
4.21124473971466,0.0971654055019298,24.3232857543929,49086.436
4.21146875030561,0.0971240611258828,24.3218000604375,49089.343
4.21144655379218,0.0972744834917555,24.3288608683142,49092.264
4.21138891145662,0.0969056771777523,24.3260705735953,49095.171
4.21136653192217,0.096365090071657,24.316063041485,49098.077
4.21130101731392,0.0961605297089238,24.318762657922,49100.999
4.21147338172739,0.098205138203603,24.3188394898628,49103.921
4.21155049645123,0.0973235342369549,24.3196458805162,49106.827
4.21152309710939,0.0944977356121005,24.3179424572413,49109.733
4.21145444536659,0.093860259368574,24.3122231285246,49112.639
4.21142774424784,0.0967856128786094,24.3066815059225,49115.561
4.21150001740989,0.09639255392025,24.3097309611281,49118.468
4.21166642362396,0.097418287625566,24.3167388182107,49121.374
4.2117680697138,0.097730275089689,24.3171162493994,49124.296
4.21141983965939,0.0994660985524154,24.3136122938696,49127.202
4.21158171684505,0.093702315078648,24.3079244731673,49130.108
4.21144165744257,0.0992230570566083,24.3096517774656,49133.014
4.21163961094592,0.0993378220102587,24.3180410156786,49135.936
4.21172258496044,0.0960576286673696,24.3055157359752,49138.858
4.21191360163302,0.0931268307677171,24.3026008883625,49141.764
4.21154809655927,0.0914940248976953,24.3050352674795,49144.671
4.21157120316256,0.0954173823180031,24.3070117095015,49147.577
4.21165390695541,0.094599850561656,24.3076481708868,49150.499
4.21168938574979,0.0959395460172154,24.3077075414848,49153.405
4.21159785430027,0.0977254722318851,24.2990965877547,49156.311
4.21154857335214,0.0977201595619363,24.300517534419,49159.218
4.21183703362396,0.0983143162831755,24.3131655099256,49162.139
4.21205030322513,0.0952680538666943,24.3047643256014,49165.061
4.21172140450282,0.0972250112491204,24.3011738962467,49167.968
4.21188491261718,0.0973249780703297,24.3101518382862,49170.874
4.21203744843393,0.0936962915794458,24.2995852268749,49173.78
4.21168596049267,0.0919551475823123,24.3001994918677,49176.702
4.2118151048045,0.0981977913407599,24.298616369788,49179.608
4.21201968306048,0.0949032970868353,24.2969109619266,49182.514
4.21198401977492,0.0928671636661635,24.2933989127108,49185.421
4.21184619849406,0.0955955590959669,24.2945931115846,49188.343
4.21180463763086,0.0955500014224792,24.292347757331,49191.249
4.2120141835477,0.0975165177193425,24.2898299805627,49194.155
4.21201173051047,0.0962259664007236,24.2949266719486,49197.061
4.21174289441858,0.0971676608480185,24.2888871048801,49199.983
4.21193213032829,0.0947930310488442,24.2979602925405,49202.905
4.21208353754726,0.0955399439033671,24.3030869948738,49205.827
4.21189608574659,0.0920463920309989,24.3007745618216,49208.733
4.2119975841107,0.0939756168187299,24.3008754947764,49211.639
4.21187807302923,0.0957420779004036,24.2972982012004,49214.546
4.21206286839332,0.09276587905824,24.2964288393659,49217.452
4.21217967435617,0.0952328463079553,24.3010252761259,49220.358
4.21184803103555,0.0948177558871979,24.2998356580699,49223.264
4.21222885343105,0.0964811573197518,24.2999959938552,49226.186
4.21206363598016,0.0948593125740926,24.2932982505532,49229.093
4.21211786261002,0.0954337234043681,24.2984975415152,49231.999
4.21216496926943,0.0986027412013618,24.2978199392788,49234.905
4.21212727679458,0.0982636367212868,24.2933121159755,49237.827
4.21200756691408,0.0957778442516499,24.2897408694305,49240.749
4.21207352812985,0.095982763442731,24.2832898688267,49243.655
4.21222734598552,0.0948407189567812,24.2778985665494,49246.561
4.21221372434711,0.0952246955901991,24.2872112376265,49249.468
4.21227067445223,0.0963115701433312,24.2755880259323,49252.374
4.21242582668918,0.0940818553995266,24.2763867445488,49255.28
4.21241181989535,0.0961939442185387,24.2749166489775,49258.202
4.21256866427263,0.0962699069368801,24.2826260615333,49261.108
4.21237554528252,0.0963089407987728,24.2875552792997,49264.03
4.21250200957195,0.0954279750015508,24.2926738149354,49266.936
4.21237087982538,0.0967654547209826,24.2899386979272,49269.843
4.21235154036213,0.0959053147150734,24.2895749362698,49272.749
4.21240191807472,0.0963982359915532,24.2862149533718,49275.671
4.21263689404426,0.0938353728850709,24.2884683890684,49278.577
4.21241274234285,0.0969478288578169,24.2781163199143,49281.483
4.21230052030956,0.0952985256121275,24.27863375412,49284.389
4.21232522167498,0.0953293279728379,24.2820272018508,49287.296
4.2127155074122,0.0949604728288489,24.2883257809427,49290.202
4.21232842897256,0.0938728747484849,24.2797702007941,49293.108
4.21251065453804,0.0940541455682191,24.2819702145063,49296.046
4.21269094660663,0.0953227865340251,24.2691454169812,49298.952
4.21248666877321,0.093567608646118,24.265706330966,49301.874
4.21251534363003,0.0950500884778051,24.2681156637716,49304.811
4.21277671938444,0.0914057619560823,24.2623899793385,49307.718
4.21263097037641,0.0917430374565237,24.2731556632171,49310.608
4.21264748126945,0.0986088952128385,24.268251769998,49313.514
4.21298867442452,0.0927221778237111,24.2729697723093,49316.421
4.21231942854868,0.0894697293586037,24.2640325516858,49319.327
4.21272121158349,0.09511515705017,24.2683961730834,49322.233
4.21276374891221,0.0902198707065645,24.2607812219222,49325.139
4.21273839874116,0.0940376913433945,24.267129462079,49328.046
4.21267671675753,0.0930997012239242,24.2681532650598,49330.952
4.21268184606593,0.0917872092851969,24.272236303753,49333.858
4.21278439783715,0.0954852873958203,24.2668564732143,49336.796
4.2129044018335,0.0932653085427312,24.2579390501037,49339.702
4.21284855493915,0.0944229418267582,24.2552471743321,49342.608
4.2127370283259,0.0931400466362817,24.2457998855189,49345.514
4.2128358948919,0.0939632466532929,24.2461853797342,49348.421
4.2129191929545,0.0927024083799584,24.2425543958158,49351.327
4.21283155777537,0.0924905792831371,24.2322806600825,49354.233
4.21294797356577,0.0916890712082747,24.2461635738849,49357.124
4.2128786145372,0.0973810594557997,24.2443111999007,49360.03
4.21319148570724,0.0928559072795142,24.2474796379714,49362.936
4.21303978959433,0.0953810551279732,24.2416746031034,49365.843
4.21300089752601,0.0950899473467631,24.2488411445075,49368.764
4.2128202658534,0.0930780423430801,24.2541165453962,49371.671
4.2132598982467,0.0948673663214574,24.2433959679126,49374.577
4.21298778017423,0.0942049953317792,24.2463213397154,49377.483
4.21282393633374,0.0976208400760014,24.2446060124182,49380.389
4.21302459227435,0.0915796287394834,24.2437599771294,49383.296
4.2129960845488,0.0913658017433366,24.2375675131846,49386.202
4.21301487747736,0.0933121403747094,24.2410975436297,49389.108
4.21308937147533,0.0889893435221354,24.2327465309539,49392.014
4.21307142545008,0.0952956999429566,24.2341424642053,49394.921
4.21354412526112,0.0978393473410947,24.2366385685142,49397.827
4.21322691018952,0.0910334677722518,24.2397950639881,49400.733
4.21324287415741,0.0946962082890167,24.2560259467116,49403.655
4.21339136795712,0.0951317604731768,24.2507523396754,49406.546
4.21328905166509,0.0940842622401022,24.2434731809903,49409.452
4.21312555925571,0.0918077898660832,24.2453903182863,49412.358
4.2129061251233,0.0953718615613625,24.2432280372563,49415.264
4.21348753827198,0.0903343987799186,24.2416292258583,49418.171
4.2132554831828,0.0886261896928723,24.2423663749719,49421.077
4.21352044565468,0.0920339661584632,24.2471198136307,49423.983
4.21332711285807,0.0928717187923957,24.2379470250039,49426.889
4.21329122544029,0.091827313902671,24.2329167444594,49429.796
4.21326965730431,0.0928975657832017,24.2295570038932,49432.702
4.21341432522223,0.093573991688453,24.225931896488,49435.624
4.2134523758377,0.0899224916925719,24.2302562318656,49438.53
4.21335645238499,0.0936557968220894,24.2229275122663,49441.436
4.2135153685569,0.0924861492027873,24.2311163446331,49444.343
4.21332954137965,0.0932008009520799,24.2324148436532,49447.249
4.21376217166519,0.0933616932831351,24.2302998199256,49450.155
4.21346508930247,0.0906017141885115,24.2284278301636,49453.061
4.21353801706544,0.0916061598689518,24.2290501618549,49455.968
4.21377162422775,0.0925761889193974,24.2143035043634,49458.874
4.21371960964959,0.0888227629685246,24.2233898155561,49461.78
4.21371799145992,0.0927960592433854,24.2220318096494,49464.686
4.21386293705346,0.0927333995653022,24.2244987073284,49467.608
4.2134911044875,0.0900739740573287,24.2169679999977,49470.514
4.21371897665375,0.0924641072410972,24.2176734497001,49473.421
4.2136511177243,0.0901177137804071,24.2172127668796,49476.327
4.21405276818909,0.0889524505602014,24.2252238820948,49479.233
4.21377244915263,0.0947133240176768,24.2317387185412,49482.139
4.21374463157614,0.091059140706344,24.2277996057481,49485.046
4.21386321212134,0.0918621715681746,24.2263149896543,49487.952
4.21364958258855,0.0918451248403971,24.2197982561554,49490.858
4.21355590356438,0.091357891578749,24.2209370424532,49493.764
4.21392818674595,0.0905987620158851,24.2204029386028,49496.671
4.2135633648829,0.0897594315929003,24.2180333820601,49499.593
4.21378054003301,0.0898218123053871,24.2194762384376,49502.499
4.21377918675976,0.0918282238412209,24.2227275021879,49505.405
4.21382100828678,0.0963049804308503,24.2256270734584,49508.311
4.21397597693073,0.0923570739662044,24.2247928964743,49511.218
4.21391342753453,0.0916296737061355,24.2139888985567,49514.124
4.21408934001755,0.0909460061670089,24.2179187220619,49517.03
4.21389214189245,0.0902315195517262,24.2112099932783,49519.936
4.21413184902238,0.0940312689920854,24.2095753355649,49522.843
4.214070490564,0.0928018883548456,24.2137223319778,49525.749
4.21407592492614,0.089346824120359,24.2184680900305,49528.655
4.2139632479473,0.092341919222025,24.2127201187733,49531.577
4.21405052079096,0.0884612363867897,24.214335021279,49534.483
4.21395636424134,0.0917454489891703,24.207361363556,49537.389
4.21401475449132,0.0926645560079209,24.2102238601354,49540.296
4.21422621237553,0.090466707783501,24.2055863620015,49543.202
4.21411237756182,0.090946489494706,24.2094764104013,49546.108
4.21409902503131,0.0913364415060926,24.2070591843122,49549.014
4.21413314768446,0.0913532350171908,24.207215015488,49551.921
4.2142814529647,0.0902983804578538,24.213625504618,49554.827
4.21439687269794,0.0921944009295421,24.2066003491823,49557.733
4.21406188706246,0.0886178307628825,24.2114867650271,49560.639
4.21438445175365,0.0903903446724322,24.2051754592856,49563.561
4.2140479592459,0.0906556260786678,24.2114017433057,49566.468
4.21439013219139,0.086195277739707,24.1984447670727,49569.374
4.21460351042412,0.090790660061715,24.2056992777872,49572.28
4.21244031833565,0.0688047577478813,24.1980928224383,49575.186
4.21237653809281,0.0678808386063207,24.2017577412795,49578.093
4.21217719750887,0.0690799647710811,24.2011427843487,49580.999
4.21213464591918,0.0705565819893063,24.206764622117,49583.905
4.21244739229232,0.0680609186463005,24.2079644829495,49586.811
4.2122381160967,0.070774158981754,24.2132638701725,49589.718
4.21217715805073,0.0675781703853797,24.2067446962755,49592.624
4.21212024447334,0.0699298489935637,24.2036257871983,49595.561
4.21213693816649,0.0698645878685985,24.2083416114471,49598.468
4.21209862802313,0.0708964392604351,24.20447366233,49601.374
4.21199227842089,0.071553846398411,24.2019630194374,49604.28
4.21162486217585,0.070660792477942,24.2029949356499,49607.186
4.21206024545702,0.0692103857666832,24.2018881533489,49610.108
4.21193177485302,0.0677642038464274,24.1989588716979,49613.03
4.21184760453916,0.0715582719751562,24.1992550064435,49615.921
4.21203415926511,0.0715013213943668,24.1940206098609,49618.827
4.21175733818509,0.0692404260175312,24.1989781226074,49621.733
4.21199823218936,0.0686865649485676,24.1997256231096,49624.639
4.21202372012414,0.070661750856738,24.1977847026264,49627.546
4.21234658618553,0.0671287312292633,24.1986007277774,49630.452
4.21175729261786,0.0704219454494132,24.1993243321186,49633.358
4.21186839549604,0.0692545810990887,24.1883203407062,49636.264
4.21184883943659,0.0689753183170354,24.1768806818906,49639.171
4.21191749840898,0.0687209876271295,24.1837856950909,49642.108
4.21194534827536,0.0661507160382989,24.1781699597665,49645.014
4.21174583235367,0.0686924459296597,24.1769778398586,49647.921
4.21170688997541,0.0696843553284777,24.179818520303,49650.827
4.21179396715519,0.0688356893165116,24.1817059453046,49653.733
4.21206916453944,0.0689344235998177,24.1794193176085,49656.639
4.21169419217781,0.066229168201767,24.1838333641601,49659.546
4.21175529832737,0.0693887383631319,24.1803932695316,49662.452
4.21203657400129,0.0711526502368209,24.182255525061,49665.358
4.21181418222966,0.0712662885228203,24.1788421188631,49668.264
4.21219514205207,0.0713493434752439,24.1737357959748,49671.171
4.21205910450869,0.0701218464223218,24.1618968619515,49674.077
4.2119991786484,0.0657956991032037,24.1644291032804,49676.983
4.21222741597404,0.0709921274338338,24.1673392815436,49679.889
4.21220074977406,0.0675649779416228,24.1662854555313,49682.796
4.21169791147877,0.0729892136701059,24.1630987722938,49685.718
4.21188862533975,0.0690323865712033,24.1617702988158,49688.624
4.2120049831192,0.0682869550231631,24.173413905501,49691.53
4.211910793682,0.0687481609848104,24.1726192190048,49694.436
4.21191178715613,0.0689793572971519,24.170444682196,49697.343
4.21188993743818,0.0707242892032873,24.1656385031194,49700.249
4.21198795562181,0.0665555350861109,24.1626993106308,49703.155
4.21211576495517,0.0707437119987365,24.1653303281763,49706.061
4.21200743162198,0.0673090007034517,24.1638125008746,49708.983
4.21201425975896,0.0662996497863767,24.157289073391,49711.889
4.21220136981928,0.0698765801278586,24.1667399728922,49714.796
4.21197426665437,0.0701088763929502,24.1688016476524,49717.702
4.21169042087655,0.0689884018438813,24.1777527990994,49720.608
4.21185425687956,0.0693096926914,24.1769898677988,49723.514
4.21213226937033,0.0673066171967957,24.174692400052,49726.421
4.2117111932991,0.0727185928344723,24.1768356791641,49729.327
4.21205533741192,0.070833716079067,24.1655816057678,49732.233
4.21206333550897,0.0716657746007221,24.1694564282724,49735.139
4.21199312430304,0.0682492454700414,24.1671512973827,49738.046
4.21199031174474,0.0693071693153784,24.1682662025643,49740.936
4.21190744568735,0.0665526827674978,24.1645756719349,49743.843
4.21189574297879,0.067309126235112,24.1588252782219,49746.749
4.21203595554692,0.0678501653004382,24.161268732243,49749.671
4.21236457988216,0.0694793232680352,24.1599759425799,49752.577
4.21189228707142,0.0686082556425445,24.1629587797281,49755.483
4.21221135939476,0.0687339254175822,24.1580245303439,49758.389
4.21208563531765,0.0690816428952793,24.1613537140674,49761.296
4.21182697385042,0.068563347563189,24.1649038239467,49764.202
4.21213731498837,0.0705206993133991,24.1672482938804,49767.108
4.2120935330544,0.0694825416055425,24.1576765964137,49770.014
4.21222553993593,0.0707989041370086,24.1662559239792,49772.936
4.21206102676969,0.0705210134683425,24.1602681417762,49775.843
4.21228793805125,0.0689829844911554,24.168393136556,49778.749
4.21219990258048,0.0686932167972815,24.1608203286051,49781.671
4.21211384842342,0.0682752908558455,24.1631091898464,49784.577
4.21226984053119,0.0691234969844269,24.1594733813702,49787.483
4.21226448637256,0.0684606773192075,24.1607687632068,49790.389
4.21199760518281,0.0727025158457082,24.1598137626169,49793.296
4.21208109758636,0.0679838119173642,24.1528769725857,49796.202
4.21236200218279,0.0695520228536615,24.1592344220777,49799.108
4.21232199577459,0.0694808481078511,24.1454542008967,49802.014
4.21234867357478,0.0685941904516951,24.1428346064336,49804.936
4.21227789487059,0.0703340655278204,24.1492890598669,49807.858
4.2121040060961,0.0700293141992345,24.1484985511705,49810.764
4.21240649059558,0.0698146384854812,24.1483578981691,49813.671
4.21216328099666,0.068216828838893,24.1486723960135,49816.577
4.21220470922502,0.0681076619393024,24.1449181946692,49819.483
4.21197949110172,0.0679222844008304,24.1513886458962,49822.389
4.21224111105627,0.0682578567138045,24.1467489468428,49825.296
4.21249771100266,0.0718230251349175,24.1422020833368,49828.218
4.21228712153095,0.058716374040669,24.1489550642999,49831.139
4.21201560991784,0.0667546230841485,24.1492674166074,49834.046
4.21200049675144,0.0695050873465295,24.1464744141596,49836.952
4.21238603764076,0.0684115931019683,24.1391300335184,49839.858
4.21219564334822,0.0707544188177437,24.1418106222646,49842.764
4.21216241557689,0.0680590715581965,24.1483644180806,49845.671
4.2122212665141,0.0675195445273935,24.1540574373406,49848.577
4.21232591890208,0.0666781876221988,24.1590095692456,49851.483
4.21257639952521,0.0685831380488834,24.1593179657573,49854.405
4.21218686191649,0.0661725999485256,24.1518873949945,49857.311
4.21268324298487,0.0791807295170621,24.1510253555877,49860.218
4.21260898584605,0.071582744588609,24.1436513464103,49863.124
4.21220098269503,0.0688751916057218,24.1493708375592,49866.03
4.21241366023701,0.0670899494623967,24.1502936570398,49868.952
4.21238182236942,0.0702114859143526,24.14049279698,49871.858
4.21247584956127,0.0656144642816495,24.1390258188019,49874.78
4.21227633323899,0.0697616528521395,24.1328041962232,49877.686
4.21255066244556,0.0685026798211841,24.1395358417715,49880.593
4.21243129323993,0.0662749506475453,24.1371670196142,49883.499
4.21243774247638,0.0685978304499827,24.1367109927354,49886.405
4.21267902442497,0.0684353292568841,24.1335417355622,49889.311
4.21220437072855,0.0679798767697602,24.127009680221,49892.218
4.21232972492328,0.066770042958417,24.1360028878151,49895.124
4.21248547038433,0.0687100386858938,24.1327608693158,49898.03
4.2128821559367,0.0630876734425084,24.1396348801955,49900.983
4.21277823753003,0.0680671679168691,24.1438358978064,49903.889
4.21256509023232,0.0703988271968009,24.1382348350594,49906.796
4.2125608292553,0.0698703327075745,24.1342810763344,49909.702
4.21243995168523,0.0683507361066274,24.1358613458196,49912.608
4.21250669583373,0.0684805989860857,24.1298271691397,49915.514
4.21226403489698,0.0681760194211301,24.1326506404176,49918.436
4.21259213010238,0.0694765266901294,24.137420653075,49921.343
4.21286531092217,0.0682176270725304,24.1321364058634,49924.249
4.21252318955663,0.0667588429517118,24.1366081380774,49927.155
4.21277227574718,0.0665152977540637,24.1360588890448,49930.061
4.21229404706044,0.0697359324145821,24.1295427578828,49932.999
4.21237564711837,0.0673547985732989,24.1357247233598,49935.905
4.21252395591854,0.0667659038287966,24.132073548803,49938.811
4.21283519509109,0.0669240195830019,24.1329490499015,49941.718
4.21257264522375,0.0666552342894208,24.1297482705455,49944.624
4.21253392969078,0.0658838419588968,24.1333485458253,49947.53
4.21254042802989,0.0656105665689743,24.1362764496054,49950.436
4.21261060191597,0.0674600195582465,24.1368376478742,49953.343
4.21256872327172,0.0671214890517529,24.1238354856498,49956.249
4.21283817860814,0.0667125951053184,24.1277755243683,49959.155
4.21244414237756,0.0666919671401861,24.1339777050106,49962.061
4.21274712145005,0.0692961806123117,24.1251047492867,49964.983
4.21273572093002,0.0689298966339279,24.1276118621354,49967.889
4.21283478939008,0.0668802183084024,24.1227978619766,49970.796
4.2128983616812,0.0714232373770908,24.1188361667741,49973.702
4.21267290856906,0.0652693727073027,24.1249764283098,49976.608
4.21283300781941,0.0685002930177411,24.1195774357663,49979.514
4.2129483503635,0.0658913452683673,24.1266234404163,49982.421
4.21261866364656,0.0666442294281471,24.1233514305717,49985.327
4.21264134094011,0.066152961521776,24.1204356480146,49988.249
4.21295442939297,0.066069561931837,24.1257020844677,49991.155
4.21270560597474,0.0667379785499303,24.1242945194921,49994.061
4.21298383940307,0.0661818585415192,24.1256391946282,49996.968
4.21279690861602,0.0674434370087812,24.1248324061568,49999.889
4.21297561089384,0.067082793578928,24.1251036188468,50002.796
4.21277502360576,0.0649613880225153,24.1203015801115,50005.718
4.21315839721001,0.0628443301650427,24.1170137936324,50008.624
4.21274531826805,0.067036358178428,24.1202798773041,50011.53
4.21280744443234,0.0656338317066743,24.1128205687006,50014.436
4.21296087916058,0.0679746781822963,24.1168834784161,50017.358
4.21283804951923,0.067631856901472,24.1176030526701,50020.264
4.21285574904209,0.0660009008335767,24.1153079506362,50023.171
4.21300544257131,0.0664691098540241,24.1172236491136,50026.077
4.21309910106045,0.0690474220947764,24.1113398343133,50028.968
4.21305453919379,0.065188274685189,24.1182299453526,50031.874
4.21310156564382,0.0659843602065719,24.1179234901472,50034.78
4.21315103146697,0.0695612732620384,24.1138605841926,50037.718
4.21303261103077,0.0682072879391587,24.1157210873739,50040.624
4.21297627989922,0.0665393945916602,24.1213198767333,50043.53
4.21308040778092,0.0673065152050039,24.1079768792999,50046.436
4.21318404323822,0.0658659122621034,24.1059765512068,50049.343
4.21295330460745,0.0683335050892844,24.1106322840274,50052.249
4.21324590019014,0.0718174079472956,24.1109643871554,50055.155
4.21306536828796,0.0641534219369723,24.104938226959,50058.061
4.21318067905726,0.0691484920408088,24.1072041091348,50060.968
4.21345396537483,0.0647711951262695,24.1005553924571,50063.874
4.21327685047194,0.0665141668898537,24.0986537347254,50066.78
4.21355045247709,0.0679917633593077,24.0976509392957,50069.686
4.21339322452741,0.0708613203144654,24.0957631190163,50072.608
4.21297889435398,0.0675120962484364,24.0958006062017,50075.514
4.2131036498057,0.0642453932333506,24.0885092088854,50078.421
4.21325053140543,0.0693955535977677,24.1009884697336,50081.327
4.21320346744913,0.0665894318104673,24.1028589524818,50084.233
4.21333687812099,0.0638133077168441,24.1058122194335,50087.139
4.21322856158466,0.071417979154887,24.1035708271652,50090.046
4.21324206698777,0.0686230162786027,24.1144679720285,50092.952
4.21340637058482,0.0662955066229342,24.1114412356868,50095.858
4.21342660130074,0.0661355214136092,24.1080547071133,50098.764
4.21350852655258,0.0643686714474433,24.1127502643439,50101.671
4.21322415962569,0.0650070560775314,24.1061094860102,50104.593
4.21343714876378,0.0662963856597837,24.110142369142,50107.499
4.21347062842638,0.0660703173519079,24.1037503468716,50110.405
4.21328732822981,0.0641834509866384,24.1095531995244,50113.311
4.21334970568945,0.0660480891054939,24.1044052814918,50116.218
4.21355959225201,0.0668222758716528,24.1035195647844,50119.124
4.21329079258139,0.0650913517281491,24.0950833418423,50122.03
4.21336952554886,0.0686064394599719,24.1088081631029,50124.936
4.21340161259668,0.0662053724068908,24.1029519948498,50127.843
4.21364076539985,0.0661026842582077,24.1005499838933,50130.749
4.21353142500503,0.0678105770777202,24.1047988094139,50133.655
4.21376852797885,0.0681640967476513,24.1034325259459,50136.577
4.21330472605226,0.0639512671186486,24.103780590528,50139.483
4.21352620152757,0.0679647933076487,24.1115247874321,50142.389
4.21359992337427,0.0623804604092816,24.1035649609094,50145.296
4.21369369766798,0.0671342594844621,24.1043459541226,50148.202
4.21333053993973,0.0641814759346547,24.1044626462011,50151.108
4.21379613555869,0.0650079623376572,24.1013689196883,50154.014
4.21348515138766,0.0622603491195809,24.0916258566188,50156.921
4.21387991934323,0.0670548181826909,24.0979875544,50159.827
4.21358985163594,0.0630479121656148,24.1013765779001,50162.733
4.21368334283311,0.0642238031891253,24.0810637966101,50165.639
4.21379615021476,0.0670839884803986,24.0899275298318,50168.561
4.21386124372503,0.0669540681921391,24.0912004987109,50171.468
4.21353633283347,0.0650776417295156,24.0956926959951,50174.374
4.21372524108426,0.0673632327007018,24.0875549107994,50177.28
4.21370940742777,0.0665659478787596,24.0878671148995,50180.186
4.213478132747,0.0662264697047669,24.086532738484,50183.093
4.21376971574007,0.0630248932330686,24.0899869368358,50185.999
4.21372295377417,0.0696559030558528,24.0976496589505,50188.905
4.21385416497623,0.0670796621912848,24.0980553119828,50191.811
4.21349238981858,0.0689382159860437,24.0980833975588,50194.718
4.21402799174339,0.0658244135658767,24.1030096918206,50197.624
4.21407331837669,0.0644277026589245,24.1029685866395,50200.546
4.21406868215348,0.0635782184829812,24.0957680840329,50203.452
4.21382563687453,0.0647026778666594,24.0852616197576,50206.358
4.21365900231514,0.064873886177305,24.0885377974687,50209.264
4.2139452832528,0.0640639486437371,24.0938526477386,50212.171
4.21382941513694,0.0661448887598883,24.0825432599448,50215.077
4.2137384203356,0.0648651975082275,24.0924606008556,50217.983
4.21369438330464,0.0634052364567485,24.103004455943,50220.889
4.21381448529168,0.0682885512678078,24.1015175937438,50223.811
4.21398209003758,0.0658078443306644,24.1014802084146,50226.718
4.21381474069679,0.0637551940370243,24.0889748046178,50229.624
4.21391542412361,0.0657354573272839,24.0814541911827,50232.546
4.21380232857659,0.0657887279734215,24.0876919140661,50235.452
4.2138648433103,0.065535620916001,24.0893764257351,50238.358
4.21365122457843,0.0641512221955263,24.0884904834291,50241.264
4.21406158433591,0.0640495523458864,24.0834451180794,50244.171
4.21387719954096,0.0644798376105505,24.0848234927116,50247.077
4.21387635201282,0.064114788298338,24.0955569611418,50249.983
4.21396442334363,0.0667291074381168,24.0915870231637,50252.889
4.21404052909974,0.0608547637891936,24.0954009514875,50255.796
4.21394201912637,0.062246255763978,24.0928705509466,50258.702
4.21420799691533,0.0655591074604336,24.0867827150462,50261.608
4.21387241692398,0.0613053444262371,24.0838758689296,50264.514
4.2141198101114,0.0651950578118983,24.0863296126662,50267.421
4.21423569852439,0.0664418945384013,24.0904187446129,50270.327
4.21397259686395,0.0647125425684911,24.0858183719767,50273.233
4.21396664490352,0.0645486506726823,24.0778286321819,50276.139
4.21425172764522,0.0629414751749943,24.0904527813048,50279.046
4.21436944559482,0.0624824783082501,24.0861739493793,50281.952
4.21463261301803,0.066671121533101,24.0915676618133,50284.858
4.21215038749519,0.0445848162691486,24.0850868552917,50287.764
4.21204732576493,0.0403830439560782,24.0865993471585,50290.671
4.21208631031388,0.0456693738400653,24.0777556290656,50293.577
4.21178760398555,0.0430798089746081,24.0750568775311,50296.499
4.21158367197203,0.0392760295167417,24.0754106949479,50299.405
4.21172384374672,0.0404167352709141,24.0853400447605,50302.311
4.21173701703439,0.0449359038489161,24.0933742677007,50305.218
4.21180375581924,0.0451285923609779,24.0913483991223,50308.124
4.21177121976063,0.0417625503155496,24.0926014923617,50311.03
4.21182763100092,0.0419970755461841,24.0934398909281,50313.936
4.21217447987719,0.0473159011137788,24.089705184323,50316.843
4.21205060551773,0.0486863602112328,24.0868839690715,50319.749
4.21153000464485,0.0440076590986406,24.0850514180988,50322.655
4.21182734873285,0.0439069959252536,24.0889423076422,50325.561
4.2119703361765,0.0414500520358798,24.0829242318682,50328.483
4.21164603986037,0.0452109336514779,24.0834519357919,50331.389
4.21211937738965,0.0475806381233286,24.0894506811726,50334.296
4.21173772927855,0.0465601499996839,24.0922743231128,50337.202
4.21180870819515,0.0454186426795914,24.0814295151815,50340.108
4.21180810913081,0.0453139811271602,24.0741994222249,50342.999
4.21170473829319,0.0436255392128158,24.0693632659806,50345.905
4.21166932195246,0.0455855098364139,24.068435658449,50348.811
4.21179364337898,0.0441037906510779,24.0728274433519,50351.718
4.21174390413636,0.0428200589427714,24.0636788633091,50354.624
4.21162792306568,0.0445498640782978,24.0666903447036,50357.53
4.2114237347664,0.0434288502208947,24.0643987923318,50360.436
4.21177487604967,0.0476738886651953,24.0664547831079,50363.343
4.21153916851286,0.0434604619792379,24.0663185012817,50366.249
4.21175069652236,0.0460776260936427,24.0606956771658,50369.155
4.21181797848597,0.0467807317406701,24.0662593749516,50372.061
4.2116485298323,0.0413038896180012,24.0659724016528,50374.968
4.21141910677685,0.0427918379091191,24.0725505917834,50377.874
4.21150706478055,0.0430168426862413,24.0713091334948,50380.78
4.21150423147378,0.0447760156556544,24.0703699009569,50383.686
4.2115897097386,0.042787858716819,24.0597125851995,50386.577
4.2115155688,0.0446806654542081,24.0659091804143,50389.483
4.21184932284205,0.0449028885366124,24.0680391095495,50392.389
4.21157321118524,0.0410871404652525,24.069241003709,50395.311
4.21183000272059,0.0426225057509762,24.0723473410053,50398.249
4.21137251622003,0.0439585422415829,24.0581509491659,50401.155
4.2114357694879,0.0448104827982686,24.0564013490121,50404.061
4.21169737458727,0.0433081646154885,24.0526939570715,50406.968
4.21149019710557,0.0436068424522019,24.0566600621538,50409.874
4.2113718412713,0.046060768178666,24.0588373501912,50412.78
4.21130855809466,0.0461697388206992,24.0477802131804,50415.686
4.21119341572721,0.0448892369430267,24.0435034486468,50418.593
4.21155146556192,0.0442176381838266,24.0475135840921,50421.499
4.2113927491275,0.0442612812158347,24.0469719028072,50424.405
4.21121874897865,0.0461900990741432,24.0450598995046,50427.311
4.21121195015205,0.0456659670053997,24.0408286385821,50430.249
4.2112038075255,0.0441455689816016,24.0457560159208,50433.155
4.21166902458989,0.0420007017919092,24.0512703464928,50436.061
4.2115765015983,0.0415806054643532,24.0589795238215,50438.968
4.21154042053124,0.0429924160562362,24.0562436102112,50441.874
4.2114625328996,0.043297021481417,24.0551679655069,50444.78
4.21147092969755,0.0423899957147761,24.0574020956021,50447.686
4.21156905610866,0.0433154213005096,24.0608937896638,50450.593
4.21160654866483,0.0408535918167183,24.0630790411077,50453.499
4.21149747699875,0.0436264398650747,24.0639646860346,50456.405
4.21149768406988,0.0434872396932905,24.0642926081808,50459.311
4.21153787270931,0.0472091253869007,24.0652575691681,50462.218
4.21143366772366,0.0454287697828273,24.061251708558,50465.124
4.21142744097494,0.0442515331029607,24.0567732125537,50468.03
4.21158497086662,0.0453520148453183,24.0602197973703,50470.936
4.2115947194651,0.0437255896414165,24.0522949766156,50473.843
4.2115678914435,0.0459075057293471,24.0553105264549,50476.749
4.21151477832778,0.0435625523646915,24.0545631819205,50479.655
4.21166322189177,0.0430676889252381,24.0551408122766,50482.561
4.21142673605281,0.0482907138295133,24.0470120779852,50485.468
4.2118090226967,0.0454028791176948,24.0434767630688,50488.389
4.21170959572382,0.0438726039127662,24.03925363716,50491.296
4.21152087376149,0.0406408167989358,24.0472283442066,50494.202
4.21146429257039,0.0412582549848679,24.0502805238137,50497.124
4.21132717926342,0.0425641373134984,24.0518820867333,50500.03
4.21124857080548,0.0419327829591733,24.0568630134267,50502.936
4.21147816247318,0.0449210738293881,24.0485643028914,50505.843
4.21142857534445,0.0424000191312009,24.0447148244121,50508.749
4.21136349628094,0.0419094458595527,24.0464705391956,50511.655
4.21175706478858,0.0442471213037154,24.0393150505125,50514.561
4.21175639662681,0.0463657799761285,24.0457965651609,50517.468
4.21171037479742,0.0448859902983103,24.0387097520038,50520.374
4.21144018958605,0.0487342570166682,24.0402720367988,50523.28
4.21154453007904,0.0440393040745935,24.0320524900729,50526.186
4.21150036272765,0.0433378977051367,24.0322065578456,50529.108
4.21114860045803,0.0453774540280657,24.034273101155,50532.014
4.21188457997144,0.0485320868166086,24.0288431558456,50534.921
4.21174819279781,0.0466821493748974,24.0335635560983,50537.827
4.21153545176572,0.0431207877119944,24.0234273342878,50540.733
4.21139224954071,0.0398960194523774,24.0222646678831,50543.639
4.21162049692861,0.0440466036859062,24.0242958117654,50546.546
4.21157497920082,0.0432218242501053,24.0258283716447,50549.452
4.21204405211882,0.0475696681303372,24.0363359853765,50552.358
4.21128582441692,0.0403314282908005,24.0438395465717,50555.264
4.21148161110641,0.0458117335999237,24.0317701086118,50558.171
4.2112942020855,0.04210610732798,24.0368459947143,50561.093
4.21161780621259,0.0431938731282709,24.0361993807622,50563.999
4.21183996422859,0.0451140727723768,24.0394580431127,50566.905
4.21160137139456,0.0451632104568708,24.0474364699593,50569.811
4.21139102190437,0.0426535211650565,24.0431710943056,50572.718
4.21166103358236,0.0445116513315267,24.0302672804121,50575.624
4.21152006191514,0.0439388721746906,24.0221089606287,50578.53
4.2117382459614,0.0453557011661414,24.0338388480292,50581.436
4.21165406577975,0.0459674476407294,24.0326364927171,50584.343
4.21182166057843,0.0449066562617884,24.0257633230059,50587.249
4.21179230250635,0.04325832234845,24.0323896254945,50590.155
4.21166410575083,0.0439448545323516,24.0256150400577,50593.077
4.21195194671803,0.0455606928758889,24.0240746486016,50595.983
4.21177304455147,0.0427447807408549,24.0226373226435,50598.889
4.21175352470725,0.042755051125508,24.0254312564089,50601.811
4.21187431661443,0.0441004126872588,24.0393889852642,50604.718
4.21173812029117,0.0471323038701886,24.0287058751341,50607.624
4.21185134744242,0.0412960225558073,24.02541542117,50610.53
4.21173152031377,0.045409265253402,24.0259650296561,50613.436
4.21168418194824,0.0442324661958889,24.0278674025572,50616.343
4.21184269950258,0.0440452554670783,24.0168673914118,50619.249
4.2116008341527,0.0436546191373722,24.0191573184705,50622.155
4.21162238429737,0.0441188668386142,24.0181309358835,50625.077
4.21202991379044,0.0453155210943816,24.0206561551051,50627.983
4.2118018197589,0.0423278578819297,24.0169980016349,50630.889
4.21147299313187,0.0441780543478555,24.0223788243243,50633.796
4.21162720073796,0.0421833936208111,24.0193192719274,50636.702
4.21176061238827,0.0428321620435984,24.0242808209795,50639.608
4.21177525810823,0.044696640971973,24.0260426740316,50642.514
4.21183581738219,0.0447053320750949,24.0222873178405,50645.421
4.21199239409686,0.0454457067282592,24.0224200908361,50648.327
4.21167265104178,0.0456981898392229,24.0253983748372,50651.233
4.21173117716907,0.0427938526590184,24.0318802063568,50654.155
4.21140724161178,0.044409316134115,24.0222663714666,50657.061
4.21177267625253,0.0448427419962213,24.0246372894447,50659.983
4.21167459721401,0.0451028924786635,24.0289136915313,50662.889
4.21197943172075,0.0440849614890558,24.0280794463929,50665.796
4.21188604292057,0.0477048591290298,24.0316327029105,50668.702
4.21193864889871,0.0454041807979559,24.024395589743,50671.608
4.2120909409611,0.0421043932634123,24.0297548766856,50674.514
4.2120213575406,0.0436719508819994,24.015839703774,50677.421
4.21194539024292,0.0477921839778646,24.0202475535182,50680.327
4.21183532289336,0.0454660393874961,24.0174794710244,50683.249
4.2118040285463,0.0453382640260609,24.015909487282,50686.155
4.21184587333189,0.0448573244645618,24.0179301791703,50689.093
4.21189432197257,0.0415819830114536,24.0123558293308,50691.999
4.21152648977698,0.040331223687157,24.0118520317249,50694.905
4.21173444027279,0.0441985718101956,24.0208193968119,50697.811
4.21179564648312,0.0443584436250297,24.0190295717198,50700.718
4.2115082823606,0.0440358396625022,24.0249400538536,50703.624
4.21177086385951,0.0450236891267114,24.016943724032,50706.53
4.21164839640911,0.0434052325358611,24.0190851473393,50709.436
4.21188291105683,0.0434122262961224,24.0244400495848,50712.343
4.21186803387302,0.0476549240693439,24.0179065774525,50715.249
4.21158193069419,0.0432299810940754,24.0185316873677,50718.155
4.21165856494674,0.04273560352055,24.0184035526209,50721.093
4.21170664704529,0.0426637882420662,24.0191687712327,50723.999
4.21189975643762,0.0424344371409014,24.0049908584291,50726.905
4.21191355283322,0.0406780625497149,24.0197460567199,50729.811
4.21177501912697,0.0436014647582291,24.0188130570959,50732.718
4.21182561833166,0.0431338827754408,24.0201457584718,50735.624
4.21213617330197,0.0448512360067531,24.0219257090553,50738.53
4.21199575437876,0.0419324351960122,24.0143321608591,50741.436
4.21193745181869,0.0440590594475924,24.0204046011493,50744.343
4.21180248912962,0.0441883474287207,24.0153369725633,50747.249
4.21187277906004,0.0414962073665573,24.0164304143729,50750.155
4.21204136392449,0.0431789357414479,24.0125187998725,50753.061
4.21186417273126,0.0425871488452349,24.0174543059508,50755.968
4.21182755609078,0.0434268820003616,24.0119732844711,50758.874
4.21208806320787,0.0422476138064479,24.0050128484922,50761.78
4.21176332595677,0.0449648913477879,23.9976056226523,50764.702
4.21197989534462,0.0433444778945395,23.9990351422426,50767.608
4.21209754995421,0.0401342537799088,23.9964092905268,50770.514
4.21218819404887,0.0433095763548709,23.9995061590021,50773.421
4.21187213307987,0.0427298046070846,23.9991338279324,50776.327
4.2117784029907,0.0419359930040606,24.0032572502167,50779.233
4.21200996548635,0.0428100374287786,24.0059704016318,50782.139
4.21191211258694,0.0459690597904768,24.013075411961,50785.046
4.2118028711792,0.0433061907272477,24.0099546892388,50787.968
4.21193934465782,0.0401500778428995,24.0042243273177,50790.874
4.21221867032426,0.0435885745762136,24.0086321176079,50793.78
4.21181374691819,0.0448584158443662,24.0034455638845,50796.686
4.21207103427409,0.0427296913533234,24.0031489851906,50799.593
4.21233824080951,0.0432899514364885,24.0062037578213,50802.499
4.21166355222149,0.0445908874884989,24.0006985024196,50805.405
4.21223672203398,0.0402694808400987,24.0135503618652,50808.311
4.21202019440615,0.0443077400238107,24.0059394197703,50811.218
4.21219691546614,0.0408184715435944,23.9958324821645,50814.124
4.21222631873162,0.0436212588834801,24.0093207550943,50817.046
4.21214222720557,0.042968541878654,24.0002501682711,50819.952
4.21212660413981,0.043509793892147,23.9974861804676,50822.858
4.21232376374747,0.0419292759988069,24.0063564751442,50825.764
4.21189768476919,0.0445203638178013,24.0067702718351,50828.686
4.21199951534981,0.0423790214708952,24.0051027312189,50831.593
4.21213374379313,0.0404782460083029,24.0029020497523,50834.499
4.21247720344762,0.041604828216634,23.9958545242578,50837.405
4.21185429565714,0.0442555638153598,23.9977330749109,50840.311
4.21197052340514,0.0449095889715531,24.0056880644656,50843.218
4.21218999713917,0.0448937610610532,24.0059847664298,50846.124
4.21238055493192,0.0411223586982006,24.0095821386471,50849.03
4.212009759855,0.0470365650594635,24.0057496807906,50851.952
4.21244366615448,0.0434472330165948,24.0023643819796,50854.858
4.21221479973198,0.0445698871881369,24.0073163179816,50857.764
4.21227451621105,0.0433769791848114,23.9938893610049,50860.671
4.21212765191881,0.0455639696619056,24.0036893983691,50863.577
4.21207864231586,0.0425241433782173,23.9990448746243,50866.499
4.21209311954647,0.0426912911214311,23.99613175551,50869.405
4.21209898759176,0.0425868497178774,24.0000160431661,50872.311
4.21221658526787,0.0436764808315539,23.9920307481593,50875.218
4.21221002086366,0.0433939908635986,23.9977179856085,50878.124
4.21236603306019,0.0416647756138945,23.9930101593082,50881.03
4.21211902964081,0.0420453602645074,23.9889635767217,50883.936
4.21232066342642,0.0406434201007443,23.9896914361929,50886.858
4.21203694070406,0.044691676095246,23.9876549126548,50889.764
4.2122095082338,0.0412047926618358,23.9938900373419,50892.671
4.21224000173383,0.0407866659793565,23.9881886855876,50895.593
4.21211259507505,0.0437739874098772,24.0039827356549,50898.499
4.2123158843445,0.0425527812160379,24.0087861507525,50901.405
4.21216667382884,0.0417664851574001,24.0018295572659,50904.311
4.21259348486829,0.0425606568831644,23.9926461409011,50907.218
4.21219142648913,0.0437096856758237,23.9914995625696,50910.124
4.21228620948008,0.0451723409252044,23.9966408576193,50913.03
4.21238043578359,0.0412337476822453,23.9900940458397,50915.952
4.21245212639073,0.0429765162096195,23.9957317112544,50918.858
4.21230416035979,0.044985073249775,23.9915175587558,50921.764
4.21225476414775,0.0409193121505887,23.9908869791322,50924.671
4.21236645984723,0.0398220108384239,23.9918538086577,50927.593
4.21245354715748,0.042120931081596,23.9831947658437,50930.499
4.21230441146443,0.0402867302624756,23.9859512227156,50933.405
4.21234045421199,0.0440441512246714,23.9827593745953,50936.311
4.21250046281713,0.0449046182108615,23.9905925814624,50939.218
4.21222112671764,0.0430254900729567,23.9837464421314,50942.124
4.21236638328753,0.0442340506599013,23.9810056724797,50945.03
4.21226995601286,0.0429567907928572,23.9833468218943,50947.952
4.21237554498783,0.038846222115842,23.9827003724614,50950.858
4.21246376586907,0.0427870013944975,23.9794690647618,50953.764
4.21237985834563,0.0417742763468286,23.9859910794472,50956.671
4.2124785955471,0.0419824706466941,23.9835924875655,50959.577
4.2123070073254,0.0428712409932406,23.9794512946922,50962.483
4.21246198902954,0.0409283771226881,23.9781228314938,50965.389
4.21267295726936,0.0449990917243839,23.9730363488993,50968.311
4.2122910850813,0.0419137566691988,23.978500483534,50971.218
4.21259300963612,0.0409838570351269,23.973837479972,50974.124
4.21257465738204,0.0418559802107503,23.9782416905637,50977.03
4.21232638387516,0.0399568980974791,23.9742703388933,50979.968
4.2124012003346,0.0453821798080306,23.9813640960982,50982.874
4.21252087471531,0.0404682915775976,23.9739680523141,50985.78
4.21247666424453,0.043953771691993,23.971936979537,50988.686
4.21272699016613,0.0416373137925251,23.9769619595461,50991.593
4.21254299132603,0.0421655533647165,23.9803198957781,50994.499
4.21248169657623,0.0451334176493007,23.9806740652844,50997.405
4.21246462279977,0.0453581382143526,23.9802327922048,51000.311
4.21228126767822,0.0415308273080558,23.9800630786094,51003.218
4.21247681590312,0.042061154624541,23.9794994141592,51006.124
4.21273394389695,0.0430349884421581,23.9732246684319,51009.046
4.21243013262032,0.0447519763360539,23.9781705467891,51011.968
4.21253533419342,0.0418511271249089,23.9775058656203,51014.874
4.21245758686556,0.0426502936671411,23.9818587598306,51017.811
4.21248831878345,0.0433048452093962,23.9754874929678,51020.718
4.21280043746154,0.0433975965937606,23.9797072225071,51023.624
4.21271919137437,0.0422999136093882,23.9800181247002,51026.639
4.21259059394355,0.0388063732709132,23.9800260280969,51029.686
4.21265468553375,0.0429962155639847,23.9803523082018,51032.702
4.21264343637138,0.0393630189047596,23.9752341356908,51035.702
4.21298635761564,0.0396065593878522,23.9831746796196,51038.702
4.21266441901116,0.041116504411737,23.9732705396251,51041.655
4.21272235495291,0.0439515071171692,23.9799670752677,51044.593
4.21279793243807,0.0422987127549075,23.9752465759614,51047.499
4.21252287733659,0.0419852683135828,23.9819011161152,51050.421
4.21276883727099,0.0406966585593464,23.987250488154,51053.327
4.21243274477092,0.041746948419716,23.9815214465784,51056.249
4.21279318993195,0.0417824048390325,23.9831826701201,51059.171
4.21245029416928,0.0434305226887561,23.984798592686,51062.093
4.21264104214298,0.0418676321007183,23.9849567497417,51064.999
4.21263571421643,0.0425474498658345,23.9855816663877,51067.921
4.21280033997712,0.0410024150383778,23.9854132587343,51070.843
4.2128278392465,0.04081932004474,23.9881803945703,51073.749
4.21266468506822,0.0402231063613616,23.9905810346211,51076.671
4.21273120578087,0.041349807785333,23.9895171276071,51079.608
4.2128405289757,0.0416658275328059,23.9924970490326,51082.53
4.21274487319774,0.0423065727744403,23.9808219608272,51085.436
4.21254674427171,0.0383303163670752,23.9858509335116,51088.343
4.21286650678741,0.0394426244119498,23.973634142322,51091.249
4.21273454803263,0.0411848894122231,23.9666214456564,51094.139
4.21271568704972,0.0402182627444099,23.9781982408572,51097.046
4.21273249225885,0.0417119460787396,23.9681974883948,51099.952
4.21274649564266,0.0423333363047479,23.9667698478918,51102.858
4.21274300020249,0.0391227532843445,23.9628309034577,51105.764
4.21258039304869,0.0425761394056147,23.9749572539485,51108.671
4.21289094569015,0.0412778867480762,23.9716446618374,51111.577
4.21287474634669,0.0419315023280537,23.9706917908668,51114.499
4.21293580211812,0.041563534517395,23.9707130923243,51117.405
4.21289190237911,0.0429824581297572,23.9629453665005,51120.296
4.21301489646785,0.0438591996816407,23.9637168433804,51123.202
4.21286211026887,0.0435146883802279,23.965700161436,51126.108
4.21247717418819,0.0396285108949884,23.9739944532423,51129.014
4.21298310179324,0.0439719837274842,23.9778271613224,51131.936
4.21310582132765,0.0386230252563848,23.9747818992412,51134.843
4.21281199243457,0.0431699690716086,23.9759390103332,51137.733
4.21294248473719,0.0428779739353679,23.9707537471537,51140.639
4.21270111989297,0.0399022114670722,23.9629144789005,51143.546
4.21307361477401,0.0385532793209543,23.9656815628349,51146.468
4.21299129614763,0.0415980024194035,23.9653194938966,51149.374
4.21299680361027,0.0416008218495686,23.9561637210181,51152.28
4.21298228349985,0.040340618945751,23.9584434758326,51155.186
4.21305113480213,0.039066214419068,23.9567549888775,51158.077
4.21292527712705,0.041735684168996,23.9678586202811,51160.983
4.21301438099569,0.0377811202797428,23.9668676289887,51163.889
4.2129187875229,0.0414796484123979,23.9661362372871,51166.796
4.2130835220465,0.043680654661409,23.9631066169898,51169.702
4.21313518227323,0.0397786977723033,23.9623971183287,51172.608
4.21308969174736,0.041535082044536,23.9614048387307,51175.514
4.21319662579497,0.0398144829783665,23.9641534619957,51178.436
4.21282987359039,0.0432747591279145,23.964276148645,51181.327
4.21296728920969,0.0410439702757688,23.9694694623945,51184.233
4.21301450028384,0.039589317765855,23.9703731703775,51187.139
4.21283360258963,0.0388280087334188,23.9642388369465,51190.093
4.21302182196077,0.040682462882505,23.9589050960574,51192.983
4.2131205855174,0.0410593010863594,23.9629675701626,51195.889
4.21308437688651,0.0404244144093135,23.9590909333206,51198.858
4.21304751871584,0.0417298126395925,23.9623124715435,51201.827
4.21305017043949,0.0414772456706906,23.9549741177017,51204.733
4.21309581744831,0.0395509597694327,23.9682078162128,51207.639
4.21324777112108,0.0422985461001384,23.9631317173015,51210.577
4.21304056799844,0.0395678843607693,23.9606027598963,51213.483
4.21311940937358,0.0421590711352852,23.9651981189571,51216.389
4.2131325743003,0.0394946868262478,23.9639207804337,51219.296
4.21316787008393,0.0416836237437358,23.9676013964418,51222.218
4.21288919570137,0.0411876478766959,23.9632174151823,51225.124
4.21312791719185,0.0403446305910703,23.9516974369532,51228.093
4.21311696416368,0.0404085157726288,23.9503213846212,51231.014
4.21307856454639,0.0407305720898014,23.9509025154782,51233.936
4.21310253608363,0.0415709522187965,23.9607096004982,51236.905
4.21308050211283,0.0382345208036498,23.9650779162678,51239.811
4.21337129790648,0.0390036948092174,23.9684443647008,51242.749
4.21287122156314,0.0391726830353608,23.9578700874697,51245.796
4.21315925188284,0.0417773878074519,23.9527286720143,51248.827
4.21317335898058,0.0390083434468681,23.9535733978149,51251.858
4.21291163671251,0.0409714608353143,23.9509923859895,51254.827
4.21334002605576,0.0420357943305027,23.9529838094793,51257.843
4.21327806013333,0.0406450680806011,23.9533102590684,51260.874
4.21347650909927,0.0445233282800023,23.9533161239379,51263.874
4.21325390475275,0.0405723246903599,23.9601546984965,51266.874
4.21320694345733,0.0396114192912158,23.9570575640995,51269.843
4.21321476829318,0.0402061918132562,23.9546019759678,51272.749
4.21342555181499,0.0386039534575391,23.9598993615808,51275.702
4.21307631347453,0.0417483037082593,23.9564905018482,51278.655
4.21314505817079,0.0396919675600262,23.9564271189195,51281.624
4.21320740157577,0.0380942521353438,23.955373403791,51284.561
4.21336452880733,0.0417178430708787,23.9539968387267,51287.53
4.21332699136476,0.0394318195558207,23.9600819631611,51290.577
4.21334135022037,0.0399860476476093,23.957517224018,51293.577
4.21337331503084,0.0400621614979952,23.9635059409003,51296.561
4.2136844036186,0.039697224977556,23.964553356683,51299.546
4.21330909829055,0.0411857369819445,23.9664918390976,51302.514
4.21348718581956,0.043100136773503,23.9630175649968,51305.514
4.21322010880349,0.0388797341767655,23.9607097091248,51308.514
4.2134238775957,0.0417709405721261,23.9581448712592,51311.499
4.21340415181084,0.0414939106175241,23.9451731739428,51314.468
4.21345137893158,0.0394954285262348,23.9505642542096,51317.468
4.21335783685756,0.0422250923228574,23.9538297665721,51320.499
4.2134648135587,0.0409291257617148,23.9582833740158,51323.514
4.21347238043217,0.0398874990133109,23.9457433636507,51326.483
4.21348315834703,0.0391529182601916,23.9619266133595,51329.483
4.21359390221515,0.03900221923562,23.9621454016616,51332.436
4.21358000525343,0.0392996867802184,23.9602494377266,51335.358
4.21366763933183,0.0392253549847028,23.9556335455797,51338.264
4.21342903936359,0.0406290018973177,23.9573045389567,51341.186
4.21337468492983,0.0410257353374043,23.9574395260252,51344.108
4.21354455138839,0.0421854491493562,23.952299355796,51347.014
4.21349179484117,0.0389533099169849,23.9498969265395,51349.936
4.21332359490515,0.0418831395006378,23.9519752011525,51352.858
4.21344092315453,0.0408348438560835,23.9579020915459,51355.78
4.21344761729752,0.040769539930372,23.9548135801843,51358.686
4.21345094512424,0.0401169700403096,23.9503737907788,51361.608
4.21355134386436,0.038991640918272,23.9505242848948,51364.53
4.21365762962363,0.0402395301195368,23.9534725703536,51367.468
4.21369939585189,0.0380899247438238,23.9472115672871,51370.374
4.21335652574113,0.0386860901362089,23.9448626073184,51373.296
4.21320898942565,0.0387668423483304,23.9435192369957,51376.218
4.21349675053721,0.0374126361744265,23.9451669468086,51379.139
4.21348796855326,0.0364895376941804,23.9513333735856,51382.046
4.21357705934344,0.0421852448352066,23.9479733326974,51384.968
4.21364177913961,0.0384279211595575,23.9420604221237,51387.889
4.21373101049138,0.0396956932321521,23.9516001627322,51390.796
4.21350378302088,0.0380984654658677,23.9389688355507,51393.718
4.21369314843124,0.0390742272641827,23.9383122339861,51396.639
4.21341081145782,0.0398319909110319,23.9450067425696,51399.577
4.21354938948874,0.0379304465329726,23.9410276108229,51402.499
4.21371873327976,0.0398589523236136,23.9427466751009,51405.405
4.21346309968621,0.0412186390327851,23.9417756654189,51408.327
4.21363924410532,0.0380666302430218,23.9448828067056,51411.249
4.21358918256968,0.0391283179148911,23.9412315580502,51414.186
4.21339234214868,0.0389180443580631,23.9311061845443,51417.077
4.21342583957329,0.0374000492604765,23.9410045489075,51419.983
4.21363125125549,0.0408069054229149,23.9381235245071,51422.889
4.21366419521594,0.0396385718612797,23.9360150135206,51425.796
4.21364889410165,0.0403143935818883,23.9358685741752,51428.702
4.21368398450711,0.0393046894194847,23.9416199842783,51431.624
4.21371663225833,0.0411614362253646,23.9438090536977,51434.53
4.21367585522741,0.0381257281498509,23.9413039055084,51437.436
4.21361425102421,0.0416886676152389,23.9333082576606,51440.343
4.21370790590776,0.0378679641358265,23.9320144725044,51443.249
4.21403283899728,0.0417202462874148,23.9339550771107,51446.139
4.21395681151463,0.0398956466641683,23.9209432736531,51449.046
4.21363395824922,0.039180178118353,23.933013512544,51451.952
4.21356344040766,0.0373390904198817,23.9303262745879,51454.858
4.21345066620384,0.0405836383966152,23.9297606626289,51457.764
4.21348866885308,0.0385590324464467,23.9379129500345,51460.671
4.21364862471964,0.0395852276766522,23.9314555700506,51463.593
4.21418124718894,0.0390055315465786,23.9346179803363,51466.499
4.21395400874277,0.0383705015801133,23.9374197067273,51469.389
4.21386611671425,0.0385141069147229,23.941124800789,51472.296
4.21356012237563,0.0395194855310134,23.9409567317867,51475.202
4.21392301064294,0.041333591574166,23.9383917697443,51478.108
4.21378068960348,0.0392584915935673,23.9364222914964,51481.014
4.2135511265012,0.0390681317251302,23.9397921655245,51483.921
4.21370414140847,0.0382938050117301,23.9290885363906,51486.827
4.21379958086629,0.0404155090728923,23.9391217939452,51489.733
4.21392816171936,0.0385307198924863,23.9363238481108,51492.639
4.21373845029774,0.0401675593979684,23.9321522545407,51495.546
4.21390295816428,0.0411067158167627,23.9289365283141,51498.452
4.21378168425863,0.0391085019020494,23.9337822478636,51501.358
4.21407873288233,0.0427873110707872,23.9371586640668,51504.264
4.21389637170808,0.0412099096606036,23.9370195653125,51507.171
4.21400914341457,0.0391853162912481,23.9380209007736,51510.077
4.21386633393652,0.0413126756784457,23.93109883654,51512.983
4.21376585205487,0.040232230989802,23.9333417076333,51515.889
4.21368609265771,0.043134047426072,23.9364465263572,51518.78
4.21391098798438,0.0350844803544535,23.9354720898451,51521.702
4.2137749352531,0.0388759898564692,23.9381148244474,51524.608
4.21415390322518,0.0396194085691104,23.9389748822474,51527.546
4.21394615783832,0.0395837065289088,23.9352305782999,51530.436
4.21399139896237,0.0389443164583106,23.9364351917022,51533.343
4.2138682189462,0.0365403123317193,23.9382352388638,51536.249
4.21390690081027,0.0354300617110422,23.9379801239772,51539.155
4.21413706071487,0.0398164063636131,23.932327996067,51542.077
4.21395004423992,0.0413966533204645,23.9302263498879,51544.968
4.21394133761311,0.0377767386906803,23.9332637426983,51547.874
4.21410676236914,0.0386610991839311,23.937108107102,51550.78
4.21388234570401,0.0414023896987871,23.9348693304424,51553.686
4.21392311931977,0.0379641173360208,23.9250443743078,51556.593
4.21414861930772,0.0382342535988269,23.9367431327411,51559.514
4.21403034629688,0.038986165730432,23.9302581458359,51562.421
4.21394840150767,0.0358524933055516,23.9149720562384,51565.327
4.21377433261448,0.037716120291632,23.9148098438827,51568.233
4.21384967409639,0.0366832002237925,23.906886821859,51571.139
4.21399615103551,0.038648977000791,23.9105797296256,51574.046
4.21390932861776,0.0364937778975261,23.9139316180583,51576.952
4.21420731956132,0.0380340435145183,23.9145924742105,51579.858
4.21407822857991,0.0385155930508112,23.9129781671055,51582.764
4.21414225768002,0.0408308490184749,23.9148039270833,51585.671
4.21407709559666,0.0416074153590051,23.918532493217,51588.561
4.2141771487902,0.0407251161223682,23.9209034451211,51591.468
4.21427301553376,0.0385154862234672,23.9186604715618,51594.374
4.21393941816254,0.0407932927182026,23.9132134629068,51597.28
4.2142910660654,0.0375388455430567,23.9121498484178,51600.186
4.21421754925836,0.0385361062038289,23.9003171598128,51603.093
4.21425091453899,0.0377924969989723,23.9032741227736,51605.999
4.21425188659999,0.0386756551698679,23.9104636938316,51608.905
4.21446907343795,0.0386607480651758,23.9123170791442,51611.811
4.21415349767387,0.0428030688644334,23.9113677774111,51614.702
4.2143356167747,0.0392944476834106,23.910121918166,51617.608
4.2142937571267,0.038351189507212,23.9072302365052,51620.53
4.21427681415359,0.0385006174721765,23.9109052417553,51623.421
4.21412141883196,0.0393398582667155,23.9218329931355,51626.343
4.21435955869211,0.0388379938579576,23.9142674886886,51629.249
4.21423881105082,0.0380850623632008,23.9105854392487,51632.155
4.21428865912406,0.0367580882561912,23.9080397878591,51635.061
4.21413206764306,0.0359022803256937,23.9044545520446,51637.968
4.21401869630938,0.038944020964336,23.9062104237231,51640.874
4.21415222610797,0.0375522968722523,23.9073435923042,51643.764
4.21447062861962,0.0359878322422498,23.9014875027467,51646.671
4.21443411995859,0.0374324681743795,23.8927238415763,51649.577
4.2143226755002,0.0413228828622031,23.8944644450265,51652.483
4.21435536405661,0.0406230901111435,23.8914685750477,51655.389
4.21427603990869,0.0356208519174982,23.8953278482223,51658.296
4.2142789785565,0.0406601428607276,23.8979327066274,51661.202
4.21415043334961,0.0393701229569939,23.9017955506639,51664.108
4.21426296099316,0.0409894197889175,23.9016425315152,51667.03
4.21443933601517,0.0341871272182529,23.9082111451019,51669.921
4.21437747692983,0.0364406748429827,23.9093504049915,51672.827
4.21441579082238,0.0378752705393138,23.9133839617218,51675.733
4.21431960383838,0.0381121146639537,23.9105335872567,51678.639
4.21436367907123,0.0408078952756268,23.9117674294397,51681.546
4.21421489950384,0.0359823652623762,23.9112062954769,51684.452
4.21428588348512,0.0395589240603179,23.9020227967765,51687.358
4.21452651936057,0.0388589196234534,23.8994383759171,51690.28
4.21442043077444,0.036131512259914,23.8976953459416,51693.186
4.21441390326829,0.0388518104793701,23.905899588543,51696.093
4.21447518144384,0.0386999006860478,23.9128998802139,51698.999
4.21443134149199,0.0413194021830676,23.8998396121089,51701.889
4.21438287831142,0.0409038628173316,23.9030045976403,51704.811
4.21445641030419,0.0397623709318674,23.9081037641952,51707.718
4.21453171754494,0.0361839066920807,23.9140544616293,51710.608
4.21464090859313,0.0391175367239284,23.9137186759999,51713.514
4.21261527830434,0.0175665356003823,23.9027257799251,51716.421
4.20895343703044,-0.00291181133506726,23.9119010738715,51719.28
4.20929975020049,-0.00013213856435302,23.903084157156,51722.139
4.20970479670186,-0.00105505201523018,23.9113856438248,51725.03
4.20941020200292,-0.00260216815466233,23.9130272743492,51727.905
4.20961314691967,-0.00467811054735659,23.9061009549272,51730.796
4.20942260374364,-0.000872015750534567,23.9087966863304,51733.671
4.20941700389516,-0.0025017583492406,23.9102719301824,51736.561
4.20921650682502,-0.00324727639631089,23.902225788707,51739.452
4.209288716765,-0.00115335672539319,23.9028103628773,51742.327
4.20954527976403,-0.00227743229517211,23.9097152856426,51745.202
4.20953841775274,-0.00106136457586663,23.90619850963,51748.093
4.20956763784327,-0.00537600203517871,23.9077849406527,51750.968
4.20909799879207,-0.00442263536618769,23.9088429974671,51753.858
4.20936812700625,-0.00226010132631046,23.9059551000759,51756.764
4.20914535084065,-0.00390548442172181,23.8973358453825,51759.608
4.2089733475257,-0.00217841307970477,23.9071581126504,51762.468
4.20913003195063,-0.000517270237285102,23.9010408506441,51765.311
4.20945773799871,-0.00470869334320667,23.8967984824864,51768.186
4.20903820355261,-0.00738083014868034,23.9041203383474,51771.077
4.20898289771169,-0.00519038906976187,23.911660051936,51773.952
4.20910099718618,-0.00368234009882871,23.9028567350447,51776.827
4.20901286729564,0.000868284612292039,23.8992059770729,51779.702
4.20910553867976,-0.00378109909513115,23.9065162305021,51782.593
4.20944792017936,-0.00295722355350259,23.9061408934568,51785.499
4.20859422559274,-0.00119746567836361,23.9059454725383,51788.374
4.20886993474392,-0.0049709799355979,23.9127959816218,51791.249
4.20870244294823,7.53932434238478e-05,23.9050228799926,51794.139
4.20865006923513,0.00225575945007568,23.9063128965307,51797.014
4.20886984856175,0.00109313079662713,23.9069319299838,51799.905
4.20874383432608,-0.00328572059736028,23.9062394555949,51802.78
4.20860849714438,0.001526338099848,23.898809130609,51805.671
4.20856851037879,-0.00121259480451419,23.9088784039317,51808.546
4.20828403210799,-0.00516839304661393,23.9109909337213,51811.421
4.2085372197525,-0.00228989424688797,23.906335585912,51814.311
4.20843287515163,-0.00496977186936684,23.9080898318029,51817.218
4.20837495573709,-0.00253888068382316,23.9073802302153,51820.093
4.20866340447029,-0.00545234386183276,23.9181964253886,51822.983
4.20811130034038,-0.00514912660313974,23.9194111844062,51825.858
4.20851190194332,-0.000437929217087081,23.9112645249762,51828.749
4.2086188353755,-0.0044336173623964,23.9055593455472,51831.639
4.20851594178357,-0.000193303485064965,23.90407134018,51834.514
4.2086334429552,-0.00119115927772054,23.9027484149416,51837.405
4.20893533011802,-0.00195209681090569,23.9063467922149,51840.28
4.20823521615877,0.00144954099907831,23.9092004874732,51843.171
4.20819366779342,0.000321032681370243,23.9131069823034,51846.046
4.20825558973324,-0.00812024445962068,23.912939327204,51848.936
4.2081613661349,0.00059166122272458,23.9079031923513,51851.811
4.20840449923121,-0.00155632026757455,23.9162915364327,51854.718
4.20799981668371,-0.00124337083863077,23.9079229886083,51857.577
4.2083610956137,-0.00178823081089557,23.9140451585863,51860.421
4.20821346529285,7.95452226558853e-05,23.9119837992578,51863.28
4.20835765450425,-0.00277057279348182,23.9123793473432,51866.155
4.20829681801527,-0.00117596856028409,23.9091482272602,51869.046
4.20803227939985,-0.00311108438107426,23.9127103017544,51871.936
4.2078769377705,-0.000765219770652172,23.9062753520551,51874.811
4.20809195700221,-0.000481876834825833,23.9048888005884,51877.686
4.20814063635166,-0.00247390372445853,23.9027682498032,51880.577
4.20848748622368,-0.00104370034850938,23.9054446025602,51883.452
4.20810884859769,-0.00185931727044263,23.9078848445286,51886.358
4.20817528413277,-0.00329372680967247,23.9076295758269,51889.202
4.20794963879977,-0.00339425673873327,23.9065873851642,51892.061
4.20794318798961,-0.00305737222339882,23.9037689822133,51894.921
4.20801280451898,-0.00231992027416591,23.9134000434385,51897.796
4.20780465113497,-0.00311650420183582,23.913548213304,51900.686
4.20831876535132,-0.00436219094930635,23.9064065433256,51903.561
4.20827927538005,-0.00498386597563202,23.9209089650793,51906.436
4.20815013293413,-0.00384577319632253,23.9191797346387,51909.327
4.20774012097641,-0.00117908665248259,23.91683728363,51912.218
4.20757449302953,-0.00568294468789433,23.9078405758151,51915.093
4.20777340440284,-0.00312893731953584,23.9119079306646,51917.999
4.20787752143379,-0.00233332185922848,23.907714659389,51920.843
4.20796405300597,-0.00389159665079662,23.9035083607121,51923.702
4.20801053335887,-0.00433708602681251,23.8980943304005,51926.546
4.20803226794574,-0.000514762418073135,23.906534392204,51929.436
4.20765675280455,-0.00264000785035916,23.8938642187155,51932.327
4.20780086713402,-0.00134493764479034,23.8928717899022,51935.202
4.20763810148909,-0.00385431032205694,23.8852803767485,51938.093
4.20787498442989,-0.00398579657445419,23.8905877210947,51940.968
4.20760704306195,0.000554415020968473,23.8952003196526,51943.858
4.20776513560621,-0.00272730123154364,23.893742428052,51946.749
4.20762232732583,-0.00364784879156728,23.891416055838,51949.624
4.2075635616366,-0.00514326333313286,23.8940292714922,51952.53
4.20773131363662,-0.00148996048314587,23.8935430866691,51955.358
4.20773893355492,-0.00487470217291432,23.8967055214,51958.218
4.20737954331959,-0.00163774150470288,23.9016895265921,51961.077
4.2073954970302,-1.08131430176142e-05,23.910230533371,51963.952
4.20738372940947,-0.00125898212724406,23.9100437347549,51966.827
4.20744572889893,-0.00244592316324468,23.9054940346828,51969.718
4.20742090911325,-0.000223080662922973,23.9031515827414,51972.593
4.20733741876425,-0.00386393382692692,23.8994226270084,51975.483
4.20729407322889,-1.12518140707435e-05,23.8907917611744,51978.389
4.20749507284793,0.000787333926203394,23.8968202714193,51981.264
4.2073142866414,-0.00317633787349141,23.8902635870445,51984.155
4.20784068976946,0.00133258190573045,23.8925850798878,51987.03
4.20739767995906,0.000355053238549317,23.8967457480364,51989.921
4.20745752379928,0.000443048408599923,23.8993095717522,51992.811
4.20767714654496,-0.00209175860596535,23.9040343602572,51995.686
4.20732659243163,-0.00642986578524054,23.9075731547212,51998.561
4.20740959539888,-0.00506829954273059,23.906686680151,52001.452
4.20730902607986,-0.00280525984135142,23.9040937794329,52004.327
4.20751115160242,-0.00256815651311914,23.9061930135963,52007.218
4.20713942789109,-0.00483866026205425,23.8974785262598,52010.108
4.20709885844523,-0.00332878208232589,23.9002936041338,52012.983
4.20738964902975,-0.00499215899110483,23.9007206483029,52015.889
4.20754759906956,-0.00287789506068968,23.8907365861239,52018.733
4.20718563581445,-0.00106533126362976,23.8917963727606,52021.593
4.20730491188227,-0.0014781711735491,23.8892063069986,52024.436
4.2071223937442,-0.000500526835085216,23.8961324916011,52027.327
4.20707441173021,-0.0025172114773911,23.9028275445424,52030.202
4.20713501938991,0.00186501637209593,23.9021084249257,52033.077
4.20711168915292,0.0024697361487341,23.8991494044188,52035.968
4.20738159037861,-0.000485882201249648,23.9031845132209,52038.843
4.20699872915683,-0.00204165847355382,23.9032935739475,52041.718
4.20729062143078,-0.00155141199338239,23.906758837835,52044.593
4.20693584525325,-0.00632864001946478,23.8962105370767,52047.499
4.20713145712493,-0.00272197357298989,23.8921579530737,52050.358
4.20723663865027,-0.00688162107281651,23.8982031515845,52053.202
4.20711239060385,-0.00290407492587776,23.8959900120408,52056.046
4.20676644974472,-0.00358535858803863,23.8863554510647,52058.936
4.20698520758062,-0.0025854989630827,23.8761426273576,52061.811
4.2068285943734,-0.00242713508144754,23.882917543557,52064.686
4.20683155216041,-0.000342491654462309,23.8763283551136,52067.577
4.20705453511731,-0.00335978882808395,23.8825267890319,52070.452
4.206840754934,-0.00161609793750564,23.8862893833074,52073.343
4.20696751843393,-0.00118449529885691,23.8821948456355,52076.218
4.20693820900185,-0.00355343027236097,23.8759477842349,52079.124
4.20705737250597,-0.00303026676940567,23.8809576712405,52081.968
4.20673384565602,-0.00278119165212007,23.8872318782386,52084.827
4.20673875080839,-0.00310801423496818,23.8857608734103,52087.671
4.20681618879001,-0.00195097600236942,23.8799246300386,52090.561
4.20674277392138,-0.00377304515000626,23.8812490233911,52093.436
4.20677478294164,-0.00545776664507562,23.8856738622657,52096.327
4.20665007469161,-0.000774766363834968,23.8860598842345,52099.218
4.2069651322543,-7.38952772693955e-05,23.8877964430696,52102.093
4.20694809374467,-0.00176667333656129,23.8783225903344,52104.983
4.20668974580947,0.00060161404771007,23.8773854448461,52107.889
4.20678428688863,-0.0013278297489382,23.8725595809868,52110.764
4.20677017909355,-0.00464981455840249,23.8762329700631,52113.639
4.20682184508579,-0.00263602793683996,23.8752382587049,52116.53
4.20657520254429,-0.00316040565571702,23.8698359599111,52119.405
4.20666023870158,-0.00349246982759148,23.8767843146553,52122.296
4.20678471724736,-0.00298176919543057,23.8789986221891,52125.171
4.20659091803806,-0.00133972296287519,23.8775602672668,52128.046
4.206613573881,-0.00586428563267748,23.8790124564751,52130.936
4.20670336248895,-0.0028377861943847,23.8787415477641,52133.811
4.20673716464783,2.95528664420925e-05,23.8799511173019,52136.702
4.20692251323306,-0.00434776049064784,23.8747806884948,52139.608
4.20665336143693,-0.00144814775340188,23.8726343104694,52142.483
4.2068131478178,-0.00234025727806631,23.8751373153444,52145.358
4.20653249763074,-0.00467377663672006,23.8728145122808,52148.249
4.20664585635267,-0.00189768919791441,23.870605687992,52151.124
4.2065976799782,-0.00178173984964976,23.8811899888438,52153.999
4.2071021838809,-0.00400926231056878,23.8863823474772,52156.889
4.20626887924203,-0.00200232054950739,23.8817918329742,52159.764
4.20665188867217,-0.00518692037621501,23.8805343316074,52162.639
4.20659429819321,-0.00411712152265353,23.8748775368752,52165.514
4.20650815503728,-0.000737946021037916,23.8742640143595,52168.405
4.2065489520206,-0.000920883508542542,23.8756159865547,52171.311
4.20632072340859,-0.00495182061426469,23.8751226297979,52174.186
4.20655342098887,-0.00196454727965354,23.8724433795274,52177.077
4.20650749957064,0.00136477418512097,23.8794417573717,52179.968
4.20675111039181,-0.00762011063924829,23.8858596497631,52182.843
4.20650136410426,-0.00455037911927884,23.888763512225,52185.733
4.20644955023374,0.00103702201295895,23.8792742804262,52188.608
4.20656040620656,-0.00157500326025483,23.8792899311843,52191.483
4.20663373715549,-0.00314525511258877,23.8833350496277,52194.374
4.20654560417365,-0.00513205706851601,23.8807360930167,52197.264
4.20648431357,-0.00289684508109107,23.8819131625766,52200.139
4.20648383848914,-0.00408788171691955,23.8743456059499,52203.03
4.20663773711124,-0.00289802103800397,23.8748011945489,52205.905
4.20644985099329,0.000542603776060799,23.8693108548172,52208.811
4.2063984477323,-0.00567771377721954,23.8728357074231,52211.655
4.20625037221146,-0.00428176586770005,23.8754573381166,52214.514
4.206510380249,-0.00406906756422991,23.8851610571433,52217.358
4.2065270825467,-0.00199654526759171,23.8755406355936,52220.249
4.20622641500505,-0.00236882488397594,23.8790325285253,52223.139
4.20644628484713,-0.00272004597335402,23.8778553839753,52226.014
4.20654074032484,-0.00244419939389637,23.8759072894976,52228.905
4.20649403330263,-0.00083401377531571,23.8732079703307,52231.78
4.20621141076486,-0.0018202640784415,23.8712616982391,52234.655
4.2062728995808,-0.00189458245546458,23.8749413276805,52237.546
4.20626134883764,-0.00536957523257311,23.8688851329317,52240.452
4.20643548680867,-0.00184033262267223,23.8748741235312,52243.296
4.20615904621706,-0.00105559620274973,23.8750744874116,52246.155
4.2062597115651,-0.00374175808445194,23.8737778082329,52248.999
4.20601837837319,-0.00344633022841416,23.8790842812417,52251.874
4.20632870332116,-0.00331482788966922,23.8713604554683,52254.764
4.20649455323642,-0.00163782502022121,23.8730559007661,52257.655
4.20618749892968,-0.00155815082590015,23.8755228363091,52260.53
4.20634875020329,-0.00250922635431047,23.8747711515851,52263.421
4.20638231013661,-0.00212685639981831,23.8734858427708,52266.296
4.20590171167257,-0.000717783335596613,23.8728477200028,52269.171
4.20607986256449,-0.00386670606280634,23.8834821883959,52272.108
4.20600237908793,-0.00120527571397941,23.8727752760688,52274.952
4.20602659517488,0.00117289575176462,23.8679067969592,52277.811
4.20632257852655,-0.00393651757051932,23.8698235194947,52280.655
4.20633662407185,0.00050416277173975,23.8668892689546,52283.546
4.20607604030478,0.00228145432991228,23.864752730523,52286.405
4.20622039590551,-0.00120145088780524,23.8633781558626,52289.186
4.20599095955332,-0.00435834798211439,23.8693840880894,52291.968
4.20637827109548,-0.00256012722322307,23.8701501368519,52294.718
4.20593086325724,-0.00142320558910828,23.8734658533199,52297.436
4.20628234419497,-0.00236889548895183,23.8744013602001,52300.171
4.20631852067809,-0.0021847006480945,23.8769783737121,52302.889
4.20608942566518,-6.66567988040912e-05,23.8745947061549,52305.624
4.20664432892615,-0.00191379730678567,23.8745244783246,52308.374
4.20609455347184,-0.00282358667142996,23.871889823116,52311.108
4.20619661672409,-0.00470231059009564,23.8719497731789,52313.827
4.20597361755179,-0.00242346957038196,23.8781646462702,52316.561
4.20619155159447,-0.00666568401486939,23.8782118103097,52319.296
4.2059294448064,-0.0028999367635548,23.872157552188,52322.03
4.20597452467625,-0.00130554903280497,23.8680459888287,52324.749
4.20616484891822,-0.00149978258931104,23.8713853565389,52327.483
4.20609846561129,-0.00378670603470762,23.8709027319945,52330.233
4.2059478293085,-0.00244915684165201,23.8765402094299,52332.968
4.20623868832345,-0.00195500399520986,23.8752508522921,52335.686
4.20613156271808,-0.000616288499660516,23.8753662491359,52338.421
4.20629919243583,-0.00540113265071801,23.8818289179049,52341.155
4.20601427848531,-0.00344992329086313,23.8751658465401,52343.889
4.20589296188267,-0.00397210640658647,23.8867010272758,52346.639
4.20635368546199,-0.00162957160268337,23.8784795234002,52349.374
4.20604614352856,-0.00409469187685865,23.8694321242723,52352.093
4.20617729993668,-0.00229586507064591,23.8761644187538,52354.827
4.20592725715595,-0.0011034889512578,23.8679752535479,52357.561
4.20619987745873,-0.000324903351493695,23.8722777295952,52360.296
4.20608682206686,-0.00528342480418711,23.8652184032984,52363.03
4.20593305677339,-0.00628103065237709,23.875697982539,52365.764
4.20575293698122,-0.00170994469207498,23.8736223651467,52368.483
4.20620046132674,-0.00373480538051194,23.8796399598509,52371.218
4.20609245915744,-0.00060639192195802,23.8816101427355,52373.952
4.20600828399051,-0.00349619316930306,23.8755589744153,52376.686
4.2058710804664,-0.00152914687453007,23.8768297892374,52379.436
4.20581375660879,-0.00305651646576849,23.8746911660815,52382.171
4.20597535504306,-0.00230424294523817,23.8700768863904,52384.889
4.20598682113836,0.00104986346908759,23.8690301996576,52387.624
4.2056906432436,-0.00131156009335505,23.8667191665286,52390.374
4.20571865810742,-0.0011949625436708,23.8638112753217,52393.108
4.20612667126662,-0.0017526798113933,23.868845771208,52395.843
4.20588901269327,-0.00402232733044846,23.8661686943954,52398.608
4.20597586312341,-0.00311268608665784,23.8668670357141,52401.343
4.20589189628065,-0.00347748407509357,23.8687320685588,52404.077
4.20583354833625,-0.00193820033707592,23.8717450925777,52406.796
4.20570524121029,-0.00341153493897119,23.8691826094553,52409.53
4.20585509399025,-0.00552008723570688,23.8684741457964,52412.28
4.20580460103856,0.00194319625637807,23.864676986719,52415.046
4.20592838104121,-0.00525259979274258,23.8709718466299,52417.764
4.20588351080027,-0.000436683160537133,23.8662011206859,52420.499
4.20581247057019,-0.0012877720936127,23.8818035406742,52423.233
4.2059075649228,-0.00141593520230861,23.8772722988467,52425.968
4.20584728101357,0.00151072497633001,23.8705217134757,52428.718
4.18884291144922,-0.00166617559223319,24.4913892997315,52429.718
4.18888727428302,-0.00167235647102576,24.4826119483716,52439.093
3.9785014173276,-1.98986129917759,24.5084188962509,52449.312
3.95819816271225,-1.98847484784158,24.5650139780964,52458.702
3.94267553112208,-1.99183013141949,24.6510080157771,52468.062
3.92940192892764,-1.99124711698448,24.7382200045757,52477.452
3.91788538413866,-1.98864260606378,24.8382126043752,52486.812
3.90790832224096,-1.99259170135088,24.9394893292843,52496.187
3.89852938783345,-1.99017263105662,25.0429573378404,52505.562
3.89014438106665,-1.98812683041761,25.1504566826259,52514.906
3.88259415743203,-1.98954676322832,25.2669886665077,52524.281
3.87553215861522,-1.98874976531555,25.3646466234241,52533.624
3.86889074482692,-1.99196320614593,25.4689434590352,52543.031
3.86271441775885,-1.98828466006334,25.5790407720561,52552.421
3.85680355762339,-1.98901557995863,25.6835714930795,52561.796
3.85137483180888,-1.98896922530206,25.7819554972834,52571.156
3.84624076311956,-1.99111766337271,25.8860722635305,52580.546
3.84124281083231,-1.98987690793241,25.9918937038478,52589.906
3.83660004252249,-1.99069791320068,26.1088512576366,52599.281
3.83209963485729,-1.98867187604955,26.2097318041385,52608.671
3.82789665304803,-1.98942027385316,26.3002695925518,52618.031
3.82389378875374,-1.98922022344306,26.4253168055536,52627.39
3.8198851745928,-1.98994840251208,26.5299179220212,52636.749
3.81599447517697,-1.98875668652358,26.62125497684,52646.109
3.81235593183983,-1.99207857172184,26.7426508647563,52655.468
3.80866425354334,-1.99020180712256,26.8485015240506,52664.827
3.80525287337372,-1.98786010166513,26.95200244836,52674.187
3.80183832056638,-1.99009481711598,27.0459904527307,52683.562
3.79836030086106,-1.99042041661919,27.1658182674049,52692.937
3.79500602528932,-1.98900532964623,27.248139524884,52702.312
3.79168714148832,-1.99010029863601,27.3409452854866,52711.671
3.78823654876424,-1.9890078082736,27.4251142715674,52721.031
3.78475549908318,-1.99098490331832,27.5385416136313,52730.374
3.78145552031113,-1.99094554936757,27.6037732098431,52739.734
3.77805016629236,-1.98891667689128,27.7311817223197,52749.109
3.77446911010119,-1.98710417615561,27.8405449116932,52758.515
3.7708977318257,-1.98830745375611,27.9267687795169,52767.843
3.76734468662984,-1.98975746635076,28.0327674198224,52777.202
3.76387969397355,-1.98966247173337,28.074875788672,52786.546
3.76017673924938,-1.99020888188508,28.2048835450462,52795.937
3.75618304794853,-1.98784852680093,28.302361597975,52805.359
3.75254422060659,-1.98758139635523,28.4095986078549,52814.718
3.74855344832778,-1.98983490776195,28.4836468879825,52824.093
3.74462147531103,-1.98803461435014,28.5681922305817,52833.452
3.74062569207536,-1.98986079376992,28.6719019505306,52842.765
3.73674863377447,-1.98900343297681,28.6937534262424,52852.187
3.73271217340554,-1.98876269052027,28.8067564947534,52861.531
3.72870612956325,-1.98917372382279,28.8989522973908,52870.952
3.72460263338683,-1.98763922263336,28.9742684289865,52880.327
3.7207283003278,-1.98868284689972,29.017720123558,52889.687
3.71679047894566,-1.98944904796613,29.0831604450403,52899.031
3.71285260094366,-1.99264195715259,29.1277455104534,52908.359
3.70927092964035,-1.98697297874325,29.1405499973416,52917.734
3.70533031965546,-1.98675682459793,29.213562872364,52927.109
3.70175410201569,-1.98923120271617,29.2899350354876,52936.499
3.69816199219873,-1.9908075811624,29.3280065598666,52945.843
3.69463906286918,-1.98993917395828,29.3763026267589,52955.234
3.69112163674092,-1.99049618521143,29.4235224372381,52964.593
3.68754994669417,-1.98781672322113,29.4367940801844,52973.984
3.68434295676783,-1.98907680633327,29.4990405410091,52983.327
3.6809970424206,-1.99036617642905,29.5160558207424,52992.687
3.67775962478764,-1.99171245669106,29.5439226324163,53002.109
3.67464610675489,-1.99105528732782,29.5586490288139,53011.437
3.67125241047139,-1.98890185486453,29.5813549513998,53020.812
3.66808443231235,-1.99051071685302,29.585212868328,53030.171
3.66491037296914,-1.98817241180354,29.6178926906406,53039.593
3.66218191025059,-1.98972351554563,29.5973800645007,53048.937
3.6589694065913,-1.99172381196008,29.6335636189824,53058.327
3.65595194704761,-1.98867966045563,29.6498994660443,53067.671
3.65294165406736,-1.99027837965374,29.6760167475106,53077.015
3.64986126969322,-1.98974275823973,29.6765211036012,53086.39
3.64694068185059,-1.99001625659429,29.7149291842538,53095.734
3.64407817596868,-1.9874456052733,29.7115688581848,53105.093
3.64104853477015,-1.98820944625828,29.7332204736578,53114.484
3.6381337623307,-1.98983396566641,29.7615463348685,53123.812
3.63528644138216,-1.98718352472648,29.7849928798571,53133.218
3.63236995912707,-1.98766971965536,29.7934537296966,53142.577
3.62961448906366,-1.98948007440945,29.8079868952798,53151.906
3.62667768415755,-1.98868812299333,29.8442773801488,53161.359
3.62387462173789,-1.99235059926132,29.8336189930235,53170.734
3.62107177103733,-1.98728418126975,29.8954542785261,53180.093
3.61822512718518,-1.98934361388586,29.9354544647947,53189.452
3.61529990802674,-1.99053573962508,29.942855899059,53198.827
3.61275712398418,-1.98897653326106,29.949628050555,53208.124
3.60995523354089,-1.98823567559962,29.9900633175793,53217.562
3.60711440286914,-1.99134501459674,30.0180147815198,53226.906
3.60439749974412,-1.98969161847773,30.067500316201,53236.218
3.6017407563311,-1.99041103987824,30.0775814036934,53245.609
3.59899196565181,-1.9908947827916,30.11028426016,53254.968
3.59617202716916,-1.9905654579118,30.1630890384999,53264.374
3.59374975070206,-1.98987602269575,30.2015299034554,53273.702
3.59094940199117,-1.9892561238599,30.2358520647445,53283.14
3.58841079258556,-1.9898321756745,30.2914432114692,53292.484
3.58570207851868,-1.9891750636376,30.296342012946,53301.812
3.58318110965563,-1.9906654167671,30.3666689507101,53311.202
3.58058371743125,-1.98780778888447,30.3805295478102,53320.546
3.57803052279377,-1.98990542679832,30.3953427511228,53329.874
3.57548839651973,-1.99089164335841,30.4675833096187,53339.218
3.57319502733389,-1.98722994839863,30.5058145811673,53348.562
3.57046916926986,-1.99165788489335,30.5271564999617,53358.046
3.5680587575301,-1.99331505845659,30.5811575001907,53367.39
3.56555097695713,-1.9891383885061,30.6323924338507,53376.781
3.56317340334705,-1.98950467071165,30.6639977914737,53386.124
3.56073765637754,-1.98958719406247,30.7092211656493,53395.515
3.55826938209749,-1.98714844798042,30.770607621385,53404.952
3.5558807008387,-1.98973949555812,30.7917723964241,53414.296
3.55354931000027,-1.98965062808282,30.8453633667362,53423.687
3.55125737498889,-1.99053859225978,30.881652963325,53433.031
3.54885621528698,-1.99059542057046,30.9288087664083,53442.39
3.54663162707985,-1.98951729157049,30.9598207339741,53451.765
3.54422742174746,-1.99048114576935,31.0221816765178,53461.156
3.54209475544515,-1.98788520607389,31.0504535941511,53470.531
3.5397521156373,-1.99058150302612,31.1093494394802,53479.859
3.53765500465978,-1.99027729117991,31.1707614626947,53489.218
3.53520917281258,-1.99109236870666,31.1963060031523,53498.577
3.53309223843716,-1.98866555140617,31.2520033995174,53507.906
3.53117773454361,-1.98910273556573,31.2957869512647,53517.327
3.52883167019765,-1.99078900728722,31.3264509731336,53526.702
3.5267731233117,-1.99145976487919,31.3680788401125,53536.062
3.52469016238696,-1.98896852784291,31.4273527279898,53545.452
3.52240631243088,-1.98858119060072,31.4642345728916,53554.843
3.52043908185195,-1.98864745452866,31.5112711066463,53564.218
3.51843891600343,-1.99007333510449,31.5389966108808,53573.593
3.51635481485309,-1.99049394031278,31.5832076920728,53582.952
3.51444731221449,-1.99141568046252,31.6248303384064,53592.312
3.51246981707893,-1.98677195598921,31.6796216363223,53601.64
3.51044326431436,-1.98927866464857,31.6987301061289,53610.999
3.50852985701409,-1.9896832241284,31.751012466398,53620.359
3.50652373755094,-1.98855293848377,31.8177462342341,53629.734
3.50462516907927,-1.99054299483467,31.8740284392174,53639.062
3.50263144325721,-1.99151516463965,31.9017410557442,53648.437
3.50080146289553,-1.9890471204868,31.9359346207312,53657.765
3.49911142297995,-1.99038013864282,31.9714830348724,53667.202
3.49707545529608,-1.98963939619457,31.9722939251961,53676.577
3.49528140257161,-1.98899128507899,32.0289747146041,53685.968
3.4935840659153,-1.99149410681847,32.0995589580033,53695.359
3.49172715458986,-1.98836008770016,32.1695233157158,53704.702
3.48993157543561,-1.98856234621216,32.1761482709525,53714.077
3.48815901827674,-1.98887290081497,32.2318983774068,53723.421
3.48640032506322,-1.99011544223694,32.2885618264407,53732.781
3.48472384109736,-1.9911529654279,32.3200108038863,53742.156
3.48299512661701,-1.9932941177652,32.3816888186062,53751.499
3.48121022121953,-1.98956113342509,32.4115803181806,53760.859
3.47958728760422,-1.98952548753502,32.432310423682,53770.218
3.47781627724545,-1.98882328290713,32.5072064066852,53779.593
3.47621062394189,-1.99126131471541,32.5386498002286,53788.999
3.47457010721527,-1.99193747870209,32.5486027304663,53798.327
3.47282060696002,-1.98868261739889,32.6028785148709,53807.656
3.47126900191434,-1.99044837391774,32.6656279716845,53817.062
3.46974975825258,-1.98894580438361,32.693145612366,53826.421
3.46798529747734,-1.98810429940063,32.7276911594704,53835.827
3.46650912367023,-1.98853860932826,32.7812863685607,53845.187
3.46459467468539,-1.99127973139953,32.8025462912404,53854.546
3.46314940958052,-1.99078268499282,32.8610405903534,53863.89
3.46162894469696,-1.9878350178128,32.9292342833534,53873.265
3.46011435642146,-1.98983085400866,32.9287785074801,53882.671
3.45867373697444,-1.98936552456145,32.9746380451151,53892.015
3.45694523485295,-1.9903650168223,33.0061139463988,53901.359
3.45542557654055,-1.99008347146628,33.0862611978999,53910.749
3.45385135972661,-1.98963957698952,33.1169424865407,53920.14
3.4522185573708,-1.99039989534924,33.1308231312965,53929.484
3.4507908963429,-1.98875719252953,33.1397996424147,53938.89
3.44922371909698,-1.99061131667309,33.2193965487382,53948.234
3.44774246402573,-1.99243706227336,33.2390891567157,53957.593
3.44613227624778,-1.99082667919506,33.3208865096635,53966.968
3.44455073194255,-1.98871225364212,33.4008068328933,53976.343
3.44300589335661,-1.98980063558712,33.428731050828,53985.702
3.44133489999072,-1.99022079506889,33.473419103052,53995.077
3.43988687267168,-1.9886382211056,33.5016189637828,54004.468
3.43839024809418,-1.98975516980689,33.5576057570367,54013.859
3.43669615979545,-1.98979669406552,33.5917171924318,54023.265
3.4352714515921,-1.98877742516883,33.6131675201677,54032.609
3.43366126809728,-1.99045730564952,33.6734756614568,54041.968
3.43219100240377,-1.98936079093065,33.7293324444068,54051.343
3.43073460346177,-1.98975034662231,33.7604308515288,54060.671
3.42923043128335,-1.99093601537578,33.8134084003009,54070.046
3.42762707139852,-1.98892417677203,33.8359882991956,54079.437
3.42612708262702,-1.98850030723186,33.8887684317043,54088.734
3.42462674908511,-1.98749361457165,33.9373799682649,54098.156
3.42303732990765,-1.99160963412493,33.9696610829404,54107.484
3.42151410599716,-1.99034866020179,34.0112342418543,54116.859
3.41994510918157,-1.98863348558021,34.0261885698438,54126.218
3.41845602647558,-1.98884407557352,34.089443172396,54135.624
3.41691173478173,-1.98993557882128,34.1145975527435,54144.952
3.41527091916176,-1.9883085257702,34.1759183964528,54154.343
3.41367913577013,-1.9902322065289,34.2282694928789,54163.749
3.41220937590952,-1.99076328298763,34.2854028797414,54173.109
3.41071370780449,-1.9872263054652,34.3083006895812,54182.468
3.40888461373683,-1.99057625012314,34.378053899671,54191.859
3.40733135023295,-1.99048239206453,34.3751065969806,54201.234
3.40578015263816,-1.99074371521113,34.4456477033188,54210.624
3.40414412746879,-1.98983397045463,34.4735011362014,54219.968
3.40252923777825,-1.99160689939286,34.5025115628624,54229.343
3.4008407266438,-1.99086105803062,34.5520349493795,54238.702
3.39935580808245,-1.99000683516843,34.6367603871075,54248.093
3.39749210951991,-1.99124539352731,34.7110860559326,54257.468
3.39583957265576,-1.98811891520802,34.7874028691327,54266.859
3.39421896041292,-1.99050025111623,34.7976559247197,54276.187
3.39249346494518,-1.98874249570061,34.8171191816728,54285.499
3.39085604093374,-1.98972053672873,34.883922924425,54294.843
3.38914095518383,-1.98748239761943,34.8947356280384,54304.234
3.38734357237113,-1.98947599950799,34.8678715798314,54313.609
3.38540929966082,-1.99105625260933,34.9411645018197,54322.999
3.38369300992821,-1.99017620913879,35.0255541986077,54332.359
3.3818698191737,-1.98829878074038,35.0341254871471,54341.718
3.38000277348777,-1.9895446281236,35.1080236606341,54351.14
3.37822934933935,-1.99025312021556,35.1384775929495,54360.484
3.37627749163919,-1.99005740019835,35.1733957693166,54369.812
3.37438438567994,-1.9903525222978,35.2348639041956,54379.202
3.37228872078557,-1.98855634088333,35.2690227798729,54388.562
3.37039540114999,-1.99098664651271,35.3207500889692,54397.952
3.36829318564873,-1.98823827834276,35.3832446965361,54407.327
3.36629269567253,-1.99085720780003,35.4116166452415,54416.656
3.36427268667656,-1.98949281604516,35.4269215043178,54426.015
3.36214896603607,-1.98895743953548,35.5045207990275,54435.374
3.36004391323884,-1.98927135586254,35.5776176936124,54444.781
3.3577543982991,-1.9889063007531,35.628729384349,54454.171
3.35549150499095,-1.98867344276819,35.6874598192548,54463.531
3.35322517599815,-1.99006004881362,35.7702467582715,54472.874
3.35078712784117,-1.99150015221895,35.7902149251676,54482.249
3.3483576862962,-1.99064507374831,35.8129123916549,54491.593
3.34591021691327,-1.99078055013066,35.8634569754537,54500.952
3.34339622941069,-1.99163929881913,35.8680755944171,54510.359
3.34089413860231,-1.98853398128958,35.9405745698434,54519.702
3.33804786151636,-1.99143233964003,36.01060931684,54529.093
3.33527311234222,-1.98977305168127,36.0728374002488,54538.468
3.33253771240224,-1.99266254270285,36.1246368354106,54547.827
3.32952829545794,-1.99023716727314,36.2075429804236,54557.218
3.32650932091879,-1.99148393946884,36.2773134396828,54566.577
3.32331689666074,-1.99082781840514,36.2259228778912,54575.89
3.32004123053929,-1.99057685648698,36.2761933002314,54585.437
3.31663022641629,-1.9897203591646,36.3447131871437,54594.937
3.31297939073603,-1.9887952238491,36.3890550321591,54604.452
3.30931930543678,-1.98937853321021,36.4608956827343,54613.921
3.30530095571343,-1.99153932180198,36.4757117710558,54623.39
3.30127981503814,-1.98928027358685,36.5670231987674,54632.859
3.29707041083089,-1.98807002800145,36.6696574088825,54642.421
3.29240303470316,-1.99111886726953,36.6689084962088,54651.968
3.28796960997048,-1.990118851758,36.755847165364,54661.484
3.28286617196861,-1.98724440258572,36.7623711759822,54671.093
3.27782951282958,-1.98944812138568,36.8670525604934,54680.624
3.27215780198731,-1.98742467213054,36.9076627532635,54690.171
3.26634234556426,-1.99011868208229,36.9922365837671,54699.718
3.26031368883325,-1.98835838414943,37.0249318630147,54709.202
3.25403930864346,-1.99151033991417,37.0654820870661,54718.718
3.24737624555534,-1.98875987374509,37.1415565559667,54728.218
3.24049119361125,-1.98761125026249,37.2007265675093,54737.734
3.23295773334575,-1.98990394674339,37.2782864185477,54747.296
3.22518066672111,-1.99236407983616,37.29820763347,54756.859
3.21705075555615,-1.98721863440358,37.2894537413098,54766.296
3.20854087579571,-1.98647319417419,37.3967123210677,54775.765
3.19925015662154,-1.98905885071153,37.5051355023947,54785.327
3.18931838295424,-1.99101256208265,37.6378159785578,54794.937
3.17910187257272,-1.98569764390295,37.6803999363013,54804.609
3.16806888659879,-1.98697773285777,37.719165906949,54814.296
3.15661375261322,-1.98860400402498,37.7590953593846,54823.921
3.14446491301091,-1.98703921412323,37.8016930580212,54833.546
3.1316362565057,-1.98795114548826,37.8671328715207,54843.202
3.11806545618286,-1.98986184094845,38.0030252758552,54852.859
3.10366479836552,-1.99068698076342,38.1411213087375,54862.515
3.08840609425942,-1.98691974810656,38.1228796402831,54872.124
3.07242872964945,-1.99226355973017,38.2403280258977,54881.749
3.05535881181545,-1.98694957054776,38.3472973915734,54891.359
3.03727992632839,-1.98661545237914,38.4020888758982,54901.046
3.01815338980763,-1.9901070965437,38.3725751729861,54910.702
2.99802841290735,-1.98965920792092,38.5506785644029,54920.343
2.97689221347274,-1.9851676036371,38.6366381895784,54929.968
2.95483184357578,-1.98515838638381,38.7143921613898,54939.609
2.93108926514905,-1.98971901333762,38.8492197103231,54949.281
2.90616178876125,-1.98907984135346,38.9507772934601,54958.984
2.87849337656831,-1.99163836575383,39.0857760286176,54968.656
2.84750967842189,-1.98965693356161,39.2120566662689,54978.249
2.81052738945547,-1.98729707305533,39.3622481119127,54987.921
2.76611692714731,-1.98685437289706,39.4772595498145,54997.546
2.71111021967459,-1.98831278209689,39.648830083086,55007.187
2.64094082366508,-1.98816238884591,39.7869216869624,55016.827
2.54624290822608,-1.98625256874538,39.977439899393,55026.531
2.41465178832871,-1.98716862139673,40.1432715195208,55036.124
2.22793474167319,-1.98524606542989,40.3609073889581,55045.781
2.01435533872678,-1.98506858728018,40.6563925894441,55055.39
2.77081944240225,1.16532435978741e-05,40.9105343360766,55065.234
2.89680788572078,-0.00265859805512443,40.9258602635133,55075.046
2.97346410199094,-0.00138768287688351,40.8510026042733,55084.827
3.03370908932573,-0.00366917292952458,40.736725842485,55094.593
3.08517929462717,-0.00384747508219668,40.5488870710921,55104.421
3.12955686141497,-0.00190457049014056,40.447325770508,55114.202
3.16704110009044,-0.00203641993117529,40.3031580116325,55123.937
3.19920533734821,-0.00126066198281787,40.1071429466061,55133.796
3.22643262208696,-0.00498880879876804,39.9900525912376,55143.546
3.25007126412482,-0.00313249146105055,39.8618766944688,55153.312
3.27112926383758,-0.00053971410496423,39.7737437330715,55163.171
3.28974254612248,0.000514141289463102,39.4487271959505,55172.952
3.30669122565273,-7.24979053564701e-05,39.3233885592354,55182.702
3.32204544641885,-3.43258721025331e-05,39.1667221969402,55192.546
3.33617894659849,-0.0022572336147609,39.0394260155401,55202.296
3.34911338956899,-0.000526554486392015,38.8051202472748,55212.077
3.36106464327775,0.000142703716392079,38.6505089411988,55221.921
3.3721484961872,-0.00199175174497717,38.4706765576616,55231.734
3.69153277169925,0.00224580084597277,24.6143455465502,55232.734
3.47708321492195,-2.25810204493905,24.6057076719322,55235.218
3.82131741591791,1.48876728722163,24.6175121462057,55237.843
3.83003236012801,1.49000426763974,24.615771512061,55240.343
3.83566939557501,1.4900785496259,24.6279472109351,55242.874
3.84004238494232,1.49187301986394,24.6197508273727,55245.343
3.8434938107009,1.49101041751405,24.6129070167888,55247.812
3.84652262981553,1.48998392515562,24.6194877888581,55250.312
3.84946411107739,1.49213474118322,24.6128414113701,55252.781
3.85189976913901,1.49023976838557,24.6139932820456,55255.249
3.8545911485094,1.49039078312003,24.6156319639433,55257.781
3.85650245770282,1.48616832192151,24.6010586569262,55260.296
3.85887136308955,1.49157935017719,24.5973986741075,55262.827
3.86089680588409,1.49202577409976,24.5883618103335,55265.374
3.86275962413472,1.48536406811844,24.5820348433839,55267.89
3.86462139582718,1.48854088753341,24.5715605183476,55270.421
3.86636827255857,1.4885757553794,24.5685676681451,55272.937
3.86796445736145,1.48740658838747,24.561751495868,55275.437
3.86949439256879,1.48920545769778,24.5618778607203,55277.906
3.87107999168152,1.49372421041567,24.5662725606659,55280.374
3.87247929828637,1.49319420272814,24.565681886003,55282.859
3.87407662940744,1.49184008323997,24.5633112996899,55285.39
3.87629126109052,1.49131519315027,24.5600085209964,55287.906
3.87747461888338,1.4931767491475,24.5606972852625,55290.437
3.87883236101814,1.49062089679454,24.5558856111657,55292.952
3.88008403416155,1.4897330970342,24.5547000384064,55295.421
3.88151597971871,1.48677094862453,24.5444563721553,55297.906
3.88292558287899,1.49062061495173,24.5329439112002,55300.359
3.88410999961288,1.49105358101033,24.5312194607848,55302.827
3.88548321568695,1.49003007725134,24.5452043611996,55305.312
3.88695167191622,1.49059775662063,24.5488137232194,55307.843
3.88837102176133,1.49016765568695,24.5455942435417,55310.359
3.88908364994425,1.49292457186269,24.5471641998153,55312.89
3.89068575336126,1.48619451796054,24.5434408333272,55315.406
3.89203790044886,1.48796539497946,24.5401291537998,55317.921
3.89323475295546,1.49168631538267,24.5345038091976,55320.452
3.89436962896101,1.48887015160508,24.5388947859086,55322.968
3.89556561449661,1.49180305051189,24.5299660174988,55325.499
3.89696765820678,1.48525333018395,24.5292113934915,55327.952
3.89760400302081,1.49483631477755,24.5323023329113,55330.437
3.898845175123,1.48854357391047,24.5312991417432,55332.906
3.90012921935173,1.49408735668742,24.5289978336081,55335.374
3.90075700984366,1.48899404514347,24.5215145119844,55337.843
3.90238327369258,1.49309240811319,24.5202682909067,55340.374
3.90319620868644,1.48989361930013,24.5231918562134,55342.89
3.90430833992311,1.49140875193726,24.5274032690152,55345.421
3.90535905932778,1.49459503938373,24.5296567904386,55347.937
3.90632077796185,1.49335110481406,24.5316616387872,55350.468
3.90748833954526,1.49235736782369,24.5314745247427,55352.984
3.90876198006544,1.48939156916589,24.5256033921698,55355.499
3.90946111262945,1.49081981782456,24.5155500470614,55358.031
3.91068601221047,1.4895222873986,24.5225256058803,55360.546
3.91147637598677,1.49038566118019,24.5323052115632,55363.077
3.91261354579544,1.49106910475645,24.5151546109617,55365.593
3.91343357776363,1.48728871603854,24.5185429103532,55368.093
3.91430729699805,1.49107447183875,24.5288638152464,55370.546
3.91534686463946,1.48973870352709,24.519419366148,55373.077
3.91646310309375,1.49091287716563,24.5170864166021,55375.593
3.91698292418817,1.49094907743201,24.5283088889175,55378.124
3.91783814355065,1.49267344263978,24.5355248440039,55380.64
3.9189145818955,1.48927192559564,24.5410610127064,55383.171
3.92009743211368,1.48972534130006,24.5465013027471,55385.687
3.92062942193077,1.49230849674122,24.5359987744282,55388.218
3.92165448976072,1.48695758358649,24.5465286286516,55390.734
3.92229623628817,1.49223464310461,24.5365175615148,55393.249
3.92351271393793,1.48849111171277,24.5460662093044,55395.781
3.9242129663463,1.49041939953028,24.5419213185276,55398.296
3.92513152310552,1.48899775671367,24.541190634308,55400.827
3.92596126763581,1.49067914625447,24.5409730581174,55403.343
3.9267753399651,1.48877835914876,24.5432565397163,55405.874
3.92749495460475,1.48969209222093,24.544779582664,55408.39
3.9287174278481,1.48876041422644,24.5360123515803,55410.906
3.92976951551772,1.48504975021262,24.5171412773791,55413.437
3.93006026734774,1.49215505087974,24.5197623956905,55415.937
3.93088235922603,1.48955794634558,24.5081255009085,55418.437
3.93131656360677,1.49125041811728,24.5112960929785,55420.952
3.93225352207965,1.48980387504578,24.520377006018,55423.468
3.93312062773142,1.49277610768107,24.5249639405124,55425.999
3.93400258994395,1.48850180814885,24.5339592353521,55428.515
3.9346593912882,1.49134027977668,24.537730713714,55431.046
3.93530619498767,1.49037240158148,24.5434888002497,55433.562
3.93597961286223,1.49161549513088,24.5475777601562,55436.093
3.9366539137179,1.49232228468522,24.5637826659855,55438.609
3.93771027929606,1.49057407231124,24.56922557616,55441.124
3.93817087540016,1.49290965493758,24.5669665967954,55443.656
3.93867123198126,1.49306707624946,24.5802214788206,55446.171
3.93959051180601,1.49312548077302,24.5755191345439,55448.702
3.94025973269093,1.49259013658428,24.5786552886998,55451.218
3.94121720339475,1.49005112927708,24.5783806874799,55453.702
3.94183976368048,1.49250041950134,24.5947959463865,55456.156
3.94220827945639,1.49245772601387,24.5989093471845,55458.624
3.94305006703578,1.48964633032245,24.5954790741489,55461.109
3.94393034870252,1.48620774451632,24.5927652581138,55463.64
3.94436938381172,1.49143898666055,24.6000906414854,55466.156
3.94498468372213,1.49021055269569,24.5919614214193,55468.687
3.94572422505993,1.49161320824866,24.5935368695009,55471.202
3.94650603827745,1.48819756887703,24.6010743251071,55473.734
3.94697534846738,1.48979432176755,24.604265211212,55476.249
3.94785061299735,1.48548277923264,24.5932249833166,55478.765
3.94829909268251,1.48820986834669,24.6011779185996,55481.296
3.94906251995907,1.48641433156919,24.5893350913934,55483.812
3.94935964426505,1.48648224004956,24.5957408420108,55486.343
3.94991381506425,1.48956833806202,24.5998905664859,55488.859
3.95013205407098,1.49224958672882,24.6076775970822,55491.39
3.95059761116899,1.49248362706098,24.6093997849493,55493.906
3.95167902166652,1.48925775103166,24.6081996100511,55496.421
3.95195968927791,1.49272130983768,24.6173668706496,55498.952
3.95299156473391,1.48877551830271,24.6195746547714,55501.468
3.95324898199614,1.48835520958474,24.6183820843643,55504.062
3.95365676745037,1.49091927771313,24.6184616065661,55506.515
3.95451196094141,1.48781167686878,24.6159227102976,55508.984
3.95497201762047,1.48826080021508,24.6225279936747,55511.452
3.95536600860247,1.4923448669663,24.6274014591631,55513.984
3.9557654166408,1.48986587192589,24.6271764614435,55516.499
3.9566285729646,1.49240708365795,24.6322778830563,55519.031
3.95705792478895,1.49072886431061,24.6306978191323,55521.546
3.9575739122264,1.4883238740004,24.6184130488906,55524.062
3.95770542031642,1.49129532736015,24.6216933691371,55526.593
3.95824279240753,1.49034804410787,24.6341665347591,55529.109
3.95890060705182,1.49125219269179,24.6399654829361,55531.64
3.95946812774279,1.4873329432589,24.6416423801097,55534.156
3.95986298707198,1.49152019618005,24.6456035410379,55536.687
3.96027861725327,1.49090307686775,24.6502132158455,55539.234
3.96040830850177,1.49355434607988,24.6443159269785,55541.749
3.96105335585423,1.48835457654036,24.6511052669814,55544.281
3.96163404616498,1.49216421992808,24.6572234883334,55546.796
3.96215802184278,1.49005524953727,24.6571449099624,55549.312
3.96259174157862,1.49454400634065,24.6564517771836,55551.843
3.96352449658047,1.48653310204559,24.6565614721433,55554.359
3.9635217587355,1.49470182295628,24.6451328714745,55556.89
3.96424422407159,1.48904203602719,24.6514405924334,55559.406
3.96483888073802,1.48863945068656,24.6516225747262,55561.906
3.96485021202736,1.49219778986268,24.65387570624,55564.39
3.96532744120423,1.49289304616594,24.6656062316269,55566.859
3.96562217262859,1.49029125472808,24.6673695764711,55569.359
3.96608031145314,1.48770645178364,24.6699862087836,55571.843
3.96628513607141,1.49306019106531,24.6723085122399,55574.312
3.96723015680108,1.49072148870174,24.67976500627,55576.827
3.96787625969559,1.49111561084409,24.6850397853465,55579.359
3.9678574663784,1.49360624837514,24.6898440032079,55581.874
3.9680794146978,1.48765059036004,24.6790915886376,55584.39
3.96862248054424,1.49159418569786,24.6816070446416,55586.921
3.96920868272702,1.48398990489993,24.6876298963739,55589.437
3.96960904165192,1.48843604150547,24.6964435544069,55591.968
3.96977051255421,1.48891918753949,24.6975987368663,55594.484
3.97032882226328,1.49125359212644,24.7027068530029,55597.015
3.97098086785485,1.49012373729885,24.707582427148,55599.531
3.97106946554791,1.48802148582269,24.705108366028,55602.062
3.97135861295084,1.48629810398988,24.7181528857859,55604.577
3.97159518229909,1.49166154334462,24.7150546116089,55607.093
3.97218967290512,1.49108352540116,24.7187332438647,55609.624
3.97216109669138,1.49583369724096,24.7265136724309,55612.14
3.97275439528575,1.49304398750824,24.7250400946949,55614.671
3.97327269281981,1.49089755573784,24.7275535074547,55617.187
3.97347897473641,1.4924410078527,24.7330505644883,55619.718
3.9739356507601,1.4894408485246,24.7353216034322,55622.234
3.97413342268908,1.48811216736327,24.7367665652515,55624.749
3.97473939393134,1.49124507032064,24.7430179249025,55627.281
3.97480082960763,1.49330392253844,24.7404668897717,55629.796
3.97566169796284,1.48492381498506,24.744570101621,55632.327
3.97567886025531,1.49433190526831,24.7520748997954,55634.781
3.97603677535277,1.49468689261335,24.7556328378072,55637.249
3.97635854719659,1.48741227077428,24.7485718228501,55639.781
3.97691598943683,1.48918936199894,24.7590681787271,55642.296
3.9772045139179,1.48962897564274,24.76312336587,55644.812
3.97741959009342,1.48669283384737,24.7775028888823,55647.343
3.97817907778612,1.49092057760771,24.7831422155752,55649.859
3.97831666244988,1.48789810308447,24.7761546699226,55652.39
3.97849777159966,1.48989192453608,24.7715124244607,55654.906
3.9789253870111,1.49294384567226,24.7771453623868,55657.437
3.97929992557201,1.49152243824641,24.7880713379536,55659.952
3.97960204292126,1.49292051292453,24.7998761253685,55662.484
3.97958099421035,1.49514964805164,24.7993034316221,55664.999
3.98040049178174,1.48929790839255,24.8019666242971,55667.515
3.98063761548628,1.48991219876415,24.8027621300128,55670.046
3.9805429900922,1.48818719348031,24.807386114017,55672.562
3.98137395671553,1.4893464367814,24.816457755994,55675.093
3.98195440168276,1.48524511694191,24.8226770213472,55677.609
3.9822299643523,1.49056025189613,24.8283484913195,55680.14
3.98212072421687,1.4920764398085,24.8267114778611,55682.656
3.98267470049886,1.48807873975251,24.8104339913194,55685.187
3.98279301026266,1.49264977524327,24.8260724393339,55687.702
3.9832313170258,1.48869282242698,24.8323257788575,55690.218
3.9837068500252,1.4899014729381,24.8497588378213,55692.749
3.98386951832823,1.49057459344849,24.8533788106769,55695.265
3.98433643897336,1.49093262498859,24.848854233048,55697.796
3.98437568793753,1.49105639733018,24.8470807218304,55700.249
3.98493502412079,1.49127492844273,24.8350388948639,55702.718
3.9849290234389,1.49012863073174,24.8382448013736,55705.281
3.98551818198092,1.48885592845631,24.8382778043673,55707.749
3.98576832657872,1.4922876185033,24.8443995849281,55710.218
3.98622667410286,1.49375777008137,24.8466362503133,55712.734
3.98682234813798,1.49063317625932,24.8524835876092,55715.265
3.98682195044672,1.49107089548818,24.8548462701964,55717.781
3.98723639911582,1.49104297051558,24.8513955630587,55720.312
3.98736634797364,1.49088476940705,24.8609281539155,55722.827
3.98815842164455,1.48649702985146,24.8559713977819,55725.359
3.98832325085736,1.48728037292119,24.8692368249038,55727.874
3.98847829192323,1.48565629971414,24.8634510051306,55730.39
3.98887341111436,1.48861981046678,24.8673321413429,55732.921
3.98860458672933,1.4931926865637,24.8788033457075,55735.437
3.98901778846009,1.49231983942427,24.8838859254827,55737.968
3.98961955182711,1.49070945800814,24.88435589756,55740.452
3.99006447318171,1.48488906435589,24.8875635879038,55742.952
3.99015007504456,1.49104711853058,24.8880233081051,55745.421
3.99017623729969,1.48941731443133,24.8912775896754,55747.921
3.99058780168607,1.49713246313051,24.8990928469466,55750.468
3.99101954345423,1.49131342519032,24.9056956140442,55752.999
3.99165809553225,1.48986099005813,24.9090946936833,55755.515
3.99156198056204,1.49131238562396,24.9147955621231,55758.031
3.99206580460082,1.4899815716148,24.9275896168326,55760.562
3.9921916197156,1.48781965154271,24.9288705943743,55763.077
3.99247906991531,1.49084924443781,24.9236874289432,55765.609
3.99294278299427,1.49386232187268,24.9297070551697,55768.124
3.99312577238798,1.49367276316049,24.9344719728121,55770.656
3.99343045420043,1.49148264916062,24.9416390339544,55773.171
3.99384425572918,1.49151431010565,24.9363176572683,55775.702
3.99433348864658,1.48887056779504,24.9383859149342,55778.218
3.99466777690263,1.49049448237974,24.935659696076,55780.734
3.99492773392011,1.48666579866048,24.9391236742826,55783.202
3.99490476652213,1.48973272643712,24.9493809939813,55785.687
3.99529647649761,1.49015001087821,24.9533327798459,55788.156
3.99578141988911,1.48824328640737,24.9570919278855,55790.624
3.99595120482578,1.49265944664932,24.964734525173,55793.109
3.99662652134894,1.49337731893436,24.9646057793899,55795.624
3.99670117133296,1.49168756496597,24.9769706937902,55798.14
3.99672793688225,1.49312879851007,24.9759306779638,55800.671
3.99699612051841,1.49266997973451,24.9867245246171,55803.187
3.99764685109957,1.48991315872798,24.9946675689705,55805.718
3.99779217627931,1.48795087026711,24.9828695710348,55808.234
3.99801365997862,1.49279067824581,24.9856153267126,55810.765
3.99856078066013,1.49203235953954,24.9904699665539,55813.312
3.99880698585533,1.49139846649614,24.9880402079378,55815.796
3.99911327499127,1.48763220457833,24.9884584215156,55818.359
3.99928949211664,1.4954365825317,24.9885667990973,55820.874
3.99976957009094,1.48822357178199,25.0008820756392,55823.406
3.99983079250154,1.49067129907074,24.9881880843038,55825.874
4.00017805910614,1.49258338086369,24.9742990646176,55828.343
4.00040649128681,1.48795085600518,24.9839917043494,55830.812
4.00070937298469,1.49618142813251,25.0022728186161,55833.281
4.0012828609206,1.48891273842706,25.0088746060643,55835.749
4.00166375592562,1.48826694938601,25.014402200179,55838.281
4.0018172929918,1.48983245094833,25.0138358101269,55840.796
4.00189526148374,1.48905186165311,25.0347029443906,55843.327
4.00233582441542,1.49376844162782,25.0379665934011,55845.843
4.00243932262994,1.4919245203031,25.0471131974716,55848.359
4.00299950024598,1.49132040252261,25.0532725336779,55850.89
4.00333688259626,1.49420726010245,25.0560252647519,55853.406
4.00357464181763,1.49048132630394,25.0550007178298,55855.937
4.00377687892217,1.49141539106967,25.0455763649928,55858.452
4.00387837392628,1.49065243689983,25.0644983184948,55860.984
4.00434534642207,1.48811933912943,25.066274400932,55863.499
4.00454968022657,1.49429818812963,25.0696443450721,55866.031
4.00511812821114,1.49272271208894,25.069697181869,55868.546
4.00518879606462,1.49185162541778,25.0825415315062,55871.077
4.0057106189198,1.48777462412488,25.0909000131985,55873.593
4.00591236674899,1.48884616810195,25.0972256303274,55876.109
4.00637216233053,1.48747825512616,25.092977630225,55878.64
4.00668838498007,1.488228571166,25.1026162051233,55881.156
4.00666908557329,1.49240171041907,25.1088590703872,55883.687
4.00733182279807,1.48946969069599,25.1082137788341,55886.202
4.00773997013532,1.49489748612041,25.1078387952213,55888.687
4.0076418319683,1.49078492482249,25.1121523956135,55891.156
4.00803548253804,1.49071200868786,25.121100293034,55893.624
4.00863729389011,1.49351017991001,25.1225758235054,55896.171
4.008484792644,1.4894516089227,25.1294654877926,55898.671
4.00901418514742,1.48914149267776,25.1289133758127,55901.14
4.00903025651515,1.49246046209863,25.1390465092941,55903.656
4.00922141648788,1.49190173696616,25.1501468167126,55906.187
4.00959180333284,1.49049378850391,25.1450223515778,55908.702
4.00980296101962,1.49120781637813,25.1424534283859,55911.234
4.01044854200871,1.49025970746487,25.1515374266307,55913.749
4.01063948853276,1.48866273918367,25.1580442753008,55916.265
4.01104828583185,1.48732581444211,25.1556350506163,55918.796
4.01113631768391,1.49148858891927,25.1594666703655,55921.312
4.01144233100033,1.49265516003042,25.1614532460209,55923.843
4.0118875544557,1.49169292720679,25.1639765904066,55926.359
4.01211597001043,1.49151533579864,25.1646213330026,55928.89
4.0122436806896,1.48863861068165,25.1692501932592,55931.437
4.01266665648997,1.49159625706916,25.1673836614017,55933.952
4.01290820455985,1.4917675204899,25.1721242202512,55936.484
4.01334626666421,1.48916271347083,25.1817475188551,55938.999
4.01378685031955,1.48961261312114,25.1847781033905,55941.531
4.01401602751157,1.49022668971374,25.1948841190429,55944.046
4.01387165262208,1.49259056638198,25.1952334465868,55946.562
4.01411133859147,1.49420562106986,25.2047285020487,55949.093
4.01476344425335,1.48649788992537,25.2064093419289,55951.609
4.01489599041355,1.48987724954747,25.1868410538546,55954.14
4.01540013524344,1.49178910696001,25.2018007017703,55956.656
4.01531283495432,1.49150333456288,25.2087344680303,55959.187
4.01571849890971,1.48859189978675,25.2112360916382,55961.702
4.01612039374798,1.49102769320548,25.2168718386481,55964.218
4.0164432451334,1.49048937669758,25.2222397101742,55966.749
4.01645347166622,1.4901279876377,25.2356359564534,55969.265
4.01671711026448,1.49029165914869,25.2374821782375,55971.734
4.01730678344002,1.48878911045023,25.2393048968639,55974.234
4.01763146189356,1.4890032028502,25.2303079300103,55976.749
4.01799850448127,1.49225265913863,25.2431947693993,55979.218
4.01782120651517,1.4889057652005,25.2501503941276,55981.687
4.01858986108983,1.49272934962117,25.2465186724751,55984.156
4.01875709952992,1.49185813823191,25.2619064435428,55986.671
4.01886980227928,1.49323946603862,25.2657627136716,55989.202
4.01937538323193,1.48959617898101,25.2764381186633,55991.718
4.01962731942055,1.49179999963146,25.2868996856353,55994.249
4.01987079945182,1.48875438264982,25.2858664797105,55996.765
4.01996240059639,1.48907263096718,25.2937084488801,55999.296
4.02039038785416,1.48908283557851,25.2902866416427,56001.812
4.02080731464686,1.48981943304965,25.2957796815756,56004.327
4.0208728359528,1.49038244709499,25.293294235195,56006.859
4.02165530078549,1.48775348140649,25.2928619335559,56009.374
4.02155208296026,1.49183943323475,25.3001637031376,56011.906
4.02159344124564,1.49256860177607,25.2915837781592,56014.421
4.02209249362966,1.49122181824264,25.2948085887466,56016.952
4.02211538938677,1.49318990338034,25.3037557538237,56019.468
4.02259627577267,1.49143681541326,25.3181593533124,56021.984
4.02286603236186,1.4884083872679,25.317461156139,56024.515
4.02319657374574,1.49143386693632,25.3209540504738,56027.031
4.02341782364871,1.48981871353872,25.3305294152883,56029.562
4.02380253333586,1.48955449203586,25.3289179807623,56032.077
4.02408628895671,1.49020454240188,25.3257937161162,56034.593
4.02431868426891,1.48910940120039,25.3367735062483,56037.124
4.02447439872845,1.49115178320682,25.3415246084629,56039.64
4.02483896885277,1.490817138427,25.3338440610449,56042.109
4.02515859172731,1.49261705159964,25.3413700285545,56044.577
4.02523554865318,1.49148131716252,25.339376580943,56047.046
4.02600822279028,1.48788985557402,25.3512707976843,56049.546
4.02611466147063,1.49171440920882,25.348832939934,56052.077
4.02639259520885,1.48878262374885,25.3705661009234,56054.593
4.02651313851451,1.4912584297602,25.3741774756471,56057.124
4.0269755705373,1.49559642597932,25.3851061739215,56059.64
4.02687622453506,1.49230755695289,25.3750092460578,56062.171
4.02742228537404,1.49302218486501,25.3817238275567,56064.687
4.02772504503764,1.49223376557063,25.3860903376778,56067.202
4.02811409653762,1.4921448403814,25.3957122863625,56069.734
4.02830555424749,1.49083184893768,25.3989833734343,56072.249
4.02850214863668,1.49124522021899,25.4009907746769,56074.781
4.02901006962166,1.48898110100648,25.4203437360608,56077.296
4.02914088246297,1.49078832250638,25.4257585708531,56079.827
4.02929987132499,1.49031320234618,25.4252321318119,56082.281
4.0298311042388,1.48883343950557,25.4346198182524,56084.765
4.03019478033163,1.49168747921377,25.4360121995115,56087.234
4.03007134807149,1.49380571766646,25.4424342598393,56089.702
4.03053432235982,1.48965680798862,25.4489020060231,56092.187
4.03074656582043,1.4904711802819,25.4439881129906,56094.702
4.03085469916925,1.49006091163377,25.4466480629016,56097.218
4.03134233822858,1.49099705332405,25.4549353139781,56099.749
4.03183355986171,1.49275412653025,25.4568697497751,56102.265
4.03202404825782,1.48920946328219,25.4630012432519,56104.796
4.03184359503236,1.48969512202691,25.4615621379013,56107.312
4.03279588658384,1.49020638560673,25.4675190067159,56109.843
4.03286610111785,1.49017031976063,25.4731384373673,56112.359
4.03315754903157,1.49098602642757,25.4700916726967,56114.827
4.03341222422211,1.48908045639824,25.4769529933805,56117.374
4.03339922519705,1.48635522648418,25.4829156485133,56119.859
4.0340155250619,1.48899002125238,25.4798496669626,56122.312
4.0341580421405,1.49270670322226,25.4809378439549,56124.781
4.03457077396175,1.48852734993784,25.4901098735292,56127.281
4.03475806241594,1.48981522870383,25.4885563986606,56129.796
4.03496010674658,1.4935490197382,25.4918529262157,56132.327
4.03527081480209,1.49145301034731,25.5026197965651,56134.843
4.03581642289306,1.49136213333383,25.5078565436105,56137.359
4.0357224441077,1.49023397234569,25.5247054593698,56139.89
4.03599495744569,1.48957985449345,25.5247467209367,56142.406
4.03644788161021,1.4918851439581,25.5203757753999,56144.937
4.03690853700058,1.49183605804648,25.5305368905119,56147.452
4.03695623376718,1.48957872905729,25.5386752653383,56149.984
4.03748460713661,1.48890162998129,25.5430616948143,56152.499
4.03762572078643,1.49178649991516,25.5446253171989,56155.031
4.03804815554807,1.49040830994017,25.544719827881,56157.546
4.03830537883786,1.48986860301806,25.5458276228036,56160.077
4.03855409750607,1.49058805526592,25.548120410189,56162.593
4.03862637005489,1.49057501231849,25.5562128999018,56165.109
4.03900135810363,1.49082950440936,25.5617090785019,56167.64
4.0394429862759,1.49172768793273,25.558300594207,56170.156
4.03967428993022,1.48877519986306,25.5636152282532,56172.687
4.03991125550037,1.48961784028825,25.5681197766344,56175.202
4.04021006667797,1.4920229299075,25.580069621349,56177.718
4.04058900134868,1.48965900934469,25.5922740273909,56180.249
4.04078493418174,1.49150270818479,25.5925322588916,56182.765
4.0413091614629,1.49165384114349,25.5908997255357,56185.296
4.04148782051713,1.49017912414691,25.6016136275576,56187.812
4.04171262375447,1.49118823204484,25.6111462467445,56190.281
4.0418726137186,1.4929146506832,25.6090863216048,56192.781
4.04238187919048,1.49000110257974,25.617668536477,56195.312
4.04253739226716,1.489064830515,25.6195214757503,56197.765
4.04296623749524,1.49250659322359,25.6247471583932,56200.249
4.0431261638898,1.49047509144885,25.6161608635993,56202.702
4.04322176992362,1.49094889678347,25.6222848682646,56205.171
4.04359139610618,1.4902042374933,25.6283183570568,56207.656
4.04412672393834,1.49042694390854,25.6390057635846,56210.187
4.04431237584115,1.49157537802637,25.6408584591028,56212.702
4.04487167943558,1.49192774819854,25.6419090170159,56215.218
4.04483425935248,1.4914349546033,25.6515221094635,56217.749
4.04526488019556,1.49057101131423,25.659173238847,56220.265
4.04554466434582,1.49143608112028,25.6635843561007,56222.796
4.04580638252539,1.49099079564804,25.67686885428,56225.312
4.04607165248532,1.48983812921496,25.6795490039152,56227.843
4.04635921281143,1.49067591496042,25.6943544874328,56230.359
4.04664110736562,1.49274495464997,25.698867817177,56232.952
4.04701507531833,1.49232305008792,25.6942638005232,56235.468
4.04698845959971,1.49063967218808,25.6939899280234,56237.984
4.04732128566726,1.49293521465997,25.6870228459289,56240.515
4.04793992592309,1.49168889699853,25.6821404916152,56243.031
4.04822315250397,1.49085583035265,25.6937748317462,56245.562
4.04833210355577,1.49150837299621,25.699961180848,56248.077
4.0485649030863,1.49130926313546,25.7036310495342,56250.609
4.04889141886711,1.49072168119138,25.7085934492164,56253.124
4.04948475762477,1.49157266276934,25.7148727754451,56255.656
4.04962384387725,1.4930353511655,25.7204892680384,56258.171
4.05018004850017,1.49267949619552,25.710792550751,56260.687
4.05013964607334,1.49115742747655,25.714683131465,56263.218
4.05047497703365,1.4933298586284,25.7274812957071,56265.687
4.05073784303206,1.48885057048684,25.7369643803527,56268.156
4.05115418838373,1.49259651725694,25.7471627992627,56270.999
4.0515668554374,1.48807022421298,25.7526686697609,56273.562
4.05164730011224,1.49164730076666,25.7521444742532,56276.109
4.05212147533114,1.49300243168994,25.7534488569339,56278.687
4.05245469358346,1.49110227141114,25.7537461064803,56281.249
4.05254195608912,1.4932128705854,25.7703349583395,56283.796
4.05297881149994,1.48982408200406,25.7799336630979,56286.359
4.053519282583,1.49221761447697,25.7823237534866,56288.968
4.05349145613499,1.48905447628331,25.7852637935172,56291.624
4.05397879696651,1.49279636398679,25.7814625271117,56294.234
4.05439177878051,1.4928253013482,25.7940952296467,56296.796
4.05471839426862,1.4898538723578,25.8010453494901,56299.359
4.05479657012704,1.49211932036016,25.8112263620619,56301.921
4.05502638781388,1.49327466028814,25.817096080812,56304.484
4.0555554712584,1.48984729319522,25.832977413786,56307.046
4.05576534469394,1.49177588797631,25.8310247698322,56309.593
4.05604825464308,1.4906350676289,25.8326224982276,56312.156
4.05645449044795,1.48974912587737,25.8303131843747,56314.718
4.05673199033758,1.48947730884041,25.8346480417804,56317.281
4.05722851848821,1.48959712579131,25.8383719726479,56319.843
4.05730963988715,1.49115661545886,25.8430908526228,56322.406
4.05752213291321,1.4911621111988,25.8415617488581,56324.984
4.05795700197887,1.49091343379583,25.8434847586687,56327.546
4.05828750733409,1.48970869606135,25.8526525039272,56330.109
4.05862879267036,1.49329635444203,25.8516730420473,56332.671
4.05878788017024,1.49286919921706,25.8591975209873,56335.234
4.05928289053857,1.49193718779596,25.8653347422355,56337.796
4.05935815894306,1.49191523703595,25.8718520612274,56340.359
4.06009897969908,1.48991125174898,25.8775716630281,56342.921
4.06003752916244,1.49078560070572,25.8703663235291,56345.484
4.06062269248857,1.49153542616549,25.8776639296482,56348.046
4.06057710499788,1.49140690835152,25.8773666318165,56350.593
4.06118828442664,1.48885164133954,25.8757212070915,56353.156
4.06158883049778,1.49073412496771,25.884364515704,56355.718
4.06203376217452,1.49235235367678,25.902325850519,56358.312
4.06194267904529,1.49028208429895,25.903251927277,56360.874
4.06265322207368,1.49018400631704,25.913056585623,56363.437
4.06280529415232,1.48987725984621,25.9180171105519,56365.999
4.06285930686281,1.48923875010232,25.9237081827702,56368.562
4.06334576451296,1.49217433898799,25.9258672904881,56371.124
4.06357149532055,1.49199572097321,25.9338518247617,56373.671
4.0638693591683,1.48975772933177,25.9399704472337,56376.234
4.0642400343247,1.48824399023431,25.93857169303,56378.796
4.06466930979636,1.49212986836058,25.9478143348242,56381.359
4.06498417241832,1.49013087432112,25.9528003872242,56383.921
4.0651100341089,1.48843164189734,25.9550812748211,56386.484
4.06539173019942,1.491547032715,25.9604451413635,56389.046
4.06576618281781,1.48995405451591,25.9748661667793,56391.609
4.06616657661176,1.48825002499965,25.9849494610237,56394.171
4.0667695221565,1.49374736312559,25.9796666265786,56396.734
4.0668332402938,1.49076047411716,25.9785870772665,56399.296
4.06706127118441,1.49156452539723,25.9925623350501,56401.859
4.06770806958054,1.49399864035878,25.9842501075839,56404.421
4.06772435963281,1.48612837775094,25.9850123393181,56406.968
4.0681525031255,1.49144037897229,25.984553082052,56409.531
4.06847564377993,1.48979292724342,25.9843900016875,56412.093
4.0689425399984,1.4923185270283,25.9946758557461,56414.656
4.06923387084587,1.48860230367932,25.9993263343019,56417.281
4.06976674228765,1.49255600385427,26.0115676565464,56419.89
4.06996487974171,1.49351857685542,26.0151111284591,56422.484
4.07044635440017,1.49049419378714,26.0283901812843,56425.046
4.07053621360683,1.48902188044572,26.03809824932,56427.609
4.07103681021538,1.49247517138369,26.0493107691529,56430.171
4.07113823370124,1.49133888176905,26.0511561087757,56432.734
4.07138152358081,1.49246085841495,26.0568423292289,56435.281
4.07209022566056,1.48872041369605,26.06215571759,56437.843
4.07239007337734,1.48814424124971,26.0646883265105,56440.406
4.07231691043462,1.48819501118597,26.0772157674381,56442.968
4.07299946101988,1.49046772942678,26.0808534921766,56445.531
4.0731994296351,1.49103688666485,26.0936838423763,56448.093
4.07380710539083,1.48895896114224,26.098518702881,56450.64
4.07388407413062,1.49123634795178,26.1060136806454,56453.202
4.07415487827259,1.49177706370737,26.1091823634887,56455.765
4.07464643325893,1.49046233779942,26.1075065894754,56458.327
4.07505219303708,1.49185522851401,26.1104879417464,56460.89
4.07524515225662,1.49035635555752,26.1120141057082,56463.452
4.07564348450908,1.49273000232539,26.1225279949988,56466.015
4.07614861085721,1.4916790484313,26.1390909121492,56468.577
4.07626496808263,1.4907005407497,26.1430488321495,56471.14
4.07660183716276,1.49067869596242,26.144067015515,56473.702
4.076910260632,1.48973887482152,26.1378246012633,56476.265
4.07741326592966,1.49115684561405,26.1477271823377,56478.827
4.07766503407538,1.49305939304395,26.1447242940712,56481.39
4.07800321839288,1.48724274071266,26.1454922841154,56483.952
4.07841876336612,1.49009352458355,26.1557100249829,56486.515
4.07868191858637,1.48960491178247,26.1631019132851,56489.077
4.07903277073882,1.49230405272044,26.1712342302564,56491.624
4.0795985939433,1.49028013315239,26.178395453119,56494.187
4.07976387833689,1.48931381283138,26.1830955882394,56496.749
4.07995419974778,1.49092644737669,26.1805988108096,56499.312
4.08031481825199,1.48988851659496,26.1864999107537,56501.874
4.08070895578187,1.48921640192927,26.1854915849906,56504.437
4.08112678775781,1.48985745068553,26.1842413796888,56506.999
4.08159921294556,1.49158402616085,26.1845484704702,56509.562
4.08199457487117,1.49269943746418,26.1927079358708,56512.124
4.08249485901906,1.4901040612184,26.2008260171902,56514.702
4.08253144988067,1.49265194439237,26.2074609793263,56517.249
4.08300554110338,1.49265270079785,26.2247933068889,56519.812
4.08331839460407,1.4899808064978,26.2230940846311,56522.374
4.08354902117198,1.489786451693,26.2318002920457,56524.952
4.08394123400867,1.49150448619262,26.2348225378877,56527.515
4.08410638461099,1.48885563441155,26.2513740424552,56530.077
4.0848838608234,1.48874219025221,26.2522715229232,56532.64
4.08504625299193,1.49075408816045,26.2555591301176,56535.202
4.08514065095933,1.48961289327457,26.2563841131222,56537.765
4.08565107514734,1.49012036988378,26.2728503336787,56540.39
4.08623320541328,1.48893657323809,26.2771593747728,56543.031
4.08643103408982,1.48998930577708,26.2745748019662,56545.64
4.08686373955945,1.4906493225756,26.2704797651353,56548.202
4.0871473246381,1.49058018878023,26.2730862316117,56550.781
4.08770387234943,1.49046743274611,26.2746807150947,56553.327
4.08786405634958,1.48823812221314,26.2808071895938,56555.89
4.08837091206821,1.49051426012555,26.2916797926252,56558.452
4.08840257959686,1.49130759142739,26.2951487490359,56561.015
4.08891170374192,1.49084878244086,26.2958649616682,56563.577
4.08939233554726,1.48933305279297,26.3043220728325,56566.14
4.08994856376028,1.49130480722775,26.3152728691609,56568.702
4.08990782690689,1.4894201071986,26.3268100758209,56571.265
4.09053943081682,1.48862187594052,26.3255698848384,56573.827
4.09073011780655,1.49118303816949,26.3201073928432,56576.39
4.09133868731644,1.49100029433858,26.3265601155691,56578.952
4.09165679758134,1.4896489197445,26.3367918921406,56581.515
4.09179031338439,1.49270979953141,26.3584027069155,56584.077
4.09225238744603,1.48928817716489,26.3609733734242,56586.64
4.09259071989309,1.49125004292514,26.372873622496,56589.202
4.09307811684516,1.49190439435784,26.3764578733218,56591.765
4.09323140538951,1.49048020111469,26.3784400654207,56594.327
4.09376968627539,1.48982542678005,26.3821971986893,56596.906
4.09421245036889,1.49513293681958,26.3873403994461,56599.468
4.0946185068792,1.4910706454256,26.3834017319775,56602.031
4.09475722254208,1.4907489722685,26.3831281907844,56604.593
4.09530904362803,1.49119364216993,26.392489061366,56607.156
4.09560133665321,1.4893317779893,26.3977735310285,56609.734
4.09600488685319,1.49163924575518,26.4073564500937,56612.281
4.09637264780489,1.49203179600192,26.4107339843425,56614.843
4.09691846921886,1.49072035168836,26.4060025027708,56617.406
4.09692952479075,1.49236752110603,26.4115702357679,56619.968
4.09744944713857,1.4916134249909,26.4254100772195,56622.531
4.09807620502071,1.48985167740492,26.432933896843,56625.093
4.09830650556186,1.49146505416039,26.4300919516997,56627.687
4.09829621457682,1.49059454007514,26.4274193674306,56630.249
4.09909870841244,1.49123305393918,26.4375960784394,56632.812
4.09917226294716,1.49077315540982,26.4388181733372,56635.374
4.09968608558265,1.48952388734592,26.4452714289767,56637.937
4.09991762186212,1.49070276744533,26.4543161214292,56640.499
4.10043197328797,1.49046547554964,26.4569278390111,56643.062
4.10116753525278,1.49167694158746,26.4589920344936,56645.64
4.10118537282406,1.4929996951868,26.4433643553195,56648.187
4.10147962248319,1.49206578140091,26.4649154853062,56650.749
4.10201428468591,1.49298684786403,26.4828725265119,56653.312
4.10215897128149,1.49007298099066,26.4944767687015,56655.874
4.10275482263534,1.49188663239826,26.5026453694259,56658.437
4.10312603853912,1.49126544264338,26.5210495379913,56661.015
4.10338727862518,1.48954691602982,26.5174623531823,56663.577
4.10370782296137,1.4913204525513,26.5301912888767,56666.14
4.10423142648146,1.48960295852697,26.5260098180178,56668.702
4.10456675384918,1.49100902803233,26.5408993924556,56671.265
4.10519429250435,1.49094213926827,26.5385164945588,56673.827
4.10550035527623,1.49069914702263,26.5463063617403,56676.39
4.10595460387945,1.49234490580646,26.544635849613,56678.937
4.10600175477948,1.49159852305359,26.5475478141833,56681.499
4.10659384855466,1.4923085671578,26.5619349268927,56684.062
4.10706978648367,1.49159539455619,26.5763964219099,56686.656
4.10744856757462,1.49025363349376,26.573629873249,56689.281
4.10786187448797,1.49157011003962,26.5801088700017,56691.843
4.10843616961712,1.49137780295809,26.5840889780264,56694.406
4.1086728313677,1.49089050775897,26.5867449203757,56696.968
4.10909431848737,1.49276216167842,26.5834475276531,56699.531
4.10939548667443,1.49156912836149,26.5920670291442,56702.093
4.10996699312031,1.49242202768628,26.5804471919479,56704.656
4.11021447947755,1.49223819770472,26.5882876108383,56707.218
4.11076729648364,1.49126400651053,26.5930447944971,56709.781
4.11100406790742,1.49377701975193,26.5977076161925,56712.343
4.11142726494632,1.49040535245768,26.6103166889105,56714.89
4.1117336741429,1.49068603964825,26.6170273229798,56717.452
4.11205486528502,1.48965383652043,26.6188549413168,56720.031
4.11242139494059,1.48879943008655,26.6325435171245,56722.593
4.11279989893064,1.49207844183023,26.6480258440651,56725.14
4.11329734035822,1.49020743063916,26.6455234324468,56727.702
4.11372666676727,1.49059839749253,26.6443728256107,56730.265
4.11417828602634,1.48969744038634,26.6486475623604,56732.827
4.1145043457852,1.49182370820864,26.6528495039718,56735.39
4.11485734830388,1.49066564936425,26.6639561994796,56737.952
4.11516840730834,1.49101279252572,26.6686754105345,56740.515
4.11548702283384,1.48977119630582,26.6811332012134,56743.077
4.11589219139251,1.48946222253387,26.6845618469067,56745.64
4.11658805472547,1.48776943740708,26.6829686228197,56748.249
4.11706261163292,1.4915022121604,26.6968540636652,56750.843
4.11741388840449,1.49193590827574,26.7013627177375,56753.406
4.1176052430423,1.49058462240355,26.7162468277365,56755.968
4.11808809524341,1.49166687720949,26.7188196381566,56758.531
4.11856702094506,1.4928452502431,26.7231212313904,56761.093
4.11902388453558,1.48867961652032,26.7256801655858,56763.656
4.11923041084104,1.49049023879647,26.7366732922469,56766.202
4.11979126422084,1.48958096760407,26.7464428751016,56768.765
4.12005123034037,1.49204721634579,26.7466551334147,56771.327
4.12070433491462,1.48993217055863,26.7474223736843,56773.89
4.12106926590972,1.49045520772661,26.7558717438927,56776.452
4.12138103894826,1.49232184855574,26.7543494196953,56779.015
4.12173119395924,1.48976868183806,26.7576712701323,56781.577
4.12199600344951,1.4908507274122,26.7555787113126,56784.14
4.12254071994256,1.49043559578065,26.7667540948361,56786.702
4.12304714159194,1.48971357645759,26.7800571784736,56789.265
4.12352713996254,1.48850234198458,26.7929448637521,56791.827
4.12367520308165,1.48987705961121,26.795735441825,56794.39
4.12421756024906,1.49248584196656,26.7985046220962,56796.952
4.12463936786973,1.49340014264241,26.8098029127455,56799.515
4.12487329857293,1.49083731460148,26.8159998061697,56802.093
4.12519199112125,1.48944033355,26.8206014137105,56804.671
4.12583587551298,1.49524435514231,26.8333900050368,56807.249
4.12653801641306,1.49012907082532,26.8239978183489,56809.796
4.12688332650368,1.48431387022027,26.8301037624211,56812.374
4.12741725844709,1.4877445415358,26.8084696524591,56814.937
4.12738781964571,1.48667292475636,26.8028706790631,56817.859
4.12801826484989,1.49295168996383,26.8057674047121,56820.593
4.12842507403437,1.49194230639973,26.8082689975338,56823.265
4.12896911471534,1.49079888427898,26.8272622357015,56826.015
4.12946361594961,1.48990662891205,26.8258364153201,56828.687
4.13016712723129,1.48806444485891,26.8266015330352,56831.406
4.12989893813443,1.49255047755502,26.824007581222,56834.077
4.13066143395552,1.48977601434979,26.8384400445357,56836.812
4.13094530284167,1.4915689804554,26.8394093257805,56839.577
4.13177516677992,1.4905854237208,26.8318481752416,56842.296
4.13162576323603,1.49491076987911,26.8481250048679,56845.031
4.1323622777734,1.49281679426668,26.8706148806939,56847.749
4.13202703064171,1.49917558965849,26.8919399258278,56850.421
4.1328328986136,1.49372729965691,26.9014941478253,56853.14
4.13368870222694,1.48930660599376,26.9077075942428,56855.812
4.1341024987635,1.48950662186969,26.9238735996266,56858.562
4.13482703761768,1.48586805451077,26.9394869706258,56861.265
4.13495162606354,1.49488807957038,26.9505010502575,56864.015
4.135402750491,1.4897565509664,26.9541086798443,56866.687
4.13589818815181,1.48899328031881,26.9533615819201,56869.452
4.13641500794028,1.48888179579464,26.9670336125664,56872.124
4.13680227774156,1.48798711832983,26.9691136314128,56874.843
4.13713146440371,1.48977328652556,26.988602171836,56877.515
4.13768258517217,1.48913815243437,27.0000832744645,56880.249
4.13841072664097,1.49129228568754,27.0042527543633,56882.952
4.13857341016863,1.49199017061335,27.0125309560852,56885.671
4.13904151872425,1.49281889604444,27.0206852433319,56888.343
4.13938457530358,1.49333460291521,27.0316720317236,56891.062
4.14000207867848,1.49042119504349,27.0310017846357,56893.734
4.14057269877228,1.49371478864661,27.0364154749557,56896.499
4.14080796266464,1.49143281193274,27.0446988692678,56899.249
4.14135783524458,1.48829366991849,27.0474313428859,56901.999
4.14172823080813,1.49141802998125,27.0565186166786,56904.734
4.14212908510709,1.49136781315976,27.0674811697209,56907.468
4.14263844480759,1.48898516760624,27.0790408891144,56910.124
4.14303625113635,1.48998124503566,27.0829564338998,56912.859
4.14383636406621,1.48863511388989,27.0870880824081,56915.531
4.14412575718337,1.49301513282118,27.0954042034483,56918.296
4.14450730228951,1.49190982844129,27.100624668019,56920.984
4.14479060861018,1.49150498063076,27.1105347889495,56923.718
4.14515085912178,1.4928729864244,27.1159359285565,56926.39
4.14591924565504,1.49200686730074,27.1102281932109,56929.109
4.14618466161528,1.49256885852135,27.1213072898152,56931.781
4.14665985678475,1.48887539824086,27.1257000481909,56934.515
4.14671227858354,1.48868737101458,27.1295700500881,56937.187
4.14749374790373,1.49022390633951,27.1246624085724,56939.937
4.14822571210607,1.49021030998469,27.1318143840774,56942.64
4.14858759427116,1.491262015639,27.1345562889668,56945.359
4.14908731165307,1.48824822064656,27.1406391239057,56948.031
4.14939148592539,1.49350294463251,27.1399139607646,56950.765
4.14988610039188,1.48929971640244,27.1498190915549,56953.437
4.15031141476967,1.49006981376761,27.1700950979287,56956.156
4.15058909028895,1.48880709622837,27.1722763307783,56958.827
4.15127383740175,1.49074091320468,27.1770263883425,56961.593
4.15156454278296,1.49255226534715,27.1863807082202,56964.265
4.15226116348174,1.49111796694374,27.1935868714404,56966.984
4.15267280664239,1.48946698242013,27.2062189441268,56969.687
4.15313074401717,1.49297358351361,27.2198113750672,56972.452
4.15341888672343,1.48909539617213,27.2233367073048,56975.124
4.15429179093607,1.4901499727834,27.2353213747592,56977.859
4.15440161542897,1.49155389543627,27.2507993709145,56980.531
4.15517113233227,1.49206400068528,27.2507444219717,56983.249
4.15555668123076,1.48708275568433,27.2476946481286,56985.968
4.15575023741765,1.48983799471347,27.2451679074782,56988.64
4.15623129858882,1.49052111464472,27.2326744409242,56991.359
4.15675502189479,1.49147306377758,27.2425899790877,56994.031
4.15715442594321,1.49071279592192,27.2499309796779,56996.781
4.15762966879705,1.49065149989125,27.2437256740056,56999.484
4.15824176868465,1.48853197021046,27.2411693523279,57002.202
4.15836644760469,1.49053123170095,27.2450619214444,57004.937
4.15892082983134,1.49149337380592,27.239797921907,57007.671
4.15934361897191,1.49319194992218,27.2453252970017,57010.343
4.15993985583876,1.49261057390721,27.2388133058379,57013.062
4.16058179043443,1.49157119790126,27.2489387748624,57015.734
4.16086516623545,1.49288644857658,27.2723347838471,57018.468
4.16157151875111,1.49024101594243,27.2949104513727,57021.156
4.16185338577427,1.49132594217846,27.3089977008986,57023.874
4.16214911416674,1.48959209327499,27.3315149118368,57026.546
4.16288827780132,1.48928466772949,27.3422808764151,57029.312
4.16334268825238,1.49276428225985,27.3561939332919,57031.984
4.16352807694545,1.49017112647145,27.3682423865714,57034.702
4.16424259047544,1.49203304064319,27.3816500536726,57037.39
4.16464248284436,1.49311014246104,27.3912737304894,57040.109
4.16519026080883,1.49148092561445,27.3927567922467,57042.812
4.16559907486085,1.4890244460091,27.4102359386382,57045.546
4.16601369767505,1.4902705617689,27.4082536821028,57048.218
4.16643257889018,1.4910062312167,27.4183228404731,57050.968
4.16716874297158,1.49269327880929,27.4205621693975,57053.64
4.1674175051223,1.48861942512529,27.4416484217871,57056.374
4.16787285328123,1.49162011611862,27.4551424638948,57059.062
4.16809319978631,1.48998628407225,27.4586917368187,57061.781
4.16889804245351,1.49093316823733,27.4762116620762,57064.484
4.16928665896095,1.48982246737409,27.479882478933,57067.202
4.16986698890821,1.48817051975514,27.4766340136876,57069.874
4.17020260663905,1.49046451283836,27.4829462840998,57072.609
4.17066184509514,1.49213015498541,27.4838341407466,57075.296
4.17133348494904,1.48889278907038,27.4960859347856,57078.031
4.17175730998993,1.4890854313876,27.4938371643147,57080.749
4.17190844790922,1.49089393176507,27.5019072785596,57083.421
4.17244014485922,1.49175237404259,27.5132708327,57086.156
4.17288216010932,1.49172308889805,27.5257847671705,57088.827
4.17333140269226,1.4897687839221,27.5261265961207,57091.562
4.17385401378009,1.49417330653044,27.5274817525003,57094.234
4.17447108360188,1.49077808993641,27.5320477634317,57096.984
4.17514038753613,1.49132107667998,27.5343139836571,57099.687
4.17548207463841,1.49170406436184,27.5271968592849,57102.406
4.17549557912599,1.49106578846953,27.5313486578799,57105.109
4.17619856209993,1.49102821987858,27.5436150399306,57107.827
4.17646710140724,1.48947952731616,27.5714102861101,57110.499
4.17700679724076,1.49219139306289,27.5745149263104,57113.218
4.17750364286661,1.49090262189974,27.5975251726859,57115.89
4.17820715362516,1.49280358850557,27.6014289065914,57118.624
4.17855623456628,1.49019932292232,27.6131690050681,57121.296
4.17899959585605,1.48973166036331,27.6267980131926,57124.062
4.17917962084619,1.48977001049454,27.6405797611216,57126.734
4.17986078567925,1.49108950625952,27.6481683802056,57129.452
4.18058194964729,1.49044879696713,27.6545320586458,57132.156
4.18089756516939,1.49072761247735,27.6596309448676,57134.89
4.18124905634048,1.49034881635102,27.6489715876613,57137.546
4.1819756418966,1.49017642528574,27.6527059629305,57140.281
4.18246518915361,1.49111018038465,27.6464329069448,57142.952
4.18281328953008,1.49279544927806,27.6365273858343,57145.687
4.183465082426,1.48840292122901,27.6319818740522,57148.343
4.18339569538597,1.49351884736889,27.6466214671021,57151.077
4.18426314911761,1.49289582681177,27.6607798457817,57153.765
4.18490292682516,1.4915179838948,27.6727603070515,57156.515
4.18526822669449,1.49185475835093,27.6985264668069,57159.218
4.18568943504138,1.48946925607309,27.7277779744225,57161.937
4.18601293204152,1.49303141038422,27.7324540761296,57164.609
4.18643176415518,1.49231827063228,27.7502081506489,57167.327
4.18701850779719,1.49411456998941,27.7418278717278,57169.999
4.18764780636918,1.49351058004385,27.7704546747352,57172.734
4.18818368158652,1.49044224526578,27.7857047590071,57175.437
4.18857738560787,1.49085071953439,27.7865703401137,57178.218
4.18910436205096,1.48886022938357,27.8032845632421,57180.984
4.18945810203754,1.49076274926898,27.8243728708094,57183.765
4.19024451303651,1.48789496084872,27.8415798416101,57186.468
4.19017374519917,1.49195630473089,27.8528105169522,57189.202
4.19078111531352,1.48933111191916,27.8668257401096,57191.874
4.19127682835357,1.4914797515788,27.8716497730924,57194.609
4.1915789729933,1.49020887988847,27.8809661235107,57197.281
4.19241931138713,1.49109388226813,27.8891010810983,57199.999
4.19281163212744,1.48910624818378,27.896265927404,57202.702
4.19331121585727,1.49150267751474,27.9066319741429,57205.437
4.19391286987253,1.49161648818726,27.9105626741961,57208.093
4.19448164517357,1.49044529364372,27.9105195678456,57210.827
4.19487375773464,1.49072049656404,27.9128096364211,57213.515
4.19519258155004,1.48927439694117,27.9181612203479,57216.281
4.19593825269859,1.49013969199041,27.9366801429115,57218.937
4.19631405665166,1.49310455990873,27.9362857413932,57221.671
4.19685305854695,1.49103758001253,27.9550023531859,57224.343
4.19708596842309,1.48903690042847,27.9711222921291,57227.109
4.19768695178982,1.49035193000353,27.9729902592696,57229.781
4.19822341816968,1.48901751039307,27.9821694796077,57232.499
4.19882789178119,1.49082335205444,27.9947861733911,57235.171
4.1991918817353,1.49150595590146,27.9786690925196,57237.89
4.19977909253253,1.49154053339434,27.9980431680329,57240.593
4.20024995839624,1.49303097573518,28.0209482879506,57243.343
4.20082537952501,1.4894259038791,28.0290965336381,57246.374
4.20146322072368,1.48827288000607,28.0439585991903,57249.202
4.2019440302567,1.49045058907044,28.0476783746213,57252.031
4.20232355954823,1.48976707319883,28.0536640821422,57254.859
4.20292005741433,1.49289023633485,28.0706990315041,57257.687
4.20328116102981,1.49172823650454,28.0876332496387,57260.515
4.20398478629076,1.4923193412168,28.1061934000556,57263.39
4.20439097894882,1.49098637783344,28.1148623777756,57266.218
4.20467908844295,1.49300889377087,28.121726137229,57269.046
4.20524201843489,1.49057757597048,28.1313087502643,57271.874
4.20585496316857,1.48681705049356,28.1407635127013,57274.687
4.20622780440955,1.48804779996104,28.1457970707023,57277.562
4.20650305916275,1.48698208704317,28.1556302223666,57280.39
4.20713538463822,1.48568169865078,28.1709021246353,57283.234
4.20753971899417,1.48386370604047,28.1807919687481,57286.077
4.20795633556384,1.48009457373621,28.1913029933034,57288.968
4.20673938181474,1.45618517359779,28.1969852414507,57291.796
4.20644110384902,1.45864758871946,28.2119146698994,57294.624
4.2069234842537,1.46374152657809,28.2174514934693,57297.452
4.20735340824871,1.45703298103201,28.2185442478139,57300.296
4.20778305732364,1.45390405431757,28.2249655182957,57303.187
4.20597551082141,1.43597172529225,28.2481528378824,57305.999
4.20612294392056,1.43326406687425,28.2532182337557,57308.812
4.20635295541318,1.43277229833637,28.2684269937508,57311.687
4.20681022268223,1.43426003015517,28.2803188691383,57314.515
4.20476691755911,1.41042422241085,28.2869941266553,57317.374
4.20469087923479,1.41083395126574,28.3026250653146,57320.218
4.20550129166887,1.41327469286479,28.3063136448822,57323.077
4.20566422584487,1.4120503275694,28.3252307061997,57325.921
4.20586163714932,1.41003482519631,28.3212776049362,57328.749
4.20639617070936,1.41067474328312,28.3314782040916,57331.593
4.20655563579639,1.40898606519958,28.3407371865279,57334.437
4.20667214301915,1.40937563280813,28.3427155833257,57337.281
4.20697230237497,1.40834272873849,28.3496844343378,57340.109
4.207128218589,1.40617280977955,28.3527690387552,57342.952
4.20755652207229,1.40623299216312,28.3633765643232,57345.796
4.20598181842522,1.38418466781915,28.3670216276085,57348.64
4.20608185398165,1.3831864076432,28.3737098473406,57351.499
4.20622432916268,1.38725823647439,28.3780583479807,57354.359
4.20603734085722,1.38409069716663,28.3830777872411,57357.187
4.20676717082985,1.38229062820361,28.3891812183281,57360.015
4.20705423711673,1.38251382664204,28.3961454794439,57362.843
4.20739111331938,1.38245974763903,28.3999099691468,57365.687
4.20784321122655,1.38048232860923,28.3996999689332,57368.515
4.20587644690679,1.357036501902,28.4073542286624,57371.359
4.20625461654236,1.35568402947615,28.4251166579515,57374.171
4.20612735164041,1.35917490896302,28.4317533121084,57377.046
4.2063846645804,1.35590255477432,28.4467880780207,57379.906
4.20672255963779,1.3555218177252,28.4640454519622,57382.765
4.20703186300094,1.35409876521513,28.4671365096424,57385.656
4.20700910218065,1.35460042221584,28.4763815758807,57388.546
4.20752131740472,1.35769785664654,28.4938440693929,57391.452
4.2078539812525,1.35269133278462,28.4862537136961,57394.327
4.20603745811355,1.33236149839318,28.4911331820641,57397.202
4.20640232830862,1.33246665444046,28.4919444225435,57400.046
4.20660729522221,1.3283098379991,28.48929633189,57402.874
4.20638827877762,1.3344497737392,28.484977966707,57405.734
4.20696031157839,1.33054202858663,28.4875811974278,57408.624
4.2069828471328,1.32935691481427,28.4908762018498,57411.499
4.20742642978315,1.32981893161834,28.4989137245376,57414.374
4.20773293814769,1.33021435495517,28.5006031022037,57417.249
4.20812274712049,1.32540436410178,28.5133778758248,57420.124
4.20819865613498,1.32695861703912,28.5248427613979,57422.952
4.20881827702336,1.32531725367322,28.5262442801347,57425.781
4.20688875863625,1.30383479003482,28.5311974543602,57428.671
4.20702346248293,1.30318717745254,28.5382108765113,57431.531
4.20747345753889,1.30439570466014,28.5363564607362,57434.406
4.2076769489235,1.30083248954615,28.5340983188022,57437.296
4.20586889133836,1.28325134803332,28.5214578944695,57440.171
4.20613538167756,1.27847416649057,28.5343394441314,57443.046
4.20597026297129,1.27979220412151,28.5382658567243,57445.921
4.20654151100567,1.27853961203402,28.5433677819547,57448.812
4.20653766856737,1.27930939291743,28.5582426560795,57451.624
4.20682144068169,1.27640951373243,28.5628173584228,57454.437
4.20690921625693,1.27659211924456,28.5626371728819,57457.312
4.20713486732211,1.27375428534815,28.5625115417659,57460.218
4.20760420337218,1.27497443467493,28.5617712300362,57463.093
4.20585658438785,1.25463195165928,28.5630370674357,57465.968
4.20597707842384,1.25041978978464,28.5514792254971,57468.859
4.20609455527743,1.25690259736851,28.5609656026037,57471.734
4.20632480854123,1.25100727989501,28.558488361588,57474.609
4.20668974163096,1.25353324579399,28.5504270073112,57477.499
4.20726843474736,1.25168063723614,28.5601035515322,57480.374
4.20724684129331,1.25172424141254,28.5670968548429,57483.249
4.20737966012102,1.25325035135551,28.577846882517,57486.171
4.20761321388287,1.25120519741575,28.5836246088005,57489.046
4.20780796452944,1.2511512727486,28.5852359157205,57491.921
4.20804556766458,1.2483002527486,28.5843616711869,57494.734
4.20860798678294,1.25046326444208,28.5892475584523,57497.546
4.20683086163288,1.22705239409419,28.5992761609978,57500.437
4.20674083021551,1.22543913760566,28.6050440502771,57503.296
4.20727235588257,1.22796863218293,28.5895735226677,57506.171
4.20779723518247,1.22450783237393,28.5977675960279,57509.046
4.20772440483563,1.22402772485087,28.5956768939769,57511.859
4.20888340880822,1.22586322106184,28.6016582296391,57514.671
4.20629950959359,1.1972464723189,28.6075648908231,57517.531
4.20668373615986,1.19869601206118,28.6144459507795,57520.421
4.20687322727101,1.20194743012359,28.6175754806915,57523.359
4.20698254948774,1.19696287231003,28.622930204878,57526.171
4.20698362015119,1.19918014705821,28.6272591508427,57528.984
4.20764849780157,1.19782488983379,28.6334008517325,57531.827
4.20750969762132,1.19849913772181,28.6308942981441,57534.687
4.2080455604376,1.19654499966485,28.6318177955978,57537.64
4.20843261363174,1.19716663109821,28.6444616212257,57540.515
4.20843454354156,1.20168564407895,28.6397291257858,57543.406
4.2088254280223,1.19574422705671,28.6566861683898,57546.281
4.20714703725527,1.17198175712864,28.65552801725,57549.156
4.20760080085001,1.17189936483445,28.6414934234754,57552.077
4.20779154010751,1.17448076980868,28.6380321734053,57554.952
4.20784788309225,1.17326429717012,28.6262720593422,57557.827
4.20817369667856,1.16798573140166,28.6008930318173,57560.702
4.20849247934078,1.17306238588613,28.5957621343399,57563.515
4.20842388858843,1.17033664518979,28.585659000157,57566.327
4.20859230694101,1.16900242177183,28.602365093797,57569.171
4.20912148485231,1.16910889973351,28.6019140015582,57572.093
4.20965812618113,1.16823410309246,28.590627662433,57574.968
4.20810546628559,1.1431929185011,28.5981472291513,57577.843
4.20803945435738,1.14645935466258,28.595239197414,57580.656
4.20804107626775,1.14315790852052,28.5836764143039,57583.468
4.20851498832153,1.14593718481767,28.5809265151001,57586.343
4.20848004996412,1.14158131436286,28.5819199565655,57589.202
4.20882232886463,1.14132726541669,28.5923370319486,57592.093
4.20732304439436,1.12287694070038,28.6031008440726,57594.968
4.20734669183119,1.11930227907747,28.6146499130545,57597.843
4.20755776214145,1.12120037540129,28.6063482497883,57600.656
4.20761659824843,1.1193408082551,28.6079238715105,57603.468
4.20797140887156,1.11853897579962,28.6007767486217,57606.359
4.20813994448274,1.11692844196178,28.5938742194364,57609.218
4.20848821130803,1.11864072670132,28.5962574195001,57612.093
4.20884999472389,1.11712089993126,28.6010314480745,57614.968
4.20674586915595,1.0933846812569,28.5905425809575,57617.859
4.20746623887503,1.09429362453339,28.6043596641513,57620.734
4.20754971238849,1.09396870114957,28.609112452608,57623.609
4.20739439428164,1.09364433720007,28.6006089144776,57626.499
4.20766314541204,1.09415000381268,28.6075229671393,57629.406
4.20815129343691,1.09180810376584,28.6033528640263,57632.281
4.2083638807784,1.09200554538334,28.6035863037914,57635.156
4.20851565744643,1.09302383747549,28.6114528069006,57637.984
4.20874246134604,1.0907733102632,28.6032431885275,57640.796
4.20725335781043,1.07120842977114,28.5999742625918,57643.64
4.20723102926894,1.07023431311465,28.6061929497459,57646.499
4.20745175524668,1.06892254030361,28.6029007357389,57649.421
4.20761221377374,1.06823396525853,28.5921040148174,57652.359
4.20763113743011,1.07166300679193,28.5582714926644,57655.171
4.20776178383967,1.06752711142445,28.5611255925978,57657.984
4.20798554082552,1.06818653337615,28.5607212443703,57660.827
4.20804591826821,1.06684738066212,28.565411709422,57663.702
4.20850264037703,1.06943182891345,28.5450043603058,57666.593
4.20882150217272,1.06874479942463,28.5287027692423,57669.468
4.20909891364055,1.0681465364067,28.5282523799718,57672.359
4.20929463715965,1.065505216785,28.5304732109475,57675.218
4.20998931450084,1.06413792597113,28.5141688785307,57678.109
4.20794164444711,1.04128164446937,28.5060065926063,57680.921
4.20779458380172,1.0394687679001,28.5042601518912,57683.796
4.2082308863263,1.03847907942183,28.5055752687955,57686.64
4.20839226819116,1.03990711435483,28.5054345800157,57689.452
4.20859556666006,1.03880483248723,28.5029179277491,57692.312
4.20889430540896,1.03822338468761,28.4912446135333,57695.171
4.20902524456261,1.03628286132544,28.4974958697382,57698.046
4.20916001312108,1.0383892806983,28.4978763351861,57700.859
4.20942287367354,1.03674999593794,28.4862187749639,57703.671
4.20995316137508,1.03528105932067,28.4593507407243,57706.546
4.20808243430076,1.01568917349165,28.4334163513074,57709.452
4.20823147262216,1.01561008263176,28.4278915333067,57712.312
4.20837036760383,1.0143787113383,28.4336811373627,57715.234
4.2084996557662,1.01306026451874,28.4550773982741,57718.109
4.20848391157386,1.01228069852248,28.4615525054467,57720.999
4.20890690131653,1.01031401779489,28.4531682926411,57723.906
4.20695358143814,0.98861220390113,28.4480966782723,57726.718
4.20725370217288,0.989075755519536,28.4533331273463,57729.531
4.2072372182943,0.990711807980829,28.4499377332191,57732.421
4.20731697795018,0.988539667309675,28.4504102840578,57735.281
4.20760757902058,0.988907617890869,28.4512257866175,57738.171
4.20781097718747,0.986980830724043,28.4298688149059,57741.015
4.20794909402628,0.990361000773653,28.4357364933712,57743.843
4.20791107222052,0.989758509417047,28.4246090949397,57746.702
4.20843927419784,0.989491141934113,28.4037669334548,57749.609
4.20825254212508,0.988222387334274,28.3921091178009,57752.827
4.20883496514351,0.987542607250357,28.3802164951353,57755.812
4.208977514687,0.985067642296725,28.3783007122815,57758.812
4.20928064522882,0.9862254672683,28.3525762123912,57761.827
4.2095834065108,0.987140088096073,28.348970350379,57764.749
4.20810364848724,0.96197220107012,28.337181635144,57767.656
4.2077926140559,0.961007049009389,28.313684518767,57770.562
4.20807198506051,0.963708187431854,28.322393801072,57773.499
4.20810099432152,0.964939790360817,28.3119655775994,57776.437
4.2083327468553,0.964252975563002,28.3000568298624,57779.406
4.20845259912158,0.962403329124681,28.3006960113927,57782.406
4.20884294785887,0.963885695873775,28.3152659550231,57785.327
4.20909470817008,0.963230669626767,28.3236706866315,57788.234
4.20889977616064,0.960511856896993,28.3278666926618,57791.156
4.20911983536025,0.955804994932356,28.3329201320248,57794.077
4.20935595171655,0.961635484439404,28.3328434685328,57796.984
4.20938153886636,0.956729210792507,28.3331244367041,57799.89
4.21015748801932,0.956978186847761,28.3217334462605,57802.812
4.20811279326357,0.934413616301292,28.3332317621026,57805.718
4.20802353499742,0.935861752132038,28.3344223203287,57808.64
4.20823830305931,0.934083548027581,28.3201430782648,57811.577
4.20840680441993,0.933157905471148,28.299710649852,57814.515
4.20859250444788,0.93073130380122,28.293498310403,57817.452
4.20876367327945,0.934089759970787,28.2868685626288,57820.374
4.20846425192639,0.936095619548216,28.2873071625911,57823.281
4.20913775101382,0.933081403937472,28.2655011938951,57826.234
4.20898408651497,0.933404908074716,28.2384411767996,57829.156
4.20942274025908,0.933387668900975,28.2241618374351,57832.077
4.20961665059302,0.931801460476117,28.2170129643361,57834.984
4.20774132200682,0.909803943390083,28.2235322199386,57837.937
4.20767986731899,0.910097868708257,28.2322715382437,57840.952
4.20818270903416,0.909255883739723,28.2319128448266,57843.859
4.20805189567811,0.910923044004302,28.2300658135008,57846.796
4.2083021000718,0.910667505844583,28.2376636506595,57849.718
4.20831035366,0.908098799411092,28.2193828404582,57852.656
4.20852608785334,0.908699259138392,28.2087235981851,57855.577
4.20877051815648,0.908435530606452,28.2001073443734,57858.531
4.20904619147459,0.90900743065439,28.1944908015156,57861.577
4.20883096315544,0.908251523277631,28.1805433770208,57864.546
4.20929659309099,0.90635262620299,28.169568880949,57867.484
4.20928746763429,0.906309189863581,28.1649067012022,57870.406
4.20985896274382,0.905985434175746,28.1550584845453,57873.312
4.20964294202322,0.906860192698275,28.1444740756266,57876.218
4.2101938630056,0.907013950606136,28.1439993556561,57879.14
4.21013736134891,0.907055909185269,28.1462468534434,57882.046
4.21004997901311,0.906207560379479,28.1388579655794,57884.968
4.21062787112829,0.904131898669431,28.1308057279083,57887.874
4.2089717135977,0.882035606234996,28.1227746512064,57890.812
4.20887335091273,0.877587415387827,28.1205502505717,57893.749
4.2088219090799,0.882655390599867,28.1185318150922,57896.687
4.20885145335427,0.881217905155775,28.1203133737002,57899.64
4.20937847207042,0.880956961584509,28.1054480281814,57902.577
4.20967204538473,0.882447593704833,28.1053699915883,57905.531
4.20762898058893,0.857175125688721,28.0979647229051,57908.499
4.20762893191291,0.858740168482677,28.0918322376055,57911.515
4.20778362797504,0.859469694856898,28.0970488499561,57914.468
4.20783422320883,0.859220286877394,28.0941849033753,57917.406
4.20809162072236,0.857930663985692,28.0790221805584,57920.359
4.2079870510671,0.859073711227702,28.0822319063593,57923.327
4.20824809762869,0.857171817616098,28.0742002079497,57926.249
4.20835229428827,0.85660101071497,28.0562158223311,57929.156
4.20845560860403,0.85661015754279,28.0438483202604,57932.077
4.20845054125657,0.858134646790705,28.029741943958,57934.984
4.20892968219433,0.854632845542134,28.0171774821123,57937.89
4.20887772877614,0.852994003181867,28.0346294601599,57940.937
4.20902517869937,0.855489241814245,28.0244353927849,57943.859
4.20902613750869,0.855379287739793,28.0134914263918,57946.781
4.20949415386149,0.854991721790541,27.9958577855036,57949.687
4.20954709500545,0.853807406057458,27.9915725951198,57952.593
4.20980103650024,0.855485697584998,27.9802743604585,57955.499
4.20805807659719,0.832649248941747,27.9713039014656,57958.406
4.20801539505745,0.832120966794092,27.9635438217643,57961.327
4.20817992671515,0.830525030514713,27.9615815031149,57964.234
4.20819829501526,0.830710584127744,27.9408456193577,57967.202
4.20832967461137,0.829842249521376,27.9468954825545,57970.202
4.20833559918032,0.828335479400406,27.9355810886736,57973.187
4.20841470768334,0.828210817185843,27.9261795008978,57976.187
4.20864558932843,0.828380922979636,27.9175682032969,57979.156
4.20869521842757,0.825098971473886,27.9265096624088,57982.077
4.20868621894101,0.827171022362904,27.9192010899912,57984.984
4.20908213601008,0.829340047673234,27.9185264167709,57987.937
4.20914666503194,0.829185521230832,27.9186736218415,57990.859
4.2092897083006,0.829544894572492,27.9182245015675,57993.874
4.20945589949165,0.826962795172451,27.9044582303489,57996.843
4.20967584328893,0.827787978576712,27.9014265472949,57999.781
4.20994318008205,0.826888152103203,27.8979370257998,58002.734
4.2100436293269,0.826994707304712,27.8915456234977,58005.718
4.21020510750639,0.824624101762394,27.8953803307058,58008.687
4.21052370991216,0.823440174982003,27.8792782814359,58011.687
4.2107150416795,0.826394993975244,27.8653062524013,58014.624
4.20872512414422,0.80146615492453,27.8596816289122,58017.593
4.20918245034233,0.806742073214235,27.8571890248627,58020.671
4.2090265265506,0.804621587593299,27.8677305485323,58023.656
4.20907190130271,0.804571748354095,27.863324261205,58026.687
4.20905958333862,0.803501361610606,27.8623781727445,58029.749
4.20930273359697,0.800008568978192,27.8541039605798,58032.796
4.20954398978406,0.803825286413567,27.8481771846304,58035.827
4.20946068883776,0.799073230564848,27.8300692058885,58038.859
4.20968450536375,0.799414501454595,27.7849479307565,58041.843
4.20983844712705,0.799300207786565,27.7947530033222,58044.89
4.21023519036649,0.800799243221202,27.7859788762372,58047.906
4.21032615643434,0.801982650135997,27.7727098236424,58050.874
4.21029630564848,0.801010342617695,27.7635838975034,58053.812
4.21070189276619,0.799809988890916,27.7611561381508,58056.796
4.20898236585502,0.777012612780834,27.7648991463305,58059.718
4.20902986247158,0.776649772583574,27.7636764855647,58062.624
4.20878607071357,0.773296474301013,27.7599783566457,58065.531
4.20898424339113,0.776644980775021,27.745361815536,58068.437
4.20897892900412,0.775391165098857,27.731518026307,58071.343
4.20945143326902,0.776645991434012,27.7141812141679,58074.249
4.20934302758284,0.776639737701583,27.7078577559746,58077.171
4.20950998876468,0.779591648506042,27.7052040161415,58080.077
4.20963448717544,0.775182930479487,27.6893589121975,58082.984
4.20976068683694,0.775945425589595,27.6840892245785,58085.89
4.20977817508429,0.772842580060377,27.679165388287,58088.827
4.20999215805125,0.771343310992893,27.6682495846533,58091.734
4.21058643395426,0.778809590243897,27.6622948227154,58094.64
4.20850074570445,0.751790416614065,27.6569525520702,58097.562
4.20826080528588,0.75059326638231,27.6626513319715,58100.468
4.20818292330727,0.749453588351816,27.6520646497944,58103.374
4.20860144045075,0.749326958031239,27.6459855784391,58106.281
4.20855681993406,0.753967952606499,27.6401292087764,58109.187
4.20908503267809,0.752832688743925,27.6263042897415,58112.109
4.20877006519879,0.752169803124432,27.6102833092476,58115.031
4.20899478348794,0.752867540469283,27.6080448845233,58117.952
4.20883319955523,0.751257014009713,27.587522900004,58120.859
4.20938437298913,0.751843199070848,27.5639493662784,58123.765
4.2094296148021,0.748982436460433,27.553494335322,58126.687
4.20953541364406,0.749173622302891,27.5584018953701,58129.593
4.20962893430004,0.749167702345706,27.5441175299754,58132.499
4.20963965513479,0.750813986495334,27.5336953317334,58135.421
4.21002174475223,0.748503885861315,27.5133140177764,58138.327
4.21011078714005,0.750917851037436,27.527348306951,58141.265
4.21021368448083,0.747969855231525,27.5199903074151,58144.187
4.21046280428858,0.747593153085994,27.5187944486569,58147.093
4.21037646720922,0.749680980499312,27.5154240977648,58149.999
4.21063446737891,0.745126054075597,27.5224842084958,58152.921
4.21069466664503,0.748755099712607,27.5165872284009,58155.827
4.21106578422402,0.745941921787243,27.5109450913675,58158.734
4.21127851538094,0.74723577446511,27.5049979993805,58161.64
4.21148105558814,0.746428011974142,27.5040808176233,58164.546
4.2114758579577,0.749553523958056,27.4845351672825,58167.515
4.21161859006404,0.74669169766287,27.4721189113961,58170.499
4.21021443654298,0.727293284894543,27.4560540354255,58173.499
4.20995959178943,0.725497486465896,27.4472568013979,58176.484
4.21032073022604,0.728692965355699,27.4448896301195,58179.515
4.21040864940119,0.723711924107091,27.4228410694428,58182.452
4.21042070244497,0.72463448455113,27.4223900174814,58185.39
4.21071121204885,0.724684711600112,27.4200584603542,58188.359
4.20870256666767,0.703175454084877,27.4143620330182,58191.343
4.20876951202412,0.699394538323173,27.4076358543266,58194.312
4.20889344612452,0.702000190205419,27.4126830371519,58197.374
4.20876243641221,0.700445479374544,27.4058624724512,58200.374
4.20902217901568,0.702819093646179,27.3988107110025,58203.359
4.20896581398683,0.701236616531826,27.3985098629375,58206.296
4.20896937831811,0.700552945659928,27.3943869835492,58209.202
4.20923219897728,0.702295063040808,27.3904092689952,58212.124
4.20942893398465,0.699795035427978,27.3908650488863,58215.046
4.20947906892093,0.700128710161117,27.388205531252,58217.952
4.20946728048188,0.704366211634218,27.3822352289415,58220.859
4.20969391480703,0.698597264131127,27.3714137173692,58223.781
4.20970583980395,0.700537928322174,27.3619647610342,58226.687
4.20985159361198,0.698960894387075,27.3526448940992,58229.593
4.21014468847389,0.699550254051366,27.3370069559618,58232.531
4.21053323235042,0.702950106424872,27.3312624870063,58235.452
4.21076975616455,0.701006137276794,27.3229211404259,58238.359
4.20844027289155,0.676824327943881,27.3121031355484,58241.265
4.20876977431698,0.674121868086787,27.3018378742475,58244.187
4.208744734793,0.676225471845777,27.2979435624387,58247.093
4.2087389681935,0.675684367772255,27.2880159493762,58249.999
4.20855798722542,0.674908833705359,27.287577928132,58252.906
4.20889364047956,0.677021993010832,27.2714785406558,58255.812
4.2091100223771,0.675968017025662,27.2613276769981,58258.718
4.20912825229521,0.677005640873207,27.248176865754,58261.671
4.20901324852944,0.675880684239274,27.2420919222931,58264.577
4.20922340682398,0.678506970274199,27.2291222070023,58267.484
4.209449679061,0.683268003998798,27.2330941353104,58270.39
4.20998378546769,0.675007175110159,27.243237815603,58273.296
4.20945195119568,0.671765152544109,27.2359182330785,58276.218
4.20974718889341,0.670649648373682,27.2254522274553,58279.124
4.20978600596633,0.675473649056338,27.2159853508417,58282.031
4.20982550761368,0.674850635090069,27.2177416739043,58284.937
4.21030102872912,0.671894325259715,27.2132323716846,58287.843
4.2101702445303,0.672403635957836,27.2034869767733,58290.765
4.21050577404494,0.673317378002133,27.20229643426,58293.687
4.21053239872777,0.671128241063009,27.1992207938263,58296.609
4.21074158090879,0.672572968432995,27.1967821409475,58299.515
4.21090068483342,0.67308717176193,27.1912860264155,58302.421
4.21077173162644,0.671576034044381,27.184050281399,58305.343
4.21112202610358,0.671373489461868,27.1762119147833,58308.249
4.21117599308061,0.668253677667558,27.1688681460532,58311.156
4.21139918996561,0.668873919931443,27.1547948831655,58314.077
4.21168149602403,0.670150822110961,27.1477093117214,58316.984
4.20958008708363,0.647801061618672,27.1270597679728,58319.89
4.20991791249008,0.647345351251302,27.1081524387432,58322.796
4.20992067100811,0.648653382071609,27.100701080116,58325.718
4.20979421274253,0.647983988730168,27.0955669440143,58328.624
4.21003801780382,0.646132419822946,27.1108984419204,58331.531
4.21038600600355,0.648727037199293,27.1002498091169,58334.468
4.21007920570377,0.648209282033471,27.1052048952392,58337.406
4.20998852906311,0.648283120742391,27.0988878150097,58340.312
4.21033863425144,0.650306470866516,27.0839477042659,58343.234
4.2107378004366,0.649481428913994,27.0662596125937,58346.14
4.21053165596655,0.646938011573131,27.0516541852739,58349.046
4.21043689758222,0.643809040956553,27.0510751067886,58351.968
4.21110289158484,0.65162832308748,27.041340784128,58354.874
4.21107357762708,0.644921358340955,27.0374230435167,58357.781
4.21108804738927,0.645494028432623,27.031966271997,58360.702
4.21131186158504,0.648141611560368,27.02697900347,58363.609
4.21156467714326,0.642594396920589,27.0287071932758,58366.515
4.20952830825999,0.62269026967247,27.0150511655977,58369.452
4.20973104959551,0.623455213257436,27.0110420631392,58372.359
4.20956248943842,0.622996194420642,27.0033682214502,58375.281
4.20967651927724,0.618848203596466,26.9911736310509,58378.187
4.20958830891651,0.620946366393283,26.9807797519642,58381.093
4.2098721722283,0.620302076329474,26.9730177672357,58383.999
4.20954749470804,0.62137897623795,26.9722863429132,58386.921
4.21029831261343,0.620876215567422,26.9773259242464,58389.827
4.21004168303312,0.622461821443702,26.9685377675519,58392.734
4.21024178016179,0.620804362882791,26.9433464342477,58395.64
4.2103213048118,0.620351053585694,26.9286482860876,58398.562
4.21037766579311,0.61969246206181,26.9107836275443,58401.468
4.21066167672168,0.622365500027982,26.9088449645388,58404.374
4.21074886849072,0.621883487750993,26.9122218122418,58407.312
4.21107243347944,0.616284937990623,26.9158370450379,58410.265
4.21091121298488,0.619704698775275,26.9083615877457,58413.171
4.21093859141765,0.62214141912803,26.9011081961446,58416.093
4.21106373159226,0.616765749039444,26.900165968785,58418.999
4.21167592187474,0.617129698492748,26.9114276255904,58421.906
4.20941063212075,0.593435712737483,26.9044492262128,58424.827
4.20965571421186,0.595928089690334,26.9042798566204,58427.734
4.20933810642938,0.597094413593365,26.9152406245612,58430.64
4.2094723788013,0.594549827775134,26.9095367467355,58433.546
4.20962509096123,0.597112775008514,26.90288819344,58436.452
4.20946833407626,0.596839659775196,26.8852373170363,58439.374
4.2096880203758,0.595950752974052,26.8591802402305,58442.374
4.20983165935292,0.595699338042043,26.8536635914774,58445.359
4.21005857658602,0.592135635158898,26.8566801174713,58448.265
4.21003053416014,0.596176964215227,26.8728886448874,58451.202
4.2101347632356,0.596034247795362,26.8638577063012,58454.109
4.21040016069334,0.593755530604263,26.8659148775034,58457.015
4.21037870394485,0.59604116276123,26.8526685924205,58459.921
4.21043848521012,0.596423500020891,26.8491251739609,58462.827
4.2107228727519,0.591491227589816,26.8327428196093,58465.749
4.21070303738315,0.592381208789106,26.8157869713294,58468.656
4.21091048119256,0.595004813769656,26.8133073441187,58471.624
4.21097186140956,0.591756669793651,26.8192388502177,58474.546
4.21099522226558,0.592330791130095,26.8188118923391,58477.531
4.21125217148331,0.59225177791129,26.8152191000289,58480.452
4.21141953560579,0.594382517246208,26.8048096880456,58483.359
4.21165358119603,0.58988499534915,26.7838451794964,58486.281
4.20962284533235,0.571660569160377,26.7778768844283,58489.187
4.20972129400796,0.570039900099494,26.7821228404924,58492.109
4.20929372387291,0.570411746077651,26.7697638517891,58495.015
4.20947488696885,0.569813408419118,26.7668215736294,58497.921
4.20957426529987,0.57128814135255,26.7671848693397,58500.843
4.20982080275601,0.570599835792719,26.7604255241836,58503.749
4.20979175089668,0.569168814271057,26.7554831120457,58506.656
4.21015811460704,0.570733150564463,26.7401910030268,58509.577
4.21006174889225,0.571314618218096,26.7373879859875,58512.484
4.21003652946404,0.571948248698981,26.7377230876053,58515.406
4.21003743754244,0.567652275651856,26.7289781810368,58518.343
4.21022843058979,0.567697150592576,26.7304631709907,58521.281
4.21040811728534,0.569382978128433,26.7165613233937,58524.187
4.21057990381247,0.572245825578311,26.7000009707058,58527.109
4.210551702051,0.568337122668102,26.6923340131813,58530.015
4.21089290109012,0.567417478791214,26.6929591120853,58532.921
4.21099636357318,0.568967780436855,26.6894465084098,58535.827
4.21087372629909,0.569085473147852,26.6831912303942,58538.749
4.21121460168311,0.567407863095978,26.6711190504287,58541.656
4.21113705191809,0.566379103970833,26.6741801341791,58544.577
4.21107344991599,0.5659619344238,26.6677792827896,58547.484
4.21147769528628,0.567043204196099,26.6573567092584,58550.39
4.21169031168158,0.56671155725862,26.6399511240143,58553.327
4.20965266936072,0.54454125191737,26.6360106676044,58556.249
4.20988806438392,0.545241657484265,26.6354772370913,58559.156
4.20970706737538,0.544643136003315,26.6189361250481,58562.062
4.20984171081747,0.546076605167316,26.6087628153806,58564.984
4.20988366020261,0.544519716850259,26.6001853591977,58567.89
4.20994125370723,0.545768343772132,26.5929043431955,58570.796
4.20999017229299,0.540108113422505,26.5840019607734,58573.702
4.20988185088786,0.544730721020109,26.5741641297083,58576.609
4.21025158134072,0.54428336355027,26.5744046784662,58579.531
4.21043687615448,0.543579473147842,26.5695748825732,58582.437
4.21036426916304,0.544667780512499,26.5696807477327,58585.343
4.21023767256125,0.542343261381407,26.5510282369233,58588.265
4.21091728071754,0.544660876509154,26.5570837860957,58591.171
4.2102703238034,0.544574147289512,26.5657679336234,58594.077
4.21039079205242,0.54290951168765,26.5468553155042,58596.999
4.21064438977119,0.542527597804747,26.54831851193,58599.906
4.21106629610414,0.54336513641857,26.5450189011493,58602.812
4.21119475119945,0.540973289586372,26.5469811274254,58605.718
4.21103538515734,0.543330020248839,26.5344550786697,58608.656
4.21143979371403,0.54273264385817,26.5335265449651,58611.593
4.2112822139772,0.542618981754696,26.5209449706319,58614.499
4.21147661155792,0.53920074658029,26.5133057952431,58617.406
4.2115512886629,0.540189366769286,26.5054834313081,58620.327
4.20944547792665,0.51757427559856,26.4945413107722,58623.234
4.20944137929484,0.516223333857449,26.4907018508655,58626.156
4.20945601267246,0.51577137750496,26.4976413536932,58629.062
4.20942793528594,0.513027289420927,26.4848382426468,58631.984
4.20964719891334,0.517283660496441,26.4827110369734,58634.89
4.20980979050013,0.515539786890194,26.4620579179731,58637.796
4.20987650248133,0.514388246626525,26.4465787407656,58640.718
4.20972850883376,0.51505849105971,26.4361326531584,58643.656
4.20991466147163,0.518631220961274,26.4350719369695,58646.562
4.20967093226038,0.516742769738522,26.4302265932636,58649.468
4.20986483895869,0.515325877845367,26.4281858896573,58652.374
4.21015669749416,0.517513218339733,26.414649125121,58655.296
4.21033362189797,0.515683228514651,26.4184854491304,58658.202
4.21031441022356,0.516744546812137,26.4116733270801,58661.109
4.21017890936761,0.514286322562388,26.4027918089091,58664.015
4.21031156272151,0.514517511970712,26.4033645446955,58666.937
4.21059725775344,0.516756209667531,26.3956592888645,58669.843
4.21066555396477,0.521616765595488,26.3768348237659,58672.749
4.21079677106566,0.521278925855794,26.3649445410422,58675.656
4.21106730502818,0.515013049283945,26.3530771809815,58678.577
4.21101551744157,0.51669467274639,26.3487277069068,58681.499
4.21098901210101,0.515383692694096,26.3424102988119,58684.406
4.21100936328996,0.514893529601838,26.3356258026822,58687.312
4.2112665571873,0.513988622700048,26.328589865165,58690.234
4.21156092880864,0.512471721008982,26.3210161701574,58693.14
4.21129692014603,0.512126180533827,26.3107268238272,58696.046
4.21136787866493,0.513944499532727,26.3100244031205,58698.952
4.21167314273841,0.513187978759261,26.3017013645568,58701.89
4.2117114283268,0.514359732444255,26.2880280289328,58704.796
4.21222961552824,0.518978911266129,26.2870073669429,58707.702
4.21211483790939,0.510279927960063,26.2910442413883,58710.624
4.21203236481528,0.512980956341949,26.2772451533546,58713.546
4.21209279713323,0.515533779050882,26.2623230153661,58716.452
4.21232789629698,0.511377113018817,26.2628641955879,58719.359
4.2122749670335,0.511447098868842,26.2715154184245,58722.265
4.21277100295867,0.509969078494634,26.285247690249,58725.187
4.21076257761801,0.487744307566058,26.2892011425147,58728.093
4.21078972921762,0.488541331031748,26.2928330646443,58730.999
4.21062981933479,0.488533272952394,26.2815770394173,58733.937
4.2107129247343,0.487938364115524,26.2731414828435,58736.843
4.21083701079341,0.488699846548749,26.2617125593082,58739.781
4.21112500925676,0.488356852378046,26.2462486765062,58742.687
4.21080882656243,0.490061955898809,26.2379247039109,58745.593
4.21100403765638,0.491506670586688,26.226137761243,58748.515
4.21104763458469,0.489319973888263,26.2103432703147,58751.421
4.21095439300754,0.489947825095395,26.2008930928613,58754.343
4.21096845070913,0.487886812040613,26.1953151612573,58757.249
4.21135534858373,0.488989955310234,26.1906783043572,58760.156
4.21141256777716,0.489509214664808,26.1981548610771,58763.077
4.2116203684764,0.490766023445024,26.2017909218205,58766.015
4.21144450432504,0.488066869341926,26.201372446144,58769.031
4.21148321427544,0.486373661954296,26.1956563977903,58771.952
4.21178051257561,0.488918281119947,26.2045048965922,58774.874
4.21173467371577,0.485560624569075,26.2021577813746,58777.796
4.21180473465366,0.487983149780753,26.1892389430838,58780.702
4.21172127671202,0.487315465435961,26.1696234265796,58783.624
4.21188559972108,0.489240276193843,26.1631963701541,58786.531
4.21242551743867,0.484335037085393,26.1529830922204,58789.452
4.21254009227968,0.483283217083921,26.1453826032788,58792.359
4.21237232270921,0.486880476759134,26.1540171491742,58795.296
4.2126792502857,0.48876858224331,26.1414439739934,58798.234
4.21069005834263,0.464936012213997,26.1415542824117,58801.234
4.21064253193133,0.462686796766636,26.1306491583529,58804.202
4.21051337844349,0.465167662473952,26.1183572222734,58807.218
4.21068720888809,0.460934903016594,26.1077965469287,58810.171
4.21060930639006,0.461590757737189,26.0940719952315,58813.077
4.21076179500453,0.462256391970132,26.1046499362648,58815.984
4.21079998637534,0.463399237546392,26.0966071246811,58818.906
4.21100599118925,0.464592137059386,26.098597328045,58821.812
4.21090858054479,0.464060539916035,26.0895802595903,58824.734
4.2109272030812,0.465015542369258,26.0891783347558,58827.64
4.21097081666783,0.46237776351778,26.0799102723699,58830.546
4.21101518672086,0.463068300535823,26.0755413419953,58833.452
4.2112138978576,0.465096009960368,26.0718232785316,58836.39
4.21114070407659,0.463261628503257,26.0719726335199,58839.312
4.21127816790986,0.462905640196279,26.0720367143933,58842.218
4.21116869154737,0.465290700957625,26.0680929289199,58845.14
4.21157203990606,0.461682254941374,26.0612173780615,58848.046
4.20953001876013,0.441295693539938,26.0540282466351,58850.952
4.20915150079417,0.44218011111474,26.0518168562049,58853.859
4.20934053272755,0.438064461853574,26.0368977080069,58856.781
4.20967495659082,0.438317183347128,26.0320267375008,58859.687
4.20955013412749,0.44311137939793,26.028518342134,58862.609
4.20960273326549,0.440621931951742,26.0209630694246,58865.515
4.20974607530727,0.439660443189086,26.018436494381,58868.452
4.20970795399716,0.440160393109935,26.0154033898728,58871.374
4.20947262146374,0.442953735671531,26.0119977981991,58874.281
4.20968771058878,0.440100640392767,26.0025516631574,58877.202
4.20988814456074,0.441231296790895,25.986393402931,58880.109
4.2100508268661,0.440421329349025,25.9737405127593,58883.015
4.21008116785725,0.441708810827055,25.9648069558931,58885.921
4.2098742984459,0.444683551114992,25.9623048315618,58888.843
4.20999122871109,0.437896764944968,25.9615409357049,58891.765
4.21008833882583,0.439297047866845,25.94694096992,58894.671
4.21001132782163,0.438410488612456,25.9405890824982,58897.577
4.20999370031514,0.43917612303314,25.9418686214432,58900.515
4.2102648145327,0.437788616966789,25.9301808485233,58903.437
4.21038617546268,0.433712618070384,25.9226101067402,58906.343
4.21035966666485,0.441979220258286,25.9155966091575,58909.249
4.21018766032843,0.439700025488944,25.9002572218398,58912.171
4.21047327078841,0.436978678485302,25.904115122601,58915.077
4.21057398482712,0.438128483050673,25.8982030200035,58917.984
4.21067644733971,0.437645241333333,25.8890501583897,58920.906
4.21097119401431,0.438971015741252,25.8773514550165,58923.812
4.21074028679495,0.432531508938122,25.8799403331166,58926.718
4.21090844447188,0.437151860086499,25.856626184837,58929.624
4.21093076658655,0.43555257495597,25.8507813090518,58932.577
4.21088851181346,0.438317817347204,25.8564636035685,58935.484
4.21117674163724,0.438364298440541,25.8540524166693,58938.406
4.21136329196111,0.438726974739278,25.8568558359193,58941.312
4.21119864070258,0.43725686935543,25.8462317232555,58944.234
4.21157483697357,0.433079094793733,25.8376120133297,58947.156
4.20931893986147,0.416586101151786,25.850328022068,58950.093
4.20919359727448,0.412531370688373,25.8560318075296,58953.015
4.20928277993362,0.414916263810184,25.86153941139,58955.921
4.20939614184568,0.412709712774148,25.8521312574136,58958.827
4.20946683917252,0.413235266533856,25.8392789338272,58961.734
4.20933773717411,0.41314361841187,25.8319810880435,58964.64
4.20932401718349,0.414228068071006,25.8189127031901,58967.562
4.20928939978407,0.410566448034612,25.8147022775881,58970.468
4.20951822215892,0.413753257654247,25.8205406628941,58973.374
4.20960477034411,0.4138884861194,25.8215112087055,58976.281
4.20978412244494,0.412170141780613,25.8147741890578,58979.202
4.20974066122824,0.41560209828655,25.8144975993579,58982.14
4.20974046047252,0.412745850619305,25.8131874582316,58985.046
4.2097352906422,0.413769940889358,25.8030435754445,58987.952
4.20996557997132,0.413364950715071,25.7989211569829,58990.874
4.2099528733346,0.414290756604958,25.7912803538788,58993.781
4.20987607233429,0.41325935637892,25.7795295377702,58996.687
4.21022638613658,0.409896680259041,25.7883163812328,58999.624
4.21000185281345,0.413409896262802,25.7744418831535,59002.546
4.21007267397153,0.409173982678057,25.7836678664739,59005.452
4.21031121067434,0.411225073006435,25.7808336544119,59008.374
4.21028278298648,0.410640181088494,25.7796818196103,59011.281
4.21039586926608,0.411216497750185,25.755093598132,59014.187
4.21050591823349,0.410249679865509,25.7723811460933,59017.093
4.21092524238676,0.411877467141428,25.7456862446187,59020.015
4.21085773353934,0.410728787922351,25.7475481016337,59022.921
4.21084660486284,0.411773780398145,25.7358602673646,59025.843
4.2105798781219,0.412942800681409,25.7267481179443,59028.749
4.21077018994397,0.411362944881885,25.720707255775,59031.702
4.21109645040995,0.411039916056666,25.7185332208469,59034.609
4.21093394223407,0.409423190526429,25.7086152463453,59037.515
4.21118555392752,0.409460152833574,25.6932797808802,59040.421
4.2110151661205,0.412207472163871,25.70361903183,59043.327
4.21132367450234,0.411930690215743,25.6956366397803,59046.249
4.21112839510647,0.41103086951963,25.6970320526124,59049.156
4.21129322677213,0.408855178932562,25.6837935870615,59052.062
4.21140172412035,0.407199732537435,25.6815712019903,59054.984
4.21188634242902,0.409000597117769,25.672141954833,59057.89
4.21176640000999,0.407040796747412,25.6622655909464,59060.796
4.21171733539687,0.410582987349604,25.6520258783588,59063.718
4.21197700699326,0.407229642810643,25.6520358921113,59066.64
4.21183251731761,0.408763071444718,25.6485752647949,59069.546
4.21197729817741,0.409561155669669,25.6593330402365,59072.484
4.21236424758059,0.407358691108951,25.6524730856709,59075.406
4.21220744957667,0.407862195512179,25.6493220585367,59078.312
4.21224819508287,0.407726479268765,25.642168922075,59081.234
4.21252910821908,0.407467745045828,25.6420467682454,59084.14
4.21231669253102,0.406174479958528,25.6265578449095,59087.046
4.2125022289968,0.404838626841549,25.6182028384563,59089.968
4.21267924411448,0.403928171943472,25.6051057917694,59092.874
4.21093060735993,0.386618032343394,25.5988272175878,59095.796
4.21094975208053,0.388274728077268,25.5967892224311,59098.702
4.21067180673004,0.385617111076937,25.5886493396966,59101.609
4.21060469064458,0.385712952789142,25.5811923675451,59104.546
4.21082709273282,0.384046210317659,25.5786701022211,59107.468
4.21053531458848,0.385310480844631,25.5692498484875,59110.374
4.21082784882571,0.384452111257844,25.5623765968978,59113.281
4.21098929363323,0.382275123295377,25.5706062954401,59116.187
4.21082995857962,0.385078177870112,25.5681743513592,59119.093
4.21087850563287,0.384373473530475,25.5659271622129,59122.015
4.21080779681273,0.380311343017881,25.5670135318405,59124.921
4.21100275690622,0.383174160459285,25.5629206068085,59127.827
4.21106960883317,0.382937959951025,25.5516481045356,59130.765
4.21125819339207,0.386187054265395,25.5473092414384,59133.671
4.21114487379868,0.38394423028013,25.5397818571972,59136.577
4.21128384030943,0.382458909660119,25.5373787027798,59139.484
4.21158657373461,0.387021497256846,25.5382735277648,59142.39
4.21139628804204,0.384793549707182,25.544192182836,59145.296
4.21143649041997,0.385698154658059,25.5301804192852,59148.202
4.21161199098103,0.382526767428711,25.5220210780401,59151.124
4.21166084282431,0.382247442699343,25.51527672514,59154.031
4.21169997100889,0.384968773199188,25.5117131935501,59156.937
4.21165639918068,0.38528883107574,25.4991266719664,59159.843
4.21160251879438,0.382262976860346,25.4986067569912,59162.781
4.21190346464901,0.382686626524714,25.4915147292715,59165.702
4.21203955602214,0.382817479443144,25.4877291301233,59168.609
4.21223568782157,0.381791949674862,25.4879476864264,59171.515
4.2122836180324,0.386921860664485,25.4805673296341,59174.437
4.21199123686626,0.384951631723866,25.4794709356689,59177.343
4.21229519208395,0.384190783388934,25.4722483704545,59180.249
4.21240058954952,0.380400989355449,25.4696520161817,59183.156
4.21240904166351,0.381356869168587,25.467871617231,59186.077
4.21257101727574,0.380487878637624,25.4593446487922,59188.984
4.21051816830994,0.360689867848469,25.4511506791626,59191.89
4.21032808489232,0.360748086214872,25.4586773814019,59194.827
4.21045831731594,0.358716518012827,25.4602384071565,59197.734
4.21059685939998,0.359490949969983,25.4536207630275,59200.64
4.210463402118,0.358105630443234,25.450458913038,59203.546
4.21029993022768,0.359556580042284,25.4458315795379,59206.468
4.21059757752792,0.358069054123106,25.4454852256467,59209.374
4.21054058955517,0.357619982344722,25.4391134898726,59212.296
4.21067196350862,0.355233451582883,25.4448567401804,59215.202
4.21056233205416,0.358576547552112,25.4330039822229,59218.109
4.2107827640218,0.360116091679335,25.42571132567,59221.031
4.21092747253715,0.355726108258898,25.4126396883947,59223.937
4.21089161374512,0.357447047094323,25.4080327351305,59226.874
4.21103404377346,0.360898351380713,25.4162386380334,59229.796
4.21093816497098,0.360971550335272,25.4165858749684,59232.702
4.21077869097227,0.361377964515404,25.4188297556873,59235.609
4.2111067065755,0.360360432344586,25.4053775570369,59238.515
4.2111968234572,0.362341601633469,25.3838364581346,59241.421
4.21122096516596,0.358480902224019,25.3803065474598,59244.327
4.21097875397115,0.359118505559911,25.3828035762784,59247.249
4.21123646992799,0.360341714832328,25.382918240732,59250.156
4.21099000702304,0.357659654741832,25.375599874974,59253.062
4.21117385108065,0.35704438178909,25.3696293523949,59255.984
4.21138152972421,0.358696957464671,25.3646715061738,59258.89
4.21129516733255,0.35900605072112,25.3690193242224,59261.796
4.21158919828628,0.356891660731105,25.3707021997663,59264.734
4.21161189525354,0.357647125500062,25.3543193711867,59267.64
4.21124336473817,0.361057656041712,25.3555582662913,59270.546
4.21154488452282,0.35537304608532,25.3483659156487,59273.452
4.21165527812194,0.355418702891093,25.3443678455217,59276.374
4.2119091061846,0.353758636451785,25.3350849938147,59279.312
4.21194564075811,0.355979044978944,25.3267574923695,59282.249
4.21183904320942,0.359875119777316,25.3207422761422,59285.187
4.21205704517133,0.353206138209239,25.3254620926041,59288.156
4.21212291110985,0.356487807542501,25.3211783134375,59291.093
4.21228249642712,0.356999778804247,25.3233242819161,59294.015
4.21188095385196,0.357956236375185,25.3226067641745,59296.921
4.2126468021419,0.354979869674579,25.3128631855557,59299.827
4.2100623857956,0.334438819606552,25.3075315612908,59302.734
4.21022404558492,0.335080812138313,25.3048076028182,59305.656
4.20998304759545,0.33340101591791,25.3052973906074,59308.562
4.21051922127346,0.334312328398734,25.3100725691402,59311.468
4.21056457730268,0.330980001701766,25.3057805266859,59314.374
4.21021177346884,0.334914397017581,25.3035378635067,59317.281
4.21020747087844,0.335598860873786,25.2894914004652,59320.187
4.21022979915684,0.334645830769941,25.287047177576,59323.109
4.21048750657319,0.331814808747965,25.2751114955754,59326.015
4.21035951741431,0.332179252490894,25.2678742638369,59328.921
4.21034806324802,0.335925209617174,25.2656182183359,59331.827
4.21047153608456,0.333053022204603,25.2735502684991,59334.734
4.21041404764321,0.335497579434833,25.2682828018811,59337.64
4.2107966348252,0.329504055944959,25.270151442725,59340.546
4.21049046581086,0.336017478429428,25.2658115899758,59343.452
4.21061412040288,0.33640679607302,25.2669038752398,59346.359
4.21062723714874,0.333884344753816,25.2611425150603,59349.265
4.21078506175057,0.336653409448846,25.2629686726697,59352.171
4.21069803657138,0.333219675139286,25.2726456271569,59355.109
4.21051772546282,0.33277088527247,25.2497938607724,59358.015
4.21076255871677,0.331941202646367,25.2485923407102,59360.921
4.21123140194516,0.332773344762526,25.2400097965103,59363.843
4.21109174928553,0.335275457125145,25.2446214878148,59366.749
4.21125187427508,0.329736371742335,25.2538652424522,59369.656
4.21103461335961,0.332139842312266,25.2481731752553,59372.562
4.21108693800668,0.33367003419638,25.2415045614238,59375.468
4.21108830824275,0.332680531337535,25.2253277207313,59378.374
4.21112282835893,0.334015916022894,25.2143855475308,59381.281
4.21129154962142,0.326373408848057,25.2109365694861,59384.187
4.21157311017896,0.329324180508629,25.2139589906455,59387.124
4.21112887649333,0.332829057147644,25.2107398750839,59390.062
4.21135474681914,0.329175859195881,25.2097165978384,59392.968
4.21115049735158,0.334419212532813,25.2092086391671,59395.906
4.211799412517,0.329165281123099,25.2057763498167,59398.812
4.2116394211782,0.333451787426297,25.2104203237003,59401.718
4.21162003634388,0.329749369888593,25.2024379465185,59404.624
4.21195544360514,0.329554908098409,25.2003222128376,59407.531
4.21171940213838,0.33191569567699,25.2034939675677,59410.437
4.21197259913036,0.327712145255601,25.1955475434931,59413.343
4.21194914645471,0.330307895882811,25.1979807072812,59416.249
4.21183399134073,0.331352671826362,25.1906369659322,59419.156
4.21205939452947,0.331868804840559,25.1888583675015,59422.062
4.21228323531814,0.330563616562043,25.1825984840856,59424.968
4.21189301593937,0.333318975105778,25.1660321258902,59427.906
4.21225394081776,0.330641688443476,25.1579944100974,59430.812
4.21189502878952,0.33135497626092,25.148469041167,59433.718
4.21220208675918,0.331307869634734,25.1594825767801,59436.624
4.21239811162369,0.330516824328882,25.1593871201768,59439.531
4.21282960405135,0.328765424195241,25.1604345431103,59442.437
4.2123229938954,0.329029897314448,25.1527720365081,59445.359
4.21262911505464,0.326413021170232,25.1404461854406,59448.265
4.21256261401096,0.332298858713087,25.1430035642374,59451.171
4.21277977230402,0.326404168961609,25.1340635668419,59454.077
4.21290495668179,0.326327631274155,25.1292519382992,59456.984
4.21305027776267,0.328381292579382,25.1278307051062,59459.89
4.21282708320044,0.333202300143102,25.1191697989902,59462.812
4.21307530545189,0.330244756591666,25.1115549563044,59465.734
4.21315972580701,0.332178073791815,25.0962097446367,59468.64
4.21343514477342,0.326067569040024,25.0805462535282,59471.546
4.21311954560363,0.332289641986056,25.0795998602371,59474.452
4.2137802336606,0.330003747859465,25.0892362669621,59477.359
4.21119204124126,0.305753270729328,25.0929382777884,59480.265
4.21139276726387,0.304735811151413,25.0928984641626,59483.187
4.21130466692791,0.30945474913037,25.1016288184907,59486.093
4.21114142998991,0.307917041615796,25.0831713694576,59489.218
4.21108757146232,0.306749759072254,25.091198870877,59492.156
4.21143587743569,0.305714523517036,25.0826831167982,59495.077
4.21149392433375,0.303723921575364,25.0747176649228,59497.984
4.21120222321723,0.307384839415704,25.0732571696662,59500.906
4.21135313783642,0.30431988004052,25.0716613271216,59503.812
4.21082824739153,0.307154262111766,25.0668567558413,59506.718
4.21120039444898,0.30727771885052,25.0642128414616,59509.624
4.21158415679559,0.303881134808352,25.0514818424285,59512.531
4.21154682678014,0.306227868466433,25.05010166004,59515.437
4.2114754092465,0.306403870591106,25.0487090436888,59518.359
4.21171460021853,0.303547913720941,25.0458102502283,59521.265
4.21154485027909,0.307874732699498,25.0425423232616,59524.171
4.21147420831957,0.306118161623582,25.0357472605251,59527.093
4.2116727879184,0.3086167427633,25.0372202401356,59529.999
4.21169103914254,0.303239410453111,25.0359291459071,59532.906
4.21179140208616,0.306750817361372,25.0319749642111,59535.827
4.21173495843249,0.304536724031667,25.0219352475386,59538.734
4.21178240311172,0.305840016902187,25.0311277830168,59541.64
4.2119108813606,0.306669342729774,25.0251844010837,59544.546
4.21233447976209,0.301520760991657,25.0141383914962,59547.452
4.21237337781014,0.303589799849365,25.0115171759624,59550.359
4.21191347979524,0.306786567860405,25.0096743190884,59553.265
4.21208659218168,0.308223142704185,25.0161736633896,59556.171
4.21213535682809,0.303717366590672,25.0160592580624,59559.124
4.21227180763384,0.303759022351822,25.0120407361199,59562.046
4.21229780583017,0.304871863829487,25.0200279309597,59564.968
4.21248600122892,0.302512661597792,25.0086757989845,59567.874
4.21215654305038,0.304198514739089,25.0068008266141,59570.781
4.21265415569589,0.302884106750865,24.9952073684849,59573.687
4.21083690605998,0.277211631158532,24.9844992352679,59576.609
4.21080127953038,0.281175347354103,24.9768486351175,59579.515
4.21019847242623,0.281979237589314,24.9650877799682,59582.421
4.2106345434773,0.280208317333916,24.9628469444908,59585.327
4.21011761771457,0.286410244031029,24.9514191976591,59588.234
4.21020870972541,0.284698519425206,24.9580315233553,59591.156
4.21032762841467,0.281686080476795,24.9565675702064,59594.093
4.21043803105241,0.285047604870461,24.9637894313903,59596.999
4.21035924592348,0.284462921339586,24.9579649207887,59599.906
4.2103651268824,0.282378255898145,24.9539780631512,59602.812
4.2103436827193,0.282441443469675,24.9553698011665,59605.734
4.21066099013611,0.277073767578587,24.950342239482,59608.64
4.21041721443082,0.276332783097733,24.9598415816467,59611.546
4.21058592200002,0.280623743912504,24.9569961903997,59614.452
4.21022871488203,0.286262624341148,24.9494984649637,59617.374
4.210874991179,0.277952459513371,24.9477606777981,59620.281
4.21033692392364,0.277219723424102,24.9380407430264,59623.187
4.21065388940944,0.281642595107675,24.9309070735643,59626.093
4.21058573460772,0.279614500036075,24.9341557349934,59629.015
4.21073121195992,0.283615954249748,24.935841303729,59631.937
4.21047540587335,0.281381044923087,24.9310871258828,59634.843
4.21065045052655,0.282534063281282,24.925111094202,59637.749
4.21077213758446,0.28012631941976,24.932315142314,59640.671
4.21083473925931,0.283477716633322,24.930741435621,59643.577
4.21080061272822,0.282513867260576,24.9186164446729,59646.484
4.21078150756821,0.280557259159861,24.9185554259796,59649.39
4.21066096209051,0.281048471017439,24.9064751037487,59652.312
4.21115050374114,0.281410731881949,24.8978128235575,59655.218
4.21082108059304,0.282242214744825,24.9063134811393,59658.124
4.2113106849421,0.281620340413878,24.9001190443603,59661.046
4.21108922776542,0.27959590937288,24.8951735593123,59663.952
4.21120108366326,0.282990251577378,24.8902112621998,59666.859
4.21101799370071,0.279470666297684,24.8818176345592,59669.765
4.21101503871955,0.279740407223251,24.8816953861363,59672.687
4.21100631343218,0.281128172634697,24.8818346246293,59675.593
4.21140476430982,0.276552177984164,24.878781140614,59678.499
4.21137821023267,0.278627110587518,24.8696575604676,59681.406
4.21153190013955,0.28106476978487,24.8593585925934,59684.312
4.21134531464417,0.27857591988849,24.8617558119928,59687.218
4.21166226262691,0.275524866502565,24.8650147059289,59690.14
4.21144010419976,0.280179828590433,24.8735798190688,59693.046
4.21149198738935,0.280392740943844,24.8716829291929,59695.952
4.21127222190553,0.281823436096602,24.8683985477064,59698.874
4.21157915093235,0.276542630374756,24.864169102608,59701.781
4.21184294554973,0.273084486930956,24.8609024151237,59704.687
4.21157336951828,0.276789051636162,24.8597181673241,59707.593
4.21160698629396,0.283048443678928,24.8601899483915,59710.499
4.21187337254145,0.282440653585752,24.8508402580339,59713.406
4.21183925978126,0.279301800414339,24.8379651621857,59716.327
4.21202224184605,0.275338819305366,24.8281377909409,59719.234
4.21203393793873,0.280069123597902,24.8255714015895,59722.14
4.21247650642356,0.274387299275839,24.8319194977479,59725.062
4.21224339199769,0.280317478613951,24.8217842279848,59727.968
4.21219923877464,0.28225078887826,24.8252951488922,59730.874
4.21267312624877,0.271986574790428,24.823478573386,59733.781
4.21051073108453,0.255675597575489,24.8191812940028,59736.718
4.20968527371457,0.26025233792757,24.8208534616635,59739.624
4.2102714732781,0.258865390178859,24.8232465025042,59742.546
4.21022492790048,0.256512805477553,24.8233848330529,59745.452
4.21041738583748,0.252037302887787,24.8138362336636,59748.359
4.21028226993233,0.256301860645682,24.809784255619,59751.265
4.21019055942304,0.258490357054057,24.7973354247217,59754.187
4.20993124074369,0.257627425289569,24.7993435373662,59757.093
4.21021008047004,0.259203001792818,24.7916894366123,59759.999
4.20990251728401,0.260820764947985,24.7770353964934,59762.906
4.21026305217992,0.257589616750332,24.772951523784,59765.812
4.21002676753266,0.254872311375105,24.7764702234248,59768.749
4.21017009844858,0.256196467049242,24.7796453670406,59771.656
4.21023864067028,0.257889699724672,24.7793753367925,59774.577
4.21022732237796,0.257524832793404,24.7732074521876,59777.484
4.21027385123355,0.259041859602697,24.7650386968123,59780.39
4.21031730408494,0.252954942366878,24.7769748044344,59783.296
4.21029770283425,0.256466612698912,24.7738662629448,59786.218
4.21017335633338,0.252440062443935,24.7688518913819,59789.124
4.21074313433146,0.254924270873313,24.7675221934329,59792.031
4.21011471728565,0.26009539664228,24.7687810145873,59794.937
4.21035368827453,0.260020805077342,24.7608804107349,59797.843
4.21052801477843,0.252512058483045,24.7567027373841,59800.765
4.21039768836017,0.255479199301192,24.7594458664721,59803.671
4.21080113996416,0.256412299113261,24.7579094639898,59806.609
4.21047107524318,0.258618156840451,24.7548101355208,59809.515
4.21078833584221,0.251473259799348,24.748212825887,59812.421
4.21078874116678,0.254659085960726,24.7552357038982,59815.343
4.21062676990228,0.250954073165924,24.75832036307,59818.249
4.21087196260328,0.252172904293747,24.7549695919498,59821.156
4.21065693984235,0.259469182557308,24.7543044945452,59824.062
4.21052500844359,0.254227967841271,24.740745243425,59826.968
4.21094608281928,0.253882629728897,24.7546734882314,59829.906
4.21073765942848,0.255682928770892,24.7436072032644,59832.812
4.21068245316668,0.255875290870904,24.7401869662472,59835.734
4.21124844277995,0.256444472880679,24.724964478651,59838.64
4.21106272980407,0.256035414832245,24.7291020603811,59841.546
4.21112757544769,0.253826397929276,24.7240347601419,59844.452
4.2110715082439,0.25510181000452,24.7194537461859,59847.359
4.21151708857078,0.255069905949688,24.7169208160754,59850.265
4.21103216577347,0.252352792115131,24.7163043440632,59853.187
4.21115914254918,0.253207965735956,24.7135417781384,59856.093
4.2112129244899,0.25537384577902,24.7159987132514,59858.999
4.21121955984493,0.254296916297766,24.7195108226123,59861.937
4.21132726351969,0.253253601279042,24.7102668668034,59864.843
4.21136763773997,0.252510253445692,24.7001496827429,59867.749
4.2113145481125,0.25235020874783,24.7201516736938,59870.656
4.21164185047497,0.250407486376036,24.7143841115918,59873.562
4.21154897083855,0.250118859764013,24.6954762038816,59876.468
4.21147151262993,0.253220471829028,24.6857032048839,59879.374
4.21165086327068,0.2521660911711,24.6719625260687,59882.281
4.21169527623957,0.252756912254233,24.6740694723005,59885.202
4.21186958951448,0.24877537645804,24.6726684612477,59888.109
4.21183606579877,0.251951685627232,24.6840041921505,59891.015
4.21187622802876,0.249217620516434,24.6946318050196,59893.921
4.21196683578442,0.252112363497061,24.6969400047538,59896.843
4.2121462464938,0.2507368225298,24.6930820989417,59899.749
4.21201477825724,0.250629335724675,24.684125909148,59902.656
4.21216881018029,0.251518019278449,24.6906926915506,59905.562
4.21202139167004,0.254732996924019,24.6884977928808,59908.468
4.21178092356364,0.24961835559374,24.6756500107099,59911.374
4.21223055651494,0.253833573810194,24.6712547886034,59914.281
4.21181706581181,0.253590528942049,24.6794759159432,59917.202
4.21244260475394,0.249645011141666,24.6768769839758,59920.109
4.21241883797018,0.248741326038856,24.6692306581445,59923.015
4.21266463580066,0.250348215841713,24.6624747499049,59925.921
4.21235173169608,0.251271123296227,24.6425879823403,59928.843
4.21254234952623,0.249950867108586,24.6337160225119,59931.749
4.21249980585752,0.252092447396085,24.6351105328831,59934.656
4.21243701920852,0.252684228422388,24.6343382544839,59937.562
4.21269348073053,0.251485372263196,24.6280663107917,59940.484
4.21265286318019,0.251342757658235,24.6373010709073,59943.39
4.21271131554457,0.251570407959232,24.6371708746233,59946.296
4.21276389544756,0.250811287720917,24.6321541156912,59949.202
4.21333769972399,0.248844387378539,24.6385591188,59952.109
4.2128450227577,0.252177160359126,24.6362679106174,59955.031
4.21311574110366,0.250161665626681,24.6227730554859,59957.937
4.21299011525936,0.25218816195044,24.6231328135485,59960.859
4.21310059822865,0.249021178989118,24.6161000396764,59963.765
4.21343211849001,0.247905275942317,24.610701989249,59966.671
4.21329557656416,0.248989084580553,24.6082922965677,59969.577
4.21345532803099,0.249806223521969,24.6120162441006,59972.515
4.21310688539294,0.250198242801266,24.6157453875709,59975.484
4.21329568033304,0.251276077063409,24.6050986345913,59978.421
4.21331947284772,0.254080164687924,24.6029894622143,59981.374
4.21325019826594,0.251323449228386,24.6008267938017,59984.343
4.21338826865933,0.24698523887515,24.6005557699677,59987.281
4.21363214838737,0.248911784288068,24.5925016760906,59990.187
4.21166189502517,0.224602224166772,24.5970976462552,59993.093
4.21139474259223,0.230898475236532,24.5965864877388,59996.015
4.21173806065911,0.22728720733812,24.6081091180672,59998.921
4.21167532818797,0.224493800951326,24.5988460439285,60001.827
4.21109906665944,0.231622480521436,24.5971698980417,60004.734
4.21116058273181,0.226862144069877,24.5893540864367,60007.64
4.21127675587053,0.228371181135248,24.5882453020505,60010.546
4.21152524673456,0.226854421701002,24.5877874241735,60013.452
4.21141659795274,0.227430257461084,24.5789689163866,60016.374
4.21161185991903,0.23074701415499,24.5833901035081,60019.281
4.21135305310939,0.230920586871037,24.5742453258293,60022.187
4.21114651243057,0.232686249354275,24.5627020271566,60025.093
4.21162650225511,0.228494596091725,24.5645511575211,60027.999
4.2113014252229,0.230626087322686,24.56327934178,60030.906
4.21110003399659,0.232977751667363,24.5626710138486,60033.812
4.21141538881979,0.226749034872772,24.552023437606,60036.718
4.21163916621324,0.224682141831878,24.5503977093103,60039.624
4.21170066938799,0.220479473419877,24.5497244911854,60042.531
4.21179587546512,0.225465248129269,24.5459639400958,60045.437
4.21169834293054,0.231251853133669,24.5445038864915,60048.359
4.21188943135498,0.226508062309679,24.5426877393432,60051.265
4.21198461340675,0.224269802623334,24.529581982652,60054.171
4.21159242803986,0.226868477598864,24.5359685956278,60057.077
4.21146752305345,0.232704716022759,24.5424719919564,60059.984
4.21195301368972,0.222382839542012,24.5387450741951,60062.89
4.21183961038334,0.226358490809608,24.5364192633245,60065.796
4.21213338407461,0.222771868931939,24.5380827325544,60068.702
4.21189621064249,0.224688967912726,24.5419805717192,60071.64
4.21177570165238,0.2286958692255,24.537316650279,60074.546
4.21228933369334,0.225697957466679,24.5295595205383,60077.452
4.21199573939156,0.226006873923912,24.5221972145325,60080.39
4.21189006987935,0.227717755121232,24.5226504774416,60083.296
4.21225789459924,0.226916665102039,24.5159798265821,60086.218
4.21167419762471,0.229040792463532,24.5104585110839,60089.124
4.21210626745904,0.227985309634929,24.5117484576621,60092.031
4.21235346984223,0.227069030884869,24.5220324800526,60094.937
4.21193766797626,0.226090771842701,24.5090883721943,60097.843
4.21234486726563,0.226757569535414,24.5032254539323,60100.749
4.2120690986142,0.226651946571324,24.4982627499698,60103.656
4.21230169067107,0.225069007346173,24.493506048976,60106.562
4.2124954795711,0.227839139537857,24.4932116315103,60109.484
4.21241816185758,0.228463858510602,24.4997268588165,60112.406
4.21244613625216,0.220630298636042,24.4872181557239,60115.327
4.21244874218437,0.226615502692951,24.4860449442078,60118.234
4.21261879330959,0.22311015555569,24.4977641520018,60121.14
4.21248964098048,0.226919320683734,24.5020878328879,60124.046
4.21247633417918,0.225517046220992,24.4941931438109,60126.952
4.21277172682324,0.222693784957056,24.4789857319086,60129.859
4.2128199911958,0.222987597588179,24.4845292497518,60132.765
4.2127668150657,0.224154181684679,24.4861679999404,60135.671
4.21263108304418,0.223316308777202,24.4821034941711,60138.593
4.2130346399113,0.222282933472578,24.4716174696987,60141.499
4.2126373681491,0.228206504331473,24.4695501153491,60144.406
4.21327054364849,0.221039252634907,24.4655207923978,60147.312
4.21293118219657,0.226203437207774,24.4656713741902,60150.218
4.21325312094084,0.226101074382545,24.4644857404547,60153.124
4.21303258341648,0.228504172733355,24.4629545229398,60156.046
4.21307908307995,0.225676109824362,24.465053541635,60158.952
4.21325552953836,0.220196181846817,24.453944755648,60161.859
4.21301239856361,0.226706004139395,24.4510958904575,60164.765
4.21334210685822,0.220624122941641,24.4411589736568,60167.671
4.2131865940541,0.227460713605544,24.4442037274489,60170.577
4.21333004652463,0.219966111491483,24.457660575005,60173.499
4.21342301672501,0.22011995327936,24.4545473026641,60176.406
4.21324168082949,0.221178611829904,24.4539833978767,60179.312
4.21342897388535,0.222525783268111,24.4537248805831,60182.234
4.21319678159077,0.224771297282188,24.4486605693573,60185.14
4.21356266377617,0.225302279157405,24.4496257983855,60188.046
4.2113780159439,0.200938662842996,24.4380339820086,60190.952
4.2116276107577,0.201203856677537,24.4449053179771,60193.859
4.21142459992326,0.199518161277126,24.4334953714046,60196.765
4.21120250789629,0.202412776775878,24.4362234494159,60199.671
4.21130422648906,0.20237893711365,24.4389100043419,60202.577
4.21117893939541,0.202949047864068,24.4274743554743,60205.499
4.21129245170553,0.201770438757156,24.4240796240658,60208.406
4.21136826573762,0.198602249186595,24.416465149247,60211.327
4.21093650091776,0.202157501872741,24.4116205618822,60214.234
4.21128815842122,0.199944477021363,24.4048271930739,60217.14
4.21126833145522,0.202167164127845,24.4062204242818,60220.046
4.21140421013101,0.197998655441929,24.417334790881,60222.952
4.21115106945113,0.20364607888456,24.4145755405336,60225.859
4.21093212358414,0.20363167511247,24.4139686729586,60228.781
4.21123425007216,0.200918481750748,24.4059619458838,60231.687
4.21137910822826,0.198460377568787,24.4080944854427,60234.593
4.21121710283944,0.202135870561711,24.4056186434913,60237.499
4.21143544092719,0.202954220946514,24.3987858070542,60240.406
4.21133383586738,0.203584543614077,24.4017212258133,60243.327
4.21140279185377,0.200457994373774,24.4010945488303,60246.234
4.21155108744095,0.203384920472376,24.3959651164798,60249.14
4.21145012249941,0.202352374491077,24.4013357595214,60252.046
4.21139848390651,0.202066176462438,24.4085303068515,60254.968
4.21125565378837,0.201485777063515,24.4041587853387,60257.874
4.21130351642631,0.200991259267555,24.4001733400764,60260.781
4.21105501018076,0.202512869438929,24.4000612076361,60263.687
4.2112395268054,0.202657484367617,24.3899134173093,60266.593
4.21140201934928,0.197705871133619,24.3873489572896,60269.515
4.21153095193419,0.204575990304807,24.3844212011011,60272.421
4.21150761038907,0.200282840130805,24.3785912541785,60275.327
4.21149950069855,0.201989411526248,24.3671242265544,60278.249
4.21142556699399,0.200618519995208,24.3613270558817,60281.156
4.21141429809754,0.201546265399697,24.3538703084928,60284.062
4.21169765091699,0.200833040260975,24.3567732352748,60286.968
4.21158475384865,0.200996549279503,24.3622569724472,60289.874
4.21172824520439,0.202858036022476,24.3689339255953,60292.796
4.21166407457167,0.202240049354151,24.3696943030474,60295.702
4.21191996034946,0.197673015847357,24.3642615403284,60298.609
4.21160677690856,0.197818210748494,24.3672600029484,60301.515
4.21195911280543,0.197462149264779,24.366165052545,60304.421
4.21155179601503,0.202021959505644,24.3703626486283,60307.343
4.21162366233639,0.2009487853298,24.3578602659165,60310.249
4.21183210995176,0.200559224172093,24.3536871351339,60313.156
4.21188699908729,0.198914664750515,24.3493951262943,60316.062
4.21189636361434,0.200439590948842,24.3395288942943,60318.984
4.21172063052416,0.200894616377375,24.3350281074574,60321.89
4.21196650645283,0.199908105601851,24.3416351718667,60324.796
4.21168027145467,0.199895044594991,24.3375006577115,60327.702
4.21225932927228,0.198127047316725,24.3471993304801,60330.609
4.21226390172355,0.196360990838109,24.3487836698693,60333.531
4.21192875894937,0.199579668766519,24.348540889916,60336.437
4.21207272879123,0.200520570241001,24.3449139545784,60339.343
4.21225412965054,0.198972506331978,24.3475917830681,60342.281
4.21221416260803,0.199355545052461,24.343341172449,60345.202
4.21222523368323,0.19582381514821,24.3419288645136,60348.109
4.21239445216286,0.201397521342203,24.3367688524029,60351.015
4.21214303335465,0.201089128048703,24.3351645587288,60353.921
4.21220611589857,0.201212209002597,24.3359868193138,60356.843
4.21260770820835,0.198228668883909,24.3344602965834,60359.749
4.21226786945501,0.19847734203771,24.3236030350977,60362.656
4.21235467299528,0.197034749840645,24.3171203190476,60365.562
4.2123231769516,0.201615247654128,24.3280061553391,60368.484
4.21251165054373,0.197609992621273,24.3322028337498,60371.39
4.21270399305318,0.194544560135332,24.3208501110827,60374.327
4.21234546913801,0.197223513930544,24.3230315551066,60377.234
4.21268432697814,0.197714409748979,24.3276524745472,60380.14
4.21296514078118,0.196338387267678,24.3233442388186,60383.046
4.2127116092921,0.198915294360079,24.3179985682574,60385.968
4.21295852817306,0.197675303367186,24.3255786980155,60388.874
4.21284655526783,0.197994575771614,24.3232630031959,60391.781
4.21284190652567,0.19598261168293,24.3138720403166,60394.687
4.2129074175304,0.193915096136304,24.3159631166438,60397.609
4.21302764671683,0.19740468742485,24.311941644675,60400.515
4.21317874681172,0.198050065642633,24.3023137070371,60403.421
4.21279119437643,0.196854713508584,24.3090396191732,60406.327
4.21283021371741,0.199581769692295,24.3142715458868,60409.249
4.21304280749932,0.200349635883411,24.3128353834369,60412.156
4.21300019654556,0.199198110658161,24.3102352228353,60415.062
4.21309025145509,0.19708519619682,24.3055975589958,60417.968
4.21313837994188,0.198355676456596,24.2994791638643,60420.874
4.21323269003108,0.194102457020814,24.2948834129094,60423.781
4.21328188003156,0.194076362381538,24.2886361459261,60426.702
4.21298321334577,0.195535939758593,24.2970583881467,60429.609
4.21321060271908,0.194925146487244,24.3028329031211,60432.515
4.21332479706994,0.198572879485166,24.2884595924345,60435.421
4.21344297684747,0.197588365398413,24.2808041806709,60438.327
4.21355360966348,0.195047545616245,24.2787051159985,60441.249
4.21133715392665,0.173975467285779,24.2707062943053,60444.156
4.21139656624518,0.17669015818943,24.2739953341559,60447.077
4.2113903081422,0.175315142793236,24.2744538917242,60449.984
4.2112083737238,0.177359708179608,24.2704660064532,60452.89
4.21118487117143,0.176090531879976,24.2634681750572,60455.796
4.21119913664965,0.175924234799674,24.2621371521734,60458.702
4.21123552154239,0.17289167933641,24.2594672866711,60461.624
4.21109968023979,0.178878269516063,24.2587384620026,60464.531
4.21112994325713,0.173243604177175,24.2496921813229,60467.437
4.21139070345174,0.175424229267524,24.2434978257292,60470.343
4.21145656258716,0.1690341237377,24.2564698638926,60473.265
4.21113421301067,0.173164120625844,24.2597232647183,60476.171
4.21111678205249,0.180026729248015,24.2516399181619,60479.109
4.21121287969685,0.173991972446485,24.2561121195127,60482.015
4.21138738652163,0.174740700484157,24.2501884233655,60484.937
4.21123805213904,0.178001104261374,24.2498788045326,60487.843
4.21133516916966,0.177419254091227,24.2452478711107,60490.749
4.21133086936974,0.178027945010997,24.2437685349679,60493.656
4.21099988645342,0.174228392673216,24.2369311106851,60496.562
4.21125169762437,0.17306401578386,24.2286533031706,60499.484
4.21111496619448,0.176852533565417,24.2301089709995,60502.39
4.21144352359423,0.172251834705487,24.2218391459301,60505.296
4.21098615631823,0.176242399031789,24.2185155705153,60508.202
4.21161040812824,0.172781037035125,24.2179243145292,60511.14
4.21129307890399,0.17500666269837,24.2261763957173,60514.046
4.21130883442142,0.172373790842999,24.2285931039409,60516.968
4.21120524769546,0.176357328628016,24.2201031851567,60519.874
4.21120170036782,0.175435464451757,24.2227985252713,60522.781
4.21124617804369,0.174221643052649,24.2190435668545,60525.687
4.21151195906992,0.177973878310164,24.2231858678467,60528.609
4.21145654335781,0.168202753512298,24.2247593732802,60531.515
4.21172740400969,0.166936485898732,24.2192880869236,60534.421
4.21155187082862,0.173298140592005,24.2281204118319,60537.327
4.21146966204734,0.17407393054499,24.229958571407,60540.234
4.21173107182156,0.176850524475307,24.2272268032776,60543.156
4.21162606575816,0.173624617739643,24.2239629412312,60546.077
4.21160240920594,0.173321448239094,24.2124255430718,60548.984
4.21108933109516,0.174631492190301,24.2069099859779,60551.89
4.21164464392471,0.171620119837328,24.2159530410571,60554.796
4.21200590492819,0.174877439245859,24.2233480424803,60557.718
4.2117163349522,0.174283658001958,24.2224907031036,60560.624
4.21170998031324,0.172247095260263,24.2212976687824,60563.531
4.21179852703054,0.173358781716047,24.2000630951774,60566.452
4.21154167478524,0.17392039252294,24.2060815904949,60569.359
4.21183196852502,0.172352528911441,24.2101399965469,60572.265
4.21139772307744,0.175224537061929,24.2053960145276,60575.171
4.21153224910852,0.176976659651158,24.2075315750771,60578.093
4.21187380914847,0.17501665798406,24.2052660226606,60580.999
4.21198401590574,0.1797606908268,24.2012685768682,60583.921
4.21193460125936,0.176027650627849,24.1937742522267,60586.827
4.21165218445481,0.174640052665557,24.1985443553178,60589.734
4.21216082182776,0.179414330238991,24.1894320108443,60592.64
4.21167891469267,0.177534107756636,24.2004820296262,60595.546
4.21164386289411,0.170401979524353,24.1886046553219,60598.452
4.21205540315852,0.176268577002366,24.187817506575,60601.359
4.21226516444722,0.173443722416554,24.1889685355574,60604.265
4.21178352204807,0.172254614443826,24.1885414744684,60607.202
4.2123065692485,0.172025388713409,24.1917164483703,60610.109
4.21229186183409,0.175078425898899,24.1807673075514,60613.015
4.21195546951377,0.173630916052723,24.1734101059117,60615.937
4.21197660217121,0.172922205096918,24.1833509766741,60618.843
4.21223359501852,0.174973722540149,24.1901147617744,60621.749
4.21236399596581,0.172838061717375,24.1824833172752,60624.671
4.21216697248746,0.17312361736726,24.1898292380785,60627.577
4.21229058549668,0.170875879255439,24.1976227615606,60630.484
4.21194033410299,0.1707697206948,24.193630678101,60633.39
4.21279992897913,0.171855598777282,24.1834942457571,60636.296
4.21224555170869,0.1743705957451,24.177463204588,60639.234
4.21244589663088,0.173120616129294,24.1746727211468,60642.156
4.2118692649517,0.172181570042074,24.166567037109,60645.062
4.21255739141836,0.17372909312091,24.1680464248172,60647.968
4.21246342432877,0.17804307548664,24.1693504519172,60650.874
4.21273321294192,0.179748403710394,24.1543664313887,60653.796
4.21243359530672,0.170553064477196,24.1581049168896,60656.702
4.21242245689225,0.170424585379337,24.1524669317794,60659.609
4.2123483687054,0.17132584949512,24.150749683803,60662.515
4.21254412471036,0.17317372262978,24.1569393050967,60665.421
4.21271359907725,0.170063604602455,24.1513400779619,60668.343
4.21265933098893,0.171873433491341,24.1595529099959,60671.249
4.21249926095795,0.17321771496084,24.1712143259217,60674.156
4.21294139120103,0.17453344548569,24.1647051349951,60677.077
4.21237059988892,0.173024396086033,24.1747039106125,60679.984
4.2127549719371,0.168986156395028,24.1729140583674,60682.89
4.2129167283273,0.169843442146292,24.1658321459361,60685.796
4.2130960211507,0.17193503151033,24.1540213111148,60688.718
4.21277006202956,0.175089600428859,24.1382247219944,60691.624
4.2127537059996,0.163724285976405,24.1469809161673,60694.531
4.21273378167999,0.171311413528838,24.1410210185452,60697.437
4.21299272024994,0.172419195994405,24.1372790339241,60700.343
4.21326415022548,0.172668942073207,24.1387459749059,60703.265
4.21288960723506,0.167294908840114,24.1323604539942,60706.171
4.21327794930332,0.168899860999896,24.1332078241063,60709.093
4.21296185892299,0.172603213156537,24.1254611107077,60711.999
4.21317037493787,0.170829136987338,24.1427437815251,60714.906
4.21329574912804,0.176797847618281,24.1383417692769,60717.812
4.21321409802241,0.166401115203866,24.1391376615444,60720.734
4.21333813529701,0.177986940540322,24.1382708591575,60723.64
4.21320958342377,0.171286410467112,24.1331380673233,60726.546
4.21322196367358,0.171002682052921,24.1395216736772,60729.452
4.21346121010344,0.171181725454164,24.1413664824093,60732.359
4.21359855118378,0.169467242743616,24.1281667362732,60735.281
4.21131328736599,0.147758887449763,24.1134344588164,60738.187
4.21151235026699,0.14771121479751,24.1134311968095,60741.093
4.21114538036189,0.14955244598803,24.1131650087691,60744.015
4.21105289782718,0.14938857466875,24.1142793575117,60746.921
4.21138066738646,0.149564826285335,24.1171716580973,60749.827
4.21097706127018,0.149027898726444,24.1187137268268,60752.734
4.21116627614925,0.151873579616013,24.1104426777597,60755.64
4.21094168448931,0.150801581389576,24.112571036618,60758.562
4.21110818226178,0.148958629006718,24.1024665807596,60761.468
4.21113838379521,0.150361107950052,24.1056308029353,60764.374
4.21102918909577,0.151918618222265,24.1007068632995,60767.281
4.21100621846092,0.152378652188841,24.1105518714775,60770.202
4.21097020173677,0.148252025162108,24.1045078202651,60773.109
4.21110522649045,0.148834559177272,24.1019925944835,60776.015
4.21104814206739,0.151301700067114,24.0994019834216,60778.921
4.21116254310694,0.14745340152866,24.0967057025577,60781.843
4.21096050263928,0.153175767032843,24.0983394411846,60784.749
4.21113290521321,0.151015916005254,24.0848812476616,60787.656
4.21103352174505,0.151584765844835,24.0888389799441,60790.562
4.21092544186138,0.149372248594138,24.0885250822876,60793.468
4.21088547201938,0.147564799715712,24.0825963769142,60796.374
4.21073381529458,0.1495078041918,24.0885045225113,60799.281
4.2111273582207,0.151151713108751,24.0853115375157,60802.202
4.21104587088523,0.150003405215808,24.0902795695588,60805.14
4.21112031260348,0.150579156811343,24.0823590768211,60808.046
4.21111800908791,0.148005772033757,24.0827837616853,60810.952
4.21125284433728,0.148809459699164,24.0804738439628,60813.874
4.21134993428833,0.147281171415921,24.0816832222567,60816.781
4.21084264468305,0.152487424605203,24.0947585438017,60819.687
4.21139985144753,0.151318030226474,24.0970638921343,60822.593
4.21110096588846,0.148418451675607,24.0960187431458,60825.499
4.21096207147165,0.150812049960731,24.0920492975479,60828.406
4.21126758154869,0.150302679238981,24.0864953864801,60831.327
4.21114521242573,0.150139153727502,24.0795542272883,60834.234
4.21126446746946,0.152299122943162,24.0787913687576,60837.171
4.21105883527396,0.145367754537748,24.0723874404478,60840.077
4.21106596844767,0.146372113459606,24.0646007784095,60842.984
4.21156143453103,0.149663269715623,24.0633287523942,60845.89
4.21106095586394,0.148245856928931,24.0753571797723,60848.796
4.21134725569573,0.148040196057954,24.0721261998471,60851.702
4.21146675201645,0.151796815081289,24.0790318717706,60854.624
4.21126964624483,0.152143566360378,24.070127639499,60857.531
4.21153164569658,0.150387857273151,24.0663221751774,60860.437
4.21163503558232,0.150503030779228,24.0665997702191,60863.343
4.21170260153015,0.150105708241139,24.067377598856,60866.249
4.21145878069021,0.144731048486137,24.0667957216428,60869.171
4.21124056355243,0.154166690776991,24.067146137477,60872.077
4.21131592778822,0.147536657254013,24.0705690055549,60874.984
4.21155018032441,0.150057582934289,24.0695623388436,60877.906
4.21134282816464,0.147260319450434,24.0725735939029,60880.812
4.21143449971619,0.149535469758822,24.0643011863302,60883.718
4.21160887552183,0.148697864632407,24.0640479903873,60886.624
4.21149034140903,0.148965998770539,24.0616376886893,60889.531
4.21156048317169,0.147718942207927,24.0604740730045,60892.452
4.21181868429925,0.147843922623031,24.0614307052726,60895.359
4.21141692896995,0.151300180465409,24.0687660364088,60898.265
4.21145523574619,0.152532145714898,24.0568099626736,60901.171
4.21147230771899,0.146115420703515,24.0607205610314,60904.093
4.21188538603733,0.148853877700541,24.0580245800931,60906.999
4.21153018240658,0.147309601879678,24.0523118334146,60909.906
4.21155925392841,0.146119664711313,24.0537695900073,60912.827
4.21135064278781,0.149150413372301,24.0551651220938,60915.734
4.21150090635374,0.150535869818908,24.0584239098025,60918.64
4.21153373265802,0.150080121326741,24.0602103129309,60921.546
4.21154230053471,0.147205540705048,24.0588133717128,60924.452
4.21179829906797,0.150575233510374,24.0569196279454,60927.359
4.21197421862409,0.149446626555477,24.0562667930979,60930.265
4.21186352593182,0.146283406250648,24.0604812299958,60933.187
4.21189336642815,0.149621560874228,24.0594871937519,60936.109
4.21222093904787,0.15071693535672,24.058353942274,60939.015
4.21201802663447,0.147999798638339,24.056750478925,60941.921
4.21183015935199,0.146704635067017,24.0462132405819,60944.827
4.21183533331033,0.148883656859086,24.0480401381919,60947.734
4.21191951509533,0.147779699113939,24.0473506102758,60950.64
4.21180364860688,0.150503073847469,24.0480977236069,60953.562
4.21211934311742,0.148330682330883,24.0384304857698,60956.468
4.21190870665754,0.149738796199028,24.0442784391248,60959.374
4.21218026330843,0.148348304185524,24.0430723793087,60962.281
4.21198125064301,0.149850502611616,24.0412809456537,60965.187
4.21208292977644,0.149603427985648,24.029498128649,60968.109
4.21242545433163,0.145399858008068,24.020242679434,60971.015
4.21241098614295,0.147752861540819,24.0266773176686,60973.921
4.21219157997799,0.14930346482881,24.0264533454623,60976.859
4.21195281004404,0.148770826197722,24.021043863062,60979.874
4.21219850486924,0.146660882877277,24.0214946222254,60982.781
4.2122015873313,0.148272192587291,24.0205686974374,60985.734
4.21237397468253,0.148441172375958,24.0287993065772,60988.64
4.21235800388782,0.147278931882376,24.0292700151892,60991.546
4.21250497563809,0.148555107555851,24.0267204752938,60994.468
4.21211645020115,0.149114514025392,24.0245334672865,60997.374
4.21234344512136,0.149998296364372,24.0231852674284,61000.281
4.21206813491134,0.149226342030114,24.0193607127651,61003.187
4.21233479596765,0.145509117403397,24.0212573121335,61006.093
4.21230911311989,0.148322041166923,24.0219519052441,61008.999
4.21252172330379,0.146938999553352,24.018038886233,61011.906
4.21265353779261,0.146411740442406,24.0205741035936,61014.827
4.21241357211613,0.145782752240977,24.0196884587113,61017.749
4.21280603858603,0.151397278022291,24.0168293832874,61020.671
4.21268866788147,0.146489786406481,24.0188818549277,61023.577
4.21245271909667,0.145021083034053,24.0176072295059,61026.484
4.21267338291475,0.147278564262485,24.0211935117941,61029.39
4.21262121932782,0.147767901532461,24.0207144793042,61032.296
4.21296130603187,0.146775888495171,24.0146271205476,61035.202
4.21263910049488,0.14252176256079,24.004565043289,61038.124
4.21269741324258,0.145647310161033,24.0032801275727,61041.031
4.21265979731072,0.143688290751937,24.0114063462988,61043.937
4.21269573013954,0.148911649707083,24.0098751866645,61046.843
4.21275650399047,0.147234768923693,24.0083348956861,61049.765
4.21278773211406,0.146124859172772,24.0082692794321,61052.671
4.21283511306002,0.148996314609261,24.0059703916432,61055.577
4.21301125893887,0.145224510916956,24.0011428984353,61058.499
4.21287735598515,0.146147131268407,24.0059140491076,61061.406
4.21326837462317,0.15022515184628,24.0024466149349,61064.312
4.21288327363164,0.144483321976507,24.0067064010398,61067.218
4.21326875126958,0.146650200874189,23.9975469884084,61070.124
4.21295305427503,0.146548204898468,23.9981802436799,61073.046
4.21305600483646,0.148644790265345,23.9837562557965,61075.952
4.21287086419925,0.144675334098284,23.9935866210243,61078.859
4.21325223867701,0.144555349804097,23.9932299047179,61081.765
4.21309558829236,0.14559738655685,23.9934236459202,61084.687
4.21322544174911,0.143663853879181,23.9953686055,61087.593
4.21325127587315,0.145350071902244,23.9974204442125,61090.499
4.21335685613477,0.146823439215181,23.9968065970511,61093.421
4.2130389146211,0.146666773236056,23.9965334582756,61096.327
4.21340434114442,0.14465580294843,23.9828960553128,61099.234
4.21344069825098,0.147171668762092,23.9887656191363,61102.14
4.21346707885691,0.14488639072593,23.9865731600956,61105.046
4.21336959998822,0.144808589421912,23.9839011918413,61107.968
4.21314455882758,0.144899559511447,23.9889029331401,61110.874
4.21332208905702,0.147605774832273,23.9840714900901,61113.781
4.21333560226839,0.14425101461482,23.9754017708975,61116.702
4.21343626865487,0.143721409639672,23.9820884307288,61119.609
4.21326619117615,0.144237101834582,23.9823991337148,61122.515
4.21356938690171,0.147383417479433,23.982434739771,61125.421
4.21145833403942,0.125604649459893,23.9835560808361,61128.343
4.21136657633001,0.122518578730262,23.9805818114539,61131.249
4.21125032947824,0.126074349146434,23.9758494723721,61134.171
4.21122216722782,0.124584752353976,23.9799077424885,61137.171
4.21128603314687,0.123613345780809,23.9724190941877,61140.187
4.21134930052775,0.122820334602897,23.9814787269722,61143.187
4.21132945676004,0.122958426068479,23.9859330906448,61146.187
4.21134538696701,0.125156513195026,23.9717721654564,61149.171
4.21127285474998,0.123053277007818,23.9802470305526,61152.14
4.2110390855436,0.122704020688437,23.9764997108647,61155.109
4.21118981516601,0.121901396494408,23.9765690622851,61158.077
4.2111310141857,0.123549451669087,23.9726893185975,61161.062
4.2111394931836,0.122411162829421,23.9705448837791,61163.984
4.21121652934258,0.126330497411814,23.9662565550403,61166.906
4.21103629393027,0.122135631249933,23.9611055970614,61169.812
4.2110905589285,0.12388824042779,23.9531574902019,61172.718
4.211068213239,0.123341358470866,23.9536276679632,61175.624
4.21094001904136,0.124248679064594,23.9432279373925,61178.531
4.21105060987182,0.12619807407593,23.940732003604,61181.437
4.21100021340931,0.123669501965861,23.9453752073845,61184.343
4.21123901403941,0.124248806653679,23.9493274863478,61187.249
4.21104248071732,0.123989096346091,23.9473805316583,61190.156
4.21103924005853,0.12409887552811,23.948090745303,61193.062
4.21130915714376,0.126292188347136,23.9515635741877,61195.968
4.21074393455304,0.124517741703991,23.958568368752,61198.874
4.21105736127025,0.124605515562393,23.9491125839983,61201.781
4.2111549771247,0.123503270314938,23.9542775326492,61204.687
4.21129746212336,0.122178631895088,23.9396866746892,61207.593
4.21092859561764,0.12551265818868,23.9406319720864,61210.499
4.21121335089719,0.123172426561744,23.9438406367672,61213.406
4.21117395604492,0.123352477316459,23.9550973933301,61216.343
4.2111107059595,0.122798974425077,23.9535434160295,61219.249
4.21113872034853,0.124509886949668,23.9536413567539,61222.156
4.21117107864552,0.12400272230998,23.9554693595929,61225.062
4.21120363987952,0.125760263506042,23.9402941142046,61227.984
4.21117504790485,0.123405048582462,23.9360703460924,61230.89
4.21124486638698,0.124665143493031,23.9397738749404,61233.796
4.21109081407632,0.122731327566592,23.9508393616571,61236.702
4.21126274248265,0.123467305560899,23.9420883164152,61239.624
4.2110414331623,0.124663210931236,23.9400195441954,61242.531
4.21111520454302,0.125151842340896,23.940851831372,61245.437
4.21124036382669,0.121910737450736,23.9303273367757,61248.374
4.21133822597457,0.124489769697136,23.9286841518575,61251.281
4.21143646745537,0.122302614744569,23.932000675454,61254.187
4.21124192937171,0.12154829010252,23.9309757399101,61257.109
4.21136966697321,0.120949209311032,23.9285194715896,61260.015
4.21146858811318,0.123391496120671,23.926557709711,61262.921
4.21114721063524,0.124318000506166,23.9322947242982,61265.827
4.21114588259605,0.123682994393554,23.9355561790173,61268.749
4.21115040578571,0.123527369206011,23.9401942005144,61271.656
4.21122898414294,0.120812312412292,23.938884672344,61274.562
4.21132151631732,0.123423370692429,23.9429393282454,61277.468
4.21138398402799,0.122639672317272,23.9396387170037,61280.39
4.21145908907188,0.125453634599638,23.9375914384242,61283.296
4.21157496074309,0.122344657844736,23.9335519561292,61286.218
4.21132002419133,0.121944772824057,23.9388497354524,61289.124
4.21150263390468,0.123076855807634,23.9333464341648,61292.031
4.21131681683127,0.125858445274548,23.9299147516209,61294.937
4.21148149609635,0.125317097754669,23.9235586120997,61297.843
4.21158765711467,0.121682250331314,23.9190196874005,61300.765
4.21153605767508,0.121510664427199,23.9189628255549,61303.671
4.21151199341589,0.125682827519439,23.9167477176392,61306.577
4.21158306744513,0.123697930710634,23.9124750782978,61309.484
4.21143017848571,0.124418253920729,23.9105725824256,61312.39
4.21154064735059,0.123710183394929,23.9210682639008,61315.312
4.21158817421897,0.122497780837664,23.9141132383094,61318.218
4.21154321252353,0.124696706281652,23.9138763461071,61321.124
4.21154487002087,0.121885863346906,23.9171257261622,61324.031
4.21179022580922,0.12277805762663,23.9144625395011,61326.952
4.21158506154437,0.122756810271656,23.9173793399968,61329.859
4.21159721182108,0.120378603816283,23.9096371528839,61332.765
4.21146707137102,0.122434178108504,23.8979143851106,61335.671
4.21167126524617,0.122359318106914,23.8957928364405,61338.593
4.21153956527648,0.122726812314741,23.8901923441098,61341.499
4.21159732282604,0.123594430883317,23.8935515132506,61344.406
4.21181494725112,0.126572317516123,23.892463916955,61347.327
4.21185406525911,0.122451820204282,23.9010674024197,61350.234
4.21203223104115,0.121780606773654,23.8937804938775,61353.14
4.21182067702488,0.122869161430152,23.8936326813351,61356.046
4.21179140612853,0.124225045954058,23.8926283672796,61358.952
4.21179447486349,0.123055378459883,23.8975974695242,61361.874
4.21170626552385,0.121702694503887,23.9022905870273,61364.781
4.21191485711363,0.120435380973842,23.9094695400145,61367.687
4.21173117864836,0.12248540071175,23.9095371478949,61370.593
4.21185975624521,0.124058230045697,23.9142042002063,61373.499
4.21190164713162,0.12199687616009,23.912956720537,61376.421
4.21200428497719,0.122141087191709,23.9044959541436,61379.327
4.21190024402478,0.122893593254575,23.893614083819,61382.234
4.21196101393,0.121839998652824,23.8926924713851,61385.156
4.21211574564612,0.120475004539446,23.8998524693652,61388.062
4.21177176761703,0.12070241050715,23.8883307732425,61390.968
4.21210728552729,0.122347020780187,23.8936960846022,61393.874
4.21203033225066,0.122962323552187,23.8893657631808,61396.781
4.21222401436037,0.122666250584533,23.8880987075885,61399.702
4.21220088040194,0.121000345730749,23.8913950370468,61402.609
4.21195978091581,0.1216352750513,23.8952304629182,61405.515
4.21220423585878,0.122156776490825,23.8895862893115,61408.421
4.21220512658509,0.120809206365012,23.8832348313265,61411.343
4.21230667865475,0.118771412172715,23.8764479034264,61414.249
4.21223710953293,0.121901987628958,23.8741101237309,61417.156
4.21214454617283,0.120689785633406,23.8737454394733,61420.077
4.21228276730999,0.12392122528985,23.8769540868579,61422.984
4.21194862902303,0.121219349293209,23.8655703178536,61425.89
4.21234387735844,0.120042214136194,23.8700856145121,61428.796
4.2120746302813,0.121682797047967,23.8683117247906,61431.702
4.21253352725839,0.121382671878247,23.8785840663422,61434.624
4.21239285082541,0.119236138123641,23.8775533842743,61437.531
4.21236906904592,0.116945286633243,23.879023435194,61440.437
4.21228645926303,0.120307662964881,23.8767366929321,61443.359
4.21252547388543,0.120077716816078,23.8700434086943,61446.265
4.21243364905731,0.122316758858192,23.8748543113743,61449.171
4.21239241376792,0.123490289102376,23.8743055490923,61452.077
4.2124810073142,0.121428248912309,23.8790323955617,61454.984
4.21254297916654,0.119602395616247,23.8705901769927,61457.906
4.21257468858601,0.117178851146425,23.8684323099003,61460.812
4.21245511250946,0.119774533339724,23.8694965879865,61463.718
4.21250635795815,0.120286301589482,23.8766203982658,61466.624
4.21270777186244,0.119404106339949,23.8755827958917,61469.531
4.21264820316216,0.122533054625009,23.8651570191303,61472.452
4.21266847092253,0.122075551887432,23.8679062746946,61475.359
4.21249876650242,0.122322325288735,23.8676185721393,61478.265
4.21264627861005,0.121096094016197,23.8652538728683,61481.171
4.21289132625471,0.120442659726797,23.8684026710391,61484.093
4.21260243286694,0.117228266278015,23.8658834662445,61486.999
4.212737829212,0.120295108990879,23.8614066066382,61489.906
4.21277804435086,0.118134030297838,23.8751463645369,61492.812
4.21273506635558,0.120839507883078,23.8685002918186,61495.718
4.2126169713788,0.122196312765297,23.871031360668,61498.64
4.21280404745177,0.120368205193711,23.8752485616664,61501.546
4.2126172598921,0.119244609820102,23.8716446766361,61504.452
4.21302457887045,0.120560041441993,23.8704294076545,61507.39
4.21286481932776,0.119145457503085,23.8644476587662,61510.296
4.21301955814501,0.12085284622503,23.8608944716086,61513.202
4.2127255530363,0.117987417959347,23.8542988380289,61516.109
4.21313964587545,0.117954494801809,23.8498803314535,61519.015
4.21295465691134,0.120570202033741,23.8552050654792,61521.937
4.21309563409161,0.118632593448377,23.8456053978888,61524.843
4.21292894647912,0.119962065153906,23.8507865343758,61527.749
4.21304932519875,0.121295549286977,23.8489219254442,61530.656
4.21324646105692,0.119278197044224,23.8549524839228,61533.562
4.21300370667958,0.118710810550797,23.8511393897563,61536.468
4.21331203062055,0.119715299345327,23.8441550745531,61539.406
4.21296541126259,0.117631197319932,23.8432641993377,61542.312
4.21314988499703,0.121298567488982,23.8371494736797,61545.234
4.21319826167999,0.122007032290131,23.8408268792629,61548.14
4.21316681295053,0.117609229339494,23.8353333598345,61551.046
4.21313442453102,0.118991717793189,23.8331265807415,61553.952
4.21324241915346,0.119987077842607,23.8381510631797,61556.859
4.213164162005,0.118957452485096,23.8348458079304,61559.781
4.2130848407913,0.119705660693526,23.8337628116048,61562.687
4.21327608126149,0.121421010481374,23.8392203903254,61565.593
4.21321309762386,0.118930385984705,23.8367306088053,61568.499
4.21350592023648,0.122038266846551,23.8296994024918,61571.406
4.21338896622139,0.119199693280693,23.8270097103017,61574.327
4.21335887375906,0.118713793176466,23.8336419192783,61577.249
4.21324532767969,0.117980076532541,23.8256576416864,61580.171
4.21330475341639,0.118327699889837,23.8253395468152,61583.077
4.21364192741361,0.11922507693828,23.8281511701242,61586.015
4.21154281221604,0.0973855185260426,23.8320151745675,61588.921
4.21138352306986,0.097222782011208,23.82564677575,61591.827
4.21127137103002,0.0932465135363099,23.8253423053325,61594.734
4.21101087769234,0.0976544442338161,23.8195641605108,61597.64
4.21091276981882,0.0977853095533277,23.8228077293939,61600.546
4.21096909059199,0.0959825765059752,23.8288966703786,61603.452
4.21103717777586,0.0966001248965942,23.8348870376543,61606.359
4.21116166041572,0.0939327354219723,23.8207930861687,61609.265
4.21096696640562,0.093861543897902,23.8259280006136,61612.171
4.21083256785676,0.0978812632877026,23.8282449047282,61615.077
4.21086500400765,0.0980185187852386,23.8363316095,61618.015
4.2107647733753,0.098706247348135,23.8267009576949,61620.921
4.21077343088064,0.0971022630433298,23.826296231282,61623.827
4.21084983079565,0.0972988332059547,23.8154023792822,61626.734
4.21082073139231,0.0984184664702523,23.8190091888112,61629.64
4.21092456803388,0.095107750963455,23.8200220150228,61632.562
4.21098412962504,0.0984747599162614,23.8268192871147,61635.468
4.21078305594933,0.0970238405550264,23.8233847485028,61638.374
4.21068320490811,0.0980331452496245,23.811370399428,61641.281
4.2107350684848,0.0969136740428821,23.8139991381347,61644.187
4.21083386762607,0.096292049303414,23.8168923379326,61647.093
4.210744010147,0.0988352429436409,23.8152224678396,61649.999
4.2108632488832,0.0971379625708702,23.8106901474489,61652.921
4.21078591668142,0.0973098830861251,23.8073560296143,61655.827
4.21077931485321,0.0982468330756983,23.8127248210669,61658.734
4.21084119345111,0.0968498128792013,23.8160446313776,61661.64
4.21094332409837,0.0956408934945932,23.8148470405964,61664.546
4.210757768346,0.0982247331380328,23.8182122773765,61667.452
4.2108576317144,0.0974191837760052,23.8143803087691,61670.359
4.21069235371258,0.0991792267817255,23.8221725997394,61673.265
4.21080422792584,0.0969906398072111,23.8202883427486,61676.171
4.21063553155704,0.0960407838525681,23.8178030427553,61679.077
4.21076676722512,0.0980069935186293,23.8150252769659,61681.984
4.21066548570862,0.0993046572656997,23.8126213913594,61684.906
4.21068201939295,0.0964454710352508,23.811751417595,61687.812
4.21053447702467,0.0973191627783654,23.8179868408287,61690.718
4.21066423144122,0.096677298159725,23.8128832526159,61693.624
4.21081320051947,0.0942750857368795,23.8102581217137,61696.531
4.21065526806068,0.0980354384523731,23.8090824162658,61699.437
4.21081346761898,0.0985315965066864,23.8048277909284,61702.343
4.21077198050674,0.100036208228365,23.806518339417,61705.249
4.21073385820546,0.0971975229868054,23.8036063174636,61708.171
4.21085374672254,0.0995391526213612,23.7967622649284,61711.077
4.21074471515853,0.0994290513095367,23.7910237617986,61713.984
4.21063522487905,0.0961634617087011,23.7965818445803,61716.906
4.21075508220527,0.0986878199333009,23.7961702315735,61719.812
4.21092857963569,0.0951700374512187,23.798356662896,61722.734
4.2108021330267,0.097855841636431,23.7914862572361,61725.64
4.21046641321749,0.0965522178061567,23.7920570584803,61728.546
4.21092984094008,0.0982070837883867,23.7986542264502,61731.452
4.21082904740967,0.0992721819292424,23.7898875177769,61734.359
4.21076370617862,0.0989498838033334,23.7899382908759,61737.265
4.21081818269374,0.0971992637139006,23.7803721404286,61740.171
4.21085597958333,0.096437399093879,23.780324062574,61743.077
4.2108131378169,0.0983311789605703,23.7880221483474,61745.984
4.21087991573316,0.0972018150687078,23.7869289256777,61748.89
4.21084375613516,0.0971488644125129,23.7830565543394,61751.812
4.21076756836536,0.0974954152408229,23.7878720689217,61754.718
4.21099840678309,0.0951013499543952,23.7789137895588,61757.624
4.21089903523986,0.0973878565500705,23.7882842412291,61760.531
4.21098946395947,0.0974547298475325,23.7827196824376,61763.437
4.21090463597786,0.0952065321150442,23.7826796245324,61766.343
4.21097016734234,0.0966735488849254,23.7745489295051,61769.249
4.21099062255627,0.0988623645467619,23.7724854830217,61772.156
4.21099628863974,0.0957464908602083,23.7668885064446,61775.062
4.21085158409365,0.0963839136303159,23.7749608585868,61777.968
4.21098931942624,0.0971297947214124,23.7665088771624,61780.89
4.21092426205076,0.0992183348040745,23.7788699947476,61783.796
4.21101693106109,0.0979689435326194,23.7814140177364,61786.702
4.21093435520654,0.0956256802391102,23.7702258992874,61789.609
4.21105688314066,0.0971684575259206,23.7677834840237,61792.515
4.2108964305163,0.0973264829048181,23.7771407390013,61795.437
4.21098429489777,0.0948520350727559,23.7758986159808,61798.343
4.21097058170632,0.097336273890882,23.7781516450301,61801.249
4.21089382581606,0.0966462978567772,23.7696589992786,61804.156
4.21089058070564,0.0972709085619951,23.776555605021,61807.062
4.21095014389734,0.0945251232683051,23.7769330909287,61809.968
4.21108422154368,0.0955756187697453,23.774666435589,61812.89
4.21100848245725,0.0964917361536509,23.7729111686815,61815.796
4.21099109339323,0.0946412765062286,23.7760946745441,61818.702
4.21105230179745,0.0958189242637459,23.7672989883281,61821.609
4.21090853305222,0.0959045628585079,23.76742884913,61824.531
4.21113917182173,0.0963549046508891,23.7655637197548,61827.437
4.21110105302093,0.0979630232912094,23.7712479110021,61830.343
4.21108264411511,0.0943091793136293,23.7732985551381,61833.249
4.21102682579521,0.0966233094318569,23.7712155967448,61836.156
4.21127976550731,0.0958766119017088,23.7714316027711,61839.062
4.21131698856562,0.0974831312176335,23.7700988715957,61841.968
4.2112822763122,0.0981043236502525,23.7642132823544,61844.89
4.211326526175,0.0969333606079285,23.7655345046113,61847.812
4.21114515104919,0.0968302135388882,23.7664171560685,61850.718
4.21154967710256,0.0961499392308517,23.7702078913986,61853.624
4.21104279440008,0.0955313465395246,23.7717170847962,61856.531
4.21124070047848,0.098158247111213,23.7777105875339,61859.437
4.21133057478448,0.0952597523618932,23.7628059363036,61862.343
4.21149026949649,0.0955800156903302,23.7594283674778,61865.249
4.21119618004945,0.0954554244305292,23.763821370267,61868.171
4.21125616545921,0.0962791876841703,23.7612274582131,61871.077
4.21126576768068,0.0979095008103199,23.7652891852371,61873.984
4.21146245548276,0.0929395716088416,23.7652657390761,61876.921
4.21105388240471,0.0998647995007835,23.7699131030253,61879.827
4.21145752519941,0.0943264205059079,23.7723988892259,61882.734
4.21130272585466,0.0973223071988758,23.7705885179172,61885.64
4.21142713515421,0.0961362803712122,23.7731949896181,61888.546
4.21141860209885,0.0956657088738943,23.7733913846734,61891.452
4.2113862809118,0.0971625604665925,23.7749297448051,61894.374
4.21151639056727,0.0943530075425897,23.7687378026492,61897.281
4.21131129297915,0.094861065331498,23.7660077834449,61900.187
4.21137755283876,0.0974868355691623,23.7679008206022,61903.093
4.21139798519812,0.0992629530774788,23.7659992441808,61905.999
4.21157326211745,0.0941027438362693,23.7691038068105,61908.937
4.211755773909,0.0972363343642828,23.7522181981178,61911.843
4.21146556202804,0.0979260285044141,23.7534312005786,61914.765
4.21176670058613,0.0922998702420306,23.7527647003065,61917.687
4.21144853706634,0.0950920212717729,23.7443144747383,61920.593
4.21160076107962,0.0948199124036433,23.7381158544014,61923.499
4.21134487711738,0.0951359392486696,23.7412412248551,61926.406
4.2116192030114,0.0943886214096698,23.7409763157121,61929.312
4.21189121360381,0.0948229034652555,23.740682524884,61932.218
4.21166619946691,0.0955954754397831,23.7411540701037,61935.124
4.21171478488193,0.0972610407246463,23.7444057797851,61938.031
4.21174324107954,0.0978044825541182,23.7526602096454,61940.937
4.21189985925006,0.0966335042462448,23.7488775662816,61943.843
4.21150898874112,0.0953306883738625,23.7497406880656,61946.749
4.21157608358057,0.0934226399498879,23.7428873433065,61949.671
4.21162695255682,0.0945569610873741,23.7440170995707,61952.577
4.21160815564344,0.0931393518018871,23.7480113595036,61955.484
4.21190578899669,0.0942920173148837,23.7505476992959,61958.39
4.21200780988465,0.0965408112411433,23.7457505841632,61961.296
4.21184747201187,0.0977524191727952,23.7429639193864,61964.202
4.2118533582513,0.0951586358507185,23.7428241198039,61967.124
4.21183805480145,0.0967592326639596,23.7349562723592,61970.031
4.21184998046583,0.0955548470074453,23.7443817952357,61972.952
4.21179522676998,0.0923524398303486,23.7398824848182,61975.859
4.21196443442008,0.0964143422443898,23.7486176784273,61978.765
4.21192938324633,0.100735899089848,23.7473241369759,61981.671
4.21191098628102,0.0948566763083135,23.7388972356433,61984.577
4.21201967985868,0.0974684619116476,23.74547440354,61987.484
4.21205971278439,0.0937168413018385,23.7361930059785,61990.39
4.21159047166248,0.0924558063652666,23.7326153463296,61993.296
4.211837684197,0.0928973124833752,23.7235237209686,61996.218
4.21186483146007,0.0958640137176187,23.7193263572293,61999.124
4.21218570819826,0.0970020857865501,23.72438866094,62002.031
4.21142026580636,0.0896144510151975,23.7308697687527,62004.937
4.21183692987194,0.0914707857120984,23.7272074299117,62007.859
4.21214637466049,0.094398330140063,23.7254466295652,62010.765
4.21163913399094,0.10057677478661,23.7301178592247,62013.671
4.21201172174239,0.0930113844600814,23.7337198283798,62016.577
4.21204442091369,0.0947696811446874,23.7313753060486,62019.484
4.21229401431713,0.0912939489401245,23.7387873834065,62022.39
4.2122161533873,0.0954137337316099,23.7333869437578,62025.296
4.21216922799992,0.0958995899258597,23.7249291599702,62028.234
4.21225191273191,0.0954452566062418,23.7215751858573,62031.14
4.2119944776104,0.0934873654856607,23.7315878477545,62034.046
4.21231352416573,0.0933063399033023,23.7299909702609,62036.952
4.21215637764716,0.0945884147043109,23.7278659792545,62039.859
4.21225350138716,0.0931108914990799,23.7278762019233,62042.765
4.21223203147565,0.0940764611583562,23.7262081995962,62045.671
4.21225692961709,0.0940183794130558,23.7246243884328,62048.577
4.21250530293461,0.0951073184107129,23.719657195626,62051.468
4.21221565009566,0.0964844957005575,23.7171645322829,62054.374
4.21223479739785,0.0941044733185594,23.717165260211,62057.281
4.21232899220009,0.0934505078499497,23.7156823138344,62060.218
4.21244432840806,0.0927080314660737,23.7160720633931,62063.124
4.21248298072025,0.0926795326246466,23.7100220505478,62066.031
4.21231049111531,0.0930607735126399,23.713188723825,62068.937
4.21214883166308,0.0937859146060812,23.7049013239076,62071.843
4.21244180855959,0.095256977201892,23.7101245946974,62074.734
4.21224437496156,0.0936197685985077,23.7019931396246,62077.64
4.212503558015,0.0944677963835985,23.7109436231284,62080.546
4.21255132341769,0.0938567014761664,23.7073689004457,62083.452
4.21212855872973,0.0941405961002931,23.721423080221,62086.359
4.21243379814248,0.0957592422644895,23.7303760764172,62089.265
4.21250986341598,0.0944557502836242,23.7291932664944,62092.171
4.21250970517738,0.0936102365504153,23.7208965873384,62095.093
4.21247023385942,0.0901009852918667,23.7251480925714,62097.999
4.21224213455321,0.0954979924942123,23.714531047583,62100.89
4.21249117974159,0.0949131092043611,23.7092224720768,62103.796
4.21246364029514,0.0912135086975919,23.7083692661102,62106.702
4.21253181399783,0.0948865705664927,23.7145882563268,62109.609
4.21242404708758,0.0936229293500269,23.7154688047764,62112.515
4.21254304245738,0.0903196777854603,23.7118655327806,62115.421
4.21247126403186,0.0925151793220909,23.7089888897585,62118.327
4.21245680510935,0.0923510283828179,23.7147490534597,62121.234
4.21275347187205,0.0882412003521598,23.7102029724675,62124.14
4.21252538980255,0.0936233224148041,23.7150517216603,62127.062
4.21275165868621,0.0936369131013265,23.7114765667836,62129.968
4.21293168403558,0.0920322163790498,23.7074530010914,62132.874
4.21236877712655,0.092290149564108,23.7134846012419,62135.765
4.21283164957977,0.0912174565236948,23.7186938350147,62138.671
4.21282206282692,0.0929639799343044,23.7203846431511,62141.577
4.21273372726509,0.089748402915602,23.7164305201598,62144.484
4.21278109633578,0.0941646765856781,23.7160113147239,62147.39
4.21264375282074,0.0937928441388209,23.7127639512351,62150.296
4.21307939354898,0.0922816710089114,23.7041426135102,62153.202
4.21287429692453,0.0901481568690715,23.7003146639289,62156.109
4.2127963257598,0.0939202510381145,23.6977569638806,62159.015
4.21275490832165,0.092131366032533,23.6980802644847,62161.921
4.21265646967447,0.0911706761328452,23.7033511193363,62164.827
4.21276978673564,0.0906712236057201,23.7052859132503,62167.734
4.21293701049038,0.0923208406484696,23.7111377967614,62170.64
4.21290692154871,0.0950565738938604,23.7077865155888,62173.546
4.2131327376852,0.0909217400973211,23.7195532137946,62176.452
4.21314335931303,0.0933954409158942,23.7078218873481,62179.359
4.212791544239,0.0929625336003498,23.7154013787497,62182.265
4.21304042849408,0.0926061654500074,23.7042247439443,62185.171
4.21319913537543,0.0944043058010346,23.7092105255332,62188.077
4.21291261528843,0.0912570479128672,23.7120018732432,62190.984
4.21277638918768,0.0909450512747131,23.7111662198224,62193.89
4.21286904185697,0.0924813905830912,23.7066462378433,62196.796
4.21327806958986,0.0932876181432985,23.706708370688,62199.702
4.21264574078772,0.0936758204836086,23.7049367711598,62202.609
4.21327631966961,0.0909042260247117,23.7018252018581,62205.515
4.21289125988117,0.0925655916922599,23.6967888842716,62208.421
4.21314321592117,0.0911368022397834,23.7075396582629,62211.327
4.21305175860743,0.0929094596123882,23.7038898337871,62214.234
4.21323535066152,0.0910109112415426,23.6948545424049,62217.14
4.21322453364043,0.093625783461723,23.703061801535,62220.046
4.21291263959351,0.092518624873733,23.7046542557147,62222.968
4.21352148428647,0.0914273209837442,23.7055705581609,62225.874
4.21345067141433,0.092154229275751,23.7092490331639,62228.781
4.21346136487212,0.0890184964846975,23.7065612101609,62231.671
4.21333592017012,0.0910786611719572,23.706532731639,62234.593
4.21332749581042,0.092812492223445,23.7156024038935,62237.499
4.2133752089081,0.0893994398670584,23.7115601584045,62240.39
4.21337697779485,0.0913076582360774,23.7107031797928,62243.312
4.21329877918982,0.0924007720432796,23.7127478007612,62246.218
4.21370877300184,0.0901823596735001,23.709379685639,62249.124
4.21366444243112,0.0932892105501085,23.7167556028903,62252.031
4.21355762432167,0.0930714549673012,23.7158455851579,62254.937
4.21363334252678,0.0902786762225599,23.7103229521481,62257.859
4.2132277193719,0.0922358846929191,23.7118039712641,62260.765
4.21363834994385,0.0886743843610964,23.7121337439269,62263.671
4.21355866194238,0.0916609441690673,23.7223130019363,62266.577
4.21362180108275,0.0912746823771298,23.7281403859054,62269.484
4.21338510707803,0.0948548464097894,23.7280023888718,62272.39
4.21364949874926,0.0933005443989652,23.7316329230626,62275.296
4.21366189791632,0.0924587093741684,23.7288853412114,62278.202
4.21353823920179,0.0906149727656482,23.7279235935911,62281.109
4.2136134361307,0.0928873647348617,23.7229574160604,62284.015
4.21382579561646,0.0897580176187716,23.7234197823036,62286.921
4.21368513152325,0.0903376194944233,23.7254794251618,62289.827
4.2135924096229,0.0903979985227997,23.7316641468744,62292.734
4.21393337858956,0.0931751026805712,23.735860586458,62295.64
4.21357551029418,0.0890305737007333,23.7323173699241,62298.546
4.21371235105485,0.0901193966233154,23.7328472270784,62301.452
4.21380724266697,0.090478521490922,23.7369883872601,62304.359
4.2138093695697,0.0900140615241382,23.7281027357163,62307.265
4.21388119012655,0.0912769952509522,23.7320506083606,62310.171
4.21369438771166,0.0896678509569999,23.7382340395715,62313.077
4.21418634584588,0.0907598059230313,23.7263449751017,62315.984
4.21398002487893,0.0910178888488513,23.7373654330476,62318.921
4.21395187418457,0.089559736348772,23.741406256605,62321.827
4.21393430350791,0.0889406254628834,23.7457502700813,62324.734
4.21401310804433,0.0916799285000572,23.7424229486152,62327.64
4.21405122550423,0.0886719707193946,23.7492883295735,62330.546
4.2140577744183,0.0906265819937238,23.7456554138284,62333.452
4.21396615253026,0.0900819613399213,23.7480787302365,62336.359
4.21404492051646,0.0906969488809016,23.7422463107779,62339.265
4.21412032047522,0.088721700022233,23.7424658118984,62342.171
4.21426020886028,0.091468638923254,23.7443706934485,62345.077
4.21407729848843,0.0868229332590817,23.74080304309,62347.984
4.21405156088174,0.0842817285676509,23.7472892811966,62350.921
4.21423236764641,0.087794323457007,23.7489615780335,62353.827
4.21385674188894,0.0930842927079336,23.7465815771418,62356.734
4.21388396422149,0.0936112278402146,23.747491978566,62359.64
4.2144903086719,0.0887631330018432,23.7521360899984,62362.546
4.21403311904557,0.088163821036084,23.7516662956479,62365.484
4.21414516183802,0.0891877957222351,23.7486959969243,62368.39
4.21391941708734,0.0902326239501456,23.7519518301862,62371.296
4.2146133438481,0.0878825152384017,23.7504624935768,62374.202
4.21228402775731,0.0667601921477161,23.7523334248324,62377.109
4.21240423667066,0.0671795610996187,23.7519529513676,62380.015
4.2120299188583,0.0676455609747481,23.7633250931983,62382.921
4.2119495694893,0.0701361287425723,23.7604252932128,62385.827
4.21217970456379,0.0656665701000752,23.7529607577964,62388.734
4.21195737640047,0.0678173868931751,23.7687240760514,62391.64
4.21175418432979,0.0686131222750575,23.7697397496004,62394.546
4.2116082234371,0.0682381408784215,23.7704067187312,62397.484
4.21180925513161,0.068742192073135,23.7747198121946,62400.39
4.21169777809093,0.0694974893423368,23.7741293371591,62403.296
4.21179659690242,0.0691720114149156,23.7634823855244,62406.202
4.21187538622694,0.0689881098018195,23.7673498173282,62409.109
4.21166741391569,0.0701715294092765,23.7651849623892,62412.015
4.21150611119055,0.0705700650142833,23.7701279525402,62414.921
4.21137017174942,0.0667860609824448,23.7671127416851,62417.827
4.21167542568848,0.0698170780446178,23.765533850539,62420.734
4.21156360151039,0.0722953008109364,23.7642650285444,62423.64
4.21173018757043,0.0692423551004128,23.7625139105827,62426.546
4.21154156888473,0.0715136508140737,23.7559211306186,62429.452
4.21147476618275,0.0677302840088764,23.7543592895325,62432.374
4.21166370877411,0.0679648717273424,23.7522783445461,62435.281
4.21144050772061,0.0668210920368607,23.7547596848803,62438.187
4.21166902135987,0.0710714821785646,23.7511703413944,62441.093
4.21146661132493,0.0707560185910221,23.752921313135,62443.999
4.21176107121406,0.0700095072222385,23.7580193855729,62446.906
4.21163367197377,0.0708381260555564,23.766007897593,62449.812
4.21164959502697,0.0721393582453615,23.7679432491593,62452.718
4.21165494358217,0.0691178323697961,23.7663456735048,62455.624
4.21167315566983,0.0682970941923759,23.7715018254094,62458.531
4.21148834549188,0.0698235723889515,23.7838365337408,62461.437
4.21153344238985,0.0668941914114909,23.7750844610346,62464.359
4.21155996827864,0.0691461634899486,23.7829296634811,62467.265
4.21134057772623,0.0734674707455474,23.7866003380634,62470.171
4.21175883983686,0.0686134244107734,23.7985760680692,62473.077
4.21149687851033,0.0707663513022081,23.7860138220306,62475.984
4.21157337745488,0.0686390466452808,23.7963925003866,62478.89
4.21170827730194,0.0680486225008825,23.790859004129,62481.796
4.21158856361711,0.0687294321610997,23.7963049337338,62484.702
4.2115997309256,0.0697334472344799,23.7968710677092,62487.609
4.21138725826822,0.0663021236730366,23.7865843423348,62490.515
4.21138379816866,0.0699166893926883,23.7839195019987,62493.421
4.21138831663202,0.07062547751877,23.7987890025176,62496.327
4.21148259561556,0.0700493874636174,23.7918947217337,62499.249
4.21161688530033,0.071031552956583,23.7843998865524,62502.156
4.21163876489588,0.066837788755415,23.7822637427603,62505.062
4.21136875703052,0.0721421660808213,23.7814809765832,62507.968
4.21143140222684,0.0688374575939313,23.7904554979262,62510.874
4.21170290583333,0.0690963604111514,23.7861407123801,62513.781
4.2112650425157,0.0686482282177995,23.779973097204,62516.687
4.21166574191043,0.0691160462871953,23.7756730988804,62519.593
4.21145913869182,0.070142869542314,23.775063020705,62522.499
4.21137541342394,0.0677995903100401,23.7830749593261,62525.421
4.21152142949581,0.067284224081372,23.7876822120017,62528.343
4.2117506907768,0.0675114510703434,23.7918787621454,62531.249
4.21170772424036,0.0683257126240867,23.7956248400288,62534.156
4.21152720361963,0.0703518266561069,23.8014956812689,62537.062
4.21154506235604,0.0704820713304263,23.8170120482256,62539.968
4.21132009051169,0.0693137499887503,23.8107564119387,62542.874
4.21176626413954,0.0686222150279166,23.8000509831165,62545.781
4.21147269537724,0.0700862365638249,23.8013394399388,62548.687
4.2115018836321,0.0677446409829157,23.8063012681863,62551.593
4.21110719417462,0.0676709767098597,23.817701717961,62554.499
4.21177834483455,0.0690860106662568,23.8285097245848,62557.406
4.21128174305702,0.0692696162402512,23.8277434085054,62560.327
4.21147990348291,0.0717027846135126,23.8275627303389,62563.234
4.21146544625201,0.0692433775269299,23.8434536190616,62566.14
4.21178849318035,0.0706448682374662,23.8273398823365,62569.062
4.21140725146075,0.0711215275253578,23.8236883672526,62571.968
4.2113115565753,0.0691108566992548,23.8289169653501,62574.874
4.21172011524066,0.0681951818275016,23.8257417550965,62577.781
4.21146924990852,0.0679824650786466,23.8278023819336,62580.687
4.21160319066219,0.0685878846451245,23.8237372570472,62583.593
4.21141140330541,0.0666315057817951,23.8292021282926,62586.499
4.21171220983275,0.0680637504573462,23.8225303854595,62589.406
4.21173373726703,0.0677104114337994,23.8212295326253,62592.327
4.21148742792455,0.0667445310635391,23.8171857346944,62595.234
4.21157071472826,0.0689068179239321,23.8169227426427,62598.14
4.21160126345553,0.0706532784743566,23.8177652863117,62601.046
4.21148500940496,0.0688349924782505,23.8160437569275,62603.952
4.21193550078231,0.0684736380548826,23.8152479394086,62606.874
4.21187152763955,0.0697012950644502,23.8205872306923,62609.781
4.2117111547782,0.0703634509807994,23.826465855875,62612.687
4.21145687729854,0.0686402660761572,23.8203879669727,62615.593
4.21176777108542,0.0711001375939086,23.818459704183,62618.499
4.21166734056346,0.065570686732587,23.8158086748262,62621.406
4.21158883888238,0.0652216469659926,23.8128255360381,62624.327
4.2118571585045,0.0680253478567017,23.808262330593,62627.234
4.21165147636994,0.0685923913679634,23.8097664972808,62630.14
4.21151085844536,0.070068888387722,23.8128417470768,62633.046
4.21147641855352,0.0710825767993024,23.8068697888204,62635.968
4.21157714297616,0.0664882856580915,23.8168565434587,62638.874
4.21173184565012,0.0696789902910491,23.8086669353644,62641.781
4.21187772041587,0.0682385539063309,23.8151766068695,62644.687
4.21158947192618,0.066171806313187,23.8137885175921,62647.593
4.21188387089784,0.0687875655238886,23.821543019833,62650.515
4.21165868240381,0.0657632351224756,23.8240716138192,62653.421
4.21155448947472,0.0698313060747416,23.821472815742,62656.343
4.21181850236662,0.0660750164507996,23.8353705943731,62659.265
4.2115609728532,0.0685496974130041,23.8280661146892,62662.171
4.21197138802997,0.0701949777082809,23.8350098671144,62665.077
4.21183512300048,0.0704144218735444,23.861713106046,62667.984
4.2119581951333,0.0711055738894136,23.8730971103475,62670.89
4.21184828685098,0.0710108336291906,23.8716784337657,62673.796
4.21182800918019,0.06364569458455,23.8641396733569,62676.702
4.21181390901096,0.0636043249759498,23.8725490960414,62679.609
4.21178427691063,0.0662240062106906,23.8579286235943,62682.515
4.21155570837414,0.0683848273919317,23.8535213666886,62685.421
4.21190416721447,0.0718713954110936,23.8511606893261,62688.359
4.21188440234257,0.0652261032638379,23.8669486659288,62691.265
4.21161759547649,0.0695832783352737,23.879980935283,62694.171
4.21191408060561,0.0665726646783738,23.8849013072595,62697.077
4.2118528945307,0.0664023493275561,23.8945276415229,62699.984
4.21176291277303,0.0708748084485954,23.8999561982877,62702.89
4.21190020289016,0.0694165038500097,23.8940438659055,62705.796
4.21215326670869,0.0707968643279348,23.8731862898037,62708.702
4.21174026234397,0.0629816629695815,23.8828046583631,62711.624
4.21189432453854,0.0653880970641481,23.8779132801917,62714.531
4.21195886584514,0.0625829346925979,23.8775248113801,62717.437
4.21191666647147,0.0690051765133483,23.8703813941839,62720.343
4.2123824897203,0.0690798484878513,23.891832507278,62723.249
4.21136239063731,0.0664162736715896,23.9084485673579,62726.156
4.21209258339959,0.0683266200666133,23.8960027733557,62729.062
4.21201976443359,0.0649080094844143,23.87636240108,62731.968
4.21211282491821,0.0623155428728321,23.8831224337315,62734.874
4.2120782189807,0.0695647723944341,23.8880544158241,62737.781
4.21219002415305,0.0694340148111968,23.8981437220291,62740.687
4.21195084309813,0.0691581741287563,23.891943850322,62743.609
4.21203009686418,0.0681021387358011,23.8894976192452,62746.515
4.21219538404096,0.0660977444920817,23.8930549968119,62749.421
4.21213153456645,0.0687580391941945,23.880495964823,62752.327
4.2121399130115,0.0651420535310513,23.8753282562358,62755.249
4.21209277449678,0.0670122303255806,23.8821223329152,62758.171
4.21192035017746,0.0671581400555383,23.8749863077333,62761.077
4.21218003173311,0.0642752020586197,23.8755577511013,62763.984
4.21218413637465,0.0679532811469746,23.8731583846855,62766.89
4.21199913305753,0.067774790043344,23.8768142495714,62769.796
4.21194951972315,0.069484552761148,23.8765931185084,62772.702
4.21204511546046,0.0696775077436664,23.8755599359791,62775.609
4.21211859573606,0.0662561014153377,23.8723801160189,62778.515
4.21214943557883,0.0652309395828706,23.8762914775306,62781.421
4.21187422152299,0.0676990502145828,23.8910154482419,62784.327
4.21216260975234,0.0638520369958634,23.8991215426756,62787.249
4.21249383316091,0.0689799864145881,23.904678964376,62790.156
4.2122557272606,0.0682299688827126,23.895586003628,62793.062
4.21217144028323,0.0658675201983189,23.9124918227861,62795.968
4.21241210174977,0.0701580284778319,23.909800539153,62798.874
4.21199028721527,0.0681215266720553,23.8976887546312,62801.812
4.21223874506781,0.0690686443082414,23.8928881977618,62804.718
4.21222508815415,0.0659018198544618,23.884390676128,62807.624
4.21214671756027,0.069127761144969,23.8736376253424,62810.531
4.21213702524278,0.0657761847453103,23.8668004460113,62813.437
4.21212127517453,0.067731535804237,23.8695505678674,62816.343
4.21207437991783,0.069426851222934,23.8540443047375,62819.234
4.21215463987456,0.0642263007214841,23.8543697346552,62822.14
4.21238522409105,0.0638125609743831,23.8536594909016,62825.046
4.21243001071926,0.0682176048653898,23.8568408794312,62827.952
4.21229170426588,0.0668341188648398,23.8630680703461,62830.859
4.21241362205718,0.0666084452141622,23.8550336968102,62833.781
4.21237439500007,0.0694942293167277,23.8559086904639,62836.687
4.21208492626203,0.070751338991013,23.8590819685766,62839.593
4.21244346015042,0.0695840383929219,23.8569430958556,62842.499
4.2124002473941,0.0661416407423165,23.8584438177298,62845.406
4.2124353918913,0.067957917508298,23.8658942888618,62848.312
4.21233134364407,0.0676264242652899,23.8733131015143,62851.218
4.21245081421749,0.0693027088512422,23.882222947845,62854.124
4.2124217113774,0.0669178792942993,23.8799717945024,62857.015
4.21228695823315,0.0695316577114234,23.8726032768517,62859.921
4.21279128881789,0.0669948172638921,23.8686647822985,62862.827
4.21255977097023,0.066839374114436,23.8756439339365,62865.734
4.21240415459521,0.0674176908814363,23.8774414852526,62868.656
4.21243557811925,0.0666432003904514,23.8831632761378,62871.562
4.21226629481211,0.0688460297782725,23.8910883134149,62874.468
4.21226036458074,0.0678267316053001,23.8912999621833,62877.359
4.21253140056364,0.0670865211998177,23.8948462960363,62880.265
4.21265612015241,0.0704721679638032,23.9161467372059,62883.171
4.21245374603476,0.0678336758968603,23.9217269203716,62886.077
4.21257837756917,0.0702433998812295,23.9098276653329,62888.984
4.21254117092571,0.0637860759143491,23.9017791241147,62891.89
4.21260957528638,0.068076682248665,23.8930568022797,62894.796
4.21258727943746,0.0712810010585694,23.8804908454749,62897.687
4.21252439764183,0.0654244390690833,23.8911834706772,62900.609
4.21240725884249,0.0677716986172507,23.8847583913481,62903.515
4.21245237713619,0.0650249706283158,23.8937168575569,62906.421
4.21242422833732,0.0677232826764699,23.9001766349211,62909.327
4.21211236992791,0.0673234874703708,23.9068998714828,62912.234
4.21242082422063,0.0666327576058665,23.9028606243792,62915.14
4.21261876122201,0.0639981751196825,23.9059478223588,62918.031
4.21253057672335,0.0657516673629982,23.8990560228203,62920.937
4.21265448618174,0.0668952573308772,23.9017393273608,62923.843
4.21254529382728,0.0657533380479719,23.9108028741723,62926.749
4.21281936539832,0.0675437298207303,23.9026357427792,62929.656
4.212628245331,0.0658407853168817,23.8838105099002,62932.577
4.2127109873303,0.0638034728393898,23.8846424699395,62935.484
4.21286398816907,0.0678137056801202,23.881403936156,62938.374
4.21267266023559,0.0663618397548729,23.8830449767105,62941.281
4.21284384801994,0.0636835944696048,23.8836054904118,62944.187
4.21286922349221,0.0671274646300802,23.9166989366599,62947.093
4.21286864728706,0.0673021090125867,23.9366728911969,62949.999
4.21266737744718,0.066028366519817,23.9298462598685,62952.906
4.21257065564537,0.0681728046574984,23.9237268151116,62955.812
4.21291648261144,0.0662601303936795,23.918645522452,62958.702
4.21253155674206,0.0678853787449593,23.913682769792,62961.609
4.21279263963813,0.0657797091581201,23.8990582056055,62964.531
4.21296363462187,0.0665866908376601,23.9078218638455,62967.437
4.21279344467318,0.0654945900698237,23.9039960530017,62970.343
4.21284725499277,0.0661039936528629,23.9062441388603,62973.249
4.21294635554802,0.0656858075330041,23.9046511729808,62976.156
4.21284026250898,0.0653059164494058,23.9103739965829,62979.046
4.21280772152149,0.0660671171630601,23.9075023263037,62981.952
4.21280056352998,0.064647279166488,23.9046183608544,62984.859
4.21280541387251,0.0673746834435923,23.9101687849308,62987.765
4.21284996005578,0.065778052622352,23.9156960892188,62990.671
4.21284146260594,0.0632757025904206,23.9140579056958,62993.577
4.21267474137171,0.0643593328626342,23.911116259638,62996.499
4.21304723826529,0.0672830897085716,23.9141712819897,62999.406
4.21306080505821,0.0670989378056278,23.9179447980906,63002.296
4.21279696435678,0.0638068591105613,23.9322880347673,63005.202
4.21298776930393,0.0644744143684306,23.9310158239852,63008.109
4.21319823252433,0.0643361087115895,23.9351414328597,63011.015
4.21294822423594,0.0666759044097558,23.9097479296009,63013.921
4.21308308844544,0.065355808016559,23.9190926306048,63016.827
4.2131232440106,0.0647207953865789,23.9232213217633,63019.734
4.21306212113133,0.0673459796315734,23.9146806574866,63022.624
4.21277385032032,0.0653032492642571,23.9252047529182,63025.531
4.21308701420355,0.0650587216505797,23.9306065583177,63028.452
4.21305169185696,0.0640393594253282,23.9277087292034,63031.359
4.21287338892984,0.0671423043221934,23.9366257207462,63034.265
4.21333251784377,0.0665484751651955,23.9369534283521,63037.171
4.21314965436006,0.0655994755032871,23.9474557842664,63040.077
4.21324341613893,0.0657060517421776,23.9492131096276,63042.968
4.21318157252199,0.06372451310918,23.9684706310778,63045.874
4.2133660567123,0.0639496216123475,23.9597945594612,63048.781
4.21317380212255,0.0676061752030465,23.9658516116631,63051.687
4.21320738499058,0.0633586497271907,23.9663791483361,63054.593
4.21295277650966,0.06570052688072,23.9777470149486,63057.499
4.21326787141719,0.0657380724470545,23.9732914253409,63060.421
4.21349402038609,0.0641564863984895,23.9607156297738,63063.327
4.21353803746061,0.0634923231211155,23.9406755310515,63066.234
4.21318810954356,0.0666497634190745,23.932578365863,63069.14
4.21340190189754,0.0640415959452813,23.9304119166125,63072.031
4.21313243633193,0.0679426630791908,23.9260447036154,63074.937
4.212927301129,0.0701539792357606,23.9293078483624,63077.843
4.21341568249767,0.0636052993460529,23.9334823291933,63080.749
4.21370034922866,0.0614601354100715,23.9269253283716,63083.656
4.21350677588887,0.0650176514618875,23.9337184848375,63086.562
4.21324307563975,0.0645408953052517,23.9268020767296,63089.484
4.21394443194305,0.0618550072474564,23.923943331581,63092.421
4.21301961172125,0.0662027369272716,23.9232447976208,63095.327
4.21348103318788,0.0661550203102913,23.9226246977589,63098.234
4.21261760994216,0.0666515345640736,23.9354915381292,63101.14
4.21361968044385,0.0658873906204435,23.945211356607,63104.046
4.21292514899409,0.0670066306207688,23.9384573891204,63106.952
4.21351847879203,0.0667779671689209,23.9283071960484,63109.859
4.21342775778835,0.0678919573834973,23.9247884905747,63112.765
4.21335118636671,0.0662620903437453,23.9331377108173,63115.656
4.21334671709464,0.0618535093006344,23.9488998692652,63118.577
4.21333462314542,0.064045569456905,23.9504097804221,63121.468
4.21355492970688,0.0625692521023774,23.9392868020458,63124.406
4.21332255436295,0.0652582621180496,23.9448398828677,63127.312
4.21352095607312,0.0652655752171724,23.9478531615215,63130.218
4.21361779912057,0.0638569461411292,23.9501533426767,63133.124
4.21348002910582,0.063690569212823,23.9670725957834,63136.031
4.2133937987906,0.0651680285397728,23.9641870944982,63138.937
4.21347125112978,0.0640864440431728,23.9628914817336,63141.843
4.21344507137556,0.0639917256051901,23.9607668126366,63144.749
4.21340930677846,0.0632869987581994,23.9597106278338,63147.656
4.21359287422331,0.0654952558361765,23.9630225966007,63150.562
4.21352422306321,0.0634266399939858,23.9637695349066,63153.468
4.21392382776136,0.0602409845848229,23.9634842254121,63156.374
4.21360309918907,0.0645315572080992,23.9731899814176,63159.296
4.21350589303401,0.0630260500491916,23.9716884312102,63162.202
4.21356471066826,0.065737501217237,23.966334879653,63165.109
4.21296869950001,0.0733585652480928,23.9589009682444,63168.015
4.21333884437308,0.0652898861686962,23.9493980891742,63170.921
4.21341832919786,0.0659579466924266,23.9462136744954,63173.812
4.21354818328807,0.0659472038304456,23.9554628225178,63176.718
4.21381283178965,0.0610784918212853,23.9534887074734,63179.64
4.21346774974284,0.0648537823937824,23.9576966622479,63182.531
4.21369599110904,0.0623899742308447,23.9611175072286,63185.437
4.21373772915375,0.0645529870878565,23.9568061454965,63188.343
4.21377332394696,0.064707913468271,23.9629917859312,63191.265
4.21373701460266,0.0659482975580143,23.9599813541468,63194.171
4.21367204495224,0.0666835078814724,23.9627853761242,63197.077
4.21384531439067,0.0663021623930563,23.9668509884045,63199.984
4.21383158272422,0.0658307771288013,23.9781442967313,63202.89
4.21360257511735,0.0645109981531704,23.9821762474122,63205.796
4.21372181135084,0.0620880925838979,23.9751339711234,63208.702
4.21381616896941,0.0603539681064297,23.9710855083134,63211.609
4.21389238341256,0.065870400261245,23.9574223082312,63214.515
4.21395112979974,0.0629187087578268,23.953233328442,63217.421
4.21371253721388,0.0644375288289264,23.9624945226011,63220.327
4.21398506986236,0.063008283965284,23.9667518705981,63223.218
4.21388329134865,0.0648185791781465,23.9671468961586,63226.14
4.21382445966084,0.0639394765321375,23.9627129862385,63229.031
4.21388594937627,0.0663371508505626,23.9663651549339,63231.937
4.21391659001867,0.0645209039894653,23.9646642830878,63234.843
4.21389571232923,0.0655655473447489,23.9639107881108,63237.749
4.2138553660357,0.0610136151002845,23.9675688391464,63240.656
4.2139592523415,0.0609499624274601,23.9706814432205,63243.577
4.21404235128499,0.0633429653254628,23.9745790972348,63246.484
4.21381272572513,0.0611877494365149,23.9804896783003,63249.39
4.21403565390261,0.0671009369843471,23.9749741388898,63252.296
4.21394190718129,0.0653319774150803,23.9766568647663,63255.202
4.2139684812965,0.0619872261035088,23.9855378007374,63258.109
4.21386665623543,0.0636453390621204,23.9835818254037,63261.015
4.21392216580092,0.0624695285205884,23.9725649972912,63263.921
4.21416960505116,0.0635473518859984,23.979660283701,63266.827
4.21389047483789,0.0641004202310391,23.9819617084329,63269.734
4.2140139846579,0.0630521818087165,23.9590299910382,63272.64
4.2140735251217,0.0656333827951844,23.9601372709887,63275.531
4.21401968037641,0.063248112637065,23.9602183412793,63278.437
4.21403204598411,0.0616472395772704,23.963556297926,63281.343
4.2140568868406,0.0618535395386051,23.9720578883241,63284.249
4.21401404654625,0.0644443693477616,23.9674342840226,63287.171
4.21413904077066,0.0644576877409393,23.9779922264077,63290.077
4.21418076232756,0.0642195851977253,23.9808358910845,63292.984
4.2140490181572,0.0646543473971158,23.9814687512426,63295.89
4.21399428845201,0.0626566198531022,23.9835863775859,63298.796
4.21417394802654,0.0614428672391924,23.979910198203,63301.687
4.2142712943115,0.0622547236604848,23.9700877276356,63304.593
4.21385214489902,0.0634602759918301,23.9680053353615,63307.499
4.21402281208646,0.0646155918913431,23.9773807950401,63310.406
4.21409530518437,0.0633540933000412,23.985581572408,63313.312
4.21415869846486,0.065433688044658,23.9810173239815,63316.218
4.21423157937298,0.0644844459751092,23.9722570532577,63319.14
4.21414882883662,0.0631454014578905,23.9779721393769,63322.031
4.21433443263758,0.0622241981183379,23.9812311431211,63324.937
4.21443446387205,0.0630699153765288,23.9844207519095,63327.843
4.21437432609059,0.0608172124447344,23.985901942202,63330.749
4.2142205233119,0.06472138787574,23.9811244157666,63333.656
4.21435868763771,0.0630650115828498,23.9909823009696,63336.562
4.21443889026725,0.0667703724560891,23.998465056445,63339.468
4.21457315285915,0.0668186818724478,23.9891688885783,63342.359
4.2124546952919,0.0376635057928637,23.9925327634421,63345.265
4.21221656248419,0.0411773393000808,23.9946210861648,63348.171
4.21212804134669,0.0417957053393237,23.9867033893419,63351.093
4.21220872136691,0.0437560526896155,23.9831675864805,63353.999
4.21226020065041,0.0416967749532266,23.9817481569297,63356.906
4.21190019571568,0.0417245198161277,23.9863220844607,63359.812
4.21184194278915,0.0419129359719969,23.9986497187117,63362.734
4.21185093086459,0.0420559512177323,24.010923585004,63365.64
4.2116249137988,0.0449560753566597,24.01229402664,63368.546
4.2118697399332,0.0409248020072131,24.0063107223423,63371.452
4.21197411377178,0.043470346513163,24.001838060325,63374.359
4.21181134356343,0.0411604350175383,24.011343500194,63377.265
4.21185021016548,0.0434251833223078,24.0132814863126,63380.171
4.2116738731562,0.0416042707530752,24.0049767886572,63383.077
4.21180564726574,0.0441449599608329,23.995601910195,63385.984
4.21154259974432,0.0426366089542381,23.9976010707102,63388.89
4.21179532518321,0.0414517988667552,23.9916927751109,63391.796
4.21160103574443,0.0403349823474223,23.9908308630277,63394.718
4.2117652771441,0.0397513498918261,24.0031586365975,63397.624
4.21169761188365,0.0416988518628515,23.9998644269898,63400.531
4.21150095567686,0.0437509181588995,24.0093287218345,63403.437
4.21171292545085,0.0426721471020999,24.0184207999131,63406.343
4.21149611084611,0.038853075818461,24.0192024546055,63409.249
4.21164974402065,0.0447847947795432,24.0220797084489,63412.156
4.21189831110211,0.045576529175899,24.0279012458258,63415.046
4.2115577362358,0.041448568017183,24.0309171381929,63417.952
4.2116059985283,0.0405999764892484,24.0247479330495,63420.859
4.21146720537345,0.0421519852493545,24.0103153891505,63423.765
4.21163976352784,0.0454488542314386,24.0101735800207,63426.671
4.21153930463058,0.0445399263650084,24.0235922470751,63429.577
4.2115445349913,0.0453749424030266,24.0186175731783,63432.484
4.21156566882763,0.0403558317804721,24.0135219933604,63435.39
4.21154907428213,0.0449035713659705,24.0262862014885,63438.296
4.21134276046482,0.039309195128533,24.024788096265,63441.202
4.21143729676921,0.0404575205510918,24.029567500966,63444.109
4.21136170807027,0.0427469941942627,24.0310450017641,63447.015
4.21136109175413,0.0424880744182215,24.0399140103229,63449.906
4.21132159747096,0.0420357483476296,24.0320483842332,63452.812
4.21142720782443,0.0432294536922402,24.0331978071513,63455.718
4.2112366425056,0.0452710684374825,24.0247789128946,63458.624
4.21140426530307,0.0435056343101416,24.0298193013605,63461.531
4.21146569685693,0.0449447295343671,24.0324040662895,63464.437
4.21154431596334,0.0427932300535929,24.0333239624181,63467.343
4.21108357318656,0.0437933542242148,24.0356221585727,63470.249
4.21147429296612,0.0426654245377,24.031646741723,63473.156
4.2114503065397,0.0430621446963055,24.0272613068277,63476.062
4.21124066138416,0.0390940842423785,24.013849461134,63478.968
4.21125030419458,0.0419317452494269,24.0253482852195,63481.874
4.211326883886,0.0445379888640372,24.0214434057964,63484.765
4.21111662356482,0.0438842629056032,24.0232356094362,63487.671
4.2115866046227,0.0426200861033654,24.0249503530656,63490.577
4.21126820239754,0.0412635389490824,24.0292555848333,63493.499
4.21128756256309,0.0417849306334909,24.0285195448319,63496.406
4.21155656823245,0.0468748250900134,24.029500408735,63499.312
4.21149840017753,0.0430607706526887,24.0244060400279,63502.218
4.21136107019057,0.0431840660255857,24.0267136921091,63505.109
4.21119972056627,0.0423436991720296,24.0398889187771,63508.015
4.21148304695814,0.0421485595400438,24.0355461066405,63510.921
4.21127062530558,0.0419709468301869,24.0335946840341,63513.827
4.21134178681792,0.0426846184286113,24.0287177395919,63516.734
4.21147367650218,0.0421742375065152,24.0273437474389,63519.64
4.21141412450191,0.0457826325522886,24.0310979518013,63522.546
4.21120570526582,0.0394811671347318,24.050594573453,63525.468
4.211624164104,0.0468214935727402,24.0486046471527,63528.359
4.21116760179299,0.0427857221825519,24.0491781989304,63531.265
4.21146097971428,0.0442582900916337,24.0559548612137,63534.171
4.21142088787775,0.0460397541971176,24.048717804739,63537.077
4.2112725900405,0.0436332627666677,24.055029921556,63539.984
4.21135202423356,0.0410758243913337,24.0532097015253,63542.89
4.21122778128447,0.0401733224453387,24.0526980822349,63545.796
4.21131250412596,0.0447824821926561,24.0430935704486,63548.702
4.21133737785699,0.0445551817088876,24.0355410649604,63551.609
4.21130837313557,0.0422934976923936,24.0312493270661,63554.499
4.21134424815589,0.042218384481063,24.0417532291465,63557.421
4.21125877398485,0.042389510411639,24.0500741593234,63560.327
4.21132759093179,0.043028278558533,24.0432840473461,63563.234
4.21120662230467,0.0418289508927762,24.0492556161639,63566.14
4.21142278304491,0.0430282638776414,24.0471112901669,63569.046
4.2113680560366,0.0425767452701787,24.0563971736795,63571.937
4.21143965816827,0.0425722703562148,24.0582328585764,63574.843
4.21129752294799,0.0425102106737931,24.0643513970164,63577.749
4.21148403989455,0.0436708376472382,24.0662247474729,63580.656
4.21149854121087,0.0425503607963704,24.0566209358834,63583.562
4.21145188005916,0.0431127792000847,24.0609697580899,63586.468
4.21112058275759,0.0413423874513753,24.0637234292514,63589.374
4.21132380608013,0.0424708707892437,24.0720458513531,63592.281
4.21135802551401,0.0427757908066209,24.0932804966178,63595.187
4.21144944365686,0.0425654201910854,24.0894501202039,63598.093
4.2114622392483,0.0437493972773829,24.0923774154246,63600.999
4.21135907537573,0.0428663603694028,24.0903600954852,63603.906
4.21129094235826,0.0445785064827087,24.1023950871402,63606.812
4.21147963316782,0.0425202078784064,24.0920971977852,63609.718
4.21133945317811,0.0413896513113336,24.0929105365685,63612.624
4.2111228542928,0.0427299426134074,24.0912160831003,63615.531
4.21136882677362,0.0424104902283619,24.0914821215436,63618.437
4.21129508206338,0.0437000615542084,24.0866946015594,63621.343
4.21134800350661,0.0419167132110703,24.0754709253626,63624.249
4.21145257621481,0.0405988142955526,24.0686356768552,63627.156
4.21127319264388,0.0429701245283431,24.0766903896167,63630.062
4.21141997374327,0.0426077374935718,24.0686378641596,63632.984
4.21158916331565,0.0439832100893321,24.0739889424682,63635.89
4.21111175333221,0.0439164596168672,24.0701559303747,63638.796
4.21119824497221,0.0433629749811788,24.0657196833099,63641.702
4.21138631990176,0.0417264499728432,24.0559956041291,63644.609
4.21158512752233,0.0421686984978487,24.0669281739437,63647.515
4.21149761781623,0.0430016222997676,24.0732918277835,63650.421
4.21177698008622,0.0416775432287542,24.0677951500352,63653.359
4.2115601918877,0.0420706642670074,24.0671081680105,63656.265
4.21130531625275,0.0441179111405091,24.0608947616991,63659.171
4.21133418439654,0.0412407712693269,24.0701101391301,63662.077
4.21134081719532,0.0423723015060934,24.0811437865992,63664.984
4.21151426981734,0.0442894939472133,24.0882665450568,63667.89
4.21139447057257,0.043173017079095,24.0922554669779,63670.796
4.21129794310571,0.0405735724191347,24.0940616367919,63673.702
4.21141638838283,0.0423123435374281,24.0924032807854,63676.624
4.21130548390027,0.0423235065697391,24.0975803499939,63679.531
4.21127240971558,0.045257009244212,24.0902768321482,63682.437
4.21136932047881,0.0429598389187453,24.0907024383674,63685.359
4.21139879880921,0.0413726193403473,24.0816559221395,63688.281
4.21139139535834,0.0431579987991979,24.0859371220004,63691.187
4.21127269121615,0.040869793912416,24.0880423918577,63694.093
4.2113980356028,0.0443106813374773,24.0978477381808,63696.999
4.21139959610512,0.0399182859246971,24.0989506152315,63699.906
4.21145576037591,0.0430056240713149,24.0984181316711,63702.812
4.21150090217492,0.0431010240428649,24.1129641155186,63705.718
4.21155764043362,0.0420738895426158,24.1032643650116,63708.624
4.21133954872846,0.0432709571300566,24.0979522828575,63711.531
4.21159842939979,0.042156764336316,24.1052392632195,63714.437
4.21124933271548,0.0426906057811609,24.1083741352858,63717.359
4.21162321954284,0.0424632772348357,24.1055624591002,63720.281
4.21179407350546,0.0432210235259765,24.115352668871,63723.187
4.21150883866991,0.0416522078011075,24.1181719818416,63726.093
4.21151651722088,0.0447311664703944,24.1210574157742,63728.999
4.21166991355184,0.040717309568424,24.1252163310361,63731.906
4.21145439086282,0.0402953592166196,24.1237553100604,63734.812
4.21139345028918,0.0448960335154217,24.128283427386,63737.718
4.21154728997734,0.0448146130729212,24.1357223297251,63740.624
4.21158234322115,0.0410901007452219,24.1297152971857,63743.531
4.2114976194315,0.0431068737089773,24.1187207781147,63746.437
4.21146997649654,0.0468420828539636,24.1065227747568,63749.343
4.21144243961857,0.0422943235172389,24.1092623141456,63752.265
4.21186790279491,0.0427447022732049,24.0969094884409,63755.171
4.2116564731623,0.0430419523101452,24.0988784828158,63758.077
4.21146783845065,0.042158223246694,24.0994679814036,63760.984
4.21153853841835,0.0441754449245495,24.1084148856331,63763.89
4.21159978834436,0.0431662053611552,24.1049600958349,63766.796
4.21171102823917,0.0413430641284105,24.09986854254,63769.702
4.21155176816685,0.0453956672127603,24.0942197516527,63772.609
4.21159997821049,0.0434232543138337,24.1050771074984,63775.515
4.21135057987782,0.0419613770657508,24.0952459614719,63778.421
4.21155409237931,0.039952559638284,24.0998236147637,63781.327
4.21149924399404,0.0450795459057182,24.1033040714322,63784.249
4.21158175274517,0.043570988051324,24.1093641482597,63787.156
4.2115414630227,0.0445722576392285,24.123240178334,63790.077
4.21129936393976,0.043282477072966,24.1287123487468,63792.984
4.21162035840699,0.0443494594231445,24.1371554821323,63795.89
4.21172515040511,0.0437520052484363,24.156588098459,63798.796
4.21146611642435,0.0436893597475356,24.1530280130944,63801.702
4.21131691823437,0.0415442157493358,24.1544729821912,63804.609
4.21121844163133,0.0430584217537064,24.1586954577024,63807.515
4.21171981340635,0.0419011651116071,24.157388067782,63810.421
4.21161070715829,0.0463003101005442,24.1450677097849,63813.327
4.21141582434092,0.0414765555966353,24.153739797215,63816.249
4.21164686928585,0.0411890746676771,24.1507329014363,63819.156
4.21188791315129,0.0427022926200471,24.1332399784973,63822.062
4.21167960835755,0.0393074850258619,24.1378799391103,63824.968
4.21159843257144,0.0390343026408676,24.1380897220429,63827.89
4.21176106371971,0.0421785766882614,24.1396521122472,63830.796
4.21167364626508,0.0435349613460704,24.1502290977955,63833.702
4.21155239298155,0.0419143577824626,24.1488086869618,63836.609
4.21153769755688,0.0445387657709334,24.1457196745352,63839.515
4.21158460448184,0.0434010149258063,24.1412992670898,63842.421
4.21147223051771,0.0421439581360567,24.147644562846,63845.327
4.211864408148,0.0427611322352878,24.1681996212096,63848.249
4.21146398564662,0.0425247137266674,24.1715708506931,63851.156
4.21144139744916,0.042852701778255,24.162648954914,63854.062
4.21151528322615,0.0444694928149585,24.1612602076663,63856.968
4.21159064163481,0.042447375466888,24.1465741513396,63859.89
4.21178648748863,0.0416893471738043,24.1585687174504,63862.781
4.21158987404739,0.0422140936257685,24.1582289119298,63865.702
4.21160047533858,0.0433931434706787,24.1523884467871,63868.609
4.21185694777655,0.0438112518502023,24.159948551914,63871.515
4.2117658150208,0.0425745365975217,24.1521706931887,63874.421
4.21150764735292,0.0424683670662746,24.1450677965044,63877.327
4.2117413425003,0.0419571327549388,24.1351944077828,63880.234
4.21196453998257,0.0461946607352275,24.1584280995712,63883.14
4.21179359710662,0.040290424755806,24.1549853618554,63886.046
4.21173990584206,0.0408661362310352,24.1637466503479,63888.952
4.21155822223264,0.0410177609123634,24.1600896743148,63891.859
4.21202935006501,0.0413511265381758,24.147826771267,63894.765
4.21175838303058,0.0403706794461586,24.1489734436742,63897.671
4.21153243855158,0.0378821721632181,24.1484852457764,63900.577
4.21179518478929,0.0411973958362665,24.1522805766989,63903.484
4.21162854630102,0.0443899742504894,24.1467931326433,63906.39
4.21205837896622,0.0404604753304613,24.1460801903324,63909.312
4.21186717262301,0.0394832327833762,24.1456627854065,63912.218
4.21202864816363,0.0409321648847273,24.1514273274365,63915.124
4.21193751372754,0.0398007069533055,24.1622422598601,63918.031
4.21169611811138,0.0418266412114725,24.1618445461951,63920.937
4.21198727355214,0.0475689172629234,24.1562470099362,63923.843
4.21183753084976,0.0387349075117812,24.1707027070261,63926.749
4.21210806936119,0.0423402943924635,24.1776487066002,63929.656
4.21146580814853,0.0415986098388201,24.1663018071466,63932.562
4.21173710157828,0.041949598439246,24.1728348784863,63935.468
4.21175363652029,0.0389762414531195,24.167709355982,63938.374
4.21182033396488,0.0429345032032118,24.1761626054821,63941.281
4.2119636925365,0.0422780085920266,24.1891146976672,63944.218
4.21175327945819,0.0418176607858392,24.1915596288301,63947.124
4.21183903575607,0.0413038120928692,24.1896462262182,63950.031
4.21189097125555,0.0401793296708506,24.1915801515528,63952.937
4.21172539056147,0.0410923634116806,24.1923667345262,63955.843
4.21194738546199,0.0412601457200134,24.1992377331388,63958.749
4.21177035232675,0.0435338126171388,24.1896973200955,63961.656
4.21178633989182,0.0400947584702056,24.1969307252492,63964.562
4.21192757022383,0.0426382234568377,24.1881162977299,63967.468
4.2117668215643,0.045060528106,24.1955481581735,63970.374
4.21197162431791,0.043346855877555,24.1896013012299,63973.281
4.21177213547805,0.0430670198906012,24.1918080741545,63976.218
4.21192520300482,0.0435011333417432,24.192799789726,63979.124
4.21174061023035,0.0460464052813769,24.1980714397495,63982.031
4.21194821091835,0.0398068668326334,24.2050936546545,63984.937
4.21179767845727,0.041351816499944,24.1999377453747,63987.843
4.21181634695748,0.042799760356443,24.2059465196763,63990.749
4.21183945810663,0.0409902092018336,24.2081417877946,63993.656
4.21198884155796,0.0412631445655511,24.2251834690702,63996.562
4.21196685840551,0.0409076574842555,24.2178631303877,63999.468
4.21198677899781,0.040110510329825,24.223086831018,64002.374
4.21165296358065,0.0428758888384648,24.2248194429558,64005.281
4.21174145107884,0.0428775945706522,24.2191117716778,64008.187
4.21208913752726,0.0442532126588326,24.2137203065571,64011.109
4.21185146791875,0.0426992072459693,24.2117552919654,64014.015
4.21204840670342,0.0386625499641399,24.2192613446026,64016.921
4.21206140092856,0.0442327757397799,24.2168490392602,64019.827
4.21195642688897,0.039195833385828,24.2064485352522,64022.734
4.21189554308227,0.0410404289342722,24.2125963892502,64025.64
4.21226325722896,0.0442759839997658,24.2070333362587,64028.546
4.21164065516727,0.0409371753672737,24.2054957789161,64031.452
4.21186194966476,0.0378290401026785,24.2193973503543,64034.359
4.21239045047367,0.0432764436534553,24.215706992315,64037.265
4.21196202117657,0.0451979822653084,24.2252753050838,64040.187
4.21194153268007,0.0418689009793938,24.2276157311406,64043.093
4.21208710945538,0.0408013103514464,24.2189208410679,64045.999
4.21199440271765,0.0433476512503737,24.2208464188915,64048.906
4.21195957087848,0.0405672687921379,24.224476378804,64051.812
4.21222834785139,0.0450840518585049,24.2218728968503,64054.718
4.21234580824825,0.0399473753681698,24.2059924885103,64057.64
4.21190686197992,0.0404876058250655,24.2102760222937,64060.546
4.2121870583669,0.0417147414919638,24.2072492612867,64063.452
4.21202298720376,0.0399575501414564,24.2089363357485,64066.359
4.21200175766085,0.0419390100140273,24.2137052550222,64069.265
4.21205433559012,0.0382072279533798,24.2174844905179,64072.171
4.21205364373002,0.0409791608129357,24.2001436603032,64075.077
4.21201009512704,0.0441049204414983,24.2108999751702,64077.984
4.21209336828493,0.0386662242120289,24.2146664347405,64080.906
4.21222137006896,0.0393667063775014,24.2114730323433,64083.812
4.21193051723332,0.0438847159021463,24.2050659961401,64086.718
4.21208439894606,0.0441604251809208,24.2117357418393,64089.624
4.21216073879292,0.0412568909507611,24.214717027243,64092.531
4.21197392084474,0.0394832801730953,24.2105972316405,64095.437
4.21188167860205,0.0396578675206659,24.2333776719993,64098.343
4.21208977553373,0.043217277948903,24.2494076516644,64101.312
4.21206838414364,0.0406365420250375,24.2558755772398,64104.218
4.21194398153086,0.0393558739715792,24.2545112030698,64107.124
4.21211040717304,0.0397317349769988,24.2504303460345,64110.031
4.2119248745675,0.0441697417949434,24.246522086755,64112.937
4.21222520967576,0.042864102748203,24.2449727027602,64115.827
4.21199347625634,0.0447202149466068,24.2447282155749,64118.734
4.21204058281346,0.0400677629486994,24.2427122106943,64121.64
4.21237035832334,0.0395177856254775,24.2291892040434,64124.562
4.21215764499966,0.0391752998487515,24.2325558579643,64127.468
4.21196228472763,0.0434295639979226,24.2273983510301,64130.374
4.21200290986169,0.0409921314307813,24.2422707754436,64133.281
4.21234308966775,0.0408297885944846,24.2445336621853,64136.187
4.21210337659233,0.0412163838911289,24.2511929359753,64139.093
4.21233350478091,0.0427845532805099,24.2632882066845,64141.999
4.21192587933568,0.0414997819450788,24.2592905379128,64144.906
4.21228057627459,0.0418537740034145,24.2555740351759,64147.812
4.21212278623381,0.043743172996152,24.248461989074,64150.718
4.2123798323171,0.0409041290240647,24.2588089939464,64153.624
4.21212899817554,0.04253549706669,24.2741925090542,64156.515
4.21222173479097,0.0408970359336145,24.275921571229,64159.421
4.21207595389234,0.0431221755637653,24.2724602552577,64162.327
4.21206375873618,0.040390789330899,24.2624811361387,64165.234
4.21224714663312,0.0393637470152336,24.2535618067374,64168.156
4.21233786326784,0.042755854292188,24.2594224103625,64171.046
4.21210624265542,0.0399282325126437,24.256704117342,64173.952
4.2122278259822,0.0450264252808397,24.2564744752341,64176.859
4.21215680841764,0.039881407977864,24.2572463215345,64179.765
4.21239482581291,0.041393271654889,24.247829299136,64182.671
4.21215161800102,0.0397949467187501,24.258703096631,64185.577
4.21241874398421,0.0423574888780936,24.2625600349268,64188.484
4.2122818398026,0.0403010534476139,24.277796557482,64191.374
4.21220278535433,0.0410973803547596,24.2735263609492,64194.281
4.21229282994207,0.0418205458564254,24.2816751978163,64197.187
4.21233207015759,0.0386840637755867,24.283893010612,64200.093
4.21214650067028,0.0398344203713747,24.2890734117198,64202.999
4.21248214824419,0.0408772129362303,24.295765791156,64205.906
4.21210423705819,0.0412610809372866,24.2996060601307,64208.812
4.21233327163166,0.0428875250846175,24.2954488926295,64211.718
4.2123129102032,0.0443975261860028,24.2874124333249,64214.624
4.2125560459768,0.0423266272404709,24.2884087803755,64217.531
4.21215017090711,0.0403616981581297,24.299259594484,64220.437
4.21246948272944,0.0430071055090565,24.2956931111218,64223.327
4.21244650410846,0.0409260186781787,24.2950747491642,64226.234
4.21229422196975,0.042935715045144,24.2992087906378,64229.14
4.21232620656821,0.040228478299002,24.2987302352826,64232.062
4.21232934214504,0.0396540888669441,24.2985193655702,64234.968
4.21236374438559,0.0380571105553151,24.2945747686571,64237.874
4.21244717042974,0.0423725279728114,24.2955814582695,64240.781
4.21205400484569,0.0399057575177092,24.2935038874448,64243.687
4.21247562085693,0.0412213847348427,24.2951956626866,64246.593
4.21247545380254,0.0410552086776802,24.2900155764301,64249.499
4.2127416452809,0.0400276908958249,24.2831313544972,64252.39
4.21244991765753,0.0389784712851598,24.2818210293464,64255.296
4.2122300444163,0.0397316760585215,24.2732389738644,64258.202
4.21249649718358,0.0391963899061468,24.2773789777792,64261.109
4.2125871375763,0.03462694976183,24.2783807479697,64264.031
4.21258786155714,0.0401116379497894,24.2728035658156,64266.937
4.21196094434235,0.0433160440720487,24.269341777686,64269.827
4.21269740644931,0.035900110212779,24.264528218337,64272.734
4.21294958597895,0.035179030275115,24.2681507761001,64275.64
4.21237032732882,0.0413644092740761,24.2707979521394,64278.546
4.21235321399602,0.0381298947931608,24.2722571180142,64281.452
4.21263017339494,0.0407648154565525,24.2753652530829,64284.359
4.21239374693969,0.0386323042929847,24.2744190009859,64287.265
4.21234644415135,0.0393039791086061,24.2757421941686,64290.171
4.21256976163986,0.0427007258107925,24.2761526333334,64293.062
4.21235766176116,0.0422188352675569,24.2750382894243,64295.984
4.21264757232856,0.039623785101801,24.2818933213614,64298.89
4.21264390955757,0.0386539847411312,24.2852642574903,64301.796
4.2125554370924,0.0419467136736744,24.2927609315305,64304.702
4.21268013283175,0.0400692042671573,24.2953816703342,64307.609
4.21261419197829,0.0431229243409499,24.292174429387,64310.499
4.21244567809145,0.0405868527119764,24.3028187669996,64313.406
4.21236577195354,0.0412644214256249,24.3107240949911,64316.312
4.21252080102123,0.0388519124073788,24.3107575156437,64319.218
4.21278141355399,0.0410903501836751,24.3155755644615,64322.124
4.21265964646111,0.0427855749099343,24.3011073708385,64325.031
4.21275924515144,0.0423467279071299,24.3005031635167,64327.937
4.21257473352833,0.0419982873014553,24.3015653945066,64330.843
4.21274038177669,0.0395170707415615,24.2825510910295,64333.749
4.21284866656882,0.0400501386854369,24.2899666243987,64336.656
4.21243457019876,0.03932217215203,24.2850598549468,64339.562
4.21298682420674,0.0438271776831509,24.2995225059915,64342.468
4.21276441614098,0.040258387390503,24.3242945844863,64345.374
4.21274638062835,0.0414791452256053,24.3343543230408,64348.265
4.21239545090902,0.0393563703339337,24.3148793546927,64351.171
4.21259719367277,0.0360724851965923,24.3191217886444,64354.077
4.21274943823318,0.0396952386824642,24.3194566390934,64356.984
4.21296730628623,0.0379193789250487,24.3190871530908,64359.921
4.21272351652589,0.0373648884849164,24.3260856095793,64362.812
4.21268749050356,0.0411532003692617,24.3273308453007,64365.718
4.21263123016455,0.0408833639998091,24.3274323097906,64368.624
4.21273996398935,0.0426493083767466,24.3300240447588,64371.531
4.21280680036651,0.043442872427479,24.32685547314,64374.437
4.21278333399591,0.0395305141633885,24.3167014644652,64377.343
4.2126363096975,0.0409472057739231,24.3161627167906,64380.249
4.21280453242238,0.0382751214728242,24.3356309158642,64383.14
4.21252471643127,0.0396408604124454,24.3381517302994,64386.046
4.21284102242667,0.038088070220316,24.3414077571504,64388.952
4.21275068292958,0.0383258098108416,24.3378984951123,64391.89
4.21258665326028,0.040578942450759,24.3384235454659,64394.796
4.21265666326553,0.0398481943287877,24.3386436000959,64397.702
4.21259133220654,0.0420291161163856,24.338991526361,64400.609
4.21288938382405,0.0436441572440046,24.3329390906863,64403.515
4.21237571333667,0.0398418694591258,24.3310256507406,64406.421
4.21292011420658,0.0407436915598567,24.3254145329945,64409.312
4.21317489633086,0.0379208520567831,24.3235522470432,64412.218
4.21287361602823,0.0419902234267866,24.3275728625249,64415.124
4.21271212546874,0.0409202968753764,24.3285088866279,64418.031
4.21255739260263,0.039730229403599,24.3336565467326,64420.937
4.21263824508251,0.0437948278921859,24.3336165961199,64423.843
4.2129109797843,0.0424449708034061,24.3372792911415,64426.749
4.21283807902018,0.040944310961863,24.355572170166,64429.656
4.21297064885233,0.0415099590330133,24.3613047949183,64432.562
4.21301266065715,0.036009122353039,24.3572058916995,64435.468
4.2127278607516,0.0373359118057015,24.3559521978001,64438.359
4.21284224707799,0.0408642972298342,24.3570919645735,64441.265
4.21294386464773,0.0380338072830182,24.3621868692005,64444.171
4.21259519889789,0.0395613755567371,24.351287259175,64447.077
4.21298033807658,0.0400715070554718,24.3509220925152,64449.984
4.21305864024028,0.0409498567514624,24.3550612438078,64452.89
4.21287018927071,0.0381601478475462,24.3635076609445,64455.796
4.21263636849451,0.0421582368078885,24.3647607035611,64458.718
4.21276837943562,0.0400862036713244,24.3688050636675,64461.624
4.21294378687649,0.0389050503694614,24.3683814186828,64464.531
4.2131179944393,0.038978716181276,24.3645778270588,64467.421
4.21318441640935,0.0395467020180597,24.3596678404964,64470.327
4.21294103826593,0.0381805873236917,24.3505496693628,64473.234
4.21301414485167,0.0415457918281995,24.3566564030169,64476.14
4.21292438219488,0.0396822473274121,24.3583702519461,64479.046
4.21306272648224,0.0404769976751913,24.3730317877754,64481.952
4.21289496643897,0.0394789270914192,24.3636941048543,64484.843
4.21284668691715,0.0402635518796077,24.367914554075,64487.749
4.21303525860972,0.0391818136265195,24.3743276242637,64490.671
4.21299639162254,0.0371716050722495,24.3724099962299,64493.577
4.21283623313807,0.038378355436482,24.3701851685392,64496.484
4.21344260653135,0.0358159348234823,24.3825801107737,64499.39
4.21317773975937,0.0388247645614614,24.3851089329852,64502.281
4.21318428444985,0.0411186088238358,24.3816792343129,64505.187
4.21301245599286,0.0385359014217063,24.3814136137576,64508.093
4.21298028808396,0.0422016037452933,24.3918938055624,64510.999
4.21310842354526,0.0384040342649094,24.3868874494714,64513.906
4.21303782947386,0.0414314121280438,24.3945324920878,64516.812
4.21308310274794,0.0370681184662279,24.4112726502723,64519.702
4.2132902446189,0.0412547517757216,24.4193408374466,64522.624
4.21308349169555,0.0398984384963343,24.413410735802,64525.531
4.21298755059393,0.0384590168836485,24.4046371110649,64528.437
4.21317142699611,0.0360556279306605,24.3939566982093,64531.343
4.21315838664281,0.0373761538573769,24.3906580795966,64534.249
4.21311755085702,0.0372735657407133,24.4007631204983,64537.156
4.21309104801922,0.041111714780841,24.395430146794,64540.046
4.21318370863341,0.0410186937849697,24.384984244513,64542.952
4.21306823068797,0.0382416561889236,24.3813319806276,64545.859
4.21331374067326,0.0405337348485308,24.3720646188561,64548.765
4.2130712928113,0.038692155857006,24.3819555583824,64551.671
4.21308817765085,0.0383057022758182,24.3842292125009,64554.593
4.21327265034167,0.0383483003002585,24.3822524304058,64557.499
4.21308671520624,0.0391804086319533,24.3892177675208,64560.406
4.21308490131137,0.0367607690399013,24.3844516951094,64563.296
4.21309085116881,0.0431987271582116,24.3857090645785,64566.202
4.21330696561587,0.0389416604111053,24.3893058179856,64569.109
4.21336012257758,0.0392064865567445,24.3895314958642,64572.015
4.21308488557389,0.0380234949567403,24.3912304360895,64574.921
4.21320986862722,0.0381638949947754,24.3902405307078,64577.827
4.21317194663801,0.0397463623680529,24.3934975341021,64580.734
4.21327690128306,0.0375273650090594,24.3873225991975,64583.64
4.21333281114631,0.0380239833646778,24.3804446978229,64586.546
4.21330603883592,0.0408002466461742,24.3865040815946,64589.468
4.2131259927273,0.0376394900968881,24.3874113949381,64592.374
4.21331238428964,0.0399472660552349,24.3788014160157,64595.265
4.21341015902221,0.0406819379577689,24.3742350554062,64598.171
4.21337445385987,0.0359752384872626,24.3774551556548,64601.093
4.21327423480859,0.03913871515316,24.3763290112925,64604.015
4.2131091263007,0.0394159653066088,24.3789112365299,64606.937
4.21301167694964,0.038181720517343,24.3911730843996,64609.843
4.21352969468671,0.0407424278443694,24.3994447933814,64612.812
4.21326907176596,0.0385064788360663,24.405689365279,64615.765
4.21311376855852,0.0403650176938189,24.4127205538865,64618.796
4.21346237273241,0.0372893885805209,24.4146685517178,64621.827
4.21315848893503,0.0406460572621905,24.4122765239116,64624.859
4.21329666178839,0.0383048896849256,24.4003544103047,64627.89
4.21347222702485,0.0399542356097446,24.4042710473424,64630.89
4.21307773123597,0.0370578570018217,24.3991110220626,64633.921
4.21363137679147,0.0398000726291325,24.3945765595865,64636.859
4.21331033249349,0.0413964634294638,24.3996504408904,64639.827
4.21355756629163,0.0389634104225927,24.4084740507802,64642.843
4.21316794715093,0.0393005443270244,24.4080776255983,64645.89
4.21325084628132,0.0378386868233689,24.4058210975474,64648.921
4.21338491388942,0.0370129529543118,24.4098817621497,64651.906
4.21329621068409,0.0377820036290048,24.4045315719082,64654.952
4.21359419540658,0.0388290074112973,24.4050499886701,64657.906
4.21350687377714,0.0371347171789029,24.4075491083051,64660.859
4.21353088585718,0.039291629306171,24.4131971937891,64663.859
4.21372962046422,0.0371408265992088,24.4141008297514,64666.89
4.21341682628214,0.038724401543473,24.4211718385959,64669.874
4.21360531062746,0.0354385193568281,24.4182676990242,64672.843
4.21307024869144,0.0382448120888995,24.4045207900499,64675.906
4.21350218353235,0.0380675386052503,24.4064489059725,64678.906
4.21340923052892,0.0378106834769317,24.4161243549416,64681.89
4.21388904313324,0.0364080560176679,24.4271416859365,64684.859
4.21355348739564,0.0402490711354585,24.4357123688994,64687.796
4.21364134026968,0.0362896333986425,24.4409450021498,64690.749
4.21356238181541,0.0400479282790133,24.4349669639383,64693.656
4.21335171620803,0.0377095703627569,24.4341124166073,64696.577
4.21353691602562,0.0391628764037971,24.4299047032231,64699.499
4.21339580572226,0.0385884509912368,24.4288631557602,64702.468
4.21325806983982,0.037990468378466,24.4252947792231,64705.39
4.2134142503651,0.0368823204753612,24.432709993818,64708.312
4.21371203945568,0.0404482888906392,24.4432522946994,64711.218
4.21337002215638,0.0391789052862198,24.4407938962905,64714.14
4.21361474002031,0.0374651224408699,24.4294901586394,64717.062
4.21343470034591,0.0366586534070495,24.4355594383235,64719.999
4.21360911498577,0.0404485770731353,24.4378532814201,64722.906
4.21351358791568,0.0375394049656275,24.4338178749662,64725.812
4.21373521135065,0.0394259001223468,24.4394236565206,64728.702
4.21347576288759,0.0358896471503845,24.4501499715855,64731.609
4.21359792867436,0.0376200251317082,24.4478244777662,64734.531
4.21368862958829,0.0375582797698485,24.4551743032744,64737.437
4.2138491035815,0.037879117912076,24.4561741761811,64740.343
4.21377118619991,0.0390312445797334,24.4452987931123,64743.249
4.2136544540368,0.0370835582200007,24.4487118239014,64746.14
4.21359255768801,0.0407304593711427,24.4420554590781,64749.046
4.21369174396336,0.0379034886991182,24.4525380631851,64751.952
4.21362810254253,0.0404138834865655,24.4533983981183,64754.859
4.21362424908762,0.0378400483021627,24.4445408117442,64757.765
4.21384634397425,0.0386903508483192,24.4449871395845,64760.671
4.21382932748528,0.0388003181238321,24.4496430144875,64763.577
4.21364271201901,0.0391575640560369,24.4594245609754,64766.499
4.21363793752527,0.0367779474582794,24.4697338184968,64769.39
4.21359871399308,0.0367747808966681,24.462428025722,64772.296
4.21384136764983,0.0402988274463063,24.4687764096054,64775.202
4.2135368516944,0.0382706403786373,24.4773054080715,64778.109
4.21350626026961,0.0367227049564631,24.4749827583643,64781.015
4.21366665140532,0.0348495648305457,24.4898651355146,64783.921
4.21373062796457,0.0385136707089161,24.4866065334676,64786.827
4.21381914447908,0.0385772977923588,24.5127082381173,64789.734
4.21380192393463,0.0375541937868819,24.503736038068,64792.64
4.21386082434897,0.0376328251025066,24.5078938512971,64795.531
4.21344436716051,0.0378773480256233,24.5050464413924,64798.452
4.21369466234839,0.0375933658927987,24.4919673282016,64801.359
4.21382234264274,0.0386553255778346,24.4852061632934,64804.265
4.21361963481475,0.0372766953154987,24.490951230614,64807.171
4.21388187327397,0.0390294284722675,24.4928331931175,64810.077
4.21373785722801,0.0380411600263036,24.4912619820331,64812.984
4.21380385557713,0.0385795769734721,24.4845754060442,64815.89
4.21392130150562,0.0371143976925133,24.4878179215845,64818.796
4.21390750560279,0.0370662811979196,24.4897820504175,64821.687
4.2138777686839,0.037679909721061,24.482257262062,64824.609
4.21392895855387,0.034216709368527,24.4864189963575,64827.515
4.2137486519789,0.0374381177703522,24.4806553967293,64830.437
4.21376059343085,0.039833334551183,24.4783912578771,64833.327
4.21403292134799,0.0376323997157186,24.4729570736547,64836.234
4.21386106983134,0.0374563969355754,24.4778301846309,64839.14
4.21400345874588,0.0399504498883889,24.4881356855908,64842.046
4.21374710204653,0.0375544998580783,24.4838271873866,64844.952
4.21383984951232,0.0358613991271358,24.4904545365267,64847.859
4.21400914992465,0.0364461568314893,24.491048370886,64850.749
4.21380893575311,0.0372455121418233,24.4787909599899,64853.656
4.21386937164346,0.0378474612052475,24.4809393169659,64856.562
4.21399356160603,0.037846622082772,24.4760018421503,64859.468
4.21378476512185,0.0382158203298533,24.4727348212725,64862.406
4.21376317757009,0.0385192673036486,24.4911233494429,64865.296
4.21394345551425,0.0372087567941674,24.4889271037151,64868.202
4.21382370988668,0.0353086707724354,24.490042318944,64871.109
4.21363978369509,0.0388286621735073,24.4916286812524,64874.015
4.21395727656201,0.0366355521009624,24.4935721498907,64876.921
4.21405615741345,0.0364810330300668,24.4998900869785,64879.827
4.21368174834644,0.0372924454155268,24.4992185090814,64882.718
4.2140162167897,0.0378912588884261,24.4960554267157,64885.624
4.21382493384268,0.0382047841011072,24.4929431831859,64888.531
4.21388392136952,0.0402059139961738,24.5018010157129,64891.437
4.2141083590149,0.0389319935321165,24.5046428039688,64894.359
4.21395157420104,0.0358964904022021,24.4970945679292,64897.265
4.21377299318412,0.0379861050340749,24.4969426096911,64900.171
4.21385738128574,0.0347902447622446,24.4999014689049,64903.077
4.21401928160296,0.0352523693350847,24.5174600920285,64905.984
4.21379738052802,0.0338970510692755,24.5178503223621,64908.874
4.21365350855762,0.0355487054197965,24.5194041057389,64911.781
4.2139992997132,0.0374154980625755,24.5091818899974,64914.687
4.21390095754546,0.037123326964285,24.5132270753402,64917.593
4.21417234367847,0.0380340243454142,24.5087725138626,64920.499
4.21381212751223,0.0356683524816282,24.5051789246047,64923.39
4.21413040064363,0.0314163015230983,24.5118466660579,64926.296
4.21387585213857,0.0396573011684167,24.5114531284212,64929.218
4.21417306715918,0.0300478943350648,24.5172011732086,64932.124
4.21423986324053,0.040711772116493,24.5189011885095,64935.015
4.21418651187315,0.0352745606235668,24.5121382030706,64937.921
4.21373532934446,0.0452506188865046,24.5046751022283,64940.827
4.2141607290374,0.034862838300615,24.5002965909371,64943.734
4.21380474125741,0.037911883371888,24.508524915706,64946.64
4.21393018357409,0.0359643360577768,24.5081973113256,64949.546
4.21408914789551,0.0379653001341545,24.5141702657962,64952.452
4.21423554786691,0.0350486956184895,24.5193874472504,64955.343
4.21424582299903,0.0386898315270773,24.5069756887877,64958.249
4.21404135652875,0.034608011780891,24.5095461373675,64961.171
4.21407123857521,0.0386442080708591,24.5127080043178,64964.062
4.21415878166079,0.0370265261575948,24.5051887650983,64966.968
4.21430446163346,0.041061953581281,24.5033047077252,64969.89
4.21415966644825,0.0389098758516351,24.5108203322922,64972.781
4.21446926052974,0.0397497067921891,24.4937884636465,64975.687
4.21401540133806,0.0355130366976571,24.4958300306892,64978.593
4.21401247470852,0.03359427384886,24.5245013743165,64981.499
4.2142991812985,0.0410302651421381,24.5218448500379,64984.406
4.2141777375519,0.0360208382353968,24.508785998953,64987.312
4.21420639529385,0.0380354444932381,24.5123650273307,64990.218
4.21416867422327,0.0360681331504064,24.5156996157765,64993.14
4.21396763159627,0.0385431576162382,24.5276699292703,64996.046
4.21404036024563,0.0371026920693299,24.5240534839709,64998.937
4.21378613092057,0.038842211453219,24.5166330722168,65001.843
4.21400848035644,0.0424756366910841,24.5276342494511,65004.749
4.21439100142316,0.0350965573610567,24.5223657241385,65007.656
4.21416897247834,0.0382698852478625,24.5168606847798,65010.562
4.21411442819203,0.0367365993116569,24.5200459792439,65013.468
4.21405389043035,0.035957778879053,24.5186832249287,65016.374
4.21460573402199,0.0366034900839895,24.5287614025475,65019.281
4.21241192997201,0.0133395288174478,24.5364010431218,65022.171
4.20836456289304,-0.00618957488541956,24.5332225725764,65025.031
4.20881225299702,-0.00101963531254109,24.5293759822287,65027.906
4.20891074453175,-0.0058106191128206,24.5429914399217,65030.781
4.20885410711034,-0.00554624156227555,24.54602278687,65033.671
4.20893965856516,-0.00199643256594029,24.5447314840543,65036.546
4.20886994589981,-0.0035429900787105,24.5523127467526,65039.437
4.20863202941493,-0.000782402273422042,24.5588787344954,65042.312
4.20912948376985,-0.00159317045999867,24.5648665629826,65045.202
4.20864505792324,-0.00422338369922804,24.5582491192555,65048.077
4.20896336054572,-0.00316987720199799,24.5527462354911,65050.968
4.20874685322702,-0.00349119998033955,24.5568993580418,65053.859
4.20898102195245,-5.95743003687573e-05,24.545314853367,65056.734
4.208684206433,-0.00306144248800398,24.5446946887453,65059.64
4.20838785923357,-0.00180189829625501,24.5590754042271,65062.484
4.20909467280747,-0.00554520696669023,24.5543176289689,65065.327
4.20890353451967,-0.00831072721071282,24.552457291328,65068.187
4.20847140834914,-0.00643469078112418,24.5421356371137,65071.062
4.20850856869606,-0.00478917875584445,24.5469286582004,65073.952
4.2084548491348,-0.00559339896847151,24.5429917990412,65076.827
4.20844751873496,-0.00594119089960211,24.5467520481445,65079.718
4.2082455964203,-0.00163441131998241,24.552435611076,65082.593
4.20821585320174,-0.00433907931768194,24.5479625511346,65085.484
4.20819423791363,-0.00653965290490031,24.5575040944005,65088.374
4.20818241082632,-0.00566922960413753,24.5719041427136,65091.249
4.20815661688242,-0.00301141154773406,24.5581637970189,65094.156
4.20788003018162,-0.00375677223001077,24.5509126374073,65096.999
4.20827949159748,-0.00226733658678618,24.5550463951906,65099.859
4.20779745667329,-0.00455487901741382,24.5606422829562,65102.702
4.20800683030405,-0.00556264218168029,24.56076210319,65105.577
4.20807556387051,-0.00559945528480508,24.5551670476717,65108.468
4.20770774403539,-0.00100073253933567,24.5494385416905,65111.343
4.20785479976425,-0.00677273383887827,24.5542353910116,65114.218
4.20801387918494,-0.00627697799833769,24.5528965359244,65117.109
4.20775198486126,-0.00266104374456284,24.5566819142784,65119.999
4.20767727403819,-0.00144394880693602,24.554752243067,65122.89
4.20786847123431,-0.00564401003594531,24.5457919183276,65125.781
4.20785435091638,-0.00623330854250188,24.5456356588,65128.656
4.2075983754247,-0.00496713602888438,24.5580418502031,65131.531
4.20766988726017,-0.00741235827254453,24.5563649961018,65134.421
4.20761471988745,-0.00271498546885632,24.5540833656844,65137.296
4.20748029620724,-0.00564838048501459,24.5625679744754,65140.187
4.20775528712725,-0.0036888173161449,24.5599172310614,65143.062
4.20762878034207,-0.00415909606431944,24.5684398221753,65145.952
4.20747512181026,-0.00382405457471561,24.5650389827308,65148.827
4.20758715123294,-0.00262964702393226,24.5789503833819,65151.718
4.20718746937919,-0.0048384900379129,24.5881789868213,65154.593
4.20750359862731,-0.00815313265719882,24.5846252318345,65157.499
4.20718488560885,-0.00136499648106908,24.5862316508926,65160.343
4.20729921899818,-0.00624709520686322,24.5961725651595,65163.202
4.20746824411448,-0.00477075104610699,24.5883662269942,65166.046
4.20716978437024,0.000396257985988072,24.59759630196,65168.921
4.20735007778132,-0.00135398924772577,24.5983439385087,65171.812
4.20704227049103,-0.00533563222564373,24.5970780557448,65174.687
4.20709747654725,-0.00469206936922043,24.5996078820289,65177.562
4.20709427376323,-0.0036355842473259,24.6098319354115,65180.452
4.20708645510411,-0.00527853189306113,24.5978508128344,65183.327
4.20724190546158,-0.00493960007152028,24.5978250204411,65186.218
4.20706584641962,-0.0046390636447143,24.6040739684278,65189.124
4.20722211700929,-0.00420210782921948,24.6057525546873,65191.968
4.20693191126604,-0.00318998650414183,24.6038727106935,65194.827
4.2070123927527,-0.00200525142311066,24.6052546962549,65197.671
4.20701573464094,-0.00386240678297008,24.6170249412022,65200.562
4.20701670531553,-0.00416257601874289,24.6135883364925,65203.437
4.20682899425469,-0.00594465589881885,24.6187585157599,65206.312
4.20697777206116,-0.00328701138978406,24.6148260768231,65209.202
4.20692868386864,-0.00197167402259202,24.6231026688193,65212.077
4.20687988021058,-0.00346955747221951,24.6192222555372,65214.952
4.20692567060737,-0.00437434237760639,24.6123890241679,65217.827
4.20688151235919,-0.00455436680981676,24.612972225531,65220.749
4.20675780085009,-0.00413983123500685,24.6093083781089,65223.593
4.20695773918368,-0.00110145854620471,24.6085116832026,65226.452
4.20663713030932,-0.00667414162900792,24.6011051846047,65229.296
4.20670380769425,-0.00248875933596975,24.6026614230879,65232.171
4.20687573483479,-0.00218494429569288,24.5985853853711,65235.046
4.20696680454361,-0.00488881079048396,24.6055686795389,65237.937
4.20680408630658,-0.00269159283136355,24.6047946276352,65240.812
4.20644833714422,-0.000956683336461669,24.6014880910064,65243.702
4.20671964670905,-0.00504697804333644,24.6082913509252,65246.577
4.2065313853163,-0.00470714811160093,24.605286410191,65249.468
4.20658086095699,-0.00272906599777581,24.6482486841892,65252.343
4.20681988456512,-0.00434360929913665,24.6584804751953,65255.249
4.20635556976732,-0.00395006726475601,24.6628207285198,65258.093
4.2064234846361,-0.00391337428136197,24.6483217708111,65260.952
4.20652292333559,-0.00514938846422467,24.6451858240203,65263.812
4.20666285874166,-0.00329433740339163,24.6457017868837,65266.687
4.20646632045067,-0.00654004043143709,24.6409400419752,65269.577
4.20636879807248,-0.0029309088281765,24.6368628680096,65272.452
4.2065910032189,-0.00360241207785735,24.6375879723873,65275.343
4.20643001233545,-0.00408795089342453,24.6296758545426,65278.218
4.206443623244,-0.00165821766694195,24.6282137740673,65281.124
4.20646266290959,-0.00118363096282754,24.6282937120916,65284.015
4.20615976050675,-0.00419428117382372,24.6237462584078,65286.89
4.20625055022981,0.00197585579269098,24.6066737890291,65289.765
4.2062876863536,-0.00533099201567211,24.6009903833586,65292.656
4.2065300494765,-0.00419319819037419,24.609653032601,65295.531
4.20623935295768,-0.00189195180335652,24.5947009090226,65298.421
4.20626673118864,-0.0058747756054306,24.5981125176907,65301.296
4.20628632363759,-0.00586261656682267,24.6004646432462,65304.187
4.20624571939993,-0.00769352071501116,24.6030467894916,65307.062
4.20615128706577,-0.00334818770418106,24.6010677547203,65309.937
4.20632325309578,-0.00318695392768515,24.6066167648554,65312.827
4.20631597012944,-0.000766929619095634,24.606920573886,65315.702
4.20638710892423,-0.00540364729396603,24.6125497310183,65318.609
4.20610336918595,-0.00191738233237392,24.6200726866107,65321.452
4.20610336314135,-0.00285772610627669,24.6220959331331,65324.312
4.20602148181946,-0.00430462457069125,24.6182166392682,65327.156
4.20606745671375,-0.00204978155537491,24.6170161187933,65330.031
4.20612805594774,-0.00166843254531175,24.607106368229,65332.921
4.20622799317084,-0.00567292015381503,24.6150499093295,65335.796
4.20611347989935,-0.00496912860839221,24.6203394511646,65338.687
4.20614337853335,-0.00172649134113598,24.6232593005101,65341.562
4.2059222897382,-0.00233871668312348,24.6374459632308,65344.437
4.20582767110079,-0.00373253230465339,24.644717297287,65347.327
4.20604911823101,-0.00148699450615063,24.646102391558,65350.234
4.20601718950659,-0.00434153646189507,24.6436477084377,65353.077
4.20607982831143,-0.00319799293796139,24.6478934023871,65355.937
4.20576855359884,-0.00600025663949318,24.6548760222207,65358.781
4.2058080973443,-0.00568283541034175,24.6533057033721,65361.671
4.20595355473165,-0.000836634619007606,24.641286866726,65364.546
4.2058103756616,-0.00521337870453175,24.6443437638389,65367.437
4.20580684734673,-0.0036170439542239,24.6480404180214,65370.312
4.2055777546458,-0.00159207656356295,24.6502265937432,65373.187
4.20576171520846,-0.00200776383682787,24.6460741546543,65376.077
4.20588413264371,-0.00438958523071508,24.6413196048111,65378.952
4.20586323802277,-0.00317304728863164,24.6474934127408,65381.859
4.20559511462566,-0.00275643763422538,24.6583614002629,65384.702
4.20584820058247,-0.00370416744230307,24.6604440964192,65387.562
4.20565600446961,-0.00509480840421858,24.6552786909979,65390.406
4.20555299685175,-0.00368420729515049,24.658404409888,65393.281
4.20582719130752,-0.00584222868425758,24.6544503308292,65396.171
4.20581314058739,-0.00433500784682832,24.6645634769359,65399.046
4.20558288995814,0.00198895581841015,24.6686516503954,65401.921
4.20550425820802,-0.00353261434029393,24.6758398647153,65404.796
4.20563743287965,-0.00256840453528574,24.6727911510543,65407.671
4.20536214715622,-0.0031149475326198,24.663891647451,65410.562
4.20569855289473,-0.00540051826476639,24.6612659741808,65413.452
4.2056064493449,-0.00603126609683271,24.673148671289,65416.359
4.20594238709851,-0.0060840961084446,24.6701935550606,65419.202
4.20564924556108,0.00146640214873875,24.6714555700617,65422.062
4.20547132737001,-0.00834862019227587,24.6852320025776,65424.906
4.20561202022986,-0.00373177091992023,24.6841229336127,65427.796
4.20561132680522,-0.00235954916522497,24.6885753005672,65430.671
4.20570671640339,-0.00790901030584109,24.6922973474617,65433.546
4.20529299443644,-0.00306404570874878,24.6979256330727,65436.421
4.20478847735989,-0.000833272899802979,24.6919595523262,65439.312
4.205285681918,0.00324559952436644,24.6988425784328,65442.14
4.20648651821937,0.00359862806458185,24.6898129441782,65444.968
4.20506718946926,-0.00318230811335394,24.7379231989717,65445.968
4.20507160265396,-0.00265723012489574,24.7439418083972,65455.296
3.99705149919619,-1.99296652285901,24.7571628252973,65465.483
3.97659432750154,-1.99045522551705,24.8318855312508,65474.905
3.96077707618061,-1.99048775855782,24.9135050742776,65484.28
3.94760015256042,-1.98986258321894,25.0147741247369,65493.655
3.93625184221969,-1.9905692550468,25.1156022421907,65503.014
3.92596033715279,-1.9889685351934,25.2059268203713,65512.327
3.91691991824873,-1.99128480319885,25.2941995415041,65521.718
3.90842557222408,-1.99020107953331,25.4123747348186,65531.077
3.90049494157917,-1.99090236672406,25.5389081231003,65540.499
3.89364392172473,-1.98950184841029,25.6337614810155,65549.827
3.88686352584885,-1.98956701977517,25.750020849652,65559.186
3.88060284320396,-1.99254732548862,25.8287815420171,65568.577
3.87475433688035,-1.98990756964653,25.9561217108916,65577.921
3.86906695255283,-1.9911662961173,26.0721951520656,65587.311
3.86381741668358,-1.98702229219431,26.1798393689187,65596.686
3.85889657295355,-1.98879734518423,26.2818557867842,65606.046
3.85394460588954,-1.99216216634568,26.3791010801405,65615.421
3.849007197643,-1.99215725153011,26.4892431583806,65624.811
3.84462099502744,-1.9895947001153,26.603638147638,65634.186
3.84051756041112,-1.99026966113805,26.7075980532754,65643.546
3.83608827690286,-1.99208596020952,26.8093177795085,65652.921
3.83230171792591,-1.99058780988126,26.897536391403,65662.264
3.8283061930395,-1.99100809667499,26.9838589086021,65671.655
3.82454315959436,-1.99143320320601,27.0869020387054,65681.014
3.82079470767943,-1.99008233968757,27.1885436883464,65690.327
3.81724916975742,-1.99023356755689,27.2970621660498,65699.733
3.81383459384305,-1.99187488613388,27.4124440002708,65709.061
3.81029705640633,-1.98907797599194,27.5153319810717,65718.468
3.80698064078679,-1.9912080474656,27.6096633432528,65727.858
3.80367172645427,-1.99065551486289,27.7079280098256,65737.218
3.80028452106678,-1.98904155242261,27.7604812055491,65746.577
3.79673477267327,-1.99231892654988,27.8575000514969,65755.936
3.7936516134094,-1.98784639026526,27.9748096522969,65765.296
3.79011175766527,-1.9902218503756,28.0852479667702,65774.702
3.78711416458296,-1.98963549078795,28.1766340335731,65784.046
3.7834569099818,-1.99080351110133,28.262047089429,65793.374
3.77997842187884,-1.98929740551212,28.3448047299979,65802.702
3.77669971677012,-1.98841829099663,28.3986254589621,65812.139
3.77285796236496,-1.99183835733081,28.5247715483894,65821.499
3.76943836541944,-1.98876795900634,28.6367483861311,65830.858
3.76565656619714,-1.98889533819157,28.7117521997387,65840.171
3.76162506752687,-1.99063597061807,28.8500419315116,65849.577
3.75797751624849,-1.99136507418349,28.9165277252139,65858.952
3.75414827366475,-1.99022464469001,29.033402978563,65868.358
3.7502366271689,-1.99043417671991,29.0989926298124,65877.702
3.74626152881856,-1.99108897205809,29.1764359534251,65887.014
3.74221433088349,-1.99118016404951,29.2660037110007,65896.374
3.73833211807489,-1.98952328344411,29.3537354653997,65905.702
3.73390952850681,-1.99202261922857,29.4037825387878,65915.061
3.7301386916088,-1.99291919132182,29.4743635292946,65924.389
3.72608599854682,-1.99102652642733,29.5520745654938,65933.718
3.72209828102357,-1.99163933540605,29.6203338684115,65943.061
3.71817399737828,-1.99271626034189,29.6650489758168,65952.483
3.71420556229969,-1.98759307939334,29.7455972356456,65961.874
3.71040175189198,-1.9926234081849,29.7977999894707,65971.249
3.70662291093861,-1.99023062663054,29.8305362982249,65980.561
3.70297914115724,-1.9890933768397,29.8470420723547,65989.936
3.69939997435855,-1.98989275627562,29.8889885202233,65999.343
3.69593754472412,-1.99062419114095,29.9458630290916,66008.702
3.6926599692906,-1.99124017921763,29.9502012612883,66018.03
3.68903278111737,-1.98999224563256,29.98778775897,66027.405
3.68607959668137,-1.98993383700594,30.0035487364951,66036.796
3.6827003720133,-1.98669341257386,30.0561341166724,66046.155
3.67935055628112,-1.99075925788596,30.0584990550456,66055.577
3.67631366519464,-1.9898804853532,30.0605727051937,66064.968
3.67284446246466,-1.99217386080396,30.081843374158,66074.358
3.66995572182952,-1.99037112810282,30.1149862225205,66083.78
3.66677837055504,-1.99072634546558,30.1042279268235,66093.171
3.66350304145752,-1.99125145170449,30.1156411645789,66102.514
3.66077758687696,-1.99023953638923,30.1391439220316,66111.843
3.65770061964231,-1.98976675011406,30.1569454376771,66121.202
3.6546839649851,-1.9911158375183,30.1542506072714,66130.593
3.65170253203557,-1.99192993544182,30.1717029012604,66140.046
3.64882737426584,-1.98948922251417,30.1900298156487,66149.389
3.64599017181404,-1.99055263504704,30.1947220457325,66158.749
3.6430151803199,-1.98800596855458,30.1986649910529,66168.108
3.64005839934734,-1.9896799674392,30.246972855267,66177.514
3.6372873575076,-1.99303618573628,30.1977824659815,66186.874
3.63427674146291,-1.99070920044994,30.2463022286772,66196.264
3.63148235325156,-1.99139077200544,30.2968206154305,66205.577
3.62880375896886,-1.99173236295332,30.3114170350682,66214.952
3.62584051220364,-1.98973534538732,30.3490524526484,66224.311
3.62305134394051,-1.99133258725535,30.3421355158892,66233.639
3.62035665186988,-1.99161293090218,30.3941553808858,66243.077
3.61739420381095,-1.99146452939065,30.4028929790883,66252.421
3.61471634015975,-1.99009555291413,30.4350082831871,66261.811
3.61187208279583,-1.99043575407799,30.4641222676584,66271.171
3.60916560191457,-1.98943603566047,30.4929416790456,66280.53
3.60642103955633,-1.99027779954256,30.5004427057886,66289.889
3.60401441503205,-1.9941117761578,30.5106453776492,66299.28
3.60095147717429,-1.99120340409349,30.5879031291284,66308.655
3.59856306649846,-1.9917601244252,30.6471122590754,66318.014
3.59587024779036,-2.00603752072988,30.6581174645441,66327.389
3.59310220968121,-1.98959398049842,30.7052343440868,66336.749
3.59048806279121,-1.98689392282653,30.7347396181093,66346.077
3.58776502840634,-1.99111557068319,30.7626190038145,66355.499
3.58525453231453,-1.99115308348073,30.7754389932941,66364.889
3.58274604676006,-1.98951886603609,30.8534108029041,66374.28
3.58007273248941,-1.99039950404008,30.8738144677483,66383.639
3.57766186559736,-1.9920795301663,30.9016063196663,66393.03
3.57505365709049,-1.98833318270138,30.9434568319276,66402.436
3.57256297669203,-1.99187245914218,31.0014676518636,66411.796
3.56994206171788,-1.98767821501009,31.0479213499929,66421.155
3.56783528833586,-1.99122849678627,31.0789178261891,66430.483
3.56510916564382,-1.9896770110282,31.1312037461355,66439.843
3.56265664680271,-1.9898234650604,31.1567326071875,66449.202
3.56010568887249,-1.99191677180878,31.2090793190023,66458.577
3.55792165560777,-1.99047462337948,31.2226185916081,66467.936
3.55549745965159,-1.98912482789311,31.2651999784513,66477.264
3.55311940834707,-1.9884836075087,31.242617310423,66486.624
3.5507751202644,-1.99111205132014,31.3281517564628,66495.983
3.54851977129703,-1.99044447973845,31.3569345239071,66505.311
3.54635446314464,-1.99114416029749,31.437559718415,66514.764
3.5438499544406,-1.99144550798859,31.4625845659497,66524.124
3.54160327652821,-1.99265552945343,31.5232181428748,66533.483
3.53934414828394,-1.99173705366362,31.561686844991,66542.843
3.53723037734861,-1.98838226549611,31.5966587164507,66552.218
3.53501062175029,-1.98893052968891,31.633189122526,66561.546
3.53287645074386,-1.98994286245008,31.6806188296261,66570.968
3.53088625711873,-1.98688891002654,31.7524341690342,66580.296
3.52860755654369,-1.99104165976539,31.7796463645989,66589.639
3.52659673487248,-1.98892898552993,31.8210597306137,66599.077
3.52426434628565,-1.99463225225316,31.8458747660739,66608.468
3.52231125050196,-1.9913714838086,31.8806255364941,66617.858
3.52037839406493,-1.98908090026793,31.9193592171335,66627.343
3.51791937665501,-1.98991623103018,31.982837874445,66636.686
3.51599233620049,-1.98796309564828,32.0414918266223,66646.108
3.51407570240525,-1.99287035328257,32.0434339141295,66655.468
3.51220057924828,-1.98778512980403,32.0455289584625,66664.827
3.50992857750308,-1.99029813051691,32.1228889246503,66674.171
3.50794077686751,-1.98963267468895,32.1614432661584,66683.593
3.50630245179055,-1.99068851354142,32.195450861489,66692.921
3.50433266398442,-1.98989349125376,32.1600470026196,66702.249
3.5023748032612,-1.99126749988878,32.2362252329457,66711.686
3.50057717594583,-1.99065905207613,32.3217480436688,66721.046
3.49852226897758,-1.98649632414186,32.326484067474,66730.421
3.49668542317468,-1.98938186504954,32.431089204741,66739.811
3.49505159422734,-1.98908353148913,32.4701880616627,66749.155
3.49317241059111,-1.98968184646871,32.4847117297029,66758.514
3.49116717771856,-1.99024222469859,32.5659474096615,66767.874
3.48965054273629,-1.99051480451982,32.5129988916801,66777.233
3.48781760658379,-1.98934625083907,32.5731801440983,66786.593
3.48616897018635,-1.99058629056986,32.627388242892,66795.983
3.4843555589304,-1.98875804635231,32.6514574507173,66805.343
3.48253481879843,-1.98824771126027,32.6492162315761,66814.733
3.48078435193165,-1.98990639249943,32.7466925497107,66824.077
3.47926589962552,-1.98948002638454,32.7780395381005,66833.436
3.47749323458699,-1.99124071173594,32.8186141122222,66842.827
3.47581274882667,-1.98918735155362,32.8667929176267,66852.233
3.47404953506387,-1.98855941155971,32.925931372293,66861.561
3.47249703610663,-1.98854529740433,32.9117162559892,66870.921
3.47077341916686,-1.98980755361793,32.9863897481923,66880.311
3.4691257370907,-1.989085384487,32.9571117348453,66889.686
3.46751698274878,-1.98878044497135,33.0389435128412,66899.046
3.46579869806213,-1.99068889292491,33.1002331585142,66908.421
3.4643903924477,-1.99383581286275,33.1015800022039,66917.749
3.46278017060724,-1.99025302386432,33.1618774119306,66927.139
3.46104526122041,-1.98886019970588,33.2427894639152,66936.468
3.45943959612301,-1.98869379567056,33.2715501566135,66945.764
3.45799208054055,-1.98843091197542,33.2603051078999,66955.077
3.4566174105731,-1.98817445888705,33.3009048282765,66964.421
3.45476489676185,-1.98819155019948,33.3648561416132,66973.78
3.45334986549416,-1.98981292167437,33.3964076566157,66983.155
3.45150173617259,-1.99091523758943,33.4578672907822,66992.514
3.44986601550267,-1.98974977466059,33.487620164304,67001.874
3.44854974921574,-1.9878461871117,33.5525008890434,67011.28
3.44698617643633,-1.99252263495759,33.5313840386485,67020.639
3.44544626330112,-1.98923603783083,33.5914020094861,67029.968
3.44376318582558,-1.99054237795439,33.6290838169376,67039.374
3.4422960405418,-1.9908288915069,33.7213004964159,67048.749
3.44063656553385,-1.99262272403487,33.7855412387184,67058.124
3.43914042706658,-1.99050830758066,33.7832211604136,67067.452
3.43745679344832,-1.99026179358524,33.8004753812198,67076.843
3.43584660857321,-1.98898388974356,33.8617231412249,67086.202
3.43445010816251,-1.98990578736982,33.8951627121674,67095.546
3.43288925791389,-1.98862042701749,33.8862593043965,67104.889
3.43116629634654,-1.98835204416613,33.9181918444534,67114.327
3.42939349169776,-1.98805872085242,33.9220803782058,67123.702
3.42793735249873,-1.99032189899747,34.0722117200266,67133.093
3.42644262395305,-1.99050209124225,34.0832106345494,67142.452
3.42486999500225,-1.98907812242701,34.1392710360952,67151.764
3.42333003638487,-1.99092378247389,34.1506892588017,67161.171
3.42151470919273,-1.98988244380447,34.1454178757941,67170.561
3.4201479076845,-1.98822417197523,34.2205174371577,67179.921
3.41846581315255,-1.98865544103296,34.2806224481707,67189.28
3.41681837902924,-1.99161671486914,34.2632940698897,67198.671
3.41542626410925,-1.98895459446029,34.3431697878814,67208.03
3.41365778040815,-1.99038953891649,34.3793264953735,67217.389
3.41211891732451,-1.98927154497167,34.4507110413567,67226.733
3.41012550025175,-1.99210879715701,34.4778164157712,67236.093
3.40862307862094,-1.98943340649196,34.4893542718935,67245.483
3.4070636192375,-1.98940648295802,34.5000552413849,67254.874
3.40550707307752,-1.98966519794542,34.5773355031648,67264.233
3.40376144750816,-1.9906031424726,34.6250023672176,67273.593
3.40202522394783,-1.99066764061435,34.6197946520332,67282.952
3.4004184799384,-1.99046607412652,34.6248304484794,67292.311
3.39852009774902,-1.99126096744756,34.7584815307117,67301.702
3.39705725114465,-1.98872010909583,34.7692537655363,67311.061
3.39538085379338,-1.98992919267997,34.8484748305102,67320.405
3.3933845575447,-1.98987312754623,34.8304219906418,67329.718
3.39171003632438,-1.98819584974872,34.932817751518,67339.046
3.38980867252084,-1.99053287859124,34.8997577803613,67348.436
3.38818070101243,-1.98912233382293,34.9882079512266,67357.796
3.38622644123065,-1.98872689764813,35.0375397012251,67367.186
3.38432159836694,-1.98963495373343,35.0733464882978,67376.577
3.38238265102712,-1.98951625596272,35.1269632876472,67385.999
3.38045860727837,-1.98863588366917,35.1841417668646,67395.374
3.37871240287664,-1.98894801117964,35.2207268171381,67404.764
3.37664220924357,-1.98889208748467,35.2467024448593,67414.139
3.37480240128235,-1.99046714378871,35.3018598025335,67423.499
3.37258814145624,-1.98953613540133,35.3445495775059,67432.827
3.37061930529273,-1.98906524020905,35.3758271678313,67442.218
3.36859254352848,-1.98988401683399,35.4023425249373,67451.593
3.36660359897001,-1.98842148976586,35.4775035598942,67460.952
3.36436217793115,-1.99104204345923,35.5368204062393,67470.311
3.36207038634857,-1.99039492906997,35.5130277492541,67479.655
3.36007393859736,-1.99077562057912,35.5774376676739,67489.03
3.35772036550084,-1.99050556447758,35.6035481624211,67498.421
3.35547631555051,-1.98875293415899,35.6314055641067,67507.811
3.35307423310931,-1.98895732135726,35.7231196305762,67517.171
3.35067611049274,-1.98776474643901,35.7807939989316,67526.499
3.34834480689222,-1.98965730506522,35.8113093812278,67535.858
3.34584941072741,-1.98820395459881,35.8234868949589,67545.171
3.34323522780864,-1.99006845689185,35.9645932502634,67554.499
3.34062057543985,-1.98897288762609,35.9955301306739,67563.858
3.33796815130184,-1.99170779234236,35.9788727332592,67573.186
3.33512845387964,-1.98962921154333,36.0347060185528,67582.561
3.3322477481385,-1.98676048311057,36.1028079001526,67591.889
3.32933764566138,-1.99101962570949,36.1380867712205,67601.264
3.3262471374729,-1.99022317459799,36.2216311381854,67610.655
3.32308051766716,-1.98938219582827,36.2492181789267,67620.249
3.31978706432099,-1.98861520721498,36.3256337358391,67629.733
3.31625141735697,-1.9908918717575,36.3414378357489,67639.311
3.31280642544453,-1.98828071109258,36.4223930098064,67648.858
3.30908845362812,-1.98984108733374,36.3690601804897,67658.358
3.30493029037119,-1.99096412761524,36.4774702489589,67667.827
3.30095797200855,-1.98902017288774,36.5633704334189,67677.358
3.29678113304798,-1.98753901045781,36.5672408153788,67686.889
3.292548602818,-1.98855248429247,36.6013873891405,67696.452
3.28790867902162,-1.99062218926822,36.7171617722127,67705.952
3.28286159305425,-1.99018095621528,36.7409462940199,67715.514
3.27769446653649,-1.98512848599628,36.8050641079065,67725.108
3.27198678908454,-1.98864071266455,36.8237342053623,67734.655
3.26621025900769,-1.99033920015642,36.901633076026,67744.186
3.26005194174988,-1.98947069566356,37.0136728709068,67753.749
3.25382447737216,-1.98875886374165,37.0205235791589,67763.296
3.24701739255574,-1.99201467019365,37.1278211595126,67772.827
3.24001402767094,-1.99148553892301,37.1172236300015,67782.358
3.23265041869425,-1.98881555599518,37.1928968331695,67791.843
3.22474799750398,-1.98968991127262,37.2504565864996,67801.374
3.21631556500613,-1.98994343254598,37.3227577709908,67810.843
3.20755748521067,-1.98703017409877,37.3849764893762,67820.436
3.19836155691389,-1.98677765934376,37.3834587957566,67829.921
3.18822140935525,-1.99083822901772,37.4539268396817,67839.546
3.17781364387552,-1.99153327700912,37.4752192392486,67849.218
3.16681974781747,-1.98909152401683,37.5742592498004,67858.827
3.15505063135916,-1.98748309668229,37.7015105871438,67868.499
3.14289481738337,-1.99065890333047,37.7113775689815,67878.108
3.1296362599227,-1.98910821239359,37.8334791608146,67887.827
3.11591487876238,-1.98783141136253,37.9465536853447,67897.436
3.10115505549181,-1.98733344444517,38.0045051773065,67907.108
3.08567006640823,-1.98609702161726,38.0959704588809,67916.764
3.0692723095879,-1.98888649188481,38.2096153254362,67926.389
3.05186032070914,-1.98883271188983,38.2400414128889,67935.983
3.03312324039686,-1.99168437798862,38.3572641602703,67945.686
3.0134467866682,-1.98791382629704,38.4406241709187,67955.28
2.99220282617186,-1.98954805189443,38.5385907044638,67964.983
2.96999797308363,-1.99365463817346,38.6187839446563,67974.561
2.946668761847,-1.98896568593659,38.7213819154961,67984.233
2.92154778076077,-1.98746198097882,38.8395174917571,67993.858
2.89515001698941,-1.98966936318526,38.883463334745,68003.53
2.86704280560902,-1.9896797107782,39.0073034401542,68013.155
2.83493892539085,-1.98604954427512,39.2212690106396,68022.811
2.79749324645248,-1.99003032578948,39.2950617270332,68032.452
2.75180748578302,-1.98831476604191,39.4554316421412,68042.124
2.69491223520158,-1.98826745024138,39.59590343078,68051.733
2.62083607938019,-1.9872944512117,39.7303223406091,68061.405
2.52058214446958,-1.98787385821203,39.9135739245678,68071.014
2.37620613147575,-1.98640343845653,40.0565631731578,68080.686
2.17321199349333,-1.98865005828204,40.2975963306628,68090.296
2.81900168750089,0.00168336163412133,40.4685888712606,68100.077
2.93253462827292,-0.00293502437237312,40.5739010060822,68109.936
3.0055461189997,-0.00265601264590629,40.5132115285965,68119.718
3.06424126316119,0.000512266044489371,40.4016932030727,68129.514
3.11383501412602,-0.000725155627786446,40.252978712919,68139.28
3.15573593051244,0.000127021797084459,40.1609488473868,68149.03
3.19109306919355,-0.000544790390287198,40.0228347682206,68158.796
3.22092442720045,-0.00486074561114131,39.7838112237824,68168.561
3.24609569027997,-0.00180138098564886,39.6921226941088,68178.327
3.26843804483602,-0.000742834502558355,39.5130923927798,68188.061
3.28811073935601,-0.00099667252487275,39.2872960510512,68197.811
3.30601898910529,-0.000737627309211564,39.1616247540213,68207.655
3.3223464336693,-0.00338119439180545,38.9551221202921,68217.468
3.33667671385657,-0.00246390506268171,38.7440121584114,68227.28
3.34995199868058,-0.00535840028644025,38.4623989464021,68237.03
3.36210403828023,-0.00390594784271885,38.2468049756448,68246.796
3.37335739970492,-0.00276277083525084,37.9705036311641,68256.608
3.3838566488696,-0.000984538239035038,37.8516024462607,68266.358
0.762597369595089,-0.00268660456358335,23.0848455881443,68267.358
0.00293170987688315,-0.00277593485261317,23.0874213264843,68269.905
4.98682076856491,-0.00309053197973947,23.0892210918433,68272.858
4.98717995654467,-0.00108411307895064,23.0850370463412,68275.67
4.20783806021567,-0.00187090755833601,23.0930825993812,68280.014
